71839
379082
26083
76583
59418
50593
80913
322413
65552
351549
51307
93024
67032
77036
55434
336097
185167
26215
120655
185164
185166
507786
280246
285633
119116
178741
176700
255628
721
177523
722
185972
523363
80980
279648
105540
156134
279647
279646
279645
523362
737
523361
260682
270260
211541
52621
298623
168703
374843
170218
324876
324878
324880
298625
344837
182428
339126
344131
344132
344133
298626
296016
42964
152930
270259
152931
240228
152932
152933
240229
179188
152935
349272
108938
111252
112203
211065
334247
211313
106042
101270
312575
184518
282043
214929
221465
147978
184488
112436
139328
368000
139329
184524
220727
280724
156521
184517
333793
112442
112444
173876
173881
148633
173889
364778
148672
214927
202885
112430
378145
378146
378147
333091
184525
241693
378156
337141
112439
184519
112443
375089
89875
95918
26468
186131
186134
517979
517341
337684
221474
221494
831
840
186210
186211
186219
292273
353623
349964
312577
349969
112402
165502
350035
194710
217953
165496
349980
112404
521559
165500
858
196810
333795
253448
282512
334256
521083
78771
334226
521169
334249
333796
226282
517750
218227
521171
522791
334255
521326
186242
877
186284
520210
156182
315296
174270
259188
106044
200398
132153
142631
200395
304718
238930
307774
142632
156196
186569
106045
106046
186571
186572
143018
237172
106047
186574
186576
142633
186578
105497
280976
178819
175314
1104
188276
344766
191524
190714
291463
292252
121188
1313
97932
65620
233129
199173
215499
215394
193659
199176
215451
215486
190175
380437
119443
106051
233228
233230
233507
233162
233178
119435
215308
215311
215312
233137
106052
176778
140380
325179
234893
389167
234891
119498
246796
172570
139302
199444
165507
156042
226748
52447
109542
26895
68576
522279
524919
525088
1575
79002
284003
114041
284001
20903
191382
526674
523088
105555
277906
105559
70045
68713
156883
134180
134179
55729
103867
106060
127412
146647
306453
271941
43477
351282
237490
27734
296992
296996
279711
248691
347654
239115
250148
331044
48754
307183
292698
347912
257075
348088
296970
302972
325490
513784
513783
348067
253805
292421
176780
177888
347903
164608
348074
203596
203584
84584
75912
234423
261229
325535
325968
132707
107279
353488
234900
524962
235494
353443
107280
246739
107289
353444
107281
234899
173270
206888
48143
139288
353445
107282
246746
278378
353446
215525
246740
246734
199201
353507
353505
107283
353485
353508
173254
246743
246744
107286
173154
246737
235495
173278
173256
353450
107288
165061
304019
318422
318423
27854
318425
165063
162815
139362
368796
526442
525811
526599
302867
353962
120895
363872
528759
361804
361805
525578
525464
525553
298832
204032
525046
204413
57302
302176
311031
195919
360304
303724
216092
168876
82637
153697
29468
116447
106063
521773
304021
517369
157228
204846
204849
204850
277684
365945
338818
280714
369969
280725
362085
157186
204853
184326
184327
149640
252648
149657
184325
139382
139381
284344
281858
349892
163552
206889
349894
134666
517450
536988
504028
135076
135092
135059
349901
112390
357746
241841
233039
122060
246926
184541
107456
346331
184533
346336
246929
122188
234898
346339
122189
199777
119488
184538
122069
246931
156545
346342
279943
184536
233040
367395
346345
292866
241676
184547
346346
172377
293284
353463
293269
353470
293279
529291
279579
107311
176830
353475
133333
107315
133404
521743
246018
107320
139296
529300
293283
353511
293280
293289
293290
353512
522181
119152
119154
293273
139297
107329
353516
139298
350490
241812
349853
246749
349863
156345
521608
156346
349856
349855
517345
349848
241814
241594
246759
245445
521918
251818
112393
381568
251820
124565
119155
207346
217885
217909
119135
372727
119158
269246
337366
199437
207339
337396
233030
337996
337384
119138
337997
217900
119140
217899
347164
106080
139301
2392
106081
112514
537002
360192
521734
204856
157217
204857
309061
303551
316083
303562
303557
303564
370088
370086
370105
370102
207958
122199
221572
221573
139387
370050
388128
112513
122198
106083
201459
280713
2424
50646
104013
265695
24950
157291
361108
353413
347335
353414
353412
237825
299909
143903
279712
360305
360306
360308
250464
378552
239355
249757
143904
219409
370885
361109
361107
351284
347334
351285
351286
157318
157319
328038
168217
328037
352907
206166
247182
247181
217040
206160
217041
247191
247186
153592
205115
202703
217043
238351
371881
247208
247200
247201
247187
247203
247206
217048
247205
247204
247202
247198
247209
217050
368799
366016
206158
247185
176611
337331
247213
217053
259254
247210
217054
217055
217059
217061
206165
238352
177526
247212
536941
247197
247207
247199
217064
247196
304032
247195
247214
382658
247215
247194
88722
247193
206167
237420
279267
318516
327345
330507
327343
362334
317783
353304
308663
353303
337952
520014
243511
310421
229738
220979
310444
298996
319764
372706
311518
302488
379317
291493
362344
371108
362348
371105
371107
371106
346089
362338
351241
197920
197918
302939
236362
197940
302941
199680
526085
525691
386136
386137
362314
526409
242712
362302
362300
526331
362329
362327
281327
281326
362328
526374
362058
362062
325067
253808
297225
325066
338678
362333
362301
362298
362475
362473
525614
525566
241573
310420
226814
227194
362318
362317
362319
362265
362268
315670
325073
362264
352911
334463
352913
306844
525917
334465
242728
362311
362312
362313
525531
362296
362295
362294
362293
286006
362273
351288
353705
344629
236375
302940
197915
197943
310141
197919
302942
298640
362257
362343
361857
362346
362342
362347
310443
362262
362261
363356
362341
362340
362337
202027
202025
520394
524793
199681
211942
524792
524808
525139
525265
367815
156433
526675
206616
248450
206619
133111
344138
55173
80135
44937
206519
206520
157369
90822
105534
259166
517190
378119
343227
71018
287907
236719
329575
319071
345569
278248
270426
347316
325164
329595
534038
251801
522830
251803
345570
236718
346581
287914
371583
306727
302125
346582
251806
522813
346583
329584
346584
522817
329591
522805
329585
251809
522818
329228
329608
517159
329609
378969
329599
251804
354045
354046
273493
297297
354058
354059
309231
218349
518121
354103
251808
246868
106088
246853
241699
241702
241703
106090
241704
241705
246863
361040
241706
106092
210490
241707
246859
246864
241710
275170
241701
207112
329598
329592
207116
219165
157404
157405
383264
210495
210489
207136
207137
522006
517173
518089
346586
346587
251815
371986
217771
346591
251814
307212
306745
217770
157406
207141
119108
121158
52915
3055
300994
28782
20782
176857
295470
290938
290928
290933
290935
290930
290931
290936
290934
295280
295073
295074
295072
295276
295277
290939
349565
342006
298137
295273
295079
295078
295070
295062
295066
295068
295063
295064
295069
295067
295075
295076
295071
299492
344159
106096
370796
238381
371879
348385
208968
209062
209068
157515
174782
209074
209106
209104
142250
109388
210112
105499
210411
210412
3722
157604
163712
181608
285698
157618
140062
178973
143418
285482
122757
363373
376201
217806
229721
217788
217789
208651
172430
143697
178969
252359
299709
142134
143691
143195
143323
143196
143818
126283
178976
176742
176737
135154
123903
143268
305311
156112
359207
285495
313340
337202
178986
143271
160820
233401
199007
374699
160815
147376
124022
123623
178962
313336
176734
176735
147312
123260
135199
371082
157332
157338
220560
135135
299017
214407
147371
155804
155404
221547
122786
122616
257221
175566
122619
122719
150906
122514
229725
122872
229729
211486
157692
295461
119347
194680
194684
212550
138136
138134
360994
247699
360311
73965
250370
518907
519891
213334
44177
71766
380630
90825
89639
94635
138200
282208
70009
238359
25953
153666
139227
280957
60836
82456
281486
105511
214514
214515
82742
214516
60968
280981
269782
240058
376990
376991
376989
376992
264550
239160
212131
141809
142726
351242
353834
353833
353832
385781
133329
353863
353821
353822
353823
353824
353842
353843
353838
353839
362480
353852
133327
163396
323048
353848
294465
353865
353853
353855
353856
355787
355786
353831
353849
355789
142734
142733
529104
353840
237456
142725
353860
282033
365286
353858
142746
351169
329917
353861
354173
132450
350254
287471
133323
235171
353857
355788
343431
174979
30720
353864
142763
141807
163393
141806
353836
122437
353828
142773
525723
353948
353829
311509
354177
142779
163402
158205
105565
293239
293236
199931
518185
112426
297286
158213
105568
378140
173930
119336
139319
173948
173947
293191
388146
301559
387334
516567
517782
307216
378137
378142
378136
119342
293192
361002
500531
302126
378134
521605
293194
500543
173936
173946
378984
388253
194078
388254
158218
199782
199801
199915
237223
279953
199873
327174
199875
310560
199876
380389
199854
199910
364573
246060
310559
199886
199887
199895
139350
199868
139378
246049
286298
364548
246050
203333
199853
199862
199918
106106
304068
265848
320734
199837
349227
124421
133280
337867
311806
258689
203334
233043
311754
370632
199730
251828
506748
364570
199819
112370
112371
133284
199812
265849
251824
199811
139317
311758
337904
139318
318439
310557
199860
297119
199839
139349
337894
133285
346141
199733
199773
199774
387294
337878
311807
307217
337912
251825
337880
301818
199823
330675
265855
337890
347163
199834
252187
199883
520203
517177
251835
199903
112373
267553
310558
388706
124424
265853
265851
364549
133288
311794
337893
246034
105584
72392
158243
121513
158240
119184
119194
103211
180350
170165
173181
328264
344411
353393
42417
293216
165835
282380
282382
306459
300464
327387
234457
173211
317641
302856
320649
320672
57110
173251
286395
271073
249104
376631
372394
197449
177686
198347
338038
385613
383286
216939
351579
58097
327685
62200
238015
290580
230672
121477
180927
248700
372410
372406
345425
167347
192096
146132
350950
352660
352662
352671
352674
327273
184671
307078
331220
353523
298716
59748
48350
249103
94897
134654
213089
372420
514203
77084
239039
109314
350873
337651
271087
306767
248790
229267
504876
352978
143510
170170
308032
65181
72627
173443
310326
248734
243512
248735
360370
331211
309299
250816
306535
344410
58707
365009
349584
349575
366101
372439
78663
375279
360360
523911
183092
143260
50875
85704
290581
345427
173520
248738
269361
136691
178229
293217
241159
338043
67744
255376
234128
306441
173581
170174
368345
253430
372453
307639
333804
234213
197486
275878
213116
353659
104188
207790
325092
173632
79193
173646
317643
342453
317644
342447
52228
80212
345432
241929
233085
173665
43496
43497
309407
94984
241485
190681
297245
170175
253431
372466
56240
44906
263317
96897
325093
184661
315726
248757
116445
369039
352979
273375
47748
114204
62628
104132
209192
274820
345575
173792
271354
209193
127396
372494
76337
241928
353787
70521
197497
173834
158048
84042
43686
352782
208248
338053
68772
226987
309435
152615
368348
317092
317093
208249
173994
233734
197504
289126
99455
369047
338059
360890
370876
344175
99606
231305
56242
170180
379027
307080
65564
281785
309492
113833
360899
327261
177502
282401
372411
372407
167348
317702
177894
374214
255615
317712
370119
367712
374212
101753
352682
335803
308905
342459
306600
335124
176784
310327
365008
350617
350618
365002
504401
503787
258279
239696
254479
320650
320673
94183
367710
344174
61336
181404
20718
524193
128885
130555
42495
5355
142927
303162
303164
246937
342102
307220
119325
107428
534869
343709
343703
199438
307222
342106
246943
241838
343705
139299
328308
199442
142929
303168
142930
107442
198020
303174
107446
246951
219223
296470
343715
219151
246952
342105
246954
370630
307223
246724
241840
245986
370628
163929
158355
177563
101304
25789
325172
59104
74520
140524
5399
311053
194176
115985
31239
105276
85047
105280
111293
97096
73993
59408
102025
44655
243818
368676
352710
367721
367722
317645
202008
338949
380422
380424
326825
276168
230598
230600
214393
175111
229778
298599
298600
335305
360314
310472
193296
230599
327162
529203
230601
511934
196425
248972
511937
169362
202629
249818
249797
359108
359109
310845
500209
31753
5758
228300
376603
111393
117081
536850
537075
537064
536876
536870
536922
537014
536908
537012
105507
5889
347718
61139
25370
264307
6342
121217
89957
158639
158655
73475
23105
360480
240038
337625
334717
335807
363866
360772
111052
237434
244098
351299
217905
288841
169158
332704
522608
187703
217472
207329
207321
207326
217486
217484
264308
137431
207328
217544
308653
217489
358817
137432
173046
207784
201476
308923
311058
217478
103185
158765
48585
158770
57197
61927
523195
320008
245119
523159
81109
158799
361935
199743
378128
241685
378130
246768
320207
304271
367741
367742
367743
320209
320210
351300
285801
54426
115674
114275
303181
7431
207641
125006
523203
63025
235102
71504
121177
263313
234124
105478
158926
158928
294467
7700
238316
288861
23110
125485
7875
96913
114258
27631
51285
344342
353886
504945
354584
158994
218098
142818
121180
246291
200062
139825
121944
386820
387964
159145
529135
503554
502735
529223
502809
501580
105515
346297
529254
346194
346192
249756
529253
346197
277035
165512
523298
165520
346299
238099
529106
529029
357477
346304
346201
165511
529034
529109
528971
528992
237682
197739
346309
294430
529056
173112
338913
346263
528988
529041
529068
529003
528999
346220
528937
346882
346325
346264
346292
528977
346290
529077
371573
347376
346213
346277
346281
346282
346268
338239
168546
528976
165527
141812
346326
118725
528978
528996
139234
214849
304299
529146
529093
529142
529124
529217
529175
529164
529085
529204
529040
529170
371185
529199
529166
529230
346307
173129
173107
69164
327896
286096
334678
116608
85851
344833
277899
277900
159259
65383
44830
525839
318564
318562
67753
301614
301613
301617
159351
500426
343786
339287
339071
43771
261464
237999
339103
149101
308024
285755
336665
242269
9153
118860
261526
110933
95402
372136
176787
285660
215761
106149
9185
367422
319825
290849
294978
504951
299217
297740
298417
504948
306263
291804
239055
292811
169853
103542
291803
114278
515222
215375
378504
109285
264240
250266
523468
159461
106150
517170
184468
184475
305352
119355
143345
119356
264482
125895
119357
112409
142968
171652
208404
363310
119360
297270
297273
119362
313432
172527
264478
142971
112416
142972
112417
297272
119367
363325
319168
517368
208400
184471
309700
119371
208408
353391
350042
142973
363314
297274
297275
297276
119374
147875
142975
363330
184466
309312
184467
208409
319166
139326
149749
172532
143346
521488
349041
521561
159494
532471
159495
258236
321536
298933
341739
341740
224052
95493
507744
257610
352985
507887
257600
259151
217177
251698
290774
199191
507746
507757
189331
507747
507765
507748
507768
103537
208008
119305
176041
523295
507888
507766
293741
333182
329043
133196
507749
236746
199192
507759
233254
208222
178135
290773
248963
507770
507750
328833
279880
175709
322346
339189
507751
237846
165030
507771
279884
291406
194298
257611
166279
507758
322343
104805
178575
329404
339240
329406
339242
329405
339241
210022
204121
507760
507761
507752
166288
507753
507767
507762
507754
505457
329410
367424
507755
45868
376678
174732
507756
210023
166282
166280
210027
133357
507763
174734
221379
241835
199190
221382
137344
178158
517110
215433
339191
176029
178162
221385
217197
208221
237669
329375
165456
341449
316153
335181
119291
9861
113962
81095
324103
523856
346151
346152
523857
507792
346150
249750
329134
10091
178087
344081
153776
336017
283434
75859
310926
280949
252018
280587
274703
336018
114782
379110
235508
235509
10383
191740
250480
156937
176048
345806
176128
142728
310833
290639
269421
351331
286014
319578
310810
319642
351330
310913
310809
306863
311039
272148
285663
137386
176790
176791
159635
10550
143417
200040
200041
522423
105572
102972
280588
103489
159637
105481
121315
265866
246839
218054
163183
218055
218056
122203
265863
221568
112502
246829
112503
291501
122204
265864
163167
122209
221555
218058
163170
163169
133273
112505
122205
265860
293343
265861
112507
265856
139385
163171
133278
221567
112508
246834
246836
139386
246838
199928
199927
219179
112510
122213
291094
252600
148582
148585
43377
77703
136891
140124
159787
327991
327992
343231
25310
279600
235689
119886
11145
64380
159867
156418
11264
158000
85994
87569
106188
213880
178481
245308
341692
52052
61328
56048
224308
45311
81551
49079
101800
54718
286200
224373
287394
212229
363873
388647
360396
310768
515098
515099
516691
236868
505369
301080
301081
337973
386927
349936
386928
189963
189964
276572
256961
505373
505372
505365
505366
505368
505374
363876
505371
308120
284088
284087
284961
284090
363874
514433
505367
237850
365324
296755
383168
360318
236866
388418
361938
388669
179206
299947
179208
323956
272149
299948
253761
388628
269956
388657
515095
388655
310767
388642
376144
199677
365325
361937
388646
388668
334470
336817
367595
367596
385315
175831
52667
68006
187710
184689
353013
342675
525756
41818
181778
136481
75069
202604
250133
280845
207780
202878
190181
106195
106194
139239
138145
287476
280968
379067
205117
165529
165528
240048
350965
212138
136295
11676
320009
228585
315702
308678
510434
308679
251699
515276
515277
515278
195476
319601
191855
331043
146896
221137
290956
229935
146774
270667
163321
319600
371811
298638
271319
169433
510600
239273
306563
306564
317688
200866
121945
134514
347518
522631
156644
519032
520104
380388
65666
63210
237823
296478
49065
344261
160228
296476
296477
124067
385786
371880
344263
217461
58799
270132
334834
529256
282482
320065
294448
217532
217542
136483
202757
165167
218231
334835
217533
126201
24473
293182
173852
139331
173861
222128
173847
362434
298135
379034
112449
362461
173857
120949
73968
206885
247382
240712
207819
105473
118211
319102
324565
310725
310735
308675
525128
373674
156960
197508
181611
199464
199466
380212
163952
166804
360329
347833
525646
526037
526052
386455
331298
370126
234185
234184
315677
269216
269215
371987
275699
275702
288561
197927
303602
372704
198507
529349
156965
290640
121283
283473
339672
353095
500542
386452
175717
191197
353094
354862
353091
338912
356081
166805
372630
234562
361825
169527
121286
131546
147180
206708
231177
310208
256535
171574
171575
339515
297542
141087
231176
121268
339517
356086
353427
275695
300866
290861
297541
302933
121274
370120
526048
277857
276583
241582
234560
525945
525863
353803
525762
526471
195551
370112
370114
525804
361932
354145
525753
338911
335753
306871
199601
525659
525962
525402
354154
334478
166779
166792
197507
197509
197511
197512
525663
525647
351346
525864
360326
367823
361847
317325
367818
351249
351250
335749
370176
368064
249938
361940
367829
367827
351260
367828
367830
521607
383143
505498
371988
505499
294481
368815
294488
179218
195542
131545
361800
371683
529348
349988
505501
367824
310724
310734
169991
372629
371239
521382
361873
500647
263547
201270
199605
276581
526472
525129
238085
121281
121269
525623
367821
367826
208669
371594
281528
253622
238164
208670
168864
352922
121272
310218
253623
255431
361501
310198
302934
168865
121275
121287
141086
310211
367809
120078
168866
360330
310200
303601
525792
386454
363815
311965
367808
121284
344641
361802
354142
264549
253057
351348
281254
198508
168868
524789
525413
120062
265700
273101
265703
277357
265698
120064
339665
355373
371051
526650
526637
526617
371050
525142
525226
354861
303710
292019
292023
308672
522771
522668
355040
522512
314261
341308
378867
378863
522477
522536
522499
522397
386146
386130
520037
355437
520863
522497
522451
522681
522370
522502
522421
522667
522596
522689
522658
522376
168538
522719
106215
112477
248675
143433
328298
143398
199790
112478
256664
337129
337131
253403
292718
142617
112480
295018
143426
143404
143429
143395
295019
143406
112646
337134
143379
105457
521145
112360
229601
112378
287310
199447
199448
246016
252065
148645
172392
523427
112380
357804
378605
112364
378606
307229
119128
372351
281451
304950
112365
253409
281449
173919
112367
173908
281450
139284
246318
173902
347261
112383
290105
148085
173915
119131
521688
526623
184217
254807
210836
202505
124162
256830
248772
329031
73715
308230
106216
165728
133362
235554
215900
378980
199797
163112
307228
112452
346810
148409
122305
361751
122306
347230
367793
133368
293256
361756
133371
191771
346812
133373
148405
163116
149925
215891
112459
328575
183875
348742
105456
133360
378997
264567
13217
264568
258685
42126
13220
258684
141902
119102
89642
116467
245054
76183
335728
60169
337183
387198
387208
387209
159589
306895
105475
333819
293661
94423
336548
109634
14355
295629
105558
281127
139353
281123
337246
345900
199786
112469
160833
337288
281126
281125
194721
281128
145061
387166
253217
67257
106235
63006
253157
131299
114213
181956
84285
71850
45667
285229
161055
161060
161061
276368
528883
238652
281087
310654
281248
523133
63081
114401
152132
103772
193807
310653
75364
280972
142602
184613
384907
280971
368088
84963
156451
132273
299729
137436
380381
68415
69612
526242
526237
526159
217446
105523
77435
244104
157229
119101
524922
234351
105479
293619
307232
337813
293685
529080
293689
505699
293694
338594
293697
374283
338561
529088
366055
325191
307234
366070
320836
523288
344753
338562
293706
348874
504768
529087
293710
366073
354853
334449
375119
293725
338567
375116
500648
293727
325195
304410
293863
319038
293871
293872
387279
293873
344765
293874
293876
293878
293879
529160
293883
293887
347225
387281
356401
293891
337984
386622
529156
375115
293897
529238
318420
318419
293907
293906
307238
294120
389149
327922
319033
378656
293919
375117
294125
338575
293925
293927
293932
338578
294130
346597
293949
366082
304424
366084
342452
374284
342313
333090
371586
293957
325203
304425
366087
371129
293972
529191
338582
375118
304420
293978
293979
293981
338583
307068
366058
366094
293984
293985
293989
293991
338585
338250
293998
294002
294003
294004
294005
521088
379007
294011
325207
294013
294014
294015
528929
338560
521853
105486
302084
199199
119121
370552
387340
112358
370562
119122
216536
218222
370569
302124
65293
66889
106242
517352
517370
148631
384055
165337
298671
133347
139335
343452
301266
133348
149189
333783
199781
165338
133344
149812
149814
278381
307248
307249
318500
149202
309096
133351
148735
149825
149827
287322
309097
148617
112464
292608
229377
133352
199924
148731
304422
112466
292610
139340
133345
139344
149190
505701
198017
149186
199780
149854
220712
139346
229642
148558
149864
133346
230999
337023
105532
329081
161315
102196
246183
105498
281230
327828
264527
184206
349257
184207
163145
163144
264536
281233
264539
163142
264540
119418
161342
119111
300419
280043
139256
371769
106253
106262
371760
151629
105531
371783
371784
369649
361918
371806
139255
371723
371725
371816
252020
354166
351362
280014
279995
279994
351173
233316
232327
76282
522876
77152
301508
275176
370540
520185
518814
325502
254294
253609
254291
156813
85083
142254
161634
309213
161643
309214
74336
142255
277392
277889
45516
247384
106275
85362
384065
247150
111104
126205
49878
234557
64998
315852
113589
105649
69964
43959
375325
517924
324898
176450
522076
74292
297013
375326
375666
535777
521772
216324
147685
282486
62287
62288
521249
369907
333605
147725
357487
49025
524701
60075
291956
212053
238355
533464
244824
73084
239097
533389
189337
217494
344571
535640
521828
521507
531261
376645
51125
73380
511846
511839
193110
521692
533275
216329
207066
536562
110866
247852
533346
71255
383528
233314
85057
281372
307797
351174
536799
67055
71734
369084
306519
207076
240508
192018
525996
524702
258073
517927
322511
343132
525732
333624
524703
524455
521787
521360
47361
349404
239099
241915
155502
258079
533402
233948
521279
333626
50769
333820
72379
155503
521179
157151
343143
255408
521627
525971
374961
517928
517929
525763
322430
517930
517931
253242
48224
521834
534140
524464
86347
84892
154791
372646
517133
322432
517932
241916
55271
314456
239102
157118
317135
533449
517933
333635
277588
535793
73381
155524
271716
217452
216328
359915
536311
500228
155525
54291
502185
67057
93729
524704
59690
86601
536800
536066
335631
221882
119319
521322
154265
292846
525739
322525
524549
151525
98794
258101
521531
207124
519083
277820
343134
333654
376904
375334
524705
193703
521386
50344
66781
524706
535977
525743
521632
334909
535727
343137
517935
343740
358264
225764
525871
119321
322533
525807
525700
52350
306522
308023
517936
381497
280529
536000
517937
271725
517938
243068
511825
501161
289546
46926
155509
535804
500948
517939
533764
524708
69766
280531
533290
368752
147729
258131
157149
521146
80133
533739
358266
363354
62092
258133
521509
533451
521774
535634
343152
524709
517941
353383
536305
321670
66184
322549
207133
75122
333687
67611
535805
371044
296895
517942
535503
521425
524710
535715
517943
226630
536345
194310
287405
517944
241923
536243
280533
524546
345439
270630
521701
85621
511745
521324
360347
534650
502342
182921
322575
212143
535747
258174
384071
64967
155515
322580
534703
536819
76686
347531
511620
333698
535631
521805
282496
536705
536112
322585
524711
343138
525964
240706
194312
258181
216326
258182
524712
534724
258186
258188
353004
353005
128978
278090
524713
375338
155531
58340
207135
351552
353382
205812
87602
536698
383545
526077
533950
359918
192014
360348
536226
278134
63800
535520
368094
155533
322553
536551
68396
537201
276377
205794
525168
95307
220672
521195
157113
278196
521527
314029
521229
524714
333718
219428
322562
249911
517947
182973
238916
521449
154272
322567
72247
258209
535553
119318
81176
67041
69533
207087
521200
517948
367935
299266
263344
535513
517949
521397
517950
221880
74772
82965
258214
528764
87065
271727
333695
536831
525720
521719
521452
287415
522877
75314
260590
42238
18512
225781
18513
299765
27255
27254
24149
27257
286205
27259
522878
522879
258646
522881
100389
59272
367435
119107
102490
132272
104825
155223
67250
119537
119538
57040
103894
388419
248612
161805
245470
105482
105463
350058
107290
165661
165662
309081
309073
107291
350059
309074
107292
163106
142924
107293
309082
309090
309084
309092
309086
107295
309088
309080
107296
107297
142926
105462
354193
82970
250087
184126
19178
152135
171896
355311
309522
355325
330204
308083
341957
250043
213286
250040
500658
363754
312902
355317
327153
338910
213288
341952
258225
201517
341953
294819
355309
355310
355323
341964
355316
500596
19191
500352
105543
293103
379083
209818
353667
120586
209820
209821
293111
353669
117623
293106
209824
353670
307252
359458
199354
199317
361532
315868
195935
154804
163322
187711
195940
361798
353011
335743
159688
199288
199291
199297
199283
195927
353009
199289
199293
177556
199304
199303
199305
195931
195932
195933
318128
359358
359359
359363
359364
359365
199340
199338
199348
359524
359526
371882
359451
199310
195939
359405
379172
388787
214850
359412
359414
359415
359417
359447
199349
195930
359445
199331
199329
359371
370011
341874
359418
359420
359433
359434
355575
359510
359441
339122
355574
339121
359511
359463
359440
359464
155298
212140
537168
524318
362007
360297
507785
500504
524445
334635
314616
146066
345625
526313
387202
387201
336410
185182
243389
160231
213028
194879
185357
185375
429
109441
156108
19847
53267
66378
156110
24468
316236
372600
84696
163328
135632
315713
169155
525674
127588
194282
219980
388095
388102
105989
185954
713
185964
55707
47005
293126
185967
57095
183190
73923
66646
525115
151746
767
186038
156149
41250
180449
233828
330744
520096
512544
222489
221468
227617
334873
316847
63770
252221
334878
316848
345424
175895
334899
306236
334901
334881
203706
180452
334883
334876
526003
61276
228230
236699
341673
257844
175896
334885
500230
280603
233969
196759
181325
22424
26461
186089
46050
138663
797
326510
799
243757
330667
334888
351374
334890
334889
375250
98702
367861
186097
186098
186099
186104
300281
186111
122425
334892
186113
502002
186114
100346
174945
807
44015
147709
64096
186121
814
334884
186124
214930
119395
119397
139327
337150
91617
521475
521549
156520
311479
517971
139357
173890
275186
517749
521321
521835
285290
186054
254867
186129
186130
816
23983
186138
91010
823
74176
186144
85577
186145
91645
353092
257216
533549
221479
130421
186166
335528
186174
186175
135385
315908
61344
186181
175129
220043
130556
334853
334861
124956
211681
289005
72359
375572
351379
367811
186185
138667
186189
334893
375989
23386
835
59974
254465
836
838
26479
186205
74354
186209
841
141442
843
334871
186214
54471
26481
283811
845
186217
846
84710
26483
120428
174947
849
97189
111675
26486
186223
27614
106043
349961
349963
139322
199772
353156
199769
349979
350765
165501
165498
186227
23193
86364
186236
186237
101639
95440
334864
101637
101638
108463
298139
854
375600
243756
359739
170678
519090
520664
349541
106290
520237
519174
351595
862
316849
186246
186248
47219
186259
868
186260
186270
186083
61964
367813
285402
512232
511302
186283
881
186289
186290
84523
186294
884
369175
163278
226604
504029
372528
334188
136825
199219
237253
162493
216766
301228
124134
143016
327899
184682
303986
186592
186626
1075
25047
255623
162388
321306
78479
128447
186711
255609
108991
67647
176705
213710
91424
188193
1126
51501
523367
26613
188196
127673
195245
188348
1238
96232
78860
137762
53670
337945
43298
179189
50437
172992
169927
220537
101821
109337
69224
59535
171562
1276
327488
111364
160104
318608
108456
26742
26743
131108
111888
47555
1344
1345
1346
368970
58689
124759
1366
61802
237432
155401
215449
153203
193676
308084
215460
193677
365764
500474
374302
365688
242284
69565
350938
247976
84010
281262
379158
321308
215448
233173
233170
233163
215489
215319
215321
215273
181380
215257
247431
193674
119439
119442
247422
119445
119446
119447
536930
352964
285634
1371
91526
215442
294464
215450
363912
31421
85702
188744
41552
153247
280715
153661
175678
107450
233042
119500
106053
389147
389148
107449
165508
188745
188776
1404
79886
74849
1408
113446
70738
131117
131129
188799
188821
301123
188829
1479
72809
226749
188959
89915
1505
189010
40924
235157
239901
288811
269293
312068
288812
274127
312067
288808
269290
288809
235162
353141
280602
280192
280198
288814
288816
302165
309589
280207
269910
311179
253802
202375
199086
269288
67554
201849
109596
239886
120441
93719
73945
292348
319026
77155
367579
86435
311180
311172
237901
263290
83851
229838
303037
283047
253803
82531
78728
83590
297221
95811
288806
288807
103249
126619
146609
199085
210197
147225
181628
192042
298544
258284
220941
235160
214178
91699
110318
378410
109087
226434
298546
205852
310225
334708
360298
370838
363810
361778
311174
311173
287990
352899
274988
261519
287994
290345
290346
374735
311178
311177
309590
347527
288001
307033
238075
298554
317727
317724
313886
317726
311169
290343
313887
237674
268424
290344
268425
268423
290342
290341
317725
317697
311181
298557
310831
310832
335668
210451
201851
311165
253736
311170
80718
97458
1531
347655
503952
28122
250514
171151
27038
279816
27040
275087
77153
231495
27042
90525
83852
1542
189154
46222
58171
26879
107239
78953
156384
379837
503238
23094
323939
345123
231605
231609
231616
97616
52848
90433
90848
93282
50310
1753
286290
268775
156817
54773
129891
1852
1856
156835
84645
49757
97853
126209
130517
222683
222688
168167
77361
202991
82415
73341
190762
124222
124227
338948
351281
198066
220036
295486
295487
351571
226606
281772
137219
177782
172907
297001
124228
124229
333732
372627
294385
292381
296983
168558
119459
119460
182079
168560
371298
371299
339029
249997
351564
124235
124236
131113
119468
516610
249937
176706
119469
281525
295463
295464
176911
371613
96166
295488
281330
125702
310376
298571
291486
291203
333747
297105
297107
234553
103406
292493
281500
198065
281252
338947
371612
272515
272694
176779
102287
250887
203630
263900
130495
345767
345768
310375
310377
351280
372628
351238
351239
330676
229744
286916
282825
322881
315291
312070
310378
254090
163420
286299
285247
27711
25707
113536
258312
46169
203629
203649
203677
237430
55582
161116
238291
142101
197815
322236
176781
315848
78874
203955
285696
203956
98644
169863
139363
523997
139358
122457
165067
165058
524012
27866
122458
106062
330320
318998
116446
27935
360301
335690
353704
197959
529619
348154
204028
204031
329665
81766
116126
198479
151086
115633
78738
526162
386628
189311
87343
205486
57301
2350
261228
2363
204660
74958
74352
113241
143152
204842
204843
157185
143093
173056
135090
135049
372723
332125
135053
135037
135057
295423
526547
525076
198987
216835
216836
194726
217012
194727
133405
205427
172382
199787
107327
370081
199204
156344
349843
156347
368010
107305
349850
246762
217886
524995
119141
106079
157190
106082
303567
157219
157220
204990
204991
76294
204987
43858
67091
254507
205012
2414
102165
523606
255211
132729
205049
2416
2418
351033
2422
2439
29485
313702
313744
376974
376976
313739
313743
375976
375977
383871
2553
102589
24370
24958
2556
215069
27876
28171
290900
89895
306454
285366
282128
28186
169394
319980
511542
319979
28187
28202
319981
28207
261507
28234
2602
279612
2603
279613
189549
2604
129887
254916
222779
124858
90041
85760
28236
136918
71648
205827
48118
143097
99296
84779
98973
323679
323680
323677
94949
206027
206032
526677
526679
526678
206012
2658
227559
383149
87749
206131
206134
106084
2669
354860
371593
354859
367362
62350
247188
190186
177767
247190
358874
106085
197885
176783
121173
296473
95633
99311
176077
95079
96054
94038
94053
93129
96294
96239
89007
92975
95061
29758
29761
30081
89140
321501
29767
29768
30086
108418
99366
97170
99078
28280
308053
28321
323947
388546
522041
114451
512563
43769
366169
382611
280618
98558
501162
522042
522049
370052
366022
102308
25507
351399
114265
52106
189554
217950
65272
202079
228769
2924
2932
206799
206682
227420
153787
2954
204502
296370
504767
74988
206777
47363
152411
270553
41753
47098
2979
2981
166547
124071
46496
124072
307777
108258
46498
42447
372556
352467
294160
133392
251816
207521
87613
3066
3067
328082
157416
207556
157420
157424
111578
3106
59353
81358
207637
65333
28835
3148
55640
370728
261486
316372
208609
291494
157502
227198
308739
361913
208720
208721
208722
208723
125368
46174
196601
238402
3375
194935
387550
25046
113811
54495
3379
195303
130592
167991
244572
315808
103798
232699
282588
54704
374256
354014
362137
525174
239972
29206
29208
157583
210186
157584
40373
140272
109880
276693
101080
3741
521496
335531
274510
118005
3745
65303
133119
318673
46540
123280
305213
326436
123914
122658
371085
299177
123439
123372
123959
123874
123367
122763
123481
123052
144952
122918
123999
150852
196847
196850
217787
222986
123326
123083
123991
123707
122762
123796
123961
123236
122740
122567
150240
123976
123226
122581
122525
123207
235200
178985
122775
122576
370791
336674
124023
123935
282684
123336
303689
123378
166943
122977
177466
122766
222987
122608
123535
137332
303691
123565
123221
143204
122738
242985
123313
123180
123576
123633
123274
178984
123401
123467
123403
123681
142871
122558
122942
124008
301909
312702
124015
222990
123404
150876
177471
201584
220559
198169
160817
123272
124001
123929
122696
137333
122888
160818
124000
124006
122947
123154
123928
124021
178974
359204
359205
359206
150884
143209
370800
122645
235400
122711
221617
218862
123460
123522
122919
123368
122528
123530
123375
123423
122842
122975
123398
122678
143284
123529
123270
123043
122923
123266
122939
123863
122561
123517
123352
123559
122885
122943
122985
123783
123305
123399
122907
122965
123864
123748
122991
123742
122915
123675
142874
122771
122847
122565
123482
305863
137334
143693
123050
359208
360998
359209
359210
361001
359211
359212
122637
122683
123028
264094
123789
143279
123799
123215
123014
198025
123605
142876
123471
123552
351601
123051
122776
123365
124041
123804
123232
123488
123856
123377
122545
123229
122582
123474
285864
123741
122782
269466
142877
124016
143269
123273
123330
122597
187110
122961
122864
177475
166846
122578
122774
160819
122522
123980
124024
123035
123394
123085
122954
142880
122780
122613
123553
123059
165639
123829
137335
123988
142447
142449
135144
135147
291019
155437
155438
135202
135155
135156
155416
135157
122803
123617
122524
123230
122584
370792
370788
123268
123459
122506
122573
122617
123502
123088
355614
210695
130396
66788
3776
3777
29266
184360
3785
29280
122925
3786
69699
211449
55687
122812
105502
295482
41554
247849
194685
194687
81929
165716
48236
378933
132508
212541
212525
176718
328153
3840
29339
53915
56193
157782
77923
162124
3847
84578
213007
280569
110112
3903
3904
97831
96112
111738
3983
152840
290917
253811
106100
141197
519074
518209
379168
329115
524882
329118
213336
213339
55083
29552
213411
109313
4047
4056
523129
4061
4166
352916
383632
211586
30538
30549
507140
213642
182289
507461
132520
507601
507170
507527
507722
507144
507466
507101
507700
507432
507106
507656
507367
507460
507311
507250
507182
507407
507655
507421
507532
132521
273047
158044
4324
214247
30589
162933
30591
4335
105536
106101
361254
521816
301957
518216
517343
201521
365754
294654
99988
301704
520342
358099
521445
130617
525787
526011
525866
526004
30615
525490
525396
525559
525612
234050
525855
337963
337967
337958
337965
4371
299029
81458
357465
337964
337957
110011
77852
199929
253450
196301
142727
30717
264312
165718
149039
70374
142766
347324
142768
301938
128737
233801
121169
329253
121202
105508
329252
365700
58187
256611
318007
64896
140294
93293
95520
258250
85445
353584
253436
119195
296534
320203
96223
30964
238825
238826
45630
91449
114854
127200
30965
5141
124485
153132
105181
113088
30975
176265
358897
234766
282150
22951
282487
105003
45988
5194
115085
5196
83044
83045
280806
521852
521328
359531
341475
523121
530100
375261
300282
187357
529004
277521
350577
359532
279543
383639
536095
119199
523441
52832
242117
43983
64103
64104
515196
116480
171623
349810
297239
187359
309238
268750
111001
80263
205481
237987
317090
271071
163091
523011
290250
336360
173191
219268
82617
525072
163099
152620
152622
143357
381524
374120
350578
350581
227171
88942
124156
57001
282381
341451
527723
530737
536350
135242
523477
370782
369471
171139
216192
173231
173232
87446
383285
46546
135579
372540
349812
170166
170167
263411
523112
372365
293215
209085
209087
251412
209088
233082
96238
209090
209089
372371
535871
519210
525537
46068
286396
535718
170168
187374
372393
298138
283435
173263
536604
350596
504808
237993
350598
525563
525228
230675
309248
309249
242060
525463
60908
278352
231053
354428
167412
119200
517284
336450
309251
132890
507862
369008
260902
263838
173282
247696
338039
504412
50819
514190
341474
536015
62065
148434
62066
254250
271078
536818
363372
241239
173301
191022
231934
535537
210268
525318
133796
327266
359693
359694
114198
299494
536788
52640
108439
45816
233083
51299
143625
143626
190312
143627
271083
385032
341464
522992
349270
337928
341468
56238
535592
511793
282417
504068
309262
523903
521515
45165
165306
523034
523130
350445
523887
240312
525272
345251
173351
524083
291025
536700
372408
361524
527708
248950
352635
514199
324912
119201
341812
288707
111023
241162
57111
323825
516517
170376
290148
282398
343254
526489
527705
219270
522200
536188
250280
511835
317316
327262
535544
530099
525511
353526
521616
511720
271085
317473
525193
43463
525548
110806
242115
109453
345253
335998
536052
521126
516571
351580
248948
338300
177694
231937
51300
110425
67240
523111
173406
152552
231939
231940
227178
197463
383643
516674
523873
343319
173411
327270
341592
46621
108447
507742
226611
147823
517344
379146
190315
117893
170169
368342
101700
522160
521859
143517
143521
143522
213117
143523
143511
265443
143512
143524
143518
312948
143513
143514
241488
143516
263316
103407
383288
327830
104394
214939
295496
155224
297812
56630
369020
287972
372426
58631
227179
271088
517224
285285
285286
76894
274247
165699
135237
372427
375276
49042
42715
360024
177697
309297
152553
237756
265442
243432
300283
249482
511773
503765
535554
385036
511658
334749
351699
65166
81624
72858
73223
108544
124155
80102
369022
388736
385037
383289
521314
257517
360358
66063
360025
116481
116485
116489
116490
504160
327256
327255
331216
327260
327267
525426
536697
315274
521850
103651
351700
350449
360031
132898
76775
44157
524132
306439
524146
523117
523101
379137
48265
525547
525528
316851
326512
309334
273363
321437
269581
317091
143505
355618
290238
350652
350648
116475
309335
308033
522192
536199
197609
197610
170172
78235
69259
108954
536221
522193
165322
525154
173500
525861
536145
170173
80933
503836
197476
388734
86640
334750
514230
325787
75660
126311
257526
388735
375755
385038
375756
360372
350757
237729
237728
525593
360035
241487
535680
524392
65621
269363
285800
190316
304887
173527
147209
231208
173530
67973
71933
536619
249821
535878
350452
50300
152556
55484
173538
126313
65622
71637
334751
314384
529015
83873
331219
346071
258391
338042
76724
514235
536150
298027
523115
345257
206477
522300
536105
249483
368344
151242
97826
510842
299447
241940
139969
83332
242540
368672
504015
104925
59100
173570
388737
173578
522987
523272
341809
371665
309357
119649
536726
295493
152563
249106
323254
361006
326516
287973
522298
173593
522199
241173
523904
155251
206471
525506
205482
282771
126319
523896
178254
530826
264138
234735
234737
268777
327263
326519
525451
522031
167351
172618
275882
191585
522195
287984
372457
383641
190417
284643
47505
523106
523134
523126
382715
171611
522189
525097
523001
535519
360892
522999
173630
524079
47506
63140
526510
522149
115088
241102
308034
300467
257501
380863
327694
353535
140717
237162
173648
535814
522700
136696
522203
135595
152626
274248
535651
385045
241143
282774
314419
309402
313717
523016
535567
67671
271098
368740
536258
324827
248754
138931
504602
327848
523086
521730
286401
350888
254322
324897
525299
157973
104926
250399
514253
68424
73204
144494
525477
111136
53441
331213
64792
345312
530092
101699
353544
523478
360374
523471
371597
304249
190903
69015
535763
66186
523014
522194
280846
308035
265845
525195
525277
522296
375285
536465
534185
274830
525505
49642
372469
295507
135243
523036
535505
295505
522997
511826
303593
187354
504274
250415
511520
165316
255378
376638
52227
526021
309418
249984
523108
241146
514261
309425
361409
535506
522033
507849
237115
351704
525114
47696
152682
173820
522295
66966
83346
86662
206445
150817
525496
173840
530104
530101
530103
530102
337385
337387
337362
510774
522988
522032
536441
215130
536814
526253
309430
374213
345574
517783
341461
321431
178561
325792
340503
171096
525209
48583
341586
139198
507847
510690
134535
152569
173967
353077
202823
113597
87730
173980
53061
271100
352980
168966
387803
309445
250263
173990
241237
287986
152621
84012
219157
211513
202335
218166
291165
227191
230684
250383
284694
289124
284710
289125
284687
284683
327695
338058
288009
274867
338060
288007
338061
288006
274863
274865
274864
274868
336980
152623
300299
104561
172946
503849
344834
325793
385046
317486
132695
152611
256443
82310
102345
264305
536913
48922
102162
45015
54193
345886
174038
536354
54311
300469
341469
43430
255377
138618
525459
76794
345890
281557
71697
282405
525592
315575
281556
527089
372409
517784
522159
521860
514166
514168
344636
344634
233522
374216
298710
264136
370689
528781
383287
298714
335804
388739
519681
344172
525539
293371
317319
527063
310325
310329
327573
522385
504913
327572
337379
306884
337374
297229
243431
297228
270722
525527
527122
526612
281561
519821
173566
389114
525745
525240
525246
525197
525202
531177
525279
525237
525697
525172
281564
281562
281566
281565
281563
281567
530650
282403
282402
309479
361525
298715
368745
267336
308652
87994
138617
533198
521598
24469
325880
360746
369895
158356
325132
325134
330467
322459
187396
115851
315731
63251
94827
109380
512411
92058
186253
239045
156734
103368
525849
62146
344067
343788
305964
239046
131832
510522
505519
239148
94744
316989
50463
315732
131835
72187
69815
131834
512309
240851
115853
230844
95990
253661
213119
234391
240353
316310
273765
94745
201115
525479
511293
272835
307038
324914
226252
80898
211128
271103
60027
85406
108939
66775
63846
87156
84171
63738
119170
68309
51825
46080
93575
73631
62430
52762
91880
77719
119169
52650
81463
87253
58085
115405
103859
89388
57674
104196
102495
57077
119182
104109
97234
86244
62735
64085
48422
102432
119173
57846
105009
70428
71430
104295
57557
112168
61575
56101
72170
74379
59887
65124
68002
65213
76574
103515
59682
47181
95042
67805
96170
101871
65242
59850
103999
93810
105277
86032
110629
45336
93766
94795
47251
55201
85844
96941
68912
108545
110880
67888
69745
46102
53014
63739
102510
70174
63946
66146
43265
48334
64908
109835
70115
59710
51479
46290
59590
47100
83773
103624
69609
63252
71223
45246
47222
48756
80667
61101
64916
45891
47989
83906
79428
49272
79263
46044
76410
119178
43553
103806
68322
51822
108099
109929
50697
81090
81527
57417
49918
73278
68149
71034
51823
119183
63724
99393
81538
57977
68518
83218
63963
103149
57702
104215
68197
79228
122414
96375
59851
62549
104635
47904
44486
104135
119181
102355
90256
97327
50932
64665
52901
47645
119686
105129
71043
51957
82479
91212
31314
29281
46307
32813
48034
243816
114404
206430
243796
289132
175743
243606
353706
370061
377281
377280
387480
379884
377279
514292
167777
135302
359227
376665
371921
367720
352707
371922
204342
379885
371920
286745
273628
5698
150823
105495
243626
322202
31545
209129
175719
209131
108166
243593
288471
343169
106112
284957
350009
293836
194734
42167
243478
512548
74267
30460
70281
237212
60225
308667
131217
284444
529110
382877
382878
529209
529183
529119
376129
529103
382879
184284
353554
294528
320684
342027
529212
529084
312719
504815
504356
31758
529194
529139
124471
529247
529252
529218
529258
388417
529082
529128
529131
529089
529151
529180
529232
306846
529189
529159
529195
294701
529162
529251
531002
529229
114559
103064
129003
248662
529249
68028
522796
105303
219360
190292
533177
184598
184599
212132
158417
118899
31815
195314
221088
221089
229868
180606
153772
168541
286049
96932
128040
336452
521109
505513
505516
339226
339227
234281
505514
306950
334320
181334
319436
211736
193128
245004
384489
191044
382530
196350
180001
44604
374614
182930
5855
53100
58086
113839
187342
50466
254511
116719
83484
46603
164593
156004
374620
152726
5862
41905
120466
529588
336454
126013
216402
216401
216400
216403
339221
248793
339215
370810
353106
324556
298576
324558
298577
270559
117200
339217
339219
136477
292272
531224
531225
134835
137368
339218
177362
294426
183828
339225
334322
96171
367727
367728
345790
367725
345792
90713
320142
113840
88273
101186
30886
339213
117961
524474
63478
119589
55615
197364
339228
172981
192452
521993
31812
31814
505225
504851
504063
382314
348111
365022
348114
348122
348121
348117
537058
536971
5886
536880
536857
537102
537100
537031
536940
537003
537092
537051
537024
537077
536888
536867
536839
537072
537035
536964
536883
537005
5959
51652
52854
108161
67111
141814
156622
202327
163758
6131
6136
101332
22729
31937
87823
511479
171932
26904
292796
6216
158881
31959
376794
353707
374345
342445
270204
131755
174797
325513
6290
523866
141106
172359
6295
194228
177989
179920
52841
20774
232715
158552
104792
6298
139228
318954
6299
75452
6337
311507
280983
121176
315445
23566
231902
69505
6753
32534
168295
163508
196809
367421
254981
282004
223405
525545
218424
32554
243424
24972
75998
236697
376006
365027
347721
521839
376686
60349
307454
521338
307375
505327
373773
521798
370891
348097
373775
253972
136953
250924
91464
523301
531144
521300
97758
518120
360769
388428
305333
531143
511763
532677
318809
91227
531135
531136
531134
360770
360708
344195
350762
531140
523300
531160
378223
351733
531148
218858
306253
511396
531141
531157
531142
505451
505452
505453
517788
220525
106117
89218
169157
217069
219192
106118
20791
380478
380480
361224
380477
32565
345957
358330
532380
531147
531151
532113
519419
531163
531150
531146
531145
380479
358901
380481
346038
371930
76326
158661
161417
221566
281153
106121
106119
106120
368690
517791
517792
271518
32761
222340
530626
530630
183888
98501
361411
285122
229779
226818
74306
88057
358045
216214
288395
358046
323981
7104
57097
47854
20201
344199
335129
7151
32841
59971
94694
312318
94977
76299
52347
7176
268995
295462
337208
354384
295892
77753
7231
43747
168090
32925
243528
32926
223483
344303
110403
119307
94267
60180
72895
198388
32918
305575
218252
158865
537108
537023
357928
210600
65240
187379
93130
223488
117615
55545
42325
198389
7280
268627
171238
355215
373027
353167
318982
69875
52827
254032
315087
283176
353168
191614
297600
303258
81602
276556
304228
333125
238558
131735
281276
334904
150198
340843
206485
334905
72774
346026
45893
62260
254034
70213
147429
340845
355218
238329
297029
219290
329323
239739
239740
299050
184420
313401
306553
58483
78122
309584
313394
313393
54694
59884
272481
348567
45990
353171
318698
145830
320739
247590
318818
84343
121613
179193
48259
363756
334906
43234
348570
318980
106127
353177
65350
363755
46677
193942
343761
363098
320202
167668
105179
99464
176482
68313
103907
98217
156768
39734
65814
77197
125198
82732
241577
345794
45288
219995
294431
377011
377016
377014
377013
104004
117920
219315
304899
152412
269225
158900
325094
324921
225964
167889
51908
349950
335130
190980
289168
367745
360385
324926
375950
345598
358910
295946
286060
158911
73730
152461
183490
242621
211131
59302
273947
317136
95312
127439
294466
104904
64482
119776
96512
524794
358827
92660
73293
276731
301232
72688
247377
117651
176816
368029
343424
300813
176785
193613
272132
69308
138282
86144
119775
287118
52466
389041
76603
33386
7716
112350
111025
525776
318693
234066
89097
143547
179980
177614
252000
170983
231430
296656
298396
223668
85482
48862
223669
223670
7890
7896
259162
238688
155261
7925
48015
51719
71736
33512
262850
83980
184319
154877
186786
268971
256385
256386
306606
346574
347369
361227
298037
371618
268972
250273
250274
306956
339012
355436
371584
347326
139576
534269
115530
65334
271886
271174
96371
50262
317999
350479
299303
136488
8020
219177
282173
203202
238836
170808
47900
354450
354452
354454
356242
356831
354460
354468
354472
353873
354478
354480
354476
353875
354482
353877
354448
354487
354489
354492
353879
354236
353885
353943
361557
354770
354768
353887
354718
361556
354585
361558
355763
353903
506683
353905
361559
354447
354449
354451
354453
356241
356833
354206
354459
354467
354471
353872
354477
354479
354475
353874
354481
354205
353876
354486
354488
354490
354247
361035
354291
354708
353900
354330
353902
354767
354769
355755
353918
354360
354232
353898
361036
354300
21173
8033
86745
306632
76634
93496
91579
296646
43421
212490
212492
71551
33607
8052
8057
19969
33610
82032
187276
357227
326829
190703
43192
8144
370918
163272
280961
319326
76146
20487
228596
115420
226598
181607
42846
351029
300286
44505
205521
226601
194406
205617
316385
76097
202571
202572
226388
255223
25702
159144
344493
252897
45512
255004
8488
529246
529143
529226
42651
362023
165518
346294
529220
529163
529184
529222
529245
53768
8489
529125
152403
34043
256821
76796
133682
46833
34044
219713
165771
8487
335737
272489
52867
8527
73670
56765
98895
96843
298858
300849
55851
306856
95812
232723
184359
515216
378065
360388
302227
282281
328112
170460
303133
212771
303101
334979
8681
78338
54427
125490
352423
219362
297714
219913
221899
326594
218852
159215
85324
40557
49692
329425
329424
523672
329296
523684
104971
63784
255878
273804
347034
371360
352984
42181
339325
250261
44080
339326
270021
108041
226355
164057
242848
83529
164944
153485
227530
335552
344349
326139
72900
240119
257873
85364
79576
256225
227539
227528
164043
327525
226356
222075
8752
271433
271435
57580
115679
533377
315761
8768
209351
90522
136776
8827
40580
40772
102716
240502
44889
153489
170813
53644
78826
226622
144696
77845
44500
193697
52380
86969
49301
301838
262276
87130
83334
318567
226624
146386
61488
71598
319428
165760
240505
89441
91492
8989
25647
60155
9019
311254
9023
55743
9029
102362
114605
85660
41031
280944
177681
343804
343805
310824
291266
291264
290822
309642
339492
339473
106147
339096
177682
339069
339105
339098
339133
339135
339144
339145
282071
309643
310829
9151
54914
115115
9154
250575
176786
44784
41183
139952
137231
139953
139955
249904
366049
365918
45959
292802
56562
117088
96921
87577
373832
268310
269460
300008
80438
74993
121635
367366
92139
46701
85178
363542
250303
293658
152643
86615
525334
504637
51597
290633
141706
227957
113113
47481
69553
350958
226708
61029
140848
522035
9409
130397
163364
166694
353797
353778
503305
124962
171004
371579
371578
165541
54849
196775
85960
378209
353991
517172
9440
9470
9471
300267
301236
194177
202622
106151
119370
525182
105691
152492
105566
228611
49549
382579
300445
95843
9830
328048
328049
329251
120561
158416
224051
9853
102038
58158
116266
99223
83413
105037
25520
133135
161415
177630
103570
322344
124973
202817
124974
184601
119601
196589
253864
328841
142801
335182
329401
133148
301889
346146
328838
346145
106152
329300
241829
311445
119603
329324
507769
124975
124976
318622
119292
328894
162468
119303
119293
142998
290445
137336
119298
185798
175704
189332
280626
183706
176032
328832
119294
119606
119608
302152
290444
119295
124977
290443
176034
133480
302153
339194
277141
124978
119299
347374
177637
133735
200462
263393
269884
119612
524471
119613
124980
165448
162291
233256
176033
329384
142997
124981
233252
143000
119304
244913
165450
103356
142099
119614
183712
236839
524547
200269
119006
249761
119300
202815
241836
202816
329366
119615
376679
165447
119004
119301
524490
119616
524541
176037
142996
176030
119617
329381
214925
251702
175700
504304
329373
244892
328849
517111
62339
52697
292004
66195
130997
126197
40922
524775
346148
177561
124963
141228
263551
231386
25423
272142
108777
202437
21850
119872
125396
119254
119255
119256
119257
176788
178615
60742
505497
159551
316210
10009
351319
534887
10055
274651
284743
10090
239338
75002
20720
106155
332159
162116
70138
83740
53164
105461
48924
164277
115494
180492
62232
99179
124378
224151
155842
118185
118182
119053
119071
137382
191738
310802
270729
82425
120348
52515
150678
113857
247633
42050
176047
310801
519595
251671
106162
106163
106164
310904
310903
309662
106165
310900
137378
137383
116647
137379
310896
137380
302520
176789
272147
317711
310834
84821
520142
518932
520225
67924
224156
180008
182433
182434
83295
51051
92384
270711
247736
231209
231210
231211
231212
231217
124133
377002
137385
137390
137391
137392
137393
192477
179923
10536
113858
99960
98034
253941
131778
232930
240045
153916
89962
83138
55250
126532
126533
237816
90760
217680
219152
52142
128267
128270
10571
57482
140384
142120
10574
224180
208327
55028
224181
246267
10602
91997
81196
286306
120455
85823
308561
120944
100465
386680
51771
369114
45008
269854
293190
91996
182435
58271
318959
228332
341524
156752
178129
159701
352988
271891
197141
55734
507236
250935
177542
96193
70002
305907
305908
305906
389087
507309
507195
507328
507651
507402
507241
507648
55731
269603
232081
61088
118966
119259
118969
118965
118970
118968
247109
247106
247105
247107
500461
106182
247108
346698
247136
10927
49151
61824
241900
311023
43325
135369
75701
83663
105551
83281
240503
353559
110802
352989
98007
104587
90255
211930
63599
11052
161148
156460
335062
155867
79976
76117
150184
69415
108057
145017
11066
159835
524466
307045
378435
21000
176792
533308
87320
183843
142625
184687
11160
356179
349910
343015
358916
49747
43383
72850
11214
222124
226326
228053
277369
231441
344520
316855
122390
53030
99369
162683
76197
75970
178475
91979
70063
11258
55130
67843
159930
367906
131781
273594
194779
224288
70107
106186
219247
229198
221374
175580
270733
11287
232744
41558
162013
259183
219235
221375
388477
388459
149376
120807
338852
46199
207842
314755
175775
388526
235664
193134
87024
73450
252902
73307
73308
57694
529185
72234
377199
44201
120727
60427
369082
54998
166985
292083
51667
315138
230699
133495
94703
68564
217925
65804
65489
115685
175337
67449
389019
321582
43625
249913
175339
193148
207854
136599
77796
180364
270839
110463
52855
317287
84433
56112
46955
108857
132800
68670
203128
230713
104736
529214
265433
99309
65791
112033
59486
371162
84434
111404
46957
312018
180369
49199
238963
67205
529122
78688
45675
217721
349508
284564
288300
177840
133512
55053
212163
42864
294472
71350
193165
67750
203398
136618
177837
110485
63289
177832
63290
75802
111867
166999
245309
529108
44218
235732
78505
207878
75808
52357
529213
176946
306014
154302
132816
100160
220758
77600
282545
49012
257362
179703
140194
154303
79220
44733
378085
109676
331275
187293
51598
194307
529234
175367
279412
87603
280382
79197
258481
200054
83843
54408
60537
57383
43523
353698
328952
245298
87518
239081
114749
297102
73469
114750
97439
220713
211689
71638
64219
42373
336763
71316
245294
80319
207907
154307
226959
238869
112310
286204
387830
121085
108668
193204
66362
78275
535609
81619
315071
326372
175377
291342
65826
233973
62325
220707
80888
86428
99878
361632
41966
43962
288301
51359
177843
50859
77254
304158
180401
338271
235114
335128
284612
177839
239083
86616
529096
344530
43432
59960
85495
344531
304162
257383
536262
291362
351630
111716
125860
108833
98985
111717
167026
108135
175758
133551
306891
529877
89723
363888
60696
92010
315111
45733
47788
370609
65444
85129
175393
113523
52699
42454
193219
95120
211688
221564
297378
101418
24054
111884
374293
24041
96695
24044
224337
387031
11366
55965
32843
279788
224350
11374
224352
224356
87113
207883
11375
11376
207394
218248
229086
11382
98650
43895
329747
11384
95085
134068
76534
529914
11396
96191
11401
224367
272006
287390
287391
287392
224374
60780
73665
212230
196591
51684
72084
360319
500021
127444
500055
371912
515097
352920
376667
229691
326982
141476
155729
326980
155840
305009
327045
380172
311809
87941
515143
515144
295107
505375
371659
139423
177508
286015
143650
338951
281487
388671
365328
365326
212016
388615
388652
190981
269234
365920
360316
190189
143654
250008
379014
308119
250010
380398
127445
515273
515274
316656
361027
351243
388618
351244
351245
356971
359123
310556
338950
388670
298445
388666
365329
365327
307047
388659
367785
311815
367783
201646
11451
140209
11452
210900
49165
54585
138290
131032
11455
181754
156467
82110
533319
86045
76408
106193
237849
106192
272270
103915
379111
69785
170639
42579
536809
50571
197009
116163
121186
380393
143586
139240
63221
116502
342117
155838
320190
11649
319182
319183
319210
319205
328820
319198
283901
319215
87285
319194
319213
319212
319202
319217
369465
63207
113570
319207
347167
283905
319208
283893
228404
240130
283912
75671
201995
505463
319184
319221
116501
319195
136293
319188
319211
521021
135287
226027
320247
87286
64038
113583
59962
43433
69873
117467
505460
122357
121431
320191
154321
50957
86595
320192
320196
151287
321520
122353
128582
115422
144466
192946
86498
110888
194762
522899
86499
80409
159009
45503
386433
386510
386487
386516
271858
273522
65393
105623
105624
522898
522875
522874
96931
69658
522873
125600
111474
85442
82057
263768
525024
525004
525019
525126
525039
524983
525059
524967
525121
525101
528886
525003
525001
24959
301166
11933
233886
11938
76409
11945
277406
11950
11952
260617
11960
11962
71513
352991
353377
370016
302591
370017
375188
308680
311824
312806
311825
363286
271025
288950
323096
323095
347807
361722
379021
49447
528711
55887
55856
353983
108480
57253
52857
348101
348152
351246
349987
361821
528752
371662
323098
323097
368055
311829
312807
311828
506952
351334
361823
317685
362881
374019
306481
379020
89048
211602
60508
235081
327493
50979
195422
63222
110044
42157
503764
12061
12090
249647
31345
183989
212155
255926
183993
183994
224429
308708
152524
224431
152066
366037
366124
366129
366130
366132
366135
366144
366148
366152
366159
366198
366238
366277
366304
366320
366321
366325
366331
366413
366453
366455
366464
366489
366495
366516
366553
366780
366790
366796
525860
526473
12223
296494
25474
93873
67930
307048
117015
12233
247104
241827
77482
137443
168727
168728
269961
100504
116983
274774
274773
97738
369311
12234
44312
219489
78190
197317
255750
52808
221598
115876
154400
42178
271609
50836
220909
50837
84602
276686
204291
64304
216915
102908
268926
162014
108483
326499
78804
348220
154412
154413
50928
320807
296832
138724
169091
56687
350966
184612
217466
383962
217460
114400
217459
178580
83997
164294
153089
312144
286203
338243
327506
43151
120026
339238
68186
171825
81452
225988
227779
119657
515442
44832
61014
73969
49560
49824
61706
52967
66675
52195
57852
64561
150277
55591
101428
294041
47983
351336
51803
174999
217107
361928
254772
75206
111497
54657
61052
66420
60576
86690
297616
86729
103463
270821
59217
79754
150278
74166
52835
59395
272908
52455
112099
109320
70117
134485
298864
150279
56947
295437
78562
194192
102311
215848
43378
70335
80314
67323
61940
42798
515445
129152
207449
68351
79978
46090
67219
83323
116239
83325
76066
134491
181551
72344
147002
49582
150283
252031
87620
251813
63729
44812
84194
53301
79891
104412
526053
151649
241616
44986
66311
60900
52061
151651
83793
79290
142016
171822
45085
47457
108354
55122
61249
61250
77072
46444
86713
64031
68595
225967
251811
388435
76822
105735
69425
150280
54677
56812
156950
59718
355294
526600
291268
363782
77226
67406
111653
104014
72738
56854
194934
137555
43275
371980
86678
141976
48079
57255
214871
77491
181558
67649
72210
62032
70375
68632
69572
195942
272911
254779
54958
195529
67995
227772
227771
60262
195943
51934
47745
179751
107958
53908
67165
72256
71148
196010
78103
122088
70594
161685
195944
174321
144181
317751
363753
53573
57780
53787
163924
77912
174322
87336
110229
79016
53241
50881
195945
344264
85847
195986
294378
164948
151659
134519
343060
62442
65144
62373
52565
50839
227330
106209
215837
82575
269133
124873
74073
47302
74430
102831
84766
362026
48559
60952
60056
44687
195946
184691
61643
77231
327447
64563
122242
59806
64141
299861
194066
75789
85682
78403
78404
56786
77873
83458
70638
116819
56346
370833
78753
303474
79851
61256
75115
68761
144179
45720
87477
46731
150281
70712
181928
215843
78653
51878
195947
195948
59491
42666
82196
68604
73732
81473
50370
253772
315668
66222
150276
166826
102559
304354
320717
135505
524658
524450
525651
524525
57209
60190
72506
355659
526402
355700
103854
177449
325104
327446
50981
292480
44384
355711
184690
363785
106211
12384
77426
41422
224455
336270
43379
86807
152689
194197
76828
187931
12402
27782
388984
224465
51420
50682
251605
160287
224458
160286
228927
320522
285764
66850
279726
46761
86913
307919
253204
58164
315351
314477
276288
276291
276289
276290
340723
126235
224489
196339
169974
340725
340724
340721
296075
340722
135103
314478
324984
324985
324986
324987
137434
271612
128300
93160
221908
121863
299249
184027
184028
371417
303635
276292
184030
184029
299246
303637
221909
299247
303636
299252
299254
221906
221907
303634
370768
299250
55889
49221
172993
41248
122214
135855
122215
122217
181929
104042
112445
139330
104119
114785
104726
41216
250591
104064
308686
105600
525761
373673
119281
120084
120498
120499
303687
303688
303693
303715
303716
149054
149055
149056
106213
106214
25141
305805
132256
280580
23945
370736
338812
327508
338813
328760
332971
119644
12605
408866
256660
143387
256665
143381
505089
352996
224516
235864
235869
235870
235877
41996
238632
12712
98939
45767
73455
184692
373686
190045
124163
176794
150954
171212
307923
115904
74086
66924
116712
78897
103227
54051
81728
49124
56257
72783
115883
127419
134151
87740
286030
65455
101435
308687
13029
13030
327835
163114
163113
163115
112457
165575
145942
13216
388690
154456
225998
220628
238028
201488
117127
317223
59954
182288
282522
160526
194428
116506
347426
13263
268723
61165
62828
56427
517834
139250
297299
100542
301185
304947
13635
304946
304870
13649
124572
61690
27272
297380
86610
182333
178755
195623
124251
124252
124253
124254
103845
104927
238726
166302
81172
73257
325002
325004
124256
124257
124261
176795
176796
176797
368079
354028
101486
13802
13805
61874
131697
131695
78912
13835
192437
231175
13871
26147
506953
354060
506954
120504
96578
21308
124700
206270
528744
14152
236056
84470
234849
62645
295901
52015
295473
86955
14352
359804
119099
121191
295685
14358
246095
14373
81742
119402
119405
119407
119408
14402
76221
194783
104815
273653
111312
45476
14437
82322
64224
184358
325013
85696
14525
14532
63240
320843
63241
84443
206094
522892
160913
196487
160920
103012
302789
97116
371667
298052
337186
119764
205688
518782
510563
512092
512346
111857
525362
525158
525285
335710
384716
351662
360335
504746
511930
504337
500565
511917
163759
58008
68850
500534
357483
388079
384711
384712
500655
384713
363839
500641
269365
281349
286222
500653
500573
286813
384709
384714
386849
172998
173000
380132
100327
47500
380135
384715
384710
173003
237495
500614
187051
503212
511213
511250
510899
510922
510954
501576
501751
510579
502646
510458
271662
165944
173001
363840
226391
193603
153500
388078
237329
500560
500554
500607
176493
163022
518715
519433
519291
518128
518569
172999
500571
510365
526467
510821
351775
500592
139252
383358
507883
200456
103037
376020
297981
176798
202106
370082
216435
209641
119666
119667
103965
122396
536807
368264
521312
500301
26902
181786
104456
318703
137435
103858
302796
258844
370245
370246
370247
344289
109652
80822
102349
291575
376668
375076
81577
371611
28974
221241
44255
272971
41249
113727
180018
217795
131377
370228
370229
166511
61748
121058
131402
101887
280505
523541
523542
375083
153224
106240
306876
523539
523540
182439
280970
79277
526238
351096
24957
76165
198029
212238
245420
227212
184693
374024
24410
16483
109272
16495
359806
21664
250131
102294
108960
249764
135780
270383
313899
280996
174526
282055
313900
280999
240054
350496
376805
368282
267544
333022
350028
374270
68299
256456
195058
81379
251966
237853
106241
102398
118972
161157
280974
273387
154653
45049
99912
370264
370285
16836
16840
370271
370275
370279
502409
370274
344562
16911
64283
86581
64878
77151
16976
56213
80784
271859
17005
274632
17035
17055
51977
359627
361094
367752
176707
104106
245759
161209
71279
17238
385478
110374
27299
24482
24982
17271
153464
529618
368291
368292
517902
90101
518022
518069
161254
280590
518096
518061
518014
518011
518114
518098
43647
518110
518064
518076
176680
67030
17343
293431
98038
518059
17359
137397
137398
176799
17364
272188
300944
316065
82232
318367
17434
17435
17451
57516
515463
42062
362922
148755
516793
327634
133353
381121
240692
50965
52620
80559
202975
260928
310668
60448
310667
132509
220854
87292
294787
386606
168354
255676
72555
70079
68043
269938
119826
308676
353103
85527
349986
297235
306773
105522
65923
110500
22441
166592
58906
190294
206571
44166
53428
115251
328423
516568
522893
52884
19858
202054
53713
109100
371663
360135
351849
217883
343970
336156
325955
325957
300159
374592
311325
343973
351860
350222
316638
203550
272191
360140
256094
281521
228638
288160
103997
286031
60061
60062
374984
184694
280034
280038
106270
280037
280036
151627
177359
176840
106246
279925
106250
106251
106252
106256
106257
106263
106264
106265
106266
106269
279937
279926
197967
195027
232331
329127
161521
373165
269629
18097
66108
176714
177476
291828
378501
507855
362025
507856
18219
344306
74374
318418
87678
160090
20792
18280
156419
522212
522211
517595
517723
534426
522086
536479
517603
530559
533946
526651
522218
517656
517731
517613
517630
517698
517685
517644
140077
517692
517626
517732
534149
517679
517615
534671
517736
534844
534823
18299
517917
517918
275982
293231
18305
534927
517919
517734
517920
521889
517921
517922
517923
524416
517651
517664
517662
517617
534531
517614
517629
304463
86017
82385
374660
537119
82054
76701
244857
98431
121167
85344
232342
91062
18438
234080
226003
370793
55686
234556
106276
69956
87494
285799
115258
271684
87723
45301
126755
18482
202248
18483
115970
222097
219585
82725
136991
240747
56814
225752
351542
277414
322417
45151
226381
277415
229384
333603
80637
46934
343133
290607
285430
76910
282485
292055
270348
72932
182804
60923
343518
70368
75225
525748
79912
68328
207055
322421
375668
333610
359893
147553
48222
44129
249914
155522
370832
304520
280123
72660
73083
86346
343135
258038
343156
48223
155500
136988
333614
84891
115686
51166
333615
526108
62022
69379
154811
357488
147680
218922
226629
194308
104294
322503
249715
240803
302918
327042
346666
322313
155501
526013
241924
307795
526042
119309
84745
333620
154286
192016
307796
147556
103433
351543
67640
226382
277501
207062
64225
344573
147558
344572
345438
353001
322507
367932
50189
84686
119323
98666
44130
79882
221879
307798
389080
520711
71674
58109
269311
300304
277559
189908
54979
367933
62251
298141
533204
78678
58266
219408
289547
306527
344815
48995
333628
82694
258088
193700
285436
239101
50015
56815
155505
75480
333821
104473
50666
335630
240810
307800
240811
333630
62023
69380
78592
52602
358268
389074
97391
389081
277586
219427
275434
322436
55403
239103
193976
42239
258093
333641
44151
50089
95689
277805
220413
239104
59480
154264
84687
67056
333643
194311
265874
77814
75315
239105
79883
277810
389076
71675
389073
155526
258097
339533
525624
382276
280530
50770
56658
80282
72380
91474
525274
154266
384068
389075
240703
273388
205810
147642
147682
56816
286209
84270
280165
194042
322527
258102
525670
343934
294473
154288
280532
128430
349896
193699
84854
359917
64866
243079
64867
358269
271723
81048
47336
96988
59574
207080
359818
383302
524707
51204
307801
58720
121592
322315
526028
525751
194056
389082
283551
151524
333674
349482
58625
58626
104243
155507
333823
197864
69894
44742
244206
70021
333677
63552
155508
389077
65788
345996
69765
241919
258125
333679
48038
64092
308038
72591
322546
323743
333682
48039
271726
154290
79285
197865
280164
333684
56799
273399
525897
359821
277958
384069
360346
74898
48019
338759
277961
298142
154267
53579
73032
239107
76001
52149
56357
389083
154291
182809
66281
74226
44522
45098
58009
67612
58352
80459
258163
77523
368093
45713
157111
389084
227956
243077
74419
355945
244277
275433
372843
147726
194787
217495
77444
193706
358267
72480
524453
45510
85071
333824
61718
258170
306524
221450
526038
72369
84028
333693
68618
119316
70766
43762
50562
104780
375818
84029
525178
322574
167194
182920
383542
336765
85622
43763
50563
322577
258211
511752
63617
76832
278079
225771
155514
289693
525357
300305
372845
92114
282505
76685
211683
102718
278081
270627
147727
333700
72909
87177
253203
42924
333701
322584
379093
249444
379094
322589
533470
322591
294474
389078
375340
157117
81323
383305
66436
280632
211682
258193
333706
154269
147672
73434
68111
70743
375341
280124
157114
84081
98684
155532
322600
315426
211684
76614
87845
282498
370091
194063
87846
333711
86102
54994
278191
154270
316495
258200
239120
81418
333714
74501
238913
194541
322561
66332
194542
207084
55924
375344
212056
282118
273396
383547
207098
42179
350684
68143
81750
370665
74184
389079
147678
226633
278211
307802
258210
151526
347532
286409
145073
333727
82966
45545
92731
211686
322312
220534
238356
239098
120684
182808
322542
18488
41515
18490
18493
62402
225777
18496
18497
18498
238892
41520
96940
237484
271712
272889
237245
238893
40461
64128
91640
18506
244198
18509
18510
225778
225779
225780
286206
225783
88068
225784
33614
225785
88069
18515
237246
114823
244153
106306
69885
43114
238898
82696
18520
240705
27256
225788
27258
94833
18523
18524
244169
18526
75831
79455
54117
237330
55496
177302
290606
43460
87360
100981
100982
18528
70758
346046
100983
57477
258644
80565
61877
238908
255413
272605
67509
18539
18541
18543
41988
18545
165056
18549
18552
64284
244191
18554
244338
68218
55039
343926
18563
273649
167929
18607
161741
18629
18633
523193
75805
18751
42350
311047
63481
46852
182912
111086
219507
46489
62005
18796
163097
319128
22617
253070
75956
85645
253097
53417
116102
256181
253162
22483
177991
337050
61474
18799
114239
18802
18803
225803
202569
101500
138108
68652
22411
48886
136365
243499
243500
288036
295053
248546
284849
280708
258983
248543
164650
164642
276910
164640
248544
198860
309314
258975
192504
278542
177505
199167
137692
208673
360337
227955
321240
138819
199166
199150
58528
231451
294061
239109
195119
190411
43410
383267
298884
350030
298636
93487
211612
74726
42949
199151
307069
239660
239661
257160
260935
319959
248540
319908
257161
258984
210471
153717
258379
319911
164641
153716
304465
258380
258976
191220
319912
259001
244923
205843
177507
102529
249322
199152
199168
199171
199153
344645
256317
307950
176851
18815
46339
18816
519152
317500
75493
245791
60552
238638
241863
517001
254591
248614
125925
159485
71417
161784
275609
320005
18831
161815
57216
46377
85336
225812
66245
128289
154647
329562
285629
254070
124823
358461
114023
124824
95409
105766
68233
18961
517041
517044
517052
515488
515490
142118
350973
279587
259828
323916
529536
515491
529537
142123
142125
142126
184697
529535
323896
105006
142121
529781
142124
176912
517036
517046
517069
517033
517034
517048
517072
517053
517064
21403
47327
67405
21126
22019
19017
337082
337089
269057
519798
521883
315680
520893
370197
175718
281511
360339
321367
307072
56768
281304
239265
316241
131415
131408
162039
184125
184148
196570
132730
184696
359416
359404
353008
359421
359432
374203
368794
386135
378411
384895
378412
520921
519787
403241
378956
378957
323505
99177
158955
139902
117102
95223
135311
176691
138969
136352
251217
176692
2
176693
234770
234771
138974
524447
69637
138975
6
176690
151444
100036
59195
317515
146335
89319
138946
85009
54485
161030
95272
117103
138829
9
178036
329341
307439
25974
65772
222400
92764
133024
46588
135321
192626
334695
168034
238658
93016
89811
25968
211063
521129
220144
270461
209255
62987
165950
103083
180099
178019
314725
136380
150778
335070
115347
25971
180101
150780
43883
73538
170192
53992
297696
168038
57888
168037
92919
336042
382864
43011
192630
209257
25973
136384
195006
68113
167181
165219
314730
343190
358672
81443
62
284475
382865
309050
26007
85
98274
46078
184903
272649
23323
306917
103073
92
111851
24107
59416
74925
163194
48810
184924
20034
102
316255
91596
269542
62447
78273
149057
129
184960
184961
143807
227911
133
184999
147
185006
150
26630
502508
502597
341671
379155
47131
211019
198512
503419
529708
502248
338099
128257
361270
294553
296790
185049
163
197147
267948
312280
306171
116422
166
53893
281571
368933
57303
231292
159481
522255
345820
165953
57304
65487
70060
59923
102731
167912
169
121915
24762
175
278413
177
20306
361271
297056
374610
298473
77213
185056
181
22126
182
96529
325161
56801
42431
96518
332834
159479
71978
181578
317018
332835
222410
152401
65876
185067
185069
190
46768
171036
25154
23237
198
201
185074
26052
185076
26053
22273
138332
95808
117753
75882
86397
238662
116946
45400
366858
99152
97645
138546
185082
185083
149980
207
118524
26063
110331
185097
212
185116
267951
42682
216
185077
185100
21660
321386
217
84728
182342
72864
55230
90571
96997
327547
227439
198121
185098
141797
98709
220
222
185105
26065
26066
185106
131107
26067
183234
24486
50913
232426
225
67216
222258
311450
50817
134933
371582
58723
366873
90961
114940
98438
124212
307358
46877
61252
70223
124211
209950
249998
335296
90785
58791
62336
108677
358710
68779
78387
91365
238663
227268
172706
90980
283114
237808
94912
91829
230
222419
60359
222420
228
82502
229
87721
26131
96149
171037
293699
70218
103288
88936
191897
131413
50781
366907
306730
51073
336047
81813
350662
93437
231
241647
196332
518008
294029
84789
99191
63560
526414
65271
524487
76902
52648
366965
197674
125984
114145
84387
227280
45036
181360
288795
297807
298487
168911
150334
61624
152361
111422
363860
54021
61506
99485
60709
117758
138547
84889
78769
194996
326203
114942
196323
197681
57217
194723
83779
194997
535989
98675
367043
279716
110066
374703
150336
171038
56417
79514
91611
153617
181370
89742
82233
105091
151145
26153
99974
90253
307360
99981
517241
248823
70885
53266
194368
303833
125986
315752
48429
190709
298696
197524
68387
191092
226092
26157
73424
73425
283123
287831
74254
44602
92504
241648
74196
181373
236947
104009
150338
43617
131410
75155
91703
235
26137
527742
97935
371580
517981
82180
536128
293604
341693
131763
285977
113900
210315
152181
211825
242
185111
185112
296135
294457
243
26159
334349
109595
268261
306836
185119
375047
312412
198225
185115
46362
517472
375048
89004
185120
517385
25065
501985
503473
172339
126383
72318
117422
103571
275595
316975
374704
45777
251037
49982
47664
139011
90171
321554
267558
297897
279
232447
45671
319754
283
278429
374609
21085
197526
190710
222441
74926
126384
284
285
111373
95559
87160
286
26182
44964
288
211083
211084
60858
297898
325184
44966
185042
297129
185140
292
116423
25067
185030
167918
51905
239017
113348
159727
159723
159726
159725
159724
53157
161955
449
56166
130329
387587
344970
358943
185693
504
387570
346092
83865
185686
185702
185706
524926
77251
185710
574
82043
328099
49626
589
110686
79449
110582
92153
96127
372366
507784
357541
275741
517362
372375
372387
372389
372368
372379
529176
383605
372373
503905
95075
92322
110222
237790
63416
171679
130332
74255
522779
78328
82755
185852
528916
670
273483
515163
671
185884
74256
185885
82756
218772
155297
74079
69880
285124
69881
253144
517730
237795
517558
677
218777
26432
185891
185861
522169
522761
512585
512539
139920
154746
517246
683
684
273488
171713
155064
182186
218789
154449
83120
196074
249854
388677
511804
687
218795
185870
388999
518963
55613
333066
281831
66845
332482
65932
137710
218749
190893
112211
192419
168373
249855
218747
50123
115538
691
250213
119423
72684
693
275755
170644
185905
185907
59497
185914
321651
248872
22129
272193
208065
26447
226694
374782
360967
346835
206754
255494
242385
239730
317616
258154
360286
361644
346834
77621
222482
374783
96564
51507
47841
186343
19608
24808
235983
526324
139943
186371
131675
108621
61291
114288
110070
310345
186533
365603
211066
167959
167960
183807
1052
366345
150309
26599
1059
358779
318372
327087
220717
186660
261742
245365
383353
179279
334576
245366
261736
186662
261739
186663
261738
222499
186667
186674
1067
186678
325185
179281
179282
170725
155167
179283
186679
26602
124418
26603
332966
87868
1068
179286
186689
186693
103428
85116
179515
118765
118766
118767
117423
99114
188054
188058
188059
26138
188061
188062
188063
305592
305591
331652
331657
187572
156237
188382
158533
188384
188689
1450
188849
312432
1453
131672
188865
188879
188882
251991
84100
188890
188894
139009
1471
188918
188925
188927
1473
153810
226566
48040
281642
94930
1470
360779
312433
311000
189160
182531
273053
1715
89228
296082
27197
315307
27434
20423
1878
1880
26272
148757
27581
27582
95525
48117
331040
82008
76121
96862
256696
252649
63094
63095
165659
98986
27584
90778
1927
52084
76696
239732
334488
189316
211710
508057
151771
328124
328125
522021
331938
328143
249151
383775
328149
328152
328165
329364
1931
65893
72786
1933
1937
184186
50327
1952
1972
156874
366103
323218
21701
203745
203748
276433
21271
99570
108933
97612
27838
333265
27841
57647
109006
2105
27773
136568
2133
523283
73937
217800
43620
240959
78167
99973
353296
222727
357462
352788
226438
90145
240970
51924
91926
22310
2192
203795
203789
321977
99456
68066
222719
91840
91440
93438
307886
205670
387348
92994
332153
299483
374787
345465
150119
238070
298455
175533
336113
525485
387191
111661
255954
171282
167910
517204
522366
522556
387189
2254
21739
2255
385625
226887
387212
365753
131897
283103
288823
357447
2273
133746
44677
387123
387139
524355
386982
386985
386991
313626
316859
308239
360780
308240
104485
359096
27920
195869
213737
362395
204084
21330
22159
204326
131179
131178
204448
187609
204549
204556
204564
78331
76156
139433
2359
159641
28010
387596
358757
115998
115999
240170
189464
115966
228825
324728
226517
381974
205129
195760
73486
238904
54590
56940
49563
198572
74262
99796
2441
2444
93594
197180
28123
116026
2568
49533
226399
2579
49765
128263
28139
57392
131143
28128
49629
82497
226419
227442
194731
83119
74434
2598
19624
206193
332154
206201
96060
127451
42434
287733
292081
216098
178527
200602
219333
287734
2687
178518
99397
116674
117952
2689
2691
2693
20638
2694
200594
97936
321516
206422
2819
246277
332225
228653
45914
211074
78011
222865
43366
55245
254793
98651
222867
20703
20704
283133
222868
117660
136525
370886
97372
115914
40944
93350
68764
285988
222870
179545
73892
67801
194139
222871
78428
65759
33961
72846
67935
93911
306050
89783
221386
28618
103950
228671
136527
99332
71162
50008
28619
99920
49142
49261
28622
333268
168178
166616
299656
306738
57659
111806
49650
28627
65680
82176
245597
73185
228683
129355
328868
92881
79033
237189
283146
71009
279764
105225
67050
87149
70663
52386
382173
151085
94535
179757
179761
279767
206584
279766
206522
60130
2840
206585
374324
312581
74064
206586
167814
46232
74115
335095
283136
105110
167815
167817
73186
47579
206587
2845
49188
196144
62404
335081
97654
112609
2846
67086
28331
78645
92066
345674
2847
28338
72977
57463
114767
57102
56789
48077
73112
334346
62038
237187
67764
47896
228065
299443
239033
151920
93089
335101
97589
89315
55486
125327
54472
42961
98023
50172
517432
92447
86335
80817
86203
69054
227986
97717
55416
85714
59799
98463
28354
51062
249504
86298
228664
28357
65966
85378
75208
322331
28361
317632
28360
80041
67485
241722
59665
2842
84606
97390
137771
92091
86589
86270
95065
241649
79922
522090
322333
52912
153070
72651
28376
28379
28380
367130
52353
89819
192462
42882
95483
42883
84003
46796
46936
54739
64083
63931
70032
156034
77831
64195
27182
28389
28390
114456
124865
517412
92239
28394
93045
28395
103528
109395
91658
45305
89491
227474
97290
227475
28417
64888
221388
194706
287908
76526
95485
82201
69493
97074
97061
98329
328021
328022
68881
2853
84004
78792
52933
46797
137004
96714
64197
95912
109116
2854
74776
124867
317633
71163
210369
517429
55371
99373
62185
114770
63344
272898
54358
91768
334716
28017
82202
93447
98850
93448
228675
124868
90998
98851
83911
28453
64793
98618
85170
99256
210371
55450
92860
90898
241430
96030
111693
51612
58953
228679
76007
182737
285989
333269
80332
53439
28468
99420
534580
81250
77844
114771
517367
49908
65354
169564
60668
222884
94311
194270
239034
106983
67244
61457
28358
66705
73568
245318
46798
322452
90328
135383
367135
70301
153073
216988
194272
221389
117947
222347
42180
48029
96762
43711
322473
62619
74540
79994
81287
124529
28502
97142
68798
57751
155560
153074
58838
326375
315596
95337
66086
70606
57405
522089
382870
153813
91033
283134
534847
49260
74698
48057
279260
91585
206588
45495
279769
206589
2862
28514
222888
222889
249507
222891
28621
52991
215280
194006
521284
28522
28523
41021
237191
28525
95712
106465
387458
78416
104878
352633
42532
316374
111170
328012
151077
89149
96782
191252
64889
93650
151090
110487
70747
383356
58827
44789
194713
299487
108992
237283
109012
110580
109401
328158
28532
88732
334720
108285
28534
194719
69325
28535
285992
97112
270926
168941
387461
2865
2867
228826
2868
282113
300601
64461
67886
2871
117712
237190
51031
89931
61130
28544
28545
92376
92396
94229
44857
69055
28554
92152
98478
97484
166266
28558
98088
97489
98067
45072
91278
55133
60211
165430
99190
96637
54245
28566
92393
28570
98436
43998
92554
92785
94678
99919
96713
48892
98106
210375
2836
54032
49102
46902
42601
81596
63343
200499
87195
325552
68920
270927
92584
47666
57672
85104
96041
43599
75082
317636
82156
72446
72502
51502
57525
71528
55465
28600
139707
238795
48028
97058
28604
46722
94193
62541
28608
299488
328895
2993
3015
94775
297737
207167
256954
3135
89414
28828
344171
91769
375226
271351
345337
358761
375225
334239
273151
207695
312591
336715
207696
23541
3159
28843
208257
89355
3173
381873
208441
94762
226097
208445
175622
380417
208581
97563
122016
302801
169886
145724
322753
139094
143318
271164
271052
99077
3286
28928
241758
208596
62081
96449
49119
91507
45482
115350
96664
270472
208621
3307
98640
101010
28947
3350
351290
372648
331108
372649
372650
331107
305864
209331
209330
3403
134578
124219
346050
88938
77430
343130
139117
211080
95578
137095
211180
301698
361041
343901
273429
301699
360237
267556
118772
313941
28982
62222
178041
87270
119583
209472
209617
3458
78199
3472
268677
46373
90695
93790
150782
358673
70601
90200
137757
222960
280438
98546
153794
92938
95513
52219
192754
196401
96730
83559
250075
85866
380897
103904
90323
120447
81779
51664
86951
43807
319968
180105
85444
95894
237047
65454
93659
93098
115352
226103
43611
363859
95165
120448
89776
89256
97903
99348
59209
29174
44523
52186
72086
29185
29186
210046
46437
3694
109663
162568
129122
151735
155786
62627
210415
82278
226780
29214
29215
114776
97272
98024
79254
118072
141200
29219
3732
312648
333270
378711
378712
210610
3766
151144
112601
380898
380900
130539
55627
222985
124398
130603
141880
380901
130604
112602
380899
96024
29235
142613
144467
3770
118008
212513
352857
383412
187786
226696
254508
360201
243579
143108
129220
102172
212966
212967
3889
320578
212968
83394
109957
212941
51489
157881
384894
212971
130542
3891
282570
29388
212951
111448
212972
111304
136064
287133
111666
55274
86014
73386
178275
110367
212976
3894
104488
212965
110355
3887
75362
320476
320485
320486
320524
320460
157868
3888
212970
320515
320513
21997
48650
143110
212945
29386
90013
212948
91243
320533
157876
3890
112976
239709
29391
212952
97929
320550
94361
129293
3896
3900
213015
213016
3901
213021
213056
88887
361377
119054
180628
157945
93155
29218
29544
90440
121916
227695
98467
323029
65158
98775
213362
4014
334762
213364
4015
213371
20919
323088
24118
86033
30553
30571
213783
213790
42507
81363
246109
143327
256747
95884
239286
90939
238656
355935
153869
285997
114299
181193
124687
294651
358323
287995
282074
124688
281331
523305
523306
334285
307392
4360
254249
219209
220561
194918
286759
103108
323110
350934
182467
56359
352648
284989
49554
285996
61447
386608
296742
263226
378963
30602
334175
151406
364940
364941
214458
4364
221984
178380
90677
382874
382873
382875
283344
521044
212954
170441
177981
30663
30654
197748
519362
534741
517780
533268
4382
97401
500413
204388
89069
244280
270475
244278
326217
120461
258440
155716
4385
198690
270476
308615
179791
81215
98945
252939
374638
374639
152092
170776
95510
198304
79314
49144
242615
121917
53147
79172
285161
151431
124265
30640
529870
191985
198305
192974
350663
285164
239417
324502
204397
178921
133748
233353
366111
278136
150345
73105
222296
146005
385742
272619
298458
306618
294647
204401
269544
261727
150346
192977
124297
117426
529872
325314
211187
192978
30644
206665
30664
30645
134942
372548
359097
239418
91338
124266
269157
222299
79721
325315
165962
42926
251042
151433
316578
179569
204398
372549
198581
90704
96780
84394
287115
272919
521877
66733
4395
4397
152372
140475
521518
4398
4399
48171
81459
30648
72122
191987
333271
113902
52421
214616
214617
4402
90314
68692
30653
71735
33952
30661
289116
318552
372651
160621
139996
139998
160622
212956
179790
183804
372652
334688
134945
183521
183806
108678
108345
139997
134944
110067
4417
4419
30669
120463
214642
180754
98759
53148
65789
4499
251706
75688
25687
334931
4501
96316
91246
323285
323284
4506
85552
92278
74258
4507
4508
4509
30700
214705
366757
270233
255203
97648
305611
94011
172191
30706
42669
79652
139175
79628
72619
60445
59657
92005
80634
324337
4522
214725
214729
333272
275577
333273
194171
337917
263243
73005
329197
272718
47934
214230
177982
333413
231054
370181
256079
248647
84392
97746
329198
153075
97310
368547
177983
4553
101121
194168
323298
248646
30728
131692
323328
30781
302254
4570
20351
323301
4582
60214
246422
302094
344865
4593
4598
21694
4602
54185
97692
30752
4620
315709
4624
4629
310586
30760
4666
67253
323345
50328
20362
4678
162567
175522
143313
30770
30773
95571
4556
96278
68945
4563
370853
73457
194071
102616
228764
25849
55457
30800
227984
4762
25876
80217
136569
144024
4774
312998
4775
97783
89041
107611
323468
57462
4776
174696
516668
93119
323466
25846
143119
138336
235477
111331
158137
247303
30840
25813
296065
30807
4765
305580
96099
95691
323456
516629
66437
516633
387323
516645
97242
4790
179794
382515
4791
334772
116316
284971
91949
99166
76800
314733
57064
334773
168040
307617
126626
130634
329694
210670
254014
69812
59552
360926
71612
58392
358675
99976
90068
137186
284974
85768
137476
137477
246008
5074
75923
68593
137481
95073
69967
86457
133025
98146
329734
321515
214896
163224
332127
163227
121648
57491
269024
316987
75108
223160
163225
5160
62460
172954
305579
333260
85635
218286
57866
69154
5306
93842
353083
228223
280818
269160
238451
350952
349071
154125
323815
97343
254233
369346
369347
93813
5316
323807
323818
158338
146072
56421
31151
151213
280105
219927
376030
281971
65096
309919
75577
49195
81847
102958
5340
5343
101168
80883
99724
95920
534957
156364
324056
5345
128393
25208
187814
320277
31162
5367
69289
24457
323853
101173
48447
31781
97168
5928
5968
226105
5978
106113
31847
137617
6014
304076
58174
79003
43918
304077
176656
31916
44432
96839
305849
137199
6253
6265
31628
86001
350665
368687
151456
169196
43314
169198
221587
31997
522716
6314
93598
361204
26707
528709
6346
49759
314417
89269
226107
226108
226109
238681
97226
73487
328169
6395
239351
188021
523281
6397
118143
113912
91403
381890
32104
318579
293440
223357
83101
66556
94614
89372
59387
6599
92599
99092
23556
333326
333327
69703
6677
6705
6732
51971
162426
210449
334781
113911
310253
379179
6876
241761
65995
158704
32640
19676
313942
90809
20053
6878
158710
167932
19679
505315
86320
158714
19957
324309
32644
6885
6886
6888
285914
282149
287681
377012
121876
263244
374994
6889
6890
21834
82652
6892
521465
6893
6894
46894
6901
96849
374763
6906
144912
6907
20051
120239
6912
329225
103001
6939
6943
136664
169760
223431
6969
280088
89363
158762
210160
104322
211192
169704
165249
321528
6977
59825
324785
99750
169706
134312
56154
97545
51080
85825
90419
119850
178922
6991
332174
331455
22135
205851
137097
194747
181192
191990
205862
134951
102836
55774
90465
97265
324802
109689
7005
187391
503138
7007
7008
7014
7015
205886
354543
32712
7016
324819
32714
7022
349314
95499
82614
248780
7029
23496
323292
7035
115157
158768
48584
7062
32739
239575
7072
249093
204582
7075
7076
32755
131510
247489
7102
51090
234084
44266
223450
334240
170874
206727
88381
52230
95609
83213
360551
93166
95176
85086
137830
7147
168469
198563
381477
90742
182563
185322
374127
7149
7164
106124
7165
106125
7174
251988
504080
371934
7197
270005
255315
97233
7198
124216
56327
62891
227521
505223
332964
333252
48059
504099
504879
324033
251117
306898
507854
324605
529332
243116
505224
179353
85181
228582
49469
324030
79273
196734
308410
42778
104298
103262
220396
103785
279358
306550
73467
57305
49419
7199
286053
387720
503989
7200
95720
187847
192114
32853
7202
104585
536509
70444
77243
304267
120472
7207
93080
164300
273475
7213
158819
187848
93984
536202
109569
7265
45001
108119
136547
325229
7267
279516
21629
43207
21700
116948
89514
20724
162563
7478
69270
106130
234978
83243
33037
7609
95309
7612
87554
95692
7654
23789
83312
51833
169711
56305
182509
114516
104204
114517
102219
81499
105720
54813
68554
7723
65679
317334
352805
48996
166031
271349
59527
515086
532581
321655
283864
325233
90133
150399
328085
178500
124669
114664
114304
84336
126442
180997
21680
254519
74495
154768
8115
33626
79917
345478
33627
110163
202558
8117
8123
90215
8125
87800
8124
290499
307108
100045
24592
122323
8211
8217
269824
94192
170872
270615
270618
270619
227244
33709
169190
227243
226114
271438
270857
271444
271522
271460
271538
271481
271475
271516
8243
99992
270444
170879
270442
271141
33699
269880
271574
252297
33700
269882
270859
8246
270575
130519
91927
98430
179806
154032
198649
94441
130089
55086
33702
33703
8249
270128
270692
273235
270561
83489
33704
107216
270694
271411
202324
271544
271552
271561
271453
271447
8250
238693
270572
89605
98246
270574
205514
96085
270706
21628
271423
252245
271429
271434
271450
271426
271563
270858
33684
138348
270443
87634
341707
154013
33686
251724
177316
290522
270037
251725
89444
270038
341708
8240
270363
271050
95310
270039
117643
57579
355077
341709
341688
86747
270616
270617
99236
205490
154028
114521
138357
270124
270125
315605
205493
270127
138352
227632
153255
154029
138350
99046
270130
90268
205500
117645
42452
33688
355078
89037
33690
270172
94963
169185
92720
270349
154030
77881
521978
53206
59102
130091
138355
270347
154031
154011
8241
89523
138356
205507
130090
96357
169187
33695
68467
117646
116949
69522
138358
271418
371554
33856
43091
91194
78463
206728
27516
27529
87644
358354
8445
40254
75426
516845
516868
48070
8730
327170
137447
137448
323864
40522
40530
45958
99789
271432
175833
287732
176913
346683
93785
325729
239743
353409
89566
40539
86781
340889
346688
126741
346682
346673
70488
199822
346671
288735
340887
40542
294698
153374
153377
114547
212325
81131
132882
90118
346687
214485
308903
322014
65460
80395
346689
71943
85323
263472
361014
226254
346675
138240
316564
307643
346674
138241
352809
132846
93257
124726
40566
8766
330956
135608
135609
124725
93256
125664
239293
23759
8773
70329
95880
93232
8843
8852
241215
368954
510599
254416
191139
97624
248873
325295
327439
326898
63034
326897
342468
305896
305958
372622
372603
8905
342077
93952
57945
321556
41745
95526
81201
95907
67181
223899
510594
510973
510530
510671
510402
249633
510544
510429
529186
511221
529123
510513
510874
510449
76586
8948
388040
388038
40828
24757
8950
329654
8951
8955
323887
8956
510688
8957
8965
8969
150772
82407
9025
94913
48960
345366
93687
112042
160780
67889
47294
97772
155715
93110
89484
99561
57817
82108
92757
223962
254836
97146
115575
99648
336354
50975
96612
125533
89248
41070
41071
82260
65162
69595
75559
154440
41075
140135
96613
100049
220564
77543
41077
115577
269035
98305
154442
94507
41080
9110
210246
41081
91956
220565
90142
96308
41086
94007
41088
138225
100059
41090
135405
268763
48797
58404
41095
323619
93845
323618
135406
9122
96159
365901
135408
118546
64961
331173
92477
333890
326952
318694
43464
95423
135412
48097
68418
94283
90905
125665
325173
84893
20984
41110
9131
374033
182615
221226
80865
254045
269360
9134
323930
182614
182616
82826
9135
286227
25819
154510
21905
105724
327920
101021
81273
256546
118793
256547
41129
91367
88037
94113
90148
95618
99006
258280
118355
118356
60462
223965
211097
87123
223966
223967
288737
171795
171794
245154
207484
213175
287164
177153
118353
54463
117328
98140
73372
252059
160781
90556
41025
118629
234035
19894
500234
9420
118050
94938
114146
102002
74035
9429
507791
507790
215762
9435
9451
42475
69022
108942
335076
329854
292048
329780
53075
9542
99220
62695
9557
53683
298444
60301
94349
98325
99993
47624
9566
9567
134563
94947
137666
9573
153266
87338
9575
9576
20493
57904
98406
70440
69056
84389
111506
139990
160782
298885
64519
68803
76048
78034
160783
43558
20982
9582
329875
246044
292047
9595
224022
61389
143233
83497
92385
224023
64616
50233
329838
9625
74874
80744
99002
82346
80428
43236
356489
97713
91249
319967
110634
144323
9629
83646
78755
137147
329864
352129
138590
224017
329868
224021
329927
9584
78035
74919
329865
92726
133028
9704
77501
361189
9708
287165
67748
297573
56794
83655
101671
205673
93138
87530
359897
84902
309836
309846
319824
309851
375364
309857
309859
309863
363764
309847
363793
363763
341351
363761
312778
312780
312779
363786
314157
363758
360392
363766
363771
302513
363757
363760
286084
360393
363789
363779
363759
363791
363774
363787
361021
363772
363767
374457
75993
153264
332686
331050
135107
70531
9872
9873
324123
236023
100450
383698
504569
184382
332270
192607
9967
63584
515238
9985
224081
112840
10023
317777
167720
106153
10028
95597
98316
10101
153623
77549
59890
255962
324958
69040
194417
47818
240085
91966
87364
78015
352737
70867
10108
105996
105995
167791
57073
383384
245964
53447
222312
268919
75842
54406
245370
145957
89178
134954
241241
174708
195879
94540
52817
366848
59805
146042
134955
124381
239425
241244
307744
237350
237355
98807
193455
224159
254015
281122
187420
270341
21317
10477
308078
367309
324214
367310
367325
10488
10499
78340
124775
10509
367940
367308
10512
54843
281098
10531
23484
138245
136551
381196
288037
245959
89320
61422
10658
177859
178924
81963
155051
46578
58435
257583
181749
92463
109230
140607
241659
324991
94778
204191
370235
43335
517495
97569
121414
140615
181750
121925
368717
140732
93009
522649
209678
524788
301640
303797
387470
387471
196343
154297
155053
47918
154295
284815
54163
517496
88252
154341
524728
63953
334937
309047
154344
154345
125426
90547
325773
50740
46873
346030
209680
269170
155193
235046
524815
125963
375159
141183
76927
99540
299318
178925
517491
524831
83245
154347
517538
318068
346029
342434
67119
524349
300637
254256
134763
59066
214962
125964
76717
184340
184341
367145
70129
133753
140769
63852
181747
235798
217850
44407
352608
325317
254258
235796
272675
235799
329500
69140
78323
385722
195074
69141
317007
78324
178926
524807
254260
257584
241669
62340
522500
521675
284816
176163
74490
269176
287510
195802
118867
325807
367146
58385
526484
375162
278324
301643
504712
272206
521967
284050
62131
41990
272678
272207
316224
343773
342435
524521
343774
517467
235041
124271
270500
120020
251865
333056
284814
150392
284572
284618
136586
334506
157486
84663
515396
10694
211249
42582
254016
152347
198872
346084
344244
143316
368379
138334
284533
284562
337961
284496
381518
10696
517299
198040
118811
77938
195069
373670
375040
77939
90428
57231
239932
65554
198041
515146
336914
184295
184294
107260
343392
55829
294733
343391
137294
65428
105342
10702
363388
312794
524818
298501
511712
113354
177857
250732
256371
298502
10703
324336
526621
386963
370015
525805
10704
95584
10707
139125
138523
136589
46775
136588
140324
140778
136587
85793
10709
121926
284039
528896
23721
140643
125968
10711
99150
159708
10713
178465
154682
177638
269173
176152
154680
256387
106171
140651
357410
517500
10721
72553
250539
117431
150356
41024
50247
107265
61904
65432
177861
269174
75578
254532
45238
233360
137324
10725
517539
524306
524290
138295
138520
130968
269164
385470
227598
75881
147826
150078
62148
119226
256348
46874
49007
533199
154360
74812
60020
254017
69738
73097
517497
58160
62941
83444
86596
51161
46057
49220
254019
140668
79688
105101
143317
96509
59844
178466
117187
10727
117188
373995
373996
373997
21297
80901
209770
226123
313395
64079
313426
332647
10734
177828
77123
86740
187255
313399
10735
308671
44137
218431
314114
198449
232633
331472
337632
376026
313425
24680
131472
57192
98703
113528
92614
177829
77124
77125
71336
224197
224198
138380
169622
84178
158301
368040
388121
377067
85932
238787
379825
311148
375604
328341
49607
108631
237270
124623
231522
91065
211743
116626
388122
50623
65368
171023
224203
197956
306356
67684
237193
124642
224205
237279
220430
194748
300966
255965
379035
238791
206732
367689
105128
360266
67469
147506
319063
228334
215094
332235
158962
191741
51494
25845
190901
206733
307644
84629
56963
146751
269082
388204
75668
104053
308657
177846
146750
63411
254827
78516
104171
104274
54278
88597
156001
518338
376077
315460
516383
299501
379036
69783
169623
231523
387710
136977
306359
363817
57764
301530
85931
276524
224212
331508
84903
331521
361168
346362
139148
43575
346363
505728
86648
520661
55555
169769
81479
87271
333092
338208
48760
297718
505266
233673
63088
55360
524646
51774
122463
102558
51701
67221
362105
304110
304104
336058
151674
295558
247680
150445
70592
374793
69103
179447
178311
133956
57972
116263
101768
113648
140266
76597
180038
132541
520683
43989
83214
66558
105308
79219
70773
304105
346372
132331
346376
267574
85191
68404
328625
48411
346377
59515
103839
59516
102514
45628
342982
57778
86832
46442
224219
69639
77745
105310
105047
142366
132747
87347
70630
142369
134057
105048
130109
87382
113253
190734
87384
113254
84977
132370
346382
137030
71073
271018
515118
103253
63303
133977
132372
122465
133997
45855
247669
134000
524647
73746
42465
116268
150134
50396
66641
178318
520646
524650
102075
524651
87386
199488
71075
103492
177227
63304
45527
57083
122469
42895
122470
103254
47730
54997
43766
193272
255286
82248
113259
42466
76972
346397
158684
85591
113260
165428
102032
43797
49926
342402
42833
263863
84995
65522
77979
338777
338782
194603
53448
59421
49288
121580
83029
60041
224221
142373
158698
72343
104762
102217
55993
103416
211018
60992
346399
102750
218525
338735
69435
171224
142375
211020
347464
203173
372830
138490
522155
236177
73926
346415
317142
83621
377903
164107
49048
132562
211021
136976
46760
87551
165429
116112
279760
101805
346418
346419
139178
113272
224225
78627
113273
72705
49064
194602
211742
132777
132778
44425
346431
346432
346356
324609
72956
78702
211024
190741
46367
210613
61216
361172
74613
140877
71369
87072
343358
64318
110282
113277
343124
71799
113667
240417
324608
518486
114668
83375
378998
56027
341746
226467
369763
248572
524558
306021
67912
369757
320187
10770
10774
86917
151503
159705
202470
10779
49939
218236
379040
329139
10786
10787
183982
103579
10789
151502
62389
363816
329142
139213
227644
78835
210458
88603
50195
111619
10792
128044
45652
81881
254021
56983
71793
78647
80946
135402
84784
10781
515249
63260
77664
77665
515248
91630
331057
45895
55898
136642
25804
65624
118461
241672
205183
337962
141792
111547
62784
86426
337000
231986
361672
232659
79489
70548
257520
329955
299746
137099
382787
368719
152225
64677
64748
11105
512568
174727
234642
11110
211211
11166
522958
247867
156662
528885
528856
520520
90394
11192
523020
523052
25104
388863
388862
386880
388865
46790
49780
184050
304336
56394
65866
63391
20942
184111
11237
118191
88996
24320
78182
11295
370597
11304
68115
224289
113815
51020
11311
75605
74329
52498
64899
64900
59207
44913
219622
221234
224290
11316
241851
307376
11327
317525
317662
368550
241673
247419
202129
318062
322841
326289
344248
350962
317661
318330
320173
198891
336530
121295
112579
256988
248132
119921
331593
537237
159988
54429
255940
83437
57250
98456
202473
193555
273478
61895
22130
329446
219133
155868
273547
524441
11750
329524
209772
136552
11760
11771
47791
53096
59488
73419
11779
49656
516779
516783
119765
89265
168374
523069
11871
333072
332448
535558
11880
11881
11883
11886
141243
154751
523059
534868
11908
524287
141235
329526
11980
11982
11983
314916
58298
11985
11988
62357
84456
234921
94432
116640
224406
47145
63956
91896
41474
98291
82816
49232
11994
11995
11996
89015
82815
378112
329527
329528
78365
522065
522063
522061
12119
48369
186966
138124
92573
104798
182410
116685
70890
369993
219135
106203
12217
39100
521260
329544
12342
239764
240067
240066
238341
84088
12545
120477
120478
41475
120481
21291
43413
174726
386591
515350
12627
75199
91771
329557
79251
224509
55593
224513
12659
12631
28098
12668
12670
94765
386882
126599
500040
386883
12672
389093
304371
12684
200018
151076
334862
91178
94527
211312
224529
12791
25404
12797
12799
12800
100518
45056
329784
12804
329786
98113
78651
533985
132239
87677
103988
12811
353403
351503
369395
329798
12813
297180
99292
272851
91374
377215
375001
278325
269025
505069
349927
94829
210906
47146
334836
369394
320144
257506
253774
323355
50944
331600
20904
64843
60193
48955
115982
79229
332100
20915
153988
99875
66614
90634
67970
131258
140956
108681
90592
348240
116034
319969
47324
314738
108670
363128
217791
367148
224537
59793
142049
329993
329994
85797
103766
90319
136403
42634
66446
96049
84378
174707
70734
95172
12994
224545
196453
124101
142867
96210
224546
12995
175400
128954
12996
99424
78587
23708
13000
41805
90119
162461
165971
81515
331610
64958
81516
93623
96221
117190
82424
191109
76144
68304
89974
252862
49550
92004
13004
275489
52300
66346
68237
31923
95484
77818
224547
96510
53120
68477
93632
87748
25151
55310
320616
107249
105437
13019
142650
184006
147799
353020
43808
375549
72388
55340
13072
83200
66166
13076
75432
62395
220549
326314
103474
80710
227712
326315
298437
326316
207307
253666
385696
78795
344281
61003
385700
79939
226143
109209
98403
49154
43957
238719
515495
142736
76778
48800
168050
57022
46617
66912
71624
334841
238722
63382
361088
224567
253669
327552
97278
150796
19718
202348
271627
167713
98343
54124
102364
202346
270177
270178
13186
13187
13188
13191
94908
140567
218432
218471
140573
140575
13195
122327
13202
77208
272769
134268
220210
13201
75059
246352
45314
124409
235505
51277
68494
241419
367797
75374
46330
53823
153941
77301
71308
59953
84756
221604
140577
13205
61258
92045
134267
251120
44434
13234
516937
48343
82050
94126
82066
113758
113759
170977
305825
205684
192758
152072
74252
170978
254047
224574
249136
335100
13355
184316
13357
13360
179764
74841
167187
251287
297742
254049
54702
224578
58147
167190
127460
283859
13499
331864
94236
53018
58464
13534
385280
237715
237714
187949
173333
241856
254544
77355
43183
206313
13927
256641
334843
334845
302082
53972
23349
84127
372592
205676
324399
103637
328363
172406
96370
57783
323236
25767
162439
361598
322913
86801
90697
25768
301907
94450
322909
168801
64496
226508
245376
171109
377032
25786
334001
76220
99409
66852
237299
95899
44879
58875
60277
89980
92498
332693
64401
93588
89234
67715
105618
64223
309116
258153
66900
77727
62797
369409
328390
86753
151372
160700
13949
336267
51279
334930
62523
131851
60608
111294
160703
323239
246431
299171
63464
163408
50948
163407
281065
385266
70917
85972
13964
218949
62524
196454
129066
21482
318137
13972
111742
200787
70925
179814
58396
109282
87048
57371
534230
534203
534460
534893
42827
94561
198466
103122
151445
57808
331787
67538
14006
25783
55101
275153
84190
83032
107592
325249
57938
334059
117483
331780
378445
69180
85052
378446
49864
323021
76571
156648
269018
331788
331773
224732
332156
333425
208575
87684
14031
151402
66260
61819
151360
14034
331728
256254
14026
331725
331735
331727
331719
331720
323023
331732
75793
84314
132288
64642
132844
75304
47608
48331
211793
246427
331772
311376
13971
96005
237913
237916
237918
237919
323036
66396
14040
104687
25784
94841
331781
337010
94024
96579
120506
44404
82253
90730
57291
88612
118821
160724
85695
334858
343725
80679
46035
63239
24753
14077
24129
325012
335103
45283
267570
133756
81174
21375
87389
524138
14189
150406
143144
150323
67011
14195
97931
120958
120960
165982
42617
66901
320087
70048
286940
224755
54331
80987
79022
23529
324391
73598
14212
63757
88609
44314
57099
58489
84654
75640
44925
64799
229846
61467
48288
51013
42936
71483
132021
60629
54649
75242
50486
65237
43209
50151
84152
132072
57280
360399
74331
247681
230984
344466
171636
375612
63354
75488
171244
60148
71154
57162
79866
85419
49097
332294
307115
226319
216808
80716
305581
378083
144029
151505
151499
194750
56864
58610
117484
162354
160790
151515
133910
111333
105397
46287
98749
121125
306893
137520
14277
163223
14404
341696
198049
334509
14452
317670
208183
14464
62762
198469
254422
69406
522921
106229
98435
66272
66140
14867
110258
99391
60795
83331
110237
79394
138502
100606
80964
96299
25848
46558
131071
254051
45981
97773
65544
72937
153053
103753
82917
95610
47213
108256
81877
91911
58683
101773
56997
99304
92754
94156
52081
33954
91155
42425
138865
71930
94238
91138
92442
90124
89485
142468
68686
43270
99083
72549
54182
287188
84323
66928
119810
382158
374758
224926
50014
153928
43146
100030
92031
153898
101347
61579
45274
57172
91149
46116
90371
89571
75618
43475
316228
97409
135531
45284
254755
80033
328395
67121
350667
350669
275722
315774
68134
91309
326215
75580
180265
95754
90438
83103
273262
94646
96351
55108
94499
49213
107667
81213
85950
81388
524603
70485
203462
44697
131076
91867
62829
78016
94335
51936
84998
77496
86684
55738
184399
87525
70686
166369
52790
99978
33992
159795
72227
290741
82529
174093
49006
74405
174072
98975
71068
86935
84526
62472
346032
65526
88990
75473
116978
104767
75826
75790
107156
323585
82790
70102
48268
92835
119847
68867
74182
48220
94400
170511
48221
93402
85687
15457
254758
537147
243609
89798
56678
254263
63199
92109
95040
524556
97694
43977
217720
48563
280189
95430
220639
93076
96601
138911
54806
177049
81616
90216
230985
62089
86447
105155
97012
63019
117694
48480
151344
95173
98613
110524
90113
379184
45216
174076
62305
89606
92458
323584
14806
98855
49957
93899
86872
91191
55723
92448
94145
45696
119890
374498
524841
44451
65136
524602
56224
89303
70604
97129
90649
228003
51444
299556
97976
152863
60905
82301
174055
151989
94809
119809
321290
119811
151939
90652
22056
71239
119838
94103
85810
153410
95575
81919
97947
51868
91933
20732
99716
90271
97863
95798
119846
83650
71109
99673
130402
119651
48113
78468
78053
49648
119891
119892
106987
70198
343777
92675
328396
234511
93781
73412
94310
196879
90223
323598
321402
97919
315775
90188
89755
96304
368385
90398
306900
322335
14885
331920
84438
97516
14924
14927
132802
14944
199000
100418
14990
363153
15001
100435
322371
322372
171329
322373
181917
351455
265708
15134
100683
138889
234969
95180
15193
15203
89956
80229
76662
89482
100715
15249
15263
56149
81175
20921
107007
15295
15298
95018
524681
15330
331817
53637
15348
151779
15357
15368
96623
15369
368384
180614
81454
324892
329365
162491
15432
15437
95917
15439
90882
118282
239382
15445
15455
329275
324924
201939
15467
100798
23688
108893
15523
191257
100819
15533
100610
96628
15549
15557
15562
21493
89788
93426
94894
15576
90404
15654
55023
15669
15670
156024
15683
125281
15685
15699
233022
46803
41335
15775
85585
126734
15792
15799
251888
241550
170662
212333
15401
93380
211045
15805
94373
523500
15199
138863
225007
130386
322632
152798
81455
42731
160892
44778
19610
15838
20902
211111
105810
104389
237275
251727
263253
211112
15839
226553
15840
15870
52123
152525
227604
115920
91229
500134
220718
53307
84791
192880
192882
99172
163411
45937
227316
251121
117962
88640
255971
63283
66658
16014
304644
329175
51425
16177
525295
94401
16178
16180
137018
42257
355211
22605
204023
74998
99454
225327
81411
53577
324230
73413
48301
171114
151003
178074
330687
324256
148267
16236
374036
96687
98433
226240
239633
134884
95487
16247
16252
69569
48840
87665
66597
191351
16257
45196
16258
16259
239635
16264
73043
221178
16267
330685
99720
148273
225338
129948
324196
50030
49803
95836
97778
78399
148278
72648
244596
16289
16290
49117
324241
324237
61047
155942
40653
81798
351041
16391
50844
72162
328016
196308
225360
113986
49337
352905
135880
368089
50846
120270
333374
139890
86834
324184
304560
63760
95845
370002
370003
277982
344123
93624
277983
170066
16795
58935
51882
325460
382343
367555
367556
16815
279504
508275
504245
315261
155330
110847
98672
16816
354661
104928
67854
379157
83033
77357
76096
335187
17376
153900
178286
300058
149972
43752
351644
252271
327126
60945
247898
76359
93427
164816
209455
54402
369516
265786
341913
92892
130312
324604
364300
296809
94155
94665
100243
296810
327259
369446
344301
336584
171041
252877
94994
17408
87490
17411
322887
120175
85295
17400
130503
70283
124397
125089
233234
17504
53347
330022
220720
332389
271387
17510
131465
17512
330021
20500
17516
323357
78925
334900
171400
272679
152802
61717
25811
252161
369615
60024
111503
210934
99266
48634
150218
132494
118425
212612
518737
24215
171403
17538
332263
229661
46923
87400
89018
195874
256262
209817
90645
93183
69955
324057
171466
171465
171410
238578
369448
380648
238573
17545
109626
17546
125204
89255
171469
238526
53789
17558
238575
88678
43259
25884
238571
88675
176886
241783
164163
93324
97026
256265
17562
121065
62378
332073
95316
324041
113710
17568
24222
21695
17572
17576
103470
114658
24217
17587
184438
332062
17590
17591
238631
244507
17594
17596
239780
271694
332360
24218
212613
24219
17608
334902
25365
225640
103934
97559
86756
93388
322241
86922
323960
325812
22834
48082
57438
176024
43495
112321
76395
17724
149372
226158
258568
85941
175276
141112
17752
524885
226160
17753
17754
17784
141791
63460
17792
137297
197945
21550
153654
152895
22241
306832
82161
17807
115143
112539
136264
112838
353066
382902
198062
350972
315995
17863
323215
328104
378522
17873
90622
328084
291677
73030
51263
374325
351253
271699
113702
113705
65545
253340
309553
357865
343779
343780
329056
62925
197776
72424
119028
202850
89543
91384
69044
51366
70202
165064
17925
264468
254059
119022
119023
17927
272629
184117
279360
323729
17930
99011
358919
46264
323701
58779
45481
304379
99884
323720
326260
95595
192893
96089
118435
373956
255320
118437
89771
47942
99353
93497
99842
92027
179565
357417
90062
60621
95108
225689
93233
138510
334940
56003
118443
85422
21292
95080
97984
322914
67828
152892
50436
344304
161482
323106
161481
56738
323108
256191
61673
329041
47174
47175
105035
58409
43217
19293
322006
322007
81157
271705
72516
99023
109716
111785
140424
91406
72228
125090
18005
144184
331757
117279
518671
58398
24115
161506
18046
344118
323472
300604
106272
121249
25230
18106
331893
374009
331891
181625
68725
241059
331762
225704
83755
220110
320226
91497
75683
53371
18154
44836
220111
346406
20376
98005
161917
357130
357131
154892
138610
281830
524425
515385
83023
323508
161623
323507
271456
271458
271497
271500
271502
271519
271513
271489
331927
80973
45399
54156
308703
18575
85508
66359
99745
323249
113709
118840
131918
53124
345488
193085
51663
231112
295272
231114
231113
216493
287114
258501
216491
231119
286824
360695
275111
216497
18645
251901
72481
231118
324666
82189
109409
131841
160233
292621
131842
110296
83229
64215
292622
115588
267047
292937
74672
107850
239712
511134
18670
18672
216496
41533
15186
18683
42144
323272
49208
18694
161755
18699
18701
18704
18707
30707
86731
332209
18720
18734
323277
96895
180779
225815
225816
300334
315807
89221
332213
219267
170085
500104
41446
18886
89716
18889
18890
218441
20901
18892
100355
100354
74890
18899
89643
95380
166039
18904
41461
22606
100999
121204
18912
63049
321531
250366
18915
41469
506613
89609
171197
166284
41473
500275
344121
115921
194433
346015
18919
60569
89417
89418
45677
41482
89969
93368
18922
213852
232561
213842
254552
213844
353385
233357
92212
225818
213845
76852
213846
213847
69137
98611
41485
249279
286937
225820
211237
222317
60590
49764
326866
274974
270525
96350
90326
252011
59110
347328
258919
41490
325261
94896
76853
73825
324524
170457
324170
237273
358667
347327
329960
18923
18925
18926
18929
18936
166041
91000
70552
60701
41496
67829
79525
18950
96126
98856
349888
91825
92200
302763
339539
75085
94339
117136
41500
90551
152841
60958
380578
41504
153171
18952
18956
92788
96182
99308
91214
91671
99144
91378
89766
89767
332404
108045
332405
343419
19027
19030
75957
91668
124102
97890
93517
225840
61915
86744
82848
65568
83486
331119
370009
368050
338107
124103
343379
77235
19088
374007
19091
75532
91392
19093
54864
128254
19098
329016
106281
19103
258471
155312
112134
127191
127190
127187
155314
230012
104722
155302
21014
319835
134611
211784
237663
140091
140092
145008
132191
363931
329617
19123
75759
134773
166434
329634
50931
316889
201432
56228
226514
115591
118843
155308
165857
227654
316968
103434
318348
363930
66833
118845
72353
104543
155350
99665
134613
99666
336601
45069
317679
82824
50969
117508
80113
155377
155336
117511
59365
329637
259625
231105
80404
117488
370288
356884
117509
127188
364624
356885
138197
372711
155307
63064
375466
94290
116216
142507
375472
175584
19125
375471
267551
267552
134616
88984
329855
60670
329853
45254
19126
117514
65887
319840
332168
114148
66931
243187
155303
134619
134621
155435
43419
75147
84032
139262
375474
375061
356886
155313
356834
43943
249281
115592
43944
329851
103019
102735
155376
127189
81934
102077
363933
102076
258472
117513
118564
155310
76878
82068
356835
363932
356882
375221
356880
19138
43364
245484
19160
19161
44108
231104
47865
125870
19164
44109
168496
213735
114316
89304
65726
114317
68112
19168
42710
114318
65193
305406
274607
19171
115542
258347
329114
329109
372802
329938
80955
19196
121583
88697
299757
55294
179828
168329
149361
279263
170974
50912
84105
52900
108633
212907
85089
20708
93907
273107
223146
93908
57673
75852
5048
66934
63566
71105
93844
190606
283686
283690
301544
283728
283737
522256
283743
283747
301545
283756
51972
67002
115567
264520
70895
84175
79636
333040
283672
321517
44038
305582
372367
507783
372376
372388
372391
372369
372380
529196
372374
504552
240995
77221
90187
136650
290601
176861
135269
382901
329794
17805
264452
121753
26590
26589
237950
47920
118665
304175
261200
755
764
175894
307881
175130
388427
186091
186092
524575
186106
26463
804
186120
808
98234
809
26469
120600
61274
26470
186126
98130
821
186148
186149
827
186172
186173
186178
119088
186206
186207
88483
26480
842
186218
186220
186230
186231
186232
186233
855
186244
859
87737
186252
336204
153402
193131
186272
878
186285
186583
186610
332216
186645
1102
264151
25351
89205
1147
99889
188292
102910
294262
98988
294261
49988
53629
259786
389068
328966
26807
188787
90004
1410
90306
208997
49599
98394
189126
328664
298338
27106
130624
1732
324823
203713
94326
152849
203902
24712
204594
143554
204972
2403
121630
205005
205006
21619
28029
153615
81550
88077
298574
2475
70025
90646
368351
269119
2973
97255
130018
97067
209590
141396
3739
3740
100347
3747
152857
3751
50207
3902
211172
238044
203554
124460
95401
380619
310124
237688
202876
93121
89869
4190
90654
30264
91267
228075
98098
92111
213586
45922
287057
286581
4222
92234
97550
119210
213618
4182
4202
214063
214069
176641
214076
214090
214094
176644
158043
214103
214108
214109
158042
214114
214119
214120
214123
176645
214128
214174
214026
214187
214188
214048
214411
30687
4454
163834
505252
95011
169577
87716
324820
30891
317520
215276
50480
95338
258538
223116
97953
258543
29594
328419
318104
249892
301597
43300
223118
258533
286210
27640
256794
116329
318111
258527
94628
256768
63325
334666
29668
257246
318118
43429
29669
256607
202898
258245
258522
318122
29673
318125
223121
274512
306458
72687
93513
29561
29563
4836
4837
256587
258899
61262
74990
29567
4840
258512
63594
95729
96095
89911
4853
29574
4866
92743
4868
91409
198380
4873
4874
96122
97143
90327
30308
91856
89252
211059
375747
89486
367878
91967
96836
98567
211061
374886
29584
97661
30316
95921
93896
97124
24145
4882
27323
97385
4888
92449
256624
4890
4893
86629
72437
101140
98141
29598
93049
279425
29601
4898
98245
20145
93439
4904
91656
134606
4906
29610
4907
254329
227008
124201
4908
4909
140999
306367
29612
101150
4912
4914
97901
359753
29614
97107
29648
4924
119541
25058
29619
4929
238822
112639
44406
50897
56987
64917
4937
86630
71772
98261
240831
343936
92088
112637
98142
216809
4941
96894
29638
90426
91349
98303
95056
4948
4947
383083
30438
29643
49090
25699
258064
97770
90502
46963
258065
92214
99342
77013
63256
4953
29659
63740
51027
91200
82391
89554
83216
92662
87595
94239
81975
120476
90989
223138
4958
50985
97108
29664
318107
318054
318117
318120
367882
86557
82389
94031
120464
316915
180575
5131
5132
5134
5133
5135
110272
375869
30968
238827
30969
114033
115561
5138
94140
98751
117889
80405
30970
5143
114450
74644
22532
23564
5148
98634
5152
5153
5155
106107
5157
317582
307191
112182
5215
95116
387880
21556
136752
30995
106295
5230
129404
61264
83826
176623
5696
70070
104980
31558
5731
26714
5785
20438
5786
31802
209645
341538
124093
171317
149255
5896
118284
382330
106115
290716
290694
6284
209593
372072
261201
206244
261199
218572
168294
41736
6540
134143
134142
132792
85946
26715
168888
32116
6733
77709
99997
205139
239532
94422
102830
316754
239495
54246
103724
306347
309317
98409
102073
89327
137126
254513
57078
104600
223416
309336
6806
6810
309283
237069
95032
6813
6814
103364
45892
251588
89810
62259
99186
99187
6822
6823
283872
101231
223419
6835
32586
117301
273438
115681
6834
375884
6839
6838
131495
242617
103353
69507
176659
45880
521262
500562
337255
368486
337258
368487
83787
368509
500623
368511
337289
337296
337472
368514
97800
141421
378561
308064
378562
382523
223496
389086
382304
382527
335547
389085
7333
90495
91511
7351
282110
97596
7361
308065
526394
51547
517290
30464
7403
180021
94847
119868
7411
7422
90097
250231
351454
360342
131928
359762
378564
7427
33007
7437
382303
7439
24174
7443
7444
66953
245761
7536
536796
273599
7538
372243
96904
94362
172930
30445
517729
535598
52007
517533
81782
187121
367954
536540
536011
536091
517674
324929
126690
235790
110622
360564
170657
283062
117702
172928
117703
170658
536118
518083
517264
517333
367481
517433
367482
517443
367483
517455
367484
517336
517335
517356
517426
30368
521535
521779
126692
517648
324262
324263
208044
208045
126670
306377
517735
517435
272373
300595
517354
517342
89203
517454
536563
506929
315583
517632
216758
48068
90746
536620
83348
119794
131249
517690
48669
170660
7551
90689
119795
360345
91257
358789
536227
30386
517406
60331
529936
517697
522216
519266
194575
273601
152265
24750
7556
359565
367886
536079
208726
369749
169897
194344
372254
316318
517628
306380
350678
276494
375176
272309
375178
372309
126685
521427
278944
245028
521369
255458
272371
521732
182243
113949
184428
7558
285413
7561
155597
97292
100596
21509
7563
21171
208012
93881
143893
30374
30406
22533
73712
52464
208030
7568
194337
7570
521457
96672
533786
64582
223614
145708
7574
223616
93442
173115
257512
533564
101346
207970
197933
90921
57607
7578
91296
126653
519578
119785
170365
138037
216760
194555
276479
198412
30470
124107
98410
179702
287082
113950
302042
114164
194564
536338
525430
187428
140195
260743
131785
7639
166384
7822
7848
43088
178010
90888
103674
180966
169833
182516
110074
33488
166508
133563
319932
60133
127395
187383
68471
369063
65335
171765
89544
92954
80878
347355
90474
365358
325086
211413
133729
26242
7997
93456
60033
89297
8008
182096
33554
370780
33561
248800
297093
332437
8146
97057
57500
8163
33658
33659
8193
8194
8195
136858
8281
8284
120568
8286
103603
504809
504102
96282
195335
226869
169114
87988
90111
195395
504259
504635
503896
503640
8645
98636
95839
97896
20128
117303
270324
63393
76495
50739
57208
298659
268557
253899
175162
223886
8882
25518
170811
117710
170812
8887
53654
8890
8891
89598
60381
85566
153490
318559
226621
257880
262274
62630
318558
226623
86812
52593
318561
349497
276219
235500
54698
318569
69096
389053
389055
389056
226625
82514
115682
318556
66096
179289
200055
91798
9182
94582
240814
9183
96528
133429
526144
335555
306634
94298
326525
92008
91368
351618
326526
150507
59378
367379
92316
93391
164888
94962
85998
90427
67722
376738
170971
141600
526034
80611
360901
351604
100076
135395
93514
335575
351620
56564
55767
344619
351621
75665
344958
91965
67694
54630
9213
9218
9229
9235
9266
361569
150041
20386
76501
89653
168297
9297
168300
9314
171758
21176
9341
9342
221633
26716
23314
9343
9345
9346
20389
9347
23313
9349
44458
9406
78750
25692
69794
510672
32980
231068
339588
242247
208324
242245
94249
45114
86706
168476
54917
62217
339587
56772
75472
86707
327528
339578
284133
242185
171904
40468
33982
339580
40467
231088
107869
72787
75902
328957
328969
75801
328967
9924
218589
353775
362479
362478
132852
24491
10003
119801
10006
10012
362024
10035
10054
10346
10357
20002
131615
10363
150650
20001
271553
10368
10370
150628
10373
10375
10389
107355
106168
106169
106173
10919
259850
303793
303790
11205
80042
11206
224278
58272
524113
529141
529138
269604
529426
515252
524116
515253
343394
270844
529255
251103
529153
255405
524125
11247
351483
238859
375853
351484
351485
351487
505403
256298
42745
258026
337648
131700
218206
11252
195343
194799
255403
11253
326527
162681
58446
30943
11259
11262
162575
11268
170676
243522
11271
196695
22536
30955
224287
168890
80189
96914
311996
92568
281018
55011
292079
355960
109673
65280
55396
288572
93930
61508
235703
370244
344523
269262
90231
68672
96318
120931
280380
46581
136603
114745
120928
95558
82141
89431
167001
96737
224306
83688
96484
71707
257543
71708
47423
389020
94689
375324
97788
108646
90112
43541
112865
359790
89401
120938
281410
82666
60230
92062
46048
45323
112121
294183
346927
51516
177303
221231
220752
76712
183629
89835
344527
341691
310107
75670
96192
109851
79999
315103
304163
68906
52833
93336
124202
315233
76761
28787
110953
90317
367990
167036
121718
162669
120986
11346
114478
11349
11348
233991
74848
71856
189324
11353
11352
132760
112634
24048
205896
224338
11362
224340
224341
224342
224343
224344
11363
280092
523685
286199
224351
224353
224354
11373
264590
72498
284653
11380
74758
48820
11385
259159
259160
11388
11394
71874
100488
89019
190359
11404
129351
224368
224369
110352
11409
106419
11413
11417
347349
284053
299448
106619
332557
69024
106727
207950
106967
211722
253902
106841
284200
224379
154641
192275
271037
61894
520802
191247
11514
96738
339034
384401
196546
298770
284060
128492
280918
332558
297924
325603
378184
359886
115212
387442
218675
98076
102584
238873
255058
297289
284069
269693
98077
378183
284073
171900
332583
270549
144907
297290
284078
250814
269607
238874
283052
144906
255225
338993
387443
61331
317892
315347
387441
96245
339005
201574
332592
344649
11518
151112
269783
284092
182282
77220
321378
77060
126556
324978
41645
387438
290755
226533
65445
78447
224394
224395
286854
11841
105595
264458
235051
525054
115215
244740
11942
11944
127939
93265
222353
89096
127625
111911
332076
86414
82724
326009
12224
109345
328936
101844
55677
12229
12230
109386
72810
45366
83998
23054
65964
12311
12327
12328
60241
68074
12878
64844
79550
19788
13038
171810
183849
13046
106217
131621
306963
45904
13409
293749
177777
59078
13550
13568
168596
239874
99198
53477
243524
103043
298256
521956
95897
42498
248568
231115
13676
61177
117815
370983
371695
73080
75288
51009
64067
71481
52519
344797
72398
111993
90153
102829
83349
68538
149263
104296
101872
102160
84957
84408
169039
306106
112979
76405
168093
53262
86797
319958
282212
87058
87004
170712
196043
241282
237224
268855
62643
519885
359471
181153
345449
70651
87266
179075
110128
76406
80214
517835
136216
82999
272944
288142
179079
125881
136877
313915
174365
82342
144827
174373
250953
284169
284171
297821
307747
44307
521358
521296
57709
78135
521472
136074
179149
282225
313988
268863
345462
268864
284182
250320
517252
224669
521672
49762
66196
517661
71595
44774
169054
111457
112995
300197
67312
112982
250321
196044
268869
48824
196989
174398
112983
84090
113015
57654
174403
517684
113018
308908
268880
180861
226293
250324
72604
82218
73795
43320
242048
72142
284219
134721
350024
237940
125884
118183
178948
115584
174427
118186
79984
110991
521601
180542
209522
211576
250963
250964
99675
144845
326387
43058
521162
44023
127846
308912
76978
227338
76837
227668
73453
298164
306120
74369
113001
286376
268874
237232
174473
42478
69179
179199
74175
193916
136078
59547
299521
211579
237234
57170
113025
300202
211729
180862
136080
69272
178949
521456
114483
251924
179216
74484
298168
60080
83157
113026
179221
113004
250331
298170
66918
81660
250971
117350
510952
268813
69003
350810
108858
126747
359228
180863
65777
86403
322031
231161
13753
13760
131275
224687
13774
240862
169268
79447
99240
51891
101487
72009
171756
86817
345284
325874
521689
65508
119043
272960
133875
231139
303281
94816
231136
13892
44924
318591
335285
13901
92034
76492
69477
182487
118094
53711
46536
99818
99582
76349
90436
84631
72025
224654
285478
65456
368623
359802
82916
86720
93544
13882
377785
375858
522869
14073
367918
198658
294264
14183
224752
14190
92745
14327
14348
89446
49203
138651
74005
254367
30518
218382
106222
119928
119934
269091
84397
48018
181621
197167
71357
381635
108563
349919
367679
142527
197171
220850
173296
112837
334171
72889
97047
90761
306517
271658
241858
15809
225030
15810
182313
269211
85586
153840
196707
84372
269214
15812
52122
269149
98169
72029
87918
15829
313684
179635
69751
180558
313685
84024
60432
41751
285275
94837
91884
179269
225391
99479
225393
45298
104323
225397
61415
225415
94638
98968
76502
75251
212210
183201
81389
153759
225448
90070
82140
225457
89421
112661
57772
87227
225472
47963
112706
74531
225477
41588
98871
16623
72376
51695
225507
16555
16558
47214
225511
227015
16604
152926
225522
64323
225539
225540
225486
225499
99194
102488
226860
27853
57426
22542
16834
16835
93625
162948
16838
99934
26085
277407
16839
370266
165116
16845
54795
16850
370277
370267
25956
104828
45771
210517
51818
16863
238884
368261
16867
16868
98765
31383
89243
359809
261198
16873
90067
16918
67893
51223
69729
16936
87463
45299
52408
16962
272256
51565
85548
66449
529381
529380
344843
17085
528871
93735
64966
180034
17388
17389
41795
175321
17459
17705
17764
238885
17789
375651
17788
273487
532641
533267
161395
176673
112582
112583
522554
268592
382653
522904
514483
242554
372064
242555
105804
99000
105005
94374
18036
141063
93864
272213
522890
522889
18405
65436
65533
26720
226862
124484
18431
227021
117498
101878
43638
297999
18432
42001
96450
244152
80519
100980
92262
239119
106303
95550
23315
18555
254213
182437
119511
19213
19215
269143
42843
165922
20457
244211
19217
93194
225033
350937
139740
79
120645
139869
387197
227799
222446
94981
143603
143611
120173
127545
76636
57963
134692
57964
142882
185495
462
185797
42233
21702
536656
536137
535518
536310
69456
176633
26570
90025
55512
1170
1176
139137
1183
100755
155548
508044
508083
155553
1193
1197
124457
1200
80768
94888
108867
118305
222530
1256
1257
315305
64227
234639
188351
1271
127876
344948
201413
188533
188534
1321
120430
188536
188535
91072
188544
114230
27537
188550
188552
26754
218303
60636
303275
112688
102607
87133
81330
74828
48762
105670
270889
27019
318593
285981
1676
1680
339600
362637
63705
287535
275202
361654
275203
275204
529241
317591
334459
383613
334460
152522
61757
272988
92379
63774
262203
228958
79067
79305
241898
521492
521763
521696
92795
155119
334696
521087
116653
84647
61547
228423
46419
90914
76622
141834
154905
153128
316735
386750
386747
284955
317119
334712
317626
317118
367695
334713
284954
287983
521951
139850
370857
520880
385311
385312
521239
521115
375942
171120
57887
1909
502346
359285
100927
222685
306882
173141
374191
299480
299481
374193
255726
179039
1921
41650
1923
222689
347493
310368
1994
2502
400721
400743
62105
69538
318968
96456
98356
95060
89139
192909
368907
92059
44170
72913
364878
500319
93478
90497
94785
45252
99238
2749
97109
47569
30018
98517
93083
41914
95429
114098
2891
78484
97387
222897
182475
206762
2905
56662
2914
48346
206641
228043
334466
138624
72806
82689
86384
102307
206788
206792
28670
2925
48915
96804
89061
260919
85424
93725
222908
99146
2964
335693
136848
153256
95198
300192
99779
2965
345421
96254
115317
2967
283825
321343
43045
206707
58648
62931
68088
3315
94884
157585
157586
3831
3836
86146
44100
125475
91504
4691
371803
4718
382328
89703
39110
140829
56367
30961
5103
87495
169895
79852
5142
194077
293543
102421
236661
90036
127874
127955
5149
5156
30985
57492
59149
84011
117062
315815
339250
181222
327587
285767
285768
346054
324830
383873
181223
345422
334692
317593
239040
346111
306104
347713
356021
347715
336856
364710
350953
357474
344177
345596
318023
317447
279814
22314
202360
121934
203493
256345
103749
85659
87828
274989
126262
137784
89472
63796
82091
297660
162600
46504
64715
80944
168068
230845
294497
43065
95972
92506
56836
288643
290496
198931
273604
288912
110304
288642
5713
60763
63896
5728
58061
94868
78825
130044
91589
5893
131605
131606
6045
117280
6062
6063
90815
301551
73524
94770
31940
174722
174723
104032
6225
6226
284418
6237
346720
31998
31999
86272
118664
59171
89647
128926
240558
92566
98652
32542
50628
120470
115320
79272
42777
382734
81968
368332
7073
521238
521442
521574
521609
521189
521564
337268
90698
302260
302259
249059
90098
44782
30418
139815
307968
194343
30439
137716
7620
176660
192134
88583
33445
201589
243150
243151
243152
111942
201590
88746
56094
7753
201592
197092
255116
201591
271987
109499
47366
195367
152789
46871
314705
357512
286068
73054
150430
46738
81870
7807
68933
7830
64980
45685
284644
114470
237098
182780
177416
177418
92806
94933
100033
33526
502222
50284
33452
64331
223671
7871
309409
33489
241466
61367
41772
231952
318594
8166
72095
33645
8173
45497
351062
344492
94383
293481
8278
327523
168709
170222
178353
282197
345106
8462
75511
8463
373026
96043
311353
518106
293184
293179
195598
91696
201546
8649
278444
326219
237391
272339
334583
525442
252326
270295
222214
127167
222218
208888
251402
64134
251406
313794
180740
159286
156645
143295
239153
118025
149100
8960
356895
357111
357063
356896
534071
141321
377833
356955
378218
377842
525995
57325
105192
9024
179288
228578
9181
99819
227009
280648
248557
273951
125376
44003
9492
109084
56552
76226
66569
64747
142171
122486
54271
115948
286928
206601
138742
122048
404489
30467
86169
63331
80993
45688
74036
140114
134909
351647
351648
351649
351650
327529
121237
507801
195288
10918
525436
525372
11074
11077
61681
59331
159833
76327
224260
135251
49979
49399
70498
48450
381494
90151
11915
11979
160181
91490
113825
160292
71487
74744
94257
120167
41979
171231
61055
113927
65005
12573
253133
253134
219513
219367
240258
12583
209158
512566
505093
505091
505090
505092
235847
235857
12710
85221
76865
90892
290682
235887
83046
93603
53385
224521
228463
91821
128939
62122
41701
90660
51538
376155
85075
97889
13024
291780
59463
13547
288333
368104
13561
76913
13566
23256
305561
13621
53001
305566
288334
305568
53424
374628
58123
58003
73748
13666
61397
97804
95321
63154
74095
44715
81738
87963
90583
533353
531255
532734
152023
533195
526476
127951
111913
21338
13790
95871
535697
75169
13817
131934
224709
13906
147712
214773
13844
13847
28164
99987
14323
49485
270150
66573
84000
100603
100604
14387
14391
165446
44128
52929
115769
108995
263717
16109
64488
85024
78129
383169
370997
70509
300171
16203
16214
500220
16253
16287
243192
91557
16440
21222
234635
99388
21360
16460
163967
41775
16488
240260
191306
191311
95925
45509
225382
64857
521686
25162
94664
195374
325234
133317
512057
87250
83563
97585
74283
103783
128942
225431
117000
99616
56259
280335
195379
40379
63842
368277
89829
344814
375971
375972
225459
56377
91079
86763
55918
97334
157039
62897
375970
225479
225484
108758
302044
16554
16556
16565
246150
246151
16574
246148
116214
328884
155536
16644
225533
98569
195391
16727
16730
225485
180269
66280
68758
104164
370261
16887
195824
75529
306877
45911
350043
225576
256713
87307
16920
83286
66085
78384
16925
82836
524877
526453
526638
524921
376025
60435
70039
256679
257242
256680
69337
16931
87660
42609
301918
82159
16933
78649
45242
46180
47991
325581
324879
114382
16951
308211
306881
61418
16957
16958
16959
317173
47528
95964
84785
16964
46932
64282
16965
43953
289512
195290
350044
350045
301988
97277
171931
256693
109427
524690
85630
16974
47291
105757
16979
353550
77793
511823
350047
16986
528727
336821
80785
64652
75901
369573
115655
16996
51475
16997
16998
75476
524693
91168
85814
524694
526465
17001
79656
256715
79568
101770
89136
93223
307939
67435
74284
46031
117391
17010
168079
58466
45750
211143
95790
58719
168522
326334
87306
44194
54962
66137
74498
232439
103264
52619
90261
57435
44822
48751
44196
89542
178848
122077
46166
359017
220544
211509
62904
60437
77944
342861
374058
46615
68170
81293
208907
64530
68416
72180
334387
386397
66448
72181
73647
82277
81874
45920
54851
83223
59744
374072
283626
374073
80905
386390
59257
45006
56590
49612
382393
44735
152106
170598
382395
254378
71122
71605
76830
47173
116074
74801
76948
229596
342889
80814
84675
373886
61631
219688
53115
374084
116077
56986
63983
48769
196108
64233
42937
83667
314067
334407
56379
44280
45266
170613
76831
314070
526379
152114
42368
194811
253314
254380
182819
376509
152116
314077
62199
522610
522040
384035
382845
384037
384038
384039
384040
384042
515375
382847
384045
384046
520492
373440
519075
47611
211957
126239
70513
505385
519702
373441
518465
136453
64996
44689
131464
70992
73484
156343
92145
57506
80904
92367
83724
17141
52100
74455
70090
87690
17289
17314
86362
360259
100956
86486
112142
234612
17345
293180
85303
47503
102549
249132
318960
377622
377794
17912
245460
166604
23297
18065
18087
522883
42639
530211
120553
373500
104546
114378
80478
101927
304458
18331
18500
18534
284544
290414
147748
231111
45995
251812
181738
272606
85450
506104
18855
117502
102434
181622
54910
94459
293635
65863
216553
506359
299891
67270
63148
215144
82731
42429
18983
194829
57565
19001
91862
240247
117319
54755
19006
19012
101004
63609
19015
520177
19022
46360
61856
29228
168881
139739
357439
169367
138131
296590
387205
387206
52704
185029
338095
338096
327246
376732
110357
184278
361290
297705
238401
151231
77358
249724
108217
334699
325816
324871
320526
325064
375128
361289
26193
52987
500318
185144
302
106401
327832
336607
297703
347378
347379
354027
353058
377188
376754
504210
258420
297699
380447
375016
178334
297701
274490
238216
258428
297425
256119
373754
372016
372017
503739
503868
350978
343954
343953
354026
350979
135867
44718
77963
296025
191321
318
54640
54641
41919
281479
206879
176027
89047
526560
526559
207813
182692
117878
96541
185354
185359
185365
100451
185368
405
81244
33913
222461
407
254857
185369
408
71245
156097
185440
363517
26278
26279
434
50171
171678
23998
76167
54853
185482
59406
20650
62413
47736
48624
156106
77099
213543
92909
500148
458
193120
465
386582
146340
536810
319438
338880
368458
515161
522171
522174
530553
379006
311069
336457
369341
370249
185695
63396
152146
99112
222471
22926
100651
349493
353080
285359
332720
155204
310030
179926
332728
343581
272856
168022
370231
526122
532927
535543
194891
339259
300254
314383
341792
332732
93340
93787
501776
343595
343596
332737
90189
298007
160528
343603
51904
344129
117881
368326
343606
343605
242219
151732
299110
384135
343611
339270
349772
132278
209335
135631
343615
313753
71769
221228
71770
323500
270716
524501
324448
64012
102154
332749
117077
196611
136962
370635
313809
367532
325881
236822
532521
367531
297963
367533
158286
533229
524894
336861
335518
26343
283775
52260
114383
114384
297680
339260
26350
26353
133920
90887
138009
96822
49946
168916
185816
151728
209417
315657
333015
226159
526002
526060
350001
383606
388760
254464
520338
518409
92017
520630
519984
518927
520525
287740
704
120656
187731
185965
272993
44542
279630
114966
166321
228421
234101
301679
175581
134888
740
200794
218332
177997
195061
118690
135633
179996
286735
228228
306939
69895
96133
174980
186909
134893
378357
377232
378358
374128
502083
130125
524903
762
351027
61531
766
500063
186014
105378
26453
522691
334453
186015
186016
113052
186019
774
776
45972
298071
516803
63069
70096
330904
186041
284494
331016
343927
512354
353954
137777
387358
315303
211281
511412
186087
316846
75887
71762
186125
263328
95167
522263
174946
832
167250
131208
377192
64050
186229
100677
522569
368722
197214
109457
92585
111998
238554
91013
97949
867
359740
229585
269914
70052
26956
871
132573
874
124925
285398
27616
272242
275144
124114
270424
517751
65496
257840
306941
136801
517752
297436
354306
226431
371060
344041
273715
368968
87858
525837
26530
215698
953
110071
321449
517753
20061
365563
385479
201319
292305
80443
115042
368355
157539
320748
141820
374129
273622
180849
361636
146434
515169
229836
334345
339576
328217
364015
334342
327130
307599
290617
327129
301034
243577
182954
293006
269948
297220
180807
152936
334329
241023
202305
180808
180809
180848
358742
316431
108428
228339
180812
103302
273707
510847
257086
270880
221486
510367
113363
113380
171889
146401
216049
113368
221487
301042
334340
353059
301037
301038
339574
525943
353096
339575
364000
308778
369980
525991
308784
359356
308780
517673
337096
288799
350492
525952
525767
510441
525721
301040
510790
508231
525910
364001
511137
301044
190923
522545
373765
288125
221484
346108
287961
308789
242688
337337
386744
290621
301045
288127
288128
369968
275443
522727
368491
368492
368493
368495
368496
104943
322880
272540
299650
227033
334334
360968
241022
322073
368969
334337
322074
307094
334339
350980
299654
291177
299655
375252
510897
525594
351926
375253
351927
307601
369285
525611
307602
517754
358741
307603
517388
336803
303578
299684
508034
350003
525736
367688
299693
291180
516806
48552
286427
113369
338004
122422
500035
286428
307605
118576
247732
216399
336416
385310
263544
152383
299696
286430
286431
121932
243754
194662
269530
113381
511142
510998
525702
525040
525865
189858
260929
370826
1032
112677
26568
94995
156188
1039
1040
273588
297973
369286
88188
218985
186565
535796
186601
25350
72957
299467
188147
188151
188152
360076
381178
85069
165295
287124
96070
112591
1122
92859
26611
377824
45000
188194
26621
503412
503263
336402
502042
226834
525781
273590
522017
512100
180019
510464
26656
294276
26657
1214
27335
110782
97279
25512
206958
85579
222519
91698
196537
375719
366280
98981
90635
124283
97771
88424
64352
98508
92488
239110
160929
220130
86513
108378
370827
317617
317618
317619
370828
25509
25511
511893
255370
222522
286855
65288
25510
210962
333799
112679
54758
91632
95644
82538
98998
69244
69245
153331
56938
26664
324882
324883
324881
138560
25669
294167
294168
294169
343007
1227
352786
345827
70216
294608
1229
294170
188337
90213
525979
222525
26683
26682
298879
211120
89680
134989
272575
1239
145719
98804
95138
112560
374107
19940
155772
154419
238042
72958
1243
137761
43036
165007
26686
286287
57356
61590
65838
128137
69928
44439
26688
517631
90010
47895
93886
127143
51567
336418
219510
234541
207184
43201
65852
241949
180467
65093
253792
65094
253793
72843
227310
44134
344965
92481
96029
99504
343828
270189
154098
94034
96660
97495
137971
43285
271033
336374
50604
170387
1248
1247
114155
88446
1250
519785
324127
175061
26696
23148
1252
1253
188345
89688
523286
1260
42540
256779
46845
268825
135638
26702
101589
86301
91117
504699
501631
153202
307287
127878
360231
48655
526126
115310
206364
344943
26735
27612
220842
152030
90197
114176
102648
523027
298528
284066
400099
400206
47830
60635
310353
91922
126339
49778
198099
226213
167061
363336
364834
313256
313293
363337
252603
372594
250108
252604
1349
361697
372529
254482
250109
254489
84264
25099
169483
1360
319304
131119
131752
134802
137982
130507
158939
237373
50961
131121
131123
60533
187234
187692
517554
504054
518868
522003
65706
352953
125530
187237
187235
187693
175066
201993
180296
175067
187479
306566
237444
504024
517763
517445
522010
71392
55126
187480
211121
199277
286041
199278
217634
199276
316875
167859
188780
1399
188782
161993
113556
367691
180960
70527
60534
138475
24697
26809
134809
129882
71267
134795
269660
26811
78138
188788
1416
188792
188793
1421
103646
188796
1423
1425
183665
47561
127436
306242
273935
273936
316876
273937
273938
109194
86779
118897
168662
273654
168665
359178
217646
510527
300788
270888
106055
49800
1430
222550
222552
104458
81638
180072
377194
377193
344046
168704
343166
343008
358096
142589
112684
62415
370836
377195
43830
45725
188817
1432
511108
275440
510394
1435
1436
26844
1437
180613
26842
283774
351179
269563
318585
318584
1491
99909
379240
180984
273939
374173
379241
525990
381416
1569
80352
389090
500798
375941
155780
151197
193255
108325
1594
370839
285980
370840
525043
47106
324886
324887
324114
324115
115053
524909
44341
352227
358755
314701
325981
380452
380449
380451
1608
1614
47006
152434
125527
90237
504599
75118
105671
90978
81777
27126
1640
97590
388030
522012
100505
63065
28569
64781
78978
49894
27139
52135
233831
155649
1654
1655
1658
286762
91733
91466
92886
75112
87192
162862
1660
54447
286289
182594
387736
374040
387735
1663
172511
85462
217802
130646
189389
26878
241689
28198
191052
284824
189548
25922
189684
27204
27205
189722
3460
189728
73571
48025
67138
1730
365823
27212
100919
336808
196135
196136
121425
162505
241267
300345
231632
298567
229514
231646
335499
367693
503862
231644
372030
196141
231622
317621
306598
298568
298569
241268
1745
103473
112693
134735
75386
169262
52128
64683
96378
135947
231603
74863
27881
27225
93709
128963
288100
504327
153919
520635
211544
367694
210094
240517
151203
210095
317501
211545
221080
94763
229787
27349
59853
75489
58204
96597
255344
255345
46516
155278
336428
315877
96242
77047
27426
72635
44510
99888
98242
52850
81355
227693
79900
305910
334711
65137
90242
226813
112717
27394
96317
255350
44659
108441
89133
317238
1776
42334
315313
109879
46334
171705
98589
1787
179998
93087
260915
317622
317623
260914
260916
68526
93741
90688
280768
525428
109690
299807
59323
68958
344443
226572
311498
171090
333006
324543
280790
174931
27464
352903
97102
160505
53437
99628
27440
222631
108661
93253
299808
287971
298971
287975
291445
291442
327580
291444
291443
172174
106353
43665
244954
180137
174932
99329
284996
118676
115627
139016
117107
198301
284993
298972
298969
298968
324544
370844
370845
287977
298967
115997
69260
284014
174930
197536
109128
110345
190894
54603
78956
194583
95707
52540
95706
280752
137967
210608
105234
1841
27466
222652
94756
117696
95336
98049
65512
164615
180785
326211
222658
74741
80250
209053
333007
124793
99255
71759
1875
154274
24947
220840
92298
227839
25932
1893
100925
91028
28809
27562
27563
1898
124625
206268
271378
89520
271375
92151
208468
369320
168822
25912
62728
362638
350612
275201
57847
152848
317627
521151
529178
529168
529097
26319
79307
104537
377004
85510
112796
69503
529129
523358
67978
1942
1947
517215
1960
97004
365844
1966
154632
269306
137211
336103
81992
25609
191072
111534
196656
91151
130651
181476
109519
241118
257067
229799
331045
88455
88458
306841
88459
220039
88460
272183
101658
112175
503975
185241
181763
111834
65835
298145
269305
101659
241119
251378
60375
113353
286917
42264
94769
72255
278140
135186
27743
228267
27709
228268
105605
109119
177770
125871
529144
120111
65123
101657
317544
253472
191071
205285
84035
376563
51097
228140
27692
208899
27698
203618
110196
256296
352447
95775
63727
368145
191070
345464
251265
53776
251201
109513
88463
254958
378231
203627
65548
272460
203628
47849
2022
272702
203458
253960
153362
47826
29079
239113
27706
25610
27707
25606
103027
101666
2044
203563
135649
255919
27744
524402
2049
203682
27720
143085
203608
57789
203734
203909
45973
96547
81381
175786
180582
77786
27849
150921
112699
259035
44729
53413
104381
298575
67090
64421
92505
73120
57364
48270
52252
137069
349775
124340
42405
349776
52150
209800
325969
168503
210883
92935
362394
345641
259037
112797
336660
299978
244097
195110
182597
315317
259053
76330
259054
296605
352577
71198
335567
308103
90555
112606
27855
148138
48770
124857
259052
64763
171298
86788
175787
315318
271010
181832
99850
58257
57403
307885
186763
68408
93354
242400
325440
346713
50441
525099
112798
112607
104224
208286
103600
260683
43081
27858
317257
86145
201320
222732
77485
63709
113325
96802
89581
536966
86004
67089
135652
27844
45974
2207
203874
203875
151159
97416
174765
226428
294519
197017
272073
262322
135270
203879
2210
203877
86869
98122
73803
135651
49437
114345
198921
113675
173020
203968
55540
42053
169554
2212
93595
369178
219441
181293
107246
42870
365906
2216
507892
284099
96877
186764
89784
2214
529289
92469
178378
173009
27862
203947
27863
203949
186765
203950
41828
29321
377725
377715
377716
505102
377718
368798
513790
513794
513874
347384
347383
2310
255691
30312
400305
204349
53610
2323
80876
351137
2348
204497
204685
338607
368009
2428
100021
214846
2433
79280
97494
76231
76232
274495
324620
121449
345060
295962
216557
260687
325971
208289
385340
382279
524970
205165
205195
165100
28112
341736
2499
372476
363697
88527
69676
129888
372035
372036
84162
2619
59883
68591
206173
327971
206175
165894
112293
327970
206168
327972
143674
25653
95188
349556
215950
93924
93925
99892
90207
57220
91929
322286
94243
97678
89006
173101
28286
29695
280770
90647
318738
127596
29700
2714
318740
92580
93882
215952
96864
89287
307700
162666
192907
96823
156680
99514
109782
97673
94039
93516
30047
380745
91662
128918
96253
218389
92649
146670
29719
218390
30050
89621
174531
99903
192908
29722
89793
358127
162665
30054
30055
30058
94801
318739
93094
183913
174532
156681
34147
94427
96519
30060
89796
30063
96649
218392
25654
29727
94430
99807
235362
328858
368328
92679
128919
156678
96721
93710
89842
156679
30068
215953
90267
156045
111816
337975
199699
96224
29743
307701
99731
28297
173086
45996
82437
93926
30075
99893
29750
90208
174099
30077
97013
215955
177085
215956
96457
318753
97679
30080
93849
90339
95634
241927
29764
215957
92581
108094
93883
96865
199700
502796
215958
89141
74606
96825
63106
235363
349553
171382
99840
30090
30091
96590
30092
110204
325686
92006
26088
183915
92007
98470
94488
93507
96815
89701
97135
2726
92416
92417
96996
28310
108793
30094
338788
156055
113430
96984
89888
90139
95771
364876
69558
215960
100320
294567
331059
93680
333436
83995
329069
90064
90786
92547
156675
98825
97423
98826
96989
99149
199702
94633
156056
318754
30104
90483
97743
95594
98655
30108
380751
95541
172109
222803
54370
93302
93758
94304
56384
95973
291736
128920
92956
96421
99717
128821
344137
318756
313310
368339
95241
98155
90940
92776
110243
128523
92959
313308
171385
96422
99718
30118
95242
90941
93326
93327
94306
98374
80746
92286
94094
96892
99370
99371
171384
91795
95200
96052
92747
332289
369951
89664
215965
41809
98916
98917
90906
43704
30124
174537
87953
91936
275819
112724
318742
30126
368350
99643
30127
349554
358129
87951
254833
95684
358130
168757
328518
93008
96325
199704
146669
199705
177086
235364
174539
99109
113431
95840
156558
380755
34149
30130
92348
103114
98294
94581
275821
325689
30133
73232
29881
318743
380744
364871
349555
174542
95329
90959
89988
313309
95745
199706
143914
364872
291734
313307
304848
91940
98959
288661
2740
91806
364877
333440
218395
91568
30138
92658
173137
98097
108310
30139
380747
174544
388812
388809
388813
357440
152009
96793
107585
522738
522442
521975
522469
522290
522294
522482
280891
327503
327501
40908
99367
240552
240555
221898
504377
219678
281268
286105
219310
273917
300322
308452
308451
369168
254786
375154
163137
369166
379589
221902
221903
336357
297739
326224
336356
369165
326223
163136
352433
316842
268823
384333
107891
261428
107908
28025
341360
273287
87915
27671
353071
337067
337066
337064
343221
186536
368047
327494
82106
225851
522764
126713
90488
66264
72784
19198
19193
46876
97250
258231
229682
341944
312906
341946
308859
341960
355332
371666
309523
325264
308855
525645
355321
350202
289573
71779
76725
355326
368300
357552
349633
349626
158374
355339
355318
221885
274899
250042
312904
363021
250036
66068
365747
299982
19181
522459
193708
67816
285299
263239
220461
161989
72972
19068
61504
103197
371585
355307
518024
518085
518056
43996
161880
517959
517958
293124
250182
136283
161851
296630
316657
210259
170434
86875
273143
46676
126215
46675
205107
135273
70458
19014
76488
98441
19008
63161
335672
86865
94767
89968
189974
240757
145711
86866
179141
250799
250792
250787
99231
179134
101003
179860
511991
194766
153090
58399
71784
153168
18997
517195
134176
89010
84633
101000
196714
116324
154103
350498
124826
95508
344816
64837
521888
212174
170745
511892
126347
63149
522978
154102
137825
124825
88361
70708
18990
255279
18984
350032
307071
307070
361462
368298
72196
368299
368297
115835
65636
154284
77261
180769
58813
360527
75202
181728
522091
78952
90071
57521
215141
361461
87702
369585
218941
103883
250801
75201
53467
114434
59001
87746
48280
49753
179144
180772
42380
151830
66524
52163
115445
77695
73894
54628
82840
83510
77516
305924
305923
83141
189297
93180
171495
180774
116169
78489
67743
83792
310598
83544
181401
134164
105016
74573
51395
85632
322455
82434
54457
237633
62074
85646
68902
169180
55414
215145
52505
292891
45267
58835
196597
152134
347333
226684
62930
338986
285545
72527
114433
171701
98763
49139
337084
49138
46066
115448
215146
62773
179138
43881
86348
377089
371128
126334
59281
363820
180765
25541
43898
48648
68664
179136
66422
82410
69362
179143
43639
83171
87093
180755
84349
161845
297682
343937
359198
343741
303215
366742
506481
124692
18872
194789
115759
18867
64939
357490
65955
374400
376807
254395
117504
103959
368296
357514
67204
238234
49283
42646
74788
505872
60926
506521
43272
71320
18858
506475
388412
388261
528950
506487
506462
506311
384765
511372
511315
296874
330429
330430
225809
366839
506379
388366
55814
49815
18839
351504
109601
18837
64938
115772
18832
505854
506164
506018
505911
506367
83727
129310
64913
51477
48808
56728
96980
225808
225807
225806
63043
361310
361308
360625
380567
361306
361304
360668
506454
505774
78462
388397
506368
99557
18823
221403
298525
505790
361311
361309
360622
361307
361305
360955
358104
505957
506239
506303
18822
237209
226863
124953
506029
380566
221262
297683
361560
508299
89457
18798
168201
245493
142504
226332
211145
212030
90055
237207
209586
50090
245487
18781
101499
20148
217216
18780
18779
18713
20668
18637
207831
116170
166725
281448
298447
310920
18608
297887
353592
382769
353590
501170
70768
273491
18556
49771
20411
18529
375814
18519
237248
239118
194048
92264
18518
18503
114819
18501
41514
265875
84249
74071
18484
18480
18479
273058
308723
110307
287151
18456
18448
33255
80590
367112
343739
307948
252227
335017
505715
345437
83091
165349
98184
18408
88359
77196
18404
18398
18396
18394
59181
140458
283276
283277
109897
18388
18386
18385
335826
179914
172939
18382
18380
59457
120677
103006
18375
131010
67180
347509
134743
358920
124961
326027
175583
88720
309306
52266
374025
18364
194765
286131
175814
290335
227149
284152
288783
270604
57628
135988
84237
57773
115256
70801
84971
135987
108856
66707
57743
52224
79881
79575
225741
62467
118459
103970
305972
18298
174585
71508
18297
103432
269630
517641
92332
304464
56226
387692
152341
143908
299789
152337
152335
152334
189814
152331
152307
521236
152296
152292
152176
151223
152172
270602
188004
304461
182486
135791
152156
126395
58508
51869
73414
64274
350465
329353
304444
18217
41875
274724
324428
103893
274722
18215
93795
360749
219973
346481
361026
240574
286107
101746
253778
166320
285628
108122
176933
167275
116964
249473
285941
135486
162019
164066
135789
380576
346480
135786
229381
254812
182512
522051
73934
290763
344844
62118
170497
521961
131387
517914
160707
131384
290515
140090
182319
18095
18094
20086
43684
18086
18085
300878
76382
48128
86378
43873
18070
358778
306012
512165
297418
44569
50313
68045
18061
128988
100971
346097
18056
344859
79346
106271
18049
299888
115253
178716
131292
99568
382431
114993
63558
17986
94879
90755
48994
17914
17913
345391
17909
388108
17908
17907
41902
71519
51590
25667
128307
50830
78866
92452
98135
90658
340705
340806
354036
340088
340087
340500
340489
340463
340425
340416
340405
340373
340358
340309
360472
340307
340294
340291
340276
341669
341668
340808
340172
354034
340147
340116
340115
340114
340107
340080
340075
340072
340065
340698
340638
340637
370055
368664
353633
353632
363776
363775
354029
132289
168325
30314
135571
139769
178632
17816
308175
534825
74244
199241
63429
338881
58859
286925
48630
308173
63428
329900
281283
349096
286924
316637
67179
146068
63572
293001
46369
374591
110125
377330
79345
249432
263375
263374
87138
63792
63791
316633
316632
300158
101511
286922
195167
81519
249115
329222
251110
45316
523350
300157
202331
57508
211418
146063
113543
59349
180123
146062
384829
321559
325953
534425
101508
329895
82930
68456
318334
287887
79454
132972
135784
384758
326256
104194
187003
196428
88835
47340
126343
297023
325242
162290
17777
48842
318645
318647
318646
202740
161352
134921
360525
504960
202744
56579
181753
169670
210716
297882
27286
97400
76228
84020
51313
175018
202541
328059
202542
204703
202450
17624
85698
323980
147540
364745
17589
367928
17583
106243
88994
62264
51164
72754
17470
17467
272003
181712
86055
522896
79951
298269
66522
47778
168625
113808
267335
220531
41991
98877
118421
118423
118560
119029
82308
178360
100958
317540
17386
241521
17384
17383
41983
47577
50141
320216
215235
79271
83937
240771
79468
127494
103420
62607
53945
85251
283630
372644
67522
17356
17353
93432
293122
78146
47504
104993
59446
117393
74210
61443
81298
293123
85250
71999
17348
254068
225607
225606
225605
225604
90566
518003
518082
293120
518053
319313
174582
17321
293135
344300
55507
24419
146859
120556
120555
308131
74599
525825
297886
353568
87428
17266
82026
121207
17235
77975
207983
133131
120646
371161
17203
327543
86715
371011
77856
94165
72377
128876
17182
42726
205691
62018
93198
75531
17157
17153
50545
17149
97587
152110
17118
124576
124574
17114
17104
87044
98573
57436
96682
17092
72048
60581
225592
63843
178344
517895
17074
517896
50164
70991
384043
384032
150390
53273
61301
202984
52458
74572
373902
164603
368122
45147
60564
44421
44420
87707
51281
48269
46995
54400
62285
84497
66496
521144
288049
62258
75477
240870
55746
374086
373891
211997
57185
17064
211996
521565
99170
521552
81913
65810
521255
76947
80664
517898
70232
84599
70884
72649
82446
52394
112199
93245
58563
116068
80057
46538
44734
96376
49611
56589
53638
155089
48789
57726
171640
128520
61630
64383
82406
63693
212028
254377
211982
382846
170592
517897
299871
127565
130273
86893
79931
59385
53723
86190
42296
58641
521593
68153
76700
74195
84142
517548
517440
517428
521517
518820
520242
285690
105291
87252
16987
236190
62900
171221
194597
81234
115770
240246
256708
256701
275636
298744
53107
307867
225585
319882
256365
299731
378651
378652
61032
17012
87456
17011
381074
381073
524586
55568
524734
317537
275631
212026
246450
67610
108478
70381
69009
284873
43322
17003
299735
257334
85738
83564
16991
65192
96517
63213
528767
114372
56214
344298
524691
73068
528846
367522
344296
197118
514608
387713
218437
226374
345457
16983
16984
194810
176831
301917
16980
78424
117388
101944
256684
16977
23853
62329
512579
60015
51189
16971
506699
16969
59031
74122
64035
263542
526449
77150
118399
60115
72623
16949
118592
100951
235090
235091
16942
178822
178821
524589
73168
301915
16935
241859
54661
170466
53106
105081
84741
16930
110493
63084
87189
115246
301914
81892
63449
16923
288028
198953
505476
151061
95051
346814
505470
51524
171014
318870
113333
504640
300127
240891
246478
525255
387385
505473
336182
202846
362399
368910
94750
94751
93831
30142
99614
342348
199707
91222
349558
90246
358125
92890
183790
215967
93393
250650
30146
2742
215968
168758
29904
73820
73287
166025
30149
91502
89239
94876
96697
94073
100057
89413
218396
368911
30152
199709
99239
30154
91503
89240
94877
112725
92879
94074
96698
30155
258364
96201
65503
68164
170417
87954
96752
172108
90000
84390
215969
89076
92163
191558
368912
79708
94367
338713
174546
30166
91548
30168
174547
29933
30170
341982
89764
98919
92558
64726
96704
99763
90258
96489
113432
29942
180694
92176
77783
89332
192911
313313
307085
29945
30184
96349
98744
98745
236392
30178
89213
174548
96157
368913
100007
128822
358131
29956
93806
172112
99821
99822
91097
380752
215972
287109
130093
29965
43788
96788
30187
96789
98554
93075
192912
380743
333438
30189
307084
30190
99301
89350
29969
89582
313317
87955
92531
164221
304851
313319
108376
325687
304850
30197
98331
183914
192913
94334
174550
93724
388785
294568
349557
89077
97285
30201
242732
168759
97367
192915
99814
94724
92272
349560
192917
174551
313320
108756
99426
313318
97368
30204
336368
89505
92183
99815
291735
29991
110060
174552
174553
218397
94726
90380
94725
130094
95013
89651
95885
29998
93690
318757
30000
168760
87960
98465
91069
174554
291739
171387
60793
97784
96037
215975
76868
93606
199714
91581
95095
93626
92333
117716
94821
30214
30019
172113
30216
174555
92372
215979
235365
30218
109636
215981
199717
99055
291737
318758
318759
215984
103795
110560
25656
345415
130095
96812
30221
93084
97966
93636
94616
95371
30224
91450
95530
92593
102332
191559
180696
99115
52130
364874
318741
358124
275817
303225
358123
275820
358122
44845
255987
98411
173136
166012
96199
114426
71808
98647
173095
206412
206413
270622
206414
28282
95570
2801
2803
176253
2805
73678
206416
97658
206417
206418
206419
117055
343887
108880
304035
370888
2889
304036
168826
298021
254133
254134
220594
220593
367626
503704
2897
2903
24372
114489
102297
61061
227429
75542
117380
368905
333011
350005
369288
104321
522743
60800
56661
45644
114490
28657
204285
46543
67972
370889
141217
2921
206794
92508
241818
287311
309953
206795
47189
28682
99345
28683
57221
212523
60150
86402
28694
63287
75775
78304
83949
111692
376595
256907
256909
206806
25642
198585
253928
345915
364880
345916
71211
358098
364891
372038
341598
374514
370890
361776
52876
25482
198586
170164
180962
271970
175789
226981
64189
315490
196234
135124
138612
152126
344158
271846
127963
2969
260918
183826
206809
25038
2986
204505
360290
360291
360292
360294
360295
177932
85156
370657
353579
3051
3052
3054
207524
207525
94085
3056
251220
212828
372916
3068
42449
195450
139696
367812
222920
192039
183698
237439
108564
281170
262829
192040
372917
239380
114492
194498
176280
85773
52167
155788
281213
90254
361729
28785
270931
139091
193946
170373
367524
95867
137021
79429
80433
222923
152286
109511
222924
211803
195143
316665
181267
151576
61409
339919
337195
285369
28788
66570
135663
369289
361043
359900
91307
152201
124344
136123
171739
115067
75063
48373
54557
153263
45191
334724
302850
345671
325541
342437
361042
300949
121416
359898
281494
52916
136210
82225
207576
530359
530360
530361
74341
47388
177975
92987
170363
274983
154070
151045
212841
530368
207579
176638
3174
299592
208332
291727
97469
208406
21620
308940
98105
216638
106095
3210
378992
175818
3322
3341
120260
115947
84048
28952
70109
307335
69034
124348
350006
138616
58190
118070
3410
150050
209872
89098
94987
198227
29189
91879
239971
29196
42506
29200
29202
61277
3724
47694
54786
154908
29212
85867
182765
83422
3742
136013
127005
343229
185379
217936
29241
344847
228959
138565
359225
214376
160813
210684
211171
211365
95516
3783
29268
335114
29275
132524
29282
222993
3791
212464
88844
212465
212466
212467
3793
212468
212469
3825
119501
29336
387737
273089
515183
248247
336439
215575
378591
287963
379002
378590
215576
379001
241276
360243
385865
382776
315647
127405
360989
360277
211253
537664
4036
104508
253881
4039
171979
4040
4097
4112
99607
240120
95199
63265
45210
4174
95960
4178
91650
116976
94636
529847
213583
4197
30265
4206
213595
4212
529866
67006
213598
213601
116977
58848
4232
30278
30282
517163
76993
529862
517202
213590
213591
4237
529861
30542
213640
240297
115637
175834
188020
213643
507343
507231
507131
97131
4258
176639
377798
213775
4327
79054
254933
94800
277154
92375
77635
112965
72036
55040
53171
147691
22932
107773
117706
361223
361819
360278
245133
320683
297329
291252
352649
350007
125474
301959
297332
301703
245126
285588
89930
228294
367705
272618
359261
181205
373771
352233
285131
271885
301963
345236
285381
237779
281255
245128
285382
248511
352239
49408
359103
352235
359104
117707
359102
254140
298390
364943
364945
112300
240739
104467
364944
325312
112331
364946
358923
361818
102296
238472
272717
114498
221252
68194
96493
125059
348584
61505
373770
81224
202553
237443
364951
249927
221083
115079
256918
360313
130616
130615
364952
44554
182332
214473
245131
245129
237091
71026
106103
371953
243472
371954
371955
256125
317462
4370
250225
312649
238810
85133
253717
226841
504812
110164
248515
243148
299737
182179
374042
219371
183329
216830
101114
95201
4457
238429
30691
110254
4463
23474
138860
131185
23530
367842
57103
91366
384933
134634
214690
101674
221912
4471
45244
22864
335605
4476
53856
28401
72190
242408
254629
272074
30695
23475
226690
255374
218559
238812
299739
238815
68714
127891
77105
95041
4490
131188
168291
168306
238813
223067
303598
228458
112793
101679
101680
4498
72885
237811
364729
357586
289121
240035
351291
518436
4689
529553
59250
30789
64534
57952
212744
4712
58412
327923
247492
327514
387739
269525
253328
253237
4720
247493
81368
385408
30791
227828
370831
4735
66548
253063
4738
368948
138286
242023
141075
387599
85056
284109
4789
294387
345441
322456
309917
297381
256922
322203
27641
91286
170391
60450
61334
537151
353572
353573
386818
353581
353519
104393
132141
132142
132143
132144
132132
132133
132134
132135
119191
119192
119193
282544
5130
135468
85131
152842
78756
5147
101163
521708
119185
142792
119186
119187
119188
529612
168934
124048
521650
518084
368023
130552
41152
23399
341630
218242
5200
126391
360341
359605
371075
337028
117068
203277
317571
320312
317573
359614
203275
203276
249334
284510
371076
91754
136751
50696
49632
66514
30998
62766
22782
109593
68693
5236
5237
205350
280823
106108
31018
195618
182468
228838
229490
336369
331209
107696
97018
69755
180699
94179
97608
43478
223169
112727
62150
94247
31067
71667
97136
91054
336906
333416
318760
360838
92052
215977
223171
93108
93721
84197
360837
199711
78802
119058
215959
192919
119064
218398
119065
119066
119068
318583
42464
387483
387484
93799
387478
56904
84627
91142
237591
5291
66762
60316
114596
90577
206712
352667
264548
312947
335805
243178
5309
5346
5370
322457
375946
322461
371587
86658
177900
121632
327500
5512
5542
259134
5543
5473
66532
25668
79171
56890
194491
89726
288129
290272
341814
344180
286117
256749
359980
226587
133848
71621
121935
102554
135431
218256
68987
97297
162226
137485
524449
233471
97667
121936
55125
99866
77308
121937
84255
45079
76842
42324
94015
137487
74266
54826
217857
119207
98955
54284
31600
98091
265815
33969
299513
58872
83687
130165
44412
52642
73359
299183
374224
132148
73360
301342
119204
76201
52679
242213
283677
242130
220395
242215
44332
374330
242126
143131
143141
160515
160514
103704
44333
242122
278251
66369
339052
291859
176624
68114
288906
328135
242210
93943
31611
344182
522747
522979
73695
49675
343789
274990
274991
274992
49773
63917
194925
115406
53618
93086
74171
204341
47715
375151
281380
117044
77508
90523
109613
197561
122075
53279
102305
85350
50650
80363
96155
87815
96154
58247
31638
370069
347359
97736
92880
70968
515201
243610
75265
31650
137504
105146
96614
257323
81490
60767
339944
290946
94006
79717
220410
153998
99260
76078
219221
143134
167787
56313
64640
183251
66232
44489
143264
121588
68547
141971
60768
31681
52068
525696
137931
70503
57499
42564
237328
93742
115010
117456
136441
115006
108274
109726
292857
237431
92225
86108
99634
167782
241872
172291
73091
43261
67296
130296
241820
298077
64230
69806
85453
217613
374232
285896
66956
71502
282411
93675
66813
87254
128945
95976
306316
177345
132149
75064
344141
227128
251849
83153
218001
108729
119208
234187
374237
65467
339945
179005
124154
101701
277336
75496
105298
170939
163502
68020
339050
46378
53805
532213
97674
196419
54416
338089
276131
277333
288964
318749
62385
252224
53793
75761
94522
97723
66605
92306
276164
276165
288957
276128
276129
276130
243228
339051
277335
288653
277334
301344
301362
321006
338092
338091
346649
346651
346650
346646
346645
346648
346652
387010
500771
378593
524256
526113
102603
91106
97995
294496
301359
301357
301353
301355
297641
344777
344778
515200
344781
344783
301341
507779
385321
344776
217614
137503
177349
105300
378592
231518
321007
237643
301361
137500
265814
532633
242216
301352
517393
338090
258532
243614
517446
288995
237644
288648
317125
177256
176025
344779
526203
289771
242209
369290
273606
288951
344780
300473
320225
500874
143132
283673
300474
328134
242957
318704
301354
289770
301356
301358
254510
301343
278249
326844
344782
273607
293587
306602
347358
314450
369952
190976
278253
150934
139586
31541
5697
31547
5704
237093
293759
5711
181960
93620
168892
74131
115908
112153
31551
151341
42929
5722
76557
94005
301000
5727
293493
5729
5730
42914
171376
31562
21602
5734
271851
190129
19962
5739
30461
5743
218508
95396
270558
80492
529090
368802
383650
383651
109923
102221
68989
131218
57057
111165
69898
86353
89132
67430
5755
98721
92457
48167
108305
159486
337956
377009
308666
91505
108100
91263
334468
306845
374711
5757
110356
153685
31752
163302
179322
5759
81774
5763
5765
335308
335309
293040
55571
281490
166443
50756
90247
94120
387410
198594
44562
74561
42544
31760
5771
316520
103691
43947
82312
115857
167945
253166
97424
88548
23341
5835
31796
297518
302802
293365
31805
536985
537011
537304
536959
537010
537287
537359
531133
529948
5888
537103
537032
530935
529996
529990
529989
530936
326682
158441
303828
70567
219228
249616
29272
218423
209005
317234
74280
5989
310118
135366
183253
47521
21108
6006
6008
72943
45740
525874
218569
169582
117519
31851
180344
76398
58478
118142
25060
20683
290823
367730
103146
87536
24700
231320
279733
298098
170646
64330
6133
114996
150811
78543
6139
296102
51581
522656
195632
307418
145998
158512
61646
525410
389092
240471
374906
189838
117272
226328
46948
314101
64829
517287
380623
534829
268564
240478
6230
200188
103614
522974
517091
517092
518276
519010
519979
6243
268574
377739
377740
76835
296469
140034
226329
187830
6229
104387
345342
525795
254610
364439
511669
349539
526447
336462
506626
345343
525484
336466
316737
353807
365024
377074
256620
522922
374394
384497
382805
385347
514313
526092
532796
361424
526269
530332
525904
526152
525718
525806
526095
530333
345324
371265
315330
342449
357381
506688
371273
331257
362015
359663
362017
511584
371266
345326
371267
533205
349534
326338
345347
511696
505288
505289
505290
371268
511680
352084
521214
525998
535853
536248
505284
507868
507866
371274
535899
511339
377076
505287
528879
355908
535918
505299
517424
514312
525497
531291
361425
505304
352314
505286
306250
374124
533305
526006
505308
536737
505300
521458
342448
518025
528907
517787
517993
519700
521728
521408
368684
525821
360226
521557
521178
521330
521094
530331
530330
505309
512640
525878
349703
356008
271270
271106
269585
296675
303249
271107
301459
206881
249880
285393
527663
371275
285394
343473
359665
317252
380868
349702
505305
369358
527013
298719
274595
372474
372473
372472
119919
32023
261430
41202
301831
528806
193426
220216
125571
256108
280171
139006
180027
321697
92123
256110
278313
255455
107040
316315
323061
125990
269665
298030
370753
299497
194718
182123
517262
357530
42160
382781
313940
314387
344142
47797
256111
370752
197261
40954
304656
6480
32068
124117
124118
166894
6483
233223
41313
116857
138541
136019
150424
124120
168647
6486
368155
304624
155009
304628
195962
197875
60287
138266
168648
375213
275892
180028
169660
179895
97119
129081
226721
33977
32073
90367
140818
56041
180964
349449
32072
138543
40956
142064
63809
223352
138545
170118
114352
114353
6491
6492
97838
83268
125574
124123
114354
6494
302098
124124
336922
104580
41317
85119
197958
150427
107041
93397
304638
168652
93073
256757
99349
99350
93404
259353
94565
6501
169662
101552
286585
258248
96311
90106
99427
94691
350602
96359
307093
352289
66499
98999
89392
307705
336371
89925
218399
97053
293430
89393
72415
49687
173097
94783
66531
96573
100322
58874
89384
57159
67703
108627
308094
93480
350603
100113
98273
94489
96443
96444
100088
96352
98778
64317
90911
56955
89039
92063
95438
77329
345419
345420
328521
49889
89390
71569
97351
90949
97724
97725
94108
96180
128826
317158
128922
99465
69799
111202
174094
103905
76113
90091
47432
68273
53538
47262
99707
365985
89389
104945
72414
99737
47571
91931
128921
93455
128824
91837
96972
95221
293229
192922
95542
98452
337336
231432
51768
95543
96965
98453
93754
34148
98070
98978
291745
97317
42086
324238
338791
91181
59819
121293
128828
318761
368394
368395
368398
368400
6682
100324
99902
96656
6690
58721
32458
32447
90516
50783
96440
98066
349701
369950
84807
183791
321513
92629
199708
199716
192927
328179
51335
90130
317865
96655
97557
90600
100325
108904
97928
112154
98832
99416
323374
326564
263575
150286
41997
322020
334654
221090
163026
114524
122440
77925
504993
343736
32544
153207
124851
6763
121981
6767
25696
186949
178717
32527
6770
243420
81302
98735
32535
163751
58992
51715
180073
171035
32561
301274
133838
6780
525977
73759
135671
134738
207545
228067
114505
104003
248909
387005
81895
372772
529565
334052
181329
152161
91465
343790
183486
66150
99467
199218
272173
309921
229797
523299
298442
170182
81483
6799
31407
22228
232496
505062
522568
505061
311032
253644
46666
48980
87806
514316
6819
130791
283871
6829
25061
6830
234386
65437
102443
344071
339350
339351
301055
255398
63542
273781
359185
359186
170395
181701
32653
231327
6919
63685
368689
367947
326792
125710
154668
6925
183592
226170
84672
231324
374126
140097
211195
202678
222349
253745
530584
278293
222350
135873
7037
383325
32725
211196
332113
332103
332115
332109
176926
296819
115159
245183
93910
24037
105713
191857
105714
46564
90038
137530
84330
75331
44239
7087
90919
253744
226441
336813
254027
340801
340802
340641
284119
7156
28157
271363
74322
52187
112608
102420
359845
312319
104179
102492
367740
102218
114508
83461
298840
56971
7181
7185
7186
193948
7189
158810
158812
166395
71782
32847
60545
81086
337112
260686
130014
327831
60350
84077
7229
106126
334691
70762
335252
7350
129118
7366
92033
68895
52663
95612
315010
526155
91659
58192
87553
58966
57923
349407
373513
349408
349409
137543
349410
349411
349412
111132
347729
373048
378722
78581
350079
526440
43733
94698
222063
52706
96050
297211
89195
315645
55925
77918
93761
79077
58472
54840
170842
46584
69779
54108
242943
75745
102401
342505
91281
240390
353422
74781
59920
93220
182217
96835
90117
66475
526295
43622
105183
33165
58074
167401
281160
258243
109725
55619
296203
363837
537774
46895
57999
526177
92175
80012
297208
50721
121563
91335
47285
47369
197402
96102
46211
98426
96891
82921
97727
282440
333499
111320
95225
69721
66948
353416
302407
48359
68300
526401
94533
96820
93998
536375
113630
76520
50392
57739
192398
336561
94815
364191
180399
83233
281607
69561
315046
103039
93025
75041
98670
114929
353430
99706
72933
353431
57244
353418
136119
305948
49061
281609
82831
92240
154823
99346
33318
170859
170860
250589
183460
78393
310477
351302
517291
537872
348093
376951
120473
296648
62589
245746
77754
152474
334783
33344
114513
368691
82034
284965
234000
114011
365044
219996
234001
370912
345599
360384
350935
216755
315577
189957
517462
367748
138569
7541
93563
139573
90288
130972
90567
156170
358784
278065
227495
306372
126693
315581
90289
306374
350675
278066
99575
99576
126694
131250
335837
184348
169452
97864
7542
232648
7543
223607
291695
241374
194558
138568
93935
208025
241133
30456
517726
350650
30358
97886
119792
97188
343514
136448
119800
517414
92400
311952
216759
372087
198444
306383
198404
127905
155989
131731
324266
310334
255459
153105
365351
72330
302040
324267
56104
517348
367989
126674
307972
153107
520920
30424
126682
89933
155592
96582
30394
359764
155810
315593
167661
232928
306375
113948
194426
170364
375177
300594
236215
290748
350680
182603
155604
212088
194425
208023
134063
335548
194423
167663
138622
335549
126651
127675
97394
367950
136445
208063
290616
92126
223613
97232
139572
208047
165653
97575
238833
7582
194345
301262
321441
369849
95866
198394
198398
198399
172787
346013
99277
126686
131733
126655
81540
359765
7584
517457
7553
198421
178928
517671
340805
7596
248801
346121
299499
240996
250158
181333
143575
340857
340858
346122
376219
336580
333427
346116
346117
350014
298603
242620
317397
302132
309924
344848
365051
350499
350015
381318
344205
344207
344204
334787
334788
334786
297430
338977
294673
229045
197090
177419
254518
217082
7810
7814
7825
521752
223662
73636
226722
110700
227603
33523
228049
176070
187652
179824
327128
217983
80929
252826
98464
282670
48863
113679
79820
104786
117371
125484
236528
177618
306605
517627
374043
172943
221590
359850
131111
182447
520640
117997
110415
209055
517355
512122
33527
186785
194559
361709
361010
361077
361079
361076
361081
279221
191134
168976
140052
226693
269664
208639
250976
242424
166050
272927
115613
268912
151200
180971
226848
227631
112830
373777
142512
194563
142494
262697
262701
310183
353026
353073
353027
271973
175747
200165
243430
360274
359570
349800
360275
351143
359571
352419
349801
359572
359573
262700
384598
320147
279662
217985
101364
64192
268932
274713
173103
503509
7866
65097
94610
152534
244128
115570
239704
242951
194180
96118
134598
65098
274714
99926
7881
102759
95865
7883
71788
7884
52525
104482
98058
94020
358911
90484
60296
22873
226644
197026
221591
79850
47667
247629
57944
33463
23899
357476
326141
91125
520518
296391
251615
92369
167589
520542
69280
521121
221592
105661
226647
180968
511366
76102
7897
7898
200867
7900
297593
299831
136311
197271
204263
51606
66920
66921
89569
95302
71022
526179
130829
79057
115617
521411
113951
105658
176981
187648
101155
300252
360712
195577
238475
350992
233871
68070
191323
353109
521625
519716
44383
44612
131709
343797
511002
151047
244150
350016
304591
136479
191793
144905
166152
183594
351773
194554
124383
247632
23113
76666
273391
7924
182538
111812
270565
116517
155262
22949
7926
62451
127113
68904
172105
136944
102712
197273
90678
204290
236173
63165
99410
127114
208921
56826
127554
194427
85308
93578
141223
155674
94407
336503
127115
155677
97850
41835
124167
210854
212176
245147
172576
197530
90942
33499
97849
89025
84335
360507
278445
56435
43634
518478
181256
227334
157994
120688
90448
218250
197705
85759
317159
7937
254804
177477
179050
101162
272737
242952
7943
269832
84371
245149
92273
337419
343924
127487
512219
536644
120692
336743
91260
195407
237024
202621
65708
537786
151245
178548
68513
197529
307723
525582
96379
103471
59200
170246
537770
236226
55016
353309
357610
346559
370108
361232
377913
359187
351309
342934
374247
367753
136883
361147
293384
333196
84947
368996
170777
299542
94705
242428
336379
325517
361988
211934
49542
307170
273555
334919
324049
307814
90504
324050
316477
316478
361149
307815
284015
117411
315333
343955
261470
175022
324052
7955
334669
219998
307014
270115
179962
130809
99612
284271
299336
83337
61266
226655
377077
517405
319936
306954
283490
75065
134739
316480
299547
192721
65802
117570
361145
126341
370182
355594
307177
368873
521554
137752
182863
351088
254588
325836
65803
195131
273392
79217
334923
99419
299549
299551
347510
361141
361142
361992
273215
194944
334924
281306
361143
307178
384611
316507
316482
376797
386894
386923
334926
368444
519705
361148
210751
382517
374397
354444
385130
386924
68091
136431
7958
220000
223682
228312
315648
219470
307106
271159
350993
115454
211133
220908
7970
241467
7976
153199
7979
99719
195789
227949
136177
90048
227950
239952
136954
170914
169160
193194
315858
7984
221593
96515
286930
521368
227389
208770
324268
226618
386795
386799
354311
8034
82893
8051
304026
357202
33621
312681
275902
146369
356539
312682
8142
355301
268652
8148
77117
125486
114520
90710
104441
155895
80300
378655
378654
91308
33653
159113
60013
8189
8200
8202
175158
33668
285918
47928
124355
168840
214488
198566
179827
368101
104491
255000
255001
317269
306904
44146
366172
33711
8255
297266
8268
103130
8267
8271
8272
333382
345640
8273
506853
8275
176662
506628
504241
506750
503904
504897
506758
506769
506557
503971
124537
69122
363768
326965
101799
75653
161970
92631
326972
48181
8335
194522
370529
69320
58743
344881
195643
69929
195648
85748
80208
84080
92495
270812
96886
70914
155682
384613
360153
369293
384614
384615
138263
351638
324936
355182
343798
116734
99362
79127
91395
97118
98548
34015
55186
43832
77469
205740
53457
238974
91673
65729
92285
360618
78337
209579
194953
154376
206634
83756
98151
92663
253648
67113
34024
73141
94959
194955
154377
238985
81070
56782
182210
85506
524341
324220
511959
351310
238016
95366
92853
88587
78395
99004
204296
34033
62314
59025
79309
115903
90011
98443
69979
56339
56810
63504
528993
311352
8466
8473
223765
223766
8467
8476
8468
223769
43973
254908
179483
85634
175663
320141
143573
114542
34081
48554
213162
164023
8505
8510
367757
334792
345328
518042
518074
300351
127415
103716
370698
370697
211882
180988
39162
328470
514339
363901
363903
363905
500978
500979
500591
501733
308783
308785
347057
515218
237812
377081
377078
388263
377080
377082
355187
270365
227664
387397
358838
251261
319545
291685
353363
328471
518415
368700
228068
297728
521614
378066
301470
277298
384612
297713
271394
286286
284551
285233
237689
164350
271395
521455
374411
374413
361011
511349
511397
374414
374415
307009
368702
374416
286076
300898
302851
500818
385014
385015
500749
363900
363902
363904
511941
362134
326959
528826
284539
169666
285134
101199
157787
182539
138118
271212
298140
8572
344482
336512
336513
344483
385049
287343
94957
91688
94863
188714
351164
8575
227987
347041
308788
302817
308786
308787
302312
528822
346735
271393
301460
251253
287157
88275
211136
272751
307632
352726
534382
359578
285133
67823
186790
363895
335151
347123
301461
301463
301462
326962
91124
316650
100392
53922
220812
269853
238324
231938
226724
220813
226353
97552
101214
74777
74778
127824
86398
124387
124389
124390
124391
96871
50679
136355
124392
138257
124314
124316
118928
120165
101211
39150
135856
104276
99929
103979
128169
88305
88363
101217
140004
68684
8581
24575
20230
101221
8583
300825
319549
318860
325764
339320
300613
300614
335137
301466
335148
327183
56783
254020
319550
318857
337988
337621
240983
285921
501330
350610
132735
186960
522730
285920
250812
301464
334802
334798
326961
352723
389004
124882
39155
340871
180239
219307
162965
300617
351167
343623
298405
366530
333837
335150
298406
357478
298407
352315
242633
500980
511780
163543
351168
298408
209439
344211
344214
344215
168774
184279
534884
534227
337990
363889
363891
378054
378070
365132
501333
500878
324585
163607
334801
168116
205168
177499
360315
163622
324586
352983
197616
300352
333838
333839
333840
163634
521533
182655
162967
163644
160073
536026
311116
181338
181857
183595
118887
536861
160086
537025
39156
238263
271396
273120
335817
298443
335813
335814
249802
308116
238689
326376
335816
238691
238692
316651
317649
271398
326377
333842
209440
163564
226444
163565
335819
163567
240984
163568
180594
322021
271402
271414
271410
271415
271417
344219
361045
271421
271401
192497
88897
345682
345685
363893
346817
335141
342462
358839
301475
301471
367629
517157
389003
389007
380170
243231
367761
227497
298180
207506
344216
163614
191235
360046
207501
163559
163661
163660
163663
346818
49954
277436
325766
337989
325767
240985
300616
208850
186791
335142
327184
327185
91517
319181
89850
124126
67193
521402
279851
124317
99203
182961
384107
127801
352163
270092
102691
384530
64706
114369
104330
87989
222319
102884
77716
270978
174591
138731
230155
136764
110322
195966
181136
108481
358500
85967
250926
39226
182353
121461
373585
70765
57703
296615
325346
111532
384540
256338
111720
39238
89983
94543
102042
67308
95887
109931
39266
92681
48173
214105
76604
44267
90405
84983
79483
110116
220815
253851
384575
58979
43382
300353
380902
104103
110158
380903
175588
8637
537028
24258
252433
342535
40496
39093
90543
134085
165038
262323
277876
8664
147459
503912
504905
168842
129701
308444
376240
332706
128250
347762
347764
360616
353947
340877
327319
327327
135818
340872
316832
307851
376241
526412
360687
300325
175796
504463
366828
334575
308446
284959
376242
138481
325648
512282
352106
286093
307905
256763
272078
376616
142657
169865
249808
315607
129083
135695
219309
345733
530792
530793
530790
530794
111442
332707
118687
352425
526288
132575
300311
375152
521617
112835
235443
316833
248768
326206
376617
360688
376670
142714
66450
230610
285924
521119
316835
87085
219363
379585
379586
214456
286095
300312
525831
316836
292725
89223
99030
132577
355021
520985
345629
369158
300433
369366
326207
251784
180219
142686
326209
268818
316837
235444
300313
336348
526111
526116
526431
526140
352107
241821
316838
343474
385132
132576
521530
255023
241732
521751
376248
368246
504493
293568
109258
167860
526289
118686
345736
219475
96716
525724
525779
379587
525891
522406
522560
525704
526010
368706
511565
376251
172162
376775
526344
302429
376253
114546
205190
293059
335515
308447
355025
135703
268819
205185
187206
269844
308466
295435
249809
248517
269912
293580
142634
334676
369113
187208
293057
198988
352429
180153
316839
248513
345635
306562
376260
308467
241891
326214
135708
54877
326581
385319
360729
333014
512134
272752
284420
115112
285926
285405
80346
186794
167861
525444
219476
124808
287944
142658
47541
241887
352430
352432
95993
135968
316841
521841
521653
300317
132580
338878
293579
346479
326583
166446
521884
135712
211532
54428
23597
268821
219969
293058
315608
512191
352729
108492
135713
108009
322086
256529
293581
362027
326220
172170
308468
326589
384635
384636
268822
221900
221901
275906
365139
356533
379582
347765
361003
340878
503780
360389
360731
168515
135715
187210
525925
375956
315337
135717
369164
376262
124809
335809
526296
528690
352422
525993
70937
526277
347768
347766
345742
345743
345745
358101
365140
526293
57719
525920
526200
526428
360714
218851
135701
105723
500603
500621
504190
500589
251785
326597
326577
369112
377046
218853
525760
360723
376258
500624
526275
351195
75221
504666
526083
525956
525921
219951
253603
374398
8701
136432
126393
64929
142695
40506
241254
81130
59236
244734
8715
254040
118685
66220
256767
101224
8719
92695
375955
344849
360715
117935
169386
40513
211140
115799
254269
155704
104324
54610
8725
167612
240888
253716
256814
256769
142699
139930
25674
187292
245317
49366
164941
255887
153487
368034
164939
237559
367892
350957
257865
51981
229517
255879
187575
8762
166628
85400
8781
108801
237389
116494
180721
306659
517709
83038
192985
82704
297939
180722
343544
351780
313761
334577
153039
321460
297940
332853
81251
517619
281922
45583
208880
306665
522050
376170
321465
116771
47532
299450
372739
69388
349784
305126
137022
167620
67353
299451
281928
116773
209348
127156
281929
167622
44888
332857
251186
209350
524526
167624
88355
109403
316712
315955
343209
314155
251194
366335
110669
332861
281938
251197
372744
222181
251200
192991
118031
167628
281941
222183
222186
64107
343552
222187
332867
368828
520753
237394
93970
116781
92441
137163
332874
299453
286548
524642
306683
321473
74010
272353
385219
272354
334581
334582
209360
298798
313770
93708
97270
374767
81876
96811
152391
501602
270284
511463
251293
525608
517565
344469
97216
68940
49262
306687
311454
524393
524360
517566
524348
517573
222359
270285
193002
238128
286550
167633
251303
251304
167634
210816
209364
305147
94742
332887
298800
522054
193010
117305
306690
184060
209377
196470
349790
222202
297945
298803
517543
251320
195807
222205
238139
167637
167638
299458
222210
298804
222211
316716
102993
89368
366338
81584
251029
229114
376040
92800
151882
298805
270296
217090
306695
80778
102526
525598
74720
40962
517578
315610
314154
137168
233565
306696
503610
169372
316811
111223
193261
151884
298806
351784
524347
503110
332900
321482
370784
216555
127164
343561
47170
365705
82484
326504
239638
306699
281964
343563
90230
374776
272412
222366
137170
281967
127168
237405
316719
350691
176093
222216
103703
222217
71169
193015
525561
180154
64081
524493
69571
332905
238148
49150
251360
193017
175406
281969
116801
167643
71767
270306
237408
270307
228954
60819
162011
326505
251371
83701
77207
334588
370789
368832
252343
69358
71881
525577
518052
54971
96991
42955
208887
209111
272430
237412
297938
270310
351788
524565
315611
299463
55302
115338
85671
306712
359507
43105
251397
365978
360411
251399
334590
350693
176092
316724
176800
321496
524540
305168
237418
332927
222225
315888
525418
321497
359508
136781
51004
198950
142470
525534
69644
136782
525591
270317
296563
517582
524488
270318
153044
78204
52672
127714
127715
151892
116811
118021
281995
137789
376394
222232
47936
47935
117307
209393
251437
95655
316812
98967
222235
525491
525488
343573
99783
99939
42284
66129
99305
51451
137262
8804
93069
8819
8840
110821
40634
114177
8851
66804
8865
265782
286746
73269
257882
389049
318568
349494
389050
55715
344954
512396
79548
165141
293656
72767
46699
62476
278308
511742
257891
512310
389052
318445
176095
62726
379910
389054
389057
330076
350256
370014
510725
376894
376381
368372
386878
248571
166153
66072
171472
384739
361633
357104
357106
365172
357108
357064
357067
356937
505326
357079
357082
377090
357088
356918
356926
356932
376898
356949
356913
361639
382518
357095
357096
376608
159310
357109
361631
357071
357072
223906
357078
188148
356954
159311
356996
357000
361635
356959
356963
356966
217935
356989
356987
357036
365173
357046
356907
357059
357004
357010
357026
357021
357024
357028
356905
357053
357054
522595
522377
8979
41788
8999
70204
40893
57350
42262
86042
71265
59980
43305
56461
43098
76888
223946
101250
202093
120238
176460
309441
320197
305967
69936
169017
53072
9061
9066
229070
297978
369296
357124
181259
383119
203709
194586
41168
97902
94352
48494
41181
89996
323504
172558
130050
310798
310797
141483
133144
172245
55573
112166
217333
57933
65023
52399
64692
259645
172229
285151
72952
227504
125103
158307
117732
45835
103195
183779
128593
227506
53294
250712
67059
77846
316501
172257
317656
525569
104631
525526
50323
86282
231149
172230
70858
521693
53236
79583
112281
517351
62984
172252
73155
47070
175939
64962
64182
231150
159305
54464
78786
70855
163495
143560
78287
73458
61519
231158
179471
47548
262591
172249
42511
285170
79406
143553
76014
79457
87676
56441
103698
132472
51784
60228
102272
521699
80046
140339
172260
141614
61821
317967
64061
140341
342522
172235
155718
525793
142471
375960
83578
74403
518366
119591
102803
269826
368584
384654
119638
308090
217510
265633
519280
172263
181031
125113
103431
56070
46678
57690
102804
124113
47533
242884
74712
102350
101707
283818
172228
227571
52655
67667
107738
105121
66032
75940
94850
267784
140343
80535
163496
172225
147603
124697
115165
105285
282199
323732
9222
89442
128041
96505
253331
103144
140391
141736
9253
306803
9258
56232
9263
236967
54613
297482
131199
9279
9281
94861
9287
9293
9298
141602
9306
9318
141757
167946
78798
9331
345845
42337
269653
65471
90379
89233
134932
73405
124811
9374
72606
307908
231521
9382
292247
81829
24998
58745
101398
98853
63881
96829
141780
47263
9395
252365
86332
31797
84609
114608
103467
58218
62956
134906
9456
9475
45717
70912
224010
76708
9496
9497
9515
95794
121616
132876
217441
66915
78810
310184
327526
368956
9691
9692
165642
9694
9699
25238
369990
368038
105290
285595
9732
500570
500536
9733
9741
180972
299981
536460
293828
320732
504339
526290
526325
331284
386938
331305
384666
194778
9757
283220
9771
104905
74934
146716
256081
103534
66622
327527
45115
107851
339583
280482
9810
276843
136567
56554
272140
9818
86841
296806
317659
52154
70829
334982
112338
116306
9867
61244
182879
249716
180314
47078
81097
166898
81096
191230
536727
117596
229363
229357
229360
41570
135972
218859
153815
138591
224057
95547
134569
45483
196838
203270
186267
382858
251255
227001
196840
332688
99935
345824
380502
533252
204073
95364
340916
180595
118333
9877
238999
82263
140136
102684
253452
140138
287692
70902
191047
190956
285804
328307
258838
237675
370969
334657
330082
517808
329916
113872
65306
9879
228782
504786
504757
504574
503772
287930
228778
277045
45606
45607
155994
155797
90292
81514
9888
525404
170507
52749
346182
359894
228247
43559
335520
172133
241886
520304
247594
268262
176616
269228
504265
504775
504869
503877
197115
201387
370966
227995
320149
364205
361053
134789
134790
172134
517807
337174
335523
335524
57116
41781
9884
356130
241286
361916
350996
252560
228633
179946
318751
276199
124545
340922
356134
533359
252559
254525
221307
280627
533340
319573
250897
182913
250898
270542
85161
352735
253326
528788
326596
370972
345809
521503
521432
521461
521663
521426
521700
263235
250029
251739
528913
528849
528941
528912
263236
212013
194380
229476
69266
384227
360044
218197
111263
523294
523293
257090
80503
280024
43170
114474
133487
224069
59985
55862
174855
275093
369299
324108
270579
237427
224073
117277
251258
182045
282054
226312
363704
9996
47002
271482
151870
88985
132523
327837
116295
105158
86370
269955
369795
211811
373123
319431
253755
275565
328302
331265
71718
72483
224075
352120
382538
380555
345672
334820
322093
58920
270580
293833
43118
90412
182310
307911
270116
328301
373124
342441
111479
382753
10001
287268
28849
224083
94525
311035
209001
86371
345162
136738
10041
255732
195121
351321
224092
96012
183830
152883
10044
10050
372608
100455
54956
10057
95102
96981
285928
387152
387153
387158
104727
83847
10062
68759
10072
322310
371654
348221
374926
344367
367778
110614
351609
196159
324594
58327
124526
97300
289293
317787
371136
252589
359914
98000
10282
505384
505383
54161
10295
84531
127970
10316
116296
103415
114475
72096
48923
10339
116297
103341
80075
500303
197587
29457
71687
54361
10344
52828
111957
224143
91878
108555
70043
307586
288023
228329
74693
194455
56842
107050
299793
97235
285119
10345
22490
139112
49240
97326
48275
273582
78115
120490
120491
224147
59706
324185
148374
283384
106167
10545
126531
358915
126535
78040
55076
25027
128264
128273
102968
104282
224176
80586
66734
298070
66967
10583
275829
293549
10597
224182
56143
219411
196968
344084
10606
53077
113464
180009
25204
66352
105306
52023
91167
257009
10613
58864
277138
269036
10632
505491
526552
505489
10750
531306
531302
529696
355591
310126
522862
10849
253102
207624
56852
91332
183283
240191
61448
233102
81050
10871
10915
159770
206004
87619
100470
10988
241134
522863
224244
11030
57467
90083
52009
186820
175751
189962
11048
128434
80483
59137
81670
171807
381661
145937
41864
166201
519992
318613
83960
41253
46789
43515
11103
523592
218217
72445
57621
91154
168213
83235
11147
42744
165576
520553
520584
65048
239391
385322
81061
47257
11171
11174
92815
384892
526479
312304
371195
365321
350495
356178
381645
307461
380166
380167
380168
380169
385146
386383
350999
249822
344494
350022
361717
382807
360742
360743
360744
381642
381643
360745
374044
386676
378565
254026
11286
318962
67046
344485
63104
11292
195622
76864
87102
526460
309898
235120
297071
74179
287729
66654
64666
103292
340504
269827
50599
85002
82413
63687
88136
60392
65572
76570
58177
291935
84013
85058
104588
136510
48466
99984
128879
523485
120142
100492
257344
257345
375323
108015
54638
125742
92158
324464
170823
97526
96042
99650
60505
355929
173150
120921
166993
78893
326042
180365
363379
65908
60442
255119
359517
277375
372323
45320
62052
183621
271521
132805
76960
353015
120139
11333
11334
282030
170827
92368
70318
58146
317291
525715
379290
54152
43067
43976
333849
84755
50955
99396
55052
193162
98831
102226
95523
71472
81715
86389
94538
46147
508090
136511
61922
69623
90505
235109
515258
378228
91610
48098
508237
79163
80371
290503
508136
207881
280303
280304
69012
524093
70579
64707
362355
97485
387829
217726
218914
282511
125116
379295
90720
85283
99951
525635
363357
264493
82981
27682
350346
110349
74691
508119
120935
167011
120141
87517
245303
131681
49306
56028
226948
103525
78534
307387
508148
379300
508162
73025
91006
243373
338814
379301
92269
111543
51240
173149
218915
60231
86373
119277
320635
60772
218199
167014
218910
69818
63141
341690
108385
277405
294182
48777
86674
74949
104704
62323
53696
55821
90143
47034
121083
66962
362032
131682
74039
297072
167018
99940
63888
363649
70331
62000
111917
340505
291355
136512
97568
269261
331271
91350
117237
120920
120929
354182
99355
167022
508124
205662
52892
62565
291952
508158
75275
45358
57234
170837
67283
67284
87256
304174
60695
276259
360364
350963
76190
98681
47789
53095
104265
59487
70412
136609
219225
99613
229160
136513
257392
224332
227593
72258
368304
361577
91369
113084
55010
66778
281626
25842
119629
47087
224339
224345
11365
27672
264587
11369
224349
269843
224355
302368
114826
238866
205907
207392
95313
54409
11381
67385
172041
132825
193186
269848
120715
92209
500138
258794
84463
97871
97002
132433
11403
66455
11406
264588
287393
11408
11410
43937
132867
286405
46434
76251
327473
93757
80504
355302
355303
355304
350406
355305
335380
522859
355306
76432
59347
190011
363360
369986
384684
299449
134886
336531
317008
237442
363361
53531
317009
224376
11492
368054
195274
328795
169668
134885
11500
170951
177544
51961
251915
134984
68135
129199
78616
115875
71006
297719
46012
46013
298519
55055
362758
162385
367662
62642
362759
362760
76648
517116
517117
138720
52221
127972
284449
354445
174892
345384
190012
505046
316312
317455
329942
362762
210480
195421
106854
106857
106879
66970
227382
381011
376196
378180
269606
387440
387526
315346
304592
275942
69636
51244
334993
206081
282140
239086
126566
261427
11553
335516
118904
25663
82687
386503
386672
386686
386688
386691
386428
386429
386552
386715
386720
386508
386727
386512
386437
386518
386737
386448
386738
386716
386721
386687
386692
386689
386728
386553
346123
70730
344620
11732
118888
369590
99748
120362
110000
115581
47413
134658
11785
85130
135485
68973
11789
93193
92546
353742
387346
88890
522872
522871
64553
64554
43502
138637
318356
303933
52214
108542
118626
290370
11832
113968
336207
68141
378939
11837
118625
195796
97468
124359
138416
114669
136860
376400
11839
272763
377774
118627
147694
93120
327046
285929
63068
74444
243708
11905
101584
235053
263775
114850
263766
263774
92958
75157
73177
194937
64950
68476
78081
76278
224401
373805
41793
204350
518453
505207
62487
508257
380173
367520
60561
11916
167899
11917
11918
79410
54016
129852
180568
11920
376108
11922
122296
58755
89773
81791
88993
516366
83043
83806
369090
521341
69216
204352
298254
367604
308217
326601
46015
160161
61888
90573
179325
279730
371968
348195
72674
317161
373202
363279
366054
87840
200319
228586
117122
55857
139083
347803
382811
83438
66838
294420
294418
227784
86478
62939
120190
68622
365921
366764
100152
525443
524854
525381
310761
210800
348099
57423
126709
81006
161603
49446
366297
119079
119081
50939
12015
250936
387845
180974
12040
118285
115220
25407
140153
68052
183327
305827
178739
272979
87822
48100
77011
12058
515286
105733
12085
12117
353719
138153
74441
113970
196175
366133
366268
12225
296645
12228
154143
119970
231699
12242
44416
79115
378987
327505
163242
217683
119641
184831
87896
408477
23139
12253
12254
20150
407552
407599
12257
12259
22908
24432
12262
12265
12270
39121
408543
165243
12281
136296
153096
202687
87435
12299
320220
151440
77338
323399
12315
65965
283634
12318
12323
283461
387738
128742
47999
12369
160282
60892
63514
294517
250184
77200
108623
42560
74081
147606
109724
102890
69598
343626
51572
76785
57223
49837
252231
82533
192229
72212
67013
54834
110630
66227
169954
43637
75616
168782
155906
112075
146856
240903
194058
119643
111945
75161
512570
134552
70302
46345
195984
164947
53730
86211
317056
124914
101976
288967
80423
79962
119279
82069
83316
286270
62682
213223
317322
125924
109444
308920
74032
227331
130370
229581
324352
84731
83869
67650
180691
129210
70598
268933
62711
78966
101738
83467
256974
355658
112243
199373
351339
355661
355667
355623
85247
120950
84222
224457
12393
12394
240359
12396
376017
12406
360602
74534
57311
12410
12413
108918
154514
380560
52161
253205
346135
76333
300257
270593
331612
72813
344265
361475
361477
361483
361689
83971
84565
48112
504497
504436
504524
504332
512200
363341
285683
503816
504503
504258
504252
511309
363344
380561
208132
361476
361478
361484
154659
61872
253561
44075
12444
183825
79042
501498
503587
323393
75127
153306
56688
202832
139979
63957
336540
53367
12464
12471
99125
323582
42706
125123
95183
224498
72815
184496
182125
363086
380207
304364
522849
362960
20617
19968
12494
103707
304363
20612
87514
183165
20598
247490
522850
68075
12506
388112
84069
48060
12514
368057
12515
20624
377211
12517
47970
20613
63225
301107
300648
522138
77933
152088
116286
12596
368066
370732
370733
361611
320814
304997
372810
370730
356863
522381
327507
372319
168525
249868
142885
361856
244646
311044
201599
372722
356853
372318
244969
372479
332967
372493
332968
87887
119645
12610
318719
12618
106442
318721
263735
243089
305934
47824
12665
345644
383977
386884
383979
60856
217436
156990
156992
301109
301108
239891
235856
235863
369648
254808
235866
41945
210902
130027
137985
524883
253641
235876
235881
284147
520348
351058
290684
382813
162921
47440
162923
300652
300653
97404
64744
270273
72313
90909
100517
367597
111289
86856
86857
80054
117204
79910
77171
81372
139812
233313
67311
98368
169364
139249
353557
163045
227837
152022
169014
12731
12733
502673
511173
517830
522521
519673
319826
156988
153581
302334
525261
248771
270753
209669
147583
248765
209675
209672
265999
285884
522207
353405
361690
521910
353407
370646
384698
360604
521971
518081
521962
360332
337434
525328
502310
510440
504731
517583
162922
522157
519233
337435
315613
325499
352267
352272
352270
315618
12751
186842
56648
130028
130029
97337
84215
341154
341153
255733
97211
47323
56951
115905
75702
189986
114560
189984
387419
380522
380523
380524
211496
43353
140057
300649
349806
102901
12758
197253
98008
72865
285956
363780
80748
97389
252006
359164
344279
359165
367521
380525
380526
184225
12834
249899
320891
207823
211769
213686
320892
211527
202694
42140
12855
331601
139782
525175
525333
74299
321357
46550
12890
24404
13009
371588
224548
13012
59546
247862
536957
374968
47637
49384
374970
519993
521359
13018
523229
178272
149227
81170
13171
227423
227424
13246
55955
192902
209582
98942
243408
97182
240860
138779
177312
132247
202299
117884
181708
142061
86153
88442
13274
120501
13286
82444
54272
271570
13342
233431
127269
174904
275840
55060
25662
46474
504797
294549
62651
117561
94727
226795
152417
124818
181314
126211
45566
80465
124771
57624
125126
217099
255079
62827
13392
44806
51659
180011
69562
88445
170064
136367
71613
337155
78012
13423
269617
244381
248017
84115
196336
67342
81716
116717
96048
118212
81595
234865
224623
100527
113841
275102
25913
169722
136279
138172
48906
72333
349807
73323
182346
297298
181618
224631
112114
54003
530818
152216
181922
383885
226737
90747
13551
13556
115952
224640
95893
301069
118344
73174
212100
324417
152288
67797
209173
13615
180146
78926
152060
118346
68008
528869
72823
54432
90812
57958
48968
13637
104293
13648
57875
72559
53826
115781
97578
270093
131020
508219
75230
240245
51540
270625
66152
525622
533347
533178
532047
248960
149476
63586
170499
60698
86924
521125
57486
286100
57724
370960
170432
349887
371697
531228
236235
105421
66585
224653
280239
342784
77323
131940
57806
352439
374265
89590
351103
131497
532704
531219
532320
377238
342618
506532
274799
274803
507393
386951
505087
506791
506533
274800
526007
274802
334275
334276
537006
506565
532313
525742
525716
525782
49736
98264
531288
13673
317568
237944
370941
100010
324151
369401
98166
359192
521470
525649
532618
525636
525657
325001
325005
64069
322275
76732
370946
218976
97756
372004
371696
371699
371702
367799
525626
307863
62011
44261
135761
375986
46951
128986
521340
301492
334479
116046
333018
388570
220054
350026
525358
254156
220051
370971
388573
370974
220055
352437
220052
388572
531112
333019
531104
534646
531105
322324
41356
534843
250483
531114
101459
47349
531106
525932
531115
525817
525869
370967
370973
388575
524869
531113
388576
248961
535886
101479
370948
13681
91016
91805
131268
92149
92643
83535
350721
359303
192710
85021
126746
73821
115924
171012
49921
237226
149463
65236
133900
78127
136073
179074
49493
531109
174358
536545
133936
284168
350829
350725
228940
133901
179086
531102
531103
73872
297820
76060
169051
220119
179151
533763
535799
369855
533191
508297
293612
180859
136217
109199
42800
105243
136218
174396
130579
68380
68381
103700
127843
144836
306768
67709
268881
133903
524671
150713
70333
124908
533435
78326
47117
84538
533283
220125
322396
76838
113414
45297
61411
534469
179185
350025
85872
284241
46220
72718
534592
71792
211578
533670
81703
533190
136222
533473
46740
313960
64143
109945
174498
360520
531111
62303
56734
13705
179174
13711
227544
227545
359798
336583
100550
89770
13728
525470
227222
76754
194408
180322
27307
13740
128306
89187
224683
92295
96744
91009
99972
60748
238040
238321
242038
242040
13747
187115
13755
308129
20545
95403
70481
48146
98741
13785
13791
61873
525393
212145
66144
224692
96213
83468
13806
139224
505085
519843
512600
231138
151019
13830
42027
13837
520611
518923
512554
13841
72682
13842
90965
92244
99365
13863
208089
23987
56258
368171
322971
221428
325663
226369
85547
66665
299665
72854
226370
50522
345506
299666
277173
368198
13877
322985
370123
299679
91708
368216
284216
81858
322987
518154
368221
54236
368231
214915
224703
149182
370984
224704
134917
382552
323958
192723
13896
42021
13900
60954
334155
333020
334156
334157
224706
335678
521107
224707
337086
337087
274801
59754
224708
336724
344489
257156
334159
354941
224710
314200
314201
522726
13904
42019
97512
344552
224691
388578
13793
113807
13846
94403
117229
318043
318042
318046
272677
386913
351708
50576
13944
334661
517845
71488
60042
253589
252614
132238
77691
49738
67404
240129
30292
220820
62605
136924
314202
90767
175804
88436
270597
61178
154961
151053
135762
41310
93860
186847
94000
109651
136722
115224
129587
41275
92192
194888
46672
119026
326225
165908
136887
44666
90932
212309
375969
292564
137190
204868
151060
136717
134090
46238
54752
104289
14147
217004
55194
116959
180026
96761
47351
14148
47514
90805
102863
128960
41303
57974
14153
256212
286946
83886
41307
41291
93181
99583
95848
125011
103320
117333
90437
120572
104134
97945
14155
87071
135984
78937
535539
285146
286505
14156
98771
139757
82286
247729
369130
78775
183276
97572
51010
67376
211507
14171
125231
93092
76866
14181
41860
14184
92427
326605
352878
71379
101797
116974
343941
96017
352764
352765
352766
88973
117959
60933
237217
97573
80923
126275
94660
115472
118090
29243
29269
128969
236642
326255
14341
90792
293662
383296
293664
174716
174715
353643
359803
14345
14374
14375
14379
144240
514485
140986
55064
268009
334161
378993
360635
14468
140841
181895
306965
306967
84315
306280
316398
41739
367800
234061
15819
120557
15929
141038
137537
139759
214971
227648
249824
125755
119768
129797
129859
195690
102756
90209
139818
131330
119759
228005
86714
139417
105004
142405
126761
119697
43614
150363
128047
297374
129399
118225
308722
353375
129571
138945
129805
145487
129266
176226
128212
287515
333367
50433
303031
290505
122397
70154
145144
192203
125823
144925
256852
330248
339419
129783
269203
373399
511604
228007
214889
62234
116260
121830
139566
128839
118156
129960
198947
142264
170483
47313
57373
90929
121829
162263
127988
352491
51632
160267
103846
48469
511317
373401
284651
94433
341407
82597
129230
147241
249823
385103
214970
254832
330303
341431
366253
80097
54502
333592
191401
505183
92977
192741
180282
108164
138532
129235
98906
175656
150530
218152
91608
67129
190983
237155
90312
341481
254839
198948
209930
85318
129806
86521
157812
46685
94268
269196
215527
129875
74301
129798
84472
98490
90609
272969
56495
307117
307118
193774
312223
92512
152048
96047
165233
167270
311191
360041
303349
303350
320074
303354
165234
227961
320075
303348
16089
202078
96917
16090
503863
16091
325452
16092
319262
59166
318411
192388
148158
49539
270778
318409
318410
255102
131571
296909
182953
140451
316769
16093
16094
521036
203545
372114
265713
313511
159791
166331
311189
88140
150009
229790
16095
167274
300876
272776
365445
168744
195433
162695
317975
378950
324277
195014
197953
345151
515088
324603
368868
303345
334494
140449
83681
21533
270598
272002
181911
275556
281056
117860
197334
16096
16097
296063
351635
167271
296060
296062
25322
245758
25323
357364
192478
100907
49406
521592
522982
385151
362447
370676
517396
207781
368985
512307
521130
272777
306281
522621
503756
333835
170742
253590
517337
80563
87682
51124
255199
99677
127751
44766
375155
361504
361512
361506
361508
380543
505565
361514
380547
506971
380138
322097
504996
504995
254612
131882
362291
137210
285616
359833
361535
272970
383714
251260
226667
237625
343475
536515
225344
272684
524772
137849
180804
526392
134146
117110
503957
504994
383725
524743
380139
372008
85526
16309
63299
16313
199724
286660
16326
69546
281253
386644
361067
169859
138249
368272
275628
368267
368270
121813
361505
361507
361513
361509
361511
505588
361515
380548
251591
69170
87735
59646
383523
304195
519935
360736
208831
214504
214506
135570
379640
204355
16351
207942
523673
182689
360333
512549
150683
505571
387382
384906
194596
359904
374680
526561
275962
346129
526365
346130
361292
361302
346127
215137
526206
526174
352770
84354
526322
325158
169439
307932
307933
308928
78346
523519
523520
196999
254120
69231
119288
521567
132930
80823
116167
384731
384732
122046
273958
241749
522754
505235
374687
374263
374108
361032
212316
210907
535740
505237
505551
526245
103050
360658
178569
523512
523513
297022
299721
361536
522108
297303
297304
299723
361291
361301
344291
298739
506724
297433
127389
83262
54154
127449
48279
150943
45291
524594
97906
81578
319142
365999
307061
307062
361591
249878
300358
219527
251985
299640
16379
374690
521212
523848
523747
523847
523748
523845
523850
138169
387219
299728
104558
225356
16375
319966
327470
217129
384727
182915
113681
227385
105652
133942
342566
357884
386310
76545
116993
104072
389165
523751
169513
388562
357883
341055
500806
194524
161284
337037
53308
56726
517126
125627
66376
63876
518451
360601
350027
87436
517125
383145
153227
226857
16398
16399
225364
66599
56035
505006
343017
336383
183840
263272
76164
370622
350968
16428
251898
288166
65994
121120
82956
333170
354227
354258
137208
354255
315832
264544
327539
132416
354254
131604
181974
376468
376469
193760
150618
16471
355308
16472
237905
48249
114998
16474
139141
214852
16476
97353
89993
152272
354250
82355
174521
76668
293388
333164
333149
116713
90897
92198
218670
98369
82608
328870
310923
16589
154434
83719
525629
517678
134659
135777
179270
16511
82835
170240
92253
195376
56866
87461
153958
279290
225395
80796
255734
328878
134109
225400
70077
273959
174131
525862
363168
287233
72366
525630
165197
306148
64651
136255
51081
155678
120537
95238
91841
134781
328882
204222
227213
207298
182830
96144
98553
522106
69057
284803
134105
54660
69547
216428
358918
371817
294527
287792
287791
95360
120538
105013
96307
16525
51428
328588
328590
353502
341059
341058
341057
347548
380218
522723
522336
522510
522338
525243
520937
522594
328887
367672
80624
75722
254369
219498
216427
16583
182793
517609
517688
517640
252010
66135
349273
196547
89358
225461
53309
55103
95703
74269
225469
91882
225471
63982
137748
61416
91080
133173
525166
84210
48926
77277
345566
371814
371005
343207
79655
97785
317676
317677
172923
92308
215621
215667
522335
352282
368278
368279
368276
522329
135776
518294
522132
525365
522034
522133
522337
522136
525773
511305
337612
337613
210932
148163
368280
333519
359749
112556
225480
88164
225483
225490
246156
16551
214590
16562
244788
16571
85465
225513
16582
168553
16588
521376
16592
16593
16602
131922
16615
136494
138757
16620
95096
352772
121634
161137
16670
172088
225535
225541
225543
16681
16684
171818
42747
16693
161144
92249
16731
16732
67822
16745
302785
180503
98506
16752
49914
186740
47527
60245
210063
180268
271669
48927
84358
227018
77276
98248
89318
128987
253579
134920
297311
368284
245492
140073
529102
380148
517894
151754
115890
299506
66606
304927
281840
50020
529118
367375
380574
360408
285688
72836
350497
304928
368283
169440
201321
92638
286056
216354
169441
221101
350029
211715
219311
16774
80072
20666
348155
79139
323377
244103
16776
182258
370282
16843
114934
27290
47777
16849
257091
179884
124393
16860
94182
368286
286325
360449
344561
16875
58082
59021
48929
54468
41928
25476
364689
215234
505475
202933
59588
250942
505480
110619
336181
246604
369443
347502
505479
67800
350969
300450
270599
190637
211610
375060
369444
250088
522011
116851
112671
277897
105622
352223
155551
95560
59367
124786
82166
83240
124787
124788
73216
49975
181520
99771
131905
125918
115015
138949
92712
77962
277944
131885
110135
86028
59096
79243
61530
113053
93547
107981
41564
135496
26195
270255
175867
208780
311
26197
26203
131890
177522
97048
166043
258409
258410
258411
258413
258414
258416
258417
258418
258419
58901
44577
166045
258425
94371
297704
297702
381636
381637
381638
381639
131895
155004
170991
324872
141042
516360
52649
108704
107992
150665
140273
153458
107982
185165
368780
93255
44044
363
154630
373760
365
151261
217574
180983
178348
194890
186904
185556
199039
151069
26253
257141
101787
257139
270257
171087
186748
152300
185295
293668
179243
178349
185205
222455
143008
257134
258399
185558
26260
404
347519
178352
348060
500282
334572
368302
517747
42803
304346
46118
432
185444
536373
531222
368518
319268
329062
531021
296290
185692
185696
506
58566
127587
185707
185708
249097
568
526
185784
185779
543
73944
559
560
567
562
73422
565
370232
294256
324257
94690
367851
343574
341791
168016
343575
343576
343577
195239
101269
349767
275618
332719
335559
26365
300337
343579
117019
517748
268739
213567
26367
168106
126390
307876
613
26370
284941
221227
315573
163765
504146
49377
221983
308135
521811
100083
43535
91971
316700
168018
385186
90020
117820
287315
181282
341790
531201
104035
26377
343583
202387
112676
535532
198992
518010
521916
535595
308098
132268
253980
194501
117020
206745
98921
227359
135630
172211
343585
325897
343589
339269
297915
194543
339278
319239
325898
297679
152942
26397
317153
172221
343591
206749
294257
108932
98922
305117
300339
194836
264715
273925
349769
137463
517448
343592
343594
26403
307877
236139
172222
251139
46436
323495
269554
373267
343597
287317
231276
350929
343598
528790
273329
381615
48874
323496
26388
339273
219698
311326
285843
117021
386111
257837
343599
169026
343600
519476
280942
176953
343601
168028
227361
307878
220763
112569
345666
343604
513775
92934
93577
77122
323497
323498
339267
343607
151350
118953
255364
291199
299845
308141
115844
343608
239994
127140
168031
343609
89124
343610
26412
190689
385118
170077
169725
343612
280943
194535
343613
299843
180905
26414
299844
164018
198043
299846
313751
313752
349773
349774
316391
524465
510839
103649
231048
332743
168032
332744
170163
270190
125048
332745
255425
206751
242223
381618
168969
46659
255335
323501
385796
517526
316641
316639
316640
207816
287319
251144
316642
176272
108578
115845
339255
521917
372018
198911
381611
536110
43536
172215
386380
372599
370403
385798
219706
72183
270874
139913
372733
367547
181292
350487
517983
42574
382855
521553
368967
176470
505407
501717
65201
270872
618
65202
217978
114007
116816
98052
46051
135628
168123
104261
68172
104027
117819
166440
79224
339256
365698
187434
156018
298783
228151
251141
221559
511010
352612
325900
154386
185813
168026
201529
242258
77453
502702
138586
380705
503092
502293
185814
140253
198583
376719
529100
182071
386115
313009
315656
109004
316687
382796
67593
151737
286280
345667
345668
343731
342653
355956
342654
358738
374392
195241
285580
171088
299906
294386
286281
302854
155294
346619
503848
529149
370759
500569
45790
26430
182847
210306
212189
113328
77314
47316
190130
26431
164191
272834
336413
210339
210338
218193
108381
210303
361695
361694
185922
185927
529723
303979
185939
707
67615
79008
185978
246078
278466
292373
222092
186039
97910
49933
334903
374849
115897
237661
53832
91746
177771
124957
285395
222487
194897
330665
149019
26460
186107
802
811
26953
218844
82668
186127
186128
186139
26473
119400
186154
186158
186160
186161
104259
57088
186213
186215
844
273407
26488
186238
82799
95236
20407
59709
870
180957
195244
115818
882
188330
60555
522393
381559
381560
20130
521380
156172
105545
989
334323
180805
168803
248838
270877
334324
521540
112187
334325
104356
103945
316451
359384
101992
229835
307598
104442
276508
228341
180814
254360
146341
180813
87041
243591
115044
182343
522284
111129
254468
102358
47766
180845
120254
113365
360528
156525
318449
135426
359366
517559
377000
377001
369981
517635
316464
191449
102464
376756
109937
227032
521291
306945
315669
376757
118260
104386
358743
517228
373764
517398
375256
375258
367359
358745
517223
1013
67996
195737
308370
88083
1019
164020
180958
46694
26541
186635
285582
137924
188111
1096
46168
1105
62685
188175
188178
27339
66164
89231
26614
1136
188240
33975
352075
511788
382595
526143
525915
153786
331542
380709
194582
380707
511322
510554
526332
525570
281271
136854
526594
501470
386381
386382
362634
66590
519501
525778
379221
386717
270261
42902
525902
379222
522015
526593
384405
510336
382798
382799
517610
510549
138937
138927
207817
1259
252302
360685
1261
350983
54231
108342
99862
62145
47292
95915
350193
307607
305917
84030
102330
104888
124790
112682
101703
387078
350982
334704
120863
89883
1272
236247
179927
251571
211345
347382
96611
1336
1337
216989
119989
99433
188578
156267
188610
346022
343223
319302
319294
82775
131753
134800
26823
134805
131754
171512
135357
201269
99387
272299
158937
124683
252892
99954
152031
180602
275148
237833
158938
82155
270263
365769
273511
50923
197862
197861
199287
126010
138260
187700
131127
112683
63126
94289
187231
334455
334456
334457
352568
187233
187232
217636
104043
131134
89424
79095
71322
83477
89040
365771
1397
96038
188779
168424
1400
367690
365768
188785
1402
166835
211392
66230
125886
222543
344324
134899
217635
50524
226720
1418
188794
188795
76171
226432
90541
129260
188797
100859
76758
113447
127548
270358
102083
217619
217637
102283
112596
94677
521979
138467
57865
273035
136353
58071
170645
26822
92199
70593
100875
59420
101673
61063
101709
217643
269949
85898
131116
116115
111511
131118
316910
113448
113449
93994
231525
52448
59841
82760
27024
95931
1544
19775
1549
189077
1560
105216
1572
195107
20685
1601
171710
1621
135501
138675
1625
101981
96270
1632
27124
217003
50719
41862
189234
135566
222578
1648
20696
269100
94127
94973
162490
57813
174756
137522
114455
43609
42514
28199
41557
27186
23020
1712
1713
189469
24369
70391
259196
189471
175139
182415
152305
151236
170039
351396
309156
351397
521489
153971
267898
115056
327489
164123
517480
373908
325544
517542
175141
117822
267896
164122
366596
517767
512278
366597
521304
517277
517645
325545
517670
517686
517392
517149
186761
517196
517724
521190
521297
517154
124336
57814
55243
105050
94251
27912
97068
285982
27427
27918
231633
27930
127486
208285
92177
231613
196140
231617
231640
231636
300296
138069
315298
52849
110022
64760
93599
526405
112696
104200
90434
210322
68333
231635
93600
156398
125391
43484
194753
27233
92009
96474
64370
95452
79024
58476
92243
27240
1761
48314
94764
231642
306792
285833
135951
323056
210422
153632
323941
86735
74974
77372
73726
68116
93240
92796
171031
89263
97656
95395
42227
91677
95437
92833
130455
71540
44626
89370
255349
78927
76029
156399
183820
75406
181831
143083
340745
340625
340746
369287
283819
139834
79488
93410
1758
93411
112697
86322
71820
261469
112600
130626
27436
63575
53224
27474
274493
94205
46410
317260
181504
215399
1800
195891
222624
95205
1802
98215
112734
27437
358895
244948
70698
241682
66994
244921
112736
89741
226225
1813
90861
27448
112766
228781
130140
250922
217072
1846
103161
92639
94693
284068
176978
96340
1819
91524
348420
180816
139008
80554
112765
27485
95005
89340
91823
62539
27442
98550
249457
256292
171089
227939
368554
227942
1832
47943
210913
152171
315796
351136
226835
217075
299477
210915
256204
327490
171399
256205
177871
27542
73684
64774
1870
208898
250467
42197
374014
323943
62713
279758
168502
333800
54716
1871
370855
218453
283444
317259
254902
272658
316689
68220
352455
206999
193257
124187
317258
272660
90309
365838
151351
243331
294578
299026
345669
325819
96169
238665
99937
526671
227216
358899
53322
58752
47807
70408
114008
1881
191121
79123
169361
22641
203007
327838
203008
521378
195294
256512
521090
272664
272665
248926
85945
317629
182443
102147
51273
275572
278109
102748
529831
530955
525469
526233
529833
56803
181785
525546
374574
87911
92696
351810
108733
108799
71867
529830
529832
530877
530878
530885
530914
64098
203582
102278
236250
112196
272792
257060
187742
108379
58825
99116
112222
2029
20098
71337
143362
272800
272812
257064
257062
272784
257063
181811
257061
2054
303921
191039
284161
141226
367697
98233
362393
27846
298698
384145
222373
151238
203946
27869
151208
203959
377721
377729
377732
124649
377707
525984
50098
513811
513857
204197
156539
198276
198275
368856
239995
2406
217655
271681
157261
205202
124184
2472
24949
205336
28114
104238
512382
90908
129802
93664
97597
75751
28255
368944
28244
28247
205937
182543
95506
226078
176636
101282
2638
318581
2712
93848
270922
333437
318755
99598
313312
318745
242731
94539
313311
339300
241576
308039
2826
219703
25513
121631
103718
306455
273354
113936
105677
169866
347322
2830
206517
243417
91219
367699
500332
179956
94303
134761
51112
342418
85551
219953
327491
374207
374209
217077
124342
341597
304038
92993
281842
270552
339086
206602
2895
70984
206759
206764
2906
204486
206243
344763
345788
203357
206674
374306
98271
2937
64301
97303
206798
28687
96408
135660
209903
198328
45325
206677
50853
95589
93512
240032
96778
80596
28691
90552
119992
206802
29191
206688
2956
98227
254918
50299
70261
85755
241690
366825
72984
48595
65874
75929
181152
228981
219443
76799
222909
180986
111766
237930
226837
120442
120443
120445
120446
198336
171270
180952
181521
219444
168464
77412
2968
206808
190008
206810
51128
206812
2983
206779
66661
116033
182956
309899
51527
206814
2987
127301
166567
308436
28761
94336
300809
177926
138809
308442
228827
28751
372553
372555
378422
378423
372554
378419
361841
352463
352464
352465
352466
352461
352469
3049
222919
227237
281209
46499
226177
209483
89736
115791
3086
3092
104111
153563
121614
3100
28793
86916
153887
208449
24141
98609
270933
183193
194773
82052
3233
28868
119904
98965
169178
307095
58326
272916
516737
75483
3367
182824
93739
170635
93520
135504
315766
24968
97111
210072
210074
210083
193092
3702
257857
210120
210104
45715
279239
3711
20494
513893
513894
106365
3715
77732
368019
227863
253990
277303
240737
123597
123389
325543
123600
370805
122761
123588
60702
210698
29251
233046
327871
211382
3782
61278
120486
200173
222992
120487
3784
94146
157678
211453
211476
212456
212458
61781
210825
3839
3846
29362
168246
250611
226840
317639
350368
504575
136044
211256
140310
211257
342963
116315
342656
504153
349474
317638
3946
113782
287332
150669
135831
118431
165549
367583
195960
44904
115809
56617
326080
218981
194856
327135
322228
4022
213396
521826
521281
521160
521112
521829
521526
521365
521740
521709
521142
521782
521294
521247
521080
521707
213417
72772
51907
150915
187795
507670
507119
507265
507411
507450
507154
507109
507342
64828
97463
30562
213718
4305
43653
311205
320786
154651
99710
82741
195307
4369
72121
52420
89827
171245
208813
58807
211493
20544
4529
153698
529315
529314
54178
194170
218454
518719
4710
81197
517421
370029
368947
357259
241104
520066
239356
93366
169485
30863
115630
30867
170367
105620
307957
88095
76626
109118
30870
79621
49393
212068
196337
30871
240178
30872
64668
196616
30874
154650
128468
48033
30875
53500
95344
194173
25737
117814
30881
270543
168290
51626
344385
226348
242409
344386
344387
170654
72131
108111
378943
316747
236953
300810
152718
272864
95890
64385
271136
344388
298708
117830
236954
171094
168509
95162
352718
349779
351170
270557
352719
311327
94372
25590
30894
95163
53928
53929
68511
66172
79047
30895
90740
48459
231559
325131
286363
117123
93796
30898
521934
275544
83436
217219
271068
117991
135063
350383
142614
118138
4823
133926
88928
149124
108416
253860
253859
76132
215277
215256
131440
118012
109592
57802
512599
255214
181716
231556
92445
117804
135058
126645
170344
84257
89746
95168
117953
139194
231549
167903
4826
109469
117965
135050
521651
117966
64912
272719
155290
56402
103688
500004
101729
103507
228395
215275
70622
79043
118082
174793
95717
67277
215278
215279
51939
102789
138472
137783
87212
117810
103223
118010
110418
117811
79787
141459
43789
118014
117812
334958
251940
135052
215268
117979
91552
306799
370856
134426
5091
353578
377094
341637
20363
50876
30990
158275
63995
68305
91044
54705
320311
334133
284503
5225
60928
82287
69036
5285
5286
5287
105264
368341
233084
317700
143919
374709
143921
136686
275880
263364
280915
196872
241150
504465
250279
77518
241153
241484
241263
306536
270721
344065
344066
137112
511544
511637
525788
256246
214469
183435
531294
167985
256242
379479
69233
511310
525524
531298
511351
211805
256249
371961
58058
23679
73161
64480
73224
116159
72701
318714
158384
104193
114430
317021
297976
69769
5640
5681
256748
227807
345340
155917
108751
176248
117441
307756
180834
193784
209688
193785
234040
193791
219218
195949
292524
109093
180837
115020
78954
66231
157919
304373
347525
194239
234734
143263
113185
190507
265807
296411
361843
175324
103900
252493
115029
74429
161130
157920
161129
143266
157924
132150
113186
72780
304372
135668
324310
361842
298673
304374
5707
252496
297654
21600
49277
271849
85511
5799
182469
100137
504882
212097
176855
5800
99768
240652
157444
171268
28611
62715
228301
22601
229937
186945
147412
191632
71017
297725
5822
5826
51638
5829
5831
5836
129292
374242
367724
359111
86119
362483
273579
378964
216986
340836
50896
348124
368681
348116
320152
370226
300495
44603
57854
61132
5856
64656
31809
5857
30581
20080
42026
113605
130168
5859
29564
194142
5861
319453
293747
55541
33042
31807
97206
150196
154916
348107
348125
376666
348109
348110
348113
319427
348123
344184
339206
319426
320153
370224
361693
5929
303824
98915
523181
514303
152039
168646
5982
48611
138265
5985
197258
118648
124304
6009
41697
241495
171667
31920
168293
59824
74751
52747
66691
195633
270362
223284
73733
247591
25911
198014
179018
374905
240462
117960
525955
253850
273014
316311
364438
386934
376795
370700
370109
370701
364440
354187
317848
327462
350500
318744
353065
379487
353088
331255
380440
384451
519227
291144
336459
336464
353806
317255
336468
316738
356009
322204
353808
236523
218857
511797
511608
236512
299826
226845
368504
359552
323539
344850
250226
280222
316525
511727
511699
284878
355913
376792
376793
511714
514314
511896
355912
370183
382620
341825
298512
281353
506547
506809
525789
525983
536431
536424
387497
535875
376796
511533
345344
298392
384453
382281
382283
319813
524953
333866
291249
360494
315659
243583
349587
242601
500162
345325
357382
336470
318015
506630
357379
341816
336473
505306
374245
359664
378558
362019
505302
384499
362016
211129
374395
247663
307893
368901
317031
256127
207836
209583
212177
203358
237576
211394
358808
322079
354660
518118
240827
384500
322497
306758
317429
336475
307897
252157
234979
336477
299827
269586
521573
283437
208849
280229
307895
322081
505301
334667
258672
519024
359112
320143
355910
316206
351191
315600
350010
354186
316392
323826
236525
361241
505298
355911
367732
374243
374344
357383
374244
511330
367736
372607
324273
386742
364623
505281
350988
350011
315603
379488
518073
517998
380441
317503
505283
519406
384501
521504
525604
368685
367733
367734
368686
367735
505285
358809
525423
360225
374246
536152
358810
521320
384502
358811
526209
374346
511381
360495
358812
236524
521685
387734
357391
526230
505297
521184
174796
85689
253052
222173
152732
79523
256928
307891
166970
308100
228303
533188
223332
365025
312612
343909
364443
192522
219460
240655
355907
355906
211130
270364
300307
302882
363672
255215
297428
321446
143800
135670
56732
266170
97560
374266
291254
252055
318456
318458
184084
251963
285591
353811
269147
280593
317253
198559
206924
283060
307894
285237
189815
316551
211737
179548
170775
129741
228306
175792
221110
182537
321447
219461
306251
253677
241760
270112
526193
140036
176980
285913
511418
216907
179551
69049
379496
98455
116492
505307
179552
384452
318457
317646
249928
249170
252056
56891
31972
206882
207737
238313
31983
31984
121788
124860
127508
195964
52840
139497
105703
186732
98351
194025
31982
192278
122388
165994
305894
54735
6410
6474
53728
142251
22014
42307
183796
136018
284951
168651
124125
6504
32097
263345
101535
101547
90699
333262
102357
112605
92352
79614
223393
6729
127096
298032
192446
361540
226162
240753
272534
119503
109744
525382
322082
279361
254104
525521
80020
6778
50050
210851
525606
50051
525575
85244
70443
77242
286034
6779
274709
129742
110490
169827
309505
6785
64575
6787
152344
101815
249929
111678
53897
347720
373004
243426
80021
370887
348096
25532
524846
537066
529543
529691
536955
529567
529712
537128
529726
529609
32559
95846
285396
525433
371572
505219
110994
149973
525452
163701
308766
525556
79026
525424
521790
237577
289156
381186
520468
63015
6915
194497
317509
300515
238315
307898
6920
197903
361738
254611
151243
308281
274710
51546
164070
193295
361652
252158
309796
93200
324801
361653
357502
357494
116990
227946
112598
54703
246129
23077
32740
151724
172368
44046
65183
151726
7088
89825
194885
212098
46103
223446
223447
354041
340640
209648
74723
183340
111068
181459
120471
502551
521665
32846
7180
306604
79319
75999
32864
90953
105452
338093
77722
76000
53898
7218
64363
7224
64372
75800
7226
7227
57716
57717
71137
183210
7292
294389
93123
206993
33018
308063
64121
7364
69772
90389
201726
228310
7384
153133
7423
361008
360343
133297
82205
366180
70085
98551
86719
383584
86852
61461
94900
536784
90717
175720
228701
44214
69780
76633
526443
63052
94864
283383
99790
52411
526119
93921
168146
87155
69112
92738
526114
95832
193044
97847
535876
307063
50791
62179
33200
45060
68796
526118
78157
78207
135183
107015
69560
237211
89399
168945
116940
47883
91023
33314
73107
73108
46744
72664
95393
92630
387464
282602
120474
120475
340710
354031
7598
113555
7601
210774
307825
369897
46021
336579
312723
312722
361708
303255
252514
282053
277859
273634
335640
63441
282052
334053
252153
237998
202680
338976
7765
279908
82761
90029
294677
359925
239340
101916
59501
97417
136943
207964
385027
138689
294678
73963
105248
7878
7895
192449
7908
272561
355533
178559
268707
271974
285043
97634
236962
70954
344941
298375
47885
110482
273054
174811
317247
291876
95384
345149
382973
119805
93963
94021
65850
99770
7911
57229
97229
7919
44738
63918
7921
24091
97052
91748
247333
226653
96015
105634
151199
179984
51605
247337
111198
70682
323395
152734
334574
90115
241300
79827
52119
236858
286070
7987
7989
535839
525530
525478
271163
219291
297262
325071
133580
525449
297263
525580
80877
536058
284674
54596
525801
323574
152241
178768
525425
148441
525590
525618
33579
198201
289226
66923
48936
525555
290585
193680
525380
66782
525378
536639
525613
525552
525589
525475
97195
525564
93826
48988
351590
64973
8000
8016
8025
76826
357162
357182
357217
357219
357224
357192
357240
355300
25219
56123
8204
46406
223732
359842
56869
78650
43304
77021
47380
53794
97592
55074
202844
49766
111125
53071
50142
64441
352427
220810
90846
361826
322085
205587
194405
89456
180512
92537
237113
252896
127493
323827
257550
126137
45030
237092
194407
218279
152206
205594
194248
33994
238476
8455
255219
255220
255221
226323
325137
529022
177512
39133
8558
517375
384879
80934
69962
82763
155692
39132
93197
8569
165374
125488
42034
322044
101208
140005
271419
127826
344656
352152
352153
323116
298358
52786
182129
373710
358470
127799
162365
127800
314492
82024
65580
298133
335286
83399
182957
314493
79266
384520
346076
272799
253003
373574
227658
300759
111803
212633
344659
251059
237623
306047
145963
270976
344660
314494
182960
179294
369187
314495
195333
48684
358471
306801
195091
358472
352156
249344
209339
220141
249345
323117
182963
314496
384521
274003
250848
324547
335873
285772
314497
87976
52256
83976
325326
299951
79423
250980
373711
335874
344661
283981
149062
256316
358474
384524
369188
344662
358475
358476
140009
249346
127802
141186
333867
384427
149063
93151
181131
198397
171451
45692
208371
317369
87831
298147
49321
323838
335875
367154
171018
170133
335876
384108
108128
369189
314501
270986
335877
127803
352159
503401
358477
358478
270977
169095
270091
325838
39191
140331
316467
285736
114365
59072
344664
182975
250984
299957
78932
270205
68893
250849
193310
182978
182696
228879
358480
110483
335878
102046
227659
102047
274005
384112
358481
151021
316552
43872
183848
344665
335879
227660
317097
170522
39194
335880
352160
138729
88058
95690
344666
352161
83735
226785
358482
300707
344667
166290
384525
71118
39195
352162
109667
104268
503737
114367
179832
297986
323123
369191
170134
344668
343851
97860
342918
122343
228880
307351
325883
42138
42129
39199
39200
109341
111882
325328
352164
317522
89113
358483
108687
335882
206966
220143
384526
206968
79500
352165
358484
352166
206969
352167
138730
228882
352168
285337
344670
369192
180304
180439
226445
359289
98030
182983
314509
504559
292049
250850
154508
153378
352169
299961
269381
90725
174590
297020
325332
169015
273864
269045
344671
369193
373576
149064
146216
326449
352170
110091
292050
358487
249347
343241
384527
384528
124801
352171
384529
369194
342524
170569
307969
285821
352172
352173
93868
298174
358488
384116
248785
300760
344672
369195
76683
55458
333976
212638
344673
369197
369199
369203
384118
296614
122344
213134
228883
335885
183294
335886
352174
316739
344674
88045
313647
344675
369201
358701
352175
195095
282298
153313
253067
369204
315532
358490
124802
358491
103874
373577
300725
299962
282300
317370
344676
325335
60574
109428
242472
246262
127804
358493
285773
208372
384531
352176
300708
344677
74733
373713
76072
252422
373578
335887
373714
384120
373579
501947
168514
137117
51783
47435
344221
502153
335888
335889
300761
220146
63489
333109
222320
352177
149065
226452
352178
174824
250989
134664
335890
99343
241472
314520
325338
138733
335891
373715
282301
249348
351074
343852
335892
306570
238409
314521
170135
344678
255992
323131
344679
270987
298179
181134
93549
70426
306574
328111
352179
177311
87210
325339
50383
111762
206970
250991
181135
373716
170524
335893
307141
335894
83665
373581
67514
369207
373582
207357
384533
323134
250851
350018
335895
384534
90777
180440
352180
352181
369209
226868
335896
314532
195098
210801
343853
300721
241473
73642
249349
135963
300762
137138
43755
182352
116251
129299
109071
137139
43756
88048
109650
250853
50810
137118
151201
108241
116252
193313
292066
63434
344680
352182
384124
344681
94482
300763
104724
71871
195394
182965
60741
169105
83126
335897
333110
299963
269671
250992
138736
343854
282302
43701
325342
250854
85099
344682
335898
138734
306576
227661
182968
352183
335899
384130
210802
113898
250855
343855
81081
343259
352184
149066
358495
384535
369210
170543
299505
384536
352185
137119
503039
85965
501954
298185
63633
352186
170187
73234
352187
212647
249350
238178
352189
115863
250856
373717
90983
242476
352188
62847
373583
369212
240880
124638
111010
238179
182977
503007
503113
228387
358499
314538
298367
344683
153144
182656
63178
63634
73235
369213
282671
352190
103536
79804
220149
238410
358501
134724
358502
352191
369215
352192
25678
344684
101771
335900
352193
111397
138297
240881
384131
169113
65463
373718
344685
299968
384537
352194
282307
39227
171444
373584
344686
368642
344687
358504
169115
207359
250857
174595
335901
238411
88044
250858
170570
250859
521441
177487
373586
228885
250860
250861
270210
250862
368450
50878
297987
335902
250863
250864
250865
352197
384133
369217
170919
103069
323429
111309
384538
204810
284126
127807
206972
335903
335904
373587
369220
179833
75460
373719
49525
91102
238301
307190
373588
369221
501693
269385
373589
352198
369222
333869
384134
352199
369223
314547
270096
358507
352201
358505
358506
62731
242478
273868
352200
503417
373590
270864
208375
179834
521288
135688
181195
83925
114967
108402
58661
103041
254571
384137
113062
316289
212653
298192
368555
154052
250928
352202
137120
384539
367160
282312
170571
343856
358510
300717
207360
87978
323839
208374
231457
376290
323431
111557
174597
249352
195100
316468
323147
298193
358511
195967
254573
197866
194650
180345
369225
325347
55564
86221
299972
195101
502043
153379
238413
325348
325349
179835
170525
270211
86222
325350
169097
369226
384140
285824
223791
134726
323432
358512
358513
127808
358514
241566
352203
316470
194651
373721
325351
149067
103993
384428
270098
137121
240882
352204
138300
207363
300766
182990
95734
212661
252423
180441
502902
195396
352205
344690
502950
314556
325839
352206
352207
314557
335906
298369
358516
373592
384541
352208
242481
212662
170226
326452
174599
316471
343265
44739
517669
166291
352210
384143
325357
335908
207365
94098
53034
193320
194658
521150
321452
344692
373595
73939
314569
59084
323157
207366
299992
89652
111821
384149
358526
307642
307149
384547
342525
373596
335918
127812
323159
358535
307150
358536
373597
103347
358537
169595
48792
96810
314589
344695
65076
149070
195149
270214
344697
369237
384550
358541
369238
222323
325364
384161
369239
244022
344701
96549
335335
343275
122345
181138
284358
358548
206976
335929
282672
314609
253073
269390
358551
61753
297991
274702
335934
244025
55711
8600
325841
325371
325370
228896
249358
92201
116763
352265
146223
352269
94314
39265
109653
103568
92940
207402
210807
169099
190018
335939
228899
352279
298231
325380
99538
69988
344710
335942
249360
220174
183012
50584
335946
384557
53445
282325
358579
109736
214219
214218
160399
207415
344712
369244
369245
300224
352298
358582
207420
384173
92421
324429
168786
138309
170552
175221
53035
183026
344713
343290
358591
333115
344715
91388
124803
300455
99052
121918
153151
166292
335347
333871
335957
249363
138313
283976
352319
94431
314678
195156
358601
373615
384568
180444
328113
352325
136766
314683
166293
197282
39285
138316
537121
257066
344723
344724
64933
314688
108243
352331
369255
373736
335961
384573
521218
213340
237629
226354
298295
98037
170555
272809
285344
129699
314771
297904
358611
228911
250932
236772
284127
42130
103282
154140
314779
298300
270222
181143
100014
323437
87985
104051
358704
222332
244046
298306
108682
215019
373742
220177
47592
298308
113899
352342
183073
252428
211531
140011
103747
78189
129301
170533
249369
323844
358623
127151
104725
129313
367158
177484
153159
335978
183048
314797
358627
99494
183050
250880
358630
89090
108558
181209
373633
149079
325412
169117
81861
300753
325413
228917
201499
153153
359298
63952
384212
108728
358638
358639
314811
110009
314812
219635
253082
314837
517413
384587
369275
344741
300754
314815
358649
207434
47944
300755
328115
335990
196723
365134
373073
365135
366099
386759
505228
373074
505226
505227
253083
352379
334672
282350
344748
502037
39303
358658
71574
352387
178336
300037
373641
102975
344750
270226
181151
352391
212765
244073
350708
69930
504042
384620
384621
365133
504513
380640
384623
384624
384625
365136
181210
52255
146356
8618
8621
92888
161046
214185
325645
101935
8628
115202
375064
187874
516867
516874
516876
142724
303117
361623
303118
361624
345063
303121
212767
303127
303130
303131
316924
303144
368978
303148
303151
361625
303156
314449
159195
292724
102200
93627
8691
127474
8723
105628
121650
109382
48513
92280
369161
43573
113777
505240
8707
82279
178355
124768
44979
187291
40511
8793
40577
91999
67486
252178
45834
95289
222196
105136
42916
67124
81656
136775
50137
137173
93227
326501
22655
112961
91513
294827
522591
269033
376893
376379
506772
357098
356916
356921
356925
356928
356946
357001
356911
357093
217002
159312
357048
357056
357032
361638
357051
357055
357060
522362
40852
179646
233559
25705
113408
9159
102094
68096
101836
24731
526097
70720
519303
227501
49031
140189
108386
526091
525968
174283
45212
166688
212240
152636
89183
141489
173135
119235
210737
272901
187211
128993
79404
212241
326095
525958
196508
181617
109166
110053
46592
352881
336216
352883
83340
372699
378477
378475
316609
64415
360281
269461
66025
352884
103574
259787
352885
66026
336217
76013
336218
368924
300006
316610
316611
300007
349802
360282
141506
141508
519019
194143
56185
161120
85455
180476
128592
197923
97411
44226
166081
42988
202509
156688
526076
161125
315998
519290
195836
78076
46354
102784
42558
299614
164849
46138
56267
128594
94586
65606
260337
70429
374300
48432
63510
526039
172258
133442
53635
141523
99135
367367
260620
260699
270573
183782
151435
141356
83030
121636
362281
525734
379010
519963
228480
525264
378187
109109
43295
141532
172274
66006
181084
525830
175325
80357
151430
263461
361019
158840
141533
119236
521720
261146
268168
261215
75752
520670
227518
55744
129008
75980
525973
261357
49801
521657
151459
176351
328370
78695
316149
181010
518062
228491
261573
94807
69937
228492
65800
106033
261604
141543
93655
137266
50193
84339
525241
151671
140190
231566
231578
242887
525291
261818
101706
162547
163491
103697
170292
103208
44855
124764
141562
58823
520769
302036
47955
521556
151153
262024
269686
132471
69655
526050
161128
525814
525711
228503
519089
525152
141570
141571
217374
175954
78124
176054
74885
525338
195846
307515
525770
262360
526070
212079
140338
182967
131235
129019
87649
262427
141576
76153
206537
520740
218875
250896
81574
262514
351123
314636
526098
64612
518949
228512
81277
316015
526025
61157
262603
141581
316016
111613
140375
109654
77937
155717
52140
227552
61287
307521
525898
520376
141586
91073
163494
525872
324635
283766
86516
90511
151485
525959
324636
102271
262949
161121
79758
525749
526014
221994
263083
80439
137269
263119
316019
197924
71870
83019
139631
263624
257900
236623
285174
231529
74896
176578
87640
47330
240602
218878
510837
525710
241072
319498
75294
72703
181098
518437
525812
525755
132470
50126
84302
176009
175326
59503
316023
264849
518534
525682
162399
228199
518018
183559
181649
163492
141624
71367
163493
517458
518606
82542
522022
521213
519126
250304
525800
126029
328365
525352
64989
367646
119007
84729
520933
525234
286497
179476
141637
228534
378995
265267
84319
525922
521649
518414
525818
525845
285184
83579
180211
209136
107940
141642
525686
151486
318176
58538
44034
70222
57247
265463
108742
228537
65690
141647
77285
119237
525772
521363
75803
265621
112277
343012
56058
526130
212269
360902
168124
119238
63785
231573
181108
42458
79578
140342
141657
383236
42840
147787
69321
181109
525701
198610
70446
81316
231571
333810
62632
87750
378188
151689
266220
266235
323541
526046
161127
158156
54465
119249
180218
96128
518920
110636
119250
266408
85476
228546
92241
250891
83956
44859
316036
318185
324641
329273
266482
525775
52536
43002
307545
525907
228549
286527
48449
119240
141460
333963
119242
141680
249459
250770
526063
141682
170989
525673
150842
76211
53074
57596
525685
71932
119251
141687
103575
95698
128608
266897
107739
536312
520722
176579
241464
65110
108975
59764
525926
74900
308050
525884
318188
178886
337428
378994
85491
102444
520227
65529
59215
83135
109810
362286
51503
84824
525949
44671
526186
521336
525203
54112
65001
42219
104716
267309
137272
112276
353930
79343
285203
110612
44356
59122
67668
181118
525981
87833
521742
152650
383251
525901
525309
227575
525719
195861
43257
316044
212276
378221
46816
102717
77300
65557
49820
519413
111877
111807
520546
228569
65311
205683
84759
80536
141716
75781
273614
525847
186806
81071
67826
141719
49002
105794
111570
78797
264249
344359
9205
159383
46667
271472
9226
253163
9239
9240
101968
54375
228465
349400
197135
48881
109101
521738
103648
104616
384639
384641
525520
368558
196282
103638
521804
112236
170575
99649
103361
114621
67060
119243
253680
138704
351921
209650
153513
89250
119244
109664
109971
108473
141800
148145
54037
113578
104246
367771
192383
82262
34133
119245
324062
34119
113575
117528
60189
113576
48635
277875
155595
166477
151694
151695
250192
329230
329233
195855
307873
155596
109190
77188
88944
60464
52574
99775
192384
22914
9250
93688
141739
58091
9256
238318
169497
306804
226176
228158
209048
306805
223988
292251
92900
9268
223989
9271
9273
20229
73951
66028
9289
9294
231293
97450
90754
138705
302067
101241
9319
66611
95372
121458
9324
142603
9326
58239
95600
92302
9328
95370
198420
141761
22340
368580
110748
9352
118605
9355
84937
112242
120567
130991
181321
92024
61146
67754
155143
112972
58101
158158
98339
61158
112974
81113
228265
77451
91014
69922
196996
384647
94076
55421
382708
156514
119247
119248
241368
68794
93029
83202
71253
220905
81808
267314
92284
272536
111222
116155
113957
9366
94160
117749
97490
91360
9380
44899
9387
9397
139963
323547
97508
102406
179484
166486
101400
103340
9405
154520
522036
303206
117777
280371
9674
109735
9702
75013
186808
207487
138635
53810
42485
523474
284128
526020
61000
350994
244928
110161
172458
314039
83783
367773
59812
73148
504580
70316
283381
47141
47142
77224
85050
61980
283358
58384
521721
316998
108283
259064
316741
210889
243486
183198
99489
216356
358852
208318
90830
322091
78532
89833
316999
108244
521569
81817
194963
384668
322092
317398
316742
536125
384667
536812
296757
334812
384669
155068
91489
279104
327993
216028
83293
98075
142546
51397
331285
376995
365183
377234
100146
221943
370956
331306
313896
365184
375961
103967
178357
87671
236188
253852
100350
112061
291154
43405
211634
247936
314037
82334
368923
83784
22899
9765
67763
134907
137797
9767
220558
9778
9779
85947
337985
93959
68151
89214
9860
75050
198437
101693
292845
196420
327551
166697
229309
197138
175774
287693
100239
287931
201925
319572
117183
324109
269229
306994
329312
163301
61298
150725
69265
180353
169619
48571
153814
201593
209513
97556
48239
59016
363673
210795
76707
218196
536484
523343
62534
335639
379486
253643
299834
307110
335738
291704
74281
296397
157679
327874
218051
100453
197620
218052
32804
42887
64858
316692
194797
192867
84815
327304
325143
356293
298104
73156
116271
105038
63102
382540
94524
511294
57080
94658
10004
296595
268906
169504
224095
103054
306471
10064
87127
56246
84510
106356
51130
211595
254787
297866
251884
10071
197218
196544
190988
190987
10096
197732
268829
10099
359784
343928
506936
342392
328299
252580
229137
98752
297347
224103
375290
333811
331282
90782
363352
371648
328808
260642
500609
331281
355355
371104
371147
133048
383380
374927
90707
257740
50367
311036
344501
312565
371137
360559
374929
62581
278068
375298
367779
506937
90726
221595
351611
375300
375301
375303
375305
275332
308812
275335
326496
67232
344507
115579
85718
113837
369301
178231
275568
269873
313016
257985
377003
374931
375962
257739
371191
355216
107018
351626
345436
344511
305057
179907
238022
297282
213979
177176
147489
340925
182725
209138
367780
351328
275387
235374
326101
375318
371669
112945
258015
337464
252590
311455
241771
375321
258019
358856
356275
45453
135235
371103
371148
355354
359175
10151
92383
212565
255040
107186
10201
358773
10216
361048
22865
10234
10253
23037
224135
10267
94149
10280
534871
534157
10284
10285
286944
120604
71750
85500
299918
10291
55263
58211
319295
159598
82859
60974
212183
53342
58463
270584
190584
96062
242441
199961
191843
179064
67724
85914
197303
90393
86643
60865
522360
10394
229769
336523
352454
231206
152142
119988
64200
92412
154431
25633
118460
519257
384676
168680
128253
90532
113394
195578
25671
198439
81030
280912
375964
231199
231204
231205
256822
231207
359116
345066
231198
229761
231214
231184
506719
506572
506623
26076
384677
384678
135360
229763
345065
242187
506686
506545
505406
10555
248688
237815
85006
149030
126534
529147
193243
237818
94101
202272
178146
110034
202273
175173
86359
45712
50311
251479
373163
339513
324022
511380
525980
24038
197736
194178
159640
128275
212865
10577
54087
58046
51793
138522
87304
196545
195900
10600
219764
56144
126034
359380
19807
88271
10603
116327
62435
293209
10605
215135
216347
194188
138716
293207
71559
294263
26093
314617
229904
227785
76986
137440
77007
239687
60229
45228
25466
113966
91828
61125
136655
226851
10642
102703
97898
44122
81686
135423
180795
111066
51160
84209
22219
220064
325435
106172
268970
10797
193653
90820
253378
238293
82711
48284
118975
194225
334147
175001
174993
240754
153112
286273
194492
294753
294752
337998
111201
108810
102187
81570
139004
293210
64377
205465
388788
273900
11040
241024
189961
69278
319017
136893
100475
319018
159816
523599
11143
46734
533419
86198
279653
11170
187256
270588
241096
86082
80050
69183
525192
89264
344247
75448
524476
524519
176983
118742
118190
110115
372780
372781
70207
46984
54221
79680
103605
116634
524561
52264
61537
104430
85669
74042
116636
120203
52990
67779
249891
120204
11181
11184
224277
180337
169166
195779
120209
367356
352118
336044
120210
120217
154320
120225
187271
11203
301062
11211
170542
91092
120922
74664
108645
511600
89387
180372
218918
136619
120767
294236
120934
280381
167008
87332
109293
307659
77868
67975
183633
52581
120147
165764
11344
324481
504328
202303
167935
302109
237566
307337
226778
242641
254590
174891
360284
362678
72558
11497
113331
61067
335462
66115
345383
66178
518517
11502
359931
326001
212043
58041
11504
112239
67737
270994
271527
249806
219160
243646
108725
152753
57765
135003
179933
210479
274084
126570
56079
503796
103187
387439
303937
11573
11724
270589
82519
170073
76938
104768
43240
58730
82520
116639
131077
102429
386421
386423
386427
386695
386698
386700
386729
386711
386443
386444
386447
386725
386701
386696
386699
386712
386730
62868
25533
25145
125377
91381
124690
524327
309454
68206
41899
49538
60428
67512
67222
71956
51677
360047
121891
41749
79411
11919
76433
116722
89180
118290
512602
308218
53721
11976
67738
280048
11999
56146
70266
284882
80525
332141
196520
316049
150807
316056
327482
55058
53636
55364
111341
316051
56093
219589
72668
219611
307697
67125
134911
53570
59832
12179
285434
315252
366636
366637
271608
47941
359087
368056
366115
366219
366228
366270
366373
366388
517817
366454
366499
366507
366528
366533
366789
366793
364742
73109
216529
115877
226734
221599
50405
47333
83221
55308
253197
50943
298412
53140
12288
12304
12351
206069
82273
59357
79890
116237
83501
119280
190310
101431
12387
224453
67676
58518
211711
43532
84982
43919
52980
129843
271611
99809
226740
46091
69152
57805
54748
53326
66297
186836
271892
359467
73585
190291
306960
346911
142987
109796
55164
58395
89434
221098
94480
59076
96560
316395
112739
44518
53574
59077
226741
504918
260764
226541
324596
226742
300256
97126
58280
98542
54280
380515
380517
380518
226542
224475
50157
152354
96971
109020
84025
286108
371674
318941
57085
124520
57086
42268
51319
65884
77352
253206
69856
195829
91204
226743
226744
55251
109585
253207
57049
62970
79703
297350
252019
60827
387379
83799
93100
320871
310706
78944
227800
196177
152998
191191
191192
152999
287101
227801
153002
227802
153004
153005
153006
197729
227803
227804
339764
318543
153010
162416
191193
162406
298382
191194
339774
162414
194313
162404
163860
153012
227805
316744
42185
128951
91495
224487
324844
44142
105193
331613
52998
68073
61638
65885
275950
80875
47310
49363
54078
87793
140038
67036
42948
79704
79705
89778
95781
81945
75884
298383
95191
253208
248656
258801
298384
90054
113469
224490
345237
196338
325147
226745
65754
73880
211553
169971
231316
142547
135098
135099
154760
310705
322030
380516
306892
380519
84904
12434
12440
224492
94702
12449
367669
139980
279246
47812
501778
502580
171691
66754
77364
224493
224494
271613
33479
12465
72814
70121
99178
224497
33480
12460
311847
342386
342937
376264
345008
351092
116282
514450
255724
136313
376306
50281
64992
47092
49200
351842
224502
64701
531192
522675
522657
522788
368067
12617
119647
259201
216995
279659
12689
212457
279624
522887
279623
12691
210152
504839
12709
319888
252005
296643
306961
273524
521167
521149
153784
12711
85220
49019
97818
101720
175184
150435
225997
105104
100095
116708
57949
137058
64593
95328
70997
343803
339524
70752
184195
184197
72974
91405
50917
248773
298520
316555
135980
91520
298148
336285
124816
102108
47711
184213
53476
309935
103892
510747
74314
525642
44787
270754
211840
138494
92188
62805
272939
49659
343378
54046
265992
115888
68986
56967
294051
359137
306910
306908
358733
43782
265993
184220
209144
98606
120500
503762
504075
504120
504224
504393
504491
503884
504442
504369
51156
286945
219766
12881
134799
116942
168483
101796
254538
60174
102370
46891
96263
80533
116720
86717
280018
280019
13262
228773
201926
69482
108868
59462
55061
13380
130509
104892
213912
59294
117560
343630
343204
47859
96346
105239
169930
100522
59434
44658
13391
122460
363800
214960
115423
182797
13405
73765
42568
13406
171646
219494
274659
101437
88952
13415
51919
84179
175269
44819
127348
117317
44820
226855
334492
13420
251956
241413
42562
263327
114674
168740
45722
64357
242807
45884
134914
13442
13447
93035
13453
95736
224611
220835
300435
56032
42600
58701
273137
83001
20076
207824
285805
285059
13772
13779
75168
126542
168396
271636
212593
211819
505086
90564
116049
23854
115728
13860
91331
534068
219639
100581
20808
13909
251460
181961
112744
151408
195780
180490
271304
14335
97224
122352
50360
233587
64389
205742
102020
73869
217981
295560
135764
153945
322712
145334
319434
376918
284368
139702
203426
386956
118515
126496
126938
44891
377667
218459
127716
348010
150744
39648
500666
147174
171327
203373
203367
275263
309882
337755
94576
67093
162456
127667
126979
120565
505137
376956
129584
218076
139474
61587
322801
283499
306049
339377
357994
176176
347555
518346
519617
527335
520734
519927
145583
519618
500664
312184
502436
176178
127671
128764
92605
118585
128172
119878
248831
120968
179663
179658
127539
128775
300678
15981
330717
203216
361059
378162
500674
333362
330738
301283
127066
164141
302713
145159
118492
348308
118401
130007
118489
164495
285544
89143
360987
346230
97179
228008
129591
90548
302678
311331
321840
346214
250346
318078
214584
263285
98491
73027
219850
287497
247596
145595
139627
286827
120973
281370
360054
312185
332037
322803
360060
218131
388174
376270
280497
157632
162254
203429
127929
133823
113121
103386
370813
376957
218460
201638
345541
137889
384802
218124
347569
91324
330718
118587
376273
388279
161150
95951
309247
218077
349020
522454
168013
104402
91049
332003
359937
349136
133963
96040
347567
39807
112924
330739
118586
130353
530426
322730
312186
139525
501179
347568
508025
139518
271811
360988
247597
280833
90880
308221
360678
316584
164496
95962
113316
322796
98723
316264
118493
113123
388278
292859
120560
322802
311330
330769
202749
212334
323993
99642
139463
215770
219849
376287
45797
148254
345554
519064
518196
518236
527198
104962
209931
209932
202111
249332
120974
113319
388283
181535
319435
203365
388275
388276
231375
95828
348011
333589
141051
177604
203371
536597
382937
517882
255100
376239
170465
517883
282635
358800
242011
334879
307119
115172
347370
347373
347372
347371
142293
359381
370674
98948
25146
359382
367803
16156
298522
510942
517682
136951
375218
163666
58880
225321
180325
44596
182541
285289
16170
210908
521323
526381
352030
287896
369438
306318
382792
386877
310650
368939
380569
299637
373927
256879
521148
526548
333511
526262
526524
526525
518310
371574
351156
382660
334886
306974
301186
139835
314622
336738
272689
227321
45289
203961
227242
360227
321695
353108
376708
353085
521676
517890
517892
375931
517893
211920
135568
211919
137093
180979
376618
333199
345331
300447
376135
383994
376136
518751
16310
77410
16315
16316
308302
375072
16317
16320
153514
215213
16328
92763
128446
124766
142599
517145
16333
285938
334646
227716
521713
374616
526271
526224
368265
165786
79855
134918
176723
166315
150682
231244
214891
505579
226673
226674
49424
60176
284967
147585
269850
132931
521176
86129
78745
117545
91515
16364
245906
119289
75720
300264
190480
195018
235376
273639
286338
273637
100935
16365
74360
209049
16367
384076
384192
386351
386656
16368
500071
317058
301134
523543
299516
16376
69251
94072
43562
121061
383697
383699
523789
523852
134570
522268
342565
526249
290702
521909
304975
336573
304973
121815
304974
320200
215219
215218
521624
342442
181790
96907
48547
113680
86212
116997
215220
44585
217102
318232
368428
316696
369000
511889
368904
164127
228361
521639
166635
175445
299797
297307
297305
368986
16432
16441
171821
66191
87539
311045
333165
342083
303911
111431
101467
139268
126158
16470
96343
16475
52822
45599
376475
349386
149105
320199
181510
186858
103129
51023
316389
97845
286941
16772
25147
53249
76374
51752
523658
280007
70437
254549
280005
225566
209402
502595
178756
16817
77136
76437
221258
16818
352926
195139
52823
82356
200031
176877
94123
190706
62635
87481
96106
76669
134607
151089
24355
359808
121619
82610
16904
80657
68377
42076
113987
89708
270087
256364
44635
220769
111050
275023
209802
103544
113332
106354
256516
117384
56378
263713
301980
161201
118891
226376
42658
194763
17013
108580
119001
80943
17014
255130
118907
253769
275630
64514
246448
110421
17017
269642
254084
137962
208733
142100
24474
65936
47381
363544
298421
17237
315875
24960
167976
71003
44935
65501
81144
238233
68571
89406
76047
71986
51671
91928
17304
225599
179057
517907
518055
518088
518065
105493
17328
293208
293121
517995
387428
518048
97851
174529
100957
48408
17371
58053
17387
98040
17398
17418
17419
22008
17422
17425
52587
53291
57175
72950
211562
80168
81747
83433
96480
68863
17496
344939
99171
388761
304426
221442
387388
302687
525661
79223
57920
382185
359812
17715
151414
115894
91593
50675
129751
202746
17719
202743
62530
17722
85114
69499
353703
161388
114935
70693
137952
87148
174577
58857
105696
17803
82985
70173
115252
191859
151156
281161
275731
19870
180510
17832
178633
17837
17838
66602
290544
17856
253870
122370
159808
238482
17881
340478
345881
340826
340634
340755
340644
340646
340647
340648
340765
354038
340650
340053
340056
339974
339977
339981
340018
340059
340071
340092
340104
340602
340141
340149
340170
341670
340226
340229
340232
340296
340328
340396
340419
340428
340466
340467
340563
340564
340483
340707
340668
17968
325903
17980
111128
97515
75467
127323
116323
50489
58428
17985
17990
83765
255254
18039
99045
43582
100136
42054
44956
368987
373705
374648
373704
373571
208778
81729
68487
504800
103058
117489
42196
221111
18079
88031
377820
18090
77636
68901
374958
129089
255294
299889
310159
18270
18275
127402
153456
152298
152301
152332
152338
18308
18304
334191
64044
81522
43761
77570
239564
169192
194764
70547
255229
82045
18350
113682
195140
18351
134853
82046
152011
154383
87176
18368
48388
18377
170083
81350
18383
70616
61192
18415
18416
21026
340665
321978
283305
283379
283269
283377
283297
319064
283375
305971
305970
18444
334056
153219
225746
18445
25537
54725
125213
18449
106274
18454
42226
57361
79446
84184
315949
57362
61452
22049
208150
386896
511838
332140
18568
59167
18636
113990
191229
524888
53724
67021
59724
18749
283311
168192
168194
181610
177520
247994
209217
161765
202963
212046
191863
168199
194010
182908
25524
78507
216358
82551
351005
153459
522087
180995
526503
526264
322463
525769
80750
50967
299267
228379
167885
47057
126144
260920
71710
80548
18843
47056
181958
315368
135801
183366
343935
153465
220102
75849
78291
506264
100995
270606
154797
110717
226512
142607
284714
176467
115912
72599
85570
192414
380228
380229
19052
385138
19074
20468
345677
19142
19148
363857
364189
368045
355328
201518
355312
349627
330202
341958
330200
355331
355335
158375
300880
527936
243618
331121
328485
349629
158370
349636
355322
285693
341970
341968
355314
526774
19233
111299
341662
327510
300930
286104
300931
328346
328348
327504
59579
107561
270344
80717
156517
72358
182741
209081
209083
90009
89282
109955
185216
52687
299732
242751
270256
182742
99571
185226
125467
185289
190965
172189
378
109148
52639
202021
379
380
222458
26255
23675
26256
381
207647
79152
382
95378
384
83572
83573
58016
42058
185296
153562
185224
26247
96594
219976
170242
88186
165592
156095
255723
195237
306935
197961
361976
67280
57816
431
351661
272574
284774
372729
242383
339254
97243
242211
332739
264699
194840
376790
528627
301678
344752
332740
170079
273927
343614
215707
112050
206750
321454
98900
316645
55893
342013
527203
300343
351059
270379
619
96569
620
581
529266
343590
332747
372601
25485
26357
242257
205606
375246
270985
115403
154950
128433
210307
33739
210310
210309
67338
103151
117894
759
58292
112043
111328
104260
196739
182463
330666
26465
186143
26476
167654
367814
186195
212318
204861
89862
387330
381869
873
82372
243758
243759
334868
243755
43845
186471
26536
186480
26961
299648
103018
119424
62737
25698
65279
89665
1267
138932
99602
44175
171692
24513
233772
52070
58184
189073
62352
1565
56419
67136
106056
172916
319393
269532
239708
139830
1708
1709
189470
27195
198293
70572
27896
90874
68289
241004
63879
296026
102342
99451
58973
67695
138604
76112
53057
210418
27346
226728
82987
227356
29698
182347
87790
239438
336426
99261
504164
112712
153631
227932
109079
45050
48315
287956
81678
93109
44213
56818
63880
183818
143030
27416
98592
24542
138677
117260
101966
92852
222646
158260
158261
112790
89593
99108
247863
389132
204458
204460
344973
106078
204859
380469
149399
2567
74564
234778
298700
175620
226344
114266
112855
88747
100145
118992
206787
2936
125878
104644
316828
353082
97388
212047
54616
89081
2944
54170
206801
28706
157383
2996
195926
192498
161583
108825
166551
192550
98584
92724
127299
97640
192571
92297
152141
94337
96587
59049
192601
93407
77677
190387
189321
228608
328269
157422
42450
3363
69965
226839
29328
3810
91681
3813
220808
24730
349797
137929
328154
73051
3842
342479
328155
75413
89285
352961
322201
361220
350944
171371
352450
380813
504378
386144
280744
380814
285900
504648
382791
213131
213139
382775
213143
3972
211047
89518
178396
49555
90527
328157
176648
176649
43794
47850
4365
360490
90456
95886
97014
112811
270459
269576
279266
117989
64207
4830
231458
104544
226287
212096
30956
301707
5283
235615
235616
235617
271619
375267
210705
277506
313718
277531
317485
276127
254635
500160
84504
130644
79311
162484
77110
219153
71742
149129
168672
512021
153645
108223
70570
63116
183919
43472
84045
525693
101308
525900
143249
504867
239044
125531
256289
61800
5686
379070
378948
94547
71888
210724
115024
115038
297653
306345
368637
307890
313754
268791
193993
177950
208301
526166
526418
139598
5830
274725
5838
93116
226843
196814
180342
5840
90637
139595
272722
5844
137619
5850
166543
234797
41734
234799
6097
296913
63244
41568
168145
157519
298622
92067
84445
136980
375870
219241
263279
370729
239541
239542
125919
7091
81325
272033
7179
158808
101057
86997
76203
96034
49891
7383
69773
201718
201722
92363
99133
95027
32989
78614
95212
95211
56544
70084
326252
109147
33562
33564
121838
325070
312725
525414
133598
536204
318000
178759
167376
43865
300302
345433
52388
81631
69808
325078
340861
369059
71777
187314
535589
48537
356521
60135
525499
292422
339507
536239
302425
133721
522292
154238
215771
43089
8006
159006
99493
182018
78355
379031
20933
33636
48567
325136
98664
300284
92668
102934
300285
54674
115860
99269
115861
135961
175728
8449
78055
175725
49543
116012
33993
194245
8450
347175
118720
528682
39134
58249
163844
184168
112298
91160
373573
299949
358469
282286
344657
291988
323897
384106
299950
352155
358473
384522
92197
384523
352157
384109
352158
384110
502904
298165
373712
96396
384114
109998
270207
67598
358485
358486
502868
98393
502679
282299
501813
209908
197204
384532
170523
336235
373580
358494
501829
242473
384122
384126
300452
384128
299964
299965
85966
358498
212649
282306
358503
352195
352196
369219
39211
299969
138298
308337
93450
373591
79044
284356
170136
373720
358515
501736
325355
503468
109788
314574
352228
65075
358539
373598
333113
373601
55095
111572
384176
307616
352312
197211
242488
60203
53780
328114
103351
352355
314816
98458
270278
299396
381418
525916
338011
525854
76587
228473
525765
77644
108459
140374
53073
307667
202827
525717
25486
129020
526145
228511
318165
195847
141028
102324
324637
228530
48156
525842
318179
251140
526208
318180
62767
56098
517364
266628
318187
228561
526263
217869
318196
108329
9237
143558
62315
9248
120623
195612
72898
72897
9357
220865
220867
144326
174280
99407
220926
238497
178578
74641
30320
46146
139846
9742
98471
82865
75287
331114
253682
9862
358732
10063
103721
10094
524834
22413
316307
344235
257902
348222
143530
259623
319432
77861
367776
231261
367777
47602
375291
171943
324959
191704
319433
323578
221594
330371
330372
377007
234700
370775
133040
80306
371095
136493
344236
317115
250581
327310
370776
362256
311037
280614
196160
311038
170817
342935
113104
251414
367775
313011
326099
324966
279598
355352
285425
187417
367902
68156
351624
120488
313470
308677
284411
351607
334824
33981
370077
302099
371169
271492
258001
171006
177198
257741
313012
182720
313014
305053
364133
306507
344504
313015
71190
165707
371110
171942
348857
351627
329497
113551
219320
346615
231254
347385
84878
252565
342941
238857
258024
370815
362367
355438
230177
177177
45452
70679
250647
351323
351324
42234
302100
169161
61747
375315
330960
330961
351325
221146
237725
300487
10158
316221
47661
10162
10166
271768
10170
118264
10181
55017
91726
19924
10194
167750
287705
171104
164377
383488
338946
339842
302139
10205
105299
10235
271782
10249
10248
128983
10255
105301
83634
97611
95861
113463
176500
271784
88257
82226
71916
231186
79630
10645
10647
116301
85936
315408
47331
224230
215203
239150
308375
285970
196969
294756
178680
176694
153111
153113
282105
174995
168986
69132
10969
311025
127346
169007
224236
224242
117847
89752
90461
175003
64376
373185
154636
155555
72206
45513
239390
49857
116633
522617
101875
102468
116635
53674
59450
67626
11185
120214
120222
329091
307027
96507
96508
242804
195495
159992
332087
25480
84694
337404
64951
111627
177549
111558
180851
194024
360154
521344
226082
219580
12707
504476
212308
43783
64592
50575
341768
137945
316064
45208
13413
89364
84773
75821
245030
237361
342789
152290
347329
343916
70860
79351
236453
236452
329145
242467
252185
72079
200455
45616
376442
307058
16324
176717
70170
245897
125440
204883
255656
359272
343838
370075
226858
197335
370066
369383
370076
304860
16403
307935
325566
211536
72055
167972
193030
16407
349765
353034
16429
289270
140167
21167
120675
175199
115307
68017
518075
283910
262036
17498
329090
65610
526131
340822
340829
345875
345879
340614
340619
340685
340778
342582
340622
340781
339968
339972
339973
339979
339983
339984
359280
339999
347320
342579
340007
340028
340030
340043
340046
354032
340076
340709
534093
372169
153344
275398
18071
56533
73814
272787
347946
131734
152327
18077
79443
307478
272641
316058
217615
153129
44616
18082
125212
73044
98203
359630
296487
272838
18088
57656
115946
105651
105648
92736
18788
236337
190993
190931
168196
168195
168197
18795
142604
87693
48472
96442
128480
124951
225804
505444
175210
525957
109243
124822
88135
18847
335703
204884
308028
511863
135989
50603
44473
48943
326130
113362
19078
336768
73295
202383
26250
92739
100649
256003
128037
202024
351716
240625
26258
170034
257143
153308
96389
196051
212038
212085
212086
829
130648
27185
98212
131744
185200
27725
95467
129124
92625
256981
79744
508105
204482
2344
204478
96468
27961
204479
166533
195812
164031
76640
76206
300871
175428
288094
285672
139684
206912
3001
255589
146872
54526
177887
376198
206913
309817
286220
20999
207663
209723
55797
70492
290408
91289
111179
174730
174743
51534
175570
312066
282669
6093
284345
249374
24472
59691
165863
217608
159141
181312
346198
237681
169096
373575
253103
325893
8656
202829
176015
64426
292903
313986
9747
59932
283332
285422
76565
251609
251658
371858
107373
371859
119431
148150
89541
10221
10224
228966
212305
81707
11280
12438
24480
153946
225308
226554
76281
242599
115173
242493
115171
87734
86851
195937
73917
47620
59126
242512
201386
226503
129074
526274
517320
515371
265981
242560
182861
370064
129750
196711
16404
285623
263268
56274
109140
308830
269107
221893
74143
226656
185347
127316
18791
18807
325308
286749
42079
241592
198798
130278
325570
19057
376588
273029
273030
358960
204480
40499
90409
268698
64602
212848
61639
121368
74765
121369
114111
516846
10183
16794
261426
308696
306913
372764
320319
331095
347278
372765
319898
347279
331094
343766
95671
25983
82149
75348
81628
69526
500296
41844
23796
124280
117
51029
104501
124
93817
242377
254852
300872
26019
185014
26020
134160
97164
44043
185017
154
182461
67596
109754
83088
299561
326202
185018
253704
156
185021
185023
185026
208280
157
100642
185028
244323
105200
68388
113036
222445
86956
131891
61092
113928
51966
94493
111672
93958
194578
132717
60417
306934
98974
226826
297706
90152
307979
161151
301676
326782
277905
119036
80070
140205
107468
90798
52383
91601
84544
51965
113869
258407
76090
258408
258421
258423
50528
56958
258424
74651
161992
193347
43893
324808
324809
324810
180328
196398
258426
314
152117
342438
381640
85311
54852
100646
26586
168799
274643
26587
182306
170973
236170
189080
202382
368
269264
80788
139840
256004
75973
369
185267
171722
171723
72777
243574
174635
316976
33788
149093
57357
265843
185291
185293
111014
114259
386
156086
317987
369597
185299
156089
325272
98152
185300
185303
227663
185587
56897
396
300092
336411
219977
163337
249446
165605
165595
351717
165600
214585
165612
165614
165597
165609
270863
227224
165617
300847
316544
166899
165625
183586
165615
166702
141203
56053
57965
97520
231042
257327
261442
20934
227610
523624
536046
338879
314094
517536
107582
507
185704
383604
518285
519298
566
308134
351550
351551
367529
160935
137674
44601
282137
214847
96183
127133
151529
332721
231043
176251
250810
524454
360632
343580
334701
95345
194532
236777
285838
319940
244813
100231
137458
365517
369089
360150
281620
26374
168019
168020
127135
25685
26376
524538
300338
172219
118933
502665
227461
168021
313750
198247
176252
343584
339279
287316
332727
339272
321453
251137
372731
381612
381613
365696
376908
207814
152941
227360
191043
534723
343587
343588
285842
349768
137677
368782
308136
336864
281907
166046
161778
61122
137919
233586
353163
332735
137462
339274
231262
242212
286474
273326
308138
332736
168025
300340
511218
308139
110134
300342
245579
233583
373761
341741
135267
214126
190582
339275
242221
194534
320061
308142
161780
536740
227367
75173
282136
367530
365695
367528
231067
370402
536756
363687
339276
339280
270258
283771
152076
210316
283768
101840
26347
196533
117821
622
365699
285746
222170
222169
170272
149094
55976
26887
115673
226335
26358
625
242260
222171
376907
114388
114389
26888
531039
342014
359499
297681
49528
153931
26360
185817
74141
320205
299975
254063
363689
364776
49099
82491
388087
142837
257101
257109
185923
144536
62748
185957
246170
241331
279650
105125
61545
725
279649
185993
278494
298422
222475
521155
178182
521375
301680
272652
521152
521182
309915
521582
239827
89997
26435
30302
91364
134892
742
101734
522009
94495
236853
302373
313600
89313
96488
89998
180956
512237
56690
48292
61916
61917
65092
745
103502
113427
521198
91336
211147
522008
142820
142822
62155
44395
142821
142823
142819
26442
195055
383148
57087
521988
324873
324875
315086
298624
320361
152934
152723
186023
156142
76540
49043
327415
24246
186282
879
322414
320204
215089
193061
215090
503866
372019
105786
915
504110
126584
281824
131678
522537
136827
141187
137715
379148
52057
1009
302849
105206
254358
221488
135424
376685
201479
229950
180846
276509
283812
248905
64621
254359
120264
334454
345145
364010
355020
303573
376224
154900
311959
375255
351636
375257
104465
196804
139951
79522
195763
183834
1023
186529
87168
73608
280115
235905
181731
66204
352638
367510
188168
1106
188173
188174
1116
1121
57997
188259
286285
374035
84419
253687
188275
311253
45201
33974
349796
331023
131645
372862
380710
372863
194581
331591
380711
372861
384404
372865
1231
362992
1230
334702
76813
94662
386722
272654
334703
270262
352567
99160
92948
511323
384406
140201
151365
89634
324814
138934
95202
287985
112681
278114
363103
56959
500188
500187
285130
222528
222529
147574
26680
74724
188342
174671
171956
26700
23548
100489
97144
26730
138466
133113
49053
358747
75076
95098
112594
151777
274492
51083
192415
94849
99841
138933
94079
26675
305918
26732
99806
26677
1235
1236
386709
117011
92748
249585
188375
175229
526319
510683
188488
1297
188489
188490
335003
293347
505244
1298
317438
351677
297438
525405
525482
344971
109110
111180
26746
44865
188545
1324
26749
188553
250979
222535
155174
156262
88180
26753
96328
85700
19863
120178
98124
118896
120177
120176
66498
296833
1339
294524
322843
517761
200102
364813
370835
383610
517758
363335
334198
383611
322878
350175
357971
361696
184828
250627
250628
26761
53630
319306
328965
26827
256034
93304
117916
188778
1398
82935
188786
168263
1412
1413
24709
1420
105212
100873
188798
286046
1428
222551
68086
106054
137312
1543
45148
21087
100382
174748
126965
142654
75824
154450
327916
328027
1622
369650
368003
189226
1627
189227
41752
217000
217001
59900
71498
1634
167586
270265
505014
100891
90615
41676
48020
1636
89012
41677
119455
1637
311412
1639
27134
27135
1644
1646
114759
66469
174753
128979
42845
101882
195625
112691
1665
77045
45828
154698
181249
189290
27152
171475
189371
189372
156356
73286
25096
99535
189373
189376
189381
27176
1677
267581
1678
126987
385216
140054
103830
129056
1692
130647
173043
79155
189501
189533
189560
1735
222595
124337
300095
231598
196137
500129
99950
183785
179778
231624
297592
387787
231634
297984
525698
73606
183786
231619
315798
194906
83314
27220
146868
1742
190005
251722
92915
27424
90917
239437
85970
321979
27228
66350
24153
45672
226339
109406
135643
27343
85155
208189
108824
70573
134736
296357
27350
91173
335565
92356
94398
99477
182348
195212
323940
117324
179786
199744
78464
115057
101961
234761
57826
90079
81184
70180
74159
54215
314411
52861
64810
1768
50184
226340
49193
254896
54120
99869
90772
83991
274645
249465
172183
81190
231653
27405
126332
29824
27408
111231
93744
95555
95556
29822
340624
340628
340629
206921
68723
243179
316376
27417
27418
27421
98260
82116
20119
183660
81412
228594
97571
137019
275445
275449
95723
27435
42596
220045
86226
232224
241757
343784
232165
333194
318313
290371
226223
112733
103584
226224
1798
350984
131137
137020
222622
138470
67471
244953
1799
55183
181159
104267
112735
222626
91788
367360
308606
98875
83734
27480
99526
163628
306946
153560
65520
96331
58057
232344
244692
94757
308607
139000
85896
180815
298943
103365
91817
226227
244920
244934
112738
232172
232354
27482
91566
53438
298970
232360
97412
270894
270893
81536
63491
97456
65218
227938
1825
248766
68551
70782
297222
1844
1831
238217
227940
227941
1836
1837
1838
222650
232016
159437
525600
254585
222657
181505
286348
90687
237810
25548
153886
168408
206922
217837
343830
323946
375022
384414
298019
255341
287933
374174
1869
282719
360276
277153
209827
254899
524280
524320
384424
384425
99713
99714
367361
272661
386532
386392
272662
504083
503046
521292
386533
367580
384413
47993
109872
177875
153596
27547
93809
529207
298767
525157
525351
529111
525988
502287
52218
64697
279629
114762
318582
1962
1964
521183
344785
521122
349216
349214
343785
368005
349213
349215
387502
368006
349212
179788
349217
198308
1980
351070
61143
255640
203071
203072
34153
33410
382730
203073
41218
203075
349218
65443
88449
130660
124654
181757
120116
153356
234890
241793
169290
109539
81869
135184
111007
135185
120123
210087
360086
374861
344625
310061
236706
306842
48783
368144
170935
77558
203432
307480
2014
143436
169809
203440
272823
369917
272832
2023
296756
272821
88464
374841
315993
195299
272828
272814
136154
202586
255495
272818
374859
272830
2075
343767
341801
64420
259158
243041
198374
27850
161998
55244
56202
383178
135952
186919
375023
93596
342439
72444
90441
179999
93491
335568
87408
153045
171728
325970
135650
2209
152124
89222
197020
59854
133923
227694
355963
382608
374021
384842
386960
377730
377733
526546
377714
377719
27933
163931
368421
109248
112192
2293
49101
521110
389131
204189
513808
513809
389141
513818
513820
513807
513821
389137
513830
513832
513833
389138
389133
513837
513838
513839
513843
513844
513845
528932
513803
389134
513842
513846
513847
389143
513849
513805
389140
513854
513855
513860
389145
513864
513867
389142
513802
513804
513806
328000
513868
204196
320645
513876
2311
236662
91916
74022
178250
117049
238195
510759
73727
227122
227123
48872
204464
327495
322447
351825
327466
270957
56296
205031
334665
504577
90195
295952
96758
295957
172201
387407
360550
284625
322075
351184
186920
319812
295949
375149
89230
182598
359181
359182
360381
357463
361660
316222
504601
360382
313742
313721
504516
254449
376973
320171
360917
360919
313737
313741
504026
375975
350941
521921
521927
521919
521920
518105
520272
379005
379004
521278
525617
521203
521735
518037
521851
521305
520134
353060
377226
205334
48508
239996
205792
153020
129801
157530
205793
198923
72074
2605
304025
318727
304031
28243
205982
51113
2633
176990
119564
206172
379305
379307
379306
379308
338608
20094
517649
65249
62104
174530
218388
368327
95607
218391
99147
99399
96650
94848
92678
97937
94420
98326
92060
93927
93862
98357
96824
90340
171380
92582
174533
29775
89288
98622
222794
171383
174103
325688
93459
172107
100321
95500
89292
92829
174104
168755
90806
98820
98821
174535
174536
168756
95133
174538
41810
30132
171381
96355
91939
30134
99476
97117
293754
30147
95086
105130
345414
30161
29926
171386
171378
30162
92162
94560
96504
29934
30173
98717
89759
95294
93891
92606
30180
90183
79070
29963
74653
30186
96310
92530
174549
192914
92270
2754
92271
90691
99425
89954
112726
98191
92343
96909
30011
97407
91017
97426
98711
90902
30222
92592
108658
109913
2765
2807
28283
76161
181288
105708
143538
272027
255342
166319
126089
300105
43260
204495
155100
96441
206651
342423
342424
110459
206770
251996
64095
61023
367701
94502
344633
335299
298346
81987
46569
2931
309950
206803
94261
2966
227431
93869
166538
166545
162670
352460
166557
324431
70887
318917
209846
46144
110899
209848
87880
195813
109643
71015
286752
175429
360293
166591
181285
151239
166599
28766
101856
169400
209858
299144
192707
130335
207684
191041
138774
114496
166671
56136
208291
110330
49343
523886
137372
46497
360296
169408
233315
95854
45389
68087
255570
111106
333659
79063
109798
298849
324433
237546
285001
207682
90931
226346
500124
85740
80432
117705
137373
299145
136058
192702
228829
3002
189305
206910
28755
241862
98223
64542
206914
92942
28781
183206
25666
3050
108790
47387
515399
328150
237440
212826
251219
139088
139090
208294
241877
3074
300955
237441
273624
375943
128685
3081
285760
113788
3082
255603
79064
81080
207573
3085
227680
207574
99270
375198
84119
103067
374210
374750
69184
281547
3094
171051
55875
3095
77714
207570
60798
209484
153031
124346
63832
83677
299910
3102
274497
239983
184499
189894
259629
357909
195615
353319
191832
375140
349303
207936
25368
178351
202304
3311
523339
523435
299491
207835
98427
328358
53176
42260
3364
285374
280324
228397
154955
28956
98256
43178
3370
328511
328361
91612
28968
241006
135338
3382
65739
3409
209760
209775
74288
209793
3451
3688
3697
3735
50390
62852
281284
261101
221394
29236
285480
123875
306245
253639
305305
123775
227065
123344
308371
122855
260942
123994
335110
335112
308567
122862
125473
123513
123249
123163
290703
375752
123267
168350
123873
268686
504567
165394
273944
166942
221579
303702
123277
315300
210687
29262
157673
352969
220539
99459
211429
211437
29286
122802
193127
102727
29319
367937
174786
241651
170785
167941
181740
310019
241653
3808
22698
101081
24732
501695
149982
30506
29332
148139
51666
3811
3814
147688
297427
3815
241652
168831
209128
120449
212500
149047
212499
96524
96481
143107
94295
101082
136168
328151
121159
58591
3844
29340
212847
3854
72690
106000
523767
523766
174115
45977
322963
29377
184240
29248
145172
500145
212884
119038
20867
24133
43179
3867
90184
139124
43180
162697
3880
281246
89049
116000
220715
29369
59616
130518
212857
304813
98685
209691
163509
223004
93715
91672
29360
322996
146847
523776
523775
523779
93118
523778
327556
327512
306482
91373
210274
116220
138391
248443
80890
207213
211455
65570
314136
60369
43511
182867
50259
151310
336810
336812
155101
105769
50895
83478
93783
57460
375762
194371
98389
181514
211339
96207
332962
327250
515184
135829
515185
96082
236557
150059
348161
97605
96860
523309
537765
529575
529477
197716
243487
197711
220387
197714
240438
215543
215545
215547
275088
215549
215551
215554
215568
340970
215571
213958
215573
284700
309232
300852
215579
301887
240395
272608
284699
275541
300956
324343
355939
337343
326135
343478
300925
317066
351731
349092
320194
317064
341785
360993
324344
353323
317065
337341
326137
337342
337344
353322
353152
380811
369974
369973
370058
376987
326136
370059
378589
388453
121384
121363
192952
209596
176002
173014
241013
194369
242737
80121
82290
243832
81821
183803
45601
191879
194378
209600
143123
29428
331402
138409
194375
331776
280095
337074
342007
165897
198413
29426
198414
96731
218959
248287
68257
67999
59159
218958
155028
292816
89078
45411
379003
89349
99627
328373
57365
269518
382777
80498
181518
93840
292734
75185
59035
210084
337073
92156
133895
138429
68258
194373
378205
138433
96722
44842
218960
141173
59413
46501
86388
76353
49945
375766
71896
57420
515186
227089
96069
227090
331400
86938
536881
223010
133890
328375
59702
29478
121408
46801
55115
383625
118677
86075
71691
248376
210954
210871
248378
138443
81182
272918
187138
66955
95160
124310
250375
194372
76126
54459
133891
317069
349435
345660
70118
210020
48084
50038
138448
86175
269524
287461
515187
53221
102957
153342
58282
168210
326508
367142
382780
78281
243737
99793
99851
94458
96302
92572
110029
52716
126164
336176
83374
70114
42541
378206
357518
369961
350038
346018
384474
357519
531032
534410
314030
317071
231284
337462
295059
295060
165961
275448
314386
29510
307075
121409
315258
297895
313747
215550
357422
121364
317068
530673
382280
319897
238048
43868
63782
207214
504704
215552
529731
215569
343469
322220
282535
215546
238045
341784
336023
215572
292737
297115
282536
507636
281493
334758
537849
238047
334759
322221
533192
270842
244661
218968
215548
322223
357423
298706
197712
197713
239580
351732
162614
380812
324425
269514
372816
349475
368499
215544
258585
352596
114533
334757
343468
352592
370851
215555
121385
194377
91068
248370
238377
239581
238378
367513
313904
258237
297516
368500
343470
197715
349091
334760
322225
367703
297517
378207
248390
533297
322227
315259
215580
367704
521444
215574
378588
328005
531037
352601
358806
315260
248344
213065
223017
95824
89092
269520
239579
80497
170486
179958
136936
72691
115810
151313
3950
66295
93261
254815
61311
51767
23290
29445
213304
91233
115602
3974
251869
109366
58954
170212
180464
138254
164240
166389
183857
29467
251906
29470
248409
29471
248412
227095
368667
29477
274739
272844
89876
3993
29482
104889
110901
238582
238583
207216
238584
91305
213087
167886
97329
213395
191575
4011
29557
231567
213415
163280
112990
115989
113031
507449
507632
507066
521159
299562
281825
281826
521231
307779
154478
526009
504208
322460
374635
515188
292899
536485
285377
307780
126589
359375
115078
219644
375944
296297
284347
284348
536007
536275
511667
536646
197182
306739
282416
142616
44949
75151
158021
243582
327492
263323
69446
4331
195921
158060
510891
510949
510613
176647
176650
282764
217078
342583
316205
30610
219214
343734
168851
214671
318308
318309
257548
19636
324868
520080
518985
519784
4698
137243
130632
4804
130631
325130
141840
131195
223103
517527
117941
519815
521483
128486
208715
135061
223105
77960
103902
374987
372207
374988
117807
80183
269578
521290
520372
317507
103744
132933
236956
109095
117831
255213
135060
30862
94704
30899
73539
102892
4831
101886
62573
4824
126646
117808
30861
83593
388781
350761
328429
341639
401897
107473
105878
23413
107475
341627
280055
105935
105843
107482
105908
383027
401988
41192
171483
105879
327496
346877
107490
402095
383032
107494
402163
402164
327497
107534
105815
42099
119548
233670
280064
162835
23395
105848
366104
112518
107525
107526
105902
41155
119530
128611
40938
105819
280059
5169
401935
5171
105828
105813
201466
5173
5174
240442
64718
5177
105859
5179
402429
402553
5186
22170
79573
30989
177308
74116
177307
94731
174710
5204
56264
5206
5207
72447
528694
295893
287069
256002
5235
22791
228839
228837
223168
286961
173089
95433
26091
223170
90594
74895
96990
171388
97507
98149
89858
44079
89391
215951
370409
89536
90273
119063
228840
387479
71464
309235
231843
237118
111383
173307
173315
526531
368734
526521
180939
173419
168960
360371
369479
146089
43443
353558
141109
337940
173660
242097
83188
143920
242160
255701
237111
303588
327856
329462
165303
371614
338339
165311
197962
371591
20451
5296
5307
5347
92473
242033
529327
524982
115089
67143
344978
5379
529328
529329
59103
179043
89527
256263
256264
256266
256268
256269
256270
504406
116160
52432
144642
97701
54055
89870
243175
48157
279244
523043
99181
115773
242994
177793
65818
69970
96530
65924
379477
69813
256248
334774
256247
275089
109120
160999
93228
510763
514289
504835
504184
525797
89860
31199
89086
347714
174990
271848
93995
97023
255626
270111
253049
239654
229670
175037
306949
191392
162485
162478
143276
207053
31207
334775
70569
143275
43498
97251
161360
183195
334776
167983
525437
167984
334777
226440
167986
103484
94046
79377
275579
341813
271105
147390
84310
84311
94262
168669
249515
177500
256283
324915
31218
256245
275090
234662
97383
250973
90206
333043
71242
375150
92377
116162
90575
113178
98923
45783
133216
239146
66630
291865
167758
50464
191091
75535
83866
58660
131838
48967
201245
101296
101297
44259
306947
379478
101302
511951
504674
510806
503995
525493
510820
278139
101306
52839
162917
101324
223181
5398
256277
137824
256278
256280
284725
251465
191089
256281
256282
256284
272230
256285
207803
69932
151204
286003
286004
256287
84267
80275
62963
43926
92549
44275
69539
58704
55552
59659
84125
59981
157674
31313
116122
232280
5638
31502
117717
91512
114437
197021
62337
102008
381860
371917
135618
223199
102651
114439
58330
99169
202613
345697
299821
362402
285912
299823
299824
376621
31761
101180
5773
180300
181294
93308
293039
5782
94084
503982
145645
521101
315885
517786
256023
68160
96172
177949
374901
114241
40914
126098
140909
108813
5843
353064
350954
317986
44628
5885
530000
529902
5890
523654
136964
5960
286218
286217
181207
339309
236279
305876
31841
89628
340677
368858
47768
202626
114440
138255
99826
73225
6024
31893
6026
84935
6025
6027
96551
86906
31897
193418
127362
6115
31930
6149
223264
6180
134083
87557
6191
158514
182583
82838
6192
113094
182585
377041
374182
153230
223327
31950
511247
6213
308914
316990
202635
340841
353813
331254
349586
379489
379491
380552
340842
380550
343721
243491
227130
353810
343472
300328
218623
281501
386746
364441
341815
322078
356006
313606
377075
154634
325135
301457
345224
216530
316207
269334
350989
307892
240037
298513
326507
349538
356007
364445
526433
371263
343769
521217
521168
320851
241414
364442
313905
319788
353809
345346
349537
324832
307896
306559
317395
526128
316234
526366
306951
269102
349535
241724
234980
511573
505292
371276
505291
386745
505294
505282
349540
236526
521399
521513
526157
505303
273013
354185
368503
323538
375948
345323
371277
505296
384495
505293
520126
518998
521711
521355
227131
371264
526435
206438
239703
360383
505295
322080
526202
350012
379492
315602
353035
379490
315604
380551
380553
507859
507858
367737
31969
193129
72550
253195
228305
220610
216589
379493
300329
124796
227227
301458
315601
238954
206923
216585
222174
367516
168108
296074
279829
179817
256168
301708
285143
317254
368683
364444
289150
379494
241320
379495
331256
78524
243416
384496
352714
369963
31981
31985
44211
114273
105663
132463
45997
350990
273633
59261
223334
105702
6283
168970
285042
227350
114302
305889
124760
305893
79486
45778
6352
6408
304711
127558
336921
114351
118452
106294
27648
109348
170981
375214
150426
114465
93756
77617
194792
41320
91441
360428
87042
278661
198657
191424
191420
6516
6517
71063
294275
103560
177800
6527
373651
158623
281846
131504
6532
182280
86011
155010
180242
151922
73403
187308
181503
186778
136982
176751
54169
116003
111347
242270
101664
223355
524634
187310
170369
287755
300062
327851
28925
6547
6548
32120
62450
84954
178446
81951
168383
63817
6643
91930
90090
99447
95891
99448
94341
105073
75000
99709
97134
98059
173138
48757
43066
173139
307706
51149
51150
97319
97921
96925
62387
78642
93888
318763
96948
96869
98979
70297
99291
68754
223383
82902
239344
89689
95121
74099
318580
77590
78292
32435
6693
98096
98346
97764
61751
62353
300271
334284
32448
90819
46025
95988
99496
93334
97000
43315
92651
105236
96827
32437
97384
32442
6698
90981
89326
173102
94487
6628
156684
199718
215964
293427
102508
300274
291747
91317
98093
93179
300273
218403
307719
82613
102509
99864
55608
98838
91624
168767
128829
115659
102006
114442
97429
66706
105771
109456
114502
114504
104257
67456
154071
67773
114009
74722
63524
49830
95608
49573
300501
113798
324918
32487
226383
170637
6725
208784
523323
195456
64816
6777
75520
500299
97796
6784
243425
32557
132462
6792
353689
156168
244808
168111
53933
371931
94780
269830
32570
101336
308061
100204
387039
234554
6922
361737
164068
58286
306349
89679
95125
304250
85742
68655
95418
342662
242418
158764
112011
270952
208000
273045
253788
248598
115493
71433
248600
298621
181252
240789
270953
248485
130177
7028
195958
206925
285879
126484
126133
253791
306222
253158
270897
7030
72758
7031
153888
42650
108798
80975
130800
130801
254414
199223
109437
216807
270946
248669
231919
7032
105643
134625
124797
80739
248486
174989
169663
180792
169030
168513
522354
7034
300583
256132
270191
142488
109472
66216
98990
309922
309923
351734
124798
124799
181253
256130
67452
363778
201508
240815
95791
75196
102905
53834
320333
32732
169488
127747
81924
163023
7053
332105
332111
332101
99740
7056
99556
72613
89512
51337
7058
250643
101237
101236
7078
32745
279667
60050
129295
287362
239957
118306
118307
90192
285397
194504
240657
312316
320332
254803
361082
274889
521815
264742
358818
340635
500923
501157
501158
500796
248226
500931
501174
500737
501173
388561
500739
248229
501176
500915
209647
113070
63641
175156
374751
22728
63631
162463
358819
352610
254984
170211
101714
24471
45037
104793
76506
521718
147427
226351
7221
81896
95088
32871
95847
77737
43739
152402
158862
342411
516742
138101
180005
125042
223487
128049
98308
268789
7291
286152
7418
7429
114677
315011
309773
51315
92610
127639
91153
84196
46708
174160
330459
347730
182081
96830
96874
97344
150705
67106
96464
75873
58473
145694
315022
306297
182216
220700
222062
521187
95591
53101
373045
93014
59787
238937
87543
52317
65197
64779
82023
521400
269208
219356
315034
115199
66370
91030
91990
169256
89489
33201
197576
198529
98840
84426
63266
526241
521462
58417
87708
77468
47563
105242
97087
90535
92387
166638
93772
72176
73302
526214
526304
59205
113631
63164
101344
99701
94376
244898
518266
182324
99572
95077
104623
369155
83472
70136
162474
80662
317035
117247
56204
179028
102752
67132
316125
373538
347325
504061
90244
101089
7479
162573
92570
238936
376439
159011
354804
321397
189971
223599
33035
33036
125920
193738
82107
49135
167544
101092
7514
296211
7516
7524
175861
195463
89307
104806
47390
371127
67388
340673
97425
25547
51832
134904
23749
60332
134974
33346
31420
7591
7594
301207
301208
67076
270563
33382
381313
231328
125065
125483
178008
213366
290260
197023
183491
298725
7733
100053
29193
7743
7793
23531
46850
319810
504387
167105
510451
370913
133839
316393
315419
289170
97252
138261
97345
249461
196715
323953
301594
83567
269103
226867
206989
306953
218005
255756
122408
141923
363695
77627
194421
33525
175220
239962
49279
94611
226847
128502
247320
284943
510919
298514
316992
59776
272623
247309
137507
84056
249447
127482
104699
272733
91735
297594
298395
73838
56436
58862
248767
218006
137509
33530
240022
216239
510630
241922
239048
153768
190687
50209
171757
24086
168914
72719
129889
7860
168411
116663
381644
158991
7877
43939
33456
120483
97719
7885
518252
172701
79341
104493
194121
136888
7886
66826
7887
7891
94759
93462
97811
195210
97812
110223
116969
85474
165373
74692
60740
7893
117373
63663
89995
33469
186784
178912
179044
535759
54875
250662
367942
272731
317250
325826
271004
136882
7904
7905
95015
149132
236959
137301
45261
180969
236961
236740
234270
227795
226352
181281
180970
104359
105079
179982
92154
49540
49541
202405
114013
7914
7915
226120
503071
384607
357419
269670
103346
236042
343011
191045
99080
203360
169692
147576
130806
99081
111303
504179
503968
120917
122459
7917
78171
73319
286768
94591
73320
113708
241535
219997
7918
77676
307902
172103
217794
242421
58917
136942
181337
33667
92120
87078
166973
51853
154648
202404
503792
66710
33508
65521
92716
97978
94266
7941
98216
251622
307584
236965
516380
503804
328465
307336
256134
300606
241728
375951
356164
7944
151403
269320
194430
245146
313402
92274
86952
325834
254115
72563
70260
95458
95989
521544
86765
248000
170787
82235
247335
42555
99605
58284
226111
169110
153564
92753
235064
136881
96754
358969
59564
197528
50738
102389
358834
47660
44513
82118
344480
227793
127489
350017
116027
93902
136940
345359
55128
55129
91252
7903
134842
236216
236229
97705
79386
360709
46806
91085
322083
168839
517338
383007
7960
7961
83338
272746
535926
353881
107803
8071
49605
322934
231961
357155
386631
357191
177478
370500
522302
522369
522363
75466
156750
33641
33642
299200
138571
114783
139746
79617
97861
95502
114518
103654
63624
269032
374554
382882
53919
209435
268693
298099
227635
500157
518050
293226
268691
502933
518030
293224
268694
268692
271199
61809
50017
67051
371558
60980
81092
51884
42409
115798
325291
87496
68335
8425
227921
8427
190075
22657
8432
227924
344792
115859
81353
93771
237026
170372
103938
103422
78054
184709
56756
87079
203361
55534
66774
99462
307609
283492
94886
184710
154918
8451
336033
336034
350376
345673
255217
255218
321973
95796
97979
59821
238975
244809
368805
206635
524377
244718
8471
34004
61168
154425
269593
298042
53769
79853
137007
99914
203934
96273
346193
34041
113871
43469
23595
376298
8494
165738
75409
169234
8501
182329
34062
169611
202894
322935
91924
8536
99522
8545
55949
8555
155707
249463
285403
325316
8557
8559
227952
517230
117112
104099
253126
75843
299945
104100
300115
227954
517620
155705
163754
55883
209893
163835
374257
360600
504462
504749
114544
67592
517373
251078
226385
114545
211135
178913
50393
83874
347759
302225
368697
502760
377079
307007
374412
503022
8565
149997
378101
126064
59822
110742
70224
300824
252904
273949
41349
306311
271400
367758
319554
268757
308117
300618
238690
317650
336024
277435
88740
53983
237717
89935
39193
174589
358489
97834
170225
317371
182992
91426
99212
93264
501607
501773
501892
503605
503685
193319
503074
503196
174602
501535
21469
69079
501922
502802
335915
503442
503342
502794
503131
502220
502009
501668
503036
502691
502610
151782
537415
502692
52233
135964
81326
102917
504733
335930
98330
298847
94697
503643
93841
503674
503142
501533
212685
502294
501725
501441
300219
504411
501710
502411
520392
502968
103015
501819
501796
74603
68215
502039
503330
212695
501765
102998
228902
174612
222325
503622
504685
502408
502832
503518
503649
501878
501722
89831
502927
501930
501515
61027
503093
251016
501788
350705
501823
503205
502160
503280
501857
198942
501762
503694
504814
502383
501621
111799
503625
78840
503345
504050
503257
86276
87789
138856
111427
183045
502462
131687
502084
502627
502190
78579
502961
501891
502887
153160
502109
502349
502457
501669
253084
169101
537414
8616
115201
39179
8622
67839
39183
47208
8632
46940
40501
307724
280856
352428
360627
297269
360721
248769
211139
382316
212181
512063
361715
334679
360689
40504
336391
178487
167041
78310
294672
359846
50176
296144
306923
306924
306927
360698
361083
296148
49653
296155
363371
382309
515219
8755
8779
115330
116766
118029
313759
263471
297757
332848
349782
182116
152390
209341
517249
357429
328110
194043
169872
70522
376031
251158
376032
127153
94408
45679
148447
68385
85432
183963
321458
251161
376033
180723
510470
238107
321459
127154
238108
99430
368926
75241
40664
70590
89694
95503
238111
112056
297759
69236
238112
104462
95375
252311
343546
332855
343547
255689
96584
524620
198403
298786
96567
209108
305846
56733
281927
251182
209346
343548
272332
104937
306667
76476
201512
368826
43603
251185
217086
316711
298787
68072
332859
326490
321468
375544
281935
237393
524373
298789
251190
136768
44296
209352
305130
196466
73472
102822
298790
45620
169519
196467
300333
125913
111098
209110
192989
217088
254268
53485
191794
263357
100020
316807
89394
137261
64028
40686
73603
127158
332863
251202
57497
111213
238120
253089
372745
209355
180730
316713
209010
343551
210814
136769
222188
306677
524523
381623
332868
332869
222190
56691
306679
102561
182422
291276
40689
71683
90814
252189
154859
93235
237396
73074
251206
306682
237397
193254
332876
524365
209359
40629
43150
81654
81655
176094
82812
89145
524486
222194
127159
54942
64451
78811
321474
238123
114982
148451
66620
245944
524570
105120
357433
115334
151878
237400
281949
124518
367630
251295
332880
52738
272365
372749
526129
372751
517575
372752
56341
84608
524345
332884
66721
251305
299454
75686
222197
251306
306689
269540
45064
51481
248930
167636
93490
217089
332888
95806
270290
176982
524391
238132
501566
116793
209385
222362
222199
298801
169239
222201
222203
193256
222206
305186
305188
251327
272392
370786
251333
193012
180738
182423
332895
151883
365967
332897
202547
251337
299460
111763
313783
115335
78764
306366
167641
46328
196833
180291
306698
251343
344470
58568
290831
196834
116797
96131
151885
98247
136774
208886
222213
222365
148454
209389
209390
332903
82485
281965
237404
270304
127165
286554
286555
300623
524513
184072
64893
251351
66046
92830
251353
44783
526051
116798
96616
99863
93212
332904
524390
109078
316808
251362
196835
305588
251363
270305
84712
222367
315975
373669
238149
252336
334804
115336
116802
315976
169882
182424
193019
272422
504197
45420
184051
270308
63985
180155
184061
127708
75292
383349
104469
343568
91937
332913
47479
524439
140106
272427
62334
196474
116805
129367
332914
298817
47200
97610
70177
127170
306709
349792
114987
517265
291709
525599
524512
524346
332917
524532
332919
343569
334656
77477
115337
97688
382491
149017
238154
372756
212303
316722
251396
350692
239644
316723
237414
365708
50136
85672
281986
102320
99523
504149
332926
239646
299465
127711
180752
270314
92669
136780
116807
283448
222223
237417
98629
196475
299466
252218
374778
222227
332929
209392
332930
239647
238158
137026
526385
501691
237422
365710
381632
98780
94923
48868
222230
365713
212791
254805
251358
524468
343572
78177
332932
281994
524530
238163
376178
91244
366046
351025
251427
166270
40754
46218
115339
103466
167610
272446
251433
70664
76898
81465
57980
72209
169238
69151
57528
223844
95992
78658
48526
65631
67622
193777
94931
91303
222222
149012
180735
175444
70178
223863
108594
8829
195150
113086
8803
8805
8807
126008
523901
73531
64064
64109
69718
55713
48869
223870
8813
336621
97035
50823
8815
40609
8818
40614
40621
8821
129315
530741
46814
58129
8823
209828
99289
195605
85092
223875
40643
56770
42597
81909
89658
81884
8838
155427
40652
62141
84220
251944
113867
40633
112271
40635
8830
220816
305885
8842
133263
90526
125492
90257
137936
101803
125577
40764
133841
85860
81284
8871
220528
208535
338884
365152
176518
176517
285446
338885
376887
376361
517106
171312
151346
44501
192167
307590
327475
307591
351312
139936
90491
209101
211817
41560
78075
219212
54699
361720
381355
358846
383683
383686
374250
356498
294939
160517
209442
211760
296749
296748
340894
45614
326918
328295
280234
139938
180569
139937
361719
294425
363803
381356
387744
376896
219366
385204
346060
387785
387756
387757
387758
506800
387749
387750
387751
387753
387752
387754
387755
365171
386586
360966
345737
383692
360539
388606
387773
387763
387762
387766
387764
387761
387770
387765
387772
387771
345759
387786
387784
375037
376383
361018
273061
316898
211203
275589
221150
245189
523297
502864
308251
133988
523296
501941
275591
273066
143296
357105
357107
357092
357094
357084
357097
357042
522574
522446
522787
364379
373084
348590
375248
89832
227245
219910
194415
230543
230539
61269
273669
380499
368955
374022
378982
8987
115271
134782
121974
70475
223914
132862
124384
8997
331251
100043
238695
296567
375189
318329
40888
311260
125423
309440
309439
9021
75395
328566
353140
305544
305346
357671
333830
115250
178180
277041
263233
230544
358686
328567
230540
350655
305543
333829
255604
89802
272932
349741
320189
308123
9155
369542
326263
9156
118047
232013
87020
79806
9170
9171
9172
9173
190939
9176
41187
69124
212353
226045
76498
208965
310796
238650
43900
41191
264264
43848
525038
176549
73511
371577
86281
217350
526087
79028
180181
141522
525985
525982
147638
164862
58315
141556
58709
124557
98796
318209
369625
80234
525709
151492
333930
524497
525815
82241
162548
525190
69551
131200
104657
210573
71550
64287
170815
51275
54346
48216
526056
318178
76770
337424
525965
42148
103916
104205
266236
526019
525938
525730
263462
105631
102052
220920
77747
103513
371575
264270
141031
162544
242346
242254
231580
316150
59121
384881
150841
267786
50551
172712
264206
183260
115141
267567
104730
9233
77546
218340
80685
80686
9257
369629
84612
47762
207511
315898
141764
47763
9336
236723
21175
255154
71966
47295
92671
223997
384649
384656
119246
65310
9362
162539
9375
76930
46071
155214
311370
119587
517161
124673
9430
244112
255997
255998
255999
127462
9432
9433
9517
53283
237438
234191
9520
268060
59504
69692
256174
63926
9651
315339
28154
285594
193263
361196
180419
9729
9728
353999
59930
89897
67749
517605
155732
85051
235124
168895
115119
54264
103627
275412
196053
293682
296951
135728
51741
72005
43954
116014
89834
42983
247937
68817
82335
292943
59984
259070
64139
55283
246325
292990
104391
59931
294393
226830
61001
115125
75711
211664
65161
313983
216384
125447
9751
178496
294395
294394
194962
97720
9753
283086
72006
9755
283166
283167
211633
283170
283177
213855
306216
9756
283226
283235
81043
91833
283242
98604
115126
9764
304579
129328
189322
125730
54706
211647
283258
211625
9759
514382
59705
195120
121221
121225
307102
159513
31424
300935
72666
58985
93299
138066
112207
9812
51742
98954
139756
307909
56553
62585
89934
189437
62586
61544
296624
90876
125071
293049
293051
384463
293050
312637
343625
511679
386139
512224
299979
368980
336890
280114
500126
61662
81171
48530
500132
143508
197137
154254
114784
171337
102095
224055
143253
269954
214892
112836
121858
143252
9878
224056
143254
225995
175773
138243
224058
165968
209784
93234
228771
103385
181157
103631
189898
330081
159826
50856
367368
287460
67017
182431
96353
296823
295408
45459
178588
322103
112022
116721
99904
120606
166621
178590
239000
117184
162629
42824
138090
260645
281020
282089
9880
378937
239747
60876
72564
108219
9881
212225
9883
241885
231665
226011
500316
116831
24039
521383
151673
192434
278256
212226
322028
287697
117267
220595
41930
379710
41929
93937
121860
318853
251862
209445
124546
239755
239758
521317
374732
73305
196842
9886
184589
128414
46748
61784
209514
120605
66304
226537
380267
386174
386170
380266
380268
380269
178484
197122
344274
124933
533248
225994
106372
110059
515236
356137
363674
363675
45869
338067
197139
74019
55964
337170
229295
359092
201924
44035
181158
160534
536029
351531
334815
363783
334816
44515
322105
335522
361004
139853
194008
361091
358854
66305
24487
73623
84881
9940
9943
290519
56674
22409
58195
118420
9993
314038
324038
332833
316211
128981
61421
98781
57020
316209
154281
237090
162012
224074
211812
86436
317730
322498
107270
345376
373125
511691
333309
141837
351039
180315
85624
77687
373126
315674
75550
241273
109141
246623
52559
10030
61886
57081
248921
269913
190407
10066
23471
341777
341773
10067
10068
349237
10069
249456
249455
236033
50199
341772
221771
99394
221770
284744
368653
86178
83179
115651
78582
10083
89107
273635
167792
255128
90290
368982
209094
23892
238847
99437
224098
159574
118995
162475
76660
188451
224102
177199
324515
371206
306493
334987
58461
258007
372161
271770
89734
10261
10293
306806
94680
10303
383385
65820
74338
146013
317140
281774
116101
10407
204274
506642
506861
288035
350021
343013
506658
506684
10421
537773
537847
129344
10471
45804
367316
53380
138715
288063
286758
23449
53568
181408
44861
291834
372766
372767
135736
245955
195473
53381
309331
80172
197925
130635
53382
75141
309330
57652
243725
149024
359117
273952
345249
178067
175171
72322
181278
104186
315846
315847
512402
512471
512022
512322
512440
84968
343912
156103
307913
505277
176495
512124
101412
57956
525933
526033
239009
318544
10573
227337
234078
125099
358865
46652
115653
265859
10629
270732
103682
139123
47321
372606
504101
10634
10636
10637
10643
73153
505490
298920
297900
294564
10748
131022
65967
194589
22851
23752
24175
324977
507376
507100
10796
69790
81733
507369
10799
146760
110775
332167
131019
128292
10874
291777
184716
240676
47911
10926
294754
345852
285972
177869
237941
247635
176696
11031
74809
11042
270955
369628
116500
360280
166960
169023
219314
75995
145927
150183
344996
343906
121879
150202
155859
272084
41243
331643
102199
121888
59138
218842
369463
44984
344999
169163
253435
155861
155862
145938
319081
155860
138941
166195
140130
132229
135284
104608
104628
381666
150185
354446
62732
325018
251695
55098
125100
326142
11144
81058
11156
280994
212867
212868
184093
33976
252420
359529
155419
352744
175634
11157
140139
285762
116018
118188
518426
104385
111158
272758
373189
163836
73460
154637
118737
80383
154638
177291
181226
359902
63387
63119
137370
528138
367784
189436
54584
369126
224270
155479
224271
271977
102670
86196
74617
81059
316297
372179
519222
76328
99154
170737
108680
357500
153123
90406
212873
87808
11169
115804
239392
48168
59229
78820
78272
62132
300063
129087
317187
118189
63236
70206
84795
116632
116629
382290
11183
104429
251574
251489
74037
176763
45229
350772
168686
504324
345382
67712
57233
210325
193276
168925
381649
118745
116630
151338
64957
298926
73885
47116
105730
54222
196500
349804
387951
248973
379765
120049
196306
187272
255056
194348
194033
11285
107606
46121
11303
512144
101416
73449
353068
350961
511386
212231
318630
324098
95546
84380
11444
57664
57665
67511
326813
172554
105203
380557
323957
191883
362679
325600
345710
179401
44467
351090
217093
226779
11491
322096
351091
81198
79562
134887
221236
113967
516929
516930
295410
11498
336046
131448
212042
138642
362799
48633
53403
11503
362753
115211
520660
180796
219487
74642
114397
220192
360438
522073
204075
166318
380559
522084
367786
511674
505048
327589
350023
224378
324526
505047
511311
26079
58296
304353
283373
283372
67591
500127
117765
96475
526291
100066
138201
97205
90608
90180
95293
167616
48821
64146
92044
90395
137688
89650
11627
160021
522708
11643
11644
256792
315863
195627
160040
224387
85496
218722
11725
336819
129497
103918
116637
82688
386670
386441
386548
386546
386413
386671
386549
386547
229845
226507
224389
523653
99699
11820
11834
11835
175258
20593
60746
120496
256139
178001
54017
171119
160130
11923
521484
183502
61723
11998
63319
75739
67961
50940
224413
87841
269958
57146
46928
75740
74060
126285
85723
12084
181263
12104
124580
137988
63688
342470
219550
137989
178427
336036
514437
376299
178426
235083
335193
250938
46276
256827
251714
61523
315854
506850
335195
53510
382454
286170
156070
212281
78856
58808
219551
208128
80257
169144
383257
273201
519452
183597
47682
198602
327481
78855
273212
156069
102456
345453
247608
519429
343435
285213
235959
369198
64147
351131
333881
183355
255137
25379
235804
78429
336407
251712
226127
334768
344254
351132
106302
333883
239698
344255
286188
518240
227592
506701
351014
103128
285214
114974
243054
504589
336692
103061
273200
286190
285215
367789
72217
243055
219555
286192
178429
218455
270590
517741
351230
307694
137995
345744
169142
107680
359125
344258
55375
317607
506760
150812
235805
345572
211212
375126
235806
286196
334770
504697
95686
376304
366850
367667
317210
382464
352756
116257
54832
504236
368890
178431
59610
351134
178432
506787
81993
325662
255704
324843
124595
345456
219559
219612
219609
219587
78439
150565
180549
264474
255427
137403
12118
22774
345221
92423
301189
377750
377771
72726
12121
90181
201461
217023
12122
105784
12123
71657
44414
56447
336404
48822
67669
326760
140143
345814
86572
72303
197312
169125
77696
104753
196522
180817
336405
94402
90494
307648
91110
66816
351055
56127
196521
256304
270591
46277
48954
345713
343433
316553
299624
212021
170739
97030
317190
273204
97776
345720
240890
525768
90182
50106
48823
74480
96414
255142
98148
307670
77697
83829
49707
219564
169133
98117
180010
273209
83446
95323
219565
182524
86444
91631
86445
172172
273080
257119
55162
345180
219605
374551
241083
76308
51794
55980
209581
353710
75088
367788
69149
93628
82281
353718
62802
72669
78973
338295
70684
74381
526222
228340
219590
307681
353715
48361
326771
58001
46555
65050
252899
353720
307683
65744
219613
196174
48228
52193
65673
62462
77576
44277
526187
44759
182392
353714
118291
66292
307684
50713
151353
387689
182528
64841
178579
182529
299436
68321
194122
74716
307690
81360
43053
105107
175181
77614
52895
526329
68207
48747
333017
98527
182396
179879
345728
360270
74883
151354
324982
324656
353717
526347
343438
91077
514440
54831
79798
219596
99303
138723
182907
526427
526393
70808
76779
333886
50553
525638
219599
526368
86673
50075
335206
316055
299633
99787
73214
55698
112006
221282
276488
221349
228456
196172
12155
117522
272879
80440
138125
12159
97880
64591
76397
12162
12163
12164
377827
377760
62633
12165
41555
79111
69200
91269
46400
99395
377761
82946
94318
91813
70928
12172
101426
47681
92520
114173
12184
113467
30913
12186
138156
95905
149090
370216
370219
370215
228342
112341
254124
154643
226852
256971
504931
71459
168516
103968
190013
73745
168517
151251
54562
47192
167944
65667
154394
154397
366038
366039
366143
366202
366223
366240
366252
366263
366267
366293
366295
62243
366382
366421
366432
366439
366479
366526
366779
12226
115223
215384
52777
86453
177519
117529
119971
105131
43341
53650
119973
82443
119972
77446
297925
78636
86697
67601
90445
81954
113883
68936
196356
90926
114399
61951
207011
335167
12302
65975
54515
138793
196002
73256
59300
59740
12404
46730
12407
120465
41605
54153
270958
226853
270118
377823
220768
152375
154652
335637
352125
43921
358372
124814
206280
269612
74219
82409
66851
180619
70387
286503
352759
148123
175183
297293
219230
275324
252305
287829
124815
342460
367794
342444
342471
342446
331608
12420
357800
169213
230693
72803
71081
209638
126896
511813
162405
162411
108181
181781
338228
85008
86031
153664
154660
520444
226313
12479
211890
12486
80589
12538
120479
93157
113482
272061
285603
193571
12557
382856
286110
128953
374260
228635
135978
526310
371678
12559
307114
325217
331067
181707
277086
227588
65281
75763
96291
351723
42825
255072
269613
131255
127367
194464
241008
298051
272766
378691
125923
85609
280692
197323
290508
303222
349529
322501
378694
378692
227901
370467
317217
378696
297890
289036
272767
324993
254119
47239
324549
285604
317218
521885
152215
325879
378695
378693
279840
54730
60829
54731
61373
56675
75232
50280
514444
61968
514446
514447
514448
514449
514451
378689
152665
152666
516934
260261
198567
297746
179854
180347
290134
284213
254537
115227
136500
327890
31413
124363
12592
370734
330231
522501
259202
63940
70149
12621
12624
505239
55453
69147
521192
522955
505567
363926
505569
325017
62471
86218
108679
32999
193574
47685
12705
12706
72387
365342
30469
504627
504483
504581
156991
504193
521744
517501
368075
374744
368076
368077
351159
115230
153783
198574
76459
300118
248770
129581
162920
369388
369389
504392
504871
51655
65254
127495
137061
77354
221402
12736
297961
270751
184194
342472
364324
373252
373251
386581
364328
364329
86095
323082
274789
274788
273504
243651
83962
53534
66975
352761
378879
95904
272626
180977
168754
127975
271617
135620
302645
302644
302642
319455
339525
302336
302337
521628
115977
66128
133946
201130
68294
61049
184212
76550
365344
157540
53756
265983
79413
265905
324598
83648
189910
116710
103438
194802
265931
352923
116258
116711
102676
137060
45853
126537
135981
169699
345386
521511
137804
70595
239939
124194
124195
182483
109797
124493
103092
368876
61163
307597
81181
78121
522164
272938
265996
266000
138707
211841
132316
265998
344278
352924
297720
178583
180317
85237
126149
102609
265961
107669
44750
323548
374355
302648
47632
63893
282539
522161
184228
137059
180338
135983
359135
360603
294052
336541
337439
293364
108730
374717
359129
359130
382547
359138
359131
359132
359133
369801
48001
53119
297431
337440
306907
337438
306909
306911
306783
275011
265997
271355
337446
337447
315614
335207
333874
376802
325497
345271
325498
369387
335208
358734
315616
315617
337450
337454
242448
48786
118317
306942
184224
302917
135032
92561
181743
296131
196496
194514
110096
139777
50814
95494
191817
239766
111761
105627
202704
312816
279230
182572
64059
282072
263228
533583
224528
12789
224530
104392
136359
69760
12792
228860
378946
241259
135026
12796
88989
327060
198064
240243
238095
253050
60191
229219
178006
169773
135878
211766
211767
208003
207822
211768
213681
213683
213685
80983
49912
140496
224532
107226
97696
136024
67810
239768
178043
211526
204171
211922
271624
89633
53953
195409
198063
202691
202692
202693
12840
12872
307924
195428
67602
275613
92728
128171
271625
44249
336543
12882
61622
374967
374973
69398
331667
13027
73547
13033
374947
386376
382519
196605
353150
362266
361060
103696
142963
139791
134283
282520
62003
166961
142903
49223
105029
178713
103522
115234
13373
355000
343943
23177
98849
20664
22599
66375
52427
142051
180012
13422
245049
13433
13426
13432
245048
88101
13435
13436
13437
245060
13440
235972
351223
152139
112205
21323
86886
280300
13467
196348
361682
25900
75490
42341
526455
190904
25908
286115
99438
240127
131430
131276
92030
46445
235462
263577
54002
239601
100526
100538
91521
257115
65505
226736
51071
68007
99907
53825
290516
224635
104401
97436
50341
13558
224639
224643
331838
13572
285877
372993
308601
177957
517318
72665
99143
371998
517317
308602
50371
21883
25565
224645
88745
13627
382437
76178
246615
237358
526024
525666
525883
13701
13703
43043
62749
211894
131274
13725
342469
180014
13757
208812
90294
94874
94875
199491
28147
84276
89056
131269
73832
318041
13938
79865
85418
78703
137142
206638
273955
514475
514474
514476
517839
246628
67248
135069
136886
80191
232776
84941
14154
270270
57554
210097
89189
46537
68227
63980
272774
75121
43173
380405
380407
380409
14364
50188
14436
346610
353996
92170
74170
88793
88757
88780
14471
368081
224814
370001
88792
209744
126771
118337
88784
88806
118338
82565
140198
241741
87687
88773
206819
115167
118342
70672
90601
111116
15827
90679
227436
201062
201108
201126
201194
533792
45982
136975
74152
142387
101737
154972
361589
135071
333021
217100
299784
176766
165759
217101
56722
41732
273595
78837
530551
92650
220836
170065
70103
180017
15922
82667
70111
209145
46263
169034
330688
153027
263284
295595
225069
194037
530419
98002
77305
352484
93372
268811
225070
225071
126439
97335
225072
56724
97980
225073
154871
48937
249247
182650
98425
90851
249248
90626
80961
69651
127627
129649
171608
95394
93573
385159
83411
311466
365398
55837
146456
142562
278484
197881
187173
127514
328379
122279
284459
234433
126714
139208
128510
112566
311385
126885
122147
118572
150372
378512
175910
284463
142409
219921
127552
175914
171742
202444
279490
159337
129261
238533
175908
302147
130432
127532
128712
279489
131341
142271
128117
129763
341441
112567
128766
319486
319492
284465
200913
187169
302161
346445
353932
321933
129557
247519
319488
128792
505143
121823
128583
159335
302149
311187
129846
247520
247517
128158
126512
129988
129484
120975
238271
217498
175906
167449
302145
202440
353936
175916
139485
129996
150374
280524
129934
118488
358388
338882
167447
121472
128658
67663
249250
98835
233267
175779
99499
104557
95135
127784
511572
300821
215567
353118
128261
327444
243578
284371
284376
300820
293318
320297
320250
302115
157588
319508
353867
328817
339839
320301
139342
352939
157592
377691
512187
512230
512321
127792
124605
157594
142548
121466
92321
89947
384800
172269
79619
366247
47875
82433
119699
154872
67266
72639
60619
386830
522535
293584
86933
287790
183321
71408
121955
129777
139659
94521
91060
195679
50409
357983
94481
57990
49299
83116
387573
357263
119726
353131
183682
333000
522224
534623
357334
327397
128232
320254
522411
196032
239091
175977
175976
96075
256375
119687
119742
118246
127007
142553
129603
194347
249405
63719
98845
225103
59041
64589
74860
139441
121495
94131
85604
238538
92868
91720
169631
44915
93811
59817
95567
59142
99580
42489
256389
297775
96338
94857
300923
283538
386812
324007
125037
386860
256450
155958
243369
348267
155952
204233
155957
206694
537155
155954
240079
319993
237150
248832
42766
330917
129458
48062
320267
237509
129816
122122
249826
280898
117568
119712
119728
119695
119770
119715
343894
119780
126936
138948
360949
129542
124990
128078
118240
507851
121028
146763
139191
139187
139189
146756
149533
352948
89093
15958
99894
91822
78143
59938
85439
43271
98454
90580
69440
99591
157601
225116
95476
89704
98145
75492
97741
86329
368489
92984
195060
159565
64015
65189
145162
127388
133820
95758
51414
281904
74543
45398
202999
353483
99563
149532
96300
58233
72802
139421
139333
139725
150370
184653
253113
184654
155624
203370
243586
270434
275548
119894
248712
297780
287494
288071
281857
309879
279196
306076
322325
278474
297778
290524
280870
330692
328174
334279
118194
127865
318080
311425
311458
330732
353130
336307
386303
139206
118412
127908
122130
118203
129523
505155
118174
127500
196033
225131
98619
97204
214968
195681
196685
302112
172268
237152
164764
128353
90852
357286
112896
172488
118210
118500
515462
129192
139765
150397
139600
150387
142576
514505
142579
139647
215632
142558
142582
175956
175961
161047
128071
219846
222134
219206
128056
217499
244807
119689
290486
119734
529248
280370
302101
243147
275553
303194
322138
342370
126725
295759
303193
288633
311439
119738
121464
119693
125761
129661
97650
92667
129853
119754
302034
322329
320258
126510
302103
355213
129779
119749
117994
119730
126838
126878
142076
346451
376697
376884
348008
129595
142084
128285
537769
376699
131371
125044
128000
70899
73230
93106
153565
43018
263468
45905
122275
125614
293320
293301
311382
85838
352927
45787
15973
102960
290949
164465
233263
520030
100002
74607
302186
505182
85015
164753
204219
280375
139184
300998
160454
139527
142106
62559
281465
274890
69345
77705
139832
98587
154870
125676
177585
77605
95676
155936
72923
119725
73633
225153
214875
301284
139705
165892
198608
150368
200902
121905
125612
312248
175929
142109
312258
129472
187666
175928
118588
524830
226261
331372
127861
131322
288622
279486
322619
309884
127663
248876
201636
500667
312221
125033
126069
124732
125811
221359
145584
322620
365446
118243
355881
121454
226263
129663
128160
128705
171729
176177
500662
297434
39869
275803
275665
98084
322618
312252
221360
322617
142575
141022
126868
219198
164449
121904
127768
119746
519358
126984
81571
98244
67529
95816
133825
129785
72279
67067
386790
300822
254557
96723
87566
368083
345546
44190
98265
169024
129515
128837
124999
139758
142107
126506
126522
155618
128622
128129
118222
128678
78353
208688
119901
61588
72829
97942
273353
44632
96772
92419
78077
116986
318234
52528
80098
46606
256413
54266
139186
39942
116989
63226
225171
256416
352930
98266
73426
73427
98483
73782
97005
500933
500669
128255
127850
102909
74135
505175
218119
164796
162315
144499
276828
142187
129174
361024
128844
284797
145266
284778
119700
339437
128131
290389
285463
324013
339436
122247
127084
129872
346207
179630
128754
287512
142196
284791
145025
154621
145023
295227
129720
348276
122231
511821
71129
139447
55548
94618
352932
71286
522567
127502
98440
121894
121896
70367
46961
52981
99202
281813
96142
330754
76933
89471
99831
89714
249404
364062
321845
364063
311745
279264
145117
194250
220354
164805
145587
99518
80605
90084
91861
287495
286835
152994
187184
248903
242144
329193
47775
97607
61230
244848
121965
118502
139685
256440
300861
90734
95997
522349
51951
74624
81971
112220
99225
48788
99558
183787
94554
70715
64595
322625
209920
129883
145510
295139
122155
139768
118518
229358
192186
128251
144493
192207
240344
348304
171133
119722
139183
70716
139185
511828
129433
220790
295141
348312
176186
176187
131355
388221
526542
119876
315622
65559
249265
15991
85999
57203
219196
98201
174063
48578
208686
208687
293550
44849
360945
360938
521459
353481
337661
152772
73126
263282
92346
48017
79711
73499
73562
51623
56151
216556
64713
84235
79151
71878
58843
50843
81646
66355
139369
90915
64682
55858
93703
86569
96432
81160
144506
127059
71836
75878
50718
119748
89567
39337
121828
129264
145180
87796
345111
237157
119751
51139
144943
500673
66106
43210
327590
302113
301491
337449
284763
52959
53142
230300
201597
65450
183508
187496
330897
142569
330900
380090
505172
49875
139182
122243
60495
226511
209451
95454
93469
352942
52950
152778
80003
71907
42376
214967
248708
287951
287953
330915
301290
311696
280901
330792
348287
358010
380040
202567
275816
275818
236449
248714
142496
175964
139190
126921
122100
145112
129623
179631
194266
128008
129194
154577
122255
145114
129866
127526
171766
43409
254841
67366
45187
357336
84140
125500
172267
49987
285687
95617
529377
139737
330907
96983
64512
288285
244266
225244
99035
330910
82501
96113
91371
341439
296239
529378
352944
533404
183685
308719
320252
349176
374633
290433
329672
157578
160492
290438
280700
275259
243464
201634
279753
341365
386466
90077
219208
297693
99872
312187
182316
40362
345112
63660
39643
253107
218134
157698
90790
248877
281849
157889
380041
349185
237491
99313
98534
192705
311459
175915
157633
90431
93738
376723
148192
98083
191393
357262
295596
164765
92054
139205
124603
53667
90383
303200
146285
155937
330691
164797
164786
264724
157895
164806
177605
110244
293319
311720
511257
331688
27075
375191
521923
180555
164754
91485
49922
225080
160493
89623
139535
296184
91695
139553
57941
385160
511384
175911
157775
365422
339459
155727
133805
297435
96230
236448
45499
306048
322622
230301
96391
365447
302102
376060
351358
94317
253108
320253
323989
96430
120533
273082
385098
183788
175965
117232
219672
175957
96536
112230
316259
129228
92167
72712
219197
160455
134314
165907
530427
154923
192745
507865
349024
244267
258871
537873
388284
78976
121550
180866
91794
309258
91115
219199
329731
235499
139434
349114
360665
161059
120564
154924
248822
345533
312222
98027
222238
331702
270847
161048
94820
290457
192854
302104
238282
287513
204218
349018
121903
375193
175917
39544
184509
241780
250062
222240
148992
170472
334278
159336
281555
515461
39583
505141
514502
320257
275547
341366
330916
139204
357278
97281
125501
237651
214139
328815
295760
133822
301287
281375
105135
191396
139218
52799
92217
162316
320264
79991
290460
292196
91488
286800
113424
175930
98495
349128
378510
90788
90471
372792
348157
292860
316704
96248
133815
320268
146274
136151
94275
205318
244263
322695
248680
97698
88428
518705
199958
263830
192671
229684
171013
285936
319994
169633
297777
217733
332999
157896
349000
95766
92341
139523
145026
270433
95439
46159
388280
218144
339840
118589
175966
309499
90439
92094
220789
290465
341347
93966
93968
196684
170577
169635
349130
187667
90821
233268
203379
248711
92809
121954
94575
157899
175909
194013
231434
505176
152862
133816
296186
141021
141020
204231
157738
280369
373823
90277
201635
152861
349135
505151
256150
330729
330730
171269
328175
330731
202445
138526
191065
208690
360672
319487
139528
117544
150995
244264
136156
192831
74571
139529
385106
154927
184077
50424
365399
40420
293005
215633
137558
306770
270435
248713
263837
124496
219205
57909
70467
353935
154928
39815
259253
341367
93134
274615
98927
137559
134590
270436
507850
296183
137890
180868
96361
65006
281158
506765
93816
341533
522550
296185
102394
189880
297779
170440
293314
360762
293768
284655
96880
218139
95719
203368
346444
94826
322139
284462
183517
94394
101915
277912
145992
234434
175299
322330
60416
311386
284464
137560
312259
43785
233264
280900
284765
293321
286811
145024
350791
311426
192734
244820
85151
249825
35205
343893
130231
99275
287548
274617
129233
376281
302027
196206
295140
352058
175972
175559
238544
39919
195683
180554
376283
360676
92277
511287
271810
212110
296187
348009
500293
128391
134591
302144
139419
92232
76819
59584
365448
90225
139549
241422
97133
121601
353624
520098
90968
97140
169025
388281
46252
324001
96792
98846
519276
177914
296240
388282
240329
341440
158935
382921
104581
237968
280615
256154
187056
96533
253059
145994
258239
248707
330755
180870
226260
165893
295142
311430
320296
264723
194035
192826
66447
526543
115720
95070
92826
116292
346093
137561
322624
263882
505191
110750
382922
121602
47494
341442
505174
357326
150751
42591
533411
71461
352933
89300
322626
222184
511340
133824
97869
162280
111486
80293
94060
154873
98512
290390
94717
384815
209928
170447
90732
95522
301489
124632
67117
172913
150518
148999
522213
95566
48710
149000
312188
341591
290388
180871
330793
94867
323992
91145
293369
376724
58035
117234
95852
303192
286801
258241
48114
146275
341456
320110
330766
96174
115721
133821
306072
137821
302146
349164
298240
218133
175962
301286
94122
46805
217438
192676
280374
259252
511407
256163
236751
219207
96878
97952
351359
153287
218120
319509
99640
100085
240340
97363
89631
149530
320300
353931
97449
290434
98873
297781
216377
92685
202441
198009
265006
129721
98814
191404
319489
98526
366257
113108
113311
95343
202563
104142
76142
221421
352938
202234
96205
95182
201456
62235
323996
529373
121977
59134
217768
376116
184655
92843
45087
96314
336314
177613
139526
251897
217835
89127
94835
521120
170448
148189
168015
93839
349004
244889
258242
121899
357333
90719
164450
199959
238283
222037
380091
124615
215487
312253
204258
529091
306075
202170
150753
234051
192677
147246
330899
110995
187057
368414
62188
256171
284789
150528
97500
85397
250064
238270
201832
90549
297951
373827
312544
331581
118208
113110
154147
298241
200903
92782
281856
284793
202226
66625
302148
346450
72883
303204
320307
355882
202247
222239
284795
202184
139567
93472
120976
158932
153384
244888
146459
98707
138535
148197
296337
348085
307727
325501
216581
109546
148232
311383
315624
388277
373821
215607
56106
119895
77028
328378
302160
175907
45419
129935
61955
338883
74302
147237
175963
201596
73535
260260
147238
157864
383990
373985
373986
121029
113125
192725
237508
302114
127503
95390
79076
319493
42377
511308
116293
206336
293302
349175
93474
85435
97732
271813
95250
524599
524717
341530
255433
53926
320178
240343
202564
112934
93378
195685
139738
283963
256155
167448
92702
311001
89509
51415
96670
278105
210300
124497
80215
72541
310935
261740
316267
278107
533482
94009
70248
59039
303851
303861
22368
49723
16018
33919
40397
16023
237739
75890
16027
60060
153451
225280
225281
225282
225283
225284
97997
40460
94206
33946
99528
16059
97948
83543
124594
46608
64954
75166
89443
97010
16068
48115
303899
303865
77250
52065
303864
52548
231414
231416
231418
231424
231382
39342
303862
99136
33905
33912
33914
82265
225274
33927
225275
16024
329182
53026
48278
168742
168745
228636
136658
150942
345762
44620
50435
198003
225304
196232
200022
64458
171039
54547
228405
91025
55733
72054
181619
90432
369466
193602
78560
210733
48075
286274
317167
80512
87231
299985
317901
260649
81292
317969
86680
82393
357409
16122
43801
368084
369116
291026
368085
16137
282034
293128
522109
357375
522110
155162
24235
104345
337187
337188
370677
370675
256169
116991
96354
367805
335711
367804
334680
335708
47499
112261
225319
165650
334882
42620
194850
203939
81200
83772
138752
110536
225322
53669
45617
268913
328133
160966
16169
21448
219497
220446
101045
310409
41891
53712
264460
64772
317099
505544
377695
375195
531153
374048
383693
526422
383851
526318
286814
105196
526133
505556
317492
380568
383631
208839
345714
269968
82138
334647
375077
387495
363669
375078
325763
228409
357486
352040
383636
383689
114486
177387
247497
195746
351255
336321
308306
523523
124328
283648
226767
196692
380635
334125
351257
383744
326608
324278
117095
504122
217045
182557
531159
526309
526353
283407
522590
180803
536701
505549
324279
177386
306565
526350
374047
523501
526199
532085
374113
505561
517130
363670
370999
376669
522587
536713
86666
72795
500069
16308
85984
150379
16312
322804
78421
16321
108440
55079
113723
316399
25621
81865
16331
16334
125605
16335
374678
151753
182744
271663
368268
306973
369439
69518
51485
153602
152143
183851
181393
16336
269376
65598
191293
67821
379169
44254
16338
16339
194409
96630
60127
373795
176726
521560
16343
16345
113726
208848
63082
251551
281229
317389
228412
27513
16349
505557
534626
342451
101941
505590
520566
518707
382049
368266
206216
208829
118348
192286
382794
50690
119287
138251
317457
234636
236648
368728
505587
214505
137092
298209
176722
381641
121060
70200
114591
255847
517211
65765
522319
522320
522630
521227
363801
374685
521390
521830
522107
523515
238882
16356
55945
329131
523521
383400
68040
326511
153583
235991
51486
91576
519797
192336
89524
79856
92970
93173
194410
100934
116507
92734
145948
108093
204434
228416
75365
16359
82139
65911
168552
298385
386655
383953
387215
528940
386325
384015
384017
387218
384082
384083
384084
387216
386360
384198
384252
385727
386347
384258
384265
386349
384274
384277
384280
387217
528828
386352
386321
386322
386336
386646
69800
23948
65433
204447
16378
87225
307329
286309
91101
168520
135985
383687
383709
383708
522317
524870
522318
383706
383623
215215
345990
258396
317494
90092
359838
25619
215204
307325
92307
254657
368269
212237
118216
269106
208843
194441
228626
228411
528719
215212
301293
380142
254067
325160
22401
327471
308122
285619
343837
255247
217103
343839
382667
323959
370090
359273
370092
284305
351097
370073
370089
327990
72832
109356
16401
255110
130239
54770
16402
159730
80044
102853
201531
285621
65212
134919
256881
108190
255460
502540
307612
315917
86305
274662
536766
285622
343844
169036
242954
193748
263267
16405
317902
371004
503766
342118
342119
316202
182560
335050
16461
338073
16462
175918
333200
139269
139267
327542
59401
91066
69530
349385
376474
135774
16661
16759
77470
61745
30525
352997
323831
30519
316390
85248
76478
116031
287386
86919
237375
84297
58612
53250
48303
64704
279190
66400
502821
271981
154517
307936
76736
136162
225573
16886
52372
206246
41848
54101
16898
124053
325579
328958
16902
16903
82609
319247
334896
346033
285940
219501
274663
343778
173074
317535
243199
195023
356890
102953
86579
16975
22380
43328
176063
524692
16999
226000
64324
524587
518601
520199
168987
181496
203535
75253
119590
74670
50086
17189
17222
60197
28521
307940
328281
269627
66357
137063
92489
193383
517905
271691
220910
229817
361025
17357
17358
135782
297582
312877
330176
346959
348049
368964
369447
161274
19768
293714
125512
139339
285528
256877
17471
146867
99527
117477
138580
117394
117395
85824
104450
95970
103066
272887
17484
104449
299767
127315
131397
70106
56532
91739
162919
135278
194493
503805
105321
83558
63648
169514
101910
208094
60633
60634
85108
61333
182474
283262
154573
104755
120667
255224
111322
255226
99322
17640
302686
96684
52125
323883
70993
86836
202588
202589
68251
71031
50893
17653
225650
57507
274642
243058
183614
108702
263561
384755
384756
17707
83020
102084
94455
97647
225662
92189
45921
67559
526182
120576
197360
101496
84117
215152
193090
99102
26240
63571
255158
128408
167329
17802
206994
60265
257509
26241
174573
272829
360353
511534
511320
146772
17841
530210
132895
300934
300359
93403
345863
345876
340830
340608
340763
340652
363295
340776
340476
342580
342581
340477
340700
340701
339967
340054
339969
339970
339971
339997
339998
340002
340001
340010
340016
340019
340020
340024
340025
340026
340029
340031
340032
340040
340041
340044
340050
340051
340057
340064
340069
354035
340201
340486
340569
340703
340669
340675
340676
340671
71733
98492
192722
67054
25552
17885
180036
75444
238189
76981
521724
17887
110689
108577
174574
194306
92971
92219
17899
133122
312891
25098
271701
19621
176016
183637
18038
48698
68110
182690
18066
60322
143574
343695
525829
525329
317391
313907
309046
526005
343696
109125
254272
525669
130271
18076
526232
204893
161532
307944
88979
385215
118456
83105
81183
18109
72002
522886
118580
117038
292727
319429
305547
296499
152173
201485
142510
121667
72491
62835
219312
83140
87175
18354
116967
93633
48235
41779
180982
283313
283274
283314
283266
234079
117209
116261
115896
18458
179880
118464
84183
77176
280026
154350
225750
85985
238306
18648
46036
57013
71343
271600
364178
347536
375823
375824
18738
57039
18741
18784
281359
129752
197066
168900
280895
196743
227810
183336
238917
136366
239016
61473
87622
253335
226006
505445
46918
51252
270605
58687
285691
248607
241882
258820
49040
129753
104816
343849
517968
388409
505892
388518
523967
523961
506467
157529
505883
506523
521123
388352
384763
102353
506423
521626
388364
388339
521710
388325
97275
319848
62986
112711
18841
245478
78334
521652
521395
78335
117501
102525
286132
43978
526075
68859
78460
98116
70916
138641
74888
43880
368295
521102
521250
74889
93363
319853
319856
248883
353693
75850
120166
353694
194256
524528
177034
524715
18873
114022
316204
140089
228380
109381
111539
131419
91609
505614
215378
225813
83550
86038
328090
92688
153143
138826
301183
300335
241294
227056
327558
526376
195293
349312
332942
19185
158373
122393
341972
336230
121924
167978
175063
69276
134575
282664
19238
312552
92451
97792
8726
308472
375153
336394
336365
345746
369167
360690
207837
127475
315609
361016
503721
308453
360976
504404
46161
223826
341745
354043
363995
384238
388808
388811
388810
250073
344405
342436
517550
517551
160559
160560
5
256469
351035
256065
327127
253995
322071
254432
226833
179769
185019
185020
155
204864
26035
194593
197960
178415
182846
154628
26036
244320
206337
125433
185027
227616
348025
275597
106409
207785
46855
393
273961
522855
163355
165618
184049
185395
185398
185399
426
368941
281541
24962
92914
26342
103016
134794
188012
300336
98738
643
326545
511241
195689
252825
296294
176893
382444
921
194360
182592
186527
1024
186535
79700
517755
128871
323405
1274
1275
162400
54662
307448
1455
231538
94831
1641
77248
279942
50478
285909
189544
169727
86792
307165
95519
335429
135647
1767
112713
91573
272995
1779
133185
386931
350661
1824
27487
134458
294498
65865
2095
203843
321920
232590
27796
203855
316858
203865
129589
93750
525695
526121
508253
204192
513812
513840
72680
204402
204418
204416
522998
135495
20634
204548
324703
145494
190723
92527
352584
214426
195613
256703
387409
380471
342385
308608
337615
135418
305877
308086
306599
308609
336349
212320
254813
303455
95324
237255
2468
46007
109244
255157
138296
284104
256704
75987
46155
85668
166537
254136
138776
166644
326172
189307
107701
19873
3069
157436
115991
74342
285993
113477
323982
211089
258403
101640
228992
252058
205297
523411
523439
3401
3449
3468
288050
285323
331398
331397
29329
91657
33023
89259
212530
157809
3849
3850
82571
212817
3852
212830
157806
3853
212849
3856
29376
113563
162878
212885
75807
22292
139128
3708
22588
3877
3878
3879
94293
270940
125464
89381
276244
275540
193400
3875
98890
120412
193405
289323
332075
119918
343465
94170
44387
48965
59630
293098
71090
57586
203617
102289
97227
105683
77762
145689
80470
66727
52056
68367
330947
248410
162359
210206
210208
210249
64361
94399
236931
269008
280738
47448
269510
91740
138397
135830
91407
104989
133886
528751
121392
197718
215541
211174
205474
215565
240428
240380
257096
350183
341789
372954
369975
522272
521534
521594
522190
210211
210212
210213
113550
99347
236932
52294
95071
83370
138406
241014
131729
92323
155123
48706
210217
211456
333803
248297
138418
207217
94497
54487
253806
70996
166338
100044
210073
44905
70581
46101
98756
248329
209989
215631
521419
218964
372817
77000
48658
150613
65221
181519
192957
98193
209598
209995
138438
98375
126183
168991
95347
249316
192958
333184
350947
138428
296472
328376
242614
194982
248380
138444
304572
227091
108165
171372
118016
210230
95929
370198
370234
210238
69666
355144
99381
367141
98792
352599
248365
517193
218966
324271
94019
105246
98992
357464
101855
114538
243944
97686
211184
102634
331401
338032
108058
210241
210036
210250
194370
55296
369962
342962
357522
342964
362087
376903
350040
376905
517350
295301
295304
295305
295308
275447
275451
275452
207286
310351
295312
295061
82858
91084
92936
342655
238043
370678
215566
248252
248494
295300
238046
521333
295303
295306
295307
269513
295302
121393
350184
256917
342657
341788
269667
269521
215542
362086
349477
207266
310352
517088
357425
367515
383627
378224
295313
374147
374148
292739
522271
368510
240431
201327
193300
248495
197717
372958
3919
154935
153927
240292
136923
42006
96554
89329
108675
89488
96366
69311
68123
69759
198522
178385
96555
42004
42676
94951
112228
335541
100086
216423
98281
77359
213120
335540
213122
29410
354753
354754
42010
296339
92148
91536
180463
111711
213127
127404
3935
59157
213132
3937
155075
83258
121387
65760
150285
155730
93286
178200
296439
296436
121388
175815
175816
248491
70896
210772
91393
90018
236937
136043
93567
227333
149979
124306
248306
355610
355609
90287
95072
89123
96527
63420
116223
313749
29436
124243
80006
3953
117527
227088
248334
97183
3966
135833
213302
248228
229874
202711
3977
105249
94226
3982
145690
3984
165548
42039
29466
29469
251844
42014
152838
239036
368666
269683
3991
254440
152839
151325
162358
29474
165902
29475
223041
42015
3992
42016
131849
213322
210758
210762
210765
91989
72137
93782
58283
4080
153205
102458
217518
140335
153932
217519
195050
4249
138830
239735
30608
68653
159473
124532
158659
243042
223062
88940
214674
70101
90584
48172
79722
84706
191789
96286
114057
4709
353589
76926
523198
71078
212216
317547
243411
388710
86063
86312
136890
56390
5192
5205
151340
92783
80123
86021
198591
98480
5254
31020
149741
332085
332078
332080
31011
53733
19988
70960
280801
280802
5312
5650
89506
524531
31763
20773
236274
53522
234796
345017
223249
110781
337640
181968
31891
43075
65112
80157
175846
55351
129346
352712
135421
6279
64191
19837
6325
47716
6475
101692
128956
179874
211693
6549
6552
86987
73264
158645
57685
64815
32556
101879
202371
248152
117111
7024
7025
56700
267057
248484
267056
267058
112068
104833
32718
253130
208785
32720
60182
249092
248604
227602
241496
93184
32728
82903
109521
32730
173491
176833
176468
99051
140098
63218
94040
171754
84143
67698
95123
95286
7051
78613
45800
53764
114010
32751
32754
32756
171828
25116
136341
7098
202325
248153
501177
500738
59522
49181
360159
360160
332269
362624
41973
356457
356459
360699
358172
358171
505317
137829
360162
85913
298724
115101
94823
7278
75482
168530
79264
98528
91127
114693
91985
90700
96410
134682
113632
7527
75786
98220
47674
46314
43050
7494
92289
7496
223603
92591
253476
89853
333081
99803
112741
79960
104740
57272
116962
33412
244144
226723
74392
108524
96119
89298
226677
170244
92986
127106
131758
33482
57230
226652
49514
94818
7939
7942
228078
197527
8064
8171
324935
297231
326840
326970
48360
329811
165426
60372
55143
273219
304298
8418
269592
103053
25516
8492
68062
172828
74223
129694
233513
40520
87086
327524
361656
349746
361657
367229
103520
110227
112577
159243
115329
313758
381367
89515
196465
503034
525870
251159
83111
153040
251164
321461
75240
117590
60529
281918
238109
99938
251174
40671
54932
40675
92320
127155
524520
343545
524564
115331
238115
167623
251187
365955
43691
167626
137161
45619
381621
76242
198946
367763
270282
281940
306676
298794
343553
305136
66709
306685
284703
46888
42536
149009
66621
71413
180288
238127
238129
270286
332885
125914
104749
110209
167635
251311
242564
94097
237402
313779
222207
206927
270299
500135
286552
376175
70176
136889
270301
48119
169878
196473
252204
180293
525419
114985
222345
372235
222368
371093
130189
366342
321494
281981
72808
148455
127709
270312
180751
103205
94415
208889
175020
238160
524502
238162
118535
251031
237424
524440
376396
376056
504009
72101
155426
8824
168361
8832
8850
517471
277709
277608
117276
82162
345027
181773
526399
526403
270352
300426
308245
526255
501619
304323
41577
227477
323882
247040
526160
297519
537832
526170
516751
537780
526292
271443
381384
357505
387467
353410
360404
352810
372620
360405
357497
71910
42557
120022
315981
41702
8908
526439
168472
151436
277299
345473
40791
102356
114550
222351
294510
89125
276646
86970
229973
336721
365374
347169
305535
305537
336725
239053
306885
386908
348598
346803
347211
347212
348591
365146
365148
168220
311553
380929
378094
330117
330114
318324
379605
287621
329137
227381
306886
194092
347195
85274
40839
88261
334807
191037
212330
178461
68352
287435
294511
88264
276644
101842
279698
386897
242637
89045
114554
381412
71747
245180
365168
245179
307081
227705
61246
368712
124542
245185
324042
304322
294934
154248
277036
55717
345291
369908
344227
344228
334806
378092
358843
358844
305536
305538
363805
256101
202607
292087
292088
347196
128023
144708
164061
346804
372589
381431
328809
367765
367766
371903
367767
367768
347194
318328
318325
360535
179446
168147
86280
385194
238920
336742
212329
384380
374251
378095
378096
104400
77141
348599
348600
273977
285410
21740
311555
309987
40820
271468
256659
337433
376892
387746
279819
353378
346103
387760
387748
303357
177819
506735
506870
342213
353411
264573
376895
380600
286253
336744
375144
352815
346178
530020
387768
387769
311556
352108
345760
360540
345781
385205
376382
536480
388599
380601
388600
264574
254419
387747
241765
25075
308249
282699
83775
191892
308250
512186
194613
503910
316899
365379
168441
8994
279251
361089
345600
358851
9006
9008
323893
19594
61961
40895
101244
9028
94158
9334
79996
9414
65962
111566
58652
62007
175166
259061
86184
247935
282667
304578
240666
211616
283068
163879
112762
283211
283213
283215
207035
9766
514380
514378
514377
272498
57691
60779
9852
71071
171797
102621
41571
147488
91398
324015
43560
166764
77547
54571
90727
324113
97043
287694
238330
287695
49593
170506
229284
57431
324957
229842
211103
115421
51827
198589
124547
226505
134778
181211
263246
263247
201424
178584
178616
178617
227303
331027
227996
331028
41821
25184
202941
9965
95650
9973
75772
293766
19600
66391
10093
112208
10098
91622
321774
179546
10396
10399
10431
367370
10498
343959
23450
66529
10579
270586
42354
207689
10669
126141
198447
22442
171750
507310
507659
507179
168212
507417
507315
507533
507619
507555
507401
507091
10802
67949
203998
77020
307995
204523
138954
180799
336289
211929
224245
101974
45689
11049
128436
11054
79977
11055
212015
368041
113592
125569
98755
92744
113567
381662
79517
45819
182743
41212
72853
60480
11050
384890
384891
212625
169162
103678
239979
76118
253434
212866
210938
252419
128984
140140
119089
271509
11158
243745
95355
137057
55099
316296
104206
208922
209652
201480
344246
369612
41718
57609
85722
154639
129810
137631
76523
286770
118739
300643
306890
384448
111896
155534
115816
41719
112760
116628
227050
102874
49855
75716
112842
155556
86197
118608
118613
58655
129812
82271
500304
81708
139351
127670
305928
228963
228964
183330
59228
115148
84915
58540
176984
211516
104650
122268
122267
122266
122265
197570
11233
102983
11242
11438
11508
11602
46293
193768
148131
98263
93836
45053
351967
124734
91843
183162
114636
93957
46274
97341
150750
72989
97029
114814
92455
114815
97523
154867
247271
219636
91284
253027
64766
54380
11629
90996
91136
90536
91721
152140
92985
94916
100029
89309
99897
239323
114639
43253
77406
89253
98800
93818
97193
98143
165265
89177
176066
124754
74598
11623
197226
61682
11633
117757
194545
283889
122358
306321
160027
88303
22196
49845
12099
12191
154644
519630
383965
212878
43920
60617
285797
321642
507872
74798
388059
100515
349251
71744
72759
316225
118209
111524
321448
335052
131503
269329
43473
140046
62952
125211
525259
45558
154161
102279
83914
138862
111550
296132
12835
188938
47147
112266
63237
22209
96240
180544
91496
95243
114019
346031
526470
525550
525879
343776
525893
526136
12895
64180
129143
341020
198605
342577
13375
212146
13430
13429
113569
273962
13486
224629
42852
75474
320213
319900
14440
239772
336295
226856
224799
64402
96006
93590
277380
176312
88817
155126
72458
44471
113552
56250
87686
74332
168810
300357
69334
216770
208540
49497
87688
184507
317528
66261
142534
166412
317694
79293
269065
217868
71358
72030
56451
142535
227435
85902
52124
42898
85003
63551
367698
245685
282031
50488
106234
518778
112036
15880
109083
159711
303599
309194
84160
235479
73881
48407
218955
347388
15898
200996
201041
376214
255432
201061
254055
298848
296126
201076
201081
201100
201159
201253
306024
62870
51807
139637
59507
68064
54303
110505
76787
139636
74556
126025
522633
297045
131829
120024
15918
136360
214462
15919
15921
135077
56723
15927
15928
353374
225067
89851
93479
33902
352483
57282
50929
244020
102396
55986
523289
118251
529374
127733
129980
126862
200916
202442
118252
131360
371125
125654
290441
177342
129450
127679
139436
121327
125004
378587
126508
122455
127770
371121
515114
126103
122289
130439
234548
187170
118476
346443
125773
129924
125637
302151
515115
129976
119718
275079
121756
302143
201455
201450
362030
126956
514503
125644
247515
234431
128512
112563
201457
311378
131337
311423
371123
328384
238272
319490
284461
247518
128004
150394
55598
349188
256673
82257
300823
300819
353116
330763
319510
358715
371270
362289
278316
199425
249251
85765
69589
60651
70541
82432
92697
217877
94976
108289
94732
89785
56252
196031
93267
58672
66574
46241
385099
82679
75212
42707
91446
155924
240342
175969
138846
139462
119702
60737
85289
110298
45402
110980
237146
151395
70796
73773
90120
68775
89091
51993
99644
96059
360941
91789
62753
51835
237867
92539
195552
306071
370803
337619
353429
360982
237507
249831
118200
94464
61289
95552
225113
215382
322300
95477
62948
91161
95914
79654
70144
94922
91276
99182
191064
89885
77119
352952
214877
120652
281374
80379
96241
98630
96676
68496
98162
129657
80807
97228
78229
329266
92810
91637
55145
99777
95735
349187
129234
142408
124969
311440
119703
121802
76544
129824
27460
91421
139396
89404
82305
78576
225146
202533
240333
251107
328818
215387
119744
126524
55002
95681
128027
146737
93436
278106
296182
79777
76034
139454
320088
288167
256415
84328
118168
129610
348265
39866
127773
177347
119757
139555
376803
145549
39870
116822
176179
226265
119882
97397
81011
225156
83499
98610
128690
361235
243447
39917
127853
75829
58189
98310
57007
68611
90003
63485
39935
249261
85576
92083
121928
69545
81012
93870
256394
243542
175971
341338
129176
524685
129920
128151
204257
130350
125751
125767
339434
155442
318813
98160
84716
76932
296191
288294
94622
86395
281586
364061
339385
283535
121042
119710
70105
75268
66427
87358
297689
61907
57514
349160
95118
42295
94377
82943
129159
349549
167148
171129
192189
171134
131344
171138
126757
144979
275550
192211
171137
192190
95855
93225
45531
359942
301083
93631
64436
72211
86965
103797
99058
238547
92242
50557
87795
96681
352940
256455
77041
239092
237114
96934
71176
243970
97684
98704
75054
90378
174057
75327
102828
103047
225231
225233
313130
230506
121952
50746
94954
55349
69684
295374
99360
329180
39343
329002
98377
58586
386846
524817
77414
84688
297335
303201
349172
69876
51456
67981
40346
99855
93394
98627
94452
78111
151222
119783
90775
95968
237506
121755
48847
358928
48848
121801
75513
75514
139643
95788
91271
336303
146263
191394
191395
157821
177606
202532
515112
95436
319511
94454
152739
302142
328385
293386
132877
240069
70562
92996
200785
53867
93061
229925
121881
121887
93063
170430
214124
51992
311561
99095
58526
360666
318816
93065
146264
362029
523290
98521
524437
357274
346442
505177
145989
515113
295375
240071
97734
371269
323046
371122
529370
303910
53245
91389
93172
311002
386461
119711
274628
256162
121043
328998
45104
285686
378586
238269
234432
121976
93918
328814
129869
90507
81361
99285
99653
296029
348999
202443
318815
192738
130228
200912
99936
352931
196208
115717
360983
374598
55900
296708
244890
375194
271809
99565
153950
103370
358714
124608
320089
157615
110455
310527
108000
331696
362288
55293
170446
269194
32676
121638
201632
81377
95804
121953
94107
55425
212112
330764
385107
111140
258238
376725
311424
89616
114029
101834
240332
318814
90033
204256
349550
129611
97256
129658
94381
187668
145550
93454
187055
124613
77419
191405
313171
241781
78434
112902
254564
514504
280087
238268
248829
524597
296709
170450
339454
343463
386624
202214
175970
244891
385108
349171
148193
226264
91907
339458
81026
136422
98417
91247
69515
290440
122454
102235
129977
45225
59996
161052
201458
311441
319491
371124
237570
385271
220795
127734
248827
373987
371126
27083
118520
127774
113126
170454
91292
139537
170456
116828
40340
40341
116824
45514
84473
234549
270852
249830
201451
98693
153253
98737
58990
16007
33903
231592
16012
139673
49724
21225
96503
99139
303849
33924
58007
82365
48470
69361
83594
89115
166570
95757
303870
33936
96591
16033
329181
303875
139430
331979
131304
182730
120594
33949
58900
53166
303868
303872
246909
329185
25007
98150
332614
53272
160926
15985
57093
120970
82585
67609
16063
237889
16064
90537
81689
332016
49522
112883
329189
91045
89564
95638
237895
39329
303856
59976
66252
86964
225291
95339
126377
39333
39334
500387
126017
324339
39336
119869
95399
39339
291647
66478
54945
374002
39326
231377
231406
332027
231408
303871
331978
303873
70379
304188
522907
52753
16084
131301
39345
54006
500285
82351
39348
68963
57281
33901
160927
165906
115945
215121
225261
225262
225263
225267
98552
225268
225269
214979
214978
225271
215232
332616
33928
54734
53043
269915
47688
47689
48645
33957
205970
72046
89805
91938
110350
52635
46463
129071
301142
317169
121192
303778
127283
137914
291457
281779
238174
232408
312811
57627
292211
286122
302898
78493
78494
54907
43727
281795
61025
70869
156241
242468
62299
221861
312183
210960
131912
338706
239776
309203
315691
46279
16140
73762
96497
89325
77506
16160
16171
285269
285272
81136
16194
16282
192332
193607
344438
271666
74682
59903
16311
16327
500070
100910
336317
315805
180081
16346
165611
92074
94409
16353
524596
351094
343840
376076
323961
343842
308102
308929
307934
343841
336575
109876
336384
272778
343845
263270
84460
248890
243185
165177
305717
525271
525161
193769
62834
121618
280734
281028
16884
301981
16968
161233
17424
170722
171457
171458
74364
67874
44975
205745
217822
303284
322159
17801
335701
271697
124370
351847
302798
300933
296713
305286
98147
340055
339986
340013
340022
340027
340045
354033
340678
17886
95220
57315
54508
101775
283265
283280
216119
18459
18567
66358
18710
176932
159498
181957
207962
200066
50453
505877
388309
18876
82730
206738
324517
336909
31416
176882
48498
124371
93320
18973
309322
225823
63999
87366
109455
309323
374362
384858
87232
87233
161486
45724
163998
367681
163997
81557
78164
99297
309326
327557
524470
524508
273028
319808
320107
701
370466
186360
197177
136814
76443
51987
1080
279606
235563
156224
62079
26678
188329
92654
1452
188860
252054
176858
188936
27000
27165
189380
189382
204060
204100
229800
84816
204103
2345
269666
114052
204508
198599
525557
285301
91436
279422
229826
505038
222355
267957
28037
222764
160597
160601
160605
85196
76414
92952
215028
85314
162303
91231
62689
160608
160599
160600
72250
2450
94584
288047
316563
3007
322522
377850
85666
117949
153280
380896
107938
3256
3263
209918
99752
209938
210071
317980
317983
121215
193093
193097
3729
3873
192948
45163
104347
96784
42686
47562
166427
92742
115605
155023
158105
210201
275081
125875
83479
228293
175771
309500
58113
357472
47922
42310
135819
210865
92911
121355
240435
236388
343476
370153
121395
84931
330948
124773
66751
74764
118322
93629
42965
92677
72944
102460
73491
248294
105770
191880
52852
60374
138419
89684
269517
64885
325730
90019
63662
89251
248326
179951
258270
210051
64636
68575
210285
336174
86150
223011
121411
211341
165444
118020
66003
210828
55221
151322
95290
218967
109855
386133
214272
345663
273152
209761
378470
363821
314964
62064
248371
135364
62379
44484
227096
240897
285911
277428
98808
192961
210980
369960
357517
350041
287946
275537
287585
317729
295309
343466
317853
121398
283674
248385
248457
181515
135820
183757
368498
269668
281770
76469
280941
315658
382788
367512
238049
295310
121356
111659
349479
121412
166980
369153
100048
357492
272994
46821
236939
3922
101084
213128
3930
158122
298389
243587
51873
239582
52851
3940
197000
138410
76727
52296
315470
29433
171093
367702
29434
366810
315476
93961
162676
177380
223029
29444
209285
90318
91934
213183
213184
101094
115601
3968
3970
210968
22086
170243
3975
320528
56819
96425
335067
213316
3981
94609
211176
20154
139151
248411
174136
248413
89878
236942
81568
65762
68369
213160
176514
214210
30617
42714
4431
383818
334653
96790
290367
91339
251723
4695
86881
243108
5187
118678
73325
88997
5352
31170
31530
179107
179106
353620
6052
203383
70239
6296
6329
6471
143557
47112
220414
56095
89377
315404
194469
82419
76037
201744
135266
31411
196699
105021
356566
356567
227876
299328
236572
255445
87415
7513
49149
247298
234183
52680
247299
229865
124800
159027
92065
8068
57031
53745
49472
8233
8234
195667
99849
39245
204072
502129
108526
108424
202927
116786
526495
272380
332890
62333
179838
169884
270315
306716
286558
91715
117193
162460
101019
175630
181585
381385
127219
334805
91532
114574
71746
130976
181976
100400
381386
372357
372132
50906
154519
90816
98931
136425
511060
305539
319790
286080
177827
305540
358860
333080
86012
522650
510831
56719
49955
103384
182233
74325
109035
63904
117114
525457
124403
132684
85207
9890
191049
57117
53254
202436
224063
224065
178587
178611
178603
178613
178605
141959
142412
63829
270825
73338
272624
375375
293767
284866
73943
334827
314989
21324
10439
118808
324253
10565
286087
350960
153388
57749
301212
10657
10672
75812
526158
526297
507326
528701
507615
507272
507259
507237
507413
507531
507669
507628
46843
211142
319080
92325
74908
315253
168214
63736
243743
113476
129746
169012
49537
11436
515271
89513
26964
92079
43955
120495
103096
94252
219637
259103
81626
11723
315769
23213
184370
12399
168482
78601
261422
68996
182551
12701
330945
182177
193575
91535
74236
84757
13256
94563
279604
105518
114313
14215
160828
58876
73640
88816
14476
109972
97064
89235
300890
224841
56251
106017
61820
89357
102502
200995
61089
285761
15925
242043
239921
74133
328857
75860
165889
311384
77159
275727
96306
313134
91887
91663
66644
329162
49944
48849
121819
51261
353934
385272
118372
150754
130060
119705
129773
95631
75567
55292
95820
301289
346709
371272
99025
352490
44752
302183
49618
71407
92472
195680
279488
281852
349551
119880
333002
118163
155939
125813
46673
83300
98787
237144
151394
68057
78664
120969
60098
50058
52441
98177
98520
39546
56331
225104
105114
96511
39569
85290
89698
217732
142619
204249
119691
33930
349891
89946
96303
329387
48418
99113
99573
171761
214878
147176
126117
202393
256381
100077
43355
96545
78433
295271
121960
127662
142277
143615
171735
217501
288632
39782
320306
280367
57489
329063
355017
376696
126872
31382
97957
199208
82306
33950
97350
385169
93417
90783
280498
526454
281853
243589
128832
139398
219202
122403
127653
121468
511748
145436
125680
129653
329533
90137
57756
94161
119708
119720
153639
93951
93950
72828
42976
53593
256414
142565
126244
79166
99104
84642
98311
90342
98209
127740
276821
129521
86742
154624
126494
256419
51334
310374
97549
94921
59759
119002
93987
225189
82421
140946
227211
40092
295145
131346
118175
214494
62992
215227
47417
63579
58887
90701
142605
74956
91326
86672
89806
93486
84374
90049
312972
229291
64511
49640
89758
331358
61754
115713
93776
281851
39375
157638
121820
175605
80994
353033
353933
270845
79658
312974
331393
320090
222243
373820
379022
102369
525703
313058
94854
95090
301288
219673
331648
56237
150543
137888
99896
45432
109801
329372
371271
311377
119714
181217
270848
219203
295146
93649
70891
139504
202394
66156
95248
47426
241747
129368
333001
104154
108245
67851
170772
157749
204248
511334
143616
93610
282464
211673
218116
212113
313057
129655
42501
154931
27082
76291
53991
349552
202258
324284
130061
98864
346247
127779
170453
320305
284792
217500
98933
297692
355016
150035
153588
295712
329061
77050
175960
148200
85497
280366
192847
205480
114028
72871
93875
55836
383493
16013
131303
303897
87007
166566
303853
304215
16026
304217
16037
83430
303857
140978
263511
16044
39312
304211
303896
304224
99226
304343
97132
22258
304218
94872
92108
226763
226764
304344
304219
324354
304350
57614
304210
303846
303855
16070
225292
225293
304226
304345
73193
70355
304216
16082
39340
304209
104673
69752
304208
304321
112027
90051
90476
48428
33926
77484
15993
55648
39330
53788
121842
341906
44595
48444
52686
200324
126379
60609
135616
153693
59437
511265
131374
83398
115238
75680
307083
306022
291458
66875
71001
330682
16143
84198
323512
216501
321555
249852
152629
124621
159019
159018
112476
159014
227322
116992
102808
47501
226681
16157
203940
59508
238543
195078
361033
360407
359276
62982
100949
58365
41733
20116
522895
64467
131970
208144
24335
17456
51043
137236
282654
18098
18292
18785
324521
238738
99385
168066
18969
388776
98185
329951
96065
52267
226259
104167
93999
83849
18976
227652
19129
368921
19130
19131
524496
273383
26265
96689
222463
202841
221284
156491
183384
136813
186369
1094
188652
105790
188683
50493
42323
92569
111077
118071
116863
108966
61882
113906
85517
160530
118062
70344
116877
45443
84760
72862
108112
99916
111872
58402
27991
153118
74315
50191
222757
2361
76834
90612
49153
160509
45517
153072
92305
222761
28038
2442
94248
46482
62432
2449
28087
28094
85046
503505
291226
502957
524628
59631
89188
210218
281344
210260
121379
210261
275316
166978
210235
138415
210870
378468
210262
378473
210237
229011
248506
378472
210271
101289
350039
48122
121380
236559
210248
349476
275317
166423
3925
42306
78970
75827
3929
94696
194933
233813
98541
144236
223025
275318
142484
142483
223026
103810
194538
73268
178393
60289
210221
79001
97474
89987
97574
58045
83290
90776
195617
56328
213303
210343
322226
95043
3979
52523
67837
517389
171775
85541
210662
296296
73304
5210
100130
246285
387503
60412
352800
97434
6398
529334
253241
247140
137754
9443
329573
202559
128629
108090
208182
321786
321788
198446
198445
526104
54329
54212
98635
95670
311420
328380
42718
67249
97284
57799
237142
72315
63413
53123
125765
66412
256402
203431
175958
39798
128761
195831
42437
127079
182651
54334
63929
302155
72195
256424
70028
320038
68016
79762
82500
317845
155724
99392
97998
320040
316263
97683
318811
328381
175959
311003
329165
40466
16051
16053
21234
20302
75454
131924
70674
50568
94042
237975
372446
372445
87706
76245
220551
121841
297896
79371
372444
16133
99054
16146
98947
57012
373802
16304
202362
17427
114079
300972
17458
63714
75408
255321
138514
17979
18618
324518
329749
52351
344130
190971
120550
188906
59389
153934
311449
81324
320084
127797
210270
111737
223030
90381
362089
500492
32839
9848
243481
12568
120838
239328
127281
75308
296336
254057
179398
121054
44494
239774
192830
59044
230253
45647
120837
18051
191283
357126
184101
178240
197951
246022
56432
154998
84488
332058
409
222462
76425
89646
95206
20686
158052
12053
336045
11
12
184842
18
19
21
20
133245
24
93673
130416
96451
27
29
295433
184845
25970
329412
21584
184847
135893
33
34
35
135897
37
184850
38
192629
135900
43
44
108732
272893
180100
45
48
49
184856
89735
184857
73753
53
327545
50206
60282
42392
54
55
184865
184869
59
96162
60
79631
61
328806
49756
59496
375361
238660
177970
350048
272896
92953
326201
375362
238661
136387
327546
101263
63
66
68
96544
69
74
184875
77611
184877
99742
184879
272653
241646
379588
90724
153883
269083
185047
130359
116421
374992
515157
99757
171
172
95741
93814
197667
77212
178
180
185057
183
99727
93022
327429
100035
125660
188
192
90308
197
98827
269908
26050
185079
63737
198120
185080
26054
185084
312408
185089
209
210
213
214
126382
26057
185103
185104
224
185108
185109
254245
98062
366890
158285
181349
81863
93695
45363
191899
57510
94932
48739
170385
366989
219
124217
181366
170485
306731
93291
73496
60978
321632
515160
160503
42760
233
167915
232427
23217
154502
87546
185110
244
55175
335493
87420
185117
246
192856
72422
251
89715
87341
254
64076
99961
94700
97093
197690
89005
124258
86268
98869
260
173048
117421
83939
90164
249819
81263
94728
328811
54579
119802
89699
175032
90538
232445
274
276
180671
198119
227692
209826
160563
239412
97324
278318
119848
97418
222273
222274
253674
119803
64775
92729
185127
26179
277
167916
170617
72203
192858
26180
68648
60612
185128
281
66162
130358
90714
116215
185133
67192
167917
195003
185136
95568
289
194728
178549
85460
185139
291
293
85154
48947
45383
197645
131447
66660
312420
26324
578
579
99222
26340
580
124282
585
91606
80276
129635
77295
73183
82900
102995
130554
247931
95991
181167
26338
185789
91551
92615
185790
185791
88590
206719
590
282575
99221
118753
96712
91652
95710
26335
138602
90136
588
733
734
64275
65015
751
379017
894
530546
530596
186322
26513
312426
24232
897
99028
80567
312428
379185
901
373694
99331
232646
26518
201936
26520
133163
908
26525
186349
91790
965
22801
186498
247058
186503
186505
1073
186704
23797
188232
188852
85829
99232
92355
82737
308236
1456
188904
66328
1469
20471
188909
188919
188920
188921
1472
188924
188926
26852
273549
276388
276369
1474
188930
1476
1477
383406
187734
156157
243120
1687
156847
1929
1934
1935
523356
312434
203081
1993
25200
328103
203743
203744
203746
203747
203751
155168
331771
90581
205671
98997
387087
387349
191983
365909
102758
27873
500196
27874
500195
180672
282529
203973
96281
108836
313625
328436
328433
124420
110595
88401
291159
121575
252628
276480
98645
25806
203962
203976
312122
203978
203979
203983
203984
48794
222739
2240
101745
153030
203986
387042
387044
2241
2242
82669
239413
82829
330985
328086
236176
170726
167919
172786
27889
232649
203015
2245
203989
203991
2247
332079
2248
203992
387068
387075
2251
27898
25805
203994
203995
217927
117491
2258
317630
232777
322039
324902
387188
92252
127382
197971
204000
204001
2260
51269
93820
134149
322108
21419
2261
171216
177978
374785
250272
232666
387048
387049
387053
94258
96844
135400
91605
97920
92577
92990
297791
174960
203967
233015
143091
162028
162029
27907
2269
134178
204006
2276
107126
204007
204008
204010
100356
374786
121913
128260
209813
214752
170867
222750
387109
387114
387115
387120
387363
387118
387122
387129
387131
387132
386979
386980
386981
386983
110896
386986
137094
386989
386990
387356
337921
331664
330980
243172
308241
327986
387357
168313
94928
111776
99682
113111
27924
243334
238504
242610
94666
342211
222752
167920
203972
255438
308695
204011
308242
83686
282528
222753
204012
204014
27897
161288
171459
334686
204686
114325
19713
84953
2381
60348
204809
204817
204813
2425
2763
90793
242730
154506
196538
215091
91172
170235
129865
155907
80374
335091
523189
96627
56006
523162
3141
207708
21840
207804
207806
82937
3149
28836
207815
21418
207825
207893
207897
75193
207901
28858
3191
208363
208364
3201
93435
57894
88036
381874
208436
208437
208442
208444
3203
21380
43621
208446
98518
3288
133002
133005
133006
329621
222940
3295
93375
84567
181573
3298
167956
100314
211077
156296
96107
94144
99703
115814
3292
96662
208951
3351
208956
329640
329642
3387
3389
305869
305866
305871
305867
136846
209332
305599
3415
187904
179785
140394
187903
187905
94012
178306
97899
3416
150341
151107
28979
245164
360238
245162
335786
506544
251128
268915
195814
506839
506795
335783
309064
309065
3417
150342
336152
109212
24283
28983
81956
198651
58391
209556
209575
227239
157556
28987
3433
255925
227465
3571
64632
69279
92923
500203
500202
329644
29092
59712
329645
98378
77528
254326
92331
91895
91732
94601
94044
94045
96372
29115
83068
43652
90452
116308
90250
52803
66124
150986
93306
91563
95050
93292
95007
99620
94470
110100
94544
99380
101852
91638
93460
91143
100019
329671
93565
165958
90087
334215
50581
3614
72221
84060
325482
79190
94843
98740
90973
98224
329681
76450
93755
99245
375368
97558
136391
126625
91501
329687
329688
97370
91179
81370
3639
97582
99057
227072
90008
59286
44078
83364
83363
210096
3695
517691
3731
195004
59390
211487
112190
171749
212944
226530
84577
84768
3898
29393
3899
196458
187584
213464
213465
213466
213473
213477
213480
78700
213488
228834
4361
79167
196443
94390
191099
103072
371901
214608
30629
61691
113383
21060
95509
179792
43654
72222
89706
56107
31316
4391
30641
241759
222295
347380
75613
529873
150347
239420
86660
53094
140395
4396
201715
195871
349262
243311
238265
167955
374788
4517
85342
324302
214722
180756
30798
323400
30802
30804
305586
4769
90132
192860
80216
121852
116107
93812
57661
49409
85068
334564
4770
70857
113247
516663
516670
45245
323478
138587
30827
30828
138588
30830
90715
30825
195872
168233
89242
194356
134311
30835
30841
4782
241416
61356
30816
516625
516628
516627
516632
516634
516637
516636
516639
516641
516642
516640
516643
516644
516647
5000
5015
92100
284972
52344
58692
82657
134559
287964
87694
94935
90995
59187
43219
89043
115524
5022
115813
5032
91984
75370
22775
30936
85769
74526
55428
124756
320879
5062
244831
124323
247015
5071
30940
90963
111922
95940
97666
329710
5079
45903
58173
50461
136396
46311
5115
5116
525322
154592
24531
5117
271200
22191
59482
271203
194106
5127
192421
158306
161194
77387
51297
273982
5364
334936
380535
293544
206721
96467
31317
5794
5796
5797
5906
324027
5919
5920
324086
20885
6092
31928
6122
182055
31925
180514
6127
62394
331599
128311
140187
161594
223340
115565
81713
6347
6350
6387
32035
94345
131224
32039
6394
328168
239353
32041
6735
22404
327518
158662
158666
158667
158664
158663
248846
134394
6877
158708
19678
373709
158712
19680
22818
158713
134395
54425
158696
156637
125713
77748
6880
115419
6882
181736
167933
6887
54787
6900
181744
98006
71440
32649
32652
61945
6910
6911
195492
6926
200667
6928
223428
200669
292102
6929
6930
6938
102923
46130
136663
241546
6932
89495
94846
99157
94255
74604
32658
197756
91467
198383
89331
6964
324783
32772
254286
324884
378550
7122
324889
7123
156677
32822
254226
516740
7127
7128
325020
64778
102176
98653
98654
95987
93753
32825
32829
25831
91418
329072
99417
32833
192862
94421
99254
90896
94363
98911
162310
112542
60571
54622
162663
156415
32855
304261
32860
158820
7233
329742
32955
272631
7297
77330
26862
7300
32945
32934
234872
7308
102959
251131
92471
93971
96779
7311
7316
91099
7319
256934
253984
25143
325236
32951
101076
275924
255810
218776
7990
92071
270484
270485
285917
321387
358835
96255
226112
195007
316996
63231
63232
78045
298736
54608
47124
137486
33602
321653
80918
80437
98663
179570
8114
250604
66126
293490
293469
293473
146141
293483
73019
8223
85197
63777
8222
250599
250602
250598
130387
108843
106374
516910
8765
90871
297076
88988
114569
323874
8775
239292
331356
8844
8845
41013
90616
9087
223960
91514
323903
54374
323904
94288
68612
9095
365892
220562
41061
41064
92635
93164
94263
107159
41073
9104
89722
160776
96595
95739
99695
94307
75934
89342
63339
79739
159349
373011
160777
323624
323909
175631
191694
343327
135410
218895
21251
41117
22169
141100
97711
94473
96268
194034
95564
99486
92652
72918
93440
41119
80681
80682
383426
9500
110889
57479
521656
85325
85326
59459
9504
241103
179236
238921
250358
9532
95911
93419
69145
9537
91774
93445
52767
92920
198426
329789
97581
95006
329832
134565
224014
144278
329831
98531
9619
57480
53771
329792
9636
253439
97506
139993
9643
74918
224016
124324
131762
329867
120485
119074
9586
55518
103060
536060
52691
120484
9743
49265
336165
9772
177985
95532
113337
501414
317658
522698
105654
44171
309843
64883
526078
100448
66102
337345
334813
375138
69924
526282
140547
140693
9876
99463
537076
530198
74790
27587
66117
10103
19593
89477
89478
25852
21737
93167
134953
241207
146049
180669
145959
47772
152082
109631
10338
48707
100293
80337
200049
349236
228181
10350
301973
10385
522909
23783
247062
22206
19921
44874
228849
52470
10624
74323
46577
326287
85550
41407
144201
517540
518340
43334
521599
110596
140730
292103
106308
144200
234966
222314
181916
217861
155056
217852
110432
241031
241032
140627
140478
241774
88858
189766
194357
113404
112062
195073
129559
302877
63114
120493
92931
88862
156225
110406
131226
170791
172955
46896
46897
521746
385719
75128
287492
287491
529338
10687
284813
140605
10689
10685
69226
150385
309286
216831
82978
141110
107272
139127
91481
140733
511878
98283
309285
150501
154048
150504
355964
95963
249640
284507
345474
23437
211248
374506
155846
284542
306185
22141
138582
324313
10699
80812
196437
64268
119324
284032
60854
224193
10701
137773
140625
379019
137323
272203
324338
383561
23120
298945
131840
308254
178464
60019
140650
10714
158326
155951
129561
65141
58212
88901
141103
239625
139140
190857
153789
140781
10722
79464
331030
191994
331029
299744
268726
164617
85968
54062
93884
324335
75776
133388
10706
119227
82053
47348
55643
319839
139139
58159
140655
83946
78533
39792
190854
67825
72570
517511
331487
10762
98350
178939
45272
117432
71740
304293
10765
91559
10768
202338
524648
113257
180764
379048
60558
212571
207712
10778
80151
42329
25759
60855
217919
10771
49938
180853
80907
159736
308664
522908
10960
90895
56078
64367
11088
11093
42372
182094
376195
299510
263256
341676
284570
284566
379018
246247
177855
227887
177854
296046
22143
323817
292865
329308
11216
83475
78885
132977
329320
183314
49779
85536
21747
193004
72578
227998
171242
75705
83476
11217
78886
49960
45439
48637
11313
11315
239678
354256
375402
106196
297530
11565
25176
78084
353032
329519
174080
174079
25895
349483
258465
11640
276335
251092
343131
269378
46235
307735
174075
307736
240356
67363
110147
88367
511746
249401
276334
329518
174083
273615
171243
11735
125365
335185
12012
12060
141267
12082
141384
375415
269856
77014
44704
12341
334242
124274
227964
361051
194984
307364
75875
351809
271610
54136
359338
329545
163271
176017
235063
107687
369601
21410
375426
21378
24488
12667
168087
72567
12767
12768
12771
12802
12803
83343
82748
253825
21013
20535
99155
12852
140783
12899
97950
44449
84262
44450
126627
117433
83770
94308
368132
98841
160385
91486
115358
53864
180117
318221
386206
101830
116943
140792
54418
329987
12928
12931
12936
88250
12941
367147
385655
181542
83270
69028
12947
79000
12954
330006
56015
95700
140949
330000
12966
99400
252947
90723
226136
12969
92725
211216
82185
75326
12974
291206
195010
79265
224541
238710
375437
138342
87502
110211
298435
91537
98036
59991
141134
92653
12980
330033
12984
168042
70814
52609
12985
196028
12990
80060
13050
13056
13057
13066
284474
55341
13067
13068
77655
13075
168043
331832
13085
24678
13087
368381
133030
84341
331783
13090
56049
13092
194382
224556
208026
330171
251948
299512
198454
331807
293740
331802
208694
98407
69227
48246
71377
89481
94086
165975
72728
182553
224558
270508
93034
47267
13106
13107
45470
226142
331813
500224
45127
75246
46921
44091
215365
46920
13113
77345
67902
346632
346098
360921
208027
142740
69464
13115
13118
13123
331846
58231
13128
85554
142776
13130
13132
13138
87248
80992
43092
275013
13141
91667
84553
85516
103378
66741
82350
68010
330671
83464
99295
133032
143237
13148
115367
254540
45916
13152
13169
62073
218472
329932
331884
331885
13226
13228
84135
42513
53405
96764
13225
173479
19629
13244
165465
165988
354425
165484
165490
508056
13348
72418
88343
22225
13364
13395
331875
331873
331865
88677
13503
67867
88346
307988
13510
331869
13512
131261
58361
101023
42248
65086
156655
160637
88347
13520
13527
108956
70023
323268
88345
113336
68970
96277
25828
88344
331877
180674
98451
13508
331874
192875
54600
21842
56931
142858
25812
150377
331862
95518
205677
251950
111205
130221
98361
155185
227379
155186
97537
322911
90553
99553
255968
60881
361597
171108
319256
172409
319255
248870
312531
236181
133175
44470
138501
82563
52927
138498
128314
59936
102973
105250
209814
194749
224714
44103
334121
248869
13950
87559
525656
331809
96348
219117
324405
53590
517180
291217
219666
89636
61117
99810
150140
94416
256109
13958
151375
323242
385267
74004
319257
95022
179816
309117
271646
534937
71927
331803
13977
534519
14003
89675
99044
323085
305598
14012
89562
55063
536605
535987
66542
325251
97220
305593
14021
330944
151368
14022
155191
128316
14023
14025
153896
327372
155192
153897
51643
151364
14027
25731
273956
49495
14028
151367
77775
331744
331737
331731
331734
323024
89351
14041
97063
48560
305597
75794
44127
124644
83999
94025
192879
253106
99735
331746
52928
57292
271649
57293
14055
331745
14069
331868
331867
206324
14113
92834
322893
14123
14124
202499
45549
25256
269507
524103
524136
245581
352641
305584
282102
282101
282103
14226
89839
96418
14227
237537
378081
182211
305583
14231
14232
69543
91185
256591
357448
92364
291762
64645
14240
324384
322747
322748
114954
14243
118402
80799
121096
121095
181171
14244
14245
25755
14246
124414
105396
329194
14250
124415
121126
134696
134697
286415
242276
134391
28926
324382
326262
109152
43109
14256
379147
375447
14257
254304
14264
83321
118404
76025
254308
14275
41869
25869
46209
322743
21515
103618
153807
51913
28189
121094
14286
14288
14290
91838
14294
54821
291765
60209
174916
49314
291766
14305
97110
140480
14306
337645
139605
14307
23744
21259
235984
14309
282722
14310
375463
254421
140352
378194
378197
378198
378201
41027
14260
134960
14262
75037
174920
71207
113503
49462
80096
113532
86010
121106
92590
306894
276849
254232
273159
44576
81966
380538
14466
14886
80979
62088
130593
14906
322345
329363
15247
15371
100801
15573
15711
331830
15831
21746
328093
328850
328851
15837
15914
42278
329743
324250
89135
323325
152425
44624
58736
97712
128317
25117
297507
220873
16221
64024
300926
370650
68890
244564
329150
53942
53943
78773
225328
50139
47245
93158
225329
121056
85868
121055
84906
206373
297501
66012
72246
73906
303840
82656
194488
211794
45355
68026
89961
16256
92968
51693
16295
253370
221216
65886
322784
215645
329151
16249
324235
239902
137115
121196
62283
226272
324193
324192
58302
44746
245865
329129
245866
196884
256946
161170
16830
165986
335099
370754
285444
17257
211227
91144
165422
63744
23554
185344
17505
17508
235384
88671
112216
58043
155196
63856
323404
500065
239143
77449
225616
95813
104150
323406
286342
153901
80424
95171
17529
17531
332162
201421
238580
17533
82558
17534
72576
90459
50205
251123
192885
17539
68847
97366
236059
192888
374053
332246
43982
209816
97177
318338
101725
332164
202540
332254
44755
282104
171405
171404
107087
17544
205663
269825
17548
67651
244224
281809
273106
342917
284804
282646
17549
332165
102372
24216
100962
17552
285335
17553
326299
360363
107222
24220
170493
117486
114646
17560
47335
24221
132897
332061
125209
98770
17566
249684
23351
20715
17570
17571
136681
249685
17573
113711
20717
53961
238564
238568
238556
322298
17582
328896
83382
171487
23377
20308
238569
17595
25064
56089
385590
95322
329080
17606
354869
354868
43516
20333
17609
369939
88670
17610
387163
17612
54063
72281
515468
525141
515481
124549
258566
82984
258567
323856
17726
323855
100221
55652
51662
141262
383452
103952
133873
328901
91737
280782
17794
87137
17795
115586
17798
113783
181920
231724
75792
526191
75039
54141
17850
52430
177966
376729
17970
17969
24097
120549
17999
166033
194153
363375
283842
18001
379177
78410
97090
511104
56556
84176
331750
90853
18007
57475
57476
331753
95998
105994
521407
56503
352019
89667
84979
99126
98202
92969
331752
521469
345611
18025
93746
340960
161287
501694
18042
170161
334514
374005
19630
136269
138594
331904
63457
77166
331765
18131
78230
64199
220797
59180
225708
78520
60960
90085
96463
18157
96265
227054
103379
84774
298507
25788
89917
18170
69411
57316
115837
99151
322173
18223
323175
187671
102387
75377
305943
332368
78021
115836
18224
349993
18225
374006
51734
52502
251955
327963
131975
245757
326305
332184
83664
296670
18230
96290
290692
500201
22341
290135
66942
18234
115838
18235
179562
25855
308267
18236
245639
323212
18239
332183
95031
46186
89065
139904
18245
82635
208794
18238
331116
92313
93218
96599
94300
332177
524298
22638
373844
330002
18291
120575
326903
182559
227929
111432
121849
305874
137722
18327
18443
171360
331911
18463
95190
18473
20927
382682
332197
332190
500167
156665
323224
323230
18586
96715
51798
164598
192898
343760
323240
94715
217903
21508
329033
18596
323247
18605
351646
383454
268898
349989
19070
301019
196548
68706
298950
132160
182647
522674
75341
323306
535606
329931
19206
297901
350629
299756
53967
283712
90186
253670
265880
318335
318336
318416
1
138970
25328
137191
192962
219615
219616
75982
4
139826
329112
138980
302861
378494
116005
336408
318415
176688
370045
92408
189357
176687
189358
342440
112841
363867
307583
338009
110230
337027
150776
297695
314382
521097
521754
521476
521806
64337
523869
96120
25995
25997
385566
334632
99764
299321
124617
146054
303970
97476
345618
102489
145999
102877
99375
146391
276402
50694
299322
89612
523644
94010
26006
345624
254431
334643
231032
319953
303973
71373
184899
323397
334637
162024
202288
87
63392
95797
90286
25976
93283
182254
91091
95673
90
77808
184934
84362
104
180579
248654
119599
180991
90150
184962
26012
184970
184971
120518
184974
325323
67987
184988
137
138
184994
26032
119073
334237
503303
502766
26038
281568
204370
197651
334697
152398
185071
193
76175
270868
26059
329287
134609
74539
269427
114144
366869
74161
50818
116246
227
80236
156632
46878
52826
86481
196210
74748
47997
517721
83670
517660
241717
80644
299455
209978
327445
222421
64080
197669
517666
170384
180663
517705
501522
307444
196217
124214
315795
343765
520954
210409
117420
181350
124213
209977
196224
55198
95977
209955
210410
307445
51096
194876
181353
86628
75656
74992
91580
517415
300947
357370
64981
84386
194990
56762
222262
307990
366972
335442
366973
99319
517420
517276
382866
517387
47342
56763
269152
517425
114941
48740
366994
81067
517434
517989
517436
81792
66647
77146
99414
84880
181365
367029
85888
197521
238669
517531
206486
89272
149374
109523
73331
197679
69083
131412
206657
238503
367051
102087
53727
114943
68446
135016
104659
324499
57864
89375
343377
194999
521450
521091
348412
194979
46266
529596
180664
367085
153800
518112
43578
298491
67818
196755
195001
236946
269447
517745
520694
26148
74232
517715
517423
375062
231040
210447
76857
76759
502756
185050
301674
301675
144454
517665
26628
84481
70362
359
120861
89046
171672
83905
84989
185360
232463
66609
269475
139845
113688
136523
77998
99755
305531
139844
305530
413
345658
190776
306028
416
306026
306027
98708
143604
195629
445
226515
79231
148134
446
207492
98347
82294
185506
477
59419
26303
487
106038
522170
314082
314083
304567
521353
521912
522172
522173
521808
521271
520983
372634
376522
518742
385399
520862
367850
296292
498
83034
115631
379210
185690
185699
185691
500
501
117880
363550
168381
502
87203
185698
157560
359538
54654
189966
168382
508
114287
521606
185709
511
376425
517073
520413
375209
185771
400084
546
26315
185787
593
136010
149095
388019
283807
372381
372370
179326
139918
63945
194892
269556
19714
334797
84677
60161
694
698
218823
218754
218822
258727
318725
304057
176630
155071
185980
26443
126923
747
118759
118760
124396
118762
748
372805
103526
359540
909
297874
524624
182464
388779
190972
516721
318295
316781
186358
96161
47871
249001
186414
923
924
186415
51706
932
934
79616
186420
954
186422
186423
170647
957
58482
186424
186425
135837
970
971
975
976
980
981
156167
186431
973
501411
131619
321685
73635
284648
990
267966
68521
63092
175531
58960
88155
26593
186640
154903
186659
1063
186677
186682
128258
186680
186688
111325
1070
186692
1071
186714
236024
188057
69365
156203
44699
192967
133125
66351
188073
329664
329663
188072
114758
188075
80553
62872
222505
188076
74858
188079
188080
188082
52913
188086
89323
188087
26134
523366
218282
330929
156214
234064
188234
115552
308605
97744
105667
99711
188242
1185
1186
1192
188324
188352
1284
1293
1317
382955
165272
188524
27624
400218
26745
1358
188644
353713
1361
26768
113924
244635
1386
25289
188768
188769
1395
283643
81387
61123
117923
115050
77999
318222
1448
1449
192458
88374
188864
188871
27280
526099
94003
83125
525411
23940
1492
363913
30319
156323
189072
27046
164160
1545
1548
1556
52944
1559
389089
189089
108361
19867
189090
1581
27050
1577
1580
20706
1583
1586
84281
27108
180497
27097
189119
189120
93843
503972
27055
222566
189121
28161
189124
143025
189128
513777
504417
99839
28160
513778
189132
189133
1597
98199
222569
103842
112690
328663
175135
96568
50992
1600
314700
24286
104652
272192
194733
98354
189162
189165
115404
27114
196494
145010
66652
1610
189168
189169
281658
43102
204387
196488
182664
93705
189173
1612
166600
92327
1623
1624
45986
1628
43299
127453
90659
189232
75996
90705
189344
1667
189345
1668
189346
27153
189350
94191
1670
61752
27158
82171
46857
27162
1671
70390
189361
27167
331981
86972
27169
189363
97602
22727
27173
86973
26073
1675
189377
189379
278281
269531
239707
1700
71077
27189
75385
41246
52127
189463
27192
189476
189479
189480
189486
189492
189515
189516
189517
189553
189581
189585
189586
189589
168453
190726
241598
1721
370498
370499
304006
372872
378563
1723
245528
189676
189606
87597
189709
189713
1728
380722
291477
25910
27207
113933
148137
27210
25929
25915
105619
100918
1731
189759
189610
289026
245527
138204
269567
373766
50479
47428
55049
152631
239301
378945
1790
183721
513781
43874
182576
182577
267550
182578
281807
205678
226573
1897
128361
215070
270268
299424
94344
60870
336925
359947
104023
25930
100922
194974
99458
281273
114417
27552
278108
267548
189714
182575
344051
271376
344846
120314
228394
271377
285326
227943
227787
198571
350687
203711
195289
288003
168821
27565
1902
1903
98880
90873
222680
1917
182546
137012
55848
63776
131947
125055
206871
182053
213963
194267
151768
151767
150967
153906
152508
329318
331939
328127
328129
187277
331835
331944
329359
328144
331833
328171
530722
178257
114291
331987
332142
137249
239025
20264
20513
344786
203074
203872
1992
142290
1995
346718
317543
2009
27695
228138
148474
63105
274765
2026
203641
203732
2069
203749
203752
133978
88908
27835
27787
2080
333263
333264
2081
81261
27843
242609
287699
203824
203825
2084
121684
92918
68984
27809
53397
2091
84075
91396
2093
232559
2094
27767
203833
219621
2101
2104
209418
129568
314959
203838
49984
2110
523042
523000
59225
29181
27777
92891
95164
203779
203841
236252
2121
27783
2128
203796
2130
2132
2138
57998
203845
81567
27840
174281
321970
272775
203848
203851
287937
203852
285749
27808
2183
192071
99053
142493
72244
521342
274976
240914
298439
380727
29184
239030
240498
182902
301684
81367
65629
76139
74862
222724
364854
89179
56582
240951
366407
240974
357469
275605
67278
110417
301688
222726
316789
240961
240976
366409
94975
217801
379255
379299
276435
53521
58070
380728
521099
115555
364890
301685
301689
99268
92715
384866
47996
27814
42519
73387
72893
54949
54950
271017
240910
369177
203862
291153
21666
2194
23277
2196
85926
93409
90366
203788
91562
94169
77074
171092
53607
112604
99217
203808
142567
51665
115553
91187
100082
60811
332150
354374
2224
130462
27870
95269
255437
75942
135024
204009
204047
204053
204055
204059
204061
204083
204098
204108
204115
2301
99567
204177
528747
513791
513797
204199
204324
296496
115370
247063
523282
169912
2317
2320
126880
218511
229943
243358
378100
24116
233345
204547
204565
2355
116862
54243
57902
139794
85766
213748
91850
97016
104068
222758
236856
50219
86133
190982
80811
65314
222759
171731
171732
60324
523671
205527
204832
28011
2386
204833
28016
2391
204981
205052
205092
381920
381937
218537
383945
82284
67306
67307
143095
79128
219089
195744
105709
351797
324715
324683
152590
195738
253214
381953
108397
335587
525057
2437
46614
524972
145493
189912
232988
232989
263231
92877
377231
320170
124399
285986
99087
351726
331098
300954
20042
70609
2443
344880
2447
2448
184170
99262
52474
98768
515177
284390
28047
75470
290890
74569
70962
98219
278739
518560
96918
98769
220530
28052
131105
96033
75471
387408
273656
227035
330055
243507
222765
308645
124262
196843
277206
91046
184171
222766
291730
80086
80087
51708
55659
175592
98946
61498
184172
239032
96809
125056
375024
83287
162305
279610
83288
380430
277231
139078
522121
522553
342384
351728
308610
83008
364679
85396
68780
91047
135419
357470
94740
176462
351729
357426
350985
308085
522389
294461
305878
308611
364680
515176
519020
241721
89225
176461
176469
303456
139079
74568
96586
28083
232987
131452
94212
2452
2453
62129
239602
2454
21296
2455
521367
82412
27267
176922
191076
205266
2456
91107
2459
70403
70404
360783
20124
50337
205267
522183
145079
336961
91799
297894
89656
2555
222770
180087
243167
52375
87165
2571
104818
197749
220419
227036
79713
231437
226403
98879
64153
90299
87524
28134
66577
96431
139080
44882
57393
513884
97084
77743
99372
28141
139081
205410
368943
508304
288344
310436
28245
354320
357471
63186
42712
2628
2631
78452
90958
62289
361700
122039
169303
206000
2643
2663
206136
78558
206141
206148
43929
23425
206195
2673
206196
124198
524946
524873
525838
192969
21742
99513
517430
517394
91375
2679
167963
2680
206220
28270
2681
93515
197723
322280
176313
58815
2685
206265
297062
513888
206266
198324
96648
53191
47071
139082
380580
513887
299484
80005
382514
178517
109137
69781
94177
254791
56977
2696
203415
54323
239734
2282
505081
505080
505078
28274
2695
174911
105010
28275
94419
54865
170870
2697
29685
97677
96470
92974
87952
112721
110842
90338
100319
110999
345411
30045
92106
96905
89247
91376
98961
89128
28291
97203
94178
99398
91351
89036
91697
109722
92056
75906
95984
29733
29744
98648
28318
61444
94244
97680
96471
90648
30083
29766
28306
95635
96826
89884
97561
28307
98128
29792
97522
86664
28314
368908
29802
95263
90388
92391
93716
91122
368553
98757
345412
112723
98758
111549
91744
95226
96227
28316
92039
98504
93303
218394
29828
92957
174534
93325
322289
98156
92777
90611
91508
30119
47714
94350
368349
94483
97432
30125
95685
91433
58616
99577
92347
291738
97857
94803
111151
333301
30145
65207
99382
87096
99237
92878
30157
100058
96200
99932
90322
83368
90894
95926
97532
96808
98680
89504
92182
97286
89955
98192
90779
91932
91266
98545
90121
171379
98894
94822
171377
90729
89601
98949
96385
30227
358894
352540
226888
139686
2817
202623
373699
239414
206423
325488
228668
335098
179754
129356
528972
136536
507793
334721
507794
28323
280047
337616
336498
387456
325804
387459
167286
94548
150837
194720
387462
54671
102656
114217
139719
44903
154974
164222
157378
369154
254012
28745
503786
44017
329666
154906
46620
44018
124530
97959
331252
207058
207480
170043
525135
300891
299323
515555
89750
3061
3063
256939
3146
170248
90302
92602
93279
101641
102023
97161
176078
93792
360956
261104
288093
526321
353061
228991
285371
89405
352587
360529
164032
258486
350942
524629
285910
3162
67477
97470
92424
28863
330982
120392
208495
106456
383003
401072
258770
330999
3213
20247
23489
3215
165273
3220
119482
3223
3224
31605
3226
208934
401651
258896
257862
85906
91791
95792
95844
63246
96855
91792
95793
3249
322732
90952
52951
298095
270934
270935
322740
276207
275600
322744
99013
91343
197738
95971
236885
300057
95105
57322
28921
271054
271198
140503
322758
154907
272917
28922
222937
3253
3261
98762
227622
3262
92029
236875
217944
28896
96813
236882
3278
271154
353922
64302
274981
93532
214091
202282
271053
271173
208592
94754
269354
69338
70553
46202
99363
52985
133008
329633
96259
94796
208619
3312
3381
209185
209208
209209
209222
3396
142413
3411
337162
104459
334727
379211
282176
319867
324617
285375
209558
209616
209778
3448
91344
3453
3454
209836
209844
3457
209847
153283
96562
153285
255924
222953
343768
151702
117133
191490
178005
209917
3461
342481
205680
124684
124686
344974
49129
3462
291605
92001
100040
62075
209916
237042
74760
3463
364906
43960
335509
114775
29022
96642
298704
270936
29024
270937
115416
364904
300927
54394
99751
302852
124131
352792
92439
302853
96643
96661
125057
300346
364905
364907
181330
113690
95348
29042
79953
98439
77907
93509
89673
380243
73789
96701
83887
90248
155175
97837
194413
102477
300436
91977
154370
81103
89965
29064
155176
357133
530735
530670
298423
77511
65074
74953
29099
29104
3498
79957
177980
3564
91591
150773
99472
91400
70610
348476
522052
68093
3623
77684
334728
220105
249915
284970
209263
3669
331113
94746
126790
105679
124709
105680
69422
76646
121848
210090
3696
3698
210136
143455
161913
210431
210481
331989
46649
72103
29227
23694
3758
353522
157658
3761
191491
312670
91043
67933
256183
187784
210602
383622
350190
320198
516569
369920
350943
312592
350373
350374
29238
29322
3797
3798
170579
56764
212819
29245
212831
212835
212837
212811
3855
212854
184234
184235
49852
89380
191787
161721
95979
29375
136109
97693
184241
222996
110256
109627
29380
528712
194716
214377
3862
222997
93424
29342
523768
523769
22582
193362
212858
86603
89094
101083
500143
212890
303277
139126
298076
64614
194249
100349
3871
43181
523765
523759
3872
212862
523752
114557
197725
193368
91845
22581
75163
523754
120427
47933
51441
153317
322936
89899
139129
138558
523755
92784
212859
164814
256206
99333
89379
165790
93425
97020
120405
92494
301031
196404
298440
523783
258383
105358
3876
97954
97261
90960
98132
212897
523762
523787
212901
170122
287135
70347
151150
157902
320544
320579
121607
129222
212950
526134
139130
94237
212974
105707
320455
320500
202585
370849
320549
102966
320548
126429
69317
136486
102624
3906
3908
3910
3911
166106
119774
120350
250348
522866
370726
104709
523959
523974
523979
387071
275658
11672
166142
258957
371048
372372
372382
84462
163714
258784
357872
120367
372541
372492
169835
64808
99428
90160
87642
91570
99241
33355
223625
506531
506746
330859
332265
328185
334182
206630
180635
30556
368049
275773
275774
368048
29390
187785
182412
99423
81900
66731
116675
280622
330986
332092
331946
364617
208521
378296
320245
400634
204918
120371
2394
310077
310079
400399
204908
400380
120349
400361
310078
189417
162643
206739
19209
289698
387433
332231
85612
234998
19203
91139
62997
114274
100268
20721
19195
286023
368966
60961
312276
89813
19190
288161
19186
225849
329111
31351
31350
195035
19177
45845
195034
23329
102827
20495
306822
19167
171154
195053
44292
154351
155959
58688
369453
19140
246973
69045
102400
19127
155434
145006
131760
71258
104756
68077
200834
19106
372638
106279
55624
174688
130318
328979
338886
19099
151193
332402
274639
157356
511279
512040
77178
226555
241787
287507
387956
535584
533548
380607
536587
319901
275989
380606
243617
82651
19094
534686
511723
83721
383886
71257
240723
286135
179514
303210
536478
287506
52603
176206
157354
101006
100248
46766
27274
117729
378959
169244
339235
226513
521604
78475
515389
86179
348053
329945
378958
523287
321676
284389
329026
128423
117138
286942
387714
60010
54102
95928
65435
515388
56858
59589
372359
80174
329025
175591
308566
176453
113795
64001
171250
19069
68843
304478
329844
19043
19041
87410
82213
530257
60886
227601
155000
324618
110721
77807
225839
113428
48730
132173
104030
183302
196197
85026
68269
47712
77560
69665
66690
117507
56381
75712
73150
225836
154997
48337
255415
48364
46721
178245
46720
132210
503941
226073
241555
86785
111892
57414
368301
80103
54681
521223
50511
329753
129077
235478
189975
72049
67436
134401
329632
20909
86718
329631
55510
80362
329886
116970
524040
19024
240062
66538
77806
228862
115590
62569
54796
45844
72168
325870
245926
372820
117506
83400
166255
145076
116309
228620
108075
203614
240077
184081
126380
86876
68399
51754
360254
30295
50771
329839
86786
226528
203283
226072
80403
57774
293618
203282
505210
505211
43844
174062
271982
94534
62927
91184
81126
208929
64368
202759
195954
81889
225824
18975
57387
81165
58970
64000
96889
53560
171040
90781
98342
182320
113060
23728
196594
297762
194330
179822
92689
140251
89151
50996
94460
307732
92511
196958
18948
48705
328935
41495
315290
51788
41487
62724
83589
181221
318847
270524
87836
275280
136008
275285
213850
225819
213849
213848
211238
213843
23767
66348
82128
500274
175106
326310
211236
70900
327459
121816
328939
103360
191042
18918
138655
62772
328091
18911
18910
332619
127331
20930
66246
314915
250076
18898
373842
41459
270523
157358
275622
157357
18893
156152
82818
18888
178731
91815
134958
95932
323275
18880
171743
384075
97190
323296
386876
194342
323279
147839
323274
50968
320551
506254
506174
522745
506498
506416
506214
388373
506470
506406
506038
506378
506757
505805
388382
506449
506064
505791
506070
388333
505950
505998
388316
506097
522398
506316
388324
505915
333206
161809
528774
506099
505750
18860
388337
522495
506522
388361
506430
506281
506035
161806
506269
388401
506442
388402
506081
506098
506109
388321
506196
388335
505932
388399
506395
506244
388301
388300
505978
347950
506215
522602
506114
505925
506218
522365
506043
506060
522593
522549
506294
506354
522483
505918
506208
506471
506343
505771
505937
522563
388311
388312
506448
506503
506008
506307
506334
505963
506149
506398
506308
506507
505904
505814
522578
505887
161804
506153
506542
506207
388320
506263
506094
62368
505905
506285
506445
506031
505956
505996
506361
388376
506267
506319
388308
505923
388351
505927
388349
514813
388369
388390
506133
388328
511286
506352
506216
506327
506113
506227
388365
388404
506318
505823
388400
506122
506069
506419
506438
388406
505984
505908
388375
506401
506067
506039
506365
388413
388329
505834
388403
388353
388374
388323
388338
388319
505999
522625
388298
505940
506182
505985
505857
506286
506231
511965
506360
507738
522755
506392
388395
505760
522514
388322
507739
505840
506197
388398
388344
505941
506034
388341
388394
506393
388393
388372
522623
506185
388381
506091
522515
506427
522734
505796
522775
506373
505845
388371
522496
505976
505922
506363
388370
506088
388396
506525
388332
505801
388392
506456
388368
506051
506396
388327
388331
388326
388367
388340
522531
388294
505906
388391
522659
506306
388380
506213
388315
388347
506222
388411
388343
506229
506335
506045
505780
506042
506166
506315
506063
506377
388519
505789
388314
388414
522678
388291
522739
388303
506473
506388
506188
388389
388346
506200
506820
506001
505948
388342
388310
506096
506176
506017
506493
506390
505829
528722
522763
388293
505781
506457
505960
506071
522432
523971
523972
388299
388405
506614
522408
388410
522394
522699
506027
505756
388388
388318
506020
388387
506291
505968
388385
388386
388307
388345
388306
522645
388362
388384
388517
388383
528761
388296
506180
506126
506072
505909
388408
506280
388359
505763
506247
506324
94936
338803
18760
258637
18765
18764
409787
18763
409772
409767
384767
119675
409752
409750
409744
409730
409728
409727
409721
409719
18761
332278
409709
409708
18758
409706
18757
409682
409676
409674
409672
18755
341625
386286
386283
380370
386250
386268
386264
282737
282750
372808
282751
189806
386270
380367
386277
378921
363609
165186
18754
409736
372481
284022
409724
386256
386289
409717
357870
282749
282739
386253
378923
386272
357117
386288
386285
386282
386276
386271
386269
386267
386263
386255
386252
386248
380369
380366
378922
378920
341624
384766
341622
100988
305848
329964
225801
18679
372656
175596
80821
3913
515182
210266
62093
315469
121403
125876
210210
248272
229010
56066
210263
54200
139147
378469
121405
210214
3923
98689
196149
29408
71510
120898
69919
58087
213133
70710
42009
3956
3957
226038
3959
275092
103226
194537
79336
223027
68000
275084
92121
118017
96540
210265
55257
46574
213093
101096
42829
67894
79834
44371
522270
136172
101098
3990
140865
140864
196539
169607
29541
213356
79901
4004
29545
99837
21585
205800
115559
352604
323033
115560
181214
335785
335784
150715
321914
321913
4019
91900
92055
170774
321912
74527
78821
90156
56820
213572
57195
379064
213420
4057
78701
50984
65702
43307
34096
30247
131481
258951
4114
4129
401828
369513
4144
341629
30256
165369
4159
158002
213558
157998
157999
213561
158003
158004
337637
23653
20998
4248
133485
175241
27534
97422
158030
72394
114925
214050
214056
214057
214058
214060
214059
176640
214068
214071
176642
214082
214085
214087
214093
176643
214100
214101
214111
214112
214132
214138
214142
214165
214171
214177
214183
214186
214189
214190
176646
214194
214198
4333
214287
106102
214301
226520
322018
285675
327171
239736
300854
316880
343006
297952
316881
293367
249606
4357
512156
347709
342008
317130
153087
357473
226521
58329
253316
273758
511284
316882
228610
504999
139170
211521
4362
378947
281601
348465
307104
383357
58328
370060
367707
77139
298676
71980
229829
214532
99361
222288
116231
143506
89376
44679
196402
141035
96756
275543
229828
103180
243761
90279
99959
227043
92514
93558
316984
271063
4379
212529
214594
214595
4383
222290
98376
4384
214603
212957
223058
231440
79479
141032
243475
241265
515192
515191
214614
238675
68691
112839
4404
4408
174691
155628
116233
55152
174934
57639
222302
312087
214577
49418
138206
92515
4411
222303
183523
302973
183526
222304
4412
196403
183527
210963
30659
143335
183800
183801
203097
183528
214624
243355
214625
138205
219918
30658
93444
118604
131964
97402
194919
118603
89070
144587
136476
42677
51650
131182
214627
214626
214628
214629
372720
246980
4415
364732
290347
4418
355585
84094
114779
206299
71101
355586
79315
47695
380839
226578
114780
371213
355584
60284
376809
237573
4420
30670
4421
344060
214643
208181
358100
115081
72223
91923
97419
30674
84395
136542
49145
54825
239691
4423
269909
214652
4427
30675
30676
19926
254121
164065
129803
4429
202407
30678
101292
30679
62911
256920
248007
141839
170107
4435
240987
62912
42928
176471
51014
103607
241526
153548
179498
138236
167965
374789
210159
89855
68060
526646
75587
301249
68800
374692
213667
51168
91491
373930
58457
43390
30704
53470
66757
71660
323294
374688
30705
374682
370724
374684
374686
223071
352796
368359
368668
59651
372827
374689
4511
373929
524545
129057
214710
30709
65140
46974
214711
374691
80635
250586
117728
117727
214718
381910
381914
381949
381964
214727
214728
214732
106105
97510
30733
89294
205991
202899
4552
131850
20278
147186
137770
154251
30774
223074
4558
237122
98472
30782
366847
4562
30746
315381
30734
43356
62238
4577
180257
68252
155963
175477
180149
306299
4588
4589
95985
110828
175488
4590
30744
302206
30783
62369
315640
323313
125360
21994
4601
4605
125359
30753
4615
4619
98700
20156
55708
102347
4635
4639
223085
72204
307105
4651
21991
128418
60414
182128
54086
66001
302079
302077
30761
75810
91655
66896
68801
94939
131680
302078
4673
20319
175517
23525
4677
99093
4682
119778
47155
82394
70014
273004
66185
114300
253100
327513
48357
205894
522969
196828
327925
339157
4716
4714
214378
268580
111802
90313
226325
523621
76158
71434
4734
134108
4739
349063
213605
115153
213602
156860
210430
182261
370625
340964
503988
335606
76030
210702
190940
226327
388157
4743
186670
4744
107622
43675
194920
61591
336208
103879
4748
4749
4750
47463
522642
86608
64375
214387
333415
24479
42165
315748
279971
378174
94273
58155
75543
68621
500294
136337
376784
47284
115527
145768
77290
5026
30925
96279
30926
187810
5028
504553
504027
5036
352917
5037
368146
22569
110914
305383
537170
5145
360402
273347
93365
51925
253659
50540
323520
73354
180536
131963
349439
322780
324911
317580
329771
254220
360340
305985
324131
309503
335534
371078
144921
192402
174973
174974
60584
287067
288146
189769
90330
87827
91725
58649
89362
98559
93942
87527
90006
102971
114428
98479
66380
31003
20271
31004
5244
31008
68885
31010
323558
44670
98153
136718
332083
332082
332086
100000
94209
31054
93135
372335
96805
42463
369667
119067
119069
91008
97767
245386
114349
102796
524090
226616
162386
273007
78299
156689
238430
5308
5311
65250
353031
335194
150416
104443
154945
309210
309211
380618
325224
134581
93021
41547
175607
5314
517677
31124
31129
233439
351680
5323
56990
5328
90801
56504
5331
381439
46175
56422
361663
42627
517714
287737
350951
287738
286240
111394
90607
5337
31154
311238
5339
101167
258666
368673
253551
89814
61750
208545
89400
226250
109714
159211
195402
103009
134950
324139
156366
156365
167598
227899
318022
317156
317521
167600
219931
327566
318021
156362
5349
82740
75047
79802
5354
5356
5359
5360
5361
76895
131210
64089
5371
240650
54201
69290
181224
181225
50077
151744
346721
293387
386639
378701
341520
371029
165753
164243
378175
372559
165739
341604
388740
341515
364612
341517
31339
132447
165755
353045
378702
383648
353046
178339
168534
164245
180698
258953
165354
165916
165104
402741
5432
5433
40939
5436
158381
143349
5453
5456
5466
5475
119576
371022
31325
5486
5487
5508
5509
341522
5513
402938
5517
5518
402946
5522
20561
5536
42088
403007
31363
31368
31369
403064
158382
5581
5597
5603
88868
5611
158841
5499
158842
165742
31372
20911
183209
323854
69116
537776
323859
171271
332461
323906
118448
323928
331112
357501
323871
68892
55989
48910
198024
117521
537721
357493
5652
98126
189318
80676
5661
93489
162556
147575
98445
170050
5666
241816
31526
23222
5672
74153
96461
96462
58372
92028
89836
89837
31515
95835
60461
195826
91742
92761
323899
95265
205681
323889
323886
124535
137529
94810
92251
99441
195353
89655
100022
89152
350381
350382
331111
46757
202614
219215
296419
5787
74917
47389
5811
178015
178014
49700
66254
262317
324016
5846
51371
5847
5848
62526
365021
366173
234813
318233
155974
121703
128944
93351
31825
5913
196450
125063
53129
5927
281179
281178
364711
327515
219647
62906
5996
130747
93964
179111
6016
359501
6019
6040
6041
306644
6055
6075
230395
146212
230124
187825
281048
164273
226081
76255
31917
86081
223260
6091
368027
83211
103756
293060
73332
154041
119080
89347
124248
85346
383654
275262
106994
256029
283958
102124
341689
125442
530138
31927
209670
301001
19902
98232
49121
6152
89146
529331
22167
242923
223265
96817
48153
209338
99611
65882
68738
131417
152396
207661
223269
113943
101201
203715
223270
223271
223277
196041
50790
31943
101762
6179
182579
103626
53481
58216
195628
6182
65855
54214
103913
25899
219161
223287
152144
191120
114462
62128
94168
92002
243749
6185
51349
99759
62115
60401
46860
247096
158521
70345
158520
240122
25939
249486
31947
31949
31948
22785
158510
158511
69247
158523
25903
182580
44340
21499
58725
104031
312560
384316
192171
254007
297251
511539
104319
327516
312611
379542
211282
102956
187832
6220
120893
381708
505521
342350
385415
505267
312559
244689
247078
377748
377745
42907
6232
314104
6235
107623
6239
6240
31966
529000
6242
125401
6245
268548
327517
140026
102178
218385
219159
6261
6263
115504
6266
31979
106114
6275
290630
293298
218383
107366
383077
31986
233499
120137
31990
351879
227627
58015
228843
6310
128912
21732
324125
91539
324143
83069
6311
195355
324179
21344
60411
95361
126009
64568
66158
321283
99017
21089
380536
269487
269488
93213
78023
307421
103354
142414
89095
42776
296773
142415
128269
169093
377010
361202
361203
361216
361207
361215
361214
361218
375031
73957
120469
57401
6336
68802
6339
192984
115566
188023
255434
187438
68842
386961
32065
32064
387181
76491
68370
64756
29549
98221
83710
97815
237027
278576
278933
278569
529070
32100
361702
95426
371929
97816
501317
289153
372533
202734
373002
501318
373003
6522
158622
45833
245387
6539
248731
6544
76467
121251
287338
324194
140431
46093
239347
6596
223358
273051
328184
96751
291746
54981
360839
32134
23567
6602
48431
223359
93944
223361
286963
98591
91575
345418
242749
352290
74780
173098
109862
223368
89537
47261
81015
91978
99906
95524
156682
53895
92870
89926
90935
300272
72797
97318
6607
223373
78787
99507
47240
91781
42628
78641
57105
90415
76297
53767
97702
92839
77760
93499
91206
355599
98068
98656
90663
96868
93199
369944
91597
95416
52366
91704
95227
293395
32266
98475
89709
89710
48295
223375
91315
98064
96439
91475
98092
93177
99466
72798
192841
51769
90610
71925
98661
352291
32295
67318
72720
89866
51079
91783
128924
98829
302465
95406
97001
90416
90417
63111
32307
92551
97365
99962
90937
91207
97703
90464
55773
95046
89678
95124
307708
171390
368393
194041
91598
97316
96924
98660
111378
32278
91780
98976
94384
97314
97315
97503
91357
156054
99804
93500
91705
96252
324236
324258
127600
66112
94942
91700
97707
97708
293433
96814
91666
95340
99539
67884
95642
91569
89137
97888
90411
99298
68755
32377
88272
75195
331724
94518
171309
6640
6665
293428
322191
105997
317856
91340
239345
338792
32388
45349
140457
46190
333328
6669
70365
47073
90078
223386
120914
113435
239446
239443
239442
239445
239444
6673
32397
328177
64978
95111
65645
324255
6681
87959
90131
51336
32404
32405
96506
66703
93909
32412
171393
87949
32416
62164
293411
156687
89295
89296
317868
67674
96618
6686
32429
94077
96236
61550
90918
97870
97181
64017
90239
293398
89672
93679
98450
293397
6706
307703
266092
93502
298935
91316
98065
99805
91476
48322
93178
91318
275893
95498
235368
258439
103745
258437
75095
305328
109473
127599
91477
127392
298936
114441
111200
172977
130591
176805
169170
128974
381441
32396
90191
94811
90517
98442
90226
92414
339596
90599
97149
110724
174572
64777
116823
6736
59970
6741
374664
383660
508048
385774
32582
337240
96211
241531
52886
99676
32616
89828
98844
98363
239047
363781
521611
78529
89707
95579
386935
91898
319899
94674
103930
97349
92470
384876
98168
372762
334668
521648
44649
387266
387265
32598
59051
43206
333418
521138
343381
20037
324287
54360
32599
387268
32605
194842
32603
6861
55322
97333
387275
324289
6868
6869
403419
158706
240710
19677
158709
240063
24109
32641
294810
337333
182089
25081
347723
374761
227875
329035
177972
373928
171496
169757
169698
227977
169758
171497
95909
206003
117271
96285
76922
6980
128420
51770
6982
48106
345062
84256
96928
6987
89867
308617
275735
119856
194845
98830
32687
89058
90418
191101
72799
345061
119849
251734
241725
308618
92112
6989
243592
205880
7001
95047
285916
52733
324815
344198
227973
63943
111162
63944
104783
269588
209430
32716
241277
108180
209431
174799
177971
381392
146219
343421
75349
96870
43191
271130
68656
70298
59235
319512
91706
95229
155570
108610
103162
241278
319513
343422
32704
502891
7006
25120
7009
317964
69797
7012
227971
211194
374995
91109
84808
32715
184248
248266
145721
80740
7052
327519
24426
206180
370893
131790
7068
7071
524809
7105
77801
324861
7107
7108
324869
7118
366505
347360
326814
355249
347361
110200
310119
311451
7120
54520
7143
301077
524636
360165
526496
297260
130653
374331
374332
227046
332272
308243
337178
374333
180907
82475
352611
126846
227702
63525
351706
359503
255443
190953
180908
52298
372714
304554
189903
212074
300877
331033
238682
372713
56352
79375
7145
124104
79635
7146
383663
183683
182564
131600
7161
308635
328319
248056
514325
327521
141246
116144
7170
7171
382351
7173
176315
110704
143630
93230
61296
97060
146546
202910
147426
304268
124224
124242
57837
319954
372948
50052
522848
124237
187637
187638
7210
86173
81278
362184
325126
91274
95900
112593
83089
97759
105057
223460
96068
228149
105615
71890
254817
253703
381530
91165
7260
96692
7261
95573
99480
256793
48006
94712
32903
515210
217961
227703
297711
89900
151034
214902
98658
254818
342410
223463
99468
48475
91228
95251
223464
515209
347156
217962
257040
101339
51570
32913
32915
269536
226999
183347
81901
101061
32916
32917
274777
279517
273946
158867
218497
308924
218499
307455
523223
96406
163507
7331
32966
45580
67324
52606
47576
74763
81976
96415
64212
83027
90985
76451
33274
249867
87699
7473
7480
7482
93095
93221
138566
7498
290759
92301
76985
60777
47101
61607
57076
24665
137326
63397
7595
285400
219334
86039
194229
82206
33348
7605
359568
194367
219335
504382
504062
118140
285765
49239
7679
304900
370631
368028
287890
7686
93115
57511
33397
69691
80186
33402
67729
7728
7732
114269
89863
90457
90174
56925
120482
94064
7756
24393
183318
236988
334848
375378
103734
210450
386782
386784
386806
386765
386766
386769
386776
386781
386809
8030
8048
346879
370691
357165
357166
361662
357171
386634
302211
386632
357178
508144
357223
357228
357231
371064
357241
357248
8082
180024
505645
308693
8108
74878
8110
268551
522375
139672
347178
332883
523637
515614
76751
106141
106142
341701
106143
8153
106144
106145
8156
125026
8196
113953
8197
81271
91600
90032
119041
80471
8228
8230
65047
69512
33682
8231
31417
8232
256274
107212
83024
92893
130088
33713
166277
78043
8260
33719
8266
33717
155369
327522
140947
379200
98657
94150
131455
136369
215233
8294
307588
82209
175597
33786
241730
98902
215186
180592
359143
359144
33796
83862
92521
33798
72197
503428
354852
359145
182269
203412
124402
351735
367755
83412
359146
379199
132885
337932
99068
94071
54789
68472
68473
97171
47522
162613
78181
500156
500155
300610
298102
94592
60028
99153
101181
335136
271193
209437
98956
94671
89498
242623
128575
89720
352717
65152
96202
195620
334212
92309
80914
25109
44147
181183
341781
363825
131133
124835
242626
99827
48867
91901
189896
80795
109888
339010
89700
242628
334790
101901
342432
326964
326967
386566
301071
346075
363997
386567
298103
90157
50924
171001
311628
96237
381192
348158
60997
52450
356526
285332
99747
62239
501487
131122
64296
69865
56096
171898
171305
89028
68587
150064
193964
139906
104284
180593
94166
138697
124538
348160
169610
226442
136000
65153
171098
242630
97635
92997
92998
61039
131124
128576
97282
250355
69798
33836
271205
98085
239449
56457
286075
103260
78284
356527
226526
348159
345796
33840
72342
135875
215182
89830
317138
223708
42395
56808
515494
136377
191788
343252
93330
97916
341827
349705
326839
304904
304905
331246
195621
48896
220300
80083
94836
136373
71192
98437
51585
365076
307099
92061
128579
102233
104694
103596
226527
102683
104713
109189
169738
110271
90829
318322
294694
311629
326973
207483
383669
293225
209436
268696
343249
339009
294695
318323
318320
308088
327563
359086
358935
141804
307098
320219
383671
375090
309925
8304
227633
182470
83459
124536
93093
135999
136375
33732
338065
101184
337657
171686
8307
214541
52558
164619
8309
8310
8311
167693
48682
8312
215190
115571
86274
76021
361167
43884
8314
332569
33742
8317
8318
8319
55258
19580
72509
8322
91425
55301
8326
8325
8327
33745
21635
165964
293221
84412
271190
8329
80203
164596
8330
33747
75026
8332
21411
323636
33791
8333
22319
57065
337658
338050
33757
94116
74504
75833
53414
344756
8337
8338
73584
8341
48238
58115
89765
8343
93885
96110
47069
152137
8345
65947
8346
99320
8347
85173
105705
128522
57343
33762
97780
171426
44198
8349
93654
50156
97194
8352
98167
62106
46851
8356
8357
33769
134455
8358
8359
71387
8361
87643
8362
383881
128577
8363
105261
86441
8364
139907
124539
98774
118308
171681
250356
8366
245230
113739
8367
33775
8369
70274
43481
8370
33777
46407
56634
64158
8371
332571
93922
98691
55877
214535
93989
117014
215192
95299
215184
215183
113738
92098
229782
172979
173134
86440
248262
248265
154019
33894
164162
362211
362194
82862
257129
62321
304291
362189
329810
370432
370449
370448
370496
27500
370506
329669
33854
263383
93683
61040
8379
93684
362203
362216
8383
33863
88950
370518
94612
96135
98370
329565
362235
362244
219146
88951
97681
219147
93685
94278
362221
362224
362226
362222
362223
362225
362227
362228
362229
95930
48510
193286
180334
370454
370455
85801
370486
329568
59529
359576
84292
170715
56244
50160
62528
51431
55233
33872
51432
53581
91457
195638
8392
45939
56671
193290
27499
193285
118964
33873
86653
87406
103715
380780
66564
219143
74400
87611
69490
45202
67832
75425
59375
42805
223740
115797
75678
77625
27511
195649
60339
61482
212059
77169
141466
63410
329567
52327
154020
48538
182739
64634
92486
79134
362148
500194
58287
64386
153757
207495
84242
82440
202843
120365
83264
27521
70637
72504
86926
223749
73542
241601
223750
60778
82144
193297
93311
111124
264470
193287
63376
195664
59366
47507
270816
227639
195666
362149
370489
370508
66206
357634
357531
51067
55092
362206
362238
219138
362239
329878
8406
358691
370515
370517
45593
55093
171786
229907
70824
27502
44795
53707
19999
357640
78185
357647
357649
120377
8407
355579
43015
182728
362252
27505
75220
182156
111270
55050
362254
362255
153038
237731
317648
168673
170668
171760
137744
316678
305808
273931
307785
349249
317970
8414
345471
93982
227917
169316
111548
351135
8422
90442
207104
8423
255419
62799
168675
227920
8426
369924
526117
191350
242593
218065
168683
201906
169320
525185
349247
272749
282605
344984
218425
359928
8434
521636
8435
87228
168717
520311
33898
312149
305786
8431
253013
8456
90690
57246
96938
95604
54248
93392
332572
8460
80199
311309
8469
209133
34005
311305
76896
159142
98365
49420
21951
8520
8521
8523
8534
34074
8547
59014
106146
168388
319555
301469
25243
8587
8588
40487
8652
154452
233797
165037
63190
174116
152159
8651
353079
351194
516901
516909
516912
516913
8668
54434
525584
310021
323863
314486
308623
40552
300817
353113
368707
378932
331064
348163
524163
535772
40524
61187
8739
87120
92136
169597
54878
80347
98401
94428
294696
60825
155817
155818
337422
91903
180262
182402
40550
346681
340888
331170
287730
96923
355602
369487
252856
40545
80008
195952
91031
254043
361013
294697
525754
346677
355601
85330
346676
336719
51928
368033
287731
107256
8738
275072
96717
41208
375240
77693
243515
375241
239744
226602
512373
209229
332337
8774
301180
162601
524338
236209
8783
377835
25646
91738
82709
124332
277813
130978
124329
130979
130975
83016
8856
233839
377822
323880
223893
330975
230172
315672
176334
330973
254824
247727
8899
276152
223894
175163
223895
202497
218297
218298
97793
125068
116254
254796
371617
247042
330974
371616
273612
323879
510640
526545
329572
125955
322087
8902
249631
325737
96797
175250
55515
90684
183835
325296
191141
191142
8903
272929
343914
90486
376886
59530
372621
357504
372614
372617
301196
270488
372618
372615
383676
376360
301195
372619
372616
372610
372624
372623
357496
240320
98930
270490
120021
332578
249182
514353
41700
510740
510816
388053
122308
388050
388052
327165
528691
500312
112183
325298
40784
511005
132531
287159
171176
287459
117179
117180
117181
40787
528915
511170
24234
8915
97410
175535
178460
162615
378093
211758
98866
92536
96699
322084
41635
124540
90005
191103
347160
363142
273611
114551
65384
90797
105039
212328
89407
94761
256771
40795
108516
336723
242634
64685
346118
344226
346065
343800
383680
326906
343771
368036
343801
256825
97446
352813
193260
41628
526235
114552
331071
97795
60912
324945
187299
187300
345606
88267
40797
90899
95130
268699
93784
360965
365150
526148
98218
275073
330115
311040
98641
113796
164352
311551
318326
308625
272930
312123
381668
308011
381458
347185
328188
363856
130049
376368
347188
520944
97836
367258
199954
506697
350391
61489
248558
71599
347189
302848
321070
181588
336733
128668
128669
211088
98588
180572
95203
229061
94370
96064
306887
360390
40804
166286
166285
178223
96799
85177
96798
63035
97276
41624
170444
229062
90487
160675
40808
132932
276645
243623
93285
125514
73442
94978
113685
305554
175039
89044
271466
346898
98694
93731
230412
147465
147466
326908
197617
118729
81202
521116
130471
387468
331973
348595
356505
176516
245174
342465
380942
369964
303361
243516
296732
296772
332579
91082
40813
363679
331069
114555
315926
223904
124543
256773
294512
376891
91259
81246
347207
90365
94585
97082
49000
345604
98795
97832
152081
303358
346601
277038
529335
229063
241542
40792
520559
311034
248581
344229
349094
503913
346899
92138
59224
53645
160676
360531
245173
256102
248582
248594
348162
155584
294373
386312
382535
519111
526213
363855
286079
287436
254825
345365
241543
121652
181587
170781
276562
346157
381134
96859
238653
276833
381429
381430
294505
358845
331068
331070
363680
68284
256099
345243
308626
347128
311552
306259
284448
318327
383690
383691
347200
312124
347190
347186
40842
175040
127363
381680
381681
41638
67182
334808
155587
96051
376376
360537
360391
363678
363677
66256
70921
70920
368037
327172
121653
381425
248579
291729
510633
8944
226116
177807
308643
312739
305850
90753
273839
247143
526049
525684
525969
387745
217987
177810
325554
177811
229844
89002
98580
177812
98581
90930
524615
524616
524617
524618
327166
308702
139945
336749
92330
177815
154246
273903
335310
306888
270492
177816
177817
177818
194826
525683
177820
95132
177821
93767
318025
305542
160774
356487
387774
177822
177823
331075
387775
282731
217988
94297
99633
346061
80353
387778
298919
234903
160775
322090
351200
177809
317433
233443
331074
301550
334809
306261
312740
345780
307020
524548
524498
524492
524505
217989
525986
525913
525688
139944
226118
273904
305541
504178
273902
387776
388042
388031
40824
388033
388041
67015
8949
118782
140476
218387
261102
140477
139948
69400
57704
312741
197747
309803
137374
309804
529439
58496
525822
217969
72325
279638
299738
261103
139947
218386
107688
90252
352109
325303
245155
327164
84400
375244
62592
179295
315982
94172
344110
297202
87368
91444
211762
290358
524643
149045
133984
133985
385246
365381
178462
216860
321345
268701
66423
133986
382884
161983
99134
198271
194612
113692
94743
313607
216869
179298
248574
201714
242139
112647
194614
204831
321350
321353
321348
323878
148183
270354
184441
49303
252368
21520
247041
515556
510701
53234
8972
523464
338069
326941
326938
373095
116321
93054
301240
526432
112544
97331
98240
322024
336516
335155
380501
299833
525466
40858
8986
40861
517401
8992
8998
9002
9005
96215
506539
517334
9013
27512
500193
9017
517461
9020
112313
40894
56392
323898
40897
223955
90196
98462
332180
90920
96633
45017
86265
73160
58320
64105
40905
181434
9056
9057
75417
81054
41569
58313
183737
306959
332609
285355
104665
114606
62170
256542
58403
332687
92538
41141
93032
296691
323621
357672
96274
171100
44443
183300
277437
285881
78350
73151
90757
137832
63938
94286
526616
363788
526628
41108
102029
9128
323923
48959
221225
69653
105265
158429
230622
118349
172646
331091
331093
118351
179035
80105
184010
97808
9138
331090
331092
361724
177152
269034
345368
252060
360406
319267
41175
379201
41176
352499
241766
293764
321506
55440
312030
21018
319266
337675
337673
500235
500232
500233
337674
372590
110069
41173
101621
239073
98016
9415
81714
150351
157350
157353
9431
287137
130406
168179
137753
23662
9444
224006
168181
375351
9447
168184
54316
309421
118949
168186
101251
47929
54204
168190
168191
9450
111697
92208
376194
9452
102274
79859
77195
9453
9454
168180
48266
86313
91893
224009
130405
70192
361728
70193
103103
334810
89815
168187
9457
168202
51239
168203
58524
168206
329574
168207
168208
9459
116612
60491
9473
85262
55355
61140
77106
251749
68752
284976
326234
270452
143235
241056
118681
329863
118682
72157
52321
81371
29317
45421
95693
77291
47201
9650
325424
99018
522976
45078
9668
236689
9701
515227
375353
64956
361192
218287
346119
47138
77502
153048
297561
183312
47139
138486
46817
61567
297201
9709
294502
100042
9710
72614
9715
42317
508316
83583
19842
47031
9720
97763
42982
224031
9719
127157
9734
131665
9780
135862
67708
302118
9805
522474
301202
517400
301206
357506
357498
64168
63679
99415
269744
45564
269745
192433
9827
229754
77022
9828
272198
92730
50005
41682
43004
83608
22256
167766
178591
178599
178602
380983
361777
343722
380984
9900
97865
270498
324124
9903
159644
219484
238334
177474
107051
297789
97894
9964
113741
61743
120047
103171
20260
62096
9978
208325
56973
226569
62293
101405
96413
58643
78583
19719
69635
9980
46183
178504
73337
75900
195562
334817
360835
130019
254235
9990
138184
348187
535632
84293
114335
146717
327305
518865
212014
224082
196725
124098
104183
196724
519417
199951
196779
124099
10017
254046
213205
326966
253756
10018
154976
327191
109682
70343
308655
167710
134770
324505
285415
69847
351888
160283
51147
268790
10060
10061
272079
175033
287462
175589
178651
176466
43006
360512
268905
256019
324169
194271
90392
324173
318310
318311
77548
230438
45594
231524
132500
92713
45144
96735
350535
24759
81603
117430
21424
192516
179808
239763
350536
202266
136342
318768
10298
22137
134059
325429
383382
505455
10307
80219
522860
377845
181594
92586
92266
373978
78266
10353
108404
274602
10354
376153
318913
10355
219029
10366
150643
10367
10372
378080
52708
21193
62009
318912
382635
106166
512607
10423
271383
10426
133751
74792
10430
169252
222111
329612
82664
324239
228331
41005
328854
136001
239836
55027
10440
10446
190774
249426
93269
273574
293139
276680
344886
373274
381472
190441
22402
329704
56125
308075
23276
240672
175084
10461
59789
47629
63762
10463
159623
76064
68665
244067
10465
308076
21094
67170
194983
83319
10473
10474
10478
99211
10480
44695
192496
136112
65421
96707
93277
79096
162469
45837
324910
383840
153462
196581
60802
96080
10484
251086
324218
367327
367328
381191
367330
367311
501586
512420
367317
367319
381195
367321
367322
177954
367320
511415
502806
367372
308079
197870
512596
73645
128279
125623
116299
224163
138953
103155
114667
61339
316223
57650
512615
21337
10504
329613
10508
259008
52050
131457
294715
82426
74793
98731
60183
327477
62760
341742
178009
224165
93077
69023
357446
83944
325597
317141
365949
152505
71611
79966
224166
79967
91239
47508
85374
179231
137518
196582
82430
10520
170492
59790
308080
10521
68666
52092
55249
21343
170954
10530
90218
94143
89570
198443
523909
523893
148725
92647
224161
74914
48383
259007
306385
131243
108066
331227
90219
92648
308118
96081
153939
10535
170897
194510
285298
301218
131013
318360
359587
118809
118810
301217
288059
324290
238778
169498
122441
319964
193245
10582
86879
74460
10609
159658
62296
62346
10659
150404
284024
368378
140728
140724
88927
154296
154310
181748
125961
94940
284034
248925
353084
140729
388545
386565
324340
189765
140638
341353
88902
63113
227709
176157
251046
533280
269966
329499
355927
383348
284567
378968
234964
534950
138365
156011
50909
285257
288053
526377
297794
48733
385718
107266
284455
296048
272676
232619
256631
221129
86739
332648
505213
379174
232636
331031
275601
10730
50760
80893
254533
232617
272935
58581
232611
10731
375121
20712
292194
327203
322095
332155
523084
529340
327167
529339
20925
241217
10733
345585
100468
379205
203319
249200
375387
353699
10738
107128
314108
10739
10741
10743
375391
375392
375394
224196
88033
68943
375388
155767
84624
77400
90841
346722
224201
224202
238789
153095
224207
224210
46233
66873
63612
68182
71057
336054
336055
336056
69871
76430
334763
224215
209216
80069
66756
224217
42287
346378
55628
520693
519598
520948
160551
70631
48031
155543
67965
71074
49442
42527
51843
224220
65344
45524
76238
43906
334765
79736
334767
51909
73200
50346
334771
85590
83378
72192
74563
65308
79737
78042
60455
338213
79236
112595
346396
50399
116110
67417
316381
81332
77077
76279
83057
64524
309895
51900
70780
338737
338730
71167
346401
138489
74882
169798
102366
47370
81944
59596
52907
58130
84790
56317
49063
328136
42989
61048
70330
65808
518881
518801
520489
132343
115054
114994
74756
369457
124548
131016
171106
362088
507380
507425
507667
507395
507583
507469
507660
507485
507243
106174
106175
106176
106177
10811
10815
237707
106178
10821
10825
10830
10832
106179
382364
10833
516922
187891
106180
10843
106181
386599
287947
257503
87434
50035
81610
53040
120494
70194
67925
191106
119598
10920
514414
514415
106183
364651
10923
371042
10930
404796
404798
133076
10935
404802
10941
10944
10945
10947
10948
140217
10949
404819
516514
404824
10952
11004
379761
382367
253218
11026
57957
85975
84304
231514
110826
79252
149020
65651
218843
224252
79518
11057
41537
58295
46061
54919
11063
23121
150219
286089
52027
21790
250294
250301
296049
106184
329286
255390
130003
167248
508009
508008
11191
508006
521316
523669
508007
368052
505074
522864
363370
377773
362033
363681
362034
11220
11221
171352
11224
228772
254732
116613
126798
11230
134038
372454
137955
227597
529148
248551
227927
529132
11240
65340
57090
248657
56047
49107
385867
11298
69328
84539
11310
307606
11320
343724
11326
292159
53051
360977
343775
93938
99812
274430
320174
349320
84154
501265
501264
112578
106189
120666
120665
248133
106191
382370
67065
187899
11475
304352
11507
236665
243097
337948
176665
176666
222000
176667
236666
520858
106502
106524
351085
352512
106568
344791
343396
132309
106719
106763
343397
106839
106885
106926
72041
361252
367908
344608
332591
77219
96974
84299
520061
126553
71827
80618
174721
316930
107103
280920
11525
183720
106197
11580
106198
11585
106199
106200
131642
382372
11586
11589
11591
236205
11592
132888
70319
329517
47064
11639
166171
259042
406633
11722
11740
227318
271391
89412
311964
46777
11756
51040
96257
11768
45734
49532
11777
228851
94555
76193
99767
329525
44008
11782
522867
523973
523948
332023
332373
372809
332366
332295
327502
407250
387339
332084
11807
407350
22745
11816
51676
11850
106201
120497
237737
327530
120546
11911
316343
317891
525487
160129
11924
11925
11967
78617
48341
197733
31385
153124
12000
12001
113969
96976
12002
12007
138079
12041
12046
271039
12052
25413
177805
21362
40761
177804
135750
68822
224421
75498
76969
25119
329529
79098
51287
317663
129726
12078
59934
177986
91844
74937
20503
378594
196179
526173
227580
72290
286167
526000
525384
12107
235803
526161
273194
247607
156068
227584
526062
196182
526196
108866
196184
500009
196188
526342
59964
42338
336690
526315
307687
161760
518284
526413
203553
526303
526406
381013
526474
373205
221440
525529
227587
286198
196205
526225
308012
345287
265779
153017
524608
375412
526250
526475
251942
130380
141479
21612
524607
100502
234819
380529
188525
243399
51132
101672
150562
138128
12174
106035
500153
500154
114575
221346
500149
500227
12182
94017
76539
276483
60880
103687
52060
102948
137274
103686
334832
337617
140147
297204
116692
153468
116694
265780
344253
500054
116702
116691
101955
103523
108846
102556
137279
104248
519473
58002
367790
206161
116686
116641
137281
367792
181696
344252
116700
104817
104605
171726
116684
297206
110581
138149
377762
74761
221328
126007
74157
63743
79313
74308
50802
221340
500276
68103
66182
378452
310567
236891
12202
200809
90149
59139
63209
42080
226060
12219
163220
372489
372577
407809
407889
332827
408076
380636
341607
408170
341608
388217
165241
408441
408450
119642
201973
163219
341611
12255
407839
407892
217569
163231
407996
12268
320206
12271
12272
87895
12274
12275
42108
12276
12278
105721
383743
12280
408636
68100
253820
80728
62085
256973
115506
119922
119923
117769
236185
250630
140219
106207
12333
250772
236211
236158
254535
12346
116715
61878
12348
12349
257000
135754
321263
321264
256635
77064
22725
49901
12350
107238
72360
101849
93819
56115
281790
351664
329721
220364
79005
281791
311324
52684
113161
74449
319282
350967
69041
120571
218373
298549
228856
190899
363865
61068
168250
72478
117573
12356
210060
305875
69390
288554
241852
63454
68461
69583
50588
128390
68185
87601
60891
329648
194846
12363
12364
42615
68183
60659
76115
60660
113177
116661
61362
58866
62033
90022
54986
12409
12411
114868
12469
70130
12477
51411
20627
106212
12534
132843
12546
277539
71302
60308
67494
71678
12567
327889
327987
50029
329847
270959
138789
12619
55771
147711
270596
12620
523450
523346
107624
162223
283861
67769
71402
12625
51563
84659
97918
92831
96574
153610
197880
182212
179572
72499
56014
85790
99581
60221
369933
332371
47649
286111
111199
196399
140048
93713
50042
331954
380954
49734
523291
153612
153613
129582
66244
66243
382889
128806
210933
153603
360542
91218
49561
132847
331956
128125
74669
45694
95216
534521
114097
168753
241547
331958
375565
70402
156488
116705
104714
274431
74838
77317
272937
54647
156490
308091
125973
98876
118566
529351
224507
209447
226132
523292
534872
529350
63812
161838
70685
331959
342695
56061
85789
12635
12636
224508
21745
92563
98429
190517
12638
12640
120061
227889
331952
12641
185337
12642
12643
160350
12644
141447
85263
233820
12652
83397
119453
170199
171030
525581
156555
227891
297077
302154
329558
103954
21966
128701
81651
255073
155016
300835
12653
128700
151221
175829
152226
156515
88632
12654
12657
329560
12658
156561
300432
83870
112320
12661
12662
140350
156516
331957
112279
12639
331953
94392
12649
12650
12648
101433
224511
12651
111561
233986
12655
12656
69242
331960
132090
12663
44115
315281
388866
526378
510918
378520
526132
272080
526301
54678
522528
247855
182569
315280
47835
66433
69146
70465
353721
514461
382446
254662
521331
12681
12683
523124
523085
47836
523054
233640
55454
522444
536101
59193
383976
317843
119567
234430
510416
519453
519332
386697
108380
12699
12700
25155
65597
60857
50572
235867
235880
57213
93564
99492
194513
258155
267575
363826
220208
111271
195075
196485
177944
69951
56843
92392
108330
103881
112135
247850
534525
239765
20907
80154
271623
182046
109138
126186
101960
156634
97781
253773
194274
183503
379212
192518
287690
256186
375442
241450
239767
67276
67806
12810
329790
76901
247499
351736
218000
351737
211213
333828
290292
280681
221313
94830
196452
307465
333827
54026
71803
74082
121491
133913
60192
176155
12838
94301
117387
166234
220834
12847
12846
12853
212881
75274
283962
54207
154349
500066
79106
60173
198410
198411
116714
86716
103786
58619
53662
196579
332098
235763
72988
12864
12866
12869
332118
80646
332119
78374
332122
116259
50947
48859
198452
74142
298115
253630
320215
252857
307113
73067
338074
12876
338075
286755
326200
338080
333042
96334
105625
308715
331055
341433
515525
361750
304924
227111
361767
273913
325318
338079
256735
341434
254809
228351
250341
341432
361752
331056
338082
227112
252168
381199
249460
332243
338077
310555
338076
256736
338081
56813
95507
307438
385673
535559
536506
59640
361658
504958
314488
361659
504956
94125
105436
13015
141388
250738
22194
526486
115361
47052
511777
192756
165976
358683
69580
272940
326323
80084
66742
220165
80292
354833
61257
58437
70351
13166
245130
13167
25153
270176
285685
19716
44751
71578
280748
60970
298737
369517
113755
80940
370201
77209
235504
138189
62159
241675
136553
369313
77368
13235
19712
13238
13260
210281
34157
49196
140058
151140
43608
13265
13266
13267
62826
13269
176118
41210
13270
47874
68105
13277
176669
327532
120467
525486
525536
525507
525427
525471
525465
13333
258158
72285
20937
140990
151158
241778
62794
62795
171058
55892
13396
76366
98625
49579
98187
331887
216520
378171
235900
20908
64850
331892
331890
56000
357132
357140
357138
357139
357141
273480
41908
13424
13425
72018
71963
13449
108486
248016
72126
13463
13464
99495
13471
217867
156812
176670
33492
25943
79785
13487
13490
145163
208462
196298
145164
114024
52610
99001
46657
41906
259189
66118
66119
77381
352763
240126
110872
13502
54273
80693
224630
13539
116519
175638
51007
92057
224632
104409
60975
224633
45597
13544
107698
13552
224641
224642
120502
114134
13582
80737
94920
95489
94958
179942
102677
168778
59124
103250
65958
58300
64731
118345
90597
61707
87538
59478
138237
357593
357594
83728
59642
97675
102068
75333
43017
103442
138497
13584
199950
116972
72193
131263
68731
103439
97657
129868
178174
121087
77618
13589
140275
92694
371694
308603
60422
105023
65871
95785
127576
69329
229955
90190
104197
74853
86698
368983
369315
160564
177959
175558
131262
66767
116968
71114
331840
331852
66443
13595
13602
13604
120503
131936
112098
322270
13915
273056
126024
200817
65053
57132
78597
324409
80162
13930
384516
220550
139745
529688
128045
535692
337006
311960
227378
97245
172411
155190
377058
236180
65394
371130
132216
152184
529365
311753
49071
138247
311961
370648
369411
51228
332992
154532
522167
140063
175410
82523
126770
126376
534510
203317
196180
219279
372834
536571
521778
58104
137589
78889
533692
56116
535230
535854
204656
77629
43108
75036
534138
66209
68391
204658
204659
59056
137913
146506
131852
78986
521771
166872
219667
131463
47607
57782
375968
63690
60208
81932
131967
55784
521451
77189
73394
79992
73959
43663
52628
65635
64953
79419
126805
227432
372835
60618
56514
68011
149360
73178
126806
361685
113293
62595
132081
132082
525648
79177
113295
116114
137526
73868
47582
49660
61654
372836
375860
521275
86953
285898
113298
132217
522166
119306
226500
86954
73588
52014
56163
84405
100913
46762
140064
62751
140066
361727
160711
224722
13965
160701
68225
68226
83275
70924
316962
253838
72278
86399
45723
224725
271645
66550
55755
81205
374795
160704
331796
147295
90692
98538
224727
536120
238995
341869
99596
299404
94772
331790
97846
275623
70534
196345
518250
99043
89674
130222
272961
535990
323073
520422
332987
81599
82321
324611
75989
60724
59008
74492
131863
103741
81464
315650
131862
55217
255776
57732
175412
125079
133330
79511
46172
518197
66951
322951
519215
69405
76061
76062
160710
219283
533734
536595
146526
524675
196737
343670
150322
14030
307471
96915
90492
97486
90628
322918
184393
62796
192901
24130
129055
91146
48838
24128
84437
253318
360174
535980
14080
66679
72804
14095
254545
119104
100589
299425
68581
287274
246626
53688
382646
327533
106219
122049
51496
315361
72855
14197
14199
315363
14202
14203
120957
224753
84899
108759
343727
53740
142054
60124
73599
61902
46453
168937
224754
87279
57354
84191
62012
81740
105381
287383
14208
89808
53738
53739
357733
132703
14210
84900
171113
329243
205674
205675
365427
46952
51198
130116
53836
59094
61972
74814
76945
71466
343764
50892
65056
85569
81695
42518
368920
106221
380404
380408
262315
318431
249866
14407
119927
107401
106224
327534
327535
328371
120661
155370
14411
117907
268603
112584
269090
328372
327536
328374
116132
106226
384946
119930
516361
516362
378090
327537
327538
119658
512609
107386
193799
14414
119929
269092
14417
126824
14441
341479
14453
111016
198895
310568
14463
514489
512245
179495
139612
44880
14465
72655
106228
25101
14483
14486
59937
140843
14502
106230
14508
80484
79940
69776
89681
375123
98633
83330
204599
68392
72158
73118
73994
91195
249415
63122
46356
166341
70583
110600
63831
515366
58180
74148
73149
67632
78290
256751
59613
98514
39098
69838
176999
305644
305645
85381
113997
70303
47118
56888
59770
249424
43991
204468
196438
74041
14570
280985
62004
65278
98777
86140
53121
98677
74087
150970
100121
89130
221411
82170
534170
71247
194627
78188
98293
63124
84839
61769
354094
53425
305654
99431
378459
120992
48871
221099
129240
89425
307472
60223
95605
47961
80819
89879
344795
93125
113999
93150
64074
58181
69976
120991
153057
317672
229993
234976
86862
196858
61580
56039
71737
60959
107587
42213
42214
168938
140745
51322
56330
108052
168733
76807
112845
322565
137634
210064
86598
54712
170124
328159
533230
533302
86593
54713
81063
84465
80322
56923
83878
70323
118675
93698
155463
201410
98683
64601
54240
81211
108005
91086
91968
328392
323565
323563
330951
378990
140044
183797
46750
321265
334039
114001
177032
323276
328422
48787
173151
58188
55984
91654
97493
58095
42756
79164
49453
98222
104705
93059
228696
63131
354048
57821
114091
99086
151343
77624
53459
100607
42113
132270
41237
89385
66347
138503
182520
46781
79318
102851
59155
89772
100351
151785
76257
116979
67603
89278
96720
15377
47650
68428
108261
55739
198899
124395
89352
15350
533238
280441
331936
131626
57771
85940
537827
134644
71067
111100
324421
44798
136004
100196
305665
77318
135542
76053
234519
81556
125243
325743
124510
359492
359494
158407
385475
91545
82187
162794
329871
97312
99014
67242
50778
96494
57810
84071
139640
52633
65922
240822
93053
70036
57100
95697
139026
51704
61167
166352
284258
343622
97408
91190
84320
120865
50729
83895
91553
94583
182496
73267
61710
156173
79794
153446
59147
62181
66154
121728
94909
63281
362508
100120
243493
111224
180266
61880
171603
238071
93846
111117
69630
301097
94128
63830
84416
152187
71625
116527
103381
71562
48888
45427
120989
45428
250490
500300
338356
108053
344285
65233
211107
535976
288271
321586
43073
68805
94405
194741
65156
54137
93894
95136
51454
373572
94181
116981
103193
138916
112844
72920
23366
182823
97374
89226
99608
44922
94001
346358
58930
57988
271657
90667
93898
61096
151547
76357
332636
77524
73040
166377
64409
44220
368116
57917
46114
351117
114006
317673
100091
97191
96367
77417
64181
97159
114004
65290
62306
79765
168011
270910
61716
76094
135554
72198
98020
52659
134372
64733
211042
170152
22649
346134
162287
99022
120168
298267
67302
71237
90482
254759
44653
211775
51445
86029
107668
234973
121754
78631
69437
84478
166344
244347
244351
244350
168936
151970
93539
97299
119836
151963
94530
79452
93764
94952
84928
60111
119888
82165
14819
62744
94397
97153
211108
536702
328393
375108
89299
90901
335064
532090
314715
155462
344286
323015
94475
534065
533660
174273
96187
533301
533231
258920
330950
320176
378989
320177
346625
537705
334939
224966
168935
82317
135551
96433
89984
515365
90377
97209
98183
328421
21805
14877
94529
91147
375104
255681
110737
50507
322350
14995
14996
331799
89552
329319
15009
95331
92597
67290
224976
224977
94624
130086
101610
105748
269123
15051
224979
15053
322370
15058
204469
93519
204471
66668
100670
100671
118230
15130
70946
87692
21067
322398
21072
15181
324988
323542
83210
53081
91547
21766
89507
95023
69240
42117
131064
15226
98405
116385
124501
311433
311435
329337
77584
101371
372653
15288
287195
87104
95873
100754
101372
224994
15290
209911
249417
249419
249420
249423
249421
101611
91807
96220
15319
15321
62616
15340
322446
225004
153060
15376
60830
97044
305664
15406
15421
197103
15430
331812
519237
15301
537784
46357
130413
332624
322448
115409
62262
42143
121748
140521
104038
94788
124168
239134
112520
273278
64845
92823
100821
58388
15551
133020
151565
100828
323523
15564
15569
15570
323536
15578
15594
93470
15607
45195
15648
94447
41324
324989
323544
15682
370865
125311
131969
130383
62723
15727
74190
90056
15767
62745
41336
293022
15793
255334
68152
58702
241549
174070
256258
210116
211031
99600
78948
322493
15080
98668
15245
100241
500321
15544
321630
325063
79868
79869
66406
75977
15835
140681
15849
15851
15852
175302
15862
46163
25797
15884
69067
49066
140070
47848
74084
116982
57940
105266
50752
15885
521674
362513
96197
210514
99843
66407
85538
291635
141438
99980
254828
69031
305978
49325
131297
225041
368389
44410
15892
129070
312158
77027
92863
21715
92107
92397
92598
98001
77304
50268
99314
124602
88831
159339
319485
159333
247516
197882
362078
131363
344760
284468
362076
279487
159328
159325
128199
328383
92185
284377
126353
332008
361020
60406
63174
15945
79294
73530
87217
93752
50688
39502
88829
203375
360948
352492
89430
165160
72946
80002
59312
78972
237141
237143
87545
51950
59572
78078
76931
63008
237147
61100
69194
80655
125789
96473
122221
39567
93000
93040
126246
90298
360935
60866
139444
98289
99356
59838
39624
97735
88827
94491
84381
91730
95063
122171
330794
95586
139443
83750
49168
97747
332009
93702
96807
95576
119717
90990
94980
231402
161044
122277
291902
339837
80544
129828
139397
127556
50425
127231
57384
155446
215648
154944
119740
120524
95898
92535
138074
201639
94395
119010
93638
102418
94213
53025
124988
121030
99741
98313
95981
98484
99832
175973
91354
284781
507788
97655
119732
377908
83237
96212
145194
91894
217557
92073
96950
96961
95767
95768
80211
51296
125777
95534
54335
128236
75073
112891
100089
96757
101413
154875
57601
97443
40152
112648
248902
62815
91751
40184
95641
98060
72830
16000
16001
40226
119013
97019
57125
145572
228357
89756
125805
142600
60496
334877
95933
131349
89291
295612
96103
320108
96250
67980
56088
90035
129471
291901
360661
90283
311388
89403
96920
269188
137557
258240
54385
77049
66552
143328
129147
89921
244819
116291
159329
165882
199174
69994
61198
161045
152752
97893
295613
158934
362075
139486
96801
92858
360674
192673
158936
93789
124610
94468
89166
320109
215649
284779
89908
108656
70615
330795
339838
141017
126093
203374
199175
61657
136423
201640
196207
341496
284467
328382
121031
362077
159326
281812
154036
507789
97346
88826
67581
80805
323484
74208
40391
49825
59902
77408
33904
16015
89429
16017
236742
33917
171839
303891
62113
304225
303887
22257
21239
279605
33925
48527
324368
166568
304342
40481
322301
58762
140979
99405
304180
192078
16040
215167
16041
101430
344190
16043
225285
304178
19664
166571
39791
33951
324358
304200
16046
89685
16047
40472
16048
101613
92230
358863
16049
333584
324355
303892
329177
329184
65493
56895
78577
105800
16055
52982
81860
71046
16056
317876
92238
55538
237885
304202
324342
303843
304181
21192
16072
31384
118713
303842
26387
166576
16078
78435
16079
48102
66888
324334
39341
19665
303890
75312
304223
304183
78184
16086
272885
225260
225264
39316
40477
89692
96275
56881
329191
42801
270425
287698
272690
116166
153817
124331
205743
118893
86679
16099
332329
315285
180685
199435
297301
193593
180267
118365
154798
173105
153753
219520
181199
199465
293007
184288
239773
77172
82037
225305
332047
357361
191837
138576
57929
357408
91816
112306
154675
232306
150940
178714
137309
154799
329444
88317
120174
150825
226031
332330
50111
85294
64506
54546
322032
72238
73549
353598
75074
114135
524303
524326
524289
524332
524270
16125
524277
524314
302699
524317
318447
324280
119893
132317
16128
87705
524278
524329
524302
524301
524268
524309
16132
524331
322683
524253
524288
524272
524273
524299
524333
21165
524259
524300
16141
524266
302692
330683
524285
524334
524262
524321
524292
524265
524323
57885
73551
524294
244085
16149
524283
524269
90028
92134
16150
58879
524274
329152
524254
524286
250595
16151
118855
84001
211224
16182
67481
160975
77750
90569
310406
160976
85973
168943
50129
328866
324228
56847
324219
164576
97263
16268
302820
239631
16229
150482
107155
324269
16231
78246
74544
152424
59382
65730
344917
16238
329147
16239
161035
74102
59538
55521
63414
351051
328865
16255
140355
128026
255685
127857
16261
328864
66615
16270
44117
52539
332334
83834
16275
16276
61854
80806
328867
226275
44279
329136
322778
16285
153503
335683
84734
264584
16301
285283
170743
301975
16299
296402
119286
153600
41245
41566
384001
384014
384018
384019
387434
384088
386331
384091
384094
384111
522103
521128
384115
386333
384683
384249
386346
386350
384285
386353
386319
386335
386359
386338
386344
384211
386318
386334
386645
387185
368260
194381
239095
180773
74529
86833
332059
351739
42791
61569
323340
61744
177411
351740
197772
197771
380571
115668
330955
325617
98399
328017
377839
377841
297306
16411
351023
16430
103285
253243
81378
258292
66279
199565
378756
97639
250275
225366
19856
43896
286125
225367
268172
83302
68757
53246
359839
79441
287385
232166
107609
232167
225369
87458
68414
69611
87459
70435
254811
46527
48302
183328
225370
64703
16434
87460
409307
409309
254453
48076
316949
314930
16452
136252
16453
233013
96073
65567
323988
96875
386755
386753
135173
384002
50660
277984
23542
66399
95357
260154
16456
297187
366106
333162
187978
77804
354228
100352
21397
45048
126156
171785
193763
16467
209095
116707
42688
99765
89617
70957
354260
376484
332138
73739
202535
51817
70543
41195
16479
54588
48768
43897
202534
16484
16496
225408
71455
169824
140466
16692
75723
92908
86835
225491
92583
16622
225527
246141
91150
534548
105286
268015
332622
205225
16803
16805
113063
137109
329833
80261
136257
16806
101036
16807
108603
358873
141324
330497
141323
301764
233020
23973
65527
225572
119870
389094
387006
308827
387008
93929
387007
97461
105609
16883
152866
325148
377829
356919
16932
85467
185343
69410
84211
48750
17057
62902
48737
165776
77943
82276
82386
136331
178855
241260
211325
384044
17066
17075
43751
135229
281606
95857
47612
90263
17100
91604
17110
363546
228427
17164
17167
363551
107253
375220
92350
232214
75393
360777
219055
232228
58367
80948
84347
21910
100953
17226
87783
17231
376445
17239
133115
55474
212077
99449
515377
344928
17274
215079
31352
94119
48657
17361
249403
102996
87861
322033
136113
17399
297190
297191
323353
17401
80141
87090
242536
299405
330177
68498
151448
355989
229372
334897
43525
80120
99977
74241
94063
53626
80924
289513
129341
91312
105807
113095
241752
374272
90122
61267
247894
500225
332170
87866
17410
92617
71372
97176
17453
95590
512578
150759
150760
234263
272071
69829
73283
17517
376897
376387
17519
58235
215029
215030
194751
68743
61876
135561
272973
24223
107184
68455
78666
17623
17628
225644
244345
130512
327138
353104
529582
130500
353105
307120
322902
17639
301113
378219
378220
365623
291676
317174
286772
365625
323929
17649
134703
328055
17658
58439
191246
24236
181605
23532
87465
96104
312889
46716
17672
142466
92159
80099
142467
54863
351742
47597
527367
61316
349614
378541
48081
378536
57437
378537
225653
378291
372769
162419
351744
351743
351745
378538
378292
113037
104244
312890
372768
378542
279220
328056
17676
322243
385153
381703
225656
17687
54723
56856
331605
104952
77779
323872
323870
323869
49685
286295
125951
17695
17699
94157
96548
17651
244340
291104
323892
225649
131973
97141
155693
151711
202813
82075
149373
195595
120091
287874
19582
287855
17731
17732
17733
162421
287877
287857
287853
125735
17736
287868
17737
17738
341665
17739
516537
285578
17744
253909
253911
17748
106244
253913
20040
382420
327544
382422
99645
43659
17781
17806
17828
17836
341075
345390
52694
238326
371610
78321
101811
17842
207030
344755
274456
249397
343417
226161
84805
315989
230274
274784
228794
268591
112580
112581
120627
112585
131630
112586
112587
516365
268593
112588
268594
112589
323208
323217
328118
328119
120492
323467
58309
90232
17876
84874
65301
76851
17877
322168
132496
151205
74016
98268
101954
17896
182570
361707
254850
372536
150401
370042
178655
137811
152886
247927
311968
323770
196187
311969
243675
336591
198905
150359
202849
362532
362531
362530
370664
370662
370663
202848
17919
17922
179307
119000
119025
323678
323723
536362
17931
17933
235523
535699
536432
92075
535762
271700
220553
536075
275981
89496
81052
536261
157010
535906
156601
118442
96635
157011
179566
138513
77002
226280
316733
61529
17960
272975
329066
69478
79801
536122
304376
243680
111495
80919
56696
212314
25291
329722
329719
206736
70874
340959
314752
385663
345992
55791
232678
74630
52836
18035
233817
522647
315758
206132
66575
70587
18060
74406
18068
71186
53578
56430
22726
76367
360177
86777
115515
25231
372635
170969
182589
20658
228814
308832
163488
209311
343628
308629
62598
292602
81503
296733
165987
82650
336071
55890
135111
80079
343195
325485
81940
256681
331902
102240
45177
81533
331903
91964
180778
254423
101497
18176
388215
125636
130804
207989
48890
225713
225714
98125
272569
119884
121570
290513
251492
306619
92917
42492
225715
225716
116985
225717
49024
75886
235985
257085
277282
25583
116987
69904
104521
98267
225719
374118
301497
178665
180892
178667
178656
182242
135381
18189
225722
220596
75868
83821
243731
98133
90739
59677
42416
96407
74385
52341
152476
286927
182276
78232
72908
18191
161574
99824
225724
140281
105763
105762
98837
211918
131431
96267
140177
89490
170642
120551
273666
95019
25586
326633
55747
53652
149134
149135
149136
121573
149138
290514
187192
124600
151288
153291
105106
208541
89408
149140
187191
96309
49023
277381
65020
273667
201917
77670
89277
53773
90194
48891
169683
208637
180251
69695
85596
43281
178657
89918
208932
82792
149141
178658
87453
44837
18213
59678
134881
240004
370541
136898
74389
255735
102263
104332
334165
368864
239969
118601
525512
18218
73986
18220
59795
49798
18247
335381
59472
83693
52588
82586
76505
61958
18249
85756
261494
85121
286877
84046
63998
286881
69254
45872
288163
326735
286887
43111
350458
39099
75378
83975
78747
73661
53759
18258
65643
57269
169752
268526
226071
18282
169785
297800
306744
178471
512087
257155
511254
210911
329623
329624
329625
18287
375794
302764
512535
77641
93768
336593
170955
90889
300360
62637
18288
100978
18289
18296
88884
25294
23964
239961
18460
409666
86219
327888
18565
274605
180271
18566
343228
239785
18573
189902
343428
380577
332206
21314
255973
76137
364712
258503
258502
231116
231117
227836
231121
343418
231123
231108
292072
124872
206820
216440
216437
57014
86334
372655
216439
108696
227830
269535
78234
25967
36
269
268
133269
102688
586
652
1457
1460
139012
1461
1889
80461
67442
207703
3136
93978
363963
89775
3139
207704
108131
207706
170663
3142
282531
207709
166438
93770
77900
133001
3294
95935
67464
213492
214601
4387
214615
92589
92567
90499
205672
92131
105716
101338
101052
325053
7138
7196
158814
529493
529494
337987
334793
41058
99033
9499
72295
9503
329934
9835
9838
9843
57396
175408
10334
241242
241243
69541
92105
241182
241251
241249
241193
241248
98319
45248
41440
98806
177868
363376
245371
10335
47085
51398
325847
84664
96260
77915
331038
331039
299511
11097
87319
287675
263257
375397
11557
11561
140708
12518
360255
330041
12988
224551
13059
13061
13071
330167
352132
57505
133029
71791
13094
331800
13101
133031
93466
105357
13119
13122
165977
115366
13150
79725
286247
329929
331882
66395
81339
63557
13362
13365
79695
62396
13937
59913
331700
14090
53879
14248
14249
121101
93508
121102
102145
80490
14252
88412
92818
14253
14279
318045
317436
14280
69287
181306
324364
205754
23746
73960
329158
14313
284769
17252
360992
374150
236465
328101
331708
128320
22125
65862
142341
54823
500226
245665
192899
176292
18598
249853
94531
225796
134274
79372
329930
371441
335495
138346
