71839,1
379082,1
26083,1
76583,1
59418,1
50593,1
80913,1
322413,1
65552,1
351549,1
51307,1
93024,1
67032,1
77036,1
55434,1
336097,1
185167,1
26215,1
120655,1
185164,1
185166,1
507786,1
280246,1
285633,1
119116,1
178741,1
176700,1
255628,1
721,2
721,1
177523,2
177523,1
722,1
185972,1
523363,1
80980,1
279648,1
105540,1
156134,1
279647,1
279646,1
279645,1
523362,2
523362,1
737,2
737,1
523361,2
523361,1
260682,1
270260,2
270260,1
211541,2
211541,1
52621,2
52621,1
298623,2
298623,1
168703,2
168703,1
374843,2
374843,1
170218,2
170218,1
324876,2
324876,1
324878,2
324878,1
324880,2
324880,1
298625,2
298625,1
344837,2
344837,1
182428,2
182428,1
339126,2
339126,1
344131,2
344131,1
344132,2
344132,1
344133,2
344133,1
298626,2
298626,1
296016,2
296016,1
42964,2
42964,1
152930,2
152930,1
270259,2
270259,1
152931,2
152931,1
240228,2
240228,1
152932,2
152932,1
152933,2
152933,1
240229,2
240229,1
179188,2
179188,1
152935,2
152935,1
349272,2
349272,1
108938,2
108938,1
111252,2
111252,1
112203,2
112203,1
211065,2
211065,1
334247,1
211313,1
106042,1
101270,2
101270,1
312575,1
184518,1
282043,1
214929,1
221465,1
147978,1
184488,1
112436,2
112436,1
139328,1
368000,1
139329,1
184524,1
220727,1
280724,1
156521,1
184517,1
333793,1
112442,1
112444,1
173876,1
173881,1
148633,1
173889,1
364778,1
148672,1
214927,1
202885,1
112430,1
378145,1
378146,1
378147,1
333091,1
184525,1
241693,1
378156,1
337141,1
112439,1
184519,1
112443,1
375089,1
89875,1
95918,1
26468,1
186131,1
186134,1
517979,1
517341,2
517341,1
337684,2
337684,1
221474,2
221474,1
221494,2
221494,1
831,2
831,1
840,2
840,1
186210,2
186210,1
186211,2
186211,1
186219,1
292273,2
292273,1
353623,2
353623,1
349964,1
312577,1
349969,2
349969,1
112402,1
165502,1
350035,2
350035,1
194710,2
194710,1
217953,2
217953,1
165496,1
349980,2
349980,1
112404,1
521559,2
521559,1
165500,1
858,1
196810,1
333795,1
253448,1
282512,1
334256,1
521083,1
78771,1
334226,1
521169,1
334249,1
333796,1
226282,2
226282,1
517750,1
218227,1
521171,1
522791,1
334255,1
521326,1
186242,1
877,1
186284,1
520210,1
156182,2
156182,1
315296,2
315296,1
174270,1
259188,1
106044,1
200398,1
132153,1
142631,1
200395,1
304718,1
238930,1
307774,1
142632,1
156196,1
186569,1
106045,1
106046,1
186571,1
186572,1
143018,1
237172,1
106047,1
186574,1
186576,1
142633,1
186578,1
105497,2
105497,1
280976,1
178819,2
178819,1
175314,1
1104,2
1104,1
188276,1
344766,2
344766,1
191524,2
191524,1
190714,2
190714,1
291463,2
291463,1
292252,2
292252,1
121188,2
121188,1
1313,1
97932,1
65620,2
65620,1
233129,1
199173,1
215499,1
215394,1
193659,1
199176,1
215451,1
215486,1
190175,1
380437,1
119443,1
106051,1
233228,1
233230,1
233507,1
233162,1
233178,1
119435,1
215308,1
215311,1
215312,1
233137,1
106052,1
176778,1
140380,1
325179,1
234893,1
389167,1
234891,1
119498,1
246796,1
172570,1
139302,1
199444,1
165507,1
156042,1
226748,2
226748,1
52447,2
52447,1
109542,2
109542,1
26895,2
26895,1
68576,1
522279,2
522279,1
524919,1
525088,1
1575,1
79002,1
284003,1
114041,1
284001,1
20903,1
191382,1
526674,1
523088,2
105555,2
105555,1
277906,2
277906,1
105559,2
105559,1
70045,1
68713,1
156883,2
156883,1
134180,1
134179,1
55729,1
103867,1
106060,1
127412,1
146647,1
306453,1
271941,1
43477,1
351282,1
237490,1
27734,1
296992,1
296996,1
279711,1
248691,1
347654,1
239115,1
250148,1
331044,1
48754,1
307183,1
292698,1
347912,1
257075,1
348088,1
296970,1
302972,1
325490,1
513784,1
513783,1
348067,1
253805,1
292421,1
176780,1
177888,1
347903,1
164608,1
348074,1
203596,1
203584,1
84584,1
75912,1
234423,2
234423,1
261229,2
261229,1
325535,1
325968,1
132707,2
132707,1
107279,1
353488,1
234900,2
234900,1
524962,2
524962,1
235494,1
353443,1
107280,1
246739,1
107289,1
353444,2
353444,1
107281,1
234899,1
173270,1
206888,1
48143,1
139288,1
353445,1
107282,1
246746,1
278378,1
353446,1
215525,1
246740,1
246734,1
199201,1
353507,1
353505,1
107283,1
353485,1
353508,1
173254,1
246743,1
246744,1
107286,1
173154,1
246737,1
235495,1
173278,1
173256,1
353450,1
107288,1
165061,1
304019,1
318422,1
318423,1
27854,1
318425,1
165063,1
162815,1
139362,1
368796,1
526442,1
525811,1
526599,1
302867,1
353962,1
120895,1
363872,1
528759,1
361804,1
361805,2
361805,1
525578,1
525464,1
525553,1
298832,1
204032,1
525046,1
204413,1
57302,2
57302,1
302176,1
311031,1
195919,1
360304,1
303724,1
216092,1
168876,1
82637,1
153697,1
29468,1
116447,1
106063,2
106063,1
521773,1
304021,1
517369,1
157228,2
157228,1
204846,1
204849,2
204849,1
204850,2
204850,1
277684,2
277684,1
365945,2
365945,1
338818,2
338818,1
280714,2
280714,1
369969,2
369969,1
280725,2
280725,1
362085,2
362085,1
157186,1
204853,2
204853,1
184326,1
184327,1
149640,1
252648,1
149657,2
149657,1
184325,1
139382,1
139381,2
139381,1
284344,1
281858,1
349892,1
163552,1
206889,1
349894,1
134666,1
517450,1
536988,2
536988,1
504028,2
504028,1
135076,1
135092,1
135059,2
135059,1
349901,1
112390,1
357746,2
357746,1
241841,1
233039,2
233039,1
122060,1
246926,1
184541,1
107456,2
107456,1
346331,1
184533,1
346336,1
246929,1
122188,2
122188,1
234898,1
346339,2
346339,1
122189,1
199777,2
199777,1
119488,1
184538,1
122069,1
246931,1
156545,2
156545,1
346342,1
279943,1
184536,2
184536,1
233040,2
233040,1
367395,2
367395,1
346345,1
292866,1
241676,2
241676,1
184547,1
346346,1
172377,2
172377,1
293284,2
293284,1
353463,1
293269,2
293269,1
353470,1
293279,1
529291,2
529291,1
279579,1
107311,1
176830,1
353475,1
133333,1
107315,2
107315,1
133404,1
521743,2
521743,1
246018,2
246018,1
107320,2
107320,1
139296,1
529300,2
529300,1
293283,1
353511,2
353511,1
293280,2
293280,1
293289,2
293289,1
293290,1
353512,1
522181,2
522181,1
119152,2
119152,1
119154,2
119154,1
293273,2
293273,1
139297,1
107329,1
353516,1
139298,1
350490,2
350490,1
241812,1
349853,1
246749,1
349863,1
156345,2
156345,1
521608,1
156346,1
349856,1
349855,1
517345,2
517345,1
349848,1
241814,1
241594,1
246759,1
245445,1
521918,1
251818,1
112393,1
381568,2
381568,1
251820,1
124565,1
119155,2
119155,1
207346,1
217885,2
217885,1
217909,1
119135,1
372727,2
372727,1
119158,1
269246,1
337366,1
199437,2
199437,1
207339,1
337396,1
233030,1
337996,1
337384,1
119138,1
337997,1
217900,1
119140,1
217899,1
347164,1
106080,2
106080,1
139301,2
139301,1
2392,2
2392,1
106081,2
106081,1
112514,2
112514,1
537002,1
360192,2
360192,1
521734,2
521734,1
204856,2
204856,1
157217,2
157217,1
204857,2
204857,1
309061,1
303551,1
316083,2
316083,1
303562,1
303557,1
303564,2
303564,1
370088,2
370088,1
370086,1
370105,2
370105,1
370102,2
370102,1
207958,1
122199,2
122199,1
221572,1
221573,2
221573,1
139387,2
139387,1
370050,2
370050,1
388128,2
388128,1
112513,1
122198,2
122198,1
106083,2
106083,1
201459,2
201459,1
280713,2
280713,1
2424,2
2424,1
50646,1
104013,2
104013,1
265695,2
265695,1
24950,2
24950,1
157291,2
157291,1
361108,1
353413,1
347335,1
353414,1
353412,1
237825,2
237825,1
299909,1
143903,1
279712,1
360305,1
360306,1
360308,1
250464,1
378552,1
239355,1
249757,1
143904,1
219409,1
370885,1
361109,1
361107,1
351284,1
347334,1
351285,1
351286,1
157318,2
157318,1
157319,2
157319,1
328038,2
328038,1
168217,1
328037,2
328037,1
352907,1
206166,1
247182,1
247181,1
217040,1
206160,1
217041,1
247191,1
247186,1
153592,1
205115,1
202703,1
217043,1
238351,1
371881,1
247208,1
247200,1
247201,1
247187,1
247203,1
247206,1
217048,1
247205,1
247204,1
247202,1
247198,1
247209,1
217050,1
368799,1
366016,1
206158,1
247185,1
176611,1
337331,1
247213,1
217053,1
259254,1
247210,1
217054,1
217055,1
217059,1
217061,1
206165,1
238352,1
177526,1
247212,1
536941,1
247197,1
247207,1
247199,1
217064,1
247196,1
304032,1
247195,1
247214,1
382658,1
247215,1
247194,1
88722,1
247193,1
206167,1
237420,1
279267,1
318516,1
327345,1
330507,1
327343,1
362334,1
317783,1
353304,1
308663,1
353303,1
337952,1
520014,1
243511,1
310421,1
229738,1
220979,1
310444,1
298996,1
319764,1
372706,1
311518,1
302488,1
379317,1
291493,1
362344,1
371108,1
362348,1
371105,1
371107,1
371106,1
346089,1
362338,1
351241,1
197920,1
197918,1
302939,1
236362,1
197940,1
302941,1
199680,1
526085,1
525691,1
386136,1
386137,1
362314,1
526409,1
242712,1
362302,1
362300,1
526331,1
362329,1
362327,1
281327,1
281326,1
362328,1
526374,1
362058,1
362062,1
325067,1
253808,1
297225,1
325066,1
338678,1
362333,1
362301,1
362298,1
362475,1
362473,1
525614,1
525566,1
241573,1
310420,1
226814,1
227194,1
362318,1
362317,1
362319,1
362265,1
362268,1
315670,1
325073,1
362264,1
352911,1
334463,2
334463,1
352913,1
306844,1
525917,1
334465,1
242728,1
362311,1
362312,1
362313,1
525531,1
362296,1
362295,1
362294,1
362293,1
286006,1
362273,1
351288,1
353705,1
344629,1
236375,1
302940,1
197915,1
197943,1
310141,1
197919,1
302942,1
298640,1
362257,1
362343,1
361857,1
362346,1
362342,1
362347,1
310443,1
362262,1
362261,1
363356,1
362341,1
362340,1
362337,1
202027,1
202025,1
520394,1
524793,1
199681,1
211942,1
524792,1
524808,1
525139,1
525265,1
367815,1
156433,1
526675,1
206616,1
248450,1
206619,1
133111,2
133111,1
344138,2
344138,1
55173,2
55173,1
80135,2
80135,1
44937,2
44937,1
206519,2
206519,1
206520,2
206520,1
157369,2
157369,1
90822,2
90822,1
105534,2
105534,1
259166,1
517190,1
378119,1
343227,1
71018,1
287907,1
236719,1
329575,1
319071,1
345569,1
278248,1
270426,1
347316,1
325164,1
329595,1
534038,1
251801,1
522830,1
251803,1
345570,1
236718,1
346581,1
287914,1
371583,1
306727,1
302125,1
346582,1
251806,1
522813,1
346583,1
329584,1
346584,1
522817,1
329591,1
522805,1
329585,1
251809,1
522818,1
329228,1
329608,1
517159,1
329609,1
378969,1
329599,1
251804,1
354045,1
354046,1
273493,1
297297,1
354058,1
354059,1
309231,1
218349,1
518121,1
354103,1
251808,1
246868,1
106088,1
246853,1
241699,1
241702,1
241703,1
106090,1
241704,1
241705,1
246863,1
361040,1
241706,1
106092,1
210490,1
241707,1
246859,1
246864,1
241710,1
275170,1
241701,1
207112,1
329598,1
329592,1
207116,1
219165,1
157404,1
157405,1
383264,1
210495,1
210489,1
207136,1
207137,1
522006,1
517173,1
518089,1
346586,1
346587,1
251815,1
371986,1
217771,1
346591,1
251814,1
307212,1
306745,1
217770,1
157406,1
207141,1
119108,2
119108,1
121158,2
121158,1
52915,2
52915,1
3055,2
3055,1
300994,2
300994,1
28782,1
20782,1
176857,2
176857,1
295470,1
290938,1
290928,1
290933,1
290935,1
290930,1
290931,1
290936,1
290934,1
295280,1
295073,1
295074,1
295072,1
295276,1
295277,1
290939,1
349565,2
349565,1
342006,2
342006,1
298137,1
295273,1
295079,1
295078,1
295070,1
295062,1
295066,1
295068,1
295063,1
295064,1
295069,1
295067,1
295075,1
295076,1
295071,1
299492,2
299492,1
344159,2
344159,1
106096,2
106096,1
370796,2
370796,1
238381,2
238381,1
371879,2
371879,1
348385,2
348385,1
208968,2
208968,1
209062,2
209062,1
209068,2
209068,1
157515,2
157515,1
174782,2
174782,1
209074,2
209074,1
209106,1
209104,1
142250,2
142250,1
109388,1
210112,2
105499,2
105499,1
210411,1
210412,1
3722,1
157604,1
163712,1
181608,1
285698,2
285698,1
157618,1
140062,1
178973,1
143418,1
285482,1
122757,1
363373,1
376201,1
217806,1
229721,1
217788,1
217789,1
208651,1
172430,1
143697,1
178969,1
252359,1
299709,1
142134,1
143691,1
143195,1
143323,1
143196,1
143818,1
126283,1
178976,1
176742,1
176737,1
135154,1
123903,1
143268,1
305311,1
156112,1
359207,1
285495,1
313340,1
337202,1
178986,1
143271,1
160820,1
233401,1
199007,1
374699,1
160815,1
147376,1
124022,1
123623,1
178962,1
313336,1
176734,1
176735,1
147312,1
123260,1
135199,1
371082,1
157332,1
157338,1
220560,1
135135,1
299017,1
214407,1
147371,1
155804,1
155404,1
221547,1
122786,1
122616,1
257221,1
175566,1
122619,1
122719,1
150906,1
122514,1
229725,1
122872,1
229729,1
211486,1
157692,1
295461,2
295461,1
119347,1
194680,1
194684,1
212550,2
212550,1
138136,2
138136,1
138134,2
138134,1
360994,1
247699,1
360311,1
73965,1
250370,1
518907,1
519891,1
213334,1
44177,1
71766,1
380630,1
90825,1
89639,1
94635,1
138200,1
282208,1
70009,1
238359,1
25953,1
153666,1
139227,1
280957,1
60836,1
82456,1
281486,1
105511,2
105511,1
214514,2
214514,1
214515,2
214515,1
82742,1
214516,2
214516,1
60968,2
60968,1
280981,1
269782,2
269782,1
240058,1
376990,2
376990,1
376991,2
376991,1
376989,1
376992,1
264550,1
239160,1
212131,1
141809,1
142726,1
351242,1
353834,1
353833,1
353832,1
385781,1
133329,1
353863,1
353821,1
353822,1
353823,1
353824,1
353842,1
353843,1
353838,1
353839,1
362480,1
353852,1
133327,1
163396,1
323048,1
353848,1
294465,1
353865,1
353853,1
353855,1
353856,1
355787,1
355786,1
353831,1
353849,1
355789,1
142734,1
142733,1
529104,1
353840,1
237456,1
142725,1
353860,1
282033,1
365286,1
353858,1
142746,1
351169,1
329917,1
353861,1
354173,1
132450,1
350254,1
287471,1
133323,1
235171,1
353857,1
355788,1
343431,1
174979,1
30720,1
353864,1
142763,2
142763,1
141807,2
141807,1
163393,1
141806,1
353836,1
122437,1
353828,1
142773,1
525723,1
353948,1
353829,1
311509,1
354177,1
142779,1
163402,1
158205,1
105565,2
105565,1
293239,1
293236,1
199931,1
518185,1
112426,1
297286,1
158213,1
105568,1
378140,1
173930,1
119336,1
139319,1
173948,1
173947,1
293191,1
388146,1
301559,1
387334,1
516567,1
517782,1
307216,1
378137,1
378142,1
378136,1
119342,1
293192,1
361002,1
500531,1
302126,1
378134,1
521605,1
293194,1
500543,1
173936,1
173946,1
378984,1
388253,1
194078,1
388254,1
158218,1
199782,1
199801,1
199915,1
237223,1
279953,1
199873,1
327174,1
199875,1
310560,1
199876,1
380389,1
199854,1
199910,1
364573,1
246060,1
310559,1
199886,1
199887,1
199895,1
139350,1
199868,1
139378,1
246049,1
286298,1
364548,1
246050,1
203333,1
199853,1
199862,1
199918,1
106106,1
304068,1
265848,1
320734,1
199837,1
349227,1
124421,1
133280,1
337867,1
311806,1
258689,1
203334,1
233043,1
311754,1
370632,1
199730,1
251828,1
506748,1
364570,1
199819,1
112370,1
112371,1
133284,1
199812,1
265849,1
251824,1
199811,1
139317,1
311758,1
337904,1
139318,1
318439,1
310557,1
199860,1
297119,1
199839,1
139349,1
337894,1
133285,1
346141,1
199733,1
199773,1
199774,1
387294,1
337878,1
311807,1
307217,1
337912,1
251825,1
337880,1
301818,1
199823,1
330675,1
265855,1
337890,1
347163,1
199834,1
252187,1
199883,1
520203,1
517177,1
251835,1
199903,1
112373,1
267553,1
310558,1
388706,1
124424,1
265853,1
265851,1
364549,1
133288,1
311794,1
337893,1
246034,1
105584,1
72392,1
158243,2
158243,1
121513,2
121513,1
158240,2
158240,1
119184,1
119194,1
103211,1
180350,1
170165,1
173181,1
328264,1
344411,1
353393,1
42417,1
293216,1
165835,1
282380,1
282382,1
306459,1
300464,1
327387,1
234457,1
173211,1
317641,1
302856,1
320649,1
320672,1
57110,1
173251,1
286395,1
271073,1
249104,1
376631,1
372394,1
197449,1
177686,1
198347,1
338038,1
385613,1
383286,1
216939,1
351579,1
58097,1
327685,1
62200,1
238015,1
290580,1
230672,1
121477,1
180927,1
248700,1
372410,1
372406,1
345425,1
167347,1
192096,1
146132,1
350950,1
352660,1
352662,1
352671,1
352674,1
327273,1
184671,1
307078,1
331220,1
353523,1
298716,1
59748,1
48350,1
249103,1
94897,1
134654,1
213089,1
372420,1
514203,1
77084,1
239039,1
109314,1
350873,1
337651,1
271087,1
306767,1
248790,1
229267,1
504876,1
352978,1
143510,1
170170,1
308032,1
65181,1
72627,1
173443,1
310326,1
248734,1
243512,1
248735,1
360370,1
331211,1
309299,1
250816,1
306535,1
344410,1
58707,1
365009,1
349584,1
349575,1
366101,1
372439,1
78663,1
375279,1
360360,1
523911,1
183092,1
143260,1
50875,1
85704,1
290581,1
345427,1
173520,1
248738,1
269361,1
136691,1
178229,1
293217,1
241159,1
338043,1
67744,1
255376,1
234128,1
306441,1
173581,1
170174,1
368345,1
253430,1
372453,1
307639,1
333804,1
234213,1
197486,1
275878,1
213116,1
353659,1
104188,1
207790,1
325092,1
173632,1
79193,1
173646,1
317643,1
342453,1
317644,1
342447,1
52228,1
80212,1
345432,1
241929,1
233085,1
173665,1
43496,1
43497,1
309407,1
94984,1
241485,1
190681,1
297245,1
170175,1
253431,1
372466,1
56240,1
44906,1
263317,1
96897,1
325093,1
184661,1
315726,1
248757,1
116445,1
369039,1
352979,1
273375,1
47748,1
114204,1
62628,1
104132,1
209192,1
274820,1
345575,1
173792,1
271354,1
209193,1
127396,1
372494,1
76337,1
241928,1
353787,1
70521,1
197497,1
173834,1
158048,1
84042,1
43686,1
352782,1
208248,1
338053,1
68772,1
226987,1
309435,1
152615,1
368348,1
317092,1
317093,1
208249,1
173994,1
233734,1
197504,1
289126,1
99455,1
369047,1
338059,1
360890,1
370876,1
344175,1
99606,1
231305,1
56242,1
170180,1
379027,1
307080,1
65564,1
281785,1
309492,1
113833,1
360899,1
327261,1
177502,1
282401,1
372411,1
372407,1
167348,1
317702,1
177894,1
374214,1
255615,1
317712,1
370119,1
367712,1
374212,1
101753,1
352682,1
335803,1
308905,1
342459,1
306600,1
335124,1
176784,1
310327,1
365008,1
350617,1
350618,1
365002,1
504401,1
503787,1
258279,1
239696,1
254479,1
320650,1
320673,1
94183,1
367710,1
344174,1
61336,1
181404,1
20718,1
524193,1
128885,1
130555,1
42495,1
5355,2
5355,1
142927,2
142927,1
303162,1
303164,1
246937,1
342102,1
307220,1
119325,1
107428,1
534869,1
343709,1
343703,1
199438,2
199438,1
307222,1
342106,2
342106,1
246943,2
246943,1
241838,1
343705,2
343705,1
139299,1
328308,1
199442,2
199442,1
142929,1
303168,1
142930,1
107442,2
107442,1
198020,1
303174,2
303174,1
107446,2
107446,1
246951,1
219223,1
296470,1
343715,2
343715,1
219151,2
219151,1
246952,1
342105,1
246954,2
246954,1
370630,1
307223,1
246724,2
246724,1
241840,1
245986,1
370628,1
163929,1
158355,2
158355,1
177563,2
101304,1
25789,1
325172,1
59104,1
74520,1
140524,1
5399,1
311053,1
194176,2
115985,1
31239,1
105276,1
85047,1
105280,1
111293,1
97096,1
73993,1
59408,1
102025,1
44655,1
243818,1
368676,2
368676,1
352710,2
352710,1
367721,2
367721,1
367722,2
367722,1
317645,2
317645,1
202008,1
338949,1
380422,1
380424,1
326825,1
276168,1
230598,1
230600,1
214393,1
175111,1
229778,1
298599,1
298600,1
335305,1
360314,1
310472,1
193296,1
230599,1
327162,1
529203,1
230601,1
511934,1
196425,1
248972,1
511937,1
169362,1
202629,1
249818,1
249797,1
359108,1
359109,1
310845,1
500209,1
31753,1
5758,1
228300,1
376603,1
111393,1
117081,1
536850,2
536850,1
537075,2
537075,1
537064,2
537064,1
536876,2
536876,1
536870,2
536870,1
536922,2
536922,1
537014,2
537014,1
536908,2
536908,1
537012,2
537012,1
105507,1
5889,1
347718,2
347718,1
61139,2
61139,1
25370,1
264307,2
264307,1
6342,2
6342,1
121217,2
121217,1
89957,2
89957,1
158639,2
158639,1
158655,2
158655,1
73475,2
73475,1
23105,2
23105,1
360480,2
360480,1
240038,2
240038,1
337625,1
334717,1
335807,2
335807,1
363866,2
363866,1
360772,2
360772,1
111052,2
111052,1
237434,2
237434,1
244098,1
351299,2
351299,1
217905,2
217905,1
288841,1
169158,2
169158,1
332704,2
332704,1
522608,1
187703,2
187703,1
217472,2
217472,1
207329,2
207329,1
207321,2
207321,1
207326,2
207326,1
217486,2
217486,1
217484,2
217484,1
264308,2
264308,1
137431,2
137431,1
207328,2
207328,1
217544,2
217544,1
308653,2
308653,1
217489,2
217489,1
358817,2
358817,1
137432,2
137432,1
173046,2
173046,1
207784,2
207784,1
201476,2
201476,1
308923,2
308923,1
311058,2
311058,1
217478,2
217478,1
103185,2
103185,1
158765,2
158765,1
48585,1
158770,2
158770,1
57197,2
57197,1
61927,2
61927,1
523195,2
523195,1
320008,2
320008,1
245119,2
245119,1
523159,2
523159,1
81109,2
81109,1
158799,1
361935,2
361935,1
199743,1
378128,1
241685,1
378130,1
246768,1
320207,1
304271,1
367741,1
367742,1
367743,1
320209,1
320210,1
351300,1
285801,1
54426,1
115674,1
114275,1
303181,1
7431,2
7431,1
207641,1
125006,1
523203,2
523203,1
63025,2
63025,1
235102,2
235102,1
71504,2
71504,1
121177,2
121177,1
263313,2
263313,1
234124,2
234124,1
105478,2
105478,1
158926,2
158926,1
158928,2
158928,1
294467,1
7700,1
238316,1
288861,1
23110,2
23110,1
125485,2
125485,1
7875,2
7875,1
96913,2
96913,1
114258,2
114258,1
27631,2
27631,1
51285,1
344342,1
353886,2
353886,1
504945,2
504945,1
354584,2
354584,1
158994,1
218098,1
142818,1
121180,2
121180,1
246291,2
246291,1
200062,1
139825,2
139825,1
121944,2
121944,1
386820,2
386820,1
387964,2
387964,1
159145,2
159145,1
529135,1
503554,1
502735,1
529223,1
502809,1
501580,1
105515,1
346297,1
529254,1
346194,1
346192,1
249756,1
529253,1
346197,1
277035,1
165512,2
165512,1
523298,1
165520,2
165520,1
346299,1
238099,1
529106,1
529029,1
357477,1
346304,1
346201,1
165511,1
529034,1
529109,1
528971,1
528992,1
237682,1
197739,1
346309,1
294430,1
529056,1
173112,1
338913,2
338913,1
346263,1
528988,1
529041,1
529068,1
529003,1
528999,1
346220,1
528937,1
346882,1
346325,1
346264,1
346292,1
528977,1
346290,1
529077,1
371573,1
347376,1
346213,1
346277,1
346281,1
346282,1
346268,1
338239,1
168546,2
168546,1
528976,1
165527,2
165527,1
141812,1
346326,1
118725,1
528978,1
528996,1
139234,1
214849,1
304299,1
529146,1
529093,1
529142,1
529124,1
529217,1
529175,1
529164,1
529085,1
529204,1
529040,1
529170,1
371185,1
529199,1
529166,1
529230,1
346307,1
173129,1
173107,1
69164,1
327896,2
327896,1
286096,2
286096,1
334678,2
334678,1
116608,1
85851,1
344833,1
277899,2
277899,1
277900,2
277900,1
159259,2
159259,1
65383,1
44830,1
525839,1
318564,1
318562,1
67753,1
301614,1
301613,1
301617,1
159351,2
500426,1
343786,1
339287,1
339071,1
43771,1
261464,1
237999,1
339103,1
149101,1
308024,1
285755,1
336665,1
242269,1
9153,1
118860,1
261526,1
110933,1
95402,1
372136,1
176787,1
285660,1
215761,1
106149,1
9185,1
367422,1
319825,1
290849,1
294978,1
504951,1
299217,1
297740,1
298417,1
504948,1
306263,1
291804,1
239055,1
292811,1
169853,1
103542,1
291803,1
114278,1
515222,1
215375,1
378504,1
109285,1
264240,2
264240,1
250266,2
250266,1
523468,2
159461,1
106150,1
517170,1
184468,2
184468,1
184475,2
184475,1
305352,2
305352,1
119355,2
119355,1
143345,2
143345,1
119356,2
119356,1
264482,2
264482,1
125895,2
125895,1
119357,1
112409,1
142968,2
142968,1
171652,1
208404,2
208404,1
363310,2
363310,1
119360,2
119360,1
297270,2
297270,1
297273,1
119362,1
313432,2
313432,1
172527,2
172527,1
264478,1
142971,1
112416,1
142972,1
112417,1
297272,1
119367,1
363325,1
319168,1
517368,1
208400,1
184471,1
309700,1
119371,1
208408,1
353391,1
350042,1
142973,1
363314,1
297274,1
297275,1
297276,1
119374,1
147875,1
142975,1
363330,1
184466,1
309312,1
184467,1
208409,1
319166,1
139326,2
139326,1
149749,1
172532,1
143346,1
521488,1
349041,2
349041,1
521561,1
159494,1
532471,1
159495,1
258236,1
321536,1
298933,1
341739,2
341739,1
341740,2
341740,1
224052,2
224052,1
95493,2
95493,1
507744,1
257610,1
352985,2
352985,1
507887,1
257600,2
257600,1
259151,2
259151,1
217177,2
217177,1
251698,2
251698,1
290774,2
290774,1
199191,2
199191,1
507746,1
507757,1
189331,2
189331,1
507747,1
507765,1
507748,1
507768,1
103537,2
103537,1
208008,2
208008,1
119305,1
176041,2
176041,1
523295,1
507888,1
507766,1
293741,2
293741,1
333182,1
329043,1
133196,1
507749,1
236746,1
199192,2
199192,1
507759,1
233254,2
233254,1
208222,2
208222,1
178135,2
178135,1
290773,2
290773,1
248963,2
248963,1
507770,1
507750,1
328833,2
279880,2
279880,1
175709,1
322346,2
322346,1
339189,2
507751,1
237846,2
237846,1
165030,1
507771,1
279884,2
279884,1
291406,2
291406,1
194298,1
257611,1
166279,1
507758,1
322343,2
322343,1
104805,2
104805,1
178575,1
329404,2
339240,2
329406,2
339242,2
329405,2
339241,2
210022,1
204121,1
507760,1
507761,1
507752,1
166288,1
507753,1
507767,1
507762,1
507754,1
505457,1
329410,2
329410,1
367424,1
507755,1
45868,2
45868,1
376678,2
376678,1
174732,1
507756,1
210023,1
166282,1
166280,1
210027,1
133357,1
507763,1
174734,1
221379,2
221379,1
241835,1
199190,1
221382,2
221382,1
137344,2
137344,1
178158,2
178158,1
517110,1
215433,2
215433,1
339191,2
339191,1
176029,1
178162,1
221385,2
221385,1
217197,1
208221,2
208221,1
237669,2
237669,1
329375,2
165456,2
165456,1
341449,2
341449,1
316153,2
316153,1
335181,2
335181,1
119291,1
9861,2
9861,1
113962,2
113962,1
81095,1
324103,2
324103,1
523856,1
346151,1
346152,2
346152,1
523857,1
507792,1
346150,2
346150,1
249750,2
249750,1
329134,2
329134,1
10091,2
10091,1
178087,1
344081,1
153776,2
153776,1
336017,2
336017,1
283434,2
283434,1
75859,2
75859,1
310926,2
310926,1
280949,2
280949,1
252018,2
252018,1
280587,2
280587,1
274703,1
336018,2
336018,1
114782,2
114782,1
379110,2
379110,1
235508,2
235508,1
235509,2
235509,1
10383,2
10383,1
191740,1
250480,2
250480,1
156937,1
176048,1
345806,1
176128,1
142728,1
310833,1
290639,2
290639,1
269421,1
351331,1
286014,1
319578,1
310810,2
310810,1
319642,1
351330,1
310913,2
310913,1
310809,2
310809,1
306863,1
311039,2
311039,1
272148,2
272148,1
285663,1
137386,2
137386,1
176790,2
176790,1
176791,2
176791,1
159635,1
10550,1
143417,1
200040,1
200041,1
522423,1
105572,2
105572,1
102972,2
102972,1
280588,1
103489,2
103489,1
159637,2
159637,1
105481,1
121315,1
265866,1
246839,1
218054,1
163183,1
218055,1
218056,1
122203,1
265863,1
221568,1
112502,1
246829,1
112503,1
291501,1
122204,1
265864,1
163167,1
122209,1
221555,1
218058,1
163170,1
163169,1
133273,1
112505,1
122205,1
265860,1
293343,1
265861,1
112507,1
265856,1
139385,1
163171,1
133278,1
221567,1
112508,1
246834,1
246836,1
139386,1
246838,1
199928,1
199927,1
219179,1
112510,1
122213,1
291094,1
252600,1
148582,1
148585,1
43377,2
77703,2
136891,1
140124,1
159787,1
327991,1
327992,1
343231,1
25310,2
25310,1
279600,2
279600,1
235689,1
119886,2
119886,1
11145,1
64380,1
159867,1
156418,1
11264,2
11264,1
158000,2
158000,1
85994,2
85994,1
87569,2
87569,1
106188,2
106188,1
213880,2
213880,1
178481,1
245308,1
341692,2
341692,1
52052,1
61328,1
56048,2
56048,1
224308,1
45311,1
81551,1
49079,1
101800,2
101800,1
54718,1
286200,1
224373,1
287394,1
212229,1
363873,1
388647,1
360396,1
310768,1
515098,1
515099,1
516691,1
236868,1
505369,1
301080,1
301081,1
337973,1
386927,1
349936,1
386928,1
189963,1
189964,1
276572,1
256961,1
505373,1
505372,1
505365,1
505366,1
505368,1
505374,1
363876,1
505371,1
308120,1
284088,1
284087,1
284961,1
284090,1
363874,1
514433,1
505367,1
237850,1
365324,1
296755,1
383168,1
360318,1
236866,1
388418,1
361938,1
388669,1
179206,1
299947,1
179208,1
323956,1
272149,1
299948,1
253761,1
388628,1
269956,1
388657,1
515095,1
388655,1
310767,1
388642,1
376144,1
199677,1
365325,1
361937,1
388646,1
388668,1
334470,1
336817,1
367595,1
367596,1
385315,1
175831,2
175831,1
52667,2
52667,1
68006,2
68006,1
187710,1
184689,1
353013,1
342675,1
525756,1
41818,1
181778,1
136481,1
75069,1
202604,1
250133,1
280845,1
207780,1
202878,1
190181,1
106195,1
106194,1
139239,1
138145,1
287476,1
280968,1
379067,1
205117,1
165529,2
165529,1
165528,2
165528,1
240048,1
350965,1
212138,1
136295,1
11676,2
11676,1
320009,2
320009,1
228585,2
228585,1
315702,2
315702,1
308678,2
308678,1
510434,2
510434,1
308679,2
308679,1
251699,2
251699,1
515276,2
515276,1
515277,2
515277,1
515278,2
515278,1
195476,2
195476,1
319601,2
319601,1
191855,2
191855,1
331043,2
331043,1
146896,2
146896,1
221137,2
221137,1
290956,2
290956,1
229935,2
229935,1
146774,2
146774,1
270667,2
270667,1
163321,2
163321,1
319600,2
319600,1
371811,2
371811,1
298638,2
298638,1
271319,2
271319,1
169433,2
169433,1
510600,2
510600,1
239273,2
239273,1
306563,2
306563,1
306564,2
306564,1
317688,2
317688,1
200866,2
200866,1
121945,2
121945,1
134514,2
134514,1
347518,2
347518,1
522631,2
522631,1
156644,2
156644,1
519032,2
519032,1
520104,2
520104,1
380388,2
380388,1
65666,2
65666,1
63210,2
63210,1
237823,2
237823,1
296478,2
296478,1
49065,2
49065,1
344261,1
160228,2
160228,1
296476,2
296476,1
296477,2
296477,1
124067,2
124067,1
385786,2
385786,1
371880,2
371880,1
344263,2
344263,1
217461,2
217461,1
58799,2
58799,1
270132,2
270132,1
334834,2
334834,1
529256,2
529256,1
282482,2
282482,1
320065,2
320065,1
294448,2
294448,1
217532,2
217532,1
217542,2
217542,1
136483,2
136483,1
202757,2
202757,1
165167,2
165167,1
218231,2
218231,1
334835,2
334835,1
217533,2
217533,1
126201,2
126201,1
24473,1
293182,1
173852,1
139331,1
173861,1
222128,1
173847,1
362434,1
298135,1
379034,1
112449,1
362461,1
173857,1
120949,1
73968,1
206885,2
206885,1
247382,1
240712,1
207819,2
207819,1
105473,2
105473,1
118211,2
118211,1
319102,2
319102,1
324565,1
310725,1
310735,1
308675,1
525128,1
373674,1
156960,1
197508,1
181611,1
199464,1
199466,1
380212,2
380212,1
163952,1
166804,1
360329,2
360329,1
347833,2
347833,1
525646,1
526037,1
526052,1
386455,1
331298,1
370126,1
234185,2
234185,1
234184,2
234184,1
315677,2
315677,1
269216,1
269215,1
371987,1
275699,2
275699,1
275702,2
275702,1
288561,2
288561,1
197927,1
303602,2
303602,1
372704,1
198507,2
198507,1
529349,2
529349,1
156965,2
156965,1
290640,2
290640,1
121283,2
121283,1
283473,2
283473,1
339672,2
339672,1
353095,1
500542,2
500542,1
386452,1
175717,2
175717,1
191197,1
353094,1
354862,2
354862,1
353091,1
338912,1
356081,2
356081,1
166805,1
372630,1
234562,2
234562,1
361825,1
169527,1
121286,1
131546,1
147180,1
206708,2
206708,1
231177,2
231177,1
310208,2
310208,1
256535,2
256535,1
171574,2
171574,1
171575,2
171575,1
339515,2
339515,1
297542,1
141087,1
231176,2
231176,1
121268,2
121268,1
339517,2
339517,1
356086,2
356086,1
353427,2
353427,1
275695,2
275695,1
300866,1
290861,1
297541,2
297541,1
302933,2
302933,1
121274,1
370120,2
370120,1
526048,1
277857,2
277857,1
276583,1
241582,2
241582,1
234560,2
234560,1
525945,1
525863,1
353803,1
525762,1
526471,1
195551,1
370112,2
370112,1
370114,2
370114,1
525804,1
361932,1
354145,2
354145,1
525753,1
338911,1
335753,1
306871,1
199601,1
525659,1
525962,1
525402,1
354154,1
334478,2
334478,1
166779,1
166792,1
197507,1
197509,1
197511,1
197512,1
525663,1
525647,1
351346,1
525864,1
360326,1
367823,2
367823,1
361847,1
317325,2
317325,1
367818,2
367818,1
351249,1
351250,1
335749,2
335749,1
370176,2
370176,1
368064,2
368064,1
249938,1
361940,2
361940,1
367829,2
367829,1
367827,2
367827,1
351260,2
351260,1
367828,2
367828,1
367830,2
367830,1
521607,2
521607,1
383143,1
505498,1
371988,2
371988,1
505499,2
505499,1
294481,1
368815,1
294488,1
179218,2
179218,1
195542,1
131545,1
361800,1
371683,1
529348,2
529348,1
349988,1
505501,1
367824,2
367824,1
310724,1
310734,1
169991,2
169991,1
372629,1
371239,2
371239,1
521382,2
521382,1
361873,1
500647,2
500647,1
263547,1
201270,1
199605,1
276581,1
526472,1
525129,1
238085,2
238085,1
121281,2
121281,1
121269,2
121269,1
525623,1
367821,2
367821,1
367826,2
367826,1
208669,2
208669,1
371594,2
371594,1
281528,1
253622,2
253622,1
238164,2
238164,1
208670,2
208670,1
168864,2
168864,1
352922,2
352922,1
121272,2
121272,1
310218,2
310218,1
253623,2
253623,1
255431,2
255431,1
361501,1
310198,1
302934,2
302934,1
168865,2
168865,1
121275,1
121287,1
141086,1
310211,2
310211,1
367809,2
367809,1
120078,2
120078,1
168866,1
360330,1
310200,2
310200,1
303601,2
303601,1
525792,1
386454,2
386454,1
363815,2
363815,1
311965,2
311965,1
367808,2
367808,1
121284,2
121284,1
344641,2
344641,1
361802,1
354142,1
264549,1
253057,2
253057,1
351348,2
351348,1
281254,2
281254,1
198508,2
198508,1
168868,2
168868,1
524789,1
525413,1
120062,2
120062,1
265700,2
265700,1
273101,1
265703,2
265703,1
277357,1
265698,1
120064,2
120064,1
339665,2
339665,1
355373,2
355373,1
371051,2
371051,1
526650,1
526637,1
526617,1
371050,1
525142,1
525226,1
354861,2
354861,1
303710,1
292019,1
292023,1
308672,1
522771,1
522668,1
355040,1
522512,1
314261,1
341308,1
378867,1
378863,1
522477,1
522536,1
522499,1
522397,1
386146,1
386130,1
520037,1
355437,1
520863,1
522497,1
522451,1
522681,1
522370,1
522502,1
522421,1
522667,1
522596,1
522689,1
522658,1
522376,1
168538,1
522719,1
106215,1
112477,1
248675,2
248675,1
143433,1
328298,1
143398,1
199790,1
112478,1
256664,1
337129,1
337131,1
253403,1
292718,1
142617,1
112480,1
295018,1
143426,1
143404,1
143429,1
143395,1
295019,1
143406,1
112646,1
337134,1
143379,1
105457,1
521145,1
112360,1
229601,1
112378,2
112378,1
287310,1
199447,1
199448,1
246016,1
252065,2
252065,1
148645,1
172392,1
523427,1
112380,2
112380,1
357804,2
357804,1
378605,2
378605,1
112364,1
378606,1
307229,1
119128,2
119128,1
372351,1
281451,1
304950,2
304950,1
112365,1
253409,2
253409,1
281449,1
173919,1
112367,1
173908,2
173908,1
281450,1
139284,2
139284,1
246318,2
246318,1
173902,2
173902,1
347261,1
112383,2
112383,1
290105,2
290105,1
148085,2
148085,1
173915,2
173915,1
119131,2
119131,1
521688,1
526623,1
184217,1
254807,2
254807,1
210836,1
202505,1
124162,1
256830,2
256830,1
248772,2
248772,1
329031,1
73715,2
73715,1
308230,1
106216,1
165728,1
133362,1
235554,1
215900,1
378980,1
199797,1
163112,1
307228,1
112452,1
346810,1
148409,1
122305,1
361751,1
122306,1
347230,1
367793,1
133368,1
293256,1
361756,1
133371,1
191771,1
346812,1
133373,1
148405,1
163116,1
149925,1
215891,1
112459,1
328575,1
183875,1
348742,1
105456,1
133360,1
378997,1
264567,2
264567,1
13217,2
13217,1
264568,2
264568,1
258685,2
258685,1
42126,2
42126,1
13220,2
13220,1
258684,2
258684,1
141902,2
141902,1
119102,2
119102,1
89642,2
89642,1
116467,2
116467,1
245054,2
245054,1
76183,2
76183,1
335728,2
335728,1
60169,1
337183,2
337183,1
387198,2
387198,1
387208,1
387209,2
387209,1
159589,1
306895,1
105475,2
105475,1
333819,1
293661,1
94423,2
94423,1
336548,2
336548,1
109634,2
109634,1
14355,2
14355,1
295629,2
295629,1
105558,2
105558,1
281127,2
281127,1
139353,2
139353,1
281123,2
281123,1
337246,2
337246,1
345900,1
199786,2
199786,1
112469,2
112469,1
160833,2
160833,1
337288,2
337288,1
281126,2
281126,1
281125,2
281125,1
194721,2
194721,1
281128,2
281128,1
145061,1
387166,2
387166,1
253217,1
67257,1
106235,2
106235,1
63006,1
253157,1
131299,1
114213,1
181956,2
181956,1
84285,2
84285,1
71850,2
71850,1
45667,2
45667,1
285229,2
285229,1
161055,1
161060,2
161061,1
276368,2
276368,1
528883,2
528883,1
238652,2
238652,1
281087,2
281087,1
310654,1
281248,2
281248,1
523133,2
523133,1
63081,2
63081,1
114401,2
114401,1
152132,2
152132,1
103772,2
103772,1
193807,2
193807,1
310653,1
75364,2
75364,1
280972,2
280972,1
142602,2
142602,1
184613,2
184613,1
384907,2
384907,1
280971,2
280971,1
368088,2
368088,1
84963,2
84963,1
156451,1
132273,2
132273,1
299729,2
299729,1
137436,2
137436,1
380381,2
380381,1
68415,1
69612,1
526242,2
526242,1
526237,2
526237,1
526159,2
526159,1
217446,1
105523,2
105523,1
77435,2
77435,1
244104,2
244104,1
157229,2
157229,1
119101,1
524922,2
524922,1
234351,1
105479,1
293619,1
307232,1
337813,1
293685,1
529080,1
293689,1
505699,1
293694,1
338594,1
293697,1
374283,1
338561,1
529088,1
366055,1
325191,1
307234,1
366070,1
320836,1
523288,1
344753,1
338562,1
293706,1
348874,1
504768,1
529087,1
293710,1
366073,1
354853,1
334449,1
375119,1
293725,1
338567,1
375116,1
500648,1
293727,1
325195,1
304410,1
293863,1
319038,1
293871,1
293872,1
387279,1
293873,1
344765,1
293874,1
293876,1
293878,1
293879,1
529160,1
293883,1
293887,1
347225,1
387281,1
356401,1
293891,1
337984,1
386622,1
529156,1
375115,1
293897,1
529238,1
318420,1
318419,1
293907,1
293906,1
307238,1
294120,1
389149,1
327922,1
319033,1
378656,1
293919,1
375117,1
294125,1
338575,1
293925,1
293927,1
293932,1
338578,1
294130,1
346597,1
293949,1
366082,1
304424,1
366084,1
342452,1
374284,1
342313,1
333090,1
371586,1
293957,1
325203,1
304425,1
366087,1
371129,1
293972,1
529191,1
338582,1
375118,1
304420,1
293978,1
293979,1
293981,1
338583,1
307068,1
366058,1
366094,1
293984,1
293985,1
293989,1
293991,1
338585,1
338250,1
293998,1
294002,1
294003,1
294004,1
294005,1
521088,1
379007,1
294011,1
325207,1
294013,1
294014,1
294015,1
528929,1
338560,1
521853,1
105486,1
302084,1
199199,1
119121,1
370552,1
387340,1
112358,1
370562,1
119122,1
216536,1
218222,1
370569,1
302124,1
65293,2
65293,1
66889,1
106242,1
517352,1
517370,1
148631,1
384055,1
165337,1
298671,1
133347,1
139335,1
343452,1
301266,1
133348,1
149189,1
333783,1
199781,1
165338,1
133344,1
149812,1
149814,1
278381,1
307248,1
307249,1
318500,1
149202,1
309096,1
133351,1
148735,1
149825,1
149827,1
287322,1
309097,2
309097,1
148617,1
112464,1
292608,1
229377,1
133352,1
199924,1
148731,1
304422,1
112466,1
292610,1
139340,1
133345,1
139344,1
149190,1
505701,1
198017,1
149186,1
199780,1
149854,1
220712,1
139346,1
229642,1
148558,1
149864,1
133346,1
230999,1
337023,1
105532,1
329081,1
161315,1
102196,1
246183,1
105498,1
281230,1
327828,1
264527,1
184206,1
349257,1
184207,1
163145,1
163144,1
264536,1
281233,1
264539,1
163142,1
264540,1
119418,1
161342,1
119111,2
119111,1
300419,2
300419,1
280043,2
280043,1
139256,2
139256,1
371769,2
371769,1
106253,2
106253,1
106262,2
106262,1
371760,2
371760,1
151629,2
151629,1
105531,2
105531,1
371783,2
371783,1
371784,2
371784,1
369649,2
369649,1
361918,2
361918,1
371806,2
371806,1
139255,2
139255,1
371723,2
371723,1
371725,2
371725,1
371816,2
371816,1
252020,2
252020,1
354166,2
354166,1
351362,2
351362,1
280014,2
280014,1
279995,2
279995,1
279994,2
279994,1
351173,1
233316,1
232327,2
232327,1
76282,2
76282,1
522876,1
77152,2
77152,1
301508,2
301508,1
275176,1
370540,1
520185,1
518814,1
325502,1
254294,1
253609,1
254291,1
156813,1
85083,2
85083,1
142254,2
142254,1
161634,2
161634,1
309213,2
309213,1
161643,2
161643,1
309214,2
309214,1
74336,2
74336,1
142255,2
142255,1
277392,2
277392,1
277889,2
277889,1
45516,1
247384,1
106275,2
106275,1
85362,2
85362,1
384065,2
384065,1
247150,2
247150,1
111104,1
126205,1
49878,1
234557,1
64998,2
64998,1
315852,1
113589,1
105649,1
69964,2
69964,1
43959,1
375325,1
517924,1
324898,1
176450,1
522076,1
74292,1
297013,1
375326,1
375666,1
535777,1
521772,1
216324,1
147685,1
282486,1
62287,1
62288,1
521249,1
369907,1
333605,1
147725,1
357487,1
49025,1
524701,1
60075,1
291956,1
212053,1
238355,2
238355,1
533464,1
244824,1
73084,1
239097,2
239097,1
533389,1
189337,1
217494,1
344571,1
535640,1
521828,1
521507,1
531261,1
376645,1
51125,1
73380,1
511846,1
511839,1
193110,2
193110,1
521692,1
533275,1
216329,1
207066,1
536562,1
110866,1
247852,1
533346,1
71255,1
383528,1
233314,1
85057,1
281372,1
307797,2
307797,1
351174,1
536799,1
67055,1
71734,1
369084,2
369084,1
306519,1
207076,1
240508,1
192018,2
192018,1
525996,1
524702,1
258073,1
517927,1
322511,1
343132,1
525732,1
333624,1
524703,1
524455,1
521787,1
521360,1
47361,1
349404,2
349404,1
239099,1
241915,1
155502,1
258079,1
533402,1
233948,1
521279,1
333626,1
50769,1
333820,1
72379,1
155503,1
521179,1
157151,1
343143,1
255408,1
521627,1
525971,1
374961,1
517928,1
517929,1
525763,1
322430,1
517930,1
517931,1
253242,1
48224,1
521834,1
534140,1
524464,1
86347,1
84892,1
154791,1
372646,1
517133,1
322432,1
517932,1
241916,1
55271,1
314456,1
239102,2
239102,1
157118,1
317135,1
533449,1
517933,1
333635,1
277588,1
535793,1
73381,1
155524,1
271716,1
217452,1
216328,1
359915,1
536311,1
500228,1
155525,1
54291,1
502185,1
67057,1
93729,1
524704,1
59690,1
86601,1
536800,1
536066,1
335631,1
221882,1
119319,2
119319,1
521322,1
154265,1
292846,1
525739,1
322525,1
524549,1
151525,1
98794,1
258101,1
521531,1
207124,1
519083,1
277820,1
343134,1
333654,1
376904,1
375334,1
524705,1
193703,1
521386,1
50344,1
66781,1
524706,1
535977,1
525743,1
521632,1
334909,1
535727,1
343137,1
517935,1
343740,1
358264,1
225764,1
525871,1
119321,1
322533,1
525807,1
525700,1
52350,1
306522,1
308023,1
517936,1
381497,1
280529,1
536000,1
517937,1
271725,1
517938,1
243068,1
511825,1
501161,1
289546,1
46926,1
155509,1
535804,1
500948,1
517939,1
533764,1
524708,1
69766,1
280531,2
280531,1
533290,1
368752,1
147729,1
258131,1
157149,1
521146,1
80133,1
533739,1
358266,2
358266,1
363354,1
62092,1
258133,1
521509,1
533451,1
521774,1
535634,1
343152,1
524709,1
517941,1
353383,1
536305,1
321670,1
66184,1
322549,1
207133,1
75122,1
333687,1
67611,1
535805,1
371044,1
296895,1
517942,1
535503,1
521425,1
524710,1
535715,1
517943,1
226630,1
536345,1
194310,1
287405,1
517944,1
241923,1
536243,1
280533,1
524546,1
345439,1
270630,1
521701,1
85621,1
511745,1
521324,1
360347,1
534650,1
502342,1
182921,1
322575,1
212143,1
535747,1
258174,1
384071,1
64967,1
155515,1
322580,1
534703,1
536819,1
76686,1
347531,1
511620,1
333698,1
535631,1
521805,1
282496,1
536705,1
536112,1
322585,1
524711,1
343138,1
525964,1
240706,1
194312,1
258181,1
216326,1
258182,1
524712,1
534724,1
258186,1
258188,1
353004,1
353005,1
128978,1
278090,1
524713,1
375338,1
155531,1
58340,1
207135,1
351552,1
353382,1
205812,1
87602,1
536698,1
383545,1
526077,1
533950,1
359918,1
192014,1
360348,1
536226,1
278134,1
63800,1
535520,1
368094,1
155533,1
322553,1
536551,1
68396,1
537201,1
276377,1
205794,1
525168,1
95307,1
220672,1
521195,1
157113,1
278196,1
521527,1
314029,1
521229,1
524714,1
333718,1
219428,1
322562,1
249911,1
517947,1
182973,1
238916,1
521449,1
154272,1
322567,1
72247,1
258209,1
535553,1
119318,1
81176,1
67041,1
69533,1
207087,1
521200,1
517948,1
367935,1
299266,1
263344,1
535513,1
517949,1
521397,1
517950,1
221880,1
74772,1
82965,1
258214,1
528764,1
87065,1
271727,1
333695,1
536831,1
525720,1
521719,1
521452,1
287415,1
522877,1
75314,1
260590,1
42238,1
18512,1
225781,1
18513,1
299765,1
27255,1
27254,1
24149,1
27257,1
286205,1
27259,1
522878,1
522879,1
258646,1
522881,1
100389,1
59272,1
367435,1
119107,2
119107,1
102490,2
102490,1
132272,2
132272,1
104825,2
104825,1
155223,2
155223,1
67250,2
67250,1
119537,1
119538,2
119538,1
57040,2
57040,1
103894,2
103894,1
388419,2
388419,1
248612,2
248612,1
161805,2
161805,1
245470,2
245470,1
105482,2
105482,1
105463,1
350058,1
107290,1
165661,1
165662,1
309081,1
309073,1
107291,1
350059,1
309074,1
107292,1
163106,1
142924,1
107293,1
309082,1
309090,1
309084,1
309092,1
309086,1
107295,1
309088,1
309080,1
107296,1
107297,1
142926,1
105462,1
354193,1
82970,2
82970,1
250087,2
250087,1
184126,2
184126,1
19178,1
152135,1
171896,1
355311,1
309522,1
355325,1
330204,1
308083,1
341957,1
250043,1
213286,1
250040,1
500658,1
363754,1
312902,1
355317,1
327153,1
338910,1
213288,1
341952,1
258225,1
201517,1
341953,1
294819,1
355309,1
355310,1
355323,1
341964,1
355316,1
500596,1
19191,1
500352,1
105543,1
293103,1
379083,1
209818,1
353667,1
120586,1
209820,1
209821,1
293111,1
353669,1
117623,1
293106,1
209824,1
353670,1
307252,1
359458,2
359458,1
199354,1
199317,1
361532,2
361532,1
315868,1
195935,1
154804,1
163322,1
187711,1
195940,2
195940,1
361798,2
361798,1
353011,1
335743,1
159688,1
199288,2
199288,1
199291,2
199291,1
199297,2
199297,1
199283,2
199283,1
195927,2
195927,1
353009,1
199289,2
199289,1
199293,2
199293,1
177556,1
199304,2
199304,1
199303,2
199303,1
199305,2
199305,1
195931,2
195931,1
195932,2
195932,1
195933,2
195933,1
318128,1
359358,2
359358,1
359359,2
359359,1
359363,2
359363,1
359364,2
359364,1
359365,2
359365,1
199340,1
199338,1
199348,2
199348,1
359524,1
359526,2
359526,1
371882,1
359451,2
359451,1
199310,2
199310,1
195939,2
195939,1
359405,1
379172,2
379172,1
388787,2
388787,1
214850,2
214850,1
359412,1
359414,1
359415,2
359415,1
359417,2
359417,1
359447,1
199349,1
195930,2
195930,1
359445,1
199331,1
199329,1
359371,2
359371,1
370011,1
341874,2
341874,1
359418,1
359420,2
359420,1
359433,1
359434,2
359434,1
355575,1
359510,2
359510,1
359441,1
339122,1
355574,1
339121,1
359511,2
359511,1
359463,2
359463,1
359440,1
359464,1
155298,1
212140,1
537168,1
524318,1
362007,2
362007,1
360297,2
360297,1
507785,1
500504,2
500504,1
524445,1
334635,1
314616,1
146066,1
345625,1
526313,1
387202,2
387201,2
336410,2
336410,1
185182,1
243389,1
160231,1
213028,1
194879,1
185357,2
185357,1
185375,2
185375,1
429,2
429,1
109441,2
109441,1
156108,1
19847,1
53267,1
66378,2
66378,1
156110,2
156110,1
24468,2
24468,1
316236,2
316236,1
372600,1
84696,1
163328,2
163328,1
135632,1
315713,2
315713,1
169155,2
169155,1
525674,2
525674,1
127588,1
194282,1
219980,1
388095,1
388102,1
105989,1
185954,2
185954,1
713,2
713,1
185964,2
185964,1
55707,2
55707,1
47005,2
47005,1
293126,2
293126,1
185967,2
185967,1
57095,1
183190,1
73923,1
66646,2
66646,1
525115,1
151746,2
151746,1
767,2
767,1
186038,1
156149,2
156149,1
41250,2
41250,1
180449,1
233828,1
330744,1
520096,2
520096,1
512544,1
222489,1
221468,2
221468,1
227617,1
334873,1
316847,1
63770,1
252221,1
334878,1
316848,1
345424,1
175895,1
334899,1
306236,1
334901,1
334881,1
203706,1
180452,1
334883,1
334876,1
526003,1
61276,2
61276,1
228230,1
236699,1
341673,1
257844,1
175896,1
334885,1
500230,1
280603,1
233969,1
196759,2
196759,1
181325,2
181325,1
22424,2
22424,1
26461,1
186089,1
46050,1
138663,1
797,1
326510,1
799,1
243757,1
330667,1
334888,1
351374,1
334890,1
334889,1
375250,1
98702,1
367861,1
186097,1
186098,1
186099,2
186099,1
186104,1
300281,1
186111,1
122425,1
334892,1
186113,2
186113,1
502002,1
186114,1
100346,1
174945,1
807,1
44015,1
147709,1
64096,2
64096,1
186121,1
814,1
334884,1
186124,2
186124,1
214930,1
119395,2
119395,1
119397,1
139327,1
337150,1
91617,2
91617,1
521475,1
521549,1
156520,1
311479,1
517971,1
139357,1
173890,1
275186,1
517749,1
521321,1
521835,1
285290,1
186054,2
186054,1
254867,2
254867,1
186129,2
186129,1
186130,2
186130,1
816,1
23983,1
186138,2
186138,1
91010,1
823,1
74176,1
186144,1
85577,1
186145,2
186145,1
91645,1
353092,2
353092,1
257216,1
533549,1
221479,1
130421,1
186166,2
186166,1
335528,1
186174,1
186175,1
135385,1
315908,1
61344,1
186181,2
186181,1
175129,1
220043,1
130556,1
334853,1
334861,1
124956,1
211681,1
289005,1
72359,2
72359,1
375572,1
351379,1
367811,1
186185,1
138667,2
138667,1
186189,2
186189,1
334893,1
375989,2
375989,1
23386,1
835,2
835,1
59974,1
254465,1
836,2
836,1
838,1
26479,1
186205,1
74354,1
186209,2
186209,1
841,1
141442,2
141442,1
843,1
334871,1
186214,1
54471,1
26481,1
283811,2
283811,1
845,2
845,1
186217,2
186217,1
846,1
84710,1
26483,1
120428,1
174947,2
174947,1
849,2
849,1
97189,2
97189,1
111675,2
111675,1
26486,2
26486,1
186223,1
27614,1
106043,2
106043,1
349961,2
349961,1
349963,2
349963,1
139322,2
139322,1
199772,2
199772,1
353156,2
353156,1
199769,2
199769,1
349979,2
349979,1
350765,2
350765,1
165501,2
165501,1
165498,2
165498,1
186227,1
23193,2
23193,1
86364,1
186236,1
186237,2
186237,1
101639,1
95440,1
334864,1
101637,1
101638,2
101638,1
108463,1
298139,1
854,1
375600,1
243756,1
359739,1
170678,1
519090,1
520664,1
349541,1
106290,1
520237,1
519174,1
351595,1
862,2
862,1
316849,1
186246,1
186248,1
47219,2
47219,1
186259,1
868,2
868,1
186260,1
186270,1
186083,1
61964,2
61964,1
367813,2
367813,1
285402,2
285402,1
512232,1
511302,1
186283,2
186283,1
881,1
186289,2
186289,1
186290,2
186290,1
84523,2
84523,1
186294,1
884,1
369175,1
163278,1
226604,1
504029,1
372528,1
334188,1
136825,1
199219,1
237253,1
162493,2
162493,1
216766,2
216766,1
301228,2
301228,1
124134,2
124134,1
143016,1
327899,1
184682,1
303986,1
186592,1
186626,1
1075,1
25047,2
25047,1
255623,2
255623,1
162388,1
321306,1
78479,2
78479,1
128447,1
186711,1
255609,1
108991,1
67647,2
67647,1
176705,1
213710,1
91424,1
188193,2
188193,1
1126,2
1126,1
51501,2
51501,1
523367,2
523367,1
26613,2
26613,1
188196,2
188196,1
127673,1
195245,1
188348,1
1238,1
96232,1
78860,1
137762,1
53670,1
337945,2
337945,1
43298,1
179189,2
179189,1
50437,2
50437,1
172992,2
172992,1
169927,1
220537,2
220537,1
101821,1
109337,2
109337,1
69224,2
69224,1
59535,2
59535,1
171562,2
171562,1
1276,2
1276,1
327488,2
327488,1
111364,2
111364,1
160104,1
318608,2
318608,1
108456,1
26742,1
26743,1
131108,2
131108,1
111888,2
111888,1
47555,2
47555,1
1344,2
1344,1
1345,2
1345,1
1346,2
1346,1
368970,2
368970,1
58689,2
58689,1
124759,2
124759,1
1366,2
1366,1
61802,2
61802,1
237432,1
155401,1
215449,1
153203,1
193676,1
308084,1
215460,1
193677,1
365764,1
500474,1
374302,1
365688,1
242284,1
69565,1
350938,1
247976,1
84010,1
281262,1
379158,1
321308,1
215448,1
233173,1
233170,1
233163,1
215489,1
215319,1
215321,1
215273,1
181380,1
215257,1
247431,1
193674,1
119439,1
119442,1
247422,1
119445,1
119446,1
119447,1
536930,1
352964,1
285634,1
1371,1
91526,1
215442,1
294464,1
215450,1
363912,1
31421,2
31421,1
85702,2
85702,1
188744,1
41552,1
153247,1
280715,1
153661,1
175678,1
107450,1
233042,1
119500,1
106053,1
389147,1
389148,1
107449,1
165508,1
188745,1
188776,2
188776,1
1404,2
1404,1
79886,2
79886,1
74849,2
74849,1
1408,2
1408,1
113446,2
113446,1
70738,2
70738,1
131117,2
131117,1
131129,2
131129,1
188799,2
188799,1
188821,2
188821,1
301123,2
301123,1
188829,2
188829,1
1479,1
72809,2
72809,1
226749,2
226749,1
188959,2
188959,1
89915,2
89915,1
1505,2
1505,1
189010,1
40924,2
40924,1
235157,1
239901,1
288811,1
269293,1
312068,1
288812,1
274127,1
312067,1
288808,1
269290,1
288809,1
235162,1
353141,1
280602,1
280192,2
280192,1
280198,1
288814,1
288816,1
302165,1
309589,1
280207,1
269910,1
311179,1
253802,1
202375,1
199086,1
269288,1
67554,1
201849,1
109596,1
239886,1
120441,1
93719,1
73945,1
292348,1
319026,1
77155,1
367579,1
86435,1
311180,2
311180,1
311172,1
237901,1
263290,1
83851,1
229838,1
303037,2
303037,1
283047,1
253803,1
82531,1
78728,1
83590,1
297221,2
297221,1
95811,1
288806,1
288807,1
103249,1
126619,1
146609,2
146609,1
199085,1
210197,1
147225,1
181628,1
192042,1
298544,1
258284,1
220941,1
235160,1
214178,1
91699,1
110318,1
378410,1
109087,1
226434,1
298546,1
205852,1
310225,1
334708,1
360298,1
370838,1
363810,1
361778,1
311174,1
311173,1
287990,1
352899,1
274988,1
261519,1
287994,2
287994,1
290345,1
290346,1
374735,1
311178,1
311177,1
309590,1
347527,2
347527,1
288001,1
307033,2
307033,1
238075,1
298554,1
317727,1
317724,1
313886,1
317726,1
311169,1
290343,1
313887,1
237674,1
268424,1
290344,1
268425,1
268423,1
290342,1
290341,1
317725,1
317697,1
311181,1
298557,1
310831,1
310832,1
335668,1
210451,1
201851,1
311165,1
253736,1
311170,1
80718,1
97458,1
1531,2
1531,1
347655,1
503952,1
28122,1
250514,1
171151,1
27038,1
279816,2
279816,1
27040,1
275087,1
77153,1
231495,1
27042,1
90525,1
83852,1
1542,1
189154,1
46222,1
58171,1
26879,2
26879,1
107239,2
107239,1
78953,1
156384,1
379837,1
503238,1
23094,2
23094,1
323939,2
323939,1
345123,1
231605,2
231605,1
231609,2
231609,1
231616,2
231616,1
97616,2
97616,1
52848,2
52848,1
90433,2
90433,1
90848,2
90848,1
93282,2
93282,1
50310,2
50310,1
1753,2
1753,1
286290,2
286290,1
268775,2
268775,1
156817,2
156817,1
54773,2
54773,1
129891,2
129891,1
1852,2
1852,1
1856,2
1856,1
156835,1
84645,2
84645,1
49757,2
49757,1
97853,2
97853,1
126209,2
126209,1
130517,2
130517,1
222683,2
222683,1
222688,2
222688,1
168167,1
77361,1
202991,2
202991,1
82415,2
82415,1
73341,2
73341,1
190762,1
124222,1
124227,1
338948,1
351281,1
198066,1
220036,1
295486,1
295487,1
351571,1
226606,2
226606,1
281772,1
137219,1
177782,1
172907,1
297001,1
124228,2
124228,1
124229,2
124229,1
333732,1
372627,1
294385,1
292381,1
296983,1
168558,1
119459,2
119459,1
119460,2
119460,1
182079,2
182079,1
168560,1
371298,1
371299,1
339029,1
249997,1
351564,1
124235,2
124235,1
124236,2
124236,1
131113,1
119468,1
516610,1
249937,1
176706,1
119469,2
119469,1
281525,1
295463,1
295464,1
176911,1
371613,1
96166,1
295488,1
281330,1
125702,1
310376,1
298571,1
291486,1
291203,1
333747,1
297105,1
297107,1
234553,1
103406,2
103406,1
292493,1
281500,1
198065,1
281252,1
338947,1
371612,1
272515,2
272515,1
272694,1
176779,2
176779,1
102287,2
102287,1
250887,1
203630,1
263900,1
130495,1
345767,1
345768,1
310375,1
310377,1
351280,1
372628,1
351238,1
351239,1
330676,1
229744,1
286916,1
282825,1
322881,1
315291,1
312070,1
310378,1
254090,1
163420,1
286299,1
285247,1
27711,1
25707,1
113536,1
258312,2
258312,1
46169,1
203629,1
203649,1
203677,1
237430,2
237430,1
55582,2
55582,1
161116,2
161116,1
238291,2
238291,1
142101,2
142101,1
197815,2
197815,1
322236,2
322236,1
176781,2
176781,1
315848,2
315848,1
78874,2
78874,1
203955,2
203955,1
285696,2
285696,1
203956,2
203956,1
98644,2
98644,1
169863,1
139363,2
139363,1
523997,1
139358,1
122457,2
122457,1
165067,1
165058,1
524012,1
27866,1
122458,2
122458,1
106062,2
106062,1
330320,2
330320,1
318998,2
318998,1
116446,2
116446,1
27935,2
27935,1
360301,2
360301,1
335690,2
335690,1
353704,2
353704,1
197959,2
197959,1
529619,2
529619,1
348154,2
348154,1
204028,2
204028,1
204031,2
204031,1
329665,1
81766,1
116126,1
198479,1
151086,1
115633,1
78738,2
78738,1
526162,1
386628,1
189311,1
87343,2
87343,1
205486,2
205486,1
57301,2
57301,1
2350,2
2350,1
261228,2
261228,1
2363,2
2363,1
204660,2
204660,1
74958,2
74958,1
74352,1
113241,2
113241,1
143152,2
143152,1
204842,2
204842,1
204843,2
204843,1
157185,2
157185,1
143093,2
143093,1
173056,1
135090,2
135090,1
135049,2
135049,1
372723,2
372723,1
332125,2
332125,1
135053,2
135053,1
135037,2
135037,1
135057,1
295423,2
295423,1
526547,2
526547,1
525076,2
525076,1
198987,2
198987,1
216835,2
216835,1
216836,2
216836,1
194726,2
194726,1
217012,2
217012,1
194727,2
194727,1
133405,2
133405,1
205427,2
205427,1
172382,2
172382,1
199787,2
199787,1
107327,2
107327,1
370081,2
370081,1
199204,2
199204,1
156344,1
349843,1
156347,1
368010,2
368010,1
107305,1
349850,2
349850,1
246762,1
217886,2
217886,1
524995,2
524995,1
119141,2
119141,1
106079,2
106079,1
157190,2
157190,1
106082,2
106082,1
303567,1
157219,2
157219,1
157220,2
157220,1
204990,2
204990,1
204991,2
204991,1
76294,2
76294,1
204987,2
204987,1
43858,2
43858,1
67091,1
254507,1
205012,1
2414,1
102165,1
523606,1
255211,2
255211,1
132729,2
132729,1
205049,2
205049,1
2416,1
2418,2
2418,1
351033,2
351033,1
2422,2
2422,1
2439,2
2439,1
29485,2
29485,1
313702,2
313702,1
313744,2
313744,1
376974,2
376974,1
376976,2
376976,1
313739,2
313739,1
313743,2
313743,1
375976,2
375976,1
375977,2
375977,1
383871,2
383871,1
2553,2
2553,1
102589,2
102589,1
24370,2
24370,1
24958,2
24958,1
2556,2
2556,1
215069,2
215069,1
27876,2
27876,1
28171,1
290900,1
89895,1
306454,1
285366,1
282128,1
28186,1
169394,1
319980,1
511542,1
319979,1
28187,1
28202,1
319981,1
28207,1
261507,1
28234,1
2602,2
2602,1
279612,2
279612,1
2603,2
2603,1
279613,2
279613,1
189549,2
189549,1
2604,2
2604,1
129887,2
129887,1
254916,2
254916,1
222779,2
222779,1
124858,2
124858,1
90041,2
90041,1
85760,2
85760,1
28236,2
28236,1
136918,2
136918,1
71648,2
71648,1
205827,2
205827,1
48118,1
143097,1
99296,1
84779,1
98973,1
323679,1
323680,1
323677,1
94949,1
206027,1
206032,1
526677,1
526679,1
526678,1
206012,1
2658,1
227559,1
383149,1
87749,1
206131,1
206134,1
106084,1
2669,1
354860,2
354860,1
371593,2
371593,1
354859,2
354859,1
367362,2
367362,1
62350,2
62350,1
247188,2
247188,1
190186,2
190186,1
177767,2
177767,1
247190,2
247190,1
358874,2
358874,1
106085,2
106085,1
197885,1
176783,2
176783,1
121173,1
296473,1
95633,2
95633,1
99311,2
99311,1
176077,2
176077,1
95079,2
95079,1
96054,2
96054,1
94038,2
94038,1
94053,2
94053,1
93129,2
93129,1
96294,2
96294,1
96239,2
96239,1
89007,2
89007,1
92975,2
92975,1
95061,2
95061,1
29758,2
29758,1
29761,2
29761,1
30081,2
30081,1
89140,2
89140,1
321501,2
321501,1
29767,2
29767,1
29768,2
29768,1
30086,2
30086,1
108418,2
108418,1
99366,2
99366,1
97170,2
97170,1
99078,2
99078,1
28280,1
308053,2
308053,1
28321,2
28321,1
323947,2
323947,1
388546,2
388546,1
522041,2
522041,1
114451,2
114451,1
512563,2
512563,1
43769,2
43769,1
366169,2
366169,1
382611,2
382611,1
280618,2
280618,1
98558,2
98558,1
501162,2
501162,1
522042,2
522042,1
522049,2
522049,1
370052,2
370052,1
366022,2
366022,1
102308,2
102308,1
25507,2
25507,1
351399,2
351399,1
114265,2
114265,1
52106,2
52106,1
189554,2
189554,1
217950,2
217950,1
65272,2
65272,1
202079,2
202079,1
228769,1
2924,1
2932,2
2932,1
206799,2
206799,1
206682,2
206682,1
227420,2
227420,1
153787,2
153787,1
2954,2
2954,1
204502,2
204502,1
296370,2
504767,2
74988,2
74988,1
206777,2
206777,1
47363,2
47363,1
152411,1
270553,2
270553,1
41753,2
41753,1
47098,2
47098,1
2979,2
2979,1
2981,2
2981,1
166547,1
124071,1
46496,1
124072,1
307777,1
108258,1
46498,1
42447,1
372556,1
352467,1
294160,1
133392,1
251816,1
207521,2
207521,1
87613,1
3066,2
3066,1
3067,2
3067,1
328082,2
328082,1
157416,1
207556,2
207556,1
157420,2
157420,1
157424,2
157424,1
111578,2
111578,1
3106,1
59353,2
59353,1
81358,2
81358,1
207637,2
207637,1
65333,2
65333,1
28835,2
28835,1
3148,2
3148,1
55640,2
55640,1
370728,1
261486,2
261486,1
316372,2
316372,1
208609,2
208609,1
291494,1
157502,1
227198,1
308739,1
361913,1
208720,1
208721,1
208722,2
208722,1
208723,2
208723,1
125368,1
46174,2
46174,1
196601,1
238402,2
238402,1
3375,1
194935,1
387550,1
25046,1
113811,1
54495,1
3379,2
3379,1
195303,2
195303,1
130592,2
130592,1
167991,2
167991,1
244572,2
244572,1
315808,2
315808,1
103798,1
232699,1
282588,1
54704,2
54704,1
374256,2
374256,1
354014,1
362137,1
525174,1
239972,1
29206,2
29206,1
29208,1
157583,2
157583,1
210186,1
157584,2
157584,1
40373,1
140272,2
140272,1
109880,1
276693,2
276693,1
101080,2
101080,1
3741,2
3741,1
521496,2
521496,1
335531,2
335531,1
274510,2
274510,1
118005,2
118005,1
3745,2
3745,1
65303,2
65303,1
133119,1
318673,2
318673,1
46540,2
46540,1
123280,1
305213,1
326436,1
123914,1
122658,1
371085,1
299177,1
123439,1
123372,1
123959,1
123874,1
123367,1
122763,1
123481,1
123052,1
144952,1
122918,1
123999,1
150852,1
196847,1
196850,1
217787,1
222986,1
123326,1
123083,1
123991,1
123707,1
122762,1
123796,1
123961,1
123236,1
122740,1
122567,1
150240,1
123976,1
123226,1
122581,1
122525,1
123207,1
235200,1
178985,1
122775,1
122576,1
370791,1
336674,1
124023,1
123935,1
282684,1
123336,1
303689,1
123378,1
166943,1
122977,1
177466,1
122766,1
222987,1
122608,1
123535,1
137332,1
303691,1
123565,1
123221,1
143204,1
122738,1
242985,1
123313,1
123180,1
123576,1
123633,1
123274,1
178984,1
123401,1
123467,1
123403,1
123681,1
142871,1
122558,1
122942,1
124008,1
301909,1
312702,1
124015,1
222990,1
123404,1
150876,1
177471,1
201584,1
220559,1
198169,1
160817,1
123272,1
124001,1
123929,1
122696,1
137333,1
122888,1
160818,1
124000,1
124006,1
122947,1
123154,1
123928,1
124021,1
178974,1
359204,1
359205,1
359206,1
150884,1
143209,1
370800,1
122645,1
235400,1
122711,1
221617,1
218862,1
123460,1
123522,1
122919,1
123368,1
122528,1
123530,1
123375,1
123423,1
122842,1
122975,1
123398,1
122678,1
143284,1
123529,1
123270,1
123043,1
122923,1
123266,1
122939,1
123863,1
122561,1
123517,1
123352,1
123559,1
122885,1
122943,1
122985,1
123783,1
123305,1
123399,1
122907,1
122965,1
123864,1
123748,1
122991,1
123742,1
122915,1
123675,1
142874,1
122771,1
122847,1
122565,1
123482,1
305863,1
137334,1
143693,1
123050,1
359208,1
360998,1
359209,1
359210,1
361001,1
359211,1
359212,1
122637,1
122683,1
123028,1
264094,1
123789,1
143279,1
123799,1
123215,1
123014,1
198025,1
123605,1
142876,1
123471,1
123552,1
351601,1
123051,1
122776,1
123365,1
124041,1
123804,1
123232,1
123488,1
123856,1
123377,1
122545,1
123229,1
122582,1
123474,1
285864,1
123741,1
122782,1
269466,1
142877,1
124016,1
143269,1
123273,1
123330,1
122597,1
187110,1
122961,1
122864,1
177475,1
166846,1
122578,1
122774,1
160819,1
122522,1
123980,1
124024,1
123035,1
123394,1
123085,1
122954,1
142880,1
122780,1
122613,1
123553,1
123059,1
165639,1
123829,1
137335,1
123988,1
142447,1
142449,1
135144,1
135147,1
291019,1
155437,1
155438,1
135202,1
135155,1
135156,1
155416,1
135157,1
122803,1
123617,1
122524,1
123230,1
122584,1
370792,1
370788,1
123268,1
123459,1
122506,1
122573,1
122617,1
123502,1
123088,1
355614,1
210695,2
210695,1
130396,2
130396,1
66788,2
66788,1
3776,2
3776,1
3777,1
29266,1
184360,2
184360,1
3785,1
29280,1
122925,1
3786,1
69699,2
69699,1
211449,2
211449,1
55687,2
55687,1
122812,1
105502,2
105502,1
295482,2
295482,1
41554,2
41554,1
247849,2
247849,1
194685,1
194687,1
81929,2
81929,1
165716,2
165716,1
48236,2
48236,1
378933,2
378933,1
132508,1
212541,1
212525,1
176718,1
328153,2
328153,1
3840,2
3840,1
29339,2
29339,1
53915,2
53915,1
56193,2
56193,1
157782,1
77923,2
77923,1
162124,2
162124,1
3847,1
84578,2
84578,1
213007,2
213007,1
280569,2
280569,1
110112,1
3903,1
3904,1
97831,2
97831,1
96112,1
111738,2
111738,1
3983,1
152840,2
152840,1
290917,1
253811,1
106100,1
141197,1
519074,1
518209,1
379168,1
329115,2
329115,1
524882,2
524882,1
329118,2
329118,1
213336,2
213336,1
213339,2
213339,1
55083,2
55083,1
29552,2
29552,1
213411,2
213411,1
109313,1
4047,1
4056,2
4056,1
523129,2
523129,1
4061,1
4166,1
352916,1
383632,1
211586,1
30538,1
30549,1
507140,1
213642,1
182289,1
507461,1
132520,1
507601,1
507170,1
507527,1
507722,1
507144,1
507466,1
507101,1
507700,1
507432,1
507106,1
507656,1
507367,1
507460,1
507311,1
507250,1
507182,1
507407,1
507655,1
507421,1
507532,1
132521,1
273047,1
158044,2
158044,1
4324,2
4324,1
214247,1
30589,1
162933,1
30591,1
4335,1
105536,1
106101,1
361254,2
361254,1
521816,2
521816,1
301957,2
301957,1
518216,2
518216,1
517343,2
517343,1
201521,1
365754,2
365754,1
294654,2
294654,1
99988,2
99988,1
301704,2
301704,1
520342,2
520342,1
358099,2
358099,1
521445,2
521445,1
130617,1
525787,2
525787,1
526011,2
526011,1
525866,2
525866,1
526004,2
526004,1
30615,2
30615,1
525490,2
525490,1
525396,2
525396,1
525559,2
525559,1
525612,2
525612,1
234050,1
525855,2
525855,1
337963,1
337967,1
337958,1
337965,1
4371,2
4371,1
299029,1
81458,2
81458,1
357465,1
337964,1
337957,1
110011,1
77852,1
199929,1
253450,1
196301,2
196301,1
142727,2
142727,1
30717,2
30717,1
264312,2
264312,1
165718,2
165718,1
149039,2
149039,1
70374,2
70374,1
142766,2
142766,1
347324,1
142768,2
142768,1
301938,1
128737,1
233801,1
121169,2
121169,1
329253,2
329253,1
121202,2
121202,1
105508,2
105508,1
329252,2
329252,1
365700,2
365700,1
58187,1
256611,2
256611,1
318007,2
318007,1
64896,2
64896,1
140294,2
140294,1
93293,2
93293,1
95520,2
95520,1
258250,2
258250,1
85445,1
353584,1
253436,1
119195,1
296534,1
320203,1
96223,1
30964,1
238825,1
238826,1
45630,1
91449,1
114854,1
127200,1
30965,1
5141,1
124485,1
153132,1
105181,1
113088,1
30975,1
176265,1
358897,1
234766,1
282150,1
22951,1
282487,1
105003,1
45988,1
5194,2
5194,1
115085,2
115085,1
5196,2
5196,1
83044,2
83044,1
83045,2
83045,1
280806,1
521852,1
521328,1
359531,1
341475,1
523121,1
530100,1
375261,1
300282,1
187357,1
529004,1
277521,1
350577,1
359532,1
279543,1
383639,1
536095,1
119199,1
523441,1
52832,1
242117,1
43983,1
64103,1
64104,1
515196,1
116480,1
171623,1
349810,1
297239,1
187359,1
309238,1
268750,1
111001,1
80263,1
205481,1
237987,1
317090,1
271071,1
163091,1
523011,1
290250,1
336360,1
173191,1
219268,1
82617,1
525072,1
163099,1
152620,1
152622,1
143357,1
381524,1
374120,1
350578,1
350581,1
227171,1
88942,1
124156,1
57001,1
282381,1
341451,1
527723,1
530737,1
536350,1
135242,1
523477,1
370782,1
369471,1
171139,1
216192,1
173231,1
173232,1
87446,1
383285,1
46546,1
135579,1
372540,1
349812,1
170166,1
170167,1
263411,1
523112,1
372365,1
293215,1
209085,1
209087,1
251412,1
209088,1
233082,1
96238,1
209090,1
209089,1
372371,1
535871,1
519210,1
525537,1
46068,1
286396,1
535718,1
170168,1
187374,1
372393,1
298138,1
283435,1
173263,1
536604,1
350596,1
504808,1
237993,1
350598,1
525563,1
525228,1
230675,1
309248,1
309249,1
242060,1
525463,1
60908,1
278352,1
231053,1
354428,1
167412,1
119200,1
517284,1
336450,1
309251,1
132890,1
507862,1
369008,1
260902,1
263838,1
173282,1
247696,1
338039,1
504412,1
50819,1
514190,1
341474,1
536015,1
62065,1
148434,1
62066,1
254250,1
271078,1
536818,1
363372,1
241239,1
173301,1
191022,1
231934,1
535537,1
210268,1
525318,1
133796,1
327266,1
359693,1
359694,1
114198,1
299494,1
536788,1
52640,1
108439,1
45816,1
233083,1
51299,1
143625,1
143626,1
190312,1
143627,1
271083,1
385032,1
341464,1
522992,1
349270,1
337928,1
341468,1
56238,1
535592,1
511793,1
282417,1
504068,1
309262,1
523903,1
521515,1
45165,1
165306,1
523034,1
523130,1
350445,1
523887,1
240312,1
525272,1
345251,1
173351,1
524083,1
291025,1
536700,1
372408,1
361524,1
527708,1
248950,1
352635,1
514199,1
324912,1
119201,1
341812,1
288707,1
111023,1
241162,1
57111,1
323825,1
516517,1
170376,1
290148,1
282398,1
343254,1
526489,1
527705,1
219270,1
522200,1
536188,1
250280,1
511835,1
317316,1
327262,1
535544,1
530099,1
525511,1
353526,1
521616,1
511720,1
271085,1
317473,1
525193,1
43463,1
525548,1
110806,1
242115,1
109453,1
345253,1
335998,1
536052,1
521126,1
516571,1
351580,1
248948,1
338300,1
177694,1
231937,1
51300,1
110425,1
67240,1
523111,1
173406,1
152552,1
231939,1
231940,1
227178,1
197463,1
383643,1
516674,1
523873,1
343319,1
173411,1
327270,1
341592,1
46621,1
108447,1
507742,1
226611,1
147823,1
517344,1
379146,1
190315,1
117893,1
170169,1
368342,1
101700,1
522160,1
521859,1
143517,1
143521,1
143522,1
213117,1
143523,1
143511,1
265443,1
143512,1
143524,1
143518,1
312948,1
143513,1
143514,1
241488,1
143516,1
263316,1
103407,1
383288,1
327830,1
104394,1
214939,1
295496,1
155224,1
297812,1
56630,1
369020,1
287972,1
372426,1
58631,1
227179,1
271088,1
517224,1
285285,1
285286,1
76894,1
274247,1
165699,1
135237,1
372427,1
375276,1
49042,1
42715,1
360024,1
177697,1
309297,1
152553,1
237756,1
265442,1
243432,1
300283,1
249482,1
511773,1
503765,1
535554,1
385036,1
511658,1
334749,1
351699,1
65166,1
81624,1
72858,1
73223,1
108544,1
124155,1
80102,1
369022,1
388736,1
385037,1
383289,2
521314,1
257517,1
360358,1
66063,1
360025,1
116481,1
116485,1
116489,1
116490,1
504160,1
327256,1
327255,1
331216,1
327260,1
327267,1
525426,1
536697,1
315274,1
521850,1
103651,1
351700,1
350449,1
360031,1
132898,1
76775,1
44157,1
524132,1
306439,1
524146,1
523117,1
523101,1
379137,1
48265,1
525547,1
525528,1
316851,1
326512,1
309334,1
273363,1
321437,1
269581,1
317091,1
143505,1
355618,1
290238,1
350652,1
350648,1
116475,1
309335,1
308033,1
522192,1
536199,1
197609,1
197610,1
170172,1
78235,1
69259,1
108954,1
536221,1
522193,1
165322,1
525154,1
173500,1
525861,1
536145,1
170173,1
80933,1
503836,1
197476,1
388734,1
86640,1
334750,1
514230,1
325787,1
75660,1
126311,1
257526,1
388735,1
375755,1
385038,1
375756,1
360372,1
350757,1
237729,1
237728,1
525593,1
360035,1
241487,1
535680,1
524392,1
65621,1
269363,1
285800,1
190316,1
304887,1
173527,1
147209,1
231208,1
173530,1
67973,1
71933,1
536619,1
249821,1
535878,1
350452,1
50300,1
152556,1
55484,1
173538,1
126313,1
65622,1
71637,1
334751,1
314384,1
529015,1
83873,1
331219,1
346071,1
258391,1
338042,1
76724,1
514235,1
536150,1
298027,1
523115,1
345257,1
206477,1
522300,1
536105,1
249483,1
368344,1
151242,1
97826,1
510842,1
299447,1
241940,1
139969,1
83332,1
242540,1
368672,1
504015,1
104925,1
59100,1
173570,1
388737,1
173578,1
522987,1
523272,1
341809,1
371665,1
309357,1
119649,1
536726,1
295493,1
152563,1
249106,1
323254,1
361006,1
326516,1
287973,1
522298,1
173593,1
522199,1
241173,1
523904,1
155251,1
206471,1
525506,1
205482,1
282771,1
126319,1
523896,1
178254,1
530826,1
264138,1
234735,1
234737,1
268777,1
327263,1
326519,1
525451,1
522031,1
167351,1
172618,1
275882,1
191585,1
522195,1
287984,1
372457,1
383641,1
190417,1
284643,1
47505,1
523106,1
523134,1
523126,1
382715,1
171611,1
522189,1
525097,1
523001,1
535519,1
360892,1
522999,1
173630,1
524079,1
47506,1
63140,1
526510,1
522149,1
115088,1
241102,1
308034,1
300467,1
257501,1
380863,1
327694,1
353535,1
140717,1
237162,1
173648,1
535814,1
522700,1
136696,1
522203,1
135595,1
152626,1
274248,1
535651,1
385045,1
241143,1
282774,1
314419,1
309402,1
313717,1
523016,1
535567,1
67671,1
271098,1
368740,1
536258,1
324827,1
248754,1
138931,1
504602,1
327848,1
523086,1
521730,1
286401,1
350888,1
254322,1
324897,1
525299,1
157973,1
104926,1
250399,1
514253,1
68424,1
73204,1
144494,1
525477,1
111136,1
53441,1
331213,1
64792,1
345312,1
530092,1
101699,1
353544,1
523478,1
360374,1
523471,1
371597,1
304249,1
190903,1
69015,1
535763,1
66186,1
523014,1
522194,1
280846,1
308035,1
265845,1
525195,1
525277,1
522296,1
375285,1
536465,1
534185,1
274830,1
525505,1
49642,1
372469,1
295507,1
135243,1
523036,1
535505,1
295505,1
522997,1
511826,1
303593,1
187354,1
504274,1
250415,1
511520,1
165316,1
255378,1
376638,1
52227,1
526021,1
309418,1
249984,1
523108,1
241146,1
514261,1
309425,1
361409,1
535506,1
522033,1
507849,1
237115,1
351704,1
525114,1
47696,1
152682,1
173820,1
522295,1
66966,1
83346,1
86662,1
206445,1
150817,1
525496,1
173840,1
530104,1
530101,1
530103,1
530102,1
337385,1
337387,1
337362,1
510774,1
522988,1
522032,1
536441,1
215130,1
536814,1
526253,1
309430,1
374213,1
345574,1
517783,1
341461,1
321431,1
178561,1
325792,1
340503,1
171096,1
525209,1
48583,1
341586,1
139198,1
507847,1
510690,1
134535,1
152569,1
173967,1
353077,1
202823,1
113597,1
87730,1
173980,1
53061,1
271100,1
352980,1
168966,1
387803,1
309445,1
250263,1
173990,1
241237,1
287986,1
152621,1
84012,1
219157,1
211513,1
202335,1
218166,1
291165,1
227191,1
230684,1
250383,1
284694,1
289124,1
284710,1
289125,1
284687,1
284683,1
327695,1
338058,1
288009,1
274867,1
338060,1
288007,1
338061,1
288006,1
274863,1
274865,1
274864,1
274868,1
336980,1
152623,1
300299,1
104561,1
172946,1
503849,1
344834,1
325793,1
385046,2
317486,1
132695,1
152611,1
256443,1
82310,1
102345,1
264305,1
536913,1
48922,1
102162,1
45015,1
54193,1
345886,1
174038,1
536354,1
54311,1
300469,1
341469,1
43430,1
255377,1
138618,1
525459,1
76794,1
345890,1
281557,1
71697,1
282405,1
525592,1
315575,1
281556,1
527089,1
372409,1
517784,1
522159,1
521860,1
514166,1
514168,1
344636,1
344634,1
233522,1
374216,1
298710,1
264136,1
370689,1
528781,1
383287,1
298714,1
335804,1
388739,1
519681,1
344172,1
525539,1
293371,1
317319,1
527063,1
310325,1
310329,1
327573,1
522385,1
504913,1
327572,1
337379,1
306884,1
337374,1
297229,1
243431,1
297228,1
270722,1
525527,1
527122,1
526612,1
281561,1
519821,1
173566,1
389114,1
525745,1
525240,1
525246,1
525197,1
525202,1
531177,1
525279,1
525237,1
525697,1
525172,1
281564,1
281562,1
281566,1
281565,1
281563,1
281567,1
530650,1
282403,1
282402,1
309479,1
361525,1
298715,1
368745,1
267336,1
308652,1
87994,1
138617,1
533198,1
521598,1
24469,2
24469,1
325880,2
325880,1
360746,2
360746,1
369895,2
369895,1
158356,2
158356,1
325132,1
325134,1
330467,2
330467,1
322459,1
187396,1
115851,1
315731,1
63251,1
94827,1
109380,1
512411,1
92058,1
186253,1
239045,1
156734,1
103368,1
525849,1
62146,1
344067,1
343788,1
305964,1
239046,1
131832,1
510522,1
505519,1
239148,1
94744,1
316989,1
50463,1
315732,1
131835,1
72187,1
69815,1
131834,1
512309,1
240851,1
115853,1
230844,1
95990,1
253661,1
213119,1
234391,1
240353,1
316310,1
273765,1
94745,1
201115,1
525479,1
511293,1
272835,1
307038,1
324914,1
226252,1
80898,1
211128,1
271103,1
60027,1
85406,1
108939,1
66775,1
63846,1
87156,1
84171,1
63738,1
119170,1
68309,1
51825,1
46080,1
93575,1
73631,1
62430,1
52762,1
91880,1
77719,1
119169,1
52650,1
81463,1
87253,1
58085,1
115405,1
103859,1
89388,1
57674,1
104196,1
102495,1
57077,1
119182,1
104109,1
97234,1
86244,1
62735,1
64085,1
48422,1
102432,1
119173,1
57846,1
105009,1
70428,1
71430,1
104295,1
57557,1
112168,1
61575,1
56101,1
72170,1
74379,1
59887,1
65124,1
68002,1
65213,1
76574,1
103515,1
59682,1
47181,1
95042,1
67805,1
96170,1
101871,1
65242,1
59850,1
103999,1
93810,1
105277,1
86032,1
110629,1
45336,1
93766,1
94795,1
47251,1
55201,1
85844,1
96941,1
68912,1
108545,1
110880,1
67888,1
69745,1
46102,1
53014,1
63739,1
102510,1
70174,1
63946,1
66146,1
43265,1
48334,1
64908,1
109835,1
70115,1
59710,1
51479,1
46290,1
59590,1
47100,1
83773,1
103624,1
69609,1
63252,1
71223,1
45246,1
47222,1
48756,1
80667,1
61101,1
64916,1
45891,1
47989,1
83906,1
79428,1
49272,1
79263,1
46044,1
76410,1
119178,1
43553,1
103806,1
68322,1
51822,1
108099,1
109929,1
50697,1
81090,1
81527,1
57417,1
49918,1
73278,1
68149,1
71034,1
51823,1
119183,1
63724,1
99393,1
81538,1
57977,1
68518,1
83218,1
63963,1
103149,1
57702,1
104215,1
68197,1
79228,1
122414,1
96375,1
59851,1
62549,1
104635,1
47904,1
44486,1
104135,1
119181,1
102355,1
90256,1
97327,1
50932,1
64665,1
52901,1
47645,1
119686,1
105129,1
71043,1
51957,1
82479,1
91212,1
31314,1
29281,1
46307,1
32813,1
48034,2
48034,1
243816,1
114404,2
114404,1
206430,2
206430,1
243796,2
243796,1
289132,2
289132,1
175743,2
175743,1
243606,2
243606,1
353706,1
370061,1
377281,1
377280,1
387480,1
379884,1
377279,1
514292,2
514292,1
167777,2
167777,1
135302,2
135302,1
359227,1
376665,1
371921,1
367720,1
352707,1
371922,1
204342,2
204342,1
379885,1
371920,1
286745,2
286745,1
273628,2
273628,1
5698,2
5698,1
150823,2
150823,1
105495,1
243626,2
243626,1
322202,2
322202,1
31545,1
209129,2
209129,1
175719,1
209131,2
209131,1
108166,2
108166,1
243593,2
243593,1
288471,2
288471,1
343169,2
343169,1
106112,1
284957,2
284957,1
350009,2
350009,1
293836,2
293836,1
194734,2
194734,1
42167,2
42167,1
243478,1
512548,1
74267,2
74267,1
30460,2
30460,1
70281,2
70281,1
237212,2
237212,1
60225,2
60225,1
308667,1
131217,1
284444,1
529110,1
382877,1
382878,1
529209,1
529183,1
529119,1
376129,1
529103,1
382879,1
184284,1
353554,1
294528,1
320684,1
342027,1
529212,1
529084,1
312719,1
504815,1
504356,1
31758,1
529194,1
529139,1
124471,1
529247,1
529252,1
529218,1
529258,1
388417,1
529082,1
529128,1
529131,1
529089,1
529151,1
529180,1
529232,1
306846,1
529189,1
529159,1
529195,1
294701,1
529162,1
529251,1
531002,1
529229,1
114559,1
103064,1
129003,1
248662,1
529249,1
68028,1
522796,1
105303,1
219360,1
190292,1
533177,1
184598,2
184598,1
184599,2
184599,1
212132,1
158417,1
118899,1
31815,1
195314,1
221088,2
221088,1
221089,2
221089,1
229868,2
229868,1
180606,2
180606,1
153772,2
153772,1
168541,2
168541,1
286049,1
96932,2
96932,1
128040,2
128040,1
336452,1
521109,2
521109,1
505513,2
505513,1
505516,2
505516,1
339226,2
339226,1
339227,2
339227,1
234281,1
505514,2
505514,1
306950,2
306950,1
334320,2
334320,1
181334,2
181334,1
319436,2
319436,1
211736,2
211736,1
193128,2
193128,1
245004,1
384489,2
384489,1
191044,2
191044,1
382530,2
382530,1
196350,2
196350,1
180001,2
180001,1
44604,1
374614,2
374614,1
182930,2
182930,1
5855,2
5855,1
53100,2
53100,1
58086,2
58086,1
113839,2
113839,1
187342,1
50466,2
50466,1
254511,2
254511,1
116719,2
116719,1
83484,1
46603,2
46603,1
164593,2
164593,1
156004,2
156004,1
374620,2
374620,1
152726,1
5862,2
5862,1
41905,2
41905,1
120466,2
120466,1
529588,2
529588,1
336454,1
126013,1
216402,2
216402,1
216401,2
216401,1
216400,2
216400,1
216403,2
216403,1
339221,2
339221,1
248793,2
248793,1
339215,2
339215,1
370810,2
370810,1
353106,2
353106,1
324556,2
324556,1
298576,2
298576,1
324558,2
324558,1
298577,2
298577,1
270559,2
270559,1
117200,2
117200,1
339217,2
339217,1
339219,2
339219,1
136477,2
136477,1
292272,2
292272,1
531224,2
531224,1
531225,2
531225,1
134835,2
134835,1
137368,1
339218,2
339218,1
177362,2
177362,1
294426,2
294426,1
183828,2
183828,1
339225,2
339225,1
334322,2
334322,1
96171,1
367727,2
367727,1
367728,2
367728,1
345790,1
367725,2
367725,1
345792,2
345792,1
90713,2
90713,1
320142,2
320142,1
113840,2
113840,1
88273,2
88273,1
101186,1
30886,2
30886,1
339213,2
339213,1
117961,2
117961,1
524474,2
524474,1
63478,2
63478,1
119589,2
119589,1
55615,2
55615,1
197364,2
197364,1
339228,2
339228,1
172981,2
172981,1
192452,2
192452,1
521993,2
521993,1
31812,2
31812,1
31814,2
31814,1
505225,2
505225,1
504851,2
504851,1
504063,2
504063,1
382314,2
382314,1
348111,2
348111,1
365022,2
365022,1
348114,2
348114,1
348122,2
348122,1
348121,2
348121,1
348117,2
348117,1
537058,2
537058,1
536971,2
536971,1
5886,1
536880,2
536880,1
536857,2
536857,1
537102,2
537102,1
537100,2
537100,1
537031,2
537031,1
536940,2
536940,1
537003,2
537003,1
537092,2
537092,1
537051,2
537051,1
537024,2
537024,1
537077,2
537077,1
536888,2
536888,1
536867,2
536867,1
536839,2
536839,1
537072,2
537072,1
537035,2
537035,1
536964,2
536964,1
536883,2
536883,1
537005,2
537005,1
5959,2
51652,2
52854,2
52854,1
108161,2
108161,1
67111,2
141814,1
156622,2
156622,1
202327,2
202327,1
163758,2
163758,1
6131,1
6136,1
101332,1
22729,1
31937,1
87823,1
511479,1
171932,1
26904,1
292796,1
6216,1
158881,1
31959,1
376794,2
376794,1
353707,2
353707,1
374345,2
374345,1
342445,2
342445,1
270204,1
131755,1
174797,1
325513,1
6290,1
523866,1
141106,1
172359,2
172359,1
6295,1
194228,1
177989,1
179920,1
52841,1
20774,1
232715,2
232715,1
158552,2
158552,1
104792,2
104792,1
6298,2
6298,1
139228,2
139228,1
318954,2
318954,1
6299,1
311507,1
280983,1
121176,2
121176,1
315445,1
23566,1
231902,2
231902,1
69505,2
69505,1
6753,2
6753,1
32534,1
168295,1
163508,1
196809,2
196809,1
367421,2
367421,1
254981,2
254981,1
282004,1
223405,1
525545,1
218424,1
32554,1
243424,1
24972,1
75998,1
236697,2
236697,1
376006,1
365027,1
347721,1
521839,1
376686,1
60349,1
307454,1
521338,1
307375,1
505327,1
373773,1
521798,1
370891,1
348097,1
373775,1
253972,2
253972,1
136953,1
250924,2
250924,1
91464,2
91464,1
523301,2
523301,1
531144,2
531144,1
521300,2
521300,1
97758,2
97758,1
518120,1
360769,2
360769,1
388428,2
388428,1
305333,2
305333,1
531143,2
531143,1
511763,2
511763,1
532677,2
532677,1
318809,2
318809,1
91227,1
531135,2
531135,1
531136,2
531136,1
531134,2
531134,1
360770,2
360770,1
360708,2
360708,1
344195,2
344195,1
350762,1
531140,2
531140,1
523300,2
523300,1
531160,2
531160,1
378223,2
378223,1
351733,1
531148,2
531148,1
218858,2
218858,1
306253,2
306253,1
511396,2
511396,1
531141,2
531141,1
531157,2
531157,1
531142,2
531142,1
505451,2
505451,1
505452,2
505452,1
505453,2
505453,1
517788,1
220525,2
220525,1
106117,2
106117,1
89218,2
89218,1
169157,2
169157,1
217069,2
217069,1
219192,2
219192,1
106118,2
106118,1
20791,1
380478,2
380478,1
380480,2
380480,1
361224,2
361224,1
380477,2
380477,1
32565,2
32565,1
345957,2
345957,1
358330,2
358330,1
532380,2
532380,1
531147,2
531147,1
531151,2
531151,1
532113,2
532113,1
519419,2
519419,1
531163,2
531163,1
531150,2
531150,1
531146,2
531146,1
531145,2
531145,1
380479,2
380479,1
358901,2
358901,1
380481,2
380481,1
346038,2
346038,1
371930,2
371930,1
76326,2
76326,1
158661,2
158661,1
161417,2
161417,1
221566,2
221566,1
281153,1
106121,2
106121,1
106119,2
106119,1
106120,2
106120,1
368690,1
517791,2
517791,1
517792,2
517792,1
271518,1
32761,1
222340,1
530626,1
530630,1
183888,2
183888,1
98501,1
361411,1
285122,1
229779,1
226818,1
74306,2
74306,1
88057,1
358045,1
216214,1
288395,1
358046,1
323981,1
7104,1
57097,1
47854,1
20201,2
20201,1
344199,2
344199,1
335129,2
335129,1
7151,2
7151,1
32841,1
59971,1
94694,2
312318,2
312318,1
94977,2
94977,1
76299,2
76299,1
52347,1
7176,1
268995,1
295462,2
295462,1
337208,2
337208,1
354384,2
354384,1
295892,2
295892,1
77753,1
7231,1
43747,2
43747,1
168090,1
32925,1
243528,1
32926,1
223483,1
344303,1
110403,1
119307,1
94267,1
60180,2
60180,1
72895,1
198388,1
32918,2
32918,1
305575,1
218252,1
158865,1
537108,1
537023,1
357928,1
210600,1
65240,1
187379,1
93130,1
223488,1
117615,1
55545,1
42325,2
42325,1
198389,1
7280,1
268627,1
171238,1
355215,1
373027,1
353167,1
318982,1
69875,1
52827,1
254032,1
315087,1
283176,1
353168,1
191614,1
297600,1
303258,1
81602,1
276556,1
304228,1
333125,1
238558,1
131735,1
281276,1
334904,1
150198,1
340843,1
206485,1
334905,1
72774,1
346026,1
45893,1
62260,1
254034,1
70213,1
147429,1
340845,1
355218,1
238329,1
297029,1
219290,1
329323,1
239739,1
239740,1
299050,1
184420,1
313401,1
306553,1
58483,1
78122,1
309584,1
313394,1
313393,1
54694,1
59884,1
272481,1
348567,1
45990,1
353171,1
318698,1
145830,1
320739,1
247590,1
318818,1
84343,1
121613,1
179193,1
48259,1
363756,1
334906,1
43234,1
348570,1
318980,1
106127,1
353177,1
65350,1
363755,1
46677,1
193942,1
343761,1
363098,1
320202,1
167668,1
105179,1
99464,1
176482,1
68313,1
103907,1
98217,1
156768,1
39734,1
65814,1
77197,1
125198,1
82732,1
241577,1
345794,2
345794,1
45288,2
45288,1
219995,2
219995,1
294431,2
294431,1
377011,2
377011,1
377016,2
377016,1
377014,2
377014,1
377013,2
377013,1
104004,2
104004,1
117920,2
117920,1
219315,2
219315,1
304899,2
304899,1
152412,2
152412,1
269225,2
269225,1
158900,2
158900,1
325094,2
325094,1
324921,2
324921,1
225964,2
225964,1
167889,2
167889,1
51908,2
51908,1
349950,2
349950,1
335130,2
335130,1
190980,2
190980,1
289168,2
289168,1
367745,2
367745,1
360385,2
360385,1
324926,2
324926,1
375950,2
375950,1
345598,2
345598,1
358910,2
358910,1
295946,2
295946,1
286060,2
286060,1
158911,2
158911,1
73730,2
73730,1
152461,2
152461,1
183490,2
183490,1
242621,2
242621,1
211131,2
211131,1
59302,2
59302,1
273947,2
273947,1
317136,1
95312,1
127439,1
294466,1
104904,1
64482,1
119776,1
96512,1
524794,2
524794,1
358827,1
92660,1
73293,1
276731,1
301232,1
72688,1
247377,1
117651,1
176816,1
368029,1
343424,1
300813,1
176785,1
193613,1
272132,1
69308,1
138282,1
86144,1
119775,1
287118,1
52466,1
389041,1
76603,1
33386,1
7716,1
112350,1
111025,2
111025,1
525776,2
525776,1
318693,2
318693,1
234066,2
234066,1
89097,2
89097,1
143547,2
143547,1
179980,2
179980,1
177614,2
177614,1
252000,2
252000,1
170983,2
170983,1
231430,2
231430,1
296656,2
296656,1
298396,2
298396,1
223668,2
223668,1
85482,2
85482,1
48862,2
48862,1
223669,2
223669,1
223670,2
223670,1
7890,2
7890,1
7896,2
7896,1
259162,1
238688,2
238688,1
155261,2
155261,1
7925,2
7925,1
48015,2
48015,1
51719,2
51719,1
71736,2
71736,1
33512,2
33512,1
262850,2
262850,1
83980,1
184319,2
184319,1
154877,2
154877,1
186786,2
186786,1
268971,1
256385,1
256386,1
306606,1
346574,1
347369,1
361227,1
298037,1
371618,1
268972,1
250273,1
250274,1
306956,1
339012,1
355436,1
371584,1
347326,1
139576,1
534269,1
115530,2
115530,1
65334,1
271886,1
271174,1
96371,1
50262,1
317999,1
350479,1
299303,1
136488,1
8020,1
219177,1
282173,1
203202,1
238836,1
170808,1
47900,1
354450,1
354452,1
354454,1
356242,1
356831,1
354460,1
354468,1
354472,1
353873,1
354478,1
354480,1
354476,1
353875,1
354482,1
353877,1
354448,1
354487,1
354489,1
354492,1
353879,1
354236,1
353885,1
353943,1
361557,1
354770,1
354768,1
353887,1
354718,1
361556,1
354585,2
354585,1
361558,1
355763,1
353903,1
506683,1
353905,2
353905,1
361559,2
361559,1
354447,1
354449,1
354451,1
354453,1
356241,1
356833,1
354206,1
354459,1
354467,1
354471,1
353872,1
354477,1
354479,1
354475,1
353874,1
354481,1
354205,1
353876,1
354486,1
354488,1
354490,1
354247,1
361035,1
354291,1
354708,1
353900,2
353900,1
354330,2
354330,1
353902,1
354767,1
354769,1
355755,1
353918,1
354360,1
354232,2
354232,1
353898,1
361036,1
354300,1
21173,2
21173,1
8033,2
8033,1
86745,2
86745,1
306632,2
306632,1
76634,2
76634,1
93496,2
93496,1
91579,2
91579,1
296646,2
296646,1
43421,2
43421,1
212490,2
212490,1
212492,2
212492,1
71551,2
71551,1
33607,2
33607,1
8052,2
8052,1
8057,1
19969,1
33610,1
82032,1
187276,2
187276,1
357227,1
326829,1
190703,1
43192,1
8144,2
8144,1
370918,2
163272,2
280961,2
280961,1
319326,2
319326,1
76146,1
20487,1
228596,2
228596,1
115420,2
115420,1
226598,2
226598,1
181607,2
181607,1
42846,2
42846,1
351029,2
351029,1
300286,2
300286,1
44505,2
44505,1
205521,2
205521,1
226601,2
226601,1
194406,2
194406,1
205617,2
205617,1
316385,2
316385,1
76097,2
76097,1
202571,2
202571,1
202572,2
202572,1
226388,2
226388,1
255223,2
255223,1
25702,1
159144,1
344493,1
252897,2
252897,1
45512,1
255004,1
8488,1
529246,1
529143,1
529226,1
42651,1
362023,2
362023,1
165518,2
165518,1
346294,1
529220,1
529163,1
529184,1
529222,1
529245,1
53768,1
8489,1
529125,1
152403,1
34043,1
256821,1
76796,2
76796,1
133682,1
46833,1
34044,1
219713,1
165771,1
8487,1
335737,1
272489,2
52867,2
52867,1
8527,1
73670,2
56765,1
98895,2
96843,2
298858,2
300849,2
55851,1
306856,1
95812,1
232723,1
184359,1
515216,1
378065,1
360388,1
302227,1
282281,2
282281,1
328112,2
328112,1
170460,2
170460,1
303133,1
212771,1
303101,1
334979,1
8681,2
8681,1
78338,2
78338,1
54427,2
54427,1
125490,2
125490,1
352423,1
219362,1
297714,2
297714,1
219913,2
219913,1
221899,1
326594,2
326594,1
218852,1
159215,1
85324,1
40557,2
40557,1
49692,1
329425,1
329424,1
523672,2
523672,1
329296,1
523684,2
523684,1
104971,1
63784,1
255878,1
273804,1
347034,1
371360,1
352984,1
42181,1
339325,1
250261,1
44080,1
339326,1
270021,1
108041,1
226355,1
164057,1
242848,1
83529,1
164944,1
153485,1
227530,1
335552,1
344349,1
326139,1
72900,1
240119,1
257873,1
85364,1
79576,1
256225,1
227539,1
227528,1
164043,1
327525,1
226356,1
222075,1
8752,1
271433,1
271435,1
57580,1
115679,1
533377,1
315761,2
315761,1
8768,2
8768,1
209351,1
90522,1
136776,1
8827,1
40580,1
40772,1
102716,1
240502,2
240502,1
44889,2
44889,1
153489,1
170813,1
53644,2
53644,1
78826,1
226622,1
144696,2
144696,1
77845,2
77845,1
44500,2
44500,1
193697,2
193697,1
52380,1
86969,1
49301,1
301838,1
262276,1
87130,1
83334,2
83334,1
318567,2
318567,1
226624,1
146386,2
146386,1
61488,2
61488,1
71598,2
71598,1
319428,1
165760,2
165760,1
240505,1
89441,1
91492,1
8989,2
8989,1
25647,1
60155,2
60155,1
9019,2
9019,1
311254,1
9023,2
9023,1
55743,2
55743,1
9029,2
9029,1
102362,2
102362,1
114605,2
114605,1
85660,2
85660,1
41031,1
280944,2
280944,1
177681,1
343804,1
343805,1
310824,1
291266,1
291264,1
290822,1
309642,1
339492,1
339473,1
106147,1
339096,1
177682,1
339069,1
339105,1
339098,1
339133,1
339135,1
339144,1
339145,1
282071,1
309643,1
310829,1
9151,1
54914,1
115115,1
9154,1
250575,1
176786,1
44784,1
41183,1
139952,1
137231,1
139953,1
139955,1
249904,1
366049,1
365918,1
45959,1
292802,1
56562,1
117088,1
96921,1
87577,2
87577,1
373832,2
373832,1
268310,2
268310,1
269460,2
269460,1
300008,2
300008,1
80438,2
80438,1
74993,2
74993,1
121635,2
121635,1
367366,2
367366,1
92139,2
92139,1
46701,2
46701,1
85178,2
85178,1
363542,2
363542,1
250303,2
250303,1
293658,2
293658,1
152643,1
86615,2
86615,1
525334,2
525334,1
504637,2
504637,1
51597,2
51597,1
290633,2
290633,1
141706,2
141706,1
227957,2
227957,1
113113,2
113113,1
47481,2
47481,1
69553,2
69553,1
350958,2
350958,1
226708,2
226708,1
61029,2
61029,1
140848,1
522035,2
522035,1
9409,2
9409,1
130397,2
130397,1
163364,2
163364,1
166694,2
166694,1
353797,1
353778,1
503305,1
124962,2
124962,1
171004,2
171004,1
371579,2
371579,1
371578,2
371578,1
165541,2
165541,1
54849,1
196775,1
85960,1
378209,2
378209,1
353991,2
353991,1
517172,1
9440,2
9440,1
9470,1
9471,1
300267,2
300267,1
301236,2
301236,1
194177,1
202622,1
106151,2
106151,1
119370,2
119370,1
525182,2
525182,1
105691,2
105691,1
152492,2
152492,1
105566,2
105566,1
228611,1
49549,1
382579,1
300445,1
95843,1
9830,1
328048,1
328049,2
328049,1
329251,2
329251,1
120561,2
120561,1
158416,2
158416,1
224051,2
224051,1
9853,2
9853,1
102038,2
102038,1
58158,1
116266,2
116266,1
99223,2
99223,1
83413,2
83413,1
105037,2
105037,1
25520,2
25520,1
133135,2
133135,1
161415,2
161415,1
177630,2
177630,1
103570,2
103570,1
322344,2
322344,1
124973,2
124973,1
202817,2
202817,1
124974,2
124974,1
184601,2
184601,1
119601,2
119601,1
196589,2
196589,1
253864,2
253864,1
328841,2
328841,1
142801,2
142801,1
335182,1
329401,1
133148,2
133148,1
301889,1
346146,1
328838,1
346145,1
106152,2
106152,1
329300,1
241829,2
241829,1
311445,1
119603,2
119603,1
329324,1
507769,2
507769,1
124975,2
124975,1
124976,2
124976,1
318622,2
318622,1
119292,2
119292,1
328894,2
328894,1
162468,1
119303,2
119303,1
119293,2
119293,1
142998,2
142998,1
290445,1
137336,2
137336,1
119298,2
119298,1
185798,2
185798,1
175704,2
175704,1
189332,2
189332,1
280626,2
280626,1
183706,1
176032,2
176032,1
328832,1
119294,2
119294,1
119606,2
119606,1
119608,2
119608,1
302152,1
290444,1
119295,2
119295,1
124977,2
124977,1
290443,1
176034,2
176034,1
133480,2
133480,1
302153,1
339194,1
277141,1
124978,2
124978,1
119299,2
119299,1
347374,1
177637,2
177637,1
133735,2
133735,1
200462,2
200462,1
263393,2
263393,1
269884,1
119612,2
119612,1
524471,2
524471,1
119613,2
119613,1
124980,2
124980,1
165448,2
165448,1
162291,2
162291,1
233256,2
233256,1
176033,2
176033,1
329384,1
142997,2
142997,1
124981,2
124981,1
233252,2
233252,1
143000,2
143000,1
119304,2
119304,1
244913,1
165450,2
165450,1
103356,2
103356,1
142099,2
142099,1
119614,2
119614,1
183712,1
236839,2
236839,1
524547,2
524547,1
200269,2
200269,1
119006,2
119006,1
249761,2
249761,1
119300,2
119300,1
202815,2
202815,1
241836,2
241836,1
202816,2
202816,1
329366,1
119615,2
119615,1
376679,2
376679,1
165447,2
165447,1
119004,2
119004,1
119301,2
119301,1
524490,2
524490,1
119616,2
119616,1
524541,2
524541,1
176037,2
176037,1
142996,2
142996,1
176030,2
176030,1
119617,2
119617,1
329381,2
329381,1
214925,1
251702,2
251702,1
175700,2
175700,1
504304,2
504304,1
329373,1
244892,2
244892,1
328849,2
328849,1
517111,2
517111,1
62339,2
62339,1
52697,2
52697,1
292004,2
292004,1
66195,2
66195,1
130997,2
130997,1
126197,2
126197,1
40922,2
40922,1
524775,2
524775,1
346148,2
346148,1
177561,2
177561,1
124963,2
124963,1
141228,2
141228,1
263551,2
263551,1
231386,1
25423,1
272142,2
272142,1
108777,1
202437,1
21850,1
119872,1
125396,1
119254,1
119255,1
119256,1
119257,1
176788,1
178615,1
60742,2
60742,1
505497,2
505497,1
159551,2
159551,1
316210,1
10009,1
351319,2
351319,1
534887,2
534887,1
10055,2
10055,1
274651,1
284743,1
10090,1
239338,1
75002,2
75002,1
20720,2
20720,1
106155,2
106155,1
332159,2
332159,1
162116,2
162116,1
70138,2
70138,1
83740,2
83740,1
53164,2
53164,1
105461,2
105461,1
48924,1
164277,1
115494,2
115494,1
180492,2
180492,1
62232,2
62232,1
99179,2
99179,1
124378,2
124378,1
224151,2
224151,1
155842,2
155842,1
118185,2
118185,1
118182,2
118182,1
119053,2
119053,1
119071,2
119071,1
137382,2
137382,1
191738,1
310802,1
270729,1
82425,2
82425,1
120348,2
120348,1
52515,2
52515,1
150678,2
150678,1
113857,2
113857,1
247633,2
247633,1
42050,2
42050,1
176047,1
310801,1
519595,2
519595,1
251671,2
251671,1
106162,2
106162,1
106163,2
106163,1
106164,2
106164,1
310904,1
310903,1
309662,1
106165,2
106165,1
310900,1
137378,2
137378,1
137383,2
137383,1
116647,1
137379,2
137379,1
310896,1
137380,2
137380,1
302520,1
176789,2
176789,1
272147,1
317711,1
310834,2
310834,1
84821,1
520142,2
520142,1
518932,2
518932,1
520225,2
520225,1
67924,1
224156,2
224156,1
180008,2
180008,1
182433,2
182433,1
182434,2
182434,1
83295,2
83295,1
51051,2
51051,1
92384,2
92384,1
270711,2
270711,1
247736,2
247736,1
231209,2
231209,1
231210,2
231210,1
231211,2
231211,1
231212,2
231212,1
231217,2
231217,1
124133,2
124133,1
377002,2
377002,1
137385,2
137385,1
137390,2
137390,1
137391,2
137391,1
137392,2
137392,1
137393,2
137393,1
192477,1
179923,1
10536,1
113858,1
99960,2
99960,1
98034,2
98034,1
253941,2
253941,1
131778,2
131778,1
232930,2
232930,1
240045,1
153916,2
153916,1
89962,2
89962,1
83138,2
83138,1
55250,2
55250,1
126532,2
126532,1
126533,2
126533,1
237816,2
237816,1
90760,2
90760,1
217680,2
217680,1
219152,2
219152,1
52142,2
52142,1
128267,2
128267,1
128270,2
128270,1
10571,2
10571,1
57482,2
57482,1
140384,2
140384,1
142120,1
10574,2
10574,1
224180,2
224180,1
208327,2
208327,1
55028,2
55028,1
224181,2
224181,1
246267,2
246267,1
10602,2
10602,1
91997,2
91997,1
81196,2
81196,1
286306,2
286306,1
120455,2
120455,1
85823,2
85823,1
308561,2
308561,1
120944,2
120944,1
100465,2
100465,1
386680,2
386680,1
51771,2
51771,1
369114,2
369114,1
45008,2
45008,1
269854,2
269854,1
293190,2
293190,1
91996,2
91996,1
182435,2
182435,1
58271,2
58271,1
318959,2
318959,1
228332,2
228332,1
341524,2
341524,1
156752,1
178129,1
159701,2
159701,1
352988,1
271891,1
197141,1
55734,1
507236,1
250935,1
177542,1
96193,1
70002,1
305907,1
305908,1
305906,1
389087,1
507309,1
507195,1
507328,1
507651,1
507402,1
507241,1
507648,1
55731,1
269603,1
232081,2
232081,1
61088,2
61088,1
118966,1
119259,1
118969,1
118965,1
118970,1
118968,1
247109,1
247106,1
247105,1
247107,1
500461,1
106182,1
247108,1
346698,1
247136,1
10927,1
49151,1
61824,1
241900,1
311023,1
43325,1
135369,1
75701,1
83663,2
83663,1
105551,2
105551,1
83281,2
83281,1
240503,1
353559,1
110802,2
110802,1
352989,2
352989,1
98007,2
98007,1
104587,2
104587,1
90255,2
90255,1
211930,2
211930,1
63599,2
63599,1
11052,2
11052,1
161148,2
161148,1
156460,2
156460,1
335062,2
335062,1
155867,2
155867,1
79976,2
79976,1
76117,2
76117,1
150184,2
150184,1
69415,2
69415,1
108057,2
108057,1
145017,2
145017,1
11066,2
11066,1
159835,2
159835,1
524466,2
524466,1
307045,2
307045,1
378435,1
21000,1
176792,1
533308,1
87320,2
87320,1
183843,2
183843,1
142625,1
184687,1
11160,2
11160,1
356179,1
349910,1
343015,1
358916,1
49747,1
43383,1
72850,1
11214,1
222124,1
226326,2
226326,1
228053,2
228053,1
277369,2
277369,1
231441,2
231441,1
344520,2
344520,1
316855,2
316855,1
122390,2
122390,1
53030,2
53030,1
99369,2
99369,1
162683,1
76197,2
76197,1
75970,2
75970,1
178475,2
178475,1
91979,2
91979,1
70063,2
70063,1
11258,2
11258,1
55130,2
55130,1
67843,2
67843,1
159930,2
159930,1
367906,2
367906,1
131781,2
131781,1
273594,2
273594,1
194779,2
194779,1
224288,2
224288,1
70107,2
70107,1
106186,2
106186,1
219247,2
219247,1
229198,2
229198,1
221374,2
221374,1
175580,2
175580,1
270733,2
270733,1
11287,2
11287,1
232744,2
232744,1
41558,2
41558,1
162013,2
162013,1
259183,2
259183,1
219235,2
219235,1
221375,2
221375,1
388477,1
388459,2
388459,1
149376,2
149376,1
120807,2
120807,1
338852,1
46199,1
207842,1
314755,1
175775,1
388526,2
388526,1
235664,2
235664,1
193134,2
193134,1
87024,2
87024,1
73450,2
73450,1
252902,2
252902,1
73307,2
73307,1
73308,2
73308,1
57694,2
57694,1
529185,2
529185,1
72234,2
72234,1
377199,2
377199,1
44201,2
44201,1
120727,2
120727,1
60427,1
369082,2
369082,1
54998,2
54998,1
166985,2
166985,1
292083,2
292083,1
51667,2
51667,1
315138,2
315138,1
230699,2
230699,1
133495,2
133495,1
94703,2
94703,1
68564,2
68564,1
217925,2
217925,1
65804,2
65804,1
65489,1
115685,2
115685,1
175337,2
175337,1
67449,2
67449,1
389019,2
389019,1
321582,2
321582,1
43625,2
43625,1
249913,2
249913,1
175339,2
175339,1
193148,2
193148,1
207854,1
136599,2
136599,1
77796,2
77796,1
180364,2
180364,1
270839,2
270839,1
110463,2
110463,1
52855,1
317287,2
317287,1
84433,2
84433,1
56112,2
56112,1
46955,2
46955,1
108857,1
132800,2
132800,1
68670,2
68670,1
203128,2
203128,1
230713,2
230713,1
104736,2
104736,1
529214,2
529214,1
265433,2
265433,1
99309,2
99309,1
65791,2
65791,1
112033,2
112033,1
59486,2
59486,1
371162,1
84434,2
84434,1
111404,1
46957,2
46957,1
312018,2
312018,1
180369,2
180369,1
49199,2
49199,1
238963,2
238963,1
67205,2
67205,1
529122,2
529122,1
78688,2
78688,1
45675,2
45675,1
217721,2
217721,1
349508,2
349508,1
284564,2
284564,1
288300,2
288300,1
177840,2
177840,1
133512,2
133512,1
55053,1
212163,2
212163,1
42864,2
42864,1
294472,2
294472,1
71350,2
71350,1
193165,2
193165,1
67750,1
203398,2
203398,1
136618,2
136618,1
177837,2
177837,1
110485,2
110485,1
63289,2
63289,1
177832,2
177832,1
63290,2
63290,1
75802,2
75802,1
111867,2
111867,1
166999,2
166999,1
245309,2
245309,1
529108,2
529108,1
44218,2
44218,1
235732,2
235732,1
78505,2
78505,1
207878,2
207878,1
75808,2
75808,1
52357,2
52357,1
529213,2
529213,1
176946,2
176946,1
306014,1
154302,2
154302,1
132816,2
132816,1
100160,2
100160,1
220758,2
220758,1
77600,2
77600,1
282545,2
282545,1
49012,2
49012,1
257362,2
257362,1
179703,2
179703,1
140194,2
140194,1
154303,2
154303,1
79220,2
79220,1
44733,2
44733,1
378085,2
378085,1
109676,2
109676,1
331275,2
331275,1
187293,2
187293,1
51598,2
51598,1
194307,2
194307,1
529234,2
529234,1
175367,1
279412,2
279412,1
87603,2
87603,1
280382,2
280382,1
79197,2
79197,1
258481,2
258481,1
200054,2
200054,1
83843,2
83843,1
54408,2
54408,1
60537,2
60537,1
57383,2
57383,1
43523,2
43523,1
353698,2
353698,1
328952,2
328952,1
245298,2
245298,1
87518,2
87518,1
239081,2
239081,1
114749,2
114749,1
297102,2
297102,1
73469,2
73469,1
114750,2
114750,1
97439,2
97439,1
220713,1
211689,2
211689,1
71638,2
71638,1
64219,2
64219,1
42373,2
42373,1
336763,2
336763,1
71316,2
71316,1
245294,2
245294,1
80319,2
80319,1
207907,2
207907,1
154307,2
154307,1
226959,2
226959,1
238869,1
112310,2
112310,1
286204,2
286204,1
387830,2
387830,1
121085,2
121085,1
108668,2
108668,1
193204,2
193204,1
66362,2
66362,1
78275,1
535609,2
535609,1
81619,2
81619,1
315071,2
315071,1
326372,2
326372,1
175377,2
175377,1
291342,2
291342,1
65826,2
65826,1
233973,2
233973,1
62325,2
62325,1
220707,1
80888,2
80888,1
86428,2
86428,1
99878,2
99878,1
361632,2
361632,1
41966,2
41966,1
43962,2
43962,1
288301,2
288301,1
51359,2
51359,1
177843,2
177843,1
50859,2
50859,1
77254,2
77254,1
304158,2
180401,2
180401,1
338271,2
338271,1
235114,2
235114,1
335128,2
335128,1
284612,2
284612,1
177839,2
177839,1
239083,2
239083,1
86616,2
86616,1
529096,2
529096,1
344530,2
344530,1
43432,2
43432,1
59960,2
59960,1
85495,2
85495,1
344531,2
344531,1
304162,2
304162,1
257383,2
257383,1
536262,2
536262,1
291362,2
291362,1
351630,2
351630,1
111716,2
111716,1
125860,2
125860,1
108833,2
108833,1
98985,2
98985,1
111717,2
111717,1
167026,2
167026,1
108135,2
108135,1
175758,2
175758,1
133551,2
133551,1
306891,2
306891,1
529877,2
529877,1
89723,2
89723,1
363888,2
363888,1
60696,2
60696,1
92010,2
92010,1
315111,2
315111,1
45733,2
45733,1
47788,2
47788,1
370609,2
370609,1
65444,2
65444,1
85129,2
85129,1
175393,2
175393,1
113523,2
113523,1
52699,2
52699,1
42454,2
42454,1
193219,2
193219,1
95120,2
95120,1
211688,1
221564,2
221564,1
297378,2
297378,1
101418,2
101418,1
24054,2
24054,1
111884,2
111884,1
374293,2
374293,1
24041,1
96695,2
96695,1
24044,2
24044,1
224337,2
224337,1
387031,2
387031,1
11366,2
11366,1
55965,2
55965,1
32843,2
32843,1
279788,2
279788,1
224350,2
224350,1
11374,2
11374,1
224352,2
224352,1
224356,2
224356,1
87113,2
87113,1
207883,2
207883,1
11375,2
11375,1
11376,2
11376,1
207394,2
207394,1
218248,2
218248,1
229086,2
229086,1
11382,2
11382,1
98650,2
98650,1
43895,2
43895,1
329747,2
329747,1
11384,2
11384,1
95085,2
95085,1
134068,2
134068,1
76534,2
76534,1
529914,2
529914,1
11396,2
11396,1
96191,2
96191,1
11401,2
11401,1
224367,2
224367,1
272006,2
272006,1
287390,2
287390,1
287391,2
287391,1
287392,2
287392,1
224374,2
224374,1
60780,1
73665,2
73665,1
212230,2
212230,1
196591,2
196591,1
51684,2
51684,1
72084,2
72084,1
360319,1
500021,1
127444,1
500055,1
371912,1
515097,1
352920,1
376667,1
229691,1
326982,1
141476,1
155729,1
326980,1
155840,1
305009,1
327045,1
380172,1
311809,1
87941,1
515143,1
515144,1
295107,1
505375,1
371659,1
139423,1
177508,1
286015,1
143650,1
338951,1
281487,1
388671,1
365328,1
365326,1
212016,1
388615,1
388652,1
190981,1
269234,1
365920,1
360316,1
190189,1
143654,1
250008,1
379014,1
308119,1
250010,1
380398,1
127445,1
515273,1
515274,1
316656,1
361027,1
351243,1
388618,1
351244,1
351245,1
356971,1
359123,1
310556,1
338950,1
388670,1
298445,1
388666,1
365329,1
365327,1
307047,1
388659,1
367785,1
311815,1
367783,1
201646,1
11451,1
140209,1
11452,1
210900,1
49165,1
54585,1
138290,1
131032,1
11455,2
11455,1
181754,1
156467,2
156467,1
82110,1
533319,2
533319,1
86045,2
86045,1
76408,2
76408,1
106193,1
237849,1
106192,1
272270,1
103915,1
379111,1
69785,1
170639,1
42579,1
536809,1
50571,1
197009,1
116163,1
121186,1
380393,1
143586,2
143586,1
139240,1
63221,1
116502,1
342117,1
155838,1
320190,1
11649,1
319182,1
319183,1
319210,1
319205,1
328820,1
319198,1
283901,1
319215,1
87285,1
319194,1
319213,1
319212,1
319202,1
319217,1
369465,1
63207,1
113570,1
319207,1
347167,1
283905,1
319208,1
283893,1
228404,1
240130,1
283912,1
75671,1
201995,1
505463,1
319184,1
319221,1
116501,1
319195,1
136293,1
319188,1
319211,1
521021,1
135287,1
226027,1
320247,1
87286,1
64038,1
113583,1
59962,1
43433,1
69873,1
117467,1
505460,1
122357,1
121431,1
320191,1
154321,1
50957,1
86595,1
320192,1
320196,1
151287,1
321520,1
122353,1
128582,1
115422,1
144466,1
192946,1
86498,1
110888,1
194762,1
522899,1
86499,1
80409,1
159009,1
45503,1
386433,2
386433,1
386510,2
386510,1
386487,2
386487,1
386516,2
386516,1
271858,1
273522,1
65393,1
105623,1
105624,1
522898,1
522875,1
522874,1
96931,1
69658,1
522873,1
125600,1
111474,2
111474,1
85442,2
85442,1
82057,2
82057,1
263768,2
263768,1
525024,2
525024,1
525004,2
525004,1
525019,2
525019,1
525126,2
525126,1
525039,2
525039,1
524983,2
524983,1
525059,2
525059,1
524967,2
524967,1
525121,2
525121,1
525101,2
525101,1
528886,2
528886,1
525003,2
525003,1
525001,2
525001,1
24959,2
24959,1
301166,2
301166,1
11933,1
233886,1
11938,2
11938,1
76409,1
11945,1
277406,1
11950,2
11950,1
11952,1
260617,2
260617,1
11960,1
11962,2
11962,1
71513,1
352991,2
352991,1
353377,2
353377,1
370016,2
370016,1
302591,2
302591,1
370017,2
370017,1
375188,2
375188,1
308680,2
308680,1
311824,2
311824,1
312806,2
312806,1
311825,2
311825,1
363286,2
363286,1
271025,2
271025,1
288950,2
288950,1
323096,2
323096,1
323095,2
323095,1
347807,2
347807,1
361722,2
361722,1
379021,2
379021,1
49447,1
528711,2
528711,1
55887,1
55856,1
353983,2
353983,1
108480,1
57253,1
52857,1
348101,2
348101,1
348152,2
348152,1
351246,2
351246,1
349987,2
349987,1
361821,2
361821,1
528752,2
528752,1
371662,2
371662,1
323098,2
323098,1
323097,2
323097,1
368055,2
368055,1
311829,2
311829,1
312807,2
312807,1
311828,2
311828,1
506952,2
506952,1
351334,2
351334,1
361823,2
361823,1
317685,2
317685,1
362881,2
362881,1
374019,2
374019,1
306481,2
306481,1
379020,2
379020,1
89048,1
211602,2
211602,1
60508,1
235081,1
327493,2
327493,1
50979,1
195422,1
63222,1
110044,1
42157,1
503764,2
503764,1
12061,2
12061,1
12090,1
249647,2
249647,1
31345,2
31345,1
183989,2
183989,1
212155,2
212155,1
255926,2
255926,1
183993,2
183993,1
183994,2
183994,1
224429,2
224429,1
308708,2
308708,1
152524,2
152524,1
224431,2
224431,1
152066,2
152066,1
366037,2
366037,1
366124,2
366124,1
366129,2
366129,1
366130,2
366130,1
366132,2
366132,1
366135,2
366135,1
366144,2
366144,1
366148,2
366148,1
366152,2
366152,1
366159,2
366159,1
366198,2
366198,1
366238,2
366238,1
366277,2
366277,1
366304,2
366304,1
366320,2
366320,1
366321,2
366321,1
366325,2
366325,1
366331,2
366331,1
366413,2
366413,1
366453,2
366453,1
366455,2
366455,1
366464,2
366464,1
366489,2
366489,1
366495,2
366495,1
366516,2
366516,1
366553,2
366553,1
366780,2
366780,1
366790,2
366790,1
366796,2
366796,1
525860,2
525860,1
526473,2
526473,1
12223,2
12223,1
296494,2
296494,1
25474,2
25474,1
93873,2
93873,1
67930,2
67930,1
307048,2
307048,1
117015,2
117015,1
12233,2
12233,1
247104,2
247104,1
241827,2
241827,1
77482,2
77482,1
137443,2
137443,1
168727,2
168727,1
168728,2
168728,1
269961,2
269961,1
100504,2
100504,1
116983,2
116983,1
274774,2
274774,1
274773,2
274773,1
97738,2
97738,1
369311,2
369311,1
12234,2
12234,1
44312,2
44312,1
219489,2
219489,1
78190,2
78190,1
197317,2
197317,1
255750,2
255750,1
52808,2
52808,1
221598,2
221598,1
115876,2
115876,1
154400,2
154400,1
42178,2
42178,1
271609,2
271609,1
50836,2
50836,1
220909,2
220909,1
50837,2
50837,1
84602,2
84602,1
276686,2
276686,1
204291,2
204291,1
64304,2
64304,1
216915,2
216915,1
102908,2
102908,1
268926,2
268926,1
162014,2
162014,1
108483,2
108483,1
326499,2
326499,1
78804,2
78804,1
348220,2
348220,1
154412,2
154412,1
154413,2
154413,1
50928,2
50928,1
320807,2
320807,1
296832,2
296832,1
138724,2
138724,1
169091,2
169091,1
56687,2
56687,1
350966,2
350966,1
184612,2
184612,1
217466,2
217466,1
383962,2
383962,1
217460,2
217460,1
114400,2
114400,1
217459,2
217459,1
178580,2
178580,1
83997,2
83997,1
164294,2
164294,1
153089,2
153089,1
312144,2
312144,1
286203,2
286203,1
338243,1
327506,1
43151,1
120026,1
339238,1
68186,1
171825,1
81452,1
225988,1
227779,1
119657,1
515442,1
44832,1
61014,1
73969,1
49560,1
49824,1
61706,1
52967,1
66675,1
52195,1
57852,1
64561,2
64561,1
150277,2
150277,1
55591,1
101428,2
101428,1
294041,1
47983,1
351336,1
51803,1
174999,1
217107,1
361928,1
254772,1
75206,1
111497,1
54657,1
61052,1
66420,1
60576,2
60576,1
86690,1
297616,1
86729,2
86729,1
103463,1
270821,1
59217,1
79754,1
150278,2
150278,1
74166,1
52835,2
52835,1
59395,1
272908,1
52455,1
112099,1
109320,1
70117,2
70117,1
134485,1
298864,1
150279,2
150279,1
56947,1
295437,1
78562,1
194192,1
102311,1
215848,1
43378,1
70335,1
80314,1
67323,2
67323,1
61940,1
42798,1
515445,1
129152,1
207449,1
68351,1
79978,2
79978,1
46090,2
46090,1
67219,1
83323,1
116239,2
116239,1
83325,2
83325,1
76066,1
134491,1
181551,1
72344,1
147002,1
49582,1
150283,2
150283,1
252031,1
87620,2
87620,1
251813,2
251813,1
63729,2
63729,1
44812,1
84194,1
53301,1
79891,1
104412,1
526053,1
151649,1
241616,1
44986,1
66311,1
60900,2
60900,1
52061,1
151651,1
83793,1
79290,2
79290,1
142016,1
171822,1
45085,1
47457,1
108354,1
55122,1
61249,1
61250,1
77072,2
77072,1
46444,1
86713,1
64031,1
68595,1
225967,1
251811,1
388435,1
76822,1
105735,1
69425,1
150280,2
150280,1
54677,1
56812,1
156950,2
156950,1
59718,1
355294,1
526600,1
291268,1
363782,1
77226,1
67406,1
111653,1
104014,1
72738,1
56854,1
194934,1
137555,1
43275,1
371980,1
86678,1
141976,1
48079,1
57255,2
57255,1
214871,1
77491,1
181558,1
67649,1
72210,1
62032,1
70375,2
70375,1
68632,1
69572,1
195942,1
272911,1
254779,1
54958,1
195529,1
67995,2
67995,1
227772,1
227771,1
60262,2
60262,1
195943,1
51934,2
51934,1
47745,1
179751,2
179751,1
107958,2
107958,1
53908,2
53908,1
67165,1
72256,1
71148,2
71148,1
196010,1
78103,1
122088,1
70594,1
161685,1
195944,1
174321,1
144181,1
317751,1
363753,1
53573,1
57780,1
53787,1
163924,1
77912,1
174322,1
87336,1
110229,1
79016,1
53241,1
50881,1
195945,1
344264,1
85847,1
195986,1
294378,1
164948,1
151659,1
134519,1
343060,1
62442,1
65144,1
62373,1
52565,1
50839,1
227330,1
106209,1
215837,1
82575,1
269133,1
124873,1
74073,2
74073,1
47302,1
74430,1
102831,1
84766,1
362026,1
48559,1
60952,1
60056,1
44687,1
195946,1
184691,1
61643,1
77231,1
327447,1
64563,1
122242,1
59806,1
64141,1
299861,1
194066,1
75789,1
85682,1
78403,1
78404,1
56786,1
77873,1
83458,1
70638,1
116819,1
56346,1
370833,1
78753,2
78753,1
303474,1
79851,1
61256,1
75115,1
68761,1
144179,1
45720,1
87477,1
46731,1
150281,2
150281,1
70712,1
181928,1
215843,1
78653,1
51878,1
195947,1
195948,1
59491,1
42666,1
82196,1
68604,1
73732,1
81473,1
50370,1
253772,2
253772,1
315668,1
66222,1
150276,1
166826,2
166826,1
102559,1
304354,1
320717,1
135505,1
524658,1
524450,1
525651,1
524525,1
57209,1
60190,1
72506,1
355659,1
526402,1
355700,1
103854,2
103854,1
177449,1
325104,1
327446,1
50981,1
292480,1
44384,1
355711,1
184690,1
363785,1
106211,2
106211,1
12384,1
77426,1
41422,1
224455,1
336270,1
43379,1
86807,1
152689,1
194197,1
76828,1
187931,1
12402,1
27782,1
388984,1
224465,1
51420,1
50682,1
251605,1
160287,2
160287,1
224458,1
160286,1
228927,1
320522,1
285764,1
66850,1
279726,1
46761,1
86913,1
307919,1
253204,2
253204,1
58164,2
58164,1
315351,2
315351,1
314477,2
314477,1
276288,2
276288,1
276291,2
276291,1
276289,2
276289,1
276290,2
276290,1
340723,2
340723,1
126235,2
126235,1
224489,2
224489,1
196339,2
196339,1
169974,2
169974,1
340725,2
340725,1
340724,2
340724,1
340721,2
340721,1
296075,2
296075,1
340722,2
340722,1
135103,2
135103,1
314478,2
314478,1
324984,2
324984,1
324985,2
324985,1
324986,2
324986,1
324987,2
324987,1
137434,1
271612,2
271612,1
128300,2
128300,1
93160,2
93160,1
221908,1
121863,1
299249,1
184027,1
184028,1
371417,1
303635,1
276292,1
184030,1
184029,1
299246,1
303637,1
221909,1
299247,1
303636,1
299252,1
299254,1
221906,1
221907,1
303634,1
370768,1
299250,1
55889,1
49221,1
172993,2
172993,1
41248,2
41248,1
122214,2
122214,1
135855,2
135855,1
122215,2
122215,1
122217,2
122217,1
181929,2
181929,1
104042,2
104042,1
112445,2
112445,1
139330,2
139330,1
104119,2
104119,1
114785,2
114785,1
104726,2
104726,1
41216,2
41216,1
250591,2
250591,1
104064,2
104064,1
308686,2
308686,1
105600,2
105600,1
525761,1
373673,1
119281,1
120084,1
120498,1
120499,1
303687,1
303688,1
303693,1
303715,1
303716,1
149054,1
149055,1
149056,1
106213,1
106214,1
25141,1
305805,2
305805,1
132256,2
132256,1
280580,2
280580,1
23945,2
370736,1
338812,1
327508,1
338813,1
328760,1
332971,1
119644,1
12605,1
408866,1
256660,1
143387,1
256665,1
143381,1
505089,1
352996,2
352996,1
224516,2
224516,1
235864,2
235864,1
235869,2
235869,1
235870,2
235870,1
235877,2
235877,1
41996,2
41996,1
238632,2
238632,1
12712,1
98939,2
98939,1
45767,2
45767,1
73455,2
73455,1
184692,2
184692,1
373686,2
373686,1
190045,2
190045,1
124163,2
124163,1
176794,2
176794,1
150954,2
150954,1
171212,2
171212,1
307923,2
307923,1
115904,2
115904,1
74086,2
74086,1
66924,2
66924,1
116712,2
116712,1
78897,2
78897,1
103227,2
103227,1
54051,2
54051,1
81728,2
81728,1
49124,2
49124,1
56257,2
56257,1
72783,2
72783,1
115883,2
115883,1
127419,1
134151,1
87740,1
286030,1
65455,2
65455,1
101435,1
308687,2
308687,1
13029,2
13029,1
13030,2
13030,1
327835,2
327835,1
163114,1
163113,1
163115,1
112457,1
165575,1
145942,2
145942,1
13216,2
13216,1
388690,2
388690,1
154456,2
154456,1
225998,1
220628,1
238028,1
201488,1
117127,1
317223,1
59954,1
182288,1
282522,1
160526,1
194428,1
116506,1
347426,1
13263,1
268723,1
61165,1
62828,1
56427,1
517834,2
517834,1
139250,2
139250,1
297299,2
297299,1
100542,2
100542,1
301185,2
301185,1
304947,2
304947,1
13635,2
13635,1
304946,2
304946,1
304870,2
304870,1
13649,2
13649,1
124572,2
124572,1
61690,2
61690,1
27272,1
297380,2
297380,1
86610,2
86610,1
182333,2
182333,1
178755,2
178755,1
195623,2
195623,1
124251,2
124251,1
124252,2
124252,1
124253,2
124253,1
124254,2
124254,1
103845,2
103845,1
104927,2
104927,1
238726,2
238726,1
166302,2
166302,1
81172,2
81172,1
73257,1
325002,2
325002,1
325004,2
325004,1
124256,2
124256,1
124257,2
124257,1
124261,2
124261,1
176795,2
176795,1
176796,2
176796,1
176797,2
176797,1
368079,2
368079,1
354028,1
101486,1
13802,2
13802,1
13805,1
61874,2
61874,1
131697,1
131695,1
78912,1
13835,2
13835,1
192437,1
231175,1
13871,1
26147,1
506953,1
354060,1
506954,1
120504,2
120504,1
96578,1
21308,1
124700,1
206270,1
528744,1
14152,2
14152,1
236056,2
236056,1
84470,2
84470,1
234849,2
234849,1
62645,2
62645,1
295901,2
295901,1
52015,2
52015,1
295473,2
295473,1
86955,2
86955,1
14352,2
14352,1
359804,2
359804,1
119099,2
119099,1
121191,2
121191,1
295685,2
295685,1
14358,2
14358,1
246095,2
246095,1
14373,2
14373,1
81742,2
81742,1
119402,2
119402,1
119405,2
119405,1
119407,2
119407,1
119408,2
119408,1
14402,1
76221,1
194783,2
194783,1
104815,2
104815,1
273653,2
273653,1
111312,1
45476,1
14437,1
82322,2
82322,1
64224,2
64224,1
184358,1
325013,2
325013,1
85696,1
14525,2
14525,1
14532,1
63240,1
320843,1
63241,1
84443,1
206094,1
522892,1
160913,1
196487,1
160920,2
160920,1
103012,2
103012,1
302789,2
302789,1
97116,2
97116,1
371667,2
371667,1
298052,2
298052,1
337186,2
337186,1
119764,2
119764,1
205688,2
205688,1
518782,2
518782,1
510563,2
510563,1
512092,1
512346,1
111857,2
111857,1
525362,2
525362,1
525158,2
525158,1
525285,2
525285,1
335710,2
335710,1
384716,2
384716,1
351662,2
351662,1
360335,2
360335,1
504746,2
504746,1
511930,2
511930,1
504337,2
504337,1
500565,2
500565,1
511917,2
511917,1
163759,2
163759,1
58008,2
58008,1
68850,2
68850,1
500534,2
500534,1
357483,2
357483,1
388079,2
388079,1
384711,2
384711,1
384712,2
384712,1
500655,2
500655,1
384713,2
384713,1
363839,2
363839,1
500641,2
500641,1
269365,2
269365,1
281349,2
281349,1
286222,2
286222,1
500653,2
500653,1
500573,2
500573,1
286813,2
286813,1
384709,2
384709,1
384714,2
384714,1
386849,2
386849,1
172998,2
172998,1
173000,2
173000,1
380132,2
380132,1
100327,2
100327,1
47500,2
47500,1
380135,2
380135,1
384715,2
384715,1
384710,2
384710,1
173003,2
173003,1
237495,2
237495,1
500614,2
500614,1
187051,2
187051,1
503212,2
503212,1
511213,2
511213,1
511250,2
511250,1
510899,2
510899,1
510922,2
510922,1
510954,2
510954,1
501576,2
501576,1
501751,2
501751,1
510579,2
510579,1
502646,2
502646,1
510458,2
510458,1
271662,2
271662,1
165944,2
165944,1
173001,2
173001,1
363840,2
363840,1
226391,2
226391,1
193603,2
193603,1
153500,2
153500,1
388078,2
388078,1
237329,2
237329,1
500560,2
500560,1
500554,2
500554,1
500607,2
500607,1
176493,2
176493,1
163022,2
163022,1
518715,2
518715,1
519433,2
519433,1
519291,2
519291,1
518128,2
518128,1
518569,2
518569,1
172999,2
172999,1
500571,2
500571,1
510365,2
510365,1
526467,2
526467,1
510821,2
510821,1
351775,2
351775,1
500592,2
500592,1
139252,2
139252,1
383358,2
383358,1
507883,1
200456,2
200456,1
103037,1
376020,2
376020,1
297981,1
176798,1
202106,1
370082,1
216435,2
216435,1
209641,1
119666,1
119667,1
103965,2
103965,1
122396,1
536807,1
368264,1
521312,1
500301,1
26902,1
181786,1
104456,2
104456,1
318703,1
137435,2
137435,1
103858,2
103858,1
302796,2
302796,1
258844,2
258844,1
370245,2
370245,1
370246,2
370246,1
370247,2
370247,1
344289,2
344289,1
109652,2
109652,1
80822,2
80822,1
102349,2
102349,1
291575,2
291575,1
376668,1
375076,1
81577,1
371611,1
28974,1
221241,1
44255,1
272971,1
41249,2
41249,1
113727,1
180018,1
217795,2
217795,1
131377,1
370228,2
370228,1
370229,1
166511,1
61748,2
61748,1
121058,1
131402,1
101887,2
101887,1
280505,1
523541,2
523541,1
523542,1
375083,2
375083,1
153224,2
153224,1
106240,2
106240,1
306876,1
523539,1
523540,2
523540,1
182439,1
280970,2
280970,1
79277,1
526238,2
351096,2
351096,1
24957,2
24957,1
76165,2
76165,1
198029,1
212238,1
245420,1
227212,1
184693,2
184693,1
374024,1
24410,2
24410,1
16483,2
16483,1
109272,2
109272,1
16495,1
359806,1
21664,1
250131,1
102294,2
102294,1
108960,2
108960,1
249764,2
249764,1
135780,2
135780,1
270383,1
313899,1
280996,2
280996,1
174526,2
174526,1
282055,2
282055,1
313900,2
313900,1
280999,2
280999,1
240054,2
240054,1
350496,2
350496,1
376805,2
376805,1
368282,2
368282,1
267544,2
267544,1
333022,2
333022,1
350028,2
350028,1
374270,2
374270,1
68299,2
68299,1
256456,2
256456,1
195058,2
195058,1
81379,2
81379,1
251966,2
251966,1
237853,2
237853,1
106241,2
106241,1
102398,1
118972,2
118972,1
161157,1
280974,2
280974,1
273387,1
154653,1
45049,1
99912,1
370264,1
370285,2
370285,1
16836,2
16836,1
16840,2
16840,1
370271,2
370271,1
370275,2
370275,1
370279,2
370279,1
502409,2
502409,1
370274,2
370274,1
344562,2
344562,1
16911,2
16911,1
64283,1
86581,1
64878,1
77151,1
16976,1
56213,2
56213,1
80784,2
80784,1
271859,2
271859,1
17005,1
274632,1
17035,1
17055,2
17055,1
51977,2
51977,1
359627,2
359627,1
361094,2
361094,1
367752,2
367752,1
176707,2
176707,1
104106,2
104106,1
245759,1
161209,1
71279,1
17238,1
385478,1
110374,1
27299,1
24482,1
24982,1
17271,2
17271,1
153464,1
529618,2
529618,1
368291,2
368291,1
368292,2
368292,1
517902,2
517902,1
90101,2
90101,1
518022,2
518022,1
518069,2
518069,1
161254,2
161254,1
280590,2
280590,1
518096,2
518096,1
518061,2
518061,1
518014,2
518014,1
518011,2
518011,1
518114,2
518114,1
518098,2
518098,1
43647,2
43647,1
518110,2
518110,1
518064,2
518064,1
518076,2
518076,1
176680,2
176680,1
67030,2
67030,1
17343,2
17343,1
293431,2
293431,1
98038,2
98038,1
518059,2
518059,1
17359,2
17359,1
137397,2
137397,1
137398,2
137398,1
176799,2
176799,1
17364,2
17364,1
272188,1
300944,2
300944,1
316065,2
316065,1
82232,2
82232,1
318367,1
17434,1
17451,2
17451,1
57516,2
57516,1
515463,1
42062,1
362922,1
148755,1
516793,1
327634,1
133353,1
381121,1
240692,1
50965,2
50965,1
52620,2
52620,1
80559,1
202975,1
260928,1
310668,1
60448,1
310667,1
132509,1
220854,1
87292,1
294787,1
386606,1
168354,1
255676,1
72555,1
70079,1
68043,1
269938,1
119826,1
308676,1
353103,1
85527,1
349986,1
297235,1
306773,1
105522,2
105522,1
65923,2
65923,1
110500,1
22441,1
166592,1
58906,1
190294,1
206571,1
44166,1
53428,1
115251,1
328423,1
516568,1
522893,1
52884,1
19858,1
202054,2
202054,1
53713,1
109100,1
371663,1
360135,1
351849,1
217883,1
343970,1
336156,1
325955,1
325957,1
300159,1
374592,1
311325,1
343973,1
351860,1
350222,1
316638,1
203550,1
272191,1
360140,1
256094,1
281521,1
228638,1
288160,1
103997,1
286031,1
60061,2
60061,1
60062,2
60062,1
374984,2
374984,1
184694,1
280034,2
280034,1
280038,2
280038,1
106270,2
106270,1
280037,2
280037,1
280036,2
280036,1
151627,2
151627,1
177359,2
177359,1
176840,1
106246,2
106246,1
279925,2
279925,1
106250,2
106250,1
106251,2
106251,1
106252,2
106252,1
106256,2
106256,1
106257,2
106257,1
106263,2
106263,1
106264,2
106264,1
106265,2
106265,1
106266,2
106266,1
106269,2
106269,1
279937,2
279937,1
279926,2
279926,1
197967,2
197967,1
195027,2
195027,1
232331,2
232331,1
329127,2
329127,1
161521,1
373165,1
269629,1
18097,1
66108,1
176714,1
177476,1
291828,1
378501,1
507855,1
362025,1
507856,1
18219,1
344306,1
74374,1
318418,1
87678,1
160090,1
20792,1
18280,2
18280,1
156419,1
522212,1
522211,1
517595,1
517723,1
534426,1
522086,1
536479,1
517603,1
530559,1
533946,1
526651,1
522218,1
517656,1
517731,1
517613,1
517630,1
517698,1
517685,1
517644,1
140077,1
517692,1
517626,1
517732,1
534149,1
517679,1
517615,1
534671,1
517736,1
534844,1
534823,1
18299,1
517917,1
517918,1
275982,1
293231,1
18305,2
18305,1
534927,1
517919,1
517734,1
517920,1
521889,1
517921,1
517922,1
517923,1
524416,1
517651,1
517664,1
517662,1
517617,1
534531,1
517614,1
517629,1
304463,1
86017,1
82385,2
82385,1
374660,1
537119,1
82054,2
82054,1
76701,1
244857,1
98431,2
98431,1
121167,2
121167,1
85344,2
85344,1
232342,2
232342,1
91062,1
18438,1
234080,1
226003,1
370793,1
55686,2
55686,1
234556,1
106276,2
106276,1
69956,1
87494,1
285799,1
115258,1
271684,1
87723,1
45301,1
126755,1
18482,1
202248,1
18483,1
115970,1
222097,1
219585,1
82725,1
136991,1
240747,1
56814,1
225752,1
351542,1
277414,1
322417,1
45151,1
226381,1
277415,1
229384,1
333603,1
80637,1
46934,1
343133,1
290607,1
285430,1
76910,1
282485,1
292055,1
270348,1
72932,1
182804,1
60923,1
343518,1
70368,1
75225,1
525748,1
79912,1
68328,1
207055,1
322421,1
375668,1
333610,1
359893,1
147553,1
48222,1
44129,1
249914,1
155522,1
370832,1
304520,1
280123,1
72660,1
73083,1
86346,1
343135,1
258038,1
343156,1
48223,1
155500,1
136988,1
333614,1
84891,1
115686,1
51166,1
333615,1
526108,1
62022,1
69379,1
154811,1
357488,1
147680,1
218922,1
226629,1
194308,1
104294,1
322503,1
249715,1
240803,1
302918,1
327042,1
346666,1
322313,1
155501,1
526013,1
241924,1
307795,1
526042,1
119309,1
84745,1
333620,1
154286,1
192016,1
307796,1
147556,1
103433,1
351543,1
67640,1
226382,1
277501,1
207062,1
64225,1
344573,1
147558,1
344572,1
345438,1
353001,1
322507,1
367932,1
50189,1
84686,1
119323,1
98666,1
44130,1
79882,1
221879,1
307798,2
307798,1
389080,1
520711,1
71674,1
58109,1
269311,1
300304,1
277559,1
189908,1
54979,1
367933,1
62251,1
298141,1
533204,1
78678,1
58266,1
219408,1
289547,1
306527,1
344815,1
48995,1
333628,1
82694,1
258088,1
193700,1
285436,1
239101,1
50015,1
56815,1
155505,1
75480,1
333821,1
104473,1
50666,1
335630,1
240810,1
307800,1
240811,1
333630,1
62023,1
69380,1
78592,1
52602,1
358268,1
389074,1
97391,1
389081,1
277586,1
219427,1
275434,1
322436,1
55403,1
239103,1
193976,1
42239,1
258093,1
333641,1
44151,1
50089,1
95689,1
277805,1
220413,1
239104,1
59480,1
154264,1
84687,1
67056,1
333643,1
194311,1
265874,1
77814,1
75315,1
239105,1
79883,1
277810,1
389076,1
71675,1
389073,1
155526,1
258097,1
339533,1
525624,1
382276,1
280530,1
50770,1
56658,1
80282,1
72380,1
91474,1
525274,1
154266,1
384068,1
389075,1
240703,1
273388,1
205810,1
147642,1
147682,1
56816,1
286209,1
84270,1
280165,1
194042,1
322527,1
258102,1
525670,1
343934,1
294473,1
154288,1
280532,1
128430,1
349896,1
193699,1
84854,1
359917,1
64866,1
243079,1
64867,1
358269,1
271723,1
81048,1
47336,1
96988,1
59574,1
207080,1
359818,1
383302,1
524707,1
51204,1
307801,1
58720,1
121592,1
322315,1
526028,1
525751,1
194056,1
389082,1
283551,1
151524,1
333674,1
349482,1
58625,1
58626,1
104243,1
155507,1
333823,1
197864,1
69894,1
44742,1
244206,1
70021,1
333677,1
63552,1
155508,1
389077,1
65788,1
345996,1
69765,1
241919,1
258125,1
333679,1
48038,1
64092,1
308038,1
72591,1
322546,1
323743,1
333682,1
48039,1
271726,1
154290,1
79285,1
197865,1
280164,1
333684,1
56799,1
273399,1
525897,1
359821,1
277958,1
384069,1
360346,1
74898,1
48019,1
338759,1
277961,1
298142,1
154267,1
53579,1
73032,1
239107,1
76001,1
52149,1
56357,1
389083,1
154291,1
182809,1
66281,1
74226,1
44522,1
45098,1
58009,1
67612,1
58352,1
80459,1
258163,1
77523,1
368093,1
45713,1
157111,1
389084,1
227956,1
243077,1
74419,1
355945,1
244277,1
275433,1
372843,1
147726,1
194787,1
217495,1
77444,1
193706,1
358267,1
72480,1
524453,1
45510,1
85071,1
333824,1
61718,1
258170,1
306524,1
221450,1
526038,1
72369,1
84028,1
333693,1
68618,1
119316,1
70766,1
43762,1
50562,1
104780,1
375818,1
84029,1
525178,1
322574,1
167194,1
182920,1
383542,1
336765,1
85622,1
43763,1
50563,1
322577,1
258211,1
511752,1
63617,1
76832,1
278079,1
225771,1
155514,1
289693,1
525357,1
300305,1
372845,1
92114,1
282505,1
76685,1
211683,1
102718,1
278081,1
270627,1
147727,1
333700,1
72909,1
87177,1
253203,1
42924,1
333701,1
322584,1
379093,1
249444,1
379094,1
322589,1
533470,1
322591,1
294474,1
389078,1
375340,1
157117,1
81323,1
383305,1
66436,1
280632,1
211682,1
258193,1
333706,1
154269,1
147672,1
73434,1
68111,1
70743,1
375341,1
280124,1
157114,1
84081,1
98684,1
155532,1
322600,1
315426,1
211684,1
76614,1
87845,1
282498,1
370091,1
194063,1
87846,1
333711,1
86102,1
54994,1
278191,1
154270,1
316495,1
258200,1
239120,1
81418,1
333714,1
74501,1
238913,1
194541,1
322561,1
66332,1
194542,1
207084,1
55924,1
375344,1
212056,1
282118,1
273396,1
383547,1
207098,1
42179,1
350684,1
68143,1
81750,1
370665,1
74184,1
389079,1
147678,1
226633,1
278211,1
307802,1
258210,1
151526,1
347532,1
286409,1
145073,1
333727,1
82966,1
45545,1
92731,1
211686,1
322312,1
220534,1
238356,1
239098,1
120684,1
182808,1
322542,1
18488,1
41515,1
18490,1
18493,1
62402,1
225777,1
18496,1
18497,1
18498,1
238892,1
41520,1
96940,1
237484,1
271712,1
272889,1
237245,1
238893,1
40461,1
64128,1
91640,1
18506,2
18506,1
244198,1
18509,1
18510,1
225778,1
225779,1
225780,1
286206,1
225783,1
88068,1
225784,1
33614,1
225785,1
88069,1
18515,1
237246,1
114823,1
244153,1
106306,1
69885,1
43114,1
238898,1
82696,1
18520,1
240705,1
27256,1
225788,1
27258,1
94833,1
18523,1
18524,1
244169,1
18526,1
75831,1
79455,1
54117,1
237330,1
55496,1
177302,1
290606,1
43460,1
87360,1
100981,1
100982,1
18528,1
70758,1
346046,1
100983,1
57477,1
258644,1
80565,1
61877,1
238908,1
255413,1
272605,1
67509,1
18539,1
18541,1
18543,1
41988,1
18545,1
165056,1
18549,1
18552,1
64284,1
244191,1
18554,1
244338,1
68218,1
55039,1
343926,1
18563,1
273649,1
167929,1
18607,1
161741,2
161741,1
18629,1
18633,1
523193,2
523193,1
75805,1
18751,2
18751,1
42350,2
42350,1
311047,2
311047,1
63481,2
46852,1
182912,2
182912,1
111086,2
111086,1
219507,2
219507,1
46489,2
46489,1
62005,2
62005,1
18796,2
18796,1
163097,2
163097,1
319128,2
22617,2
253070,2
75956,2
85645,2
253097,2
253097,1
53417,2
53417,1
116102,2
116102,1
256181,2
256181,1
253162,2
253162,1
22483,2
177991,1
337050,2
337050,1
61474,2
61474,1
18799,2
18799,1
114239,2
114239,1
18802,2
18803,2
18803,1
225803,2
225803,1
202569,2
202569,1
101500,2
101500,1
138108,2
138108,1
68652,1
22411,2
22411,1
48886,2
136365,2
136365,1
243499,1
243500,1
288036,1
295053,1
248546,1
284849,1
280708,1
258983,1
248543,1
164650,1
164642,1
276910,1
164640,1
248544,1
198860,1
309314,1
258975,1
192504,1
278542,1
177505,2
177505,1
199167,1
137692,1
208673,1
360337,1
227955,1
321240,1
138819,1
199166,1
199150,1
58528,1
231451,1
294061,1
239109,1
195119,1
190411,2
190411,1
43410,1
383267,1
298884,1
350030,1
298636,1
93487,1
211612,2
211612,1
74726,2
74726,1
42949,2
42949,1
199151,1
307069,1
239660,1
239661,1
257160,1
260935,1
319959,1
248540,1
319908,1
257161,1
258984,1
210471,1
153717,1
258379,1
319911,1
164641,1
153716,1
304465,1
258380,1
258976,1
191220,1
319912,1
259001,1
244923,1
205843,1
177507,2
177507,1
102529,2
102529,1
249322,1
199152,1
199168,1
199171,1
199153,1
344645,1
256317,1
307950,2
307950,1
176851,2
176851,1
18815,1
46339,2
46339,1
18816,1
519152,2
519152,1
317500,2
317500,1
75493,1
245791,2
245791,1
60552,2
60552,1
238638,1
241863,1
517001,1
254591,1
248614,1
125925,1
159485,2
159485,1
71417,2
71417,1
161784,1
275609,2
275609,1
320005,2
320005,1
18831,2
18831,1
161815,2
161815,1
57216,2
57216,1
46377,2
46377,1
85336,2
85336,1
225812,2
225812,1
66245,2
66245,1
128289,1
154647,1
329562,1
285629,1
254070,1
124823,1
358461,1
114023,1
124824,1
95409,1
105766,1
68233,1
18961,2
18961,1
517041,1
517044,1
517052,1
515488,1
515490,2
515490,1
142118,2
142118,1
350973,1
279587,2
279587,1
259828,2
259828,1
323916,2
323916,1
529536,1
515491,2
515491,1
529537,1
142123,2
142123,1
142125,2
142125,1
142126,2
142126,1
184697,2
184697,1
529535,1
323896,2
323896,1
105006,2
105006,1
142121,2
142121,1
529781,2
529781,1
142124,2
142124,1
176912,2
176912,1
517036,1
517046,1
517069,1
517033,1
517034,1
517048,1
517072,1
517053,1
517064,1
21403,1
47327,1
67405,1
21126,2
21126,1
22019,1
19017,2
19017,1
337082,2
337082,1
337089,2
337089,1
269057,2
269057,1
519798,2
519798,1
521883,2
521883,1
315680,1
520893,2
520893,1
370197,2
370197,1
175718,2
175718,1
281511,2
281511,1
360339,2
360339,1
321367,2
321367,1
307072,1
56768,2
56768,1
281304,2
281304,1
239265,2
239265,1
316241,2
316241,1
131415,2
131415,1
131408,2
131408,1
162039,2
162039,1
184125,2
184125,1
184148,2
184148,1
196570,2
196570,1
132730,2
132730,1
184696,1
359416,1
359404,1
353008,1
359421,1
359432,1
374203,1
368794,1
386135,1
378411,1
384895,1
378412,1
520921,2
520921,1
519787,2
519787,1
403241,1
378956,1
378957,1
323505,2
323505,1
99177,2
99177,1
158955,2
158955,1
139902,1
117102,1
95223,1
135311,1
176691,1
138969,1
136352,1
251217,1
176692,1
2,1
176693,1
234770,1
234771,1
138974,1
524447,1
69637,1
138975,1
6,1
176690,1
151444,1
100036,1
59195,1
317515,1
146335,1
89319,1
138946,1
85009,1
54485,1
161030,1
95272,1
117103,1
138829,1
9,1
178036,1
329341,2
329341,1
307439,2
307439,1
25974,1
65772,2
65772,1
222400,1
92764,1
133024,1
46588,1
135321,1
192626,1
334695,2
334695,1
168034,1
238658,2
238658,1
93016,1
89811,1
25968,1
211063,1
521129,1
220144,1
270461,1
209255,1
62987,2
62987,1
165950,2
165950,1
103083,1
180099,1
178019,1
314725,2
314725,1
136380,1
150778,2
150778,1
335070,1
115347,2
115347,1
25971,2
25971,1
180101,1
150780,1
43883,1
73538,1
170192,1
53992,2
53992,1
297696,1
168038,1
57888,2
57888,1
168037,2
168037,1
92919,1
336042,1
382864,1
43011,1
192630,1
209257,1
25973,1
136384,2
136384,1
195006,2
195006,1
68113,1
167181,1
165219,2
165219,1
314730,2
314730,1
343190,1
358672,1
81443,2
81443,1
62,2
62,1
284475,1
382865,1
309050,1
26007,1
85,1
98274,1
46078,1
184903,1
272649,1
23323,1
306917,1
103073,1
92,1
111851,2
111851,1
24107,1
59416,1
74925,1
163194,1
48810,1
184924,1
20034,1
102,1
316255,1
91596,1
269542,1
62447,1
78273,2
78273,1
149057,1
129,1
184960,1
184961,1
143807,1
227911,1
133,1
184999,2
184999,1
147,2
147,1
185006,2
185006,1
150,1
26630,1
502508,2
502508,1
502597,2
502597,1
341671,2
341671,1
379155,1
47131,1
211019,1
198512,2
198512,1
503419,2
503419,1
529708,1
502248,2
502248,1
338099,2
338099,1
128257,2
128257,1
361270,1
294553,1
296790,1
185049,1
163,1
197147,2
197147,1
267948,2
267948,1
312280,1
306171,1
116422,1
166,2
53893,1
281571,2
281571,1
368933,2
368933,1
57303,2
231292,2
231292,1
159481,2
522255,2
522255,1
345820,2
165953,2
165953,1
57304,2
57304,1
65487,2
65487,1
70060,2
70060,1
59923,2
59923,1
102731,2
102731,1
167912,2
167912,1
169,2
121915,1
24762,1
175,1
278413,1
177,2
20306,1
361271,1
297056,1
374610,1
298473,2
298473,1
77213,1
185056,1
181,1
22126,1
182,2
182,1
96529,1
325161,2
325161,1
56801,1
42431,1
96518,1
332834,1
159479,1
71978,1
181578,1
317018,1
332835,1
222410,1
152401,1
65876,1
185067,1
185069,1
190,1
46768,2
46768,1
171036,2
171036,1
25154,1
23237,1
198,1
201,2
201,1
185074,1
26052,2
26052,1
185076,1
26053,1
22273,1
138332,1
95808,1
117753,1
75882,1
86397,1
238662,1
116946,1
45400,1
366858,1
99152,1
97645,1
138546,1
185082,1
185083,1
149980,1
207,2
207,1
118524,1
26063,1
110331,1
185097,1
212,1
185116,1
267951,2
267951,1
42682,1
216,1
185077,1
185100,2
185100,1
21660,1
321386,1
217,1
84728,1
182342,2
182342,1
72864,1
55230,1
90571,1
96997,1
327547,1
227439,1
198121,2
198121,1
185098,1
141797,2
141797,1
98709,1
220,1
222,2
222,1
185105,1
26065,2
26065,1
26066,2
26066,1
185106,1
131107,2
131107,1
26067,1
183234,1
24486,1
50913,1
232426,2
232426,1
225,1
67216,1
222258,1
311450,1
50817,1
134933,1
371582,1
58723,1
366873,1
90961,1
114940,1
98438,1
124212,1
307358,1
46877,1
61252,1
70223,1
124211,1
209950,1
249998,1
335296,1
90785,1
58791,1
62336,1
108677,1
358710,1
68779,1
78387,1
91365,1
238663,1
227268,1
172706,1
90980,1
283114,1
237808,1
94912,1
91829,1
230,1
222419,1
60359,1
222420,1
228,1
82502,1
229,1
87721,1
26131,1
96149,1
171037,1
293699,1
70218,1
103288,1
88936,1
191897,1
131413,1
50781,1
366907,1
306730,1
51073,1
336047,1
81813,1
350662,1
93437,1
231,1
241647,1
196332,1
518008,1
294029,1
84789,1
99191,1
63560,1
526414,1
65271,1
524487,1
76902,1
52648,1
366965,1
197674,1
125984,1
114145,1
84387,1
227280,1
45036,1
181360,1
288795,1
297807,1
298487,1
168911,1
150334,1
61624,1
152361,1
111422,1
363860,1
54021,1
61506,1
99485,1
60709,1
117758,1
138547,1
84889,1
78769,1
194996,1
326203,1
114942,1
196323,1
197681,1
57217,1
194723,1
83779,1
194997,1
535989,1
98675,1
367043,1
279716,1
110066,1
374703,1
150336,1
171038,1
56417,1
79514,1
91611,1
153617,1
181370,1
89742,1
82233,1
105091,1
151145,1
26153,1
99974,1
90253,1
307360,1
99981,1
517241,1
248823,1
70885,1
53266,1
194368,1
303833,1
125986,1
315752,1
48429,1
190709,1
298696,1
197524,1
68387,1
191092,1
226092,1
26157,1
73424,1
73425,1
283123,1
287831,1
74254,1
44602,1
92504,1
241648,1
74196,1
181373,1
236947,1
104009,1
150338,1
43617,1
131410,1
75155,1
91703,1
235,1
26137,1
527742,1
97935,1
371580,1
517981,1
82180,1
536128,1
293604,1
341693,1
131763,1
285977,1
113900,1
210315,1
152181,1
211825,1
242,1
185111,1
185112,2
185112,1
296135,1
294457,1
243,1
26159,2
26159,1
334349,1
109595,1
268261,2
268261,1
306836,1
185119,1
375047,1
312412,1
198225,2
198225,1
185115,1
46362,2
46362,1
517472,2
517472,1
375048,2
375048,1
89004,2
89004,1
185120,1
517385,2
517385,1
25065,1
501985,2
501985,1
503473,2
503473,1
172339,2
172339,1
126383,1
72318,1
117422,2
117422,1
103571,2
103571,1
275595,2
275595,1
316975,2
316975,1
374704,2
374704,1
45777,2
45777,1
251037,2
251037,1
49982,1
47664,1
139011,1
90171,1
321554,1
267558,1
297897,1
279,1
232447,1
45671,1
319754,1
283,1
278429,1
374609,1
21085,1
197526,2
197526,1
190710,1
222441,1
74926,1
126384,1
284,1
285,2
285,1
111373,1
95559,1
87160,1
286,2
286,1
26182,2
26182,1
44964,2
44964,1
288,2
288,1
211083,2
211083,1
211084,2
211084,1
60858,2
60858,1
297898,1
325184,1
44966,1
185042,1
297129,1
185140,1
292,1
116423,1
25067,1
185030,2
185030,1
167918,1
51905,1
239017,1
113348,1
159727,2
159727,1
159723,2
159723,1
159726,2
159726,1
159725,2
159725,1
159724,2
159724,1
53157,2
53157,1
161955,1
449,2
449,1
56166,1
130329,1
387587,1
344970,1
358943,1
185693,1
504,1
387570,1
346092,1
83865,1
185686,1
185702,1
185706,1
524926,1
77251,1
185710,1
574,1
82043,1
328099,1
49626,1
589,2
589,1
110686,2
110686,1
79449,1
110582,1
92153,2
92153,1
96127,2
96127,1
372366,1
507784,1
357541,2
357541,1
275741,1
517362,1
372375,1
372387,1
372389,1
372368,1
372379,1
529176,1
383605,1
372373,1
503905,1
95075,1
92322,1
110222,1
237790,2
237790,1
63416,1
171679,1
130332,2
130332,1
74255,1
522779,2
522779,1
78328,1
82755,1
185852,2
185852,1
528916,1
670,1
273483,1
515163,2
515163,1
671,1
185884,2
185884,1
74256,2
74256,1
185885,2
185885,1
82756,2
82756,1
218772,2
218772,1
155297,1
74079,1
69880,1
285124,2
285124,1
69881,2
69881,1
253144,2
253144,1
517730,1
237795,2
237795,1
517558,2
517558,1
677,2
677,1
218777,2
218777,1
26432,1
185891,1
185861,2
185861,1
522169,1
522761,1
512585,1
512539,1
139920,1
154746,2
154746,1
517246,1
683,2
683,1
684,2
684,1
273488,1
171713,2
171713,1
155064,2
155064,1
182186,1
218789,1
154449,1
83120,2
83120,1
196074,1
249854,1
388677,1
511804,1
687,2
687,1
218795,1
185870,1
388999,1
518963,2
518963,1
55613,1
333066,2
333066,1
281831,2
281831,1
66845,2
66845,1
332482,2
332482,1
65932,2
65932,1
137710,2
137710,1
218749,2
218749,1
190893,1
112211,1
192419,2
192419,1
168373,2
168373,1
249855,1
218747,1
50123,1
115538,2
115538,1
691,2
691,1
250213,1
119423,1
72684,1
693,2
693,1
275755,1
170644,2
170644,1
185905,1
185907,1
59497,2
59497,1
185914,1
321651,2
321651,1
248872,1
22129,1
272193,1
208065,1
26447,1
226694,1
374782,1
360967,1
346835,1
206754,1
255494,1
242385,1
239730,1
317616,1
258154,1
360286,1
361644,1
346834,1
77621,1
222482,1
374783,1
96564,1
51507,2
51507,1
47841,2
47841,1
186343,2
186343,1
19608,2
19608,1
24808,2
24808,1
235983,2
235983,1
526324,1
139943,1
186371,1
131675,1
108621,1
61291,1
114288,1
110070,1
310345,1
186533,1
365603,2
365603,1
211066,2
211066,1
167959,2
167959,1
167960,2
167960,1
183807,2
183807,1
1052,2
1052,1
366345,2
366345,1
150309,2
150309,1
26599,2
26599,1
1059,2
1059,1
358779,2
358779,1
318372,2
318372,1
327087,2
327087,1
220717,2
220717,1
186660,2
186660,1
261742,2
261742,1
245365,2
245365,1
383353,2
383353,1
179279,2
179279,1
334576,2
334576,1
245366,2
245366,1
261736,2
261736,1
186662,2
186662,1
261739,2
261739,1
186663,2
186663,1
261738,2
261738,1
222499,2
222499,1
186667,2
186667,1
186674,2
186674,1
1067,2
1067,1
186678,2
186678,1
325185,2
325185,1
179281,2
179281,1
179282,2
179282,1
170725,2
170725,1
155167,2
155167,1
179283,2
179283,1
186679,2
186679,1
26602,2
26602,1
124418,2
124418,1
26603,2
26603,1
332966,2
332966,1
87868,2
87868,1
1068,2
1068,1
179286,2
179286,1
186689,2
186689,1
186693,2
186693,1
103428,2
103428,1
85116,2
85116,1
179515,2
179515,1
118765,2
118765,1
118766,2
118766,1
118767,2
118767,1
117423,2
117423,1
99114,2
99114,1
188054,2
188054,1
188058,2
188058,1
188059,2
188059,1
26138,2
26138,1
188061,2
188061,1
188062,2
188062,1
188063,2
188063,1
305592,1
305591,1
331652,1
331657,1
187572,1
156237,1
188382,1
158533,1
188384,1
188689,2
1450,1
188849,1
312432,1
1453,1
131672,1
188865,1
188879,1
188882,2
188882,1
251991,1
84100,1
188890,1
188894,1
139009,1
1471,1
188918,1
188925,1
188927,1
1473,1
153810,1
226566,1
48040,2
48040,1
281642,1
94930,1
1470,1
360779,1
312433,1
311000,1
189160,2
189160,1
182531,2
182531,1
273053,2
273053,1
1715,1
89228,1
296082,1
27197,1
315307,1
27434,2
27434,1
20423,1
1878,1
1880,1
26272,2
26272,1
148757,2
148757,1
27581,2
27581,1
27582,2
27582,1
95525,2
95525,1
48117,2
48117,1
331040,2
331040,1
82008,2
82008,1
76121,2
76121,1
96862,2
96862,1
256696,2
256696,1
252649,2
252649,1
63094,2
63094,1
63095,2
63095,1
165659,2
165659,1
98986,2
98986,1
27584,2
27584,1
90778,2
90778,1
1927,2
1927,1
52084,2
52084,1
76696,2
76696,1
239732,2
239732,1
334488,2
334488,1
189316,2
189316,1
211710,2
211710,1
508057,1
151771,1
328124,1
328125,1
522021,1
331938,1
328143,1
249151,1
383775,1
328149,1
328152,1
328165,1
329364,1
1931,1
65893,1
72786,1
1933,1
1937,1
184186,1
50327,1
1952,2
1952,1
1972,1
156874,1
366103,1
323218,2
323218,1
21701,2
21701,1
203745,2
203745,1
203748,2
203748,1
276433,2
276433,1
21271,2
21271,1
99570,2
99570,1
108933,2
108933,1
97612,2
97612,1
27838,2
27838,1
333265,2
333265,1
27841,2
27841,1
57647,1
109006,2
109006,1
2105,2
2105,1
27773,2
27773,1
136568,2
136568,1
2133,2
2133,1
523283,1
73937,2
73937,1
217800,2
217800,1
43620,2
43620,1
240959,2
240959,1
78167,2
78167,1
99973,2
99973,1
353296,2
353296,1
222727,2
222727,1
357462,2
357462,1
352788,2
352788,1
226438,2
226438,1
90145,2
90145,1
240970,2
240970,1
51924,2
51924,1
91926,2
91926,1
22310,2
22310,1
2192,2
2192,1
203795,2
203795,1
203789,2
203789,1
321977,2
321977,1
99456,2
99456,1
68066,2
68066,1
222719,2
222719,1
91840,2
91840,1
91440,2
91440,1
93438,2
93438,1
307886,2
307886,1
205670,2
205670,1
387348,2
387348,1
92994,2
92994,1
332153,2
332153,1
299483,2
299483,1
374787,2
374787,1
345465,2
345465,1
150119,2
150119,1
238070,2
238070,1
298455,2
298455,1
175533,2
175533,1
336113,2
336113,1
525485,2
525485,1
387191,2
387191,1
111661,2
111661,1
255954,2
255954,1
171282,2
171282,1
167910,2
167910,1
517204,2
517204,1
522366,2
522366,1
522556,2
522556,1
387189,2
387189,1
2254,1
21739,2
21739,1
2255,2
2255,1
385625,2
385625,1
226887,2
226887,1
387212,2
387212,1
365753,2
365753,1
131897,2
131897,1
283103,2
283103,1
288823,2
288823,1
357447,2
357447,1
2273,2
2273,1
133746,2
133746,1
44677,2
44677,1
387123,2
387123,1
387139,2
387139,1
524355,2
524355,1
386982,2
386982,1
386985,2
386985,1
386991,2
386991,1
313626,2
313626,1
316859,2
316859,1
308239,2
308239,1
360780,2
360780,1
308240,2
308240,1
104485,2
104485,1
359096,2
359096,1
27920,2
27920,1
195869,2
195869,1
213737,2
213737,1
362395,2
362395,1
204084,1
21330,1
22159,2
22159,1
204326,1
131179,2
131179,1
131178,2
131178,1
204448,1
187609,1
204549,1
204556,1
204564,1
78331,1
76156,1
139433,1
2359,1
159641,1
28010,1
387596,1
358757,1
115998,1
115999,1
240170,1
189464,1
115966,1
228825,1
324728,1
226517,1
381974,1
205129,1
195760,1
73486,1
238904,1
54590,1
56940,1
49563,1
198572,1
74262,1
99796,1
2441,2
2441,1
2444,1
93594,1
197180,1
28123,1
116026,2
116026,1
2568,1
49533,2
49533,1
226399,2
226399,1
2579,2
2579,1
49765,2
49765,1
128263,2
128263,1
28139,2
28139,1
57392,2
57392,1
131143,1
28128,1
49629,2
49629,1
82497,2
82497,1
226419,2
226419,1
227442,2
227442,1
194731,2
194731,1
83119,2
83119,1
74434,2
74434,1
2598,1
19624,1
206193,1
332154,2
332154,1
206201,2
206201,1
96060,2
96060,1
127451,1
42434,1
287733,1
292081,1
216098,1
178527,1
200602,1
219333,1
287734,1
2687,1
178518,1
99397,1
116674,1
117952,1
2689,1
2691,1
2693,1
20638,1
2694,1
200594,1
97936,1
321516,2
321516,1
206422,2
206422,1
2819,2
2819,1
246277,1
332225,1
228653,1
45914,1
211074,1
78011,1
222865,1
43366,1
55245,1
254793,1
98651,1
222867,1
20703,1
20704,1
283133,1
222868,1
117660,1
136525,1
370886,1
97372,1
115914,1
40944,1
93350,1
68764,1
285988,1
222870,1
179545,1
73892,1
67801,1
194139,1
222871,1
78428,1
65759,1
33961,1
72846,1
67935,1
93911,1
306050,1
89783,1
221386,1
28618,1
103950,1
228671,1
136527,1
99332,1
71162,1
50008,1
28619,1
99920,1
49142,1
49261,1
28622,1
333268,1
168178,1
166616,1
299656,1
306738,1
57659,1
111806,1
49650,1
28627,1
65680,1
82176,1
245597,1
73185,1
228683,1
129355,1
328868,1
92881,1
79033,1
237189,1
283146,1
71009,1
279764,1
105225,1
67050,1
87149,1
70663,1
52386,1
382173,1
151085,1
94535,1
179757,1
179761,1
279767,1
206584,1
279766,1
206522,1
60130,1
2840,1
206585,1
374324,1
312581,1
74064,1
206586,1
167814,1
46232,1
74115,1
335095,1
283136,1
105110,1
167815,1
167817,1
73186,1
47579,1
206587,1
2845,1
49188,1
196144,1
62404,1
335081,1
97654,1
112609,1
2846,1
67086,1
28331,1
78645,1
92066,1
345674,1
2847,1
28338,1
72977,1
57463,1
114767,1
57102,1
56789,1
48077,1
73112,1
334346,1
62038,1
237187,1
67764,1
47896,1
228065,1
299443,1
239033,1
151920,1
93089,1
335101,1
97589,1
89315,1
55486,1
125327,1
54472,1
42961,1
98023,1
50172,1
517432,1
92447,1
86335,1
80817,1
86203,1
69054,1
227986,1
97717,1
55416,1
85714,1
59799,1
98463,1
28354,1
51062,1
249504,1
86298,1
228664,1
28357,1
65966,1
85378,1
75208,1
322331,1
28361,1
317632,1
28360,1
80041,1
67485,1
241722,1
59665,1
2842,1
84606,1
97390,1
137771,1
92091,1
86589,1
86270,1
95065,1
241649,1
79922,1
522090,1
322333,1
52912,1
153070,1
72651,1
28376,1
28379,1
28380,1
367130,1
52353,1
89819,1
192462,1
42882,1
95483,1
42883,1
84003,1
46796,1
46936,1
54739,1
64083,1
63931,1
70032,1
156034,1
77831,1
64195,1
27182,1
28389,1
28390,1
114456,1
124865,1
517412,1
92239,1
28394,1
93045,1
28395,1
103528,1
109395,1
91658,1
45305,1
89491,1
227474,1
97290,1
227475,1
28417,1
64888,1
221388,1
194706,1
287908,1
76526,1
95485,1
82201,1
69493,1
97074,1
97061,1
98329,1
328021,1
328022,1
68881,1
2853,1
84004,1
78792,1
52933,1
46797,1
137004,1
96714,1
64197,1
95912,1
109116,1
2854,1
74776,1
124867,1
317633,1
71163,1
210369,1
517429,1
55371,1
99373,1
62185,1
114770,1
63344,1
272898,1
54358,1
91768,1
334716,1
28017,1
82202,1
93447,1
98850,1
93448,1
228675,1
124868,1
90998,1
98851,1
83911,1
28453,1
64793,1
98618,1
85170,1
99256,1
210371,1
55450,1
92860,1
90898,1
241430,1
96030,1
111693,1
51612,1
58953,1
228679,1
76007,1
182737,1
285989,1
333269,1
80332,1
53439,1
28468,1
99420,1
534580,1
81250,1
77844,1
114771,1
517367,1
49908,1
65354,1
169564,1
60668,1
222884,1
94311,1
194270,1
239034,1
106983,1
67244,1
61457,1
28358,1
66705,1
73568,1
245318,1
46798,1
322452,1
90328,1
135383,1
367135,1
70301,1
153073,1
216988,1
194272,1
221389,1
117947,1
222347,1
42180,1
48029,1
96762,1
43711,1
322473,1
62619,1
74540,1
79994,1
81287,1
124529,1
28502,1
97142,1
68798,1
57751,1
155560,1
153074,1
58838,1
326375,1
315596,1
95337,1
66086,1
70606,1
57405,1
522089,1
382870,1
153813,1
91033,1
283134,1
534847,1
49260,1
74698,1
48057,1
279260,1
91585,1
206588,1
45495,1
279769,1
206589,1
2862,1
28514,1
222888,1
222889,1
249507,1
222891,1
28621,1
52991,1
215280,1
194006,1
521284,1
28522,1
28523,1
41021,1
237191,1
28525,1
95712,1
106465,1
387458,1
78416,1
104878,1
352633,1
42532,1
316374,1
111170,1
328012,1
151077,1
89149,1
96782,1
191252,1
64889,1
93650,1
151090,1
110487,1
70747,1
383356,1
58827,1
44789,1
194713,1
299487,1
108992,1
237283,1
109012,1
110580,1
109401,1
328158,1
28532,1
88732,1
334720,1
108285,1
28534,1
194719,1
69325,1
28535,1
285992,1
97112,1
270926,1
168941,1
387461,1
2865,1
2867,1
228826,1
2868,1
282113,1
300601,1
64461,1
67886,1
2871,1
117712,1
237190,1
51031,1
89931,1
61130,1
28544,1
28545,1
92376,1
92396,1
94229,1
44857,1
69055,1
28554,1
92152,1
98478,1
97484,1
166266,1
28558,1
98088,1
97489,1
98067,1
45072,1
91278,1
55133,1
60211,1
165430,1
99190,1
96637,1
54245,1
28566,1
92393,1
28570,1
98436,1
43998,1
92554,1
92785,1
94678,1
99919,1
96713,1
48892,1
98106,1
210375,1
2836,1
54032,1
49102,1
46902,1
42601,1
81596,1
63343,1
200499,1
87195,1
325552,1
68920,1
270927,1
92584,1
47666,1
57672,1
85104,1
96041,1
43599,1
75082,1
317636,1
82156,1
72446,1
72502,1
51502,1
57525,1
71528,1
55465,1
28600,1
139707,1
238795,1
48028,1
97058,1
28604,1
46722,1
94193,1
62541,1
28608,1
299488,1
328895,1
2993,1
3015,2
3015,1
94775,1
297737,1
207167,2
207167,1
256954,1
3135,1
89414,1
28828,1
344171,2
344171,1
91769,2
91769,1
375226,2
375226,1
271351,2
271351,1
345337,2
345337,1
358761,2
358761,1
375225,2
375225,1
334239,2
334239,1
273151,2
273151,1
207695,2
207695,1
312591,2
312591,1
336715,2
336715,1
207696,1
23541,1
3159,1
28843,1
208257,1
89355,1
3173,1
381873,1
208441,1
94762,1
226097,1
208445,1
175622,1
380417,1
208581,1
97563,1
122016,1
302801,1
169886,1
145724,1
322753,1
139094,1
143318,1
271164,1
271052,1
99077,1
3286,2
3286,1
28928,1
241758,2
241758,1
208596,2
208596,1
62081,2
62081,1
96449,1
49119,1
91507,1
45482,1
115350,1
96664,2
96664,1
270472,2
270472,1
208621,2
208621,1
3307,2
3307,1
98640,2
98640,1
101010,2
101010,1
28947,1
3350,1
351290,2
351290,1
372648,2
372648,1
331108,2
331108,1
372649,2
372649,1
372650,2
372650,1
331107,2
331107,1
305864,2
305864,1
209331,2
209331,1
209330,2
209330,1
3403,1
134578,1
124219,1
346050,1
88938,1
77430,1
343130,1
139117,1
211080,2
211080,1
95578,2
95578,1
137095,1
211180,2
211180,1
301698,2
301698,1
361041,2
361041,1
343901,2
343901,1
273429,2
273429,1
301699,2
301699,1
360237,2
360237,1
267556,2
267556,1
118772,2
118772,1
313941,2
313941,1
28982,1
62222,1
178041,1
87270,1
119583,1
209472,1
209617,1
3458,1
78199,1
3472,1
268677,1
46373,1
90695,1
93790,2
93790,1
150782,1
358673,1
70601,2
70601,1
90200,2
90200,1
137757,1
222960,2
222960,1
280438,1
98546,2
98546,1
153794,2
153794,1
92938,2
92938,1
95513,2
95513,1
52219,1
192754,1
196401,1
96730,2
96730,1
83559,1
250075,1
85866,1
380897,1
103904,1
90323,1
120447,1
81779,1
51664,2
51664,1
86951,1
43807,2
43807,1
319968,1
180105,1
85444,1
95894,1
237047,1
65454,2
65454,1
93659,2
93659,1
93098,2
93098,1
115352,1
226103,2
226103,1
43611,1
363859,2
363859,1
95165,2
95165,1
120448,1
89776,1
89256,1
97903,2
97903,1
99348,1
59209,1
29174,2
29174,1
44523,2
44523,1
52186,2
52186,1
72086,2
72086,1
29185,1
29186,1
210046,1
46437,1
3694,2
3694,1
109663,1
162568,1
129122,1
151735,1
155786,1
62627,1
210415,1
82278,1
226780,1
29214,1
29215,1
114776,1
97272,1
98024,1
79254,1
118072,1
141200,1
29219,1
3732,1
312648,1
333270,1
378711,1
378712,1
210610,1
3766,1
151144,1
112601,1
380898,1
380900,1
130539,1
55627,1
222985,1
124398,1
130603,1
141880,1
380901,1
130604,1
112602,1
380899,1
96024,1
29235,1
142613,1
144467,1
3770,1
118008,1
212513,1
352857,1
383412,1
187786,1
226696,1
254508,1
360201,1
243579,1
143108,1
129220,1
102172,1
212966,1
212967,1
3889,1
320578,1
212968,1
83394,1
109957,1
212941,1
51489,1
157881,1
384894,1
212971,1
130542,1
3891,1
282570,1
29388,1
212951,1
111448,1
212972,1
111304,1
136064,1
287133,1
111666,1
55274,1
86014,1
73386,1
178275,1
110367,1
212976,1
3894,1
104488,1
212965,1
110355,1
3887,1
75362,1
320476,1
320485,1
320486,1
320524,1
320460,1
157868,1
3888,1
212970,1
320515,1
320513,1
21997,1
48650,1
143110,1
212945,1
29386,1
90013,1
212948,1
91243,1
320533,1
157876,1
3890,1
112976,1
239709,1
29391,1
212952,1
97929,1
320550,1
94361,1
129293,1
3896,1
3900,1
213015,1
213016,1
3901,1
213021,1
213056,1
88887,1
361377,1
119054,1
180628,1
157945,1
93155,1
29218,1
29544,1
90440,1
121916,1
227695,1
98467,1
323029,1
65158,1
98775,1
213362,1
4014,1
334762,1
213364,1
4015,1
213371,1
20919,1
323088,1
24118,1
86033,1
30553,1
30571,2
213783,2
213783,1
213790,2
42507,2
42507,1
81363,2
81363,1
246109,1
143327,1
256747,1
95884,1
239286,1
90939,1
238656,1
355935,1
153869,1
285997,1
114299,1
181193,1
124687,1
294651,1
358323,1
287995,1
282074,1
124688,1
281331,1
523305,1
523306,1
334285,1
307392,1
4360,1
254249,1
219209,1
220561,1
194918,1
286759,1
103108,1
323110,1
350934,1
182467,1
56359,1
352648,1
284989,1
49554,1
285996,1
61447,1
386608,1
296742,1
263226,1
378963,1
30602,1
334175,1
151406,1
364940,1
364941,1
214458,1
4364,1
221984,1
178380,1
90677,2
90677,1
382874,2
382874,1
382873,2
382873,1
382875,2
382875,1
283344,2
283344,1
521044,2
521044,1
212954,2
212954,1
170441,2
170441,1
177981,2
177981,1
30663,2
30663,1
30654,2
30654,1
197748,2
197748,1
519362,2
519362,1
534741,2
534741,1
517780,2
517780,1
533268,2
533268,1
4382,2
4382,1
97401,2
97401,1
500413,2
500413,1
204388,2
204388,1
89069,2
89069,1
244280,2
244280,1
270475,2
270475,1
244278,2
244278,1
326217,2
326217,1
120461,2
120461,1
258440,2
258440,1
155716,2
155716,1
4385,2
4385,1
198690,2
198690,1
270476,2
270476,1
308615,2
308615,1
179791,2
179791,1
81215,2
81215,1
98945,2
98945,1
252939,2
252939,1
374638,2
374638,1
374639,2
374639,1
152092,2
152092,1
170776,2
170776,1
95510,2
95510,1
198304,2
198304,1
79314,2
79314,1
49144,2
49144,1
242615,1
121917,2
121917,1
53147,2
53147,1
79172,2
79172,1
285161,2
285161,1
151431,2
151431,1
124265,2
124265,1
30640,2
30640,1
529870,2
529870,1
191985,2
191985,1
198305,2
198305,1
192974,2
192974,1
350663,2
350663,1
285164,2
285164,1
239417,2
239417,1
324502,2
324502,1
204397,2
204397,1
178921,2
178921,1
133748,2
133748,1
233353,2
233353,1
366111,2
366111,1
278136,2
278136,1
150345,2
150345,1
73105,1
222296,2
222296,1
146005,2
146005,1
385742,2
385742,1
272619,2
272619,1
298458,2
298458,1
306618,2
306618,1
294647,2
294647,1
204401,2
204401,1
269544,2
269544,1
261727,2
261727,1
150346,2
150346,1
192977,2
192977,1
124297,2
124297,1
117426,2
117426,1
529872,2
529872,1
325314,2
325314,1
211187,2
211187,1
192978,2
192978,1
30644,2
30644,1
206665,2
206665,1
30664,2
30664,1
30645,2
30645,1
134942,2
134942,1
372548,2
372548,1
359097,2
359097,1
239418,1
91338,2
91338,1
124266,2
124266,1
269157,2
269157,1
222299,2
222299,1
79721,2
79721,1
325315,2
325315,1
165962,1
42926,2
42926,1
251042,2
251042,1
151433,1
316578,2
316578,1
179569,1
204398,2
204398,1
372549,2
372549,1
198581,2
198581,1
90704,2
90704,1
96780,2
96780,1
84394,2
84394,1
287115,2
287115,1
272919,2
272919,1
521877,1
66733,2
66733,1
4395,2
4395,1
4397,2
4397,1
152372,2
152372,1
140475,1
521518,1
4398,2
4398,1
4399,2
4399,1
48171,2
48171,1
81459,2
81459,1
30648,2
30648,1
72122,2
72122,1
191987,2
191987,1
333271,2
333271,1
113902,2
113902,1
52421,2
52421,1
214616,2
214616,1
214617,2
214617,1
4402,2
4402,1
90314,2
90314,1
68692,2
68692,1
30653,2
30653,1
71735,2
71735,1
33952,2
33952,1
30661,1
289116,2
289116,1
318552,2
318552,1
372651,2
372651,1
160621,2
160621,1
139996,2
139996,1
139998,2
139998,1
160622,2
160622,1
212956,2
212956,1
179790,2
179790,1
183804,2
183804,1
372652,2
372652,1
334688,2
334688,1
134945,2
134945,1
183521,2
183521,1
183806,2
183806,1
108678,2
108678,1
108345,2
108345,1
139997,2
139997,1
134944,2
134944,1
110067,2
110067,1
4417,1
4419,1
30669,1
120463,1
214642,1
180754,1
98759,1
53148,1
65789,1
4499,1
251706,2
251706,1
75688,1
25687,1
334931,1
4501,2
4501,1
96316,1
91246,1
323285,1
323284,1
4506,1
85552,1
92278,1
74258,1
4507,1
4508,1
4509,1
30700,1
214705,1
366757,1
270233,1
255203,1
97648,2
97648,1
305611,1
94011,1
172191,1
30706,2
30706,1
42669,2
42669,1
79652,1
139175,1
79628,1
72619,1
60445,1
59657,2
59657,1
92005,2
92005,1
80634,2
80634,1
324337,1
4522,1
214725,1
214729,1
333272,2
333272,1
275577,2
275577,1
333273,2
333273,1
194171,2
194171,1
337917,2
337917,1
263243,2
263243,1
73005,2
73005,1
329197,2
329197,1
272718,2
272718,1
47934,2
47934,1
214230,2
214230,1
177982,2
177982,1
333413,2
333413,1
231054,2
231054,1
370181,2
370181,1
256079,2
256079,1
248647,2
248647,1
84392,2
84392,1
97746,2
97746,1
329198,2
329198,1
153075,2
153075,1
97310,2
97310,1
368547,2
368547,1
177983,2
177983,1
4553,2
4553,1
101121,2
101121,1
194168,2
194168,1
323298,2
323298,1
248646,2
248646,1
30728,2
30728,1
131692,2
131692,1
323328,2
323328,1
30781,2
30781,1
302254,2
302254,1
4570,2
4570,1
20351,2
20351,1
323301,2
323301,1
4582,2
4582,1
60214,2
60214,1
246422,2
246422,1
302094,1
344865,2
344865,1
4593,2
4593,1
4598,2
4598,1
21694,2
21694,1
4602,2
4602,1
54185,2
54185,1
97692,2
97692,1
30752,2
30752,1
4620,2
4620,1
315709,2
315709,1
4624,2
4624,1
4629,2
4629,1
310586,1
30760,2
30760,1
4666,1
67253,2
67253,1
323345,2
323345,1
50328,2
50328,1
20362,2
20362,1
4678,2
4678,1
162567,1
175522,2
175522,1
143313,2
143313,1
30770,1
30773,2
30773,1
95571,2
95571,1
4556,2
4556,1
96278,2
96278,1
68945,2
68945,1
4563,2
4563,1
370853,1
73457,1
194071,1
102616,2
102616,1
228764,2
228764,1
25849,2
25849,1
55457,2
55457,1
30800,2
30800,1
227984,2
227984,1
4762,2
4762,1
25876,2
25876,1
80217,2
80217,1
136569,2
136569,1
144024,2
144024,1
4774,2
4774,1
312998,2
312998,1
4775,2
4775,1
97783,2
97783,1
89041,2
89041,1
107611,2
107611,1
323468,2
323468,1
57462,2
57462,1
4776,2
4776,1
174696,2
174696,1
516668,2
516668,1
93119,2
93119,1
323466,2
323466,1
25846,2
25846,1
143119,2
143119,1
138336,2
138336,1
235477,2
235477,1
111331,2
111331,1
158137,2
158137,1
247303,2
247303,1
30840,2
30840,1
25813,2
25813,1
296065,2
296065,1
30807,2
30807,1
4765,2
4765,1
305580,2
305580,1
96099,2
96099,1
95691,2
95691,1
323456,2
323456,1
516629,2
516629,1
66437,2
66437,1
516633,2
516633,1
387323,2
387323,1
516645,2
516645,1
97242,2
97242,1
4790,1
179794,1
382515,1
4791,1
334772,1
116316,1
284971,1
91949,1
99166,1
76800,1
314733,1
57064,1
334773,1
168040,1
307617,1
126626,1
130634,1
329694,1
210670,1
254014,1
69812,1
59552,1
360926,1
71612,1
58392,1
358675,1
99976,1
90068,1
137186,1
284974,1
85768,1
137476,1
137477,1
246008,1
5074,1
75923,1
68593,1
137481,1
95073,1
69967,1
86457,1
133025,1
98146,1
329734,1
321515,2
321515,1
214896,1
163224,1
332127,1
163227,1
121648,1
57491,1
269024,1
316987,1
75108,1
223160,1
163225,1
5160,1
62460,1
172954,1
305579,1
333260,1
85635,1
218286,2
218286,1
57866,1
69154,1
5306,1
93842,1
353083,1
228223,1
280818,1
269160,1
238451,1
350952,1
349071,1
154125,1
323815,1
97343,1
254233,1
369346,1
369347,1
93813,1
5316,1
323807,1
323818,1
158338,1
146072,2
146072,1
56421,2
56421,1
31151,1
151213,1
280105,1
219927,1
376030,1
281971,1
65096,1
309919,1
75577,1
49195,1
81847,1
102958,1
5340,1
5343,1
101168,1
80883,1
99724,1
95920,1
534957,1
156364,1
324056,1
5345,1
128393,1
25208,1
187814,1
320277,1
31162,1
5367,1
69289,1
24457,1
323853,1
101173,1
48447,1
31781,1
97168,2
97168,1
5928,2
5928,1
5968,1
226105,1
5978,2
5978,1
106113,1
31847,1
137617,1
6014,1
304076,1
58174,1
79003,1
43918,1
304077,1
176656,1
31916,1
44432,2
44432,1
96839,1
305849,1
137199,1
6253,1
6265,1
31628,1
86001,1
350665,1
368687,1
151456,1
169196,1
43314,1
169198,1
221587,1
31997,1
522716,1
6314,2
6314,1
93598,2
93598,1
361204,2
361204,1
26707,2
26707,1
528709,2
528709,1
6346,1
49759,1
314417,1
89269,1
226107,1
226108,1
226109,1
238681,1
97226,1
73487,2
73487,1
328169,2
328169,1
6395,2
6395,1
239351,1
188021,1
523281,1
6397,1
118143,1
113912,1
91403,1
381890,1
32104,1
318579,2
318579,1
293440,2
293440,1
223357,2
223357,1
83101,2
83101,1
66556,2
66556,1
94614,2
94614,1
89372,2
89372,1
59387,2
59387,1
6599,2
6599,1
92599,2
92599,1
99092,2
99092,1
23556,2
23556,1
333326,1
333327,1
69703,1
6677,1
6705,1
6732,2
51971,2
162426,1
210449,1
334781,1
113911,1
310253,1
379179,1
6876,1
241761,1
65995,1
158704,1
32640,2
32640,1
19676,1
313942,1
90809,1
20053,1
6878,1
158710,1
167932,1
19679,1
505315,1
86320,1
158714,1
19957,1
324309,1
32644,1
6885,1
6886,1
6888,1
285914,1
282149,1
287681,1
377012,1
121876,1
263244,1
374994,1
6889,1
6890,2
6890,1
21834,1
82652,1
6892,1
521465,1
6893,1
6894,1
46894,1
6901,1
96849,1
374763,2
374763,1
6906,1
144912,1
6907,1
20051,1
120239,1
6912,2
6912,1
329225,1
103001,1
6939,1
6943,1
136664,1
169760,2
169760,1
223431,2
223431,1
6969,2
6969,1
280088,2
280088,1
89363,2
89363,1
158762,2
158762,1
210160,2
210160,1
104322,2
104322,1
211192,2
211192,1
169704,2
169704,1
165249,2
165249,1
321528,2
321528,1
6977,2
6977,1
59825,2
59825,1
324785,2
324785,1
99750,2
99750,1
169706,2
169706,1
134312,2
134312,1
56154,2
56154,1
97545,2
97545,1
51080,2
51080,1
85825,2
85825,1
90419,2
90419,1
119850,2
119850,1
178922,2
178922,1
6991,1
332174,1
331455,2
331455,1
22135,2
22135,1
205851,2
205851,1
137097,2
137097,1
194747,2
194747,1
181192,2
181192,1
191990,2
191990,1
205862,2
205862,1
134951,2
134951,1
102836,2
102836,1
55774,2
55774,1
90465,2
90465,1
97265,2
97265,1
324802,2
324802,1
109689,2
109689,1
7005,2
7005,1
187391,2
187391,1
503138,2
503138,1
7007,2
7007,1
7008,2
7008,1
7014,2
7014,1
7015,2
7015,1
205886,2
205886,1
354543,2
354543,1
32712,2
32712,1
7016,2
7016,1
324819,2
324819,1
32714,2
32714,1
7022,1
349314,2
349314,1
95499,2
95499,1
82614,1
248780,1
7029,1
23496,1
323292,1
7035,1
115157,1
158768,1
48584,1
7062,1
32739,1
239575,1
7072,1
249093,1
204582,1
7075,1
7076,1
32755,1
131510,1
247489,1
7102,1
51090,2
51090,1
234084,1
44266,1
223450,2
223450,1
334240,2
334240,1
170874,2
170874,1
206727,1
88381,2
88381,1
52230,2
52230,1
95609,2
95609,1
83213,2
83213,1
360551,2
360551,1
93166,2
93166,1
95176,1
85086,2
85086,1
137830,1
7147,1
168469,1
198563,1
381477,1
90742,1
182563,1
185322,1
374127,1
7149,1
7164,1
106124,1
7165,1
106125,1
7174,1
251988,1
504080,1
371934,1
7197,1
270005,1
255315,1
97233,1
7198,1
124216,1
56327,1
62891,1
227521,1
505223,1
332964,1
333252,1
48059,1
504099,1
504879,1
324033,1
251117,1
306898,1
507854,1
324605,1
529332,1
243116,1
505224,1
179353,1
85181,1
228582,1
49469,1
324030,1
79273,1
196734,1
308410,1
42778,1
104298,1
103262,1
220396,1
103785,1
279358,1
306550,1
73467,1
57305,1
49419,1
7199,1
286053,1
387720,1
503989,1
7200,1
95720,1
187847,1
192114,1
32853,1
7202,1
104585,1
536509,1
70444,1
77243,1
304267,1
120472,1
7207,1
93080,1
164300,1
273475,1
7213,1
158819,1
187848,1
93984,1
536202,1
109569,1
7265,1
45001,1
108119,1
136547,2
136547,1
325229,2
325229,1
7267,2
7267,1
279516,2
279516,1
21629,1
43207,1
21700,1
116948,1
89514,1
20724,1
162563,1
7478,1
69270,1
106130,1
234978,1
83243,1
33037,1
7609,2
7609,1
95309,2
95309,1
7612,2
7612,1
87554,1
95692,2
95692,1
7654,2
7654,1
23789,2
23789,1
83312,2
83312,1
51833,2
51833,1
169711,2
169711,1
56305,2
56305,1
182509,2
182509,1
114516,2
114516,1
104204,2
104204,1
114517,2
114517,1
102219,2
102219,1
81499,2
81499,1
105720,2
105720,1
54813,2
54813,1
68554,2
68554,1
7723,2
7723,1
65679,1
317334,2
317334,1
352805,2
352805,1
48996,2
48996,1
166031,2
166031,1
271349,2
271349,1
59527,2
59527,1
515086,2
515086,1
532581,2
532581,1
321655,1
283864,1
325233,1
90133,1
150399,1
328085,1
178500,1
124669,1
114664,1
114304,1
84336,1
126442,1
180997,1
21680,1
254519,1
74495,1
154768,1
8115,1
33626,1
79917,1
345478,1
33627,1
110163,1
202558,1
8117,1
8123,2
8123,1
90215,2
90215,1
8125,2
8125,1
87800,2
87800,1
8124,2
8124,1
290499,2
290499,1
307108,2
307108,1
100045,2
100045,1
24592,2
24592,1
122323,1
8211,1
8217,1
269824,1
94192,1
170872,1
270615,1
270618,1
270619,1
227244,1
33709,1
169190,1
227243,1
226114,1
271438,1
270857,1
271444,1
271522,1
271460,1
271538,1
271481,1
271475,1
271516,1
8243,1
99992,1
270444,1
170879,1
270442,1
271141,1
33699,1
269880,1
271574,1
252297,1
33700,1
269882,1
270859,1
8246,1
270575,1
130519,1
91927,1
98430,1
179806,1
154032,1
198649,1
94441,1
130089,1
55086,1
33702,1
33703,1
8249,2
8249,1
270128,1
270692,1
273235,1
270561,1
83489,1
33704,1
107216,1
270694,1
271411,1
202324,1
271544,1
271552,1
271561,1
271453,1
271447,1
8250,1
238693,1
270572,1
89605,1
98246,1
270574,1
205514,1
96085,1
270706,1
21628,1
271423,1
252245,1
271429,1
271434,1
271450,1
271426,1
271563,1
270858,1
33684,1
138348,1
270443,1
87634,1
341707,1
154013,1
33686,1
251724,1
177316,1
290522,1
270037,1
251725,1
89444,2
89444,1
270038,2
270038,1
341708,1
8240,1
270363,1
271050,1
95310,1
270039,1
117643,1
57579,1
355077,1
341709,1
341688,1
86747,2
86747,1
270616,1
270617,1
99236,1
205490,1
154028,1
114521,1
138357,1
270124,1
270125,1
315605,1
205493,1
270127,1
138352,1
227632,1
153255,1
154029,1
138350,1
99046,1
270130,1
90268,2
90268,1
205500,1
117645,1
42452,1
33688,1
355078,1
89037,1
33690,1
270172,1
94963,1
169185,1
92720,1
270349,1
154030,1
77881,2
77881,1
521978,1
53206,1
59102,1
130091,1
138355,2
138355,1
270347,1
154031,1
154011,1
8241,1
89523,1
138356,1
205507,1
130090,1
96357,1
169187,1
33695,1
68467,1
117646,1
116949,1
69522,1
138358,1
271418,1
371554,2
371554,1
33856,2
33856,1
43091,2
43091,1
91194,1
78463,1
206728,1
27516,1
27529,2
27529,1
87644,2
87644,1
358354,1
8445,1
40254,1
75426,1
516845,1
516868,1
48070,1
8730,1
327170,1
137447,1
137448,1
323864,1
40522,1
40530,1
45958,1
99789,1
271432,1
175833,1
287732,1
176913,1
346683,1
93785,1
325729,1
239743,1
353409,1
89566,1
40539,1
86781,1
340889,1
346688,1
126741,1
346682,1
346673,1
70488,1
199822,1
346671,1
288735,1
340887,1
40542,1
294698,1
153374,1
153377,1
114547,1
212325,1
81131,1
132882,1
90118,1
346687,1
214485,1
308903,1
322014,1
65460,1
80395,1
346689,1
71943,1
85323,1
263472,1
361014,1
226254,1
346675,1
138240,1
316564,1
307643,1
346674,1
138241,1
352809,1
132846,1
93257,2
124726,2
40566,2
8766,2
330956,2
135608,2
135609,2
124725,2
93256,1
125664,1
239293,1
23759,1
8773,1
70329,1
95880,1
93232,1
8843,1
8852,1
241215,1
368954,2
368954,1
510599,2
510599,1
254416,1
191139,1
97624,1
248873,1
325295,1
327439,1
326898,2
326898,1
63034,2
63034,1
326897,2
326897,1
342468,2
342468,1
305896,2
305896,1
305958,2
305958,1
372622,2
372622,1
372603,2
372603,1
8905,2
8905,1
342077,1
93952,2
93952,1
57945,1
321556,1
41745,2
41745,1
95526,2
95526,1
81201,1
95907,2
95907,1
67181,1
223899,2
223899,1
510594,1
510973,1
510530,1
510671,1
510402,1
249633,2
249633,1
510544,2
510544,1
510429,1
529186,1
511221,1
529123,1
510513,2
510513,1
510874,1
510449,2
510449,1
76586,1
8948,1
388040,1
388038,1
40828,1
24757,1
8950,2
8950,1
329654,1
8951,1
8955,1
323887,1
8956,2
8956,1
510688,2
510688,1
8957,2
8957,1
8965,1
8969,2
8969,1
150772,2
150772,1
82407,1
9025,1
94913,2
94913,1
48960,2
48960,1
345366,2
345366,1
93687,2
93687,1
112042,2
112042,1
160780,2
160780,1
67889,1
47294,2
47294,1
97772,2
97772,1
155715,2
155715,1
93110,2
93110,1
89484,2
89484,1
99561,2
99561,1
57817,2
57817,1
82108,2
82108,1
92757,2
92757,1
223962,2
223962,1
254836,2
254836,1
97146,2
97146,1
115575,2
115575,1
99648,2
99648,1
336354,2
336354,1
50975,2
50975,1
96612,2
96612,1
125533,2
125533,1
89248,2
89248,1
41070,2
41070,1
41071,2
41071,1
82260,2
82260,1
65162,2
65162,1
69595,1
75559,2
75559,1
154440,2
154440,1
41075,2
41075,1
140135,2
140135,1
96613,2
96613,1
100049,2
100049,1
220564,2
220564,1
77543,2
77543,1
41077,2
41077,1
115577,2
115577,1
269035,2
269035,1
98305,2
98305,1
154442,1
94507,2
94507,1
41080,2
41080,1
9110,2
9110,1
210246,2
210246,1
41081,2
41081,1
91956,2
91956,1
220565,2
220565,1
90142,2
90142,1
96308,2
96308,1
41086,2
41086,1
94007,2
94007,1
41088,2
41088,1
138225,2
138225,1
100059,2
100059,1
41090,2
41090,1
135405,2
135405,1
268763,2
268763,1
48797,1
58404,1
41095,2
41095,1
323619,2
323619,1
93845,2
93845,1
323618,2
323618,1
135406,2
135406,1
9122,2
9122,1
96159,1
365901,2
365901,1
135408,2
135408,1
118546,2
118546,1
64961,2
64961,1
331173,2
331173,1
92477,1
333890,2
333890,1
326952,2
326952,1
318694,2
318694,1
43464,1
95423,2
95423,1
135412,2
135412,1
48097,2
48097,1
68418,2
68418,1
94283,1
90905,2
90905,1
125665,2
125665,1
325173,2
325173,1
84893,2
84893,1
20984,2
20984,1
41110,2
41110,1
9131,1
374033,1
182615,1
221226,2
221226,1
80865,2
80865,1
254045,1
269360,2
269360,1
9134,2
9134,1
323930,2
323930,1
182614,1
182616,1
82826,1
9135,2
9135,1
286227,2
286227,1
25819,2
25819,1
154510,2
154510,1
21905,1
105724,2
105724,1
327920,2
327920,1
101021,2
101021,1
81273,2
81273,1
256546,2
256546,1
118793,2
118793,1
256547,2
256547,1
41129,2
41129,1
91367,2
91367,1
88037,2
88037,1
94113,2
94113,1
90148,2
90148,1
95618,2
95618,1
99006,2
99006,1
258280,2
258280,1
118355,1
118356,1
60462,1
223965,2
223965,1
211097,2
211097,1
87123,2
87123,1
223966,2
223966,1
223967,2
223967,1
288737,2
288737,1
171795,2
171795,1
171794,2
171794,1
245154,2
245154,1
207484,2
207484,1
213175,2
213175,1
287164,2
287164,1
177153,2
177153,1
118353,2
118353,1
54463,2
54463,1
117328,2
117328,1
98140,2
98140,1
73372,2
73372,1
252059,2
252059,1
160781,2
160781,1
90556,2
90556,1
41025,1
118629,1
234035,1
19894,2
19894,1
500234,2
500234,1
9420,1
118050,1
94938,1
114146,1
102002,1
74035,1
9429,1
507791,1
507790,1
215762,1
9435,1
9451,1
42475,1
69022,1
108942,2
108942,1
335076,2
335076,1
329854,2
329854,1
292048,2
292048,1
329780,2
329780,1
53075,2
53075,1
9542,2
9542,1
99220,2
99220,1
62695,2
62695,1
9557,2
9557,1
53683,2
53683,1
298444,2
298444,1
60301,2
60301,1
94349,2
94349,1
98325,2
98325,1
99993,2
99993,1
47624,2
47624,1
9566,2
9566,1
9567,2
9567,1
134563,2
134563,1
94947,2
94947,1
137666,2
137666,1
9573,2
9573,1
153266,2
153266,1
87338,2
87338,1
9575,2
9575,1
9576,1
20493,2
20493,1
57904,2
57904,1
98406,2
98406,1
70440,2
70440,1
69056,2
84389,2
84389,1
111506,2
139990,2
139990,1
160782,2
160782,1
298885,2
298885,1
64519,2
64519,1
68803,2
68803,1
76048,2
76048,1
78034,2
160783,2
160783,1
43558,2
43558,1
20982,2
20982,1
9582,2
9582,1
329875,2
329875,1
246044,2
246044,1
292047,2
292047,1
9595,2
9595,1
224022,2
224022,1
61389,2
61389,1
143233,2
143233,1
83497,2
83497,1
92385,2
92385,1
224023,2
224023,1
64616,2
64616,1
50233,2
50233,1
329838,2
329838,1
9625,2
9625,1
74874,2
74874,1
80744,2
80744,1
99002,2
99002,1
82346,2
82346,1
80428,2
80428,1
43236,2
43236,1
356489,2
356489,1
97713,2
97713,1
91249,2
91249,1
319967,2
319967,1
110634,2
110634,1
144323,2
144323,1
9629,2
9629,1
83646,2
83646,1
78755,2
78755,1
137147,2
137147,1
329864,2
329864,1
352129,2
352129,1
138590,2
138590,1
224017,2
224017,1
329868,2
329868,1
224021,2
224021,1
329927,2
329927,1
9584,2
9584,1
78035,2
78035,1
74919,2
74919,1
329865,2
329865,1
92726,2
92726,1
133028,2
133028,1
9704,2
9704,1
77501,2
77501,1
361189,1
9708,2
9708,1
287165,2
287165,1
67748,2
67748,1
297573,2
297573,1
56794,2
56794,1
83655,2
83655,1
101671,1
205673,2
205673,1
93138,2
93138,1
87530,2
87530,1
359897,1
84902,2
84902,1
309836,1
309846,1
319824,1
309851,1
375364,1
309857,1
309859,1
309863,1
363764,1
309847,1
363793,1
363763,1
341351,1
363761,1
312778,1
312780,1
312779,1
363786,1
314157,1
363758,1
360392,1
363766,1
363771,1
302513,1
363757,1
363760,1
286084,1
360393,1
363789,1
363779,1
363759,1
363791,1
363774,1
363787,1
361021,1
363772,1
363767,1
374457,2
374457,1
75993,2
75993,1
153264,2
153264,1
332686,2
332686,1
331050,2
331050,1
135107,2
135107,1
70531,2
70531,1
9872,1
9873,1
324123,1
236023,1
100450,1
383698,1
504569,1
184382,1
332270,1
192607,1
9967,1
63584,1
515238,1
9985,1
224081,2
224081,1
112840,2
112840,1
10023,2
10023,1
317777,2
317777,1
167720,2
167720,1
106153,2
106153,1
10028,2
10028,1
95597,2
95597,1
98316,2
98316,1
10101,2
10101,1
153623,2
153623,1
77549,1
59890,1
255962,2
255962,1
324958,2
324958,1
69040,2
69040,1
194417,2
194417,1
47818,2
47818,1
240085,2
240085,1
91966,2
91966,1
87364,2
87364,1
78015,2
78015,1
352737,2
352737,1
70867,2
70867,1
10108,2
10108,1
105996,1
105995,1
167791,1
57073,1
383384,1
245964,2
245964,1
53447,2
53447,1
222312,2
222312,1
268919,2
268919,1
75842,1
54406,2
54406,1
245370,1
145957,2
145957,1
89178,2
89178,1
134954,1
241241,2
241241,1
174708,2
174708,1
195879,2
195879,1
94540,2
94540,1
52817,2
52817,1
366848,2
366848,1
59805,2
59805,1
146042,2
146042,1
134955,2
134955,1
124381,2
124381,1
239425,2
239425,1
241244,2
241244,1
307744,2
307744,1
237350,2
237350,1
237355,2
237355,1
98807,2
98807,1
193455,1
224159,2
224159,1
254015,2
254015,1
281122,2
281122,1
187420,1
270341,1
21317,1
10477,2
10477,1
308078,2
308078,1
367309,2
367309,1
324214,2
324214,1
367310,2
367310,1
367325,2
367325,1
10488,2
10488,1
10499,2
10499,1
78340,2
78340,1
124775,2
124775,1
10509,2
10509,1
367940,2
367940,1
367308,2
367308,1
10512,1
54843,2
54843,1
281098,1
10531,1
23484,1
138245,1
136551,1
381196,1
288037,1
245959,1
89320,1
61422,2
61422,1
10658,1
177859,1
178924,1
81963,1
155051,1
46578,1
58435,1
257583,1
181749,1
92463,1
109230,1
140607,1
241659,1
324991,1
94778,1
204191,1
370235,1
43335,1
517495,1
97569,1
121414,1
140615,1
181750,1
121925,1
368717,1
140732,1
93009,1
522649,1
209678,1
524788,1
301640,1
303797,1
387470,1
387471,1
196343,1
154297,1
155053,1
47918,1
154295,1
284815,1
54163,1
517496,1
88252,1
154341,1
524728,1
63953,1
334937,1
309047,1
154344,1
154345,1
125426,1
90547,1
325773,1
50740,1
46873,1
346030,1
209680,1
269170,1
155193,1
235046,1
524815,1
125963,1
375159,1
141183,1
76927,1
99540,1
299318,1
178925,1
517491,1
524831,1
83245,1
154347,1
517538,1
318068,1
346029,1
342434,1
67119,1
524349,1
300637,1
254256,1
134763,1
59066,1
214962,1
125964,1
76717,1
184340,1
184341,1
367145,1
70129,1
133753,1
140769,1
63852,1
181747,1
235798,1
217850,1
44407,1
352608,1
325317,1
254258,1
235796,1
272675,1
235799,1
329500,1
69140,1
78323,1
385722,1
195074,1
69141,1
317007,1
78324,1
178926,1
524807,1
254260,1
257584,1
241669,1
62340,1
522500,1
521675,1
284816,1
176163,1
74490,1
269176,1
287510,1
195802,1
118867,1
325807,1
367146,1
58385,1
526484,1
375162,1
278324,1
301643,1
504712,1
272206,1
521967,1
284050,1
62131,1
41990,1
272678,1
272207,1
316224,1
343773,1
342435,1
524521,1
343774,1
517467,1
235041,1
124271,1
270500,1
120020,1
251865,1
333056,1
284814,1
150392,1
284572,1
284618,1
136586,1
334506,1
157486,1
84663,1
515396,1
10694,1
211249,1
42582,1
254016,1
152347,1
198872,1
346084,1
344244,1
143316,1
368379,1
138334,1
284533,1
284562,1
337961,1
284496,1
381518,1
10696,1
517299,1
198040,1
118811,1
77938,1
195069,1
373670,1
375040,1
77939,1
90428,1
57231,1
239932,1
65554,1
198041,1
515146,1
336914,1
184295,1
184294,1
107260,1
343392,1
55829,1
294733,1
343391,1
137294,1
65428,1
105342,1
10702,1
363388,1
312794,1
524818,1
298501,1
511712,1
113354,1
177857,1
250732,1
256371,1
298502,1
10703,1
324336,1
526621,1
386963,1
370015,1
525805,1
10704,1
95584,1
10707,1
139125,1
138523,1
136589,1
46775,1
136588,1
140324,1
140778,1
136587,1
85793,1
10709,1
121926,1
284039,1
528896,1
23721,1
140643,1
125968,1
10711,1
99150,1
159708,1
10713,1
178465,1
154682,1
177638,1
269173,1
176152,1
154680,1
256387,1
106171,1
140651,1
357410,1
517500,1
10721,1
72553,1
250539,1
117431,1
150356,1
41024,1
50247,1
107265,1
61904,1
65432,1
177861,1
269174,1
75578,1
254532,1
45238,1
233360,1
137324,1
10725,1
517539,1
524306,1
524290,1
138295,1
138520,1
130968,1
269164,1
385470,1
227598,1
75881,1
147826,1
150078,1
62148,1
119226,1
256348,1
46874,1
49007,1
533199,1
154360,1
74812,1
60020,1
254017,1
69738,1
73097,1
517497,1
58160,1
62941,1
83444,1
86596,1
51161,1
46057,1
49220,1
254019,1
140668,1
79688,1
105101,1
143317,1
96509,1
59844,1
178466,1
117187,2
117187,1
10727,2
10727,1
117188,2
117188,1
373995,2
373995,1
373996,1
373997,1
21297,2
21297,1
80901,1
209770,1
226123,1
313395,1
64079,1
313426,2
313426,1
332647,1
10734,1
177828,1
77123,1
86740,1
187255,2
187255,1
313399,2
313399,1
10735,1
308671,1
44137,1
218431,1
314114,1
198449,1
232633,1
331472,1
337632,2
337632,1
376026,1
313425,1
24680,1
131472,2
131472,1
57192,2
57192,1
98703,2
98703,1
113528,2
113528,1
92614,2
92614,1
177829,1
77124,2
77124,1
77125,2
77125,1
71336,1
224197,1
224198,2
224198,1
138380,2
138380,1
169622,2
169622,1
84178,2
84178,1
158301,1
368040,1
388121,2
388121,1
377067,2
377067,1
85932,2
85932,1
238787,2
238787,1
379825,2
379825,1
311148,1
375604,2
375604,1
328341,2
328341,1
49607,2
49607,1
108631,1
237270,2
237270,1
124623,2
124623,1
231522,2
231522,1
91065,2
91065,1
211743,2
211743,1
116626,2
116626,1
388122,2
388122,1
50623,2
50623,1
65368,2
65368,1
171023,2
171023,1
224203,2
224203,1
197956,2
197956,1
306356,2
306356,1
67684,2
67684,1
237193,2
237193,1
124642,2
124642,1
224205,2
224205,1
237279,2
237279,1
220430,1
194748,2
194748,1
300966,2
300966,1
255965,2
255965,1
379035,2
379035,1
238791,2
238791,1
206732,2
206732,1
367689,1
105128,2
105128,1
360266,2
360266,1
67469,2
67469,1
147506,1
319063,2
319063,1
228334,1
215094,2
215094,1
332235,1
158962,2
158962,1
191741,1
51494,2
51494,1
25845,2
25845,1
190901,2
190901,1
206733,2
206733,1
307644,1
84629,2
84629,1
56963,2
56963,1
146751,1
269082,2
269082,1
388204,2
388204,1
75668,2
75668,1
104053,2
104053,1
308657,2
308657,1
177846,2
177846,1
146750,1
63411,2
63411,1
254827,1
78516,2
78516,1
104171,1
104274,2
104274,1
54278,2
54278,1
88597,2
88597,1
156001,2
156001,1
518338,1
376077,2
376077,1
315460,2
315460,1
516383,2
516383,1
299501,2
299501,1
379036,2
379036,1
69783,2
69783,1
169623,2
169623,1
231523,2
231523,1
387710,2
387710,1
136977,2
136977,1
306359,2
306359,1
363817,1
57764,2
57764,1
301530,2
301530,1
85931,1
276524,1
224212,2
224212,1
331508,2
331508,1
84903,2
84903,1
331521,2
331521,1
361168,1
346362,1
139148,1
43575,1
346363,1
505728,1
86648,1
520661,1
55555,1
169769,1
81479,1
87271,1
333092,1
338208,1
48760,1
297718,1
505266,1
233673,1
63088,1
55360,1
524646,1
51774,1
122463,1
102558,1
51701,1
67221,1
362105,1
304110,1
304104,1
336058,1
151674,1
295558,1
247680,1
150445,1
70592,1
374793,1
69103,1
179447,1
178311,1
133956,1
57972,1
116263,1
101768,1
113648,1
140266,1
76597,1
180038,1
132541,1
520683,1
43989,2
43989,1
83214,1
66558,1
105308,1
79219,1
70773,1
304105,1
346372,1
132331,1
346376,1
267574,1
85191,1
68404,1
328625,1
48411,1
346377,1
59515,1
103839,1
59516,1
102514,1
45628,1
342982,1
57778,1
86832,1
46442,1
224219,1
69639,1
77745,1
105310,1
105047,1
142366,1
132747,1
87347,1
70630,1
142369,1
134057,1
105048,1
130109,1
87382,1
113253,1
190734,1
87384,1
113254,1
84977,1
132370,1
346382,1
137030,2
137030,1
71073,1
271018,1
515118,1
103253,1
63303,1
133977,1
132372,1
122465,1
133997,1
45855,1
247669,1
134000,1
524647,1
73746,1
42465,1
116268,1
150134,1
50396,1
66641,1
178318,1
520646,1
524650,1
102075,1
524651,1
87386,1
199488,1
71075,1
103492,1
177227,1
63304,1
45527,1
57083,1
122469,1
42895,1
122470,1
103254,1
47730,1
54997,1
43766,1
193272,1
255286,1
82248,1
113259,1
42466,1
76972,1
346397,1
158684,1
85591,1
113260,1
165428,1
102032,1
43797,1
49926,1
342402,1
42833,1
263863,1
84995,1
65522,1
77979,1
338777,1
338782,1
194603,1
53448,1
59421,1
49288,1
121580,1
83029,1
60041,1
224221,1
142373,1
158698,1
72343,1
104762,1
102217,1
55993,1
103416,1
211018,1
60992,1
346399,1
102750,1
218525,1
338735,1
69435,1
171224,1
142375,1
211020,1
347464,1
203173,1
372830,1
138490,1
522155,1
236177,1
73926,1
346415,1
317142,1
83621,1
377903,1
164107,1
49048,1
132562,1
211021,1
136976,1
46760,1
87551,1
165429,2
165429,1
116112,1
279760,1
101805,1
346418,1
346419,1
139178,1
113272,1
224225,1
78627,1
113273,1
72705,1
49064,1
194602,1
211742,2
211742,1
132777,1
132778,1
44425,1
346431,1
346432,1
346356,1
324609,1
72956,1
78702,1
211024,1
190741,1
46367,1
210613,1
61216,1
361172,1
74613,1
140877,1
71369,1
87072,1
343358,1
64318,1
110282,1
113277,1
343124,1
71799,1
113667,1
240417,1
324608,1
518486,1
114668,1
83375,1
378998,1
56027,1
341746,1
226467,1
369763,1
248572,1
524558,1
306021,1
67912,1
369757,1
320187,1
10770,2
10770,1
10774,2
10774,1
86917,2
86917,1
151503,2
151503,1
159705,2
159705,1
202470,1
10779,2
10779,1
49939,1
218236,1
379040,2
379040,1
329139,2
329139,1
10786,2
10786,1
10787,2
10787,1
183982,2
183982,1
103579,2
103579,1
10789,2
10789,1
151502,2
151502,1
62389,2
62389,1
363816,2
363816,1
329142,2
329142,1
139213,2
139213,1
227644,2
227644,1
78835,2
78835,1
210458,2
210458,1
88603,2
88603,1
50195,2
50195,1
111619,1
10792,2
10792,1
128044,1
45652,2
45652,1
81881,2
81881,1
254021,2
254021,1
56983,2
56983,1
71793,2
71793,1
78647,2
78647,1
80946,2
80946,1
135402,1
84784,2
84784,1
10781,2
10781,1
515249,1
63260,2
63260,1
77664,2
77664,1
77665,2
77665,1
515248,1
91630,2
91630,1
331057,2
331057,1
45895,2
45895,1
55898,2
55898,1
136642,2
136642,1
25804,2
25804,1
65624,2
65624,1
118461,2
118461,1
241672,1
205183,1
337962,1
141792,1
111547,1
62784,2
62784,1
86426,2
86426,1
337000,2
337000,1
231986,2
231986,1
361672,2
361672,1
232659,2
232659,1
79489,2
79489,1
70548,2
70548,1
257520,1
329955,2
329955,1
299746,2
299746,1
137099,2
137099,1
382787,2
382787,1
368719,1
152225,1
64677,1
64748,1
11105,1
512568,1
174727,1
234642,1
11110,2
11110,1
211211,1
11166,1
522958,1
247867,1
156662,1
528885,1
528856,1
520520,1
90394,1
11192,1
523020,1
523052,1
25104,1
388863,1
388862,1
386880,1
388865,1
46790,1
49780,2
49780,1
184050,1
304336,1
56394,1
65866,1
63391,1
20942,1
184111,1
11237,1
118191,1
88996,1
24320,2
24320,1
78182,2
78182,1
11295,2
11295,1
370597,1
11304,1
68115,2
68115,1
224289,2
224289,1
113815,1
51020,1
11311,1
75605,1
74329,1
52498,1
64899,1
64900,1
59207,1
44913,1
219622,1
221234,1
224290,2
224290,1
11316,2
11316,1
241851,1
307376,1
11327,1
317525,1
317662,1
368550,1
241673,1
247419,1
202129,1
318062,1
322841,1
326289,1
344248,1
350962,1
317661,1
318330,1
320173,1
198891,1
336530,1
121295,1
112579,1
256988,1
248132,1
119921,1
331593,1
537237,1
159988,1
54429,1
255940,1
83437,1
57250,1
98456,1
202473,1
193555,1
273478,1
61895,1
22130,1
329446,1
219133,1
155868,1
273547,1
524441,1
11750,2
11750,1
329524,2
329524,1
209772,2
209772,1
136552,2
136552,1
11760,2
11760,1
11771,2
11771,1
47791,2
47791,1
53096,2
53096,1
59488,2
59488,1
73419,2
73419,1
11779,2
11779,1
49656,2
49656,1
516779,2
516779,1
516783,2
516783,1
119765,2
119765,1
89265,2
89265,1
168374,1
523069,1
11871,1
333072,1
332448,1
535558,1
11880,1
11881,1
11883,1
11886,1
141243,1
154751,1
523059,1
534868,1
11908,1
524287,1
141235,1
329526,2
329526,1
11980,1
11982,2
11982,1
11983,2
11983,1
314916,2
314916,1
58298,1
11985,1
11988,2
11988,1
62357,2
62357,1
84456,1
234921,1
94432,1
116640,2
116640,1
224406,2
224406,1
47145,2
47145,1
63956,2
63956,1
91896,2
91896,1
41474,2
41474,1
98291,2
98291,1
82816,2
82816,1
49232,2
49232,1
11994,1
11995,1
11996,1
89015,2
89015,1
82815,1
378112,2
378112,1
329527,2
329527,1
329528,2
329528,1
78365,1
522065,1
522063,1
522061,1
12119,1
48369,1
186966,1
138124,1
92573,1
104798,1
182410,1
116685,1
70890,1
369993,1
219135,1
106203,1
12217,1
39100,1
521260,1
329544,1
12342,1
239764,1
240067,1
240066,1
238341,1
84088,1
12545,2
12545,1
120477,2
120477,1
120478,2
120478,1
41475,2
41475,1
120481,2
120481,1
21291,1
43413,1
174726,1
386591,1
515350,1
12627,2
12627,1
75199,1
91771,2
91771,1
329557,2
329557,1
79251,2
79251,1
224509,2
224509,1
55593,2
55593,1
224513,2
224513,1
12659,2
12659,1
12631,2
12631,1
28098,2
28098,1
12668,2
12668,1
12670,2
12670,1
94765,2
94765,1
386882,1
126599,1
500040,1
386883,1
12672,1
389093,1
304371,1
12684,1
200018,1
151076,1
334862,1
91178,2
91178,1
94527,2
94527,1
211312,2
211312,1
224529,2
224529,1
12791,2
12791,1
25404,2
25404,1
12797,2
12797,1
12799,2
12799,1
12800,2
12800,1
100518,2
100518,1
45056,2
45056,1
329784,2
329784,1
12804,2
12804,1
329786,2
329786,1
98113,2
98113,1
78651,2
78651,1
533985,2
533985,1
132239,2
132239,1
87677,2
87677,1
103988,2
103988,1
12811,2
12811,1
353403,1
351503,1
369395,1
329798,2
329798,1
12813,2
12813,1
297180,2
297180,1
99292,2
99292,1
272851,2
272851,1
91374,2
91374,1
377215,2
377215,1
375001,2
375001,1
278325,2
278325,1
269025,2
269025,1
505069,2
505069,1
349927,2
349927,1
94829,1
210906,2
210906,1
47146,2
47146,1
334836,2
334836,1
369394,2
369394,1
320144,2
320144,1
257506,2
257506,1
253774,2
253774,1
323355,2
323355,1
50944,2
50944,1
331600,2
331600,1
20904,1
64843,1
60193,1
48955,1
115982,1
79229,1
332100,1
20915,1
153988,1
99875,2
99875,1
66614,2
66614,1
90634,2
90634,1
67970,1
131258,2
131258,1
140956,2
140956,1
108681,2
108681,1
90592,2
90592,1
348240,2
348240,1
116034,2
116034,1
319969,1
47324,2
47324,1
314738,1
108670,1
363128,1
217791,2
217791,1
367148,2
367148,1
224537,2
224537,1
59793,2
59793,1
142049,2
142049,1
329993,2
329993,1
329994,2
329994,1
85797,2
85797,1
103766,2
103766,1
90319,2
90319,1
136403,2
136403,1
42634,1
66446,2
66446,1
96049,1
84378,1
174707,1
70734,1
95172,1
12994,1
224545,1
196453,1
124101,1
142867,1
96210,1
224546,1
12995,1
175400,1
128954,1
12996,1
99424,1
78587,1
23708,1
13000,1
41805,1
90119,1
162461,1
165971,1
81515,1
331610,1
64958,1
81516,1
93623,1
96221,1
117190,1
82424,1
191109,1
76144,1
68304,1
89974,1
252862,1
49550,1
92004,1
13004,1
275489,1
52300,1
66346,1
68237,1
31923,1
95484,1
77818,1
224547,1
96510,1
53120,1
68477,1
93632,1
87748,1
25151,1
55310,1
320616,1
107249,1
105437,1
13019,2
13019,1
142650,2
142650,1
184006,2
184006,1
147799,2
147799,1
353020,2
353020,1
43808,2
43808,1
375549,2
375549,1
72388,2
72388,1
55340,2
55340,1
13072,2
13072,1
83200,2
83200,1
66166,2
66166,1
13076,2
13076,1
75432,2
75432,1
62395,2
62395,1
220549,2
220549,1
326314,2
326314,1
103474,2
103474,1
80710,2
80710,1
227712,2
227712,1
326315,2
326315,1
298437,2
298437,1
326316,2
326316,1
207307,2
207307,1
253666,2
253666,1
385696,2
385696,1
78795,2
78795,1
344281,2
344281,1
61003,2
61003,1
385700,2
385700,1
79939,2
79939,1
226143,2
226143,1
109209,2
109209,1
98403,2
98403,1
49154,2
49154,1
43957,2
43957,1
238719,2
238719,1
515495,2
515495,1
142736,2
142736,1
76778,2
76778,1
48800,2
48800,1
168050,2
168050,1
57022,2
57022,1
46617,2
46617,1
66912,2
66912,1
71624,2
71624,1
334841,2
334841,1
238722,2
238722,1
63382,2
63382,1
361088,2
361088,1
224567,2
224567,1
253669,2
253669,1
327552,2
327552,1
97278,2
97278,1
150796,2
150796,1
19718,1
202348,1
271627,1
167713,1
98343,1
54124,1
102364,1
202346,1
270177,1
270178,1
13186,1
13187,1
13188,1
13191,1
94908,1
140567,1
218432,1
218471,1
140573,1
140575,1
13195,1
122327,1
13202,1
77208,1
272769,1
134268,1
220210,1
13201,1
75059,1
246352,1
45314,1
124409,1
235505,1
51277,2
51277,1
68494,1
241419,1
367797,1
75374,1
46330,1
53823,1
153941,1
77301,1
71308,1
59953,1
84756,1
221604,1
140577,1
13205,1
61258,1
92045,1
134267,1
251120,2
251120,1
44434,1
13234,1
516937,1
48343,1
82050,1
94126,1
82066,1
113758,1
113759,1
170977,1
305825,1
205684,1
192758,2
192758,1
152072,2
152072,1
74252,1
170978,2
170978,1
254047,1
224574,1
249136,1
335100,1
13355,1
184316,2
184316,1
13357,1
13360,1
179764,1
74841,2
74841,1
167187,2
167187,1
251287,1
297742,1
254049,2
254049,1
54702,1
224578,1
58147,1
167190,1
127460,1
283859,1
13499,1
331864,2
331864,1
94236,2
94236,1
53018,2
53018,1
58464,2
58464,1
13534,1
385280,1
237715,1
237714,1
187949,1
173333,2
173333,1
241856,1
254544,1
77355,1
43183,1
206313,1
13927,1
256641,1
334843,1
334845,1
302082,1
53972,1
23349,1
84127,2
84127,1
372592,2
372592,1
205676,2
205676,1
324399,1
103637,2
103637,1
328363,1
172406,1
96370,1
57783,2
57783,1
323236,2
323236,1
25767,1
162439,1
361598,2
361598,1
322913,2
322913,1
86801,2
86801,1
90697,2
90697,1
25768,1
301907,1
94450,2
94450,1
322909,2
322909,1
168801,1
64496,2
64496,1
226508,2
226508,1
245376,1
171109,1
377032,1
25786,2
25786,1
334001,2
334001,1
76220,2
76220,1
99409,2
99409,1
66852,2
66852,1
237299,2
237299,1
95899,2
95899,1
44879,2
44879,1
58875,2
58875,1
60277,2
60277,1
89980,2
89980,1
92498,2
92498,1
332693,2
332693,1
64401,2
64401,1
93588,2
93588,1
89234,2
89234,1
67715,2
67715,1
105618,1
64223,2
64223,1
309116,2
309116,1
258153,1
66900,2
66900,1
77727,2
77727,1
62797,2
62797,1
369409,1
328390,1
86753,1
151372,2
151372,1
160700,2
160700,1
13949,1
336267,1
51279,1
334930,1
62523,1
131851,1
60608,2
60608,1
111294,1
160703,2
160703,1
323239,1
246431,2
246431,1
299171,1
63464,1
163408,1
50948,1
163407,1
281065,1
385266,2
385266,1
70917,1
85972,2
85972,1
13964,1
218949,1
62524,1
196454,1
129066,1
21482,2
21482,1
318137,2
318137,1
13972,1
111742,2
111742,1
200787,2
200787,1
70925,2
70925,1
179814,2
179814,1
58396,1
109282,2
109282,1
87048,1
57371,2
57371,1
534230,2
534230,1
534203,2
534203,1
534460,2
534460,1
534893,2
534893,1
42827,2
42827,1
94561,2
94561,1
198466,2
198466,1
103122,2
103122,1
151445,2
151445,1
57808,2
57808,1
331787,2
331787,1
67538,2
67538,1
14006,1
25783,1
55101,1
275153,1
84190,1
83032,1
107592,1
325249,2
325249,1
57938,1
334059,1
117483,2
117483,1
331780,2
331780,1
378445,2
378445,1
69180,2
69180,1
85052,2
85052,1
378446,2
378446,1
49864,2
49864,1
323021,2
323021,1
76571,2
76571,1
156648,1
269018,1
331788,2
331788,1
331773,1
224732,2
224732,1
332156,2
332156,1
333425,2
333425,1
208575,1
87684,2
87684,1
14031,2
14031,1
151402,2
151402,1
66260,2
66260,1
61819,2
61819,1
151360,2
151360,1
14034,2
14034,1
331728,2
331728,1
256254,2
256254,1
14026,1
331725,2
331725,1
331735,1
331727,2
331727,1
331719,2
331719,1
331720,2
331720,1
323023,1
331732,2
331732,1
75793,2
75793,1
84314,1
132288,1
64642,2
64642,1
132844,1
75304,1
47608,2
47608,1
48331,2
48331,1
211793,2
211793,1
246427,1
331772,2
331772,1
311376,1
13971,2
13971,1
96005,2
96005,1
237913,1
237916,2
237916,1
237918,1
237919,1
323036,2
323036,1
66396,2
66396,1
14040,1
104687,1
25784,1
94841,2
94841,1
331781,2
331781,1
337010,2
337010,1
94024,2
94024,1
96579,2
96579,1
120506,2
120506,1
44404,2
44404,1
82253,2
82253,1
90730,2
90730,1
57291,2
57291,1
88612,2
88612,1
118821,2
118821,1
160724,1
85695,1
334858,1
343725,1
80679,1
46035,1
63239,1
24753,1
14077,1
24129,1
325012,1
335103,2
335103,1
45283,2
45283,1
267570,1
133756,1
81174,1
21375,1
87389,1
524138,1
14189,1
150406,1
143144,2
143144,1
150323,1
67011,2
67011,1
14195,1
97931,1
120958,2
120958,1
120960,2
120960,1
165982,2
165982,1
42617,2
42617,1
66901,2
66901,1
320087,2
320087,1
70048,2
70048,1
286940,2
286940,1
224755,2
224755,1
54331,2
54331,1
80987,2
80987,1
79022,2
79022,1
23529,1
324391,2
324391,1
73598,1
14212,2
14212,1
63757,2
63757,1
88609,1
44314,1
57099,1
58489,1
84654,1
75640,1
44925,1
64799,1
229846,1
61467,1
48288,1
51013,1
42936,1
71483,1
132021,1
60629,1
54649,1
75242,1
50486,1
65237,1
43209,1
50151,1
84152,1
132072,1
57280,1
360399,1
74331,1
247681,1
230984,1
344466,1
171636,1
375612,1
63354,1
75488,1
171244,1
60148,1
71154,1
57162,1
79866,1
85419,1
49097,1
332294,1
307115,1
226319,1
216808,2
216808,1
80716,2
80716,1
305581,2
305581,1
378083,1
144029,1
151505,2
151505,1
151499,2
151499,1
194750,2
194750,1
56864,1
58610,1
117484,1
162354,1
160790,1
151515,2
151515,1
133910,1
111333,2
111333,1
105397,1
46287,2
46287,1
98749,2
98749,1
121125,1
306893,1
137520,1
14277,2
14277,1
163223,1
14404,1
341696,1
198049,1
334509,1
14452,2
14452,1
317670,1
208183,1
14464,1
62762,1
198469,1
254422,1
69406,1
522921,1
106229,1
98435,1
66272,1
66140,1
14867,1
110258,1
99391,1
60795,1
83331,1
110237,1
79394,1
138502,1
100606,1
80964,1
96299,1
25848,1
46558,1
131071,1
254051,1
45981,1
97773,1
65544,1
72937,1
153053,1
103753,1
82917,1
95610,1
47213,1
108256,1
81877,1
91911,1
58683,1
101773,1
56997,1
99304,1
92754,1
94156,1
52081,1
33954,1
91155,1
42425,1
138865,1
71930,1
94238,1
91138,2
91138,1
92442,1
90124,1
89485,1
142468,1
68686,1
43270,1
99083,1
72549,1
54182,1
287188,1
84323,1
66928,1
119810,1
382158,1
374758,1
224926,1
50014,1
153928,1
43146,1
100030,1
92031,1
153898,1
101347,1
61579,1
45274,1
57172,1
91149,1
46116,1
90371,1
89571,1
75618,1
43475,1
316228,1
97409,1
135531,1
45284,1
254755,1
80033,1
328395,1
67121,1
350667,1
350669,1
275722,1
315774,1
68134,1
91309,1
326215,1
75580,1
180265,1
95754,1
90438,1
83103,1
273262,1
94646,1
96351,1
55108,2
55108,1
94499,1
49213,1
107667,1
81213,1
85950,2
85950,1
81388,1
524603,1
70485,1
203462,1
44697,1
131076,1
91867,1
62829,1
78016,1
94335,1
51936,1
84998,1
77496,1
86684,1
55738,1
184399,1
87525,1
70686,1
166369,1
52790,1
99978,1
33992,1
159795,1
72227,1
290741,1
82529,1
174093,1
49006,1
74405,1
174072,1
98975,1
71068,1
86935,1
84526,1
62472,1
346032,1
65526,1
88990,1
75473,1
116978,1
104767,1
75826,1
75790,1
107156,1
323585,1
82790,1
70102,1
48268,1
92835,1
119847,1
68867,1
74182,1
48220,1
94400,1
170511,1
48221,1
93402,1
85687,1
15457,1
254758,1
537147,1
243609,1
89798,1
56678,1
254263,1
63199,1
92109,1
95040,1
524556,1
97694,1
43977,1
217720,1
48563,1
280189,1
95430,2
95430,1
220639,1
93076,1
96601,1
138911,1
54806,1
177049,1
81616,1
90216,1
230985,1
62089,1
86447,1
105155,1
97012,1
63019,1
117694,1
48480,1
151344,1
95173,1
98613,1
110524,1
90113,1
379184,1
45216,1
174076,1
62305,1
89606,1
92458,1
323584,1
14806,1
98855,1
49957,1
93899,1
86872,1
91191,1
55723,1
92448,1
94145,1
45696,1
119890,1
374498,1
524841,1
44451,2
44451,1
65136,1
524602,1
56224,1
89303,1
70604,1
97129,1
90649,1
228003,1
51444,1
299556,1
97976,1
152863,1
60905,1
82301,1
174055,1
151989,1
94809,1
119809,1
321290,1
119811,1
151939,1
90652,1
22056,1
71239,1
119838,1
94103,1
85810,1
153410,1
95575,1
81919,1
97947,1
51868,1
91933,1
20732,1
99716,1
90271,1
97863,1
95798,1
119846,1
83650,1
71109,1
99673,1
130402,1
119651,1
48113,1
78468,1
78053,1
49648,1
119891,1
119892,1
106987,1
70198,1
343777,1
92675,1
328396,1
234511,1
93781,1
73412,1
94310,1
196879,1
90223,1
323598,1
321402,1
97919,1
315775,1
90188,1
89755,1
96304,1
368385,1
90398,1
306900,1
322335,1
14885,1
331920,1
84438,1
97516,1
14924,1
14927,1
132802,1
14944,1
199000,1
100418,1
14990,1
363153,1
15001,1
100435,1
322371,2
322371,1
322372,1
171329,1
322373,1
181917,1
351455,1
265708,2
265708,1
15134,2
15134,1
100683,1
138889,1
234969,1
95180,1
15193,1
15203,2
89956,1
80229,1
76662,1
89482,1
100715,1
15249,1
15263,1
56149,1
81175,1
20921,2
20921,1
107007,1
15295,1
15298,1
95018,1
524681,1
15330,1
331817,1
53637,1
15348,1
151779,1
15357,1
15368,1
96623,1
15369,1
368384,1
180614,1
81454,1
324892,1
329365,1
162491,1
15432,1
15437,1
95917,1
15439,1
90882,1
118282,1
239382,1
15445,1
15455,1
329275,1
324924,1
201939,1
15467,1
100798,1
23688,1
108893,1
15523,1
191257,1
100819,1
15533,1
100610,2
100610,1
96628,1
15549,1
15557,1
15562,1
21493,1
89788,1
93426,1
94894,1
15576,1
90404,2
90404,1
15654,1
55023,1
15669,1
15670,1
156024,1
15683,1
125281,1
15685,1
15699,1
233022,1
46803,1
41335,1
15775,1
85585,1
126734,1
15792,1
15799,1
251888,1
241550,1
170662,1
212333,1
15401,1
93380,1
211045,1
15805,1
94373,2
94373,1
523500,1
15199,1
138863,1
225007,1
130386,1
322632,2
322632,1
152798,2
152798,1
81455,2
81455,1
42731,2
42731,1
160892,2
44778,1
19610,1
15838,1
20902,2
20902,1
211111,2
211111,1
105810,2
105810,1
104389,2
104389,1
237275,2
237275,1
251727,2
251727,1
263253,2
263253,1
211112,2
211112,1
15839,2
15839,1
226553,2
226553,1
15840,1
15870,1
52123,1
152525,1
227604,2
227604,1
115920,2
115920,1
91229,1
500134,1
220718,1
53307,2
53307,1
84791,2
84791,1
192880,2
192880,1
192882,2
192882,1
99172,2
99172,1
163411,2
163411,1
45937,2
45937,1
227316,2
227316,1
251121,1
117962,2
117962,1
88640,2
88640,1
255971,2
255971,1
63283,2
63283,1
66658,1
16014,1
304644,1
329175,1
51425,1
16177,2
16177,1
525295,2
525295,1
94401,2
94401,1
16178,2
16178,1
16180,2
16180,1
137018,1
42257,1
355211,1
22605,1
204023,1
74998,2
74998,1
99454,2
99454,1
225327,2
225327,1
81411,2
81411,1
53577,2
53577,1
324230,2
324230,1
73413,2
73413,1
48301,2
48301,1
171114,2
171114,1
151003,2
151003,1
178074,2
178074,1
330687,2
330687,1
324256,2
324256,1
148267,2
148267,1
16236,2
16236,1
374036,2
374036,1
96687,2
96687,1
98433,2
98433,1
226240,2
226240,1
239633,2
239633,1
134884,2
134884,1
95487,2
95487,1
16247,1
16252,2
16252,1
69569,2
69569,1
48840,2
48840,1
87665,2
87665,1
66597,2
66597,1
191351,2
191351,1
16257,2
16257,1
45196,2
45196,1
16258,2
16258,1
16259,2
16259,1
239635,2
239635,1
16264,2
16264,1
73043,2
73043,1
221178,2
221178,1
16267,2
16267,1
330685,2
330685,1
99720,2
99720,1
148273,2
148273,1
225338,2
225338,1
129948,2
129948,1
324196,2
324196,1
50030,2
50030,1
49803,2
49803,1
95836,2
95836,1
97778,2
97778,1
78399,2
78399,1
148278,2
148278,1
72648,2
72648,1
244596,2
244596,1
16289,2
16289,1
16290,2
16290,1
49117,2
49117,1
324241,2
324241,1
324237,2
324237,1
61047,2
61047,1
155942,2
155942,1
40653,2
40653,1
81798,2
81798,1
351041,2
351041,1
16391,2
16391,1
50844,2
50844,1
72162,2
72162,1
328016,2
328016,1
196308,2
196308,1
225360,2
225360,1
113986,2
113986,1
49337,2
49337,1
352905,2
352905,1
135880,2
135880,1
368089,2
368089,1
50846,2
50846,1
120270,2
120270,1
333374,2
333374,1
139890,2
139890,1
86834,2
86834,1
324184,2
324184,1
304560,2
304560,1
63760,1
95845,1
370002,2
370002,1
370003,2
370003,1
277982,1
344123,1
93624,1
277983,1
170066,1
16795,1
58935,1
51882,1
325460,1
382343,1
367555,1
367556,1
16815,2
16815,1
279504,1
508275,1
504245,1
315261,1
155330,1
110847,2
110847,1
98672,2
98672,1
16816,2
16816,1
354661,1
104928,1
67854,1
379157,2
83033,1
77357,1
76096,2
76096,1
335187,1
17376,1
153900,2
153900,1
178286,2
178286,1
300058,2
300058,1
149972,2
149972,1
43752,2
43752,1
351644,2
351644,1
252271,2
252271,1
327126,2
327126,1
60945,2
60945,1
247898,2
247898,1
76359,2
76359,1
93427,2
93427,1
164816,2
164816,1
209455,2
209455,1
54402,2
54402,1
369516,2
369516,1
265786,2
265786,1
341913,2
341913,1
92892,2
92892,1
130312,2
130312,1
324604,2
324604,1
364300,2
364300,1
296809,2
296809,1
94155,1
94665,2
94665,1
100243,2
100243,1
296810,2
296810,1
327259,2
327259,1
369446,2
369446,1
344301,2
344301,1
336584,2
336584,1
171041,1
252877,2
252877,1
94994,2
94994,1
17408,2
17408,1
87490,2
87490,1
17411,1
322887,1
120175,2
120175,1
85295,2
85295,1
17400,2
17400,1
130503,2
130503,1
70283,1
124397,2
124397,1
125089,2
125089,1
233234,1
17504,1
53347,1
330022,2
330022,1
220720,2
220720,1
332389,2
332389,1
271387,1
17510,1
131465,1
17512,1
330021,1
20500,1
17516,2
17516,1
323357,2
323357,1
78925,2
78925,1
334900,2
334900,1
171400,2
171400,1
272679,2
272679,1
152802,2
152802,1
61717,2
61717,1
25811,2
25811,1
252161,2
252161,1
369615,2
369615,1
60024,2
60024,1
111503,2
111503,1
210934,2
210934,1
99266,2
99266,1
48634,2
48634,1
150218,2
150218,1
132494,2
132494,1
118425,2
118425,1
212612,2
212612,1
518737,2
518737,1
24215,2
24215,1
171403,2
171403,1
17538,2
17538,1
332263,2
332263,1
229661,2
229661,1
46923,2
46923,1
87400,2
87400,1
89018,2
89018,1
195874,2
195874,1
256262,2
256262,1
209817,2
209817,1
90645,2
90645,1
93183,2
93183,1
69955,2
69955,1
324057,2
324057,1
171466,2
171466,1
171465,2
171465,1
171410,2
171410,1
238578,2
238578,1
369448,2
369448,1
380648,2
380648,1
238573,2
238573,1
17545,2
17545,1
109626,2
109626,1
17546,2
17546,1
125204,2
125204,1
89255,2
89255,1
171469,2
171469,1
238526,2
238526,1
53789,2
53789,1
17558,2
17558,1
238575,2
238575,1
88678,2
88678,1
43259,2
43259,1
25884,2
25884,1
238571,2
238571,1
88675,2
88675,1
176886,1
241783,2
241783,1
164163,2
164163,1
93324,2
93324,1
97026,2
97026,1
256265,2
256265,1
17562,2
17562,1
121065,2
121065,1
62378,2
62378,1
332073,2
332073,1
95316,2
95316,1
324041,2
324041,1
113710,2
113710,1
17568,2
17568,1
24222,2
24222,1
21695,2
21695,1
17572,2
17572,1
17576,2
17576,1
103470,2
103470,1
114658,2
114658,1
24217,2
24217,1
17587,2
17587,1
184438,2
184438,1
332062,2
332062,1
17590,2
17590,1
17591,2
17591,1
238631,2
238631,1
244507,2
244507,1
17594,2
17594,1
17596,2
17596,1
239780,2
239780,1
271694,2
271694,1
332360,2
332360,1
24218,2
24218,1
212613,2
212613,1
24219,2
24219,1
17608,2
17608,1
334902,2
334902,1
25365,2
25365,1
225640,2
225640,1
103934,2
103934,1
97559,2
97559,1
86756,1
93388,2
93388,1
322241,2
322241,1
86922,2
86922,1
323960,2
323960,1
325812,2
325812,1
22834,2
22834,1
48082,2
48082,1
57438,2
57438,1
176024,2
176024,1
43495,2
43495,1
112321,2
112321,1
76395,2
76395,1
17724,1
149372,1
226158,1
258568,1
85941,1
175276,1
141112,1
17752,2
17752,1
524885,2
524885,1
226160,1
17753,2
17753,1
17754,1
17784,1
141791,1
63460,1
17792,1
137297,1
197945,1
21550,2
21550,1
153654,2
153654,1
152895,2
152895,1
22241,1
306832,1
82161,1
17807,1
115143,1
112539,1
136264,1
112838,1
353066,1
382902,1
198062,1
350972,1
315995,1
17863,1
323215,2
323215,1
328104,2
328104,1
378522,1
17873,1
90622,2
90622,1
328084,2
328084,1
291677,2
291677,1
73030,2
73030,1
51263,2
51263,1
374325,1
351253,2
351253,1
271699,1
113702,2
113702,1
113705,2
113705,1
65545,2
65545,1
253340,2
253340,1
309553,2
309553,1
357865,2
357865,1
343779,2
343779,1
343780,2
343780,1
329056,2
329056,1
62925,2
62925,1
197776,2
197776,1
72424,2
72424,1
119028,2
119028,1
202850,2
202850,1
89543,2
89543,1
91384,2
91384,1
69044,2
69044,1
51366,2
51366,1
70202,2
70202,1
165064,2
165064,1
17925,2
17925,1
264468,1
254059,2
254059,1
119022,2
119022,1
119023,2
119023,1
17927,2
17927,1
272629,2
272629,1
184117,2
184117,1
279360,2
279360,1
323729,2
323729,1
17930,2
17930,1
99011,2
99011,1
358919,2
358919,1
46264,1
323701,2
323701,1
58779,2
58779,1
45481,2
45481,1
304379,2
304379,1
99884,2
99884,1
323720,2
323720,1
326260,2
326260,1
95595,1
192893,2
192893,1
96089,2
96089,1
118435,2
118435,1
373956,2
373956,1
255320,2
255320,1
118437,2
118437,1
89771,2
89771,1
47942,2
47942,1
99353,2
99353,1
93497,2
93497,1
99842,2
99842,1
92027,1
179565,2
179565,1
357417,2
357417,1
90062,2
90062,1
60621,2
60621,1
95108,1
225689,1
93233,1
138510,2
138510,1
334940,2
334940,1
56003,2
56003,1
118443,2
118443,1
85422,2
85422,1
21292,2
21292,1
95080,2
95080,1
97984,2
97984,1
322914,2
322914,1
67828,2
67828,1
152892,2
152892,1
50436,2
50436,1
344304,2
344304,1
161482,2
161482,1
323106,2
323106,1
161481,2
161481,1
56738,2
56738,1
323108,2
323108,1
256191,2
256191,1
61673,2
61673,1
329041,2
329041,1
47174,2
47174,1
47175,2
47175,1
105035,2
105035,1
58409,2
58409,1
43217,2
43217,1
19293,1
322006,1
322007,1
81157,2
81157,1
271705,2
271705,1
72516,2
72516,1
99023,2
99023,1
109716,2
109716,1
111785,2
111785,1
140424,2
140424,1
91406,2
91406,1
72228,2
125090,2
125090,1
18005,2
18005,1
144184,2
144184,1
331757,2
331757,1
117279,2
117279,1
518671,2
518671,1
58398,1
24115,1
161506,1
18046,1
344118,1
323472,1
300604,1
106272,1
121249,1
25230,1
18106,1
331893,2
331893,1
374009,1
331891,2
331891,1
181625,2
181625,1
68725,2
68725,1
241059,2
241059,1
331762,2
331762,1
225704,2
225704,1
83755,2
83755,1
220110,1
320226,2
320226,1
91497,2
91497,1
75683,2
75683,1
53371,2
53371,1
18154,2
18154,1
44836,1
220111,1
346406,1
20376,2
20376,1
98005,1
161917,1
357130,1
357131,1
154892,1
138610,1
281830,1
524425,1
515385,1
83023,2
83023,1
323508,1
161623,1
323507,1
271456,1
271458,1
271497,1
271500,1
271502,1
271519,1
271513,1
271489,1
331927,2
331927,1
80973,2
80973,1
45399,1
54156,1
308703,1
18575,2
18575,1
85508,2
85508,1
66359,2
66359,1
99745,2
99745,1
323249,2
323249,1
113709,2
113709,1
118840,2
118840,1
131918,2
131918,1
53124,2
53124,1
345488,2
345488,1
193085,2
193085,1
51663,2
51663,1
231112,1
295272,1
231114,1
231113,1
216493,1
287114,1
258501,1
216491,1
231119,1
286824,1
360695,1
275111,1
216497,1
18645,1
251901,1
72481,1
231118,1
324666,1
82189,1
109409,1
131841,1
160233,1
292621,1
131842,1
110296,1
83229,1
64215,1
292622,1
115588,1
267047,1
292937,1
74672,1
107850,1
239712,1
511134,1
18670,1
18672,1
216496,1
41533,1
15186,1
18683,1
42144,2
42144,1
323272,1
49208,2
49208,1
18694,2
18694,1
161755,1
18699,1
18701,2
18701,1
18704,1
18707,1
30707,2
30707,1
86731,2
86731,1
332209,1
18720,1
18734,2
18734,1
323277,1
96895,2
96895,1
180779,2
180779,1
225815,2
225815,1
225816,2
225816,1
300334,2
300334,1
315807,2
315807,1
89221,2
89221,1
332213,2
332213,1
219267,1
170085,1
500104,1
41446,1
18886,2
18886,1
89716,2
89716,1
18889,2
18889,1
18890,1
218441,1
20901,1
18892,2
18892,1
100355,1
100354,1
74890,1
18899,2
18899,1
89643,1
95380,1
166039,2
166039,1
18904,1
41461,2
41461,1
22606,1
100999,1
121204,1
18912,2
18912,1
63049,2
63049,1
321531,2
321531,1
250366,1
18915,2
18915,1
41469,2
41469,1
506613,1
89609,2
89609,1
171197,1
166284,1
41473,1
500275,1
344121,1
115921,1
194433,1
346015,1
18919,2
18919,1
60569,2
60569,1
89417,1
89418,2
89418,1
45677,2
45677,1
41482,1
89969,1
93368,2
93368,1
18922,2
18922,1
213852,2
213852,1
232561,2
232561,1
213842,2
213842,1
254552,2
254552,1
213844,2
213844,1
353385,2
353385,1
233357,2
233357,1
92212,2
92212,1
225818,2
225818,1
213845,2
213845,1
76852,2
76852,1
213846,2
213846,1
213847,2
213847,1
69137,2
69137,1
98611,2
98611,1
41485,2
41485,1
249279,2
249279,1
286937,2
286937,1
225820,2
225820,1
211237,2
211237,1
222317,2
222317,1
60590,2
60590,1
49764,2
49764,1
326866,2
326866,1
274974,2
274974,1
270525,2
270525,1
96350,2
96350,1
90326,2
90326,1
252011,2
252011,1
59110,2
59110,1
347328,2
347328,1
258919,2
258919,1
41490,2
41490,1
325261,2
325261,1
94896,2
94896,1
76853,2
76853,1
73825,2
73825,1
324524,2
324524,1
170457,2
170457,1
324170,2
324170,1
237273,2
237273,1
358667,2
358667,1
347327,2
347327,1
329960,2
329960,1
18923,2
18923,1
18925,2
18925,1
18926,2
18926,1
18929,2
18929,1
18936,2
18936,1
166041,1
91000,2
91000,1
70552,2
70552,1
60701,2
60701,1
41496,2
41496,1
67829,2
67829,1
79525,2
79525,1
18950,1
96126,2
96126,1
98856,2
98856,1
349888,2
349888,1
91825,2
91825,1
92200,1
302763,2
302763,1
339539,1
75085,1
94339,1
117136,1
41500,2
41500,1
90551,1
152841,1
60958,2
60958,1
380578,1
41504,2
41504,1
153171,2
153171,1
18952,2
18952,1
18956,2
18956,1
92788,2
92788,1
96182,2
96182,1
99308,2
99308,1
91214,1
91671,1
99144,1
91378,2
91378,1
89766,2
89766,1
89767,2
89767,1
332404,1
108045,1
332405,1
343419,1
19027,1
19030,1
75957,1
91668,2
91668,1
124102,2
124102,1
97890,2
97890,1
93517,2
93517,1
225840,2
225840,1
61915,2
61915,1
86744,2
86744,1
82848,2
82848,1
65568,2
65568,1
83486,2
83486,1
331119,2
331119,1
370009,2
370009,1
368050,2
368050,1
338107,2
338107,1
124103,2
124103,1
343379,2
343379,1
77235,2
77235,1
19088,2
19088,1
374007,2
374007,1
19091,2
19091,1
75532,2
75532,1
91392,2
91392,1
19093,2
19093,1
54864,2
54864,1
128254,2
128254,1
19098,1
329016,2
329016,1
106281,1
19103,1
258471,1
155312,1
112134,1
127191,1
127190,1
127187,1
155314,1
230012,1
104722,1
155302,1
21014,1
319835,1
134611,1
211784,1
237663,1
140091,1
140092,1
145008,1
132191,1
363931,1
329617,1
19123,1
75759,1
134773,1
166434,1
329634,1
50931,1
316889,1
201432,1
56228,1
226514,1
115591,1
118843,1
155308,1
165857,1
227654,1
316968,1
103434,1
318348,1
363930,1
66833,1
118845,1
72353,1
104543,1
155350,1
99665,1
134613,1
99666,1
336601,1
45069,1
317679,1
82824,1
50969,1
117508,1
80113,1
155377,1
155336,1
117511,1
59365,1
329637,1
259625,1
231105,1
80404,1
117488,1
370288,1
356884,1
117509,1
127188,1
364624,1
356885,1
138197,1
372711,1
155307,1
63064,1
375466,1
94290,1
116216,1
142507,1
375472,1
175584,1
19125,1
375471,1
267551,1
267552,1
134616,1
88984,1
329855,1
60670,1
329853,1
45254,1
19126,1
117514,1
65887,1
319840,1
332168,1
114148,1
66931,1
243187,1
155303,1
134619,1
134621,1
155435,1
43419,1
75147,1
84032,1
139262,1
375474,1
375061,1
356886,1
155313,1
356834,1
43943,1
249281,1
115592,1
43944,1
329851,1
103019,1
102735,1
155376,1
127189,1
81934,1
102077,1
363933,1
102076,1
258472,1
117513,1
118564,1
155310,1
76878,1
82068,1
356835,1
363932,1
356882,1
375221,1
356880,1
19138,1
43364,2
43364,1
245484,1
19160,1
19161,1
44108,1
231104,1
47865,1
125870,1
19164,2
19164,1
44109,2
44109,1
168496,2
168496,1
213735,2
213735,1
114316,2
114316,1
89304,2
89304,1
65726,2
65726,1
114317,2
114317,1
68112,2
68112,1
19168,2
19168,1
42710,2
42710,1
114318,2
114318,1
65193,2
65193,1
305406,2
305406,1
274607,2
274607,1
19171,2
19171,1
115542,1
258347,1
329114,1
329109,1
372802,1
329938,1
80955,1
19196,1
121583,1
88697,1
299757,1
55294,1
179828,1
168329,1
149361,1
279263,1
170974,1
50912,1
84105,1
52900,1
108633,1
212907,1
85089,2
85089,1
20708,2
20708,1
93907,2
93907,1
273107,2
273107,1
223146,2
223146,1
93908,2
93908,1
57673,2
57673,1
75852,2
75852,1
5048,2
5048,1
66934,2
66934,1
63566,2
63566,1
71105,2
71105,1
93844,2
93844,1
190606,2
190606,1
283686,2
283686,1
283690,2
283690,1
301544,2
301544,1
283728,2
283728,1
283737,2
283737,1
522256,2
522256,1
283743,2
283743,1
283747,2
283747,1
301545,2
301545,1
283756,2
283756,1
51972,1
67002,1
115567,1
264520,1
70895,1
84175,1
79636,1
333040,1
283672,1
321517,2
321517,1
44038,2
44038,1
305582,2
305582,1
372367,1
507783,1
372376,1
372388,1
372391,1
372369,1
372380,1
529196,1
372374,1
504552,1
240995,1
77221,2
77221,1
90187,2
90187,1
136650,2
136650,1
290601,1
176861,1
135269,2
135269,1
382901,2
382901,1
329794,2
329794,1
17805,2
17805,1
264452,2
264452,1
121753,1
26590,1
26589,1
237950,2
237950,1
47920,2
47920,1
118665,2
118665,1
304175,1
261200,2
261200,1
755,1
764,1
175894,1
307881,1
175130,2
175130,1
388427,1
186091,1
186092,2
186092,1
524575,2
524575,1
186106,2
186106,1
26463,1
804,1
186120,2
186120,1
808,1
98234,1
809,1
26469,1
120600,1
61274,1
26470,1
186126,1
98130,1
821,1
186148,2
186148,1
186149,2
186149,1
827,1
186172,1
186173,2
186173,1
186178,1
119088,2
119088,1
186206,2
186206,1
186207,2
186207,1
88483,2
88483,1
26480,1
842,1
186218,2
186218,1
186220,1
186230,1
186231,2
186231,1
186232,2
186232,1
186233,1
855,1
186244,2
186244,1
859,2
859,1
87737,2
87737,1
186252,2
186252,1
336204,1
153402,2
153402,1
193131,2
193131,1
186272,1
878,1
186285,1
186583,1
186610,1
332216,1
186645,1
1102,2
1102,1
264151,2
264151,1
25351,1
89205,1
1147,2
1147,1
99889,2
188292,2
102910,1
294262,2
98988,2
98988,1
294261,2
49988,2
53629,2
53629,1
259786,2
389068,1
328966,2
328966,1
26807,2
26807,1
188787,2
188787,1
90004,2
90004,1
1410,2
1410,1
90306,2
90306,1
208997,2
208997,1
49599,2
49599,1
98394,2
98394,1
189126,1
328664,2
328664,1
298338,2
298338,1
27106,2
27106,1
130624,1
1732,1
324823,1
203713,2
203713,1
94326,2
94326,1
152849,1
203902,1
24712,1
204594,2
204594,1
143554,1
204972,1
2403,2
2403,1
121630,1
205005,1
205006,1
21619,1
28029,1
153615,1
81550,1
88077,2
88077,1
298574,1
2475,2
2475,1
70025,1
90646,2
90646,1
368351,2
368351,1
269119,2
269119,1
2973,2
2973,1
97255,2
97255,1
130018,2
130018,1
97067,1
209590,1
141396,1
3739,2
3739,1
3740,2
3740,1
100347,2
100347,1
3747,2
3747,1
152857,2
152857,1
3751,1
50207,1
3902,1
211172,2
211172,1
238044,2
238044,1
203554,2
203554,1
124460,1
95401,1
380619,1
310124,1
237688,1
202876,1
93121,1
89869,1
4190,1
90654,2
90654,1
30264,2
30264,1
91267,2
91267,1
228075,1
98098,1
92111,1
213586,2
213586,1
45922,1
287057,2
287057,1
286581,2
286581,1
4222,2
4222,1
92234,1
97550,1
119210,1
213618,2
213618,1
4182,1
4202,1
214063,1
214069,1
176641,1
214076,1
214090,1
214094,1
176644,1
158043,1
214103,1
214108,1
214109,1
158042,1
214114,1
214119,1
214120,1
214123,1
176645,1
214128,1
214174,1
214026,1
214187,1
214188,1
214048,1
214411,2
214411,1
30687,2
30687,1
4454,2
4454,1
163834,2
163834,1
505252,2
505252,1
95011,2
95011,1
169577,2
169577,1
87716,2
87716,1
324820,2
324820,1
30891,2
30891,1
317520,2
317520,1
215276,2
215276,1
50480,2
50480,1
95338,2
95338,1
258538,2
258538,1
223116,2
223116,1
97953,2
97953,1
258543,2
258543,1
29594,2
29594,1
328419,2
328419,1
318104,2
318104,1
249892,2
249892,1
301597,2
301597,1
43300,2
43300,1
223118,2
223118,1
258533,2
258533,1
286210,2
286210,1
27640,2
27640,1
256794,2
256794,1
116329,2
116329,1
318111,2
318111,1
258527,2
258527,1
94628,2
94628,1
256768,2
256768,1
63325,2
63325,1
334666,2
334666,1
29668,2
29668,1
257246,2
257246,1
318118,2
318118,1
43429,2
43429,1
29669,2
29669,1
256607,2
256607,1
202898,2
202898,1
258245,2
258245,1
258522,2
258522,1
318122,2
318122,1
29673,2
29673,1
318125,2
318125,1
223121,2
223121,1
274512,2
274512,1
306458,2
306458,1
72687,2
72687,1
93513,2
93513,1
29561,2
29561,1
29563,2
29563,1
4836,2
4836,1
4837,2
4837,1
256587,2
256587,1
258899,2
258899,1
61262,1
74990,2
74990,1
29567,2
29567,1
4840,2
4840,1
258512,2
258512,1
63594,2
63594,1
95729,2
95729,1
96095,2
96095,1
89911,2
89911,1
4853,1
29574,2
29574,1
4866,1
92743,2
92743,1
4868,2
4868,1
91409,2
91409,1
198380,2
198380,1
4873,2
4873,1
4874,2
4874,1
96122,2
96122,1
97143,2
97143,1
90327,2
90327,1
30308,2
30308,1
91856,2
91856,1
89252,2
89252,1
211059,2
211059,1
375747,2
375747,1
89486,2
89486,1
367878,2
367878,1
91967,2
91967,1
96836,2
96836,1
98567,2
98567,1
211061,2
211061,1
374886,2
374886,1
29584,2
29584,1
97661,2
97661,1
30316,2
30316,1
95921,2
95921,1
93896,2
93896,1
97124,2
97124,1
24145,2
24145,1
4882,2
4882,1
27323,2
27323,1
97385,2
97385,1
4888,2
4888,1
92449,2
92449,1
256624,2
256624,1
4890,2
4890,1
4893,2
4893,1
86629,2
86629,1
72437,2
72437,1
101140,2
101140,1
98141,2
98141,1
29598,2
29598,1
93049,1
279425,1
29601,2
29601,1
4898,2
4898,1
98245,2
98245,1
20145,2
20145,1
93439,2
93439,1
4904,2
4904,1
91656,2
91656,1
134606,2
134606,1
4906,2
4906,1
29610,2
29610,1
4907,2
4907,1
254329,2
254329,1
227008,2
227008,1
124201,2
124201,1
4908,2
4908,1
4909,1
140999,1
306367,2
306367,1
29612,2
29612,1
101150,2
101150,1
4912,2
4912,1
4914,2
4914,1
97901,2
97901,1
359753,2
359753,1
29614,2
29614,1
97107,2
97107,1
29648,2
29648,1
4924,2
4924,1
119541,2
119541,1
25058,2
25058,1
29619,1
4929,2
4929,1
238822,2
238822,1
112639,2
112639,1
44406,2
44406,1
50897,2
50897,1
56987,1
64917,2
64917,1
4937,2
4937,1
86630,2
86630,1
71772,2
71772,1
98261,2
98261,1
240831,2
240831,1
343936,2
343936,1
92088,2
92088,1
112637,2
112637,1
98142,2
98142,1
216809,2
216809,1
4941,2
4941,1
96894,2
96894,1
29638,2
29638,1
90426,2
90426,1
91349,2
91349,1
98303,2
98303,1
95056,2
95056,1
4948,2
4948,1
4947,2
4947,1
383083,2
383083,1
30438,2
30438,1
29643,2
29643,1
49090,2
49090,1
25699,2
25699,1
258064,2
258064,1
97770,2
97770,1
90502,2
90502,1
46963,2
46963,1
258065,2
258065,1
92214,2
92214,1
99342,2
99342,1
77013,2
77013,1
63256,2
63256,1
4953,2
4953,1
29659,2
29659,1
63740,2
63740,1
51027,2
51027,1
91200,2
91200,1
82391,2
82391,1
89554,2
89554,1
83216,2
83216,1
92662,2
92662,1
87595,2
87595,1
94239,2
94239,1
81975,2
81975,1
120476,2
120476,1
90989,2
90989,1
223138,2
223138,1
4958,2
4958,1
50985,2
50985,1
97108,2
97108,1
29664,2
29664,1
318107,2
318107,1
318054,2
318054,1
318117,2
318117,1
318120,2
318120,1
367882,2
367882,1
86557,2
86557,1
82389,2
82389,1
94031,2
94031,1
120464,2
120464,1
316915,2
316915,1
180575,1
5131,1
5132,1
5134,1
5133,1
5135,1
110272,1
375869,1
30968,1
238827,1
30969,1
114033,1
115561,1
5138,1
94140,2
94140,1
98751,1
117889,1
80405,2
80405,1
30970,1
5143,1
114450,1
74644,1
22532,2
22532,1
23564,1
5148,1
98634,1
5152,1
5153,1
5155,1
106107,1
5157,1
317582,1
307191,1
112182,1
5215,1
95116,1
387880,1
21556,1
136752,1
30995,1
106295,1
5230,1
129404,2
129404,1
61264,1
83826,2
83826,1
176623,2
176623,1
5696,2
5696,1
70070,1
104980,2
104980,1
31558,2
31558,1
5731,2
5731,1
26714,1
5785,1
20438,1
5786,1
31802,1
209645,1
341538,2
341538,1
124093,2
124093,1
171317,2
171317,1
149255,2
149255,1
5896,2
5896,1
118284,2
118284,1
382330,1
106115,1
290716,1
290694,1
6284,1
209593,1
372072,1
261201,2
261201,1
206244,2
206244,1
261199,2
261199,1
218572,2
218572,1
168294,2
168294,1
41736,2
41736,1
6540,2
6540,1
134143,2
134143,1
134142,2
134142,1
132792,2
132792,1
85946,2
85946,1
26715,2
26715,1
168888,2
168888,1
32116,2
32116,1
6733,2
6733,1
77709,1
99997,1
205139,1
239532,1
94422,1
102830,2
102830,1
316754,1
239495,2
239495,1
54246,2
54246,1
103724,1
306347,1
309317,2
309317,1
98409,2
98409,1
102073,1
89327,2
89327,1
137126,2
137126,1
254513,1
57078,1
104600,2
104600,1
223416,2
223416,1
309336,2
309336,1
6806,1
6810,2
6810,1
309283,2
309283,1
237069,1
95032,2
95032,1
6813,1
6814,2
6814,1
103364,1
45892,1
251588,2
251588,1
89810,1
62259,1
99186,1
99187,2
99187,1
6822,1
6823,1
283872,2
283872,1
101231,1
223419,2
223419,1
6835,2
6835,1
32586,1
117301,2
117301,1
273438,1
115681,2
115681,1
6834,2
6834,1
375884,1
6839,2
6839,1
6838,2
6838,1
131495,2
131495,1
242617,1
103353,1
69507,1
176659,1
45880,2
45880,1
521262,2
521262,1
500562,1
337255,2
337255,1
368486,1
337258,1
368487,1
83787,1
368509,1
500623,1
368511,1
337289,2
337289,1
337296,2
337296,1
337472,2
337472,1
368514,1
97800,1
141421,1
378561,2
378561,1
308064,2
308064,1
378562,2
378562,1
382523,2
382523,1
223496,1
389086,2
389086,1
382304,2
382304,1
382527,2
382527,1
335547,2
335547,1
389085,2
389085,1
7333,2
7333,1
90495,2
90495,1
91511,1
7351,2
7351,1
282110,2
282110,1
97596,1
7361,1
308065,2
308065,1
526394,2
526394,1
51547,2
51547,1
517290,2
517290,1
30464,1
7403,2
7403,1
180021,2
180021,1
94847,2
94847,1
119868,2
119868,1
7411,1
7422,2
7422,1
90097,2
90097,1
250231,2
250231,1
351454,2
351454,1
360342,2
360342,1
131928,2
131928,1
359762,2
359762,1
378564,2
378564,1
7427,2
7427,1
33007,1
7437,2
7437,1
382303,2
382303,1
7439,2
7439,1
24174,1
7443,1
7444,2
7444,1
66953,1
245761,2
245761,1
7536,1
536796,2
536796,1
273599,2
273599,1
7538,2
7538,1
372243,2
372243,1
96904,2
96904,1
94362,2
94362,1
172930,2
172930,1
30445,1
517729,2
517729,1
535598,2
535598,1
52007,2
52007,1
517533,2
517533,1
81782,2
81782,1
187121,2
187121,1
367954,2
367954,1
536540,2
536540,1
536011,2
536011,1
536091,2
536091,1
517674,2
517674,1
324929,2
324929,1
126690,2
126690,1
235790,2
235790,1
110622,2
110622,1
360564,2
360564,1
170657,2
170657,1
283062,2
283062,1
117702,2
117702,1
172928,2
172928,1
117703,2
117703,1
170658,2
170658,1
536118,2
536118,1
518083,2
518083,1
517264,2
517264,1
517333,2
517333,1
367481,2
367481,1
517433,2
517433,1
367482,2
367482,1
517443,2
517443,1
367483,2
367483,1
517455,2
517455,1
367484,2
367484,1
517336,2
517336,1
517335,2
517335,1
517356,2
517356,1
517426,2
517426,1
30368,1
521535,2
521535,1
521779,2
521779,1
126692,2
126692,1
517648,2
517648,1
324262,2
324262,1
324263,2
324263,1
208044,2
208044,1
208045,2
208045,1
126670,2
126670,1
306377,2
306377,1
517735,2
517735,1
517435,2
517435,1
272373,2
272373,1
300595,2
300595,1
517354,2
517354,1
517342,2
517342,1
89203,2
89203,1
517454,2
517454,1
536563,2
536563,1
506929,2
506929,1
315583,2
315583,1
517632,2
517632,1
216758,2
216758,1
48068,2
48068,1
90746,2
90746,1
536620,2
536620,1
83348,2
83348,1
119794,1
131249,2
131249,1
517690,2
517690,1
48669,2
48669,1
170660,2
170660,1
7551,2
7551,1
90689,2
90689,1
119795,2
119795,1
360345,2
360345,1
91257,2
91257,1
358789,2
358789,1
536227,2
536227,1
30386,2
30386,1
517406,2
517406,1
60331,2
60331,1
529936,2
529936,1
517697,2
517697,1
522216,2
522216,1
519266,2
519266,1
194575,2
194575,1
273601,2
273601,1
152265,1
24750,2
24750,1
7556,2
7556,1
359565,2
359565,1
367886,2
367886,1
536079,2
536079,1
208726,2
208726,1
369749,2
369749,1
169897,2
169897,1
194344,2
194344,1
372254,2
372254,1
316318,2
316318,1
517628,2
517628,1
306380,2
306380,1
350678,2
350678,1
276494,2
276494,1
375176,2
375176,1
272309,2
272309,1
375178,2
375178,1
372309,2
372309,1
126685,2
126685,1
521427,2
521427,1
278944,1
245028,2
245028,1
521369,2
521369,1
255458,2
255458,1
272371,2
272371,1
521732,2
521732,1
182243,2
182243,1
113949,2
113949,1
184428,2
184428,1
7558,2
7558,1
285413,2
285413,1
7561,2
7561,1
155597,2
155597,1
97292,2
97292,1
100596,2
100596,1
21509,2
21509,1
7563,2
7563,1
21171,2
21171,1
208012,2
208012,1
93881,2
93881,1
143893,2
143893,1
30374,2
30374,1
30406,2
30406,1
22533,2
22533,1
73712,2
73712,1
52464,2
52464,1
208030,2
208030,1
7568,2
7568,1
194337,2
194337,1
7570,2
7570,1
521457,2
521457,1
96672,2
96672,1
533786,2
533786,1
64582,2
64582,1
223614,2
223614,1
145708,2
145708,1
7574,2
7574,1
223616,2
223616,1
93442,2
93442,1
173115,2
173115,1
257512,2
257512,1
533564,2
533564,1
101346,2
101346,1
207970,2
207970,1
197933,2
197933,1
90921,2
90921,1
57607,2
57607,1
7578,2
7578,1
91296,2
91296,1
126653,2
126653,1
519578,2
519578,1
119785,2
119785,1
170365,2
170365,1
138037,2
138037,1
216760,2
216760,1
194555,2
194555,1
276479,2
276479,1
198412,1
30470,1
124107,1
98410,2
98410,1
179702,2
179702,1
287082,2
287082,1
113950,2
113950,1
302042,2
302042,1
114164,2
114164,1
194564,2
194564,1
536338,2
536338,1
525430,2
525430,1
187428,1
140195,1
260743,1
131785,1
7639,1
166384,2
7822,1
7848,2
7848,1
43088,2
43088,1
178010,2
90888,2
103674,2
103674,1
180966,2
180966,1
169833,2
169833,1
182516,2
182516,1
110074,2
110074,1
33488,1
166508,2
166508,1
133563,1
319932,1
60133,1
127395,1
187383,1
68471,1
369063,1
65335,1
171765,1
89544,1
92954,1
80878,1
347355,1
90474,1
365358,1
325086,1
211413,1
133729,1
26242,1
7997,1
93456,1
60033,1
89297,1
8008,1
182096,1
33554,1
370780,1
33561,1
248800,1
297093,1
332437,1
8146,1
97057,1
57500,1
8163,1
33658,1
33659,1
8193,1
8194,1
8195,1
136858,1
8281,1
8284,1
120568,1
8286,1
103603,1
504809,1
504102,1
96282,2
96282,1
195335,2
195335,1
226869,2
226869,1
169114,2
169114,1
87988,2
87988,1
90111,2
90111,1
195395,2
195395,1
504259,2
504259,1
504635,2
504635,1
503896,2
503896,1
503640,2
503640,1
8645,2
8645,1
98636,2
98636,1
95839,2
95839,1
97896,2
97896,1
20128,2
20128,1
117303,2
117303,1
270324,1
63393,1
76495,1
50739,1
57208,1
298659,1
268557,1
253899,1
175162,2
175162,1
223886,2
223886,1
8882,2
8882,1
25518,2
25518,1
170811,2
170811,1
117710,2
117710,1
170812,2
170812,1
8887,2
8887,1
53654,2
53654,1
8890,2
8890,1
8891,2
8891,1
89598,2
89598,1
60381,2
60381,1
85566,2
85566,1
153490,1
318559,1
226621,1
257880,1
262274,1
62630,1
318558,1
226623,1
86812,1
52593,1
318561,1
349497,1
276219,1
235500,1
54698,1
318569,1
69096,1
389053,1
389055,1
389056,2
389056,1
226625,1
82514,1
115682,1
318556,1
66096,2
179289,1
200055,1
91798,1
9182,1
94582,1
240814,1
9183,1
96528,1
133429,2
133429,1
526144,2
526144,1
335555,2
335555,1
306634,2
306634,1
94298,2
94298,1
326525,2
326525,1
92008,2
92008,1
91368,1
351618,2
351618,1
326526,2
326526,1
150507,2
150507,1
59378,2
59378,1
367379,2
367379,1
92316,2
92316,1
93391,2
93391,1
164888,2
164888,1
94962,2
94962,1
85998,2
85998,1
90427,2
90427,1
67722,2
67722,1
376738,2
376738,1
170971,2
170971,1
141600,2
141600,1
526034,2
526034,1
80611,2
80611,1
360901,2
360901,1
351604,2
351604,1
100076,2
100076,1
135395,2
135395,1
93514,2
93514,1
335575,2
335575,1
351620,2
351620,1
56564,2
56564,1
55767,2
55767,1
344619,2
344619,1
351621,1
75665,2
75665,1
344958,2
344958,1
91965,2
91965,1
67694,2
67694,1
54630,2
54630,1
9213,2
9213,1
9218,2
9218,1
9229,2
9229,1
9235,2
9235,1
9266,2
9266,1
361569,2
361569,1
150041,2
150041,1
20386,2
20386,1
76501,2
76501,1
89653,2
89653,1
168297,2
168297,1
9297,2
9297,1
168300,2
168300,1
9314,2
9314,1
171758,2
171758,1
21176,2
21176,1
9341,2
9341,1
9342,2
9342,1
221633,2
221633,1
26716,1
23314,2
23314,1
9343,2
9343,1
9345,2
9345,1
9346,2
9346,1
20389,2
20389,1
9347,2
9347,1
23313,2
23313,1
9349,2
9349,1
44458,2
44458,1
9406,2
9406,1
78750,2
78750,1
25692,2
25692,1
69794,1
510672,1
32980,2
32980,1
231068,1
339588,1
242247,1
208324,1
242245,1
94249,1
45114,1
86706,1
168476,1
54917,1
62217,2
62217,1
339587,2
339587,1
56772,2
56772,1
75472,1
86707,1
327528,1
339578,1
284133,1
242185,1
171904,1
40468,2
40468,1
33982,1
339580,2
339580,1
40467,1
231088,1
107869,1
72787,1
75902,1
328957,2
328957,1
328969,2
328969,1
75801,2
75801,1
328967,2
328967,1
9924,1
218589,1
353775,1
362479,1
362478,1
132852,2
132852,1
24491,2
24491,1
10003,2
10003,1
119801,2
119801,1
10006,2
10006,1
10012,2
10012,1
362024,2
362024,1
10035,2
10054,2
10054,1
10346,1
10357,1
20002,1
131615,1
10363,1
150650,1
20001,1
271553,2
271553,1
10368,1
10370,1
150628,1
10373,1
10375,1
10389,2
107355,1
106168,1
106169,1
106173,1
10919,1
259850,2
259850,1
303793,1
303790,1
11205,1
80042,1
11206,1
224278,2
224278,1
58272,2
58272,1
524113,2
524113,1
529141,2
529141,1
529138,2
529138,1
269604,2
269604,1
529426,2
529426,1
515252,2
515252,1
524116,2
524116,1
515253,2
515253,1
343394,2
343394,1
270844,2
270844,1
529255,2
529255,1
251103,2
251103,1
529153,2
529153,1
255405,2
255405,1
524125,2
524125,1
11247,2
11247,1
351483,2
351483,1
238859,2
238859,1
375853,2
375853,1
351484,2
351484,1
351485,2
351485,1
351487,2
351487,1
505403,2
505403,1
256298,2
256298,1
42745,2
42745,1
258026,2
258026,1
337648,2
337648,1
131700,2
131700,1
218206,2
218206,1
11252,2
11252,1
195343,2
195343,1
194799,2
194799,1
255403,2
255403,1
11253,2
11253,1
326527,2
326527,1
162681,2
162681,1
58446,2
58446,1
30943,2
30943,1
11259,2
11259,1
11262,2
11262,1
162575,2
162575,1
11268,2
11268,1
170676,2
170676,1
243522,2
243522,1
11271,2
11271,1
196695,2
196695,1
22536,2
22536,1
30955,2
30955,1
224287,2
224287,1
168890,2
168890,1
80189,2
80189,1
96914,2
96914,1
311996,2
311996,1
92568,2
92568,1
281018,2
281018,1
55011,2
55011,1
292079,1
355960,2
355960,1
109673,2
109673,1
65280,2
65280,1
55396,2
55396,1
288572,2
288572,1
93930,2
93930,1
61508,2
61508,1
235703,2
235703,1
370244,2
370244,1
344523,1
269262,2
269262,1
90231,2
90231,1
68672,2
68672,1
96318,2
96318,1
120931,2
120931,1
280380,2
280380,1
46581,2
46581,1
136603,2
136603,1
114745,2
114745,1
120928,2
120928,1
95558,2
95558,1
82141,2
82141,1
89431,2
89431,1
167001,2
167001,1
96737,2
96737,1
224306,2
224306,1
83688,2
83688,1
96484,1
71707,2
71707,1
257543,2
257543,1
71708,2
71708,1
47423,2
47423,1
389020,2
389020,1
94689,2
94689,1
375324,2
375324,1
97788,2
97788,1
108646,2
108646,1
90112,2
90112,1
43541,2
43541,1
112865,2
112865,1
359790,2
359790,1
89401,2
89401,1
120938,2
120938,1
281410,2
281410,1
82666,1
60230,2
60230,1
92062,2
92062,1
46048,2
46048,1
45323,2
45323,1
112121,2
112121,1
294183,2
294183,1
346927,2
346927,1
51516,2
51516,1
177303,2
177303,1
221231,1
220752,2
220752,1
76712,2
76712,1
183629,2
183629,1
89835,2
89835,1
344527,2
344527,1
341691,2
341691,1
310107,2
310107,1
75670,2
75670,1
96192,2
96192,1
109851,2
109851,1
79999,2
79999,1
315103,2
315103,1
304163,2
304163,1
68906,2
68906,1
52833,2
52833,1
93336,2
93336,1
124202,2
124202,1
315233,2
315233,1
76761,2
76761,1
28787,2
28787,1
110953,2
110953,1
90317,2
90317,1
367990,2
367990,1
167036,2
167036,1
121718,1
162669,1
120986,1
11346,2
11346,1
114478,2
114478,1
11349,1
11348,2
11348,1
233991,2
233991,1
74848,2
74848,1
71856,2
71856,1
189324,1
11353,2
11353,1
11352,2
11352,1
132760,2
132760,1
112634,2
112634,1
24048,1
205896,1
224338,2
224338,1
11362,2
11362,1
224340,2
224340,1
224341,2
224341,1
224342,2
224342,1
224343,2
224343,1
224344,2
224344,1
11363,2
11363,1
280092,1
523685,2
523685,1
286199,2
286199,1
224351,2
224351,1
224353,2
224353,1
224354,2
224354,1
11373,2
11373,1
264590,2
264590,1
72498,2
72498,1
284653,2
284653,1
11380,2
11380,1
74758,1
48820,1
11385,2
11385,1
259159,2
259159,1
259160,2
259160,1
11388,2
11388,1
11394,2
11394,1
71874,1
100488,1
89019,1
190359,2
190359,1
11404,1
129351,2
129351,1
224368,2
224368,1
224369,2
224369,1
110352,1
11409,2
11409,1
106419,2
106419,1
11413,2
11413,1
11417,2
11417,1
347349,1
284053,1
299448,1
106619,1
332557,1
69024,1
106727,1
207950,1
106967,1
211722,1
253902,1
106841,1
284200,1
224379,1
154641,1
192275,1
271037,1
61894,1
520802,1
191247,1
11514,1
96738,1
339034,1
384401,1
196546,1
298770,1
284060,1
128492,1
280918,1
332558,1
297924,1
325603,1
378184,1
359886,1
115212,1
387442,1
218675,1
98076,1
102584,1
238873,1
255058,1
297289,1
284069,1
269693,1
98077,1
378183,1
284073,1
171900,1
332583,1
270549,1
144907,1
297290,1
284078,1
250814,1
269607,1
238874,1
283052,1
144906,1
255225,1
338993,1
387443,1
61331,1
317892,1
315347,1
387441,1
96245,1
339005,1
201574,1
332592,1
344649,1
11518,1
151112,1
269783,1
284092,1
182282,1
77220,1
321378,1
77060,1
126556,1
324978,1
41645,1
387438,1
290755,1
226533,1
65445,1
78447,1
224394,1
224395,1
286854,1
11841,2
11841,1
105595,2
105595,1
264458,2
264458,1
235051,2
235051,1
525054,2
525054,1
115215,1
244740,1
11942,2
11942,1
11944,2
11944,1
127939,2
93265,2
222353,2
89096,2
89096,1
127625,2
111911,2
332076,2
332076,1
86414,1
82724,2
82724,1
326009,1
12224,2
12224,1
109345,2
109345,1
328936,2
328936,1
101844,2
101844,1
55677,2
55677,1
12229,2
12229,1
12230,2
12230,1
109386,2
109386,1
72810,2
72810,1
45366,2
45366,1
83998,2
83998,1
23054,2
23054,1
65964,2
65964,1
12311,2
12311,1
12327,2
12327,1
12328,2
12328,1
60241,2
60241,1
68074,1
12878,2
64844,2
79550,1
19788,1
13038,2
13038,1
171810,1
183849,1
13046,1
106217,1
131621,1
306963,2
306963,1
45904,1
13409,1
293749,1
177777,1
59078,1
13550,2
13550,1
13568,2
13568,1
168596,2
168596,1
239874,2
239874,1
99198,2
99198,1
53477,2
53477,1
243524,2
243524,1
103043,2
103043,1
298256,2
298256,1
521956,1
95897,2
95897,1
42498,2
42498,1
248568,2
248568,1
231115,2
231115,1
13676,1
61177,2
61177,1
117815,2
117815,1
370983,2
370983,1
371695,1
73080,1
75288,2
75288,1
51009,2
51009,1
64067,2
64067,1
71481,2
71481,1
52519,2
52519,1
344797,2
344797,1
72398,1
111993,2
111993,1
90153,2
102829,2
102829,1
83349,1
68538,2
68538,1
149263,2
104296,2
104296,1
101872,2
101872,1
102160,2
102160,1
84957,2
84957,1
84408,2
169039,1
306106,1
112979,1
76405,1
168093,1
53262,1
86797,1
319958,2
319958,1
282212,1
87058,1
87004,1
170712,2
170712,1
196043,1
241282,1
237224,1
268855,1
62643,1
519885,1
359471,1
181153,1
345449,1
70651,1
87266,1
179075,1
110128,1
76406,1
80214,1
517835,1
136216,1
82999,1
272944,1
288142,1
179079,1
125881,1
136877,1
313915,1
174365,1
82342,1
144827,1
174373,1
250953,1
284169,1
284171,1
297821,1
307747,1
44307,1
521358,1
521296,1
57709,1
78135,1
521472,1
136074,1
179149,1
282225,1
313988,1
268863,1
345462,1
268864,1
284182,1
250320,1
517252,1
224669,1
521672,1
49762,1
66196,1
517661,1
71595,1
44774,1
169054,1
111457,1
112995,1
300197,1
67312,1
112982,1
250321,1
196044,2
196044,1
268869,1
48824,1
196989,1
174398,1
112983,1
84090,1
113015,1
57654,1
174403,1
517684,1
113018,1
308908,1
268880,1
180861,1
226293,1
250324,1
72604,1
82218,1
73795,1
43320,1
242048,1
72142,1
284219,1
134721,1
350024,1
237940,1
125884,1
118183,1
178948,1
115584,1
174427,1
118186,1
79984,1
110991,1
521601,1
180542,1
209522,1
211576,1
250963,1
250964,1
99675,1
144845,1
326387,1
43058,1
521162,1
44023,1
127846,1
308912,1
76978,1
227338,2
227338,1
76837,1
227668,1
73453,1
298164,1
306120,1
74369,1
113001,1
286376,2
286376,1
268874,1
237232,1
174473,1
42478,1
69179,1
179199,1
74175,1
193916,1
136078,1
59547,1
299521,1
211579,1
237234,1
57170,1
113025,1
300202,1
211729,1
180862,1
136080,1
69272,1
178949,1
521456,1
114483,1
251924,1
179216,1
74484,1
298168,1
60080,1
83157,1
113026,1
179221,1
113004,1
250331,1
298170,1
66918,1
81660,1
250971,1
117350,2
117350,1
510952,2
510952,1
268813,1
69003,1
350810,2
350810,1
108858,1
126747,1
359228,1
180863,2
180863,1
65777,2
65777,1
86403,2
86403,1
322031,2
322031,1
231161,2
231161,1
13753,2
13753,1
13760,2
13760,1
131275,2
224687,1
13774,2
13774,1
240862,2
240862,1
169268,2
169268,1
79447,2
79447,1
99240,2
99240,1
51891,2
51891,1
101487,2
101487,1
72009,2
72009,1
171756,2
171756,1
86817,2
86817,1
345284,2
345284,1
325874,2
325874,1
521689,2
521689,1
65508,2
65508,1
119043,2
119043,1
272960,2
272960,1
133875,2
133875,1
231139,2
231139,1
303281,2
303281,1
94816,2
94816,1
231136,1
13892,2
13892,1
44924,1
318591,2
318591,1
335285,2
335285,1
13901,1
92034,2
92034,1
76492,2
69477,2
69477,1
182487,2
118094,2
118094,1
53711,2
53711,1
46536,2
46536,1
99818,2
99818,1
99582,2
99582,1
76349,2
76349,1
90436,2
90436,1
84631,2
84631,1
72025,2
72025,1
224654,2
224654,1
285478,1
65456,2
65456,1
368623,2
368623,1
359802,2
359802,1
82916,2
82916,1
86720,2
86720,1
93544,2
13882,2
13882,1
377785,1
375858,2
375858,1
522869,2
522869,1
14073,2
14073,1
367918,2
367918,1
198658,1
294264,2
14183,2
224752,2
224752,1
14190,2
14190,1
92745,2
92745,1
14327,2
14327,1
14348,1
89446,2
89446,1
49203,1
138651,2
138651,1
74005,2
74005,1
254367,2
254367,1
30518,1
218382,1
106222,1
119928,1
119934,1
269091,1
84397,1
48018,1
181621,1
197167,1
71357,1
381635,1
108563,1
349919,1
367679,1
142527,1
197171,2
197171,1
220850,1
173296,1
112837,1
334171,1
72889,1
97047,1
90761,1
306517,1
271658,1
241858,1
15809,1
225030,1
15810,1
182313,1
269211,1
85586,1
153840,2
153840,1
196707,1
84372,1
269214,1
15812,1
52122,1
269149,1
98169,1
72029,1
87918,1
15829,1
313684,1
179635,1
69751,1
180558,1
313685,1
84024,1
60432,1
41751,2
41751,1
285275,2
285275,1
94837,2
94837,1
91884,1
179269,2
179269,1
225391,2
225391,1
99479,2
99479,1
225393,2
225393,1
45298,2
45298,1
104323,2
104323,1
225397,1
61415,1
225415,2
225415,1
94638,2
94638,1
98968,2
76502,2
76502,1
75251,2
75251,1
212210,2
212210,1
183201,1
81389,1
153759,1
225448,2
225448,1
90070,2
90070,1
82140,2
82140,1
225457,2
225457,1
89421,2
89421,1
112661,2
112661,1
57772,2
57772,1
87227,2
87227,1
225472,2
225472,1
47963,2
47963,1
112706,2
112706,1
74531,2
74531,1
225477,1
41588,1
98871,1
16623,1
72376,2
72376,1
51695,2
51695,1
225507,2
225507,1
16555,2
16555,1
16558,2
47214,2
225511,2
227015,2
16604,2
16604,1
152926,1
225522,1
64323,2
225539,1
225540,1
225486,2
225486,1
225499,2
225499,1
99194,2
99194,1
102488,2
102488,1
226860,2
226860,1
27853,2
27853,1
57426,1
22542,2
22542,1
16834,2
16834,1
16835,2
16835,1
93625,2
93625,1
162948,2
162948,1
16838,2
16838,1
99934,2
99934,1
26085,2
26085,1
277407,2
277407,1
16839,2
16839,1
370266,2
370266,1
165116,2
165116,1
16845,2
16845,1
54795,2
54795,1
16850,2
16850,1
370277,2
370277,1
370267,2
370267,1
25956,2
25956,1
104828,2
104828,1
45771,2
45771,1
210517,2
210517,1
51818,2
51818,1
16863,2
16863,1
238884,2
238884,1
368261,2
368261,1
16867,2
16867,1
16868,2
16868,1
98765,2
98765,1
31383,2
31383,1
89243,2
89243,1
359809,2
359809,1
261198,2
261198,1
16873,2
16873,1
90067,2
90067,1
16918,1
67893,1
51223,1
69729,2
69729,1
16936,1
87463,1
45299,1
52408,1
16962,1
272256,1
51565,1
85548,2
85548,1
66449,2
66449,1
529381,2
529381,1
529380,2
529380,1
344843,2
344843,1
17085,2
17085,1
528871,2
528871,1
93735,2
93735,1
64966,1
180034,1
17388,1
17389,1
41795,1
175321,1
17459,2
17459,1
17705,1
17764,2
17764,1
238885,1
17789,1
375651,1
17788,1
273487,1
532641,1
533267,1
161395,1
176673,1
112582,1
112583,1
522554,1
268592,1
382653,1
522904,1
514483,1
242554,1
372064,1
242555,1
105804,1
99000,1
105005,1
94374,1
18036,1
141063,1
93864,1
272213,1
522890,2
522890,1
522889,2
522889,1
18405,1
65436,1
65533,1
26720,1
226862,2
226862,1
124484,1
18431,1
227021,1
117498,2
117498,1
101878,2
101878,1
43638,2
43638,1
297999,1
18432,1
42001,1
96450,1
244152,1
80519,1
100980,1
92262,1
239119,1
106303,1
95550,1
23315,1
18555,1
254213,1
182437,2
182437,1
119511,1
19213,1
19215,1
269143,1
42843,1
165922,1
20457,1
244211,1
19217,1
93194,2
93194,1
225033,1
350937,1
139740,1
79,1
120645,1
139869,1
387197,2
387197,1
227799,2
227799,1
222446,2
222446,1
94981,2
94981,1
143603,2
143603,1
143611,2
143611,1
120173,2
120173,1
127545,2
127545,1
76636,2
76636,1
57963,2
57963,1
134692,2
134692,1
57964,2
57964,1
142882,1
185495,1
462,1
185797,2
185797,1
42233,2
42233,1
21702,2
21702,1
536656,2
536656,1
536137,2
536137,1
535518,2
535518,1
536310,2
536310,1
69456,1
176633,1
26570,2
26570,1
90025,2
90025,1
55512,2
55512,1
1170,2
1170,1
1176,2
1176,1
139137,2
139137,1
1183,2
1183,1
100755,2
100755,1
155548,2
155548,1
508044,2
508044,1
508083,2
508083,1
155553,2
155553,1
1193,2
1193,1
1197,2
1197,1
124457,2
124457,1
1200,2
1200,1
80768,2
80768,1
94888,2
94888,1
108867,2
108867,1
118305,2
118305,1
222530,2
222530,1
1256,2
1256,1
1257,2
1257,1
315305,2
315305,1
64227,2
64227,1
234639,2
234639,1
188351,1
1271,1
127876,1
344948,1
201413,1
188533,2
188533,1
188534,2
188534,1
1321,2
1321,1
120430,2
120430,1
188536,2
188536,1
188535,2
188535,1
91072,2
91072,1
188544,2
188544,1
114230,2
114230,1
27537,2
27537,1
188550,2
188550,1
188552,2
188552,1
26754,2
26754,1
218303,2
218303,1
60636,2
60636,1
303275,2
303275,1
112688,2
112688,1
102607,2
102607,1
87133,2
87133,1
81330,2
81330,1
74828,2
74828,1
48762,2
48762,1
105670,2
105670,1
270889,2
270889,1
27019,2
27019,1
318593,2
318593,1
285981,2
285981,1
1676,2
1676,1
1680,1
339600,2
339600,1
362637,2
362637,1
63705,2
63705,1
287535,2
287535,1
275202,2
275202,1
361654,2
361654,1
275203,2
275203,1
275204,2
275204,1
529241,2
529241,1
317591,2
317591,1
334459,2
334459,1
383613,2
383613,1
334460,2
334460,1
152522,2
152522,1
61757,2
61757,1
272988,2
272988,1
92379,2
92379,1
63774,2
63774,1
262203,2
262203,1
228958,2
228958,1
79067,2
79067,1
79305,2
79305,1
241898,2
241898,1
521492,2
521492,1
521763,2
521763,1
521696,2
521696,1
92795,2
92795,1
155119,2
155119,1
334696,2
334696,1
521087,2
521087,1
116653,2
116653,1
84647,2
84647,1
61547,2
61547,1
228423,2
228423,1
46419,2
46419,1
90914,2
90914,1
76622,2
76622,1
141834,2
141834,1
154905,2
154905,1
153128,2
153128,1
316735,2
316735,1
386750,2
386750,1
386747,2
386747,1
284955,2
284955,1
317119,2
317119,1
334712,2
334712,1
317626,2
317626,1
317118,2
317118,1
367695,2
367695,1
334713,2
334713,1
284954,2
284954,1
287983,2
287983,1
521951,2
521951,1
139850,2
139850,1
370857,2
370857,1
520880,2
520880,1
385311,2
385311,1
385312,2
385312,1
521239,2
521239,1
521115,2
521115,1
375942,2
375942,1
171120,2
171120,1
57887,2
57887,1
1909,2
1909,1
502346,2
502346,1
359285,2
359285,1
100927,2
100927,1
222685,2
222685,1
306882,2
306882,1
173141,2
173141,1
374191,2
374191,1
299480,2
299480,1
299481,2
299481,1
374193,2
374193,1
255726,2
255726,1
179039,2
179039,1
1921,2
1921,1
41650,2
41650,1
1923,2
1923,1
222689,2
222689,1
347493,2
347493,1
310368,2
310368,1
1994,1
2502,1
400721,1
400743,1
62105,1
69538,1
318968,1
96456,2
96456,1
98356,2
98356,1
95060,2
95060,1
89139,2
89139,1
192909,2
192909,1
368907,2
368907,1
92059,2
92059,1
44170,2
44170,1
72913,2
72913,1
364878,2
364878,1
500319,2
500319,1
93478,2
93478,1
90497,2
90497,1
94785,2
94785,1
45252,2
45252,1
99238,2
99238,1
2749,2
2749,1
97109,2
97109,1
47569,2
47569,1
30018,2
30018,1
98517,2
98517,1
93083,2
93083,1
41914,2
41914,1
95429,2
95429,1
114098,2
114098,1
2891,2
2891,1
78484,2
97387,1
222897,2
222897,1
182475,2
182475,1
206762,2
206762,1
2905,2
2905,1
56662,2
56662,1
2914,2
2914,1
48346,2
48346,1
206641,2
206641,1
228043,2
228043,1
334466,2
334466,1
138624,2
138624,1
72806,2
72806,1
82689,2
82689,1
86384,2
86384,1
102307,2
102307,1
206788,2
206788,1
206792,2
206792,1
28670,2
28670,1
2925,2
2925,1
48915,2
48915,1
96804,2
96804,1
89061,2
89061,1
260919,2
260919,1
85424,2
85424,1
93725,2
93725,1
222908,2
222908,1
99146,2
99146,1
2964,2
335693,2
335693,1
136848,2
136848,1
153256,2
153256,1
95198,2
95198,1
300192,2
300192,1
99779,2
2965,2
2965,1
345421,2
345421,1
96254,2
96254,1
115317,2
115317,1
2967,2
283825,2
283825,1
321343,2
321343,1
43045,2
43045,1
206707,2
58648,2
58648,1
62931,2
62931,1
68088,2
68088,1
3315,2
3315,1
94884,2
94884,1
157585,1
157586,1
3831,1
3836,1
86146,1
44100,2
44100,1
125475,2
125475,1
91504,2
91504,1
4691,2
4691,1
371803,1
4718,1
382328,1
89703,1
39110,1
140829,1
56367,2
56367,1
30961,2
30961,1
5103,2
5103,1
87495,1
169895,1
79852,1
5142,1
194077,1
293543,1
102421,1
236661,1
90036,1
127874,1
127955,1
5149,1
5156,1
30985,2
30985,1
57492,2
57492,1
59149,2
59149,1
84011,1
117062,1
315815,1
339250,2
339250,1
181222,1
327587,1
285767,1
285768,1
346054,2
346054,1
324830,1
383873,2
383873,1
181223,1
345422,1
334692,1
317593,1
239040,1
346111,1
306104,1
347713,2
347713,1
356021,2
356021,1
347715,2
347715,1
336856,2
336856,1
364710,2
364710,1
350953,2
350953,1
357474,2
357474,1
344177,2
344177,1
345596,2
345596,1
318023,1
317447,1
279814,1
22314,2
22314,1
202360,1
121934,1
203493,2
203493,1
256345,2
256345,1
103749,2
103749,1
85659,2
85659,1
87828,2
87828,1
274989,2
274989,1
126262,2
126262,1
137784,2
137784,1
89472,2
89472,1
63796,2
63796,1
82091,2
82091,1
297660,2
297660,1
162600,2
162600,1
46504,2
46504,1
64715,2
64715,1
80944,2
80944,1
168068,2
168068,1
230845,2
230845,1
294497,2
294497,1
43065,2
43065,1
95972,2
95972,1
92506,2
92506,1
56836,2
56836,1
288643,2
288643,1
290496,2
290496,1
198931,2
198931,1
273604,2
273604,1
288912,2
288912,1
110304,2
110304,1
288642,2
288642,1
5713,2
5713,1
60763,2
60763,1
63896,2
63896,1
5728,2
5728,1
58061,2
58061,1
94868,2
94868,1
78825,2
78825,1
130044,2
130044,1
91589,1
5893,1
131605,1
131606,1
6045,2
6045,1
117280,2
117280,1
6062,1
6063,1
90815,1
301551,1
73524,1
94770,2
94770,1
31940,2
31940,1
174722,2
174722,1
174723,2
174723,1
104032,1
6225,1
6226,1
284418,1
6237,1
346720,1
31998,2
31998,1
31999,2
31999,1
86272,1
118664,1
59171,2
59171,1
89647,2
89647,1
128926,2
128926,1
240558,2
240558,1
92566,2
92566,1
98652,2
98652,1
32542,1
50628,1
120470,1
115320,1
79272,1
42777,1
382734,1
81968,1
368332,1
7073,2
7073,1
521238,2
521238,1
521442,2
521442,1
521574,2
521574,1
521609,2
521609,1
521189,2
521189,1
521564,2
521564,1
337268,2
337268,1
90698,2
90698,1
302260,1
302259,1
249059,1
90098,2
90098,1
44782,2
44782,1
30418,2
30418,1
139815,2
139815,1
307968,2
307968,1
194343,2
194343,1
30439,2
30439,1
137716,1
7620,1
176660,1
192134,2
192134,1
88583,2
88583,1
33445,2
33445,1
201589,2
201589,1
243150,2
243150,1
243151,2
243151,1
243152,2
243152,1
111942,2
111942,1
201590,2
201590,1
88746,2
88746,1
56094,2
56094,1
7753,2
7753,1
201592,2
201592,1
197092,2
197092,1
255116,2
255116,1
201591,2
201591,1
271987,2
271987,1
109499,2
109499,1
47366,2
47366,1
195367,2
195367,1
152789,2
152789,1
46871,2
46871,1
314705,2
314705,1
357512,2
357512,1
286068,2
286068,1
73054,2
73054,1
150430,2
150430,1
46738,2
46738,1
81870,2
81870,1
7807,2
7807,1
68933,2
68933,1
7830,2
7830,1
64980,2
64980,1
45685,2
45685,1
284644,2
284644,1
114470,2
114470,1
237098,2
237098,1
182780,2
182780,1
177416,2
177416,1
177418,2
177418,1
92806,2
92806,1
94933,2
94933,1
100033,2
33526,2
33526,1
502222,2
502222,1
50284,2
50284,1
33452,2
33452,1
64331,2
64331,1
223671,2
223671,1
7871,2
7871,1
309409,2
309409,1
33489,1
241466,2
241466,1
61367,2
61367,1
41772,2
41772,1
231952,2
231952,1
318594,2
318594,1
8166,2
8166,1
72095,2
72095,1
33645,2
33645,1
8173,2
8173,1
45497,2
45497,1
351062,2
351062,1
344492,2
344492,1
94383,2
94383,1
293481,2
293481,1
8278,1
327523,1
168709,1
170222,1
178353,1
282197,1
345106,2
345106,1
8462,2
8462,1
75511,2
75511,1
8463,2
8463,1
373026,2
373026,1
96043,2
96043,1
311353,2
311353,1
518106,2
518106,1
293184,2
293184,1
293179,2
293179,1
195598,2
195598,1
91696,2
91696,1
201546,2
201546,1
8649,2
8649,1
278444,1
326219,1
237391,1
272339,1
334583,1
525442,1
252326,1
270295,1
222214,1
127167,1
222218,1
208888,1
251402,1
64134,1
251406,1
313794,1
180740,1
159286,1
156645,1
143295,2
143295,1
239153,2
239153,1
118025,2
118025,1
149100,2
149100,1
8960,2
8960,1
356895,2
356895,1
357111,2
357111,1
357063,2
357063,1
356896,2
356896,1
534071,1
141321,1
377833,1
356955,1
378218,1
377842,1
525995,2
525995,1
57325,2
57325,1
105192,2
105192,1
9024,1
179288,1
228578,1
9181,1
99819,1
227009,1
280648,1
248557,1
273951,2
273951,1
125376,2
125376,1
44003,2
44003,1
9492,2
9492,1
109084,1
56552,1
76226,1
66569,1
64747,1
142171,2
142171,1
122486,2
122486,1
54271,2
54271,1
115948,2
115948,1
286928,2
286928,1
206601,2
206601,1
138742,2
138742,1
122048,2
122048,1
404489,1
30467,2
30467,1
86169,2
86169,1
63331,2
63331,1
80993,2
80993,1
45688,2
45688,1
74036,1
140114,1
134909,1
351647,1
351648,1
351649,1
351650,1
327529,1
121237,1
507801,1
195288,1
10918,1
525436,1
525372,1
11074,1
11077,1
61681,1
59331,1
159833,1
76327,1
224260,1
135251,1
49979,1
49399,1
70498,2
70498,1
48450,2
48450,1
381494,1
90151,2
90151,1
11915,2
11979,1
160181,2
160181,1
91490,2
113825,2
160292,1
71487,2
71487,1
74744,1
94257,1
120167,2
120167,1
41979,2
41979,1
171231,2
171231,1
61055,2
61055,1
113927,1
65005,1
12573,1
253133,1
253134,1
219513,1
219367,1
240258,1
12583,2
12583,1
209158,2
209158,1
512566,2
512566,1
505093,1
505091,1
505090,1
505092,1
235847,2
235847,1
235857,2
235857,1
12710,2
12710,1
85221,2
85221,1
76865,2
76865,1
90892,2
90892,1
290682,2
290682,1
235887,2
83046,2
83046,1
93603,2
93603,1
53385,2
53385,1
224521,2
224521,1
228463,2
228463,1
91821,2
128939,2
128939,1
62122,2
62122,1
41701,2
41701,1
90660,2
90660,1
51538,2
51538,1
376155,2
376155,1
85075,2
85075,1
97889,2
97889,1
13024,2
13024,1
291780,2
291780,1
59463,2
59463,1
13547,2
13547,1
288333,2
288333,1
368104,2
368104,1
13561,2
13561,1
76913,2
76913,1
13566,2
13566,1
23256,2
23256,1
305561,2
305561,1
13621,2
13621,1
53001,2
53001,1
305566,2
305566,1
288334,2
288334,1
305568,2
305568,1
53424,2
53424,1
374628,1
58123,1
58003,1
73748,2
73748,1
13666,2
13666,1
61397,2
61397,1
97804,2
97804,1
95321,2
95321,1
63154,2
63154,1
74095,2
74095,1
44715,2
44715,1
81738,2
81738,1
87963,2
87963,1
90583,2
90583,1
533353,2
533353,1
531255,2
531255,1
532734,2
532734,1
152023,2
152023,1
533195,2
533195,1
526476,2
526476,1
127951,2
127951,1
111913,1
21338,2
13790,2
13790,1
95871,2
95871,1
535697,2
535697,1
75169,2
75169,1
13817,2
13817,1
131934,1
224709,2
224709,1
13906,1
147712,1
214773,1
13844,2
13844,1
13847,2
13847,1
28164,1
99987,1
14323,2
14323,1
49485,2
49485,1
270150,2
270150,1
66573,2
66573,1
84000,2
84000,1
100603,2
100603,1
100604,2
100604,1
14387,2
14387,1
14391,2
14391,1
165446,1
44128,1
52929,1
115769,1
108995,1
263717,1
16109,2
16109,1
64488,2
64488,1
85024,2
85024,1
78129,2
78129,1
383169,2
383169,1
370997,2
370997,1
70509,2
70509,1
300171,1
16203,1
16214,1
500220,2
500220,1
16253,2
16253,1
16287,2
16287,1
243192,2
243192,1
91557,2
91557,1
16440,2
16440,1
21222,2
21222,1
234635,2
234635,1
99388,2
99388,1
21360,1
16460,1
163967,1
41775,2
41775,1
16488,2
16488,1
240260,1
191306,1
191311,1
95925,2
45509,2
45509,1
225382,2
225382,1
64857,2
64857,1
521686,1
25162,2
25162,1
94664,2
94664,1
195374,2
195374,1
325234,1
133317,2
133317,1
512057,1
87250,2
83563,2
97585,2
97585,1
74283,2
74283,1
103783,2
103783,1
128942,1
225431,2
225431,1
117000,2
117000,1
99616,2
56259,2
56259,1
280335,2
280335,1
195379,2
195379,1
40379,2
63842,2
368277,1
89829,2
89829,1
344814,1
375971,1
375972,1
225459,2
56377,2
91079,2
91079,1
86763,1
55918,2
55918,1
97334,1
157039,2
157039,1
62897,2
62897,1
375970,1
225479,2
225484,2
108758,1
302044,2
302044,1
16554,2
16554,1
16556,2
16565,1
246150,1
246151,1
16574,1
246148,1
116214,1
328884,2
328884,1
155536,1
16644,1
225533,2
225533,1
98569,2
195391,2
16727,2
16727,1
16730,1
225485,2
225485,1
180269,1
66280,1
68758,1
104164,2
104164,1
370261,1
16887,2
16887,1
195824,2
195824,1
75529,2
75529,1
306877,1
45911,2
45911,1
350043,1
225576,1
256713,2
256713,1
87307,2
87307,1
16920,2
16920,1
83286,2
83286,1
66085,2
66085,1
78384,2
78384,1
16925,1
82836,2
82836,1
524877,2
524877,1
526453,2
526453,1
526638,2
526638,1
524921,2
524921,1
376025,1
60435,2
60435,1
70039,2
70039,1
256679,2
256679,1
257242,2
257242,1
256680,2
256680,1
69337,2
69337,1
16931,2
16931,1
87660,1
42609,1
301918,1
82159,2
82159,1
16933,1
78649,2
78649,1
45242,2
45242,1
46180,1
47991,1
325581,2
325581,1
324879,2
114382,1
16951,2
16951,1
308211,1
306881,1
61418,2
61418,1
16957,1
16958,1
16959,1
317173,1
47528,1
95964,1
84785,1
16964,2
16964,1
46932,2
46932,1
64282,2
16965,2
16965,1
43953,1
289512,1
195290,1
350044,1
350045,1
301988,2
301988,1
97277,2
97277,1
171931,1
256693,2
256693,1
109427,1
524690,2
524690,1
85630,1
16974,2
16974,1
47291,1
105757,1
16979,2
16979,1
353550,1
77793,1
511823,1
350047,1
16986,2
16986,1
528727,2
528727,1
336821,1
80785,1
64652,1
75901,1
369573,1
115655,1
16996,1
51475,1
16997,1
16998,1
75476,1
524693,2
524693,1
91168,2
91168,1
85814,1
524694,2
524694,1
526465,2
526465,1
17001,1
79656,2
79656,1
256715,1
79568,1
101770,1
89136,1
93223,1
307939,1
67435,1
74284,1
46031,1
117391,1
17010,1
168079,1
58466,1
45750,1
211143,2
211143,1
95790,1
58719,1
168522,1
326334,1
87306,1
44194,2
44194,1
54962,2
54962,1
66137,2
66137,1
74498,1
232439,1
103264,1
52619,2
52619,1
90261,2
90261,1
57435,2
57435,1
44822,2
44822,1
48751,2
48751,1
44196,2
44196,1
89542,2
89542,1
178848,2
178848,1
122077,2
122077,1
46166,2
46166,1
359017,2
359017,1
220544,2
220544,1
211509,2
211509,1
62904,2
62904,1
60437,2
60437,1
77944,2
77944,1
342861,2
342861,1
374058,2
374058,1
46615,2
46615,1
68170,2
68170,1
81293,2
81293,1
208907,2
208907,1
64530,2
64530,1
68416,2
68416,1
72180,2
72180,1
334387,2
334387,1
386397,2
386397,1
66448,2
66448,1
72181,2
72181,1
73647,2
73647,1
82277,2
82277,1
81874,2
81874,1
45920,2
45920,1
54851,2
54851,1
83223,2
83223,1
59744,2
59744,1
374072,2
374072,1
283626,2
283626,1
374073,2
374073,1
80905,2
80905,1
386390,2
386390,1
59257,2
59257,1
45006,2
45006,1
56590,2
56590,1
49612,2
49612,1
382393,2
382393,1
44735,2
44735,1
152106,2
152106,1
170598,2
170598,1
382395,2
382395,1
254378,2
254378,1
71122,2
71122,1
71605,2
71605,1
76830,2
76830,1
47173,2
47173,1
116074,2
116074,1
74801,2
74801,1
76948,2
76948,1
229596,2
229596,1
342889,2
342889,1
80814,2
80814,1
84675,2
84675,1
373886,2
373886,1
61631,2
61631,1
219688,2
219688,1
53115,2
53115,1
374084,2
374084,1
116077,2
116077,1
56986,2
56986,1
63983,2
63983,1
48769,2
48769,1
196108,2
196108,1
64233,2
64233,1
42937,2
42937,1
83667,2
83667,1
314067,2
314067,1
334407,2
334407,1
56379,1
44280,2
44280,1
45266,2
45266,1
170613,2
170613,1
76831,2
76831,1
314070,2
314070,1
526379,2
526379,1
152114,2
152114,1
42368,2
42368,1
194811,1
253314,2
253314,1
254380,2
254380,1
182819,2
182819,1
376509,2
376509,1
152116,2
152116,1
314077,2
314077,1
62199,2
62199,1
522610,2
522610,1
522040,2
522040,1
384035,2
384035,1
382845,2
382845,1
384037,2
384037,1
384038,2
384038,1
384039,2
384039,1
384040,2
384040,1
384042,2
384042,1
515375,2
515375,1
382847,2
382847,1
384045,2
384045,1
384046,2
384046,1
520492,2
520492,1
373440,2
373440,1
519075,2
519075,1
47611,2
47611,1
211957,2
211957,1
126239,2
126239,1
70513,1
505385,2
505385,1
519702,2
519702,1
373441,2
373441,1
518465,2
518465,1
136453,2
136453,1
64996,2
64996,1
44689,1
131464,2
131464,1
70992,2
70992,1
73484,2
73484,1
156343,1
92145,1
57506,2
57506,1
80904,2
80904,1
92367,2
92367,1
83724,2
83724,1
17141,2
17141,1
52100,2
52100,1
74455,2
74455,1
70090,1
87690,2
87690,1
17289,2
17314,2
17314,1
86362,2
86362,1
360259,2
360259,1
100956,2
100956,1
86486,2
86486,1
112142,2
112142,1
234612,2
234612,1
17345,2
17345,1
293180,2
293180,1
85303,1
47503,1
102549,2
102549,1
249132,1
318960,1
377622,1
377794,1
17912,2
17912,1
245460,2
245460,1
166604,1
23297,2
23297,1
18065,1
18087,2
18087,1
522883,1
42639,1
530211,1
120553,1
373500,1
104546,1
114378,1
80478,1
101927,1
304458,1
18331,1
18500,1
18534,1
284544,1
290414,2
290414,1
147748,1
231111,1
45995,1
251812,2
251812,1
181738,2
181738,1
272606,2
272606,1
85450,1
506104,1
18855,2
18855,1
117502,2
117502,1
102434,2
102434,1
181622,2
181622,1
54910,2
54910,1
94459,2
94459,1
293635,2
293635,1
65863,2
65863,1
216553,2
216553,1
506359,2
506359,1
299891,2
299891,1
67270,2
67270,1
63148,2
63148,1
215144,1
82731,2
82731,1
42429,1
18983,1
194829,2
194829,1
57565,2
57565,1
19001,2
19001,1
91862,2
91862,1
240247,1
117319,1
54755,1
19006,2
19006,1
19012,2
19012,1
101004,2
101004,1
63609,2
63609,1
19015,2
19015,1
520177,2
520177,1
19022,2
19022,1
46360,2
46360,1
61856,2
61856,1
29228,1
168881,1
139739,1
357439,1
169367,1
138131,1
296590,1
387205,2
387205,1
387206,2
387206,1
52704,2
52704,1
185029,2
185029,1
338095,2
338095,1
338096,2
338096,1
327246,2
327246,1
376732,2
376732,1
110357,2
184278,2
361290,2
361290,1
297705,2
297705,1
238401,2
238401,1
151231,2
151231,1
77358,2
249724,2
249724,1
108217,2
334699,2
334699,1
325816,2
325816,1
324871,2
324871,1
320526,2
320526,1
325064,2
325064,1
375128,2
375128,1
361289,2
361289,1
26193,2
26193,1
52987,2
52987,1
500318,2
185144,1
302,2
302,1
106401,2
106401,1
327832,2
327832,1
336607,2
336607,1
297703,2
297703,1
347378,2
347378,1
347379,2
347379,1
354027,2
354027,1
353058,2
353058,1
377188,2
377188,1
376754,2
376754,1
504210,2
504210,1
258420,2
297699,2
297699,1
380447,2
380447,1
375016,2
375016,1
178334,2
297701,2
297701,1
274490,2
274490,1
238216,2
238216,1
258428,2
258428,1
297425,2
297425,1
256119,2
256119,1
373754,2
373754,1
372016,2
372016,1
372017,2
372017,1
503739,2
503739,1
503868,2
503868,1
350978,2
350978,1
343954,2
343954,1
343953,2
343953,1
354026,2
354026,1
350979,2
350979,1
135867,2
135867,1
44718,2
44718,1
77963,2
77963,1
296025,2
296025,1
191321,2
191321,1
318,1
54640,2
54640,1
54641,2
54641,1
41919,2
281479,2
281479,1
206879,2
206879,1
176027,2
176027,1
89047,2
89047,1
526560,1
526559,1
207813,2
207813,1
182692,2
182692,1
117878,1
96541,1
185354,1
185359,1
185365,1
100451,1
185368,1
405,1
81244,1
33913,1
222461,1
407,1
254857,1
185369,1
408,1
71245,1
156097,2
156097,1
185440,2
185440,1
363517,1
26278,2
26278,1
26279,2
26279,1
434,2
434,1
50171,1
171678,1
23998,1
76167,1
54853,1
185482,1
59406,1
20650,1
62413,1
47736,1
48624,1
156106,1
77099,1
213543,1
92909,1
500148,1
458,1
193120,1
465,1
386582,1
146340,1
536810,1
319438,1
338880,1
368458,1
515161,1
522171,1
522174,1
530553,1
379006,1
311069,1
336457,1
369341,1
370249,1
185695,1
63396,1
152146,1
99112,2
99112,1
222471,2
222471,1
22926,2
22926,1
100651,2
100651,1
349493,1
353080,1
285359,1
332720,1
155204,1
310030,1
179926,1
332728,1
343581,1
272856,1
168022,1
370231,1
526122,1
532927,1
535543,1
194891,1
339259,1
300254,1
314383,1
341792,1
332732,1
93340,1
93787,1
501776,1
343595,1
343596,1
332737,1
90189,1
298007,1
160528,1
343603,1
51904,1
344129,1
117881,1
368326,1
343606,1
343605,1
242219,1
151732,1
299110,1
384135,1
343611,1
339270,1
349772,1
132278,1
209335,1
135631,1
343615,1
313753,1
71769,1
221228,1
71770,1
323500,1
270716,1
524501,1
324448,1
64012,1
102154,1
332749,1
117077,1
196611,1
136962,1
370635,2
313809,1
367532,2
325881,1
236822,1
532521,1
367531,2
297963,1
367533,1
158286,1
533229,1
524894,1
336861,1
335518,1
26343,1
283775,1
52260,1
114383,1
114384,1
297680,1
339260,1
26350,1
26353,1
133920,1
90887,1
138009,1
96822,1
49946,1
168916,1
185816,1
151728,1
209417,2
209417,1
315657,1
333015,2
333015,1
226159,2
226159,1
526002,2
526002,1
526060,2
526060,1
350001,1
383606,1
388760,1
254464,1
520338,1
518409,1
92017,1
520630,1
519984,1
518927,1
520525,1
287740,1
704,1
120656,1
187731,1
185965,2
185965,1
272993,1
44542,1
279630,2
114966,2
114966,1
166321,1
228421,1
234101,2
234101,1
301679,2
301679,1
175581,1
134888,1
740,1
200794,1
218332,2
218332,1
177997,1
195061,2
195061,1
118690,1
135633,2
135633,1
179996,1
286735,1
228228,1
306939,1
69895,2
69895,1
96133,2
96133,1
174980,1
186909,1
134893,1
378357,1
377232,2
377232,1
378358,1
374128,2
374128,1
502083,2
502083,1
130125,1
524903,1
762,1
351027,2
351027,1
61531,2
61531,1
766,2
766,1
500063,2
500063,1
186014,2
186014,1
105378,2
105378,1
26453,2
26453,1
522691,2
522691,1
334453,2
334453,1
186015,2
186015,1
186016,2
186016,1
113052,2
113052,1
186019,2
186019,1
774,2
774,1
776,2
776,1
45972,2
45972,1
298071,2
298071,1
516803,2
516803,1
63069,2
63069,1
70096,2
70096,1
330904,2
330904,1
186041,2
186041,1
284494,2
284494,1
331016,1
343927,1
512354,2
512354,1
353954,1
137777,1
387358,1
315303,2
315303,1
211281,1
511412,2
511412,1
186087,1
316846,1
75887,1
71762,1
186125,1
263328,1
95167,2
95167,1
522263,2
522263,1
174946,2
174946,1
832,1
167250,1
131208,2
131208,1
377192,2
377192,1
64050,2
64050,1
186229,1
100677,1
522569,1
368722,2
368722,1
197214,2
197214,1
109457,2
109457,1
92585,2
92585,1
111998,2
111998,1
238554,2
238554,1
91013,2
91013,1
97949,2
97949,1
867,2
867,1
359740,2
359740,1
229585,1
269914,2
269914,1
70052,2
70052,1
26956,2
26956,1
871,1
132573,1
874,1
124925,2
124925,1
285398,1
27616,2
27616,1
272242,1
275144,1
124114,2
124114,1
270424,1
517751,2
517751,1
65496,1
257840,1
306941,2
306941,1
136801,1
517752,1
297436,1
354306,1
226431,1
371060,1
344041,1
273715,1
368968,1
87858,1
525837,1
26530,1
215698,1
953,1
110071,1
321449,1
517753,1
20061,1
365563,1
385479,1
201319,1
292305,1
80443,1
115042,1
368355,2
368355,1
157539,1
320748,1
141820,1
374129,1
273622,1
180849,1
361636,1
146434,1
515169,1
229836,1
334345,1
339576,1
328217,1
364015,1
334342,1
327130,1
307599,1
290617,1
327129,1
301034,1
243577,1
182954,1
293006,1
269948,1
297220,1
180807,1
152936,1
334329,1
241023,1
202305,2
202305,1
180808,2
180808,1
180809,2
180809,1
180848,1
358742,1
316431,1
108428,1
228339,1
180812,1
103302,1
273707,1
510847,1
257086,2
257086,1
270880,1
221486,2
221486,1
510367,1
113363,1
113380,1
171889,1
146401,1
216049,2
216049,1
113368,1
221487,1
301042,1
334340,1
353059,1
301037,1
301038,1
339574,1
525943,1
353096,1
339575,1
364000,1
308778,1
369980,1
525991,1
308784,1
359356,1
308780,1
517673,1
337096,1
288799,1
350492,1
525952,1
525767,1
510441,1
525721,1
301040,1
510790,1
508231,1
525910,1
364001,1
511137,1
301044,1
190923,1
522545,1
373765,1
288125,1
221484,1
346108,1
287961,1
308789,1
242688,2
242688,1
337337,1
386744,1
290621,1
301045,1
288127,1
288128,1
369968,1
275443,1
522727,1
368491,1
368492,1
368493,1
368495,1
368496,1
104943,1
322880,1
272540,1
299650,1
227033,1
334334,1
360968,1
241022,1
322073,1
368969,1
334337,1
322074,1
307094,1
334339,1
350980,1
299654,1
291177,1
299655,1
375252,1
510897,1
525594,1
351926,1
375253,1
351927,1
307601,1
369285,1
525611,1
307602,1
517754,1
358741,1
307603,1
517388,1
336803,1
303578,1
299684,1
508034,1
350003,1
525736,1
367688,1
299693,1
291180,1
516806,1
48552,1
286427,1
113369,1
338004,1
122422,1
500035,1
286428,1
307605,1
118576,1
247732,2
247732,1
216399,1
336416,1
385310,1
263544,1
152383,1
299696,1
286430,1
286431,1
121932,1
243754,2
243754,1
194662,1
269530,1
113381,1
511142,1
510998,1
525702,1
525040,1
525865,1
189858,1
260929,1
370826,2
1032,2
1032,1
112677,2
112677,1
26568,2
26568,1
94995,2
94995,1
156188,2
1039,2
1040,2
273588,2
297973,1
369286,2
88188,2
218985,2
218985,1
186565,2
186565,1
535796,1
186601,1
25350,1
72957,2
72957,1
299467,1
188147,2
188147,1
188151,2
188151,1
188152,2
360076,1
381178,1
85069,1
165295,1
287124,1
96070,2
96070,1
112591,2
112591,1
1122,2
1122,1
92859,2
92859,1
26611,2
26611,1
377824,1
45000,1
188194,1
26621,1
503412,2
503412,1
503263,1
336402,2
336402,1
502042,1
226834,2
226834,1
525781,2
525781,1
273590,2
273590,1
522017,2
522017,1
512100,2
512100,1
180019,1
510464,2
510464,1
26656,2
26656,1
294276,2
26657,2
26657,1
1214,1
27335,2
27335,1
110782,2
110782,1
97279,2
97279,1
25512,2
25512,1
206958,2
206958,1
85579,2
85579,1
222519,2
222519,1
91698,2
91698,1
196537,2
196537,1
375719,2
375719,1
366280,2
366280,1
98981,2
98981,1
90635,2
90635,1
124283,2
124283,1
97771,2
97771,1
88424,2
88424,1
64352,2
64352,1
98508,2
98508,1
92488,2
92488,1
239110,2
239110,1
160929,2
160929,1
220130,2
220130,1
86513,2
86513,1
108378,1
370827,1
317617,1
317618,1
317619,1
370828,1
25509,1
25511,1
511893,1
255370,1
222522,1
286855,1
65288,1
25510,1
210962,1
333799,1
112679,1
54758,1
91632,1
95644,1
82538,2
82538,1
98998,1
69244,1
69245,1
153331,1
56938,1
26664,1
324882,1
324883,1
324881,1
138560,1
25669,1
294167,1
294168,1
294169,1
343007,2
343007,1
1227,2
1227,1
352786,2
352786,1
345827,2
345827,1
70216,2
70216,1
294608,2
1229,2
1229,1
294170,2
294170,1
188337,2
188337,1
90213,2
90213,1
525979,2
525979,1
222525,2
222525,1
26683,2
26683,1
26682,2
26682,1
298879,2
298879,1
211120,2
211120,1
89680,2
89680,1
134989,2
134989,1
272575,2
272575,1
1239,2
1239,1
145719,2
145719,1
98804,2
98804,1
95138,2
95138,1
112560,2
112560,1
374107,2
374107,1
19940,2
19940,1
155772,2
155772,1
154419,2
154419,1
238042,2
238042,1
72958,2
72958,1
1243,2
1243,1
137761,2
137761,1
43036,2
43036,1
165007,2
165007,1
26686,2
26686,1
286287,2
286287,1
57356,2
57356,1
61590,2
61590,1
65838,2
65838,1
128137,2
128137,1
69928,2
69928,1
44439,2
44439,1
26688,2
26688,1
517631,2
517631,1
90010,2
90010,1
47895,2
47895,1
93886,2
93886,1
127143,2
127143,1
51567,2
51567,1
336418,2
336418,1
219510,2
219510,1
234541,2
234541,1
207184,2
207184,1
43201,2
43201,1
65852,2
65852,1
241949,2
241949,1
180467,2
180467,1
65093,2
65093,1
253792,2
253792,1
65094,2
65094,1
253793,2
253793,1
72843,2
72843,1
227310,2
227310,1
44134,2
44134,1
344965,2
344965,1
92481,2
92481,1
96029,2
96029,1
99504,2
99504,1
343828,2
343828,1
270189,2
270189,1
154098,2
154098,1
94034,2
94034,1
96660,2
96660,1
97495,2
97495,1
137971,2
137971,1
43285,2
43285,1
271033,2
271033,1
336374,2
336374,1
50604,2
50604,1
170387,2
170387,1
1248,2
1248,1
1247,2
1247,1
114155,2
114155,1
88446,2
88446,1
1250,1
519785,2
519785,1
324127,2
324127,1
175061,1
26696,1
23148,2
23148,1
1252,1
1253,1
188345,2
188345,1
89688,2
89688,1
523286,2
523286,1
1260,2
1260,1
42540,2
42540,1
256779,2
256779,1
46845,2
268825,2
268825,1
135638,2
135638,1
26702,2
26702,1
101589,2
101589,1
86301,2
86301,1
91117,2
91117,1
504699,2
504699,1
501631,2
501631,1
153202,2
153202,1
307287,2
307287,1
127878,1
360231,1
48655,1
526126,1
115310,1
206364,1
344943,1
26735,1
27612,1
220842,1
152030,1
90197,1
114176,2
114176,1
102648,1
523027,1
298528,1
284066,1
400099,1
400206,1
47830,2
47830,1
60635,2
60635,1
310353,2
310353,1
91922,2
91922,1
126339,2
126339,1
49778,2
49778,1
198099,1
226213,1
167061,1
363336,1
364834,1
313256,1
313293,1
363337,1
252603,1
372594,1
250108,1
252604,1
1349,1
361697,1
372529,1
254482,1
250109,1
254489,1
84264,1
25099,1
169483,1
1360,1
319304,2
319304,1
131119,2
131119,1
131752,2
131752,1
134802,2
134802,1
137982,2
137982,1
130507,1
158939,1
237373,1
50961,2
50961,1
131121,2
131121,1
131123,1
60533,1
187234,1
187692,1
517554,2
517554,1
504054,2
504054,1
518868,2
518868,1
522003,2
522003,1
65706,1
352953,1
125530,1
187237,1
187235,1
187693,1
175066,1
201993,1
180296,1
175067,1
187479,1
306566,1
237444,1
504024,2
504024,1
517763,2
517763,1
517445,2
517445,1
522010,2
522010,1
71392,2
71392,1
55126,2
55126,1
187480,2
187480,1
211121,1
199277,1
286041,1
199278,1
217634,1
199276,1
316875,1
167859,1
188780,1
1399,2
1399,1
188782,2
188782,1
161993,1
113556,2
113556,1
367691,1
180960,2
180960,1
70527,2
70527,1
60534,2
60534,1
138475,2
138475,1
24697,2
24697,1
26809,1
134809,1
129882,1
71267,2
71267,1
134795,1
269660,1
26811,2
26811,1
78138,2
78138,1
188788,2
188788,1
1416,2
1416,1
188792,2
188792,1
188793,2
188793,1
1421,2
1421,1
103646,2
103646,1
188796,2
188796,1
1423,2
1423,1
1425,1
183665,1
47561,2
47561,1
127436,1
306242,1
273935,2
273935,1
273936,1
316876,1
273937,2
273937,1
273938,2
273938,1
109194,2
109194,1
86779,1
118897,2
118897,1
168662,1
273654,1
168665,1
359178,1
217646,1
510527,2
510527,1
300788,2
300788,1
270888,2
270888,1
106055,2
106055,1
49800,2
49800,1
1430,2
1430,1
222550,2
222550,1
222552,2
222552,1
104458,2
104458,1
81638,2
81638,1
180072,2
180072,1
377194,2
377194,1
377193,2
377193,1
344046,2
344046,1
168704,2
168704,1
343166,2
343166,1
343008,2
343008,1
358096,2
358096,1
142589,2
142589,1
112684,2
112684,1
62415,2
62415,1
370836,2
370836,1
377195,2
377195,1
43830,2
43830,1
45725,2
45725,1
188817,2
188817,1
1432,2
1432,1
511108,2
511108,1
275440,2
275440,1
510394,2
510394,1
1435,2
1435,1
1436,2
1436,1
26844,2
26844,1
1437,2
1437,1
180613,2
180613,1
26842,2
26842,1
283774,1
351179,1
269563,1
318585,2
318585,1
318584,2
318584,1
1491,2
1491,1
99909,2
99909,1
379240,1
180984,1
273939,1
374173,1
379241,1
525990,1
381416,2
381416,1
1569,1
80352,2
80352,1
389090,1
500798,1
375941,1
155780,2
155780,1
151197,2
151197,1
193255,1
108325,2
108325,1
1594,2
1594,1
370839,2
370839,1
285980,2
285980,1
370840,2
370840,1
525043,2
525043,1
47106,2
47106,1
324886,2
324886,1
324887,2
324887,1
324114,2
324114,1
324115,2
324115,1
115053,2
115053,1
524909,2
524909,1
44341,2
44341,1
352227,2
352227,1
358755,1
314701,2
314701,1
325981,1
380452,1
380449,1
380451,1
1608,2
1608,1
1614,1
47006,2
47006,1
152434,2
152434,1
125527,2
125527,1
90237,2
90237,1
504599,1
75118,1
105671,2
105671,1
90978,1
81777,2
81777,1
27126,1
1640,1
97590,2
97590,1
388030,1
522012,2
522012,1
100505,2
100505,1
63065,2
63065,1
28569,2
28569,1
64781,2
64781,1
78978,2
78978,1
49894,2
49894,1
27139,2
27139,1
52135,2
233831,2
233831,1
155649,1
1654,1
1655,1
1658,1
286762,1
91733,1
91466,1
92886,1
75112,1
87192,1
162862,1
1660,1
54447,1
286289,2
286289,1
182594,1
387736,2
387736,1
374040,2
374040,1
387735,2
387735,1
1663,2
1663,1
172511,2
172511,1
85462,1
217802,1
130646,1
189389,1
26878,1
241689,1
28198,1
191052,1
284824,1
189548,1
25922,1
189684,1
27204,1
27205,1
189722,1
3460,1
189728,1
73571,1
48025,2
48025,1
67138,2
67138,1
1730,1
365823,1
27212,1
100919,1
336808,2
336808,1
196135,2
196135,1
196136,2
196136,1
121425,2
121425,1
162505,2
162505,1
241267,2
241267,1
300345,2
300345,1
231632,2
231632,1
298567,2
298567,1
229514,2
229514,1
231646,2
231646,1
335499,2
335499,1
367693,2
367693,1
503862,2
503862,1
231644,2
231644,1
372030,2
372030,1
196141,2
196141,1
231622,2
231622,1
317621,2
317621,1
306598,2
306598,1
298568,2
298568,1
298569,2
298569,1
241268,2
241268,1
1745,2
1745,1
103473,2
103473,1
112693,2
112693,1
134735,2
134735,1
75386,2
75386,1
169262,2
169262,1
52128,2
52128,1
64683,2
64683,1
96378,2
96378,1
135947,2
135947,1
231603,2
231603,1
74863,2
27881,2
27881,1
27225,2
27225,1
93709,2
93709,1
128963,2
128963,1
288100,2
288100,1
504327,2
504327,1
153919,2
153919,1
520635,2
520635,1
211544,2
211544,1
367694,2
367694,1
210094,2
210094,1
240517,2
240517,1
151203,2
151203,1
210095,2
210095,1
317501,2
317501,1
211545,2
211545,1
221080,2
221080,1
94763,2
229787,2
27349,1
59853,2
59853,1
75489,2
75489,1
58204,2
58204,1
96597,2
96597,1
255344,2
255344,1
255345,2
255345,1
46516,2
46516,1
155278,2
155278,1
336428,2
336428,1
315877,2
315877,1
96242,2
96242,1
77047,2
77047,1
27426,2
27426,1
72635,2
72635,1
44510,2
44510,1
99888,2
99888,1
98242,2
98242,1
52850,2
52850,1
81355,2
81355,1
227693,2
227693,1
79900,2
79900,1
305910,2
305910,1
334711,2
334711,1
65137,2
65137,1
90242,2
90242,1
226813,2
226813,1
112717,2
112717,1
27394,2
27394,1
96317,2
96317,1
255350,2
255350,1
44659,2
44659,1
108441,2
108441,1
89133,2
89133,1
317238,2
317238,1
1776,2
1776,1
42334,2
42334,1
315313,2
315313,1
109879,2
109879,1
46334,1
171705,2
171705,1
98589,2
98589,1
1787,2
1787,1
179998,2
179998,1
93087,2
93087,1
260915,1
317622,1
317623,1
260914,1
260916,1
68526,1
93741,1
90688,1
280768,1
525428,2
525428,1
109690,1
299807,2
299807,1
59323,1
68958,2
68958,1
344443,1
226572,1
311498,2
311498,1
171090,2
171090,1
333006,1
324543,2
324543,1
280790,1
174931,1
27464,1
352903,2
352903,1
97102,2
97102,1
160505,1
53437,1
99628,1
27440,2
27440,1
222631,1
108661,1
93253,1
299808,1
287971,2
287971,1
298971,1
287975,1
291445,2
291445,1
291442,1
327580,1
291444,1
291443,1
172174,2
172174,1
106353,1
43665,1
244954,1
180137,1
174932,1
99329,1
284996,1
118676,1
115627,1
139016,1
117107,1
198301,1
284993,2
284993,1
298972,1
298969,2
298969,1
298968,1
324544,1
370844,1
370845,1
287977,1
298967,1
115997,2
115997,1
69260,1
284014,1
174930,2
174930,1
197536,2
197536,1
109128,1
110345,1
190894,2
190894,1
54603,2
54603,1
78956,2
78956,1
194583,2
194583,1
95707,1
52540,1
95706,1
280752,2
280752,1
137967,1
210608,1
105234,2
105234,1
1841,1
27466,1
222652,2
222652,1
94756,1
117696,1
95336,1
98049,1
65512,1
164615,1
180785,1
326211,2
222658,1
74741,1
80250,1
209053,2
333007,2
124793,1
99255,2
99255,1
71759,1
1875,1
154274,2
24947,2
24947,1
220840,1
92298,1
227839,1
25932,1
1893,1
100925,1
91028,1
28809,1
27562,1
27563,1
1898,1
124625,1
206268,1
271378,1
89520,1
271375,1
92151,1
208468,1
369320,1
168822,1
25912,1
62728,1
362638,2
362638,1
350612,2
350612,1
275201,2
275201,1
57847,2
57847,1
152848,2
152848,1
317627,2
317627,1
521151,2
521151,1
529178,2
529178,1
529168,2
529168,1
529097,2
529097,1
26319,2
79307,2
104537,2
377004,2
85510,2
112796,2
69503,2
529129,2
523358,1
67978,2
67978,1
1942,2
1942,1
1947,1
517215,1
1960,2
1960,1
97004,1
365844,1
1966,2
1966,1
154632,2
269306,1
137211,1
336103,1
81992,1
25609,1
191072,1
111534,1
196656,1
91151,1
130651,1
181476,1
109519,1
241118,1
257067,1
229799,1
331045,1
88455,1
88458,1
306841,1
88459,1
220039,1
88460,1
272183,1
101658,1
112175,1
503975,1
185241,1
181763,1
111834,1
65835,1
298145,1
269305,1
101659,1
241119,1
251378,1
60375,1
113353,1
286917,1
42264,1
94769,1
72255,1
278140,1
135186,1
27743,1
228267,1
27709,1
228268,1
105605,1
109119,1
177770,1
125871,1
529144,1
120111,1
65123,1
101657,1
317544,1
253472,1
191071,1
205285,1
84035,1
376563,1
51097,1
228140,1
27692,1
208899,1
27698,1
203618,1
110196,1
256296,1
352447,1
95775,1
63727,1
368145,1
191070,1
345464,1
251265,1
53776,1
251201,1
109513,1
88463,1
254958,1
378231,1
203627,1
65548,1
272460,1
203628,1
47849,1
2022,1
272702,1
203458,1
253960,1
153362,1
47826,1
29079,1
239113,1
27706,1
25610,1
27707,1
25606,1
103027,1
101666,1
2044,1
203563,1
135649,1
255919,1
27744,1
524402,1
2049,1
203682,1
27720,1
143085,1
203608,1
57789,1
203734,1
203909,2
203909,1
45973,2
45973,1
96547,2
96547,1
81381,2
81381,1
175786,2
175786,1
180582,2
180582,1
77786,2
77786,1
27849,2
27849,1
150921,2
150921,1
112699,2
112699,1
259035,2
259035,1
44729,2
44729,1
53413,2
53413,1
104381,2
104381,1
298575,2
298575,1
67090,2
67090,1
64421,2
64421,1
92505,2
92505,1
73120,2
73120,1
57364,2
57364,1
48270,2
48270,1
52252,2
52252,1
137069,2
137069,1
349775,2
349775,1
124340,2
124340,1
42405,2
42405,1
349776,2
349776,1
52150,2
52150,1
209800,2
209800,1
325969,2
325969,1
168503,2
168503,1
210883,2
210883,1
92935,2
92935,1
362394,2
362394,1
345641,2
345641,1
259037,2
259037,1
112797,2
112797,1
336660,2
336660,1
299978,2
299978,1
244097,2
244097,1
195110,2
195110,1
182597,2
182597,1
315317,2
315317,1
259053,2
259053,1
76330,2
76330,1
259054,2
259054,1
296605,2
296605,1
352577,2
352577,1
71198,2
71198,1
335567,2
335567,1
308103,2
308103,1
90555,2
90555,1
112606,2
112606,1
27855,2
27855,1
148138,2
148138,1
48770,2
48770,1
124857,2
124857,1
259052,2
259052,1
64763,2
64763,1
171298,2
171298,1
86788,2
86788,1
175787,2
175787,1
315318,2
315318,1
271010,2
271010,1
181832,2
181832,1
99850,2
99850,1
58257,2
58257,1
57403,2
57403,1
307885,2
307885,1
186763,2
186763,1
68408,2
68408,1
93354,2
93354,1
242400,2
242400,1
325440,2
325440,1
346713,2
346713,1
50441,2
50441,1
525099,2
525099,1
112798,2
112798,1
112607,2
112607,1
104224,2
104224,1
208286,2
208286,1
103600,2
103600,1
260683,2
260683,1
43081,2
43081,1
27858,2
27858,1
317257,2
317257,1
86145,2
86145,1
201320,2
201320,1
222732,2
222732,1
77485,2
77485,1
63709,2
63709,1
113325,2
113325,1
96802,2
96802,1
89581,2
89581,1
536966,2
536966,1
86004,2
86004,1
67089,2
67089,1
135652,2
135652,1
27844,2
27844,1
45974,2
45974,1
2207,2
2207,1
203874,1
203875,2
203875,1
151159,2
151159,1
97416,2
97416,1
174765,2
174765,1
226428,2
226428,1
294519,2
294519,1
197017,2
197017,1
272073,2
272073,1
262322,2
262322,1
135270,2
135270,1
203879,2
203879,1
2210,2
2210,1
203877,2
203877,1
86869,2
86869,1
98122,2
98122,1
73803,2
73803,1
135651,2
135651,1
49437,2
49437,1
114345,2
114345,1
198921,2
198921,1
113675,2
113675,1
173020,2
173020,1
203968,2
203968,1
55540,2
55540,1
42053,2
42053,1
169554,2
169554,1
2212,2
2212,1
93595,2
93595,1
369178,2
369178,1
219441,2
219441,1
181293,2
181293,1
107246,2
107246,1
42870,2
42870,1
365906,2
365906,1
2216,2
2216,1
507892,2
507892,1
284099,2
284099,1
96877,2
96877,1
186764,2
186764,1
89784,2
89784,1
2214,2
2214,1
529289,2
529289,1
92469,2
92469,1
178378,2
178378,1
173009,2
173009,1
27862,2
27862,1
203947,2
203947,1
27863,2
27863,1
203949,2
203949,1
186765,2
186765,1
203950,1
41828,1
29321,2
29321,1
377725,1
377715,1
377716,1
505102,1
377718,2
377718,1
368798,2
368798,1
513790,2
513790,1
513794,2
513794,1
513874,2
513874,1
347384,1
347383,1
2310,1
255691,1
30312,1
400305,1
204349,1
53610,1
2323,1
80876,1
351137,1
2348,2
2348,1
204497,2
204497,1
204685,1
338607,1
368009,1
2428,2
2428,1
100021,2
100021,1
214846,1
2433,1
79280,1
97494,1
76231,1
76232,1
274495,1
324620,1
121449,1
345060,1
295962,1
216557,1
260687,1
325971,1
208289,1
385340,1
382279,1
524970,1
205165,2
205165,1
205195,1
165100,1
28112,1
341736,1
2499,1
372476,1
363697,1
88527,1
69676,2
69676,1
129888,2
129888,1
372035,2
372035,1
372036,2
372036,1
84162,2
84162,1
2619,1
59883,1
68591,1
206173,2
206173,1
327971,1
206175,1
165894,2
165894,1
112293,2
112293,1
327970,1
206168,1
327972,2
327972,1
143674,2
143674,1
25653,2
25653,1
95188,2
95188,1
349556,2
349556,1
215950,2
215950,1
93924,2
93924,1
93925,2
93925,1
99892,2
99892,1
90207,2
90207,1
57220,2
57220,1
91929,2
91929,1
322286,2
322286,1
94243,2
94243,1
97678,2
97678,1
89006,2
89006,1
173101,2
173101,1
28286,2
28286,1
29695,2
29695,1
280770,2
280770,1
90647,2
90647,1
318738,2
318738,1
127596,2
127596,1
29700,2
29700,1
2714,2
2714,1
318740,2
318740,1
92580,2
92580,1
93882,2
93882,1
215952,2
215952,1
96864,2
96864,1
89287,2
89287,1
307700,2
307700,1
162666,2
162666,1
192907,2
192907,1
96823,2
96823,1
156680,2
156680,1
99514,2
99514,1
109782,2
109782,1
97673,2
97673,1
94039,2
94039,1
93516,2
93516,1
30047,2
30047,1
380745,2
380745,1
91662,2
91662,1
128918,2
128918,1
96253,2
96253,1
218389,2
218389,1
92649,2
92649,1
146670,2
146670,1
29719,2
29719,1
218390,2
218390,1
30050,2
30050,1
89621,2
89621,1
174531,2
174531,1
99903,2
99903,1
192908,2
192908,1
29722,2
29722,1
89793,2
89793,1
358127,2
358127,1
162665,2
162665,1
30054,2
30054,1
30055,2
30055,1
30058,2
30058,1
94801,2
94801,1
318739,2
318739,1
93094,2
93094,1
183913,2
183913,1
174532,2
174532,1
156681,2
156681,1
34147,2
34147,1
94427,2
94427,1
96519,2
96519,1
30060,2
30060,1
89796,2
89796,1
30063,2
30063,1
96649,2
96649,1
218392,2
218392,1
25654,2
25654,1
29727,2
29727,1
94430,2
94430,1
99807,2
99807,1
235362,2
235362,1
328858,2
328858,1
368328,2
368328,1
92679,2
92679,1
128919,2
128919,1
156678,2
156678,1
96721,2
96721,1
93710,2
93710,1
89842,2
89842,1
156679,2
156679,1
30068,2
30068,1
215953,2
215953,1
90267,2
90267,1
156045,2
156045,1
111816,2
111816,1
337975,2
337975,1
199699,2
199699,1
96224,2
96224,1
29743,2
29743,1
307701,2
307701,1
99731,2
99731,1
28297,2
28297,1
173086,2
173086,1
45996,2
45996,1
82437,2
82437,1
93926,2
93926,1
30075,2
30075,1
99893,2
99893,1
29750,2
29750,1
90208,2
90208,1
174099,2
174099,1
30077,2
30077,1
97013,2
97013,1
215955,2
215955,1
177085,2
177085,1
215956,2
215956,1
96457,2
96457,1
318753,2
318753,1
97679,2
97679,1
30080,2
30080,1
93849,2
93849,1
90339,2
90339,1
95634,2
95634,1
241927,2
241927,1
29764,2
29764,1
215957,2
215957,1
92581,2
92581,1
108094,2
108094,1
93883,2
93883,1
96865,2
96865,1
199700,2
199700,1
502796,2
502796,1
215958,2
215958,1
89141,2
89141,1
74606,2
74606,1
96825,2
96825,1
63106,2
63106,1
235363,2
235363,1
349553,2
349553,1
171382,2
171382,1
99840,2
99840,1
30090,2
30090,1
30091,2
30091,1
96590,2
96590,1
30092,2
30092,1
110204,2
110204,1
325686,2
325686,1
92006,2
92006,1
26088,2
26088,1
183915,2
183915,1
92007,2
92007,1
98470,2
98470,1
94488,2
94488,1
93507,2
93507,1
96815,2
96815,1
89701,2
89701,1
97135,2
97135,1
2726,2
2726,1
92416,2
92416,1
92417,2
92417,1
96996,2
96996,1
28310,2
28310,1
108793,2
108793,1
30094,2
30094,1
338788,2
338788,1
156055,2
156055,1
113430,2
113430,1
96984,2
96984,1
89888,2
89888,1
90139,2
90139,1
95771,2
95771,1
364876,2
364876,1
69558,2
69558,1
215960,2
215960,1
100320,2
100320,1
294567,2
294567,1
331059,2
331059,1
93680,2
93680,1
333436,2
333436,1
83995,2
83995,1
329069,2
329069,1
90064,2
90064,1
90786,2
90786,1
92547,2
92547,1
156675,2
156675,1
98825,2
98825,1
97423,2
97423,1
98826,2
98826,1
96989,2
96989,1
99149,2
99149,1
199702,2
199702,1
94633,2
94633,1
156056,2
156056,1
318754,2
318754,1
30104,2
30104,1
90483,2
90483,1
97743,2
97743,1
95594,2
95594,1
98655,2
98655,1
30108,2
30108,1
380751,2
380751,1
95541,2
95541,1
172109,2
172109,1
222803,2
222803,1
54370,2
54370,1
93302,2
93302,1
93758,2
93758,1
94304,2
94304,1
56384,2
56384,1
95973,2
95973,1
291736,2
291736,1
128920,2
128920,1
92956,2
92956,1
96421,2
96421,1
99717,2
99717,1
128821,2
128821,1
344137,2
344137,1
318756,2
318756,1
313310,2
313310,1
368339,2
368339,1
95241,2
95241,1
98155,2
98155,1
90940,2
90940,1
92776,2
92776,1
110243,2
110243,1
128523,2
128523,1
92959,2
92959,1
313308,2
313308,1
171385,2
171385,1
96422,2
96422,1
99718,2
99718,1
30118,2
30118,1
95242,2
95242,1
90941,2
90941,1
93326,2
93326,1
93327,2
93327,1
94306,2
94306,1
98374,2
98374,1
80746,2
80746,1
92286,2
92286,1
94094,2
94094,1
96892,2
96892,1
99370,2
99370,1
99371,2
99371,1
171384,2
171384,1
91795,2
91795,1
95200,2
95200,1
96052,2
96052,1
92747,2
92747,1
332289,2
332289,1
369951,2
369951,1
89664,2
89664,1
215965,2
215965,1
41809,2
41809,1
98916,2
98916,1
98917,2
98917,1
90906,2
90906,1
43704,2
43704,1
30124,2
30124,1
174537,2
174537,1
87953,2
87953,1
91936,2
91936,1
275819,2
275819,1
112724,2
112724,1
318742,2
318742,1
30126,2
30126,1
368350,2
368350,1
99643,2
99643,1
30127,2
30127,1
349554,2
349554,1
358129,2
358129,1
87951,2
87951,1
254833,2
254833,1
95684,2
95684,1
358130,2
358130,1
168757,2
168757,1
328518,2
328518,1
93008,2
93008,1
96325,2
96325,1
199704,2
199704,1
146669,2
146669,1
199705,2
199705,1
177086,2
177086,1
235364,2
235364,1
174539,2
174539,1
99109,2
99109,1
113431,2
113431,1
95840,2
95840,1
156558,2
156558,1
380755,2
380755,1
34149,2
34149,1
30130,2
30130,1
92348,2
92348,1
103114,2
103114,1
98294,2
98294,1
94581,2
94581,1
275821,2
275821,1
325689,2
325689,1
30133,2
30133,1
73232,2
73232,1
29881,2
29881,1
318743,2
318743,1
380744,2
380744,1
364871,2
364871,1
349555,2
349555,1
174542,2
174542,1
95329,2
95329,1
90959,2
90959,1
89988,2
89988,1
313309,2
95745,2
95745,1
199706,2
199706,1
143914,2
143914,1
364872,2
364872,1
291734,2
291734,1
313307,2
313307,1
304848,2
304848,1
91940,2
91940,1
98959,2
98959,1
288661,2
288661,1
2740,2
2740,1
91806,2
91806,1
364877,2
364877,1
333440,2
333440,1
218395,2
218395,1
91568,2
91568,1
30138,2
30138,1
92658,2
92658,1
173137,2
173137,1
98097,2
98097,1
108310,2
108310,1
30139,2
30139,1
380747,2
380747,1
174544,2
174544,1
388812,2
388812,1
388809,2
388809,1
388813,2
388813,1
357440,1
152009,1
96793,2
96793,1
107585,1
522738,1
522442,1
521975,1
522469,1
522290,1
522294,1
522482,1
280891,1
327503,1
327501,1
40908,2
99367,1
240552,1
240555,1
221898,1
504377,1
219678,1
281268,1
286105,2
286105,1
219310,2
219310,1
273917,1
300322,2
300322,1
308452,1
308451,1
369168,1
254786,1
375154,1
163137,1
369166,1
379589,1
221902,1
221903,1
336357,1
297739,2
297739,1
326224,1
336356,1
369165,1
326223,1
163136,2
163136,1
352433,1
316842,1
268823,2
268823,1
384333,1
107891,1
261428,1
107908,1
28025,1
341360,1
273287,1
87915,1
27671,1
353071,1
337067,1
337066,1
337064,1
343221,1
186536,1
368047,1
327494,1
82106,1
225851,1
522764,1
126713,1
90488,1
66264,1
72784,1
19198,1
19193,1
46876,1
97250,1
258231,1
229682,1
341944,1
312906,1
341946,1
308859,1
341960,1
355332,1
371666,1
309523,1
325264,1
308855,1
525645,1
355321,1
350202,1
289573,1
71779,1
76725,1
355326,1
368300,1
357552,1
349633,1
349626,1
158374,1
355339,1
355318,1
221885,1
274899,1
250042,1
312904,1
363021,1
250036,1
66068,1
365747,1
299982,1
19181,2
19181,1
522459,2
522459,1
193708,1
67816,1
285299,2
285299,1
263239,2
263239,1
220461,2
220461,1
161989,2
161989,1
72972,1
19068,1
61504,1
103197,1
371585,1
355307,1
518024,2
518024,1
518085,2
518085,1
518056,2
518056,1
43996,2
43996,1
161880,2
161880,1
517959,2
517959,1
517958,2
517958,1
293124,2
293124,1
250182,2
250182,1
136283,2
136283,1
161851,1
296630,1
316657,2
316657,1
210259,2
210259,1
170434,2
170434,1
86875,2
86875,1
273143,2
273143,1
46676,2
46676,1
126215,2
126215,1
46675,2
46675,1
205107,2
205107,1
135273,1
70458,2
70458,1
19014,2
19014,1
76488,1
98441,1
19008,2
19008,1
63161,2
63161,1
335672,1
86865,1
94767,1
89968,1
189974,1
240757,1
145711,2
145711,1
86866,1
179141,1
250799,2
250799,1
250792,1
250787,1
99231,1
179134,2
179134,1
101003,1
179860,2
179860,1
511991,2
511991,1
194766,1
153090,2
153090,1
58399,2
58399,1
71784,2
71784,1
153168,2
153168,1
18997,1
517195,2
517195,1
134176,2
134176,1
89010,1
84633,1
101000,2
101000,1
196714,2
196714,1
116324,2
116324,1
154103,2
154103,1
350498,2
350498,1
124826,2
124826,1
95508,2
95508,1
344816,2
344816,1
64837,2
64837,1
521888,2
521888,1
212174,2
212174,1
170745,2
170745,1
511892,2
511892,1
126347,2
126347,1
63149,2
63149,1
522978,2
522978,1
154102,2
154102,1
137825,2
137825,1
124825,2
124825,1
88361,2
88361,1
70708,2
70708,1
18990,2
18990,1
255279,2
255279,1
18984,2
18984,1
350032,2
350032,1
307071,2
307071,1
307070,2
307070,1
361462,2
361462,1
368298,1
72196,1
368299,2
368299,1
368297,2
368297,1
115835,1
65636,1
154284,2
154284,1
77261,2
77261,1
180769,1
58813,2
58813,1
360527,2
360527,1
75202,2
75202,1
181728,2
181728,1
522091,2
522091,1
78952,2
78952,1
90071,1
57521,2
57521,1
215141,1
361461,2
361461,1
87702,2
87702,1
369585,2
369585,1
218941,1
103883,2
103883,1
250801,2
250801,1
75201,2
75201,1
53467,2
53467,1
114434,2
114434,1
59001,1
87746,1
48280,2
48280,1
49753,1
179144,1
180772,1
42380,1
151830,2
151830,1
66524,2
66524,1
52163,2
52163,1
115445,1
77695,1
73894,1
54628,2
54628,1
82840,1
83510,2
83510,1
77516,2
77516,1
305924,1
305923,2
305923,1
83141,2
83141,1
189297,1
93180,1
171495,1
180774,1
116169,1
78489,1
67743,2
67743,1
83792,2
83792,1
310598,2
310598,1
83544,1
181401,1
134164,1
105016,2
105016,1
74573,2
74573,1
51395,2
51395,1
85632,1
322455,2
322455,1
82434,2
82434,1
54457,2
54457,1
237633,2
237633,1
62074,2
62074,1
85646,1
68902,2
68902,1
169180,2
169180,1
55414,2
55414,1
215145,2
215145,1
52505,2
52505,1
292891,2
292891,1
45267,2
45267,1
58835,1
196597,2
196597,1
152134,2
152134,1
347333,2
347333,1
226684,2
226684,1
62930,2
62930,1
338986,2
338986,1
285545,1
72527,2
72527,1
114433,2
114433,1
171701,2
171701,1
98763,1
49139,2
49139,1
337084,2
337084,1
49138,1
46066,1
115448,1
215146,1
62773,2
62773,1
179138,2
179138,1
43881,1
86348,2
86348,1
377089,1
371128,2
371128,1
126334,2
126334,1
59281,1
363820,2
363820,1
180765,1
25541,2
25541,1
43898,2
43898,1
48648,2
48648,1
68664,2
68664,1
179136,1
66422,2
66422,1
82410,2
82410,1
69362,2
69362,1
179143,1
43639,2
43639,1
83171,2
83171,1
87093,2
87093,1
180755,1
84349,2
84349,1
161845,1
297682,2
297682,1
343937,2
343937,1
359198,2
359198,1
343741,2
343741,1
303215,2
303215,1
366742,2
366742,1
506481,2
506481,1
124692,2
124692,1
18872,2
18872,1
194789,1
115759,1
18867,2
18867,1
64939,2
64939,1
357490,2
357490,1
65955,2
65955,1
374400,2
374400,1
376807,2
376807,1
254395,2
254395,1
117504,2
117504,1
103959,2
103959,1
368296,2
368296,1
357514,2
357514,1
67204,2
67204,1
238234,2
238234,1
49283,2
49283,1
42646,2
42646,1
74788,2
74788,1
505872,2
505872,1
60926,2
60926,1
506521,1
43272,2
43272,1
71320,2
71320,1
18858,2
18858,1
506475,2
506475,1
388412,1
388261,1
528950,1
506487,1
506462,1
506311,1
384765,1
511372,2
511372,1
511315,2
511315,1
296874,2
296874,1
330429,2
330429,1
330430,2
330430,1
225809,1
366839,1
506379,2
506379,1
388366,1
55814,1
49815,1
18839,1
351504,1
109601,2
109601,1
18837,1
64938,2
64938,1
115772,1
18832,2
18832,1
505854,1
506164,1
506018,1
505911,2
505911,1
506367,2
506367,1
83727,2
83727,1
129310,2
129310,1
64913,1
51477,1
48808,2
48808,1
56728,1
96980,2
96980,1
225808,1
225807,1
225806,2
225806,1
63043,2
63043,1
361310,2
361310,1
361308,2
361308,1
360625,2
360625,1
380567,2
380567,1
361306,2
361306,1
361304,1
360668,2
360668,1
506454,1
505774,1
78462,2
78462,1
388397,1
506368,1
99557,1
18823,1
221403,2
221403,1
298525,2
298525,1
505790,1
361311,2
361311,1
361309,2
361309,1
360622,2
360622,1
361307,2
361307,1
361305,1
360955,2
360955,1
358104,2
358104,1
505957,1
506239,1
506303,1
18822,2
18822,1
237209,2
237209,1
226863,2
226863,1
124953,2
124953,1
506029,1
380566,2
380566,1
221262,2
221262,1
297683,2
297683,1
361560,2
361560,1
508299,1
89457,1
18798,1
168201,2
245493,2
245493,1
142504,2
226332,2
226332,1
211145,2
211145,1
212030,2
212030,1
90055,2
90055,1
237207,2
237207,1
209586,2
209586,1
50090,2
50090,1
245487,2
245487,1
18781,1
101499,1
20148,1
217216,1
18780,1
18779,1
18713,1
20668,1
18637,1
207831,1
116170,1
166725,1
281448,1
298447,1
310920,1
18608,1
297887,1
353592,1
382769,1
353590,2
353590,1
501170,1
70768,1
273491,1
18556,1
49771,1
20411,1
18529,1
375814,1
18519,1
237248,1
239118,1
194048,1
92264,1
18518,1
18503,1
114819,1
18501,1
41514,1
265875,1
84249,1
74071,1
18484,1
18480,1
18479,1
273058,1
308723,1
110307,1
287151,1
18456,2
18456,1
18448,2
18448,1
33255,2
33255,1
80590,1
367112,1
343739,1
307948,1
252227,1
335017,1
505715,1
345437,1
83091,1
165349,1
98184,1
18408,1
88359,1
77196,1
18404,1
18398,1
18396,1
18394,1
59181,1
140458,1
283276,1
283277,1
109897,1
18388,1
18386,1
18385,1
335826,1
179914,1
172939,1
18382,1
18380,1
59457,1
120677,1
103006,1
18375,1
131010,1
67180,1
347509,1
134743,1
358920,1
124961,1
326027,2
326027,1
175583,2
175583,1
88720,1
309306,2
309306,1
52266,2
52266,1
374025,1
18364,1
194765,1
286131,1
175814,1
290335,1
227149,1
284152,1
288783,1
270604,1
57628,2
57628,1
135988,2
135988,1
84237,2
84237,1
57773,2
57773,1
115256,2
115256,1
70801,2
70801,1
84971,2
84971,1
135987,2
135987,1
108856,2
108856,1
66707,2
66707,1
57743,1
52224,1
79881,1
79575,1
225741,2
225741,1
62467,2
62467,1
118459,1
103970,1
305972,1
18298,1
174585,1
71508,1
18297,1
103432,1
269630,1
517641,1
92332,1
304464,1
56226,1
387692,1
152341,2
152341,1
143908,2
143908,1
299789,2
299789,1
152337,2
152337,1
152335,2
152335,1
152334,2
152334,1
189814,2
189814,1
152331,2
152331,1
152307,2
152307,1
521236,2
521236,1
152296,2
152296,1
152292,2
152292,1
152176,2
152176,1
151223,2
151223,1
152172,2
152172,1
270602,2
270602,1
188004,1
304461,1
182486,1
135791,2
135791,1
152156,2
152156,1
126395,2
126395,1
58508,2
58508,1
51869,2
51869,1
73414,2
73414,1
64274,2
64274,1
350465,1
329353,1
304444,1
18217,1
41875,1
274724,1
324428,1
103893,1
274722,1
18215,1
93795,1
360749,1
219973,1
346481,1
361026,1
240574,1
286107,1
101746,1
253778,1
166320,1
285628,2
285628,1
108122,1
176933,1
167275,1
116964,1
249473,1
285941,1
135486,1
162019,1
164066,1
135789,1
380576,1
346480,1
135786,1
229381,1
254812,1
182512,1
522051,2
522051,1
73934,1
290763,1
344844,1
62118,1
170497,2
170497,1
521961,2
521961,1
131387,1
517914,1
160707,2
160707,1
131384,1
290515,1
140090,2
140090,1
182319,2
182319,1
18095,2
18095,1
18094,2
18094,1
20086,2
20086,1
43684,1
18086,2
18086,1
18085,2
18085,1
300878,1
76382,1
48128,2
48128,1
86378,2
86378,1
43873,1
18070,2
18070,1
358778,2
358778,1
306012,2
306012,1
512165,2
512165,1
297418,1
44569,1
50313,1
68045,1
18061,1
128988,1
100971,1
346097,1
18056,1
344859,1
79346,2
79346,1
106271,1
18049,1
299888,1
115253,2
115253,1
178716,2
178716,1
131292,2
131292,1
99568,2
99568,1
382431,2
382431,1
114993,2
114993,1
63558,2
63558,1
17986,2
17986,1
94879,2
94879,1
90755,2
90755,1
48994,2
48994,1
17914,1
17913,2
17913,1
345391,2
345391,1
17909,1
388108,1
17908,1
17907,2
17907,1
41902,1
71519,2
71519,1
51590,2
51590,1
25667,2
25667,1
128307,2
128307,1
50830,1
78866,2
78866,1
92452,2
92452,1
98135,2
98135,1
90658,2
90658,1
340705,2
340705,1
340806,2
340806,1
354036,2
354036,1
340088,2
340088,1
340087,2
340087,1
340500,2
340500,1
340489,2
340489,1
340463,2
340463,1
340425,2
340425,1
340416,2
340416,1
340405,2
340405,1
340373,2
340373,1
340358,2
340358,1
340309,2
340309,1
360472,2
360472,1
340307,2
340307,1
340294,2
340294,1
340291,2
340291,1
340276,2
340276,1
341669,2
341669,1
341668,2
341668,1
340808,2
340808,1
340172,2
340172,1
354034,2
354034,1
340147,2
340147,1
340116,2
340116,1
340115,2
340115,1
340114,2
340114,1
340107,2
340107,1
340080,2
340080,1
340075,2
340075,1
340072,2
340072,1
340065,2
340065,1
340698,2
340638,2
340638,1
340637,2
340637,1
370055,2
370055,1
368664,2
368664,1
353633,2
353633,1
353632,2
353632,1
363776,2
363776,1
363775,2
363775,1
354029,2
354029,1
132289,2
132289,1
168325,2
168325,1
30314,1
135571,1
139769,1
178632,1
17816,1
308175,1
534825,1
74244,1
199241,1
63429,1
338881,1
58859,1
286925,1
48630,1
308173,1
63428,1
329900,1
281283,1
349096,1
286924,1
316637,1
67179,1
146068,1
63572,1
293001,1
46369,1
374591,1
110125,1
377330,1
79345,1
249432,1
263375,1
263374,1
87138,1
63792,1
63791,1
316633,1
316632,1
300158,1
101511,1
286922,1
195167,1
81519,1
249115,1
329222,1
251110,1
45316,1
523350,1
300157,1
202331,1
57508,1
211418,1
146063,1
113543,1
59349,1
180123,1
146062,1
384829,1
321559,1
325953,1
534425,1
101508,1
329895,1
82930,1
68456,1
318334,2
318334,1
287887,1
79454,1
132972,1
135784,2
135784,1
384758,1
326256,2
326256,1
104194,1
187003,1
196428,1
88835,1
47340,1
126343,1
297023,1
325242,1
162290,1
17777,1
48842,2
48842,1
318645,2
318645,1
318647,2
318647,1
318646,2
318646,1
202740,1
161352,1
134921,1
360525,2
360525,1
504960,1
202744,1
56579,1
181753,1
169670,1
210716,1
297882,1
27286,2
97400,1
76228,2
84020,1
51313,2
175018,1
202541,2
202541,1
328059,2
328059,1
202542,2
202542,1
204703,1
202450,1
17624,1
85698,1
323980,1
147540,1
364745,1
17589,2
17589,1
367928,2
367928,1
17583,2
17583,1
106243,1
88994,1
62264,1
51164,1
72754,1
17470,2
17470,1
17467,2
17467,1
272003,1
181712,1
86055,1
522896,1
79951,2
79951,1
298269,1
66522,2
66522,1
47778,2
47778,1
168625,2
168625,1
113808,1
267335,1
220531,1
41991,1
98877,1
118421,1
118423,1
118560,1
119029,1
82308,1
178360,2
178360,1
100958,2
100958,1
317540,2
317540,1
17386,2
17386,1
241521,1
17384,2
17384,1
17383,1
41983,1
47577,2
47577,1
50141,2
50141,1
320216,1
215235,1
79271,2
79271,1
83937,1
240771,2
240771,1
79468,2
79468,1
127494,2
127494,1
103420,2
103420,1
62607,2
62607,1
53945,2
53945,1
85251,1
283630,2
283630,1
372644,2
372644,1
67522,1
17356,2
17356,1
17353,2
17353,1
93432,2
93432,1
293122,2
293122,1
78146,2
78146,1
47504,2
47504,1
104993,2
104993,1
59446,2
59446,1
117393,2
117393,1
74210,2
74210,1
61443,2
61443,1
81298,2
81298,1
293123,2
293123,1
85250,2
85250,1
71999,2
71999,1
17348,2
17348,1
254068,2
254068,1
225607,2
225607,1
225606,2
225606,1
225605,2
225605,1
225604,2
225604,1
90566,2
90566,1
518003,2
518003,1
518082,2
518082,1
293120,2
293120,1
518053,2
518053,1
319313,2
319313,1
174582,2
174582,1
17321,2
17321,1
293135,2
293135,1
344300,2
344300,1
55507,2
55507,1
24419,2
24419,1
146859,1
120556,1
120555,1
308131,1
74599,2
74599,1
525825,2
525825,1
297886,2
297886,1
353568,2
353568,1
87428,2
87428,1
17266,2
17266,1
82026,2
121207,1
17235,1
77975,1
207983,1
133131,1
120646,1
371161,1
17203,1
327543,1
86715,1
371011,1
77856,2
77856,1
94165,2
94165,1
72377,2
72377,1
128876,2
128876,1
17182,2
17182,1
42726,2
42726,1
205691,2
205691,1
62018,2
62018,1
93198,2
93198,1
75531,1
17157,2
17157,1
17153,2
17153,1
50545,2
50545,1
17149,2
17149,1
97587,2
97587,1
152110,2
152110,1
17118,2
17118,1
124576,2
124576,1
124574,2
124574,1
17114,2
17114,1
17104,2
17104,1
87044,2
87044,1
98573,2
98573,1
57436,2
57436,1
96682,2
96682,1
17092,2
17092,1
72048,2
72048,1
60581,2
60581,1
225592,2
225592,1
63843,2
63843,1
178344,2
178344,1
517895,2
517895,1
17074,2
17074,1
517896,2
517896,1
50164,2
50164,1
70991,2
70991,1
384043,2
384043,1
384032,2
384032,1
150390,2
150390,1
53273,2
53273,1
61301,2
61301,1
202984,2
202984,1
52458,2
52458,1
74572,2
74572,1
373902,2
373902,1
164603,2
164603,1
368122,2
368122,1
45147,2
45147,1
60564,2
60564,1
44421,2
44421,1
44420,2
44420,1
87707,2
87707,1
51281,2
51281,1
48269,2
48269,1
46995,2
46995,1
54400,2
54400,1
62285,2
62285,1
84497,2
84497,1
66496,2
66496,1
521144,2
521144,1
288049,2
288049,1
62258,2
62258,1
75477,2
75477,1
240870,2
240870,1
55746,2
55746,1
374086,2
374086,1
373891,2
373891,1
211997,2
211997,1
57185,2
57185,1
17064,2
17064,1
211996,2
211996,1
521565,2
521565,1
99170,2
99170,1
521552,2
521552,1
81913,2
81913,1
65810,2
65810,1
521255,2
521255,1
76947,2
76947,1
80664,2
80664,1
517898,2
517898,1
70232,2
70232,1
84599,2
84599,1
70884,2
70884,1
72649,2
72649,1
82446,2
82446,1
52394,2
52394,1
112199,2
112199,1
93245,2
93245,1
58563,2
58563,1
116068,2
116068,1
80057,2
80057,1
46538,2
46538,1
44734,2
44734,1
96376,2
96376,1
49611,2
49611,1
56589,2
56589,1
53638,2
53638,1
155089,2
155089,1
48789,2
48789,1
57726,2
57726,1
171640,2
171640,1
128520,2
128520,1
61630,2
61630,1
64383,2
64383,1
82406,2
82406,1
63693,2
63693,1
212028,2
212028,1
254377,2
254377,1
211982,2
211982,1
382846,2
382846,1
170592,2
170592,1
517897,2
517897,1
299871,2
299871,1
127565,2
127565,1
130273,2
130273,1
86893,2
86893,1
79931,2
79931,1
59385,2
59385,1
53723,2
53723,1
86190,2
86190,1
42296,2
42296,1
58641,2
58641,1
521593,2
521593,1
68153,2
68153,1
76700,2
76700,1
74195,2
74195,1
84142,2
84142,1
517548,2
517548,1
517440,2
517440,1
517428,2
517428,1
521517,2
521517,1
518820,2
518820,1
520242,2
520242,1
285690,1
105291,1
87252,1
16987,1
236190,2
62900,1
171221,2
171221,1
194597,2
194597,1
81234,2
81234,1
115770,2
115770,1
240246,2
240246,1
256708,2
256708,1
256701,2
256701,1
275636,2
275636,1
298744,2
298744,1
53107,2
53107,1
307867,2
307867,1
225585,2
319882,2
319882,1
256365,2
256365,1
299731,2
299731,1
378651,2
378651,1
378652,2
378652,1
61032,1
17012,2
17012,1
87456,1
17011,1
381074,1
381073,1
524586,2
524586,1
55568,2
55568,1
524734,2
524734,1
317537,2
317537,1
275631,2
275631,1
212026,2
212026,1
246450,2
246450,1
67610,2
108478,2
108478,1
70381,2
70381,1
69009,2
69009,1
284873,2
284873,1
43322,2
17003,2
299735,1
257334,2
257334,1
85738,1
83564,1
16991,1
65192,2
65192,1
96517,1
63213,1
528767,1
114372,1
56214,1
344298,1
524691,2
524691,1
73068,1
528846,1
367522,1
344296,1
197118,1
514608,1
387713,1
218437,2
218437,1
226374,2
226374,1
345457,1
16983,1
16984,1
194810,1
176831,2
176831,1
301917,1
16980,2
16980,1
78424,2
78424,1
117388,2
117388,1
101944,2
101944,1
256684,1
16977,1
23853,2
23853,1
62329,2
62329,1
512579,1
60015,1
51189,1
16971,2
16971,1
506699,1
16969,1
59031,2
59031,1
74122,2
74122,1
64035,2
64035,1
263542,2
263542,1
526449,2
526449,1
77150,2
77150,1
118399,2
118399,1
60115,2
60115,1
72623,2
72623,1
16949,1
118592,1
100951,1
235090,2
235090,1
235091,2
235091,1
16942,2
16942,1
178822,2
178822,1
178821,2
178821,1
524589,2
524589,1
73168,2
73168,1
301915,1
16935,1
241859,2
241859,1
54661,2
170466,2
170466,1
53106,1
105081,2
105081,1
84741,2
84741,1
16930,2
16930,1
110493,1
63084,1
87189,2
87189,1
115246,2
115246,1
301914,1
81892,2
81892,1
63449,2
63449,1
16923,2
16923,1
288028,2
288028,1
198953,2
198953,1
505476,2
505476,1
151061,2
151061,1
95051,2
346814,2
346814,1
505470,2
505470,1
51524,2
171014,2
171014,1
318870,2
318870,1
113333,2
113333,1
504640,2
504640,1
300127,2
300127,1
240891,2
240891,1
246478,2
525255,2
525255,1
387385,2
387385,1
505473,2
505473,1
336182,2
336182,1
202846,2
202846,1
362399,2
362399,1
368910,2
368910,1
94750,2
94750,1
94751,2
94751,1
93831,2
93831,1
30142,2
30142,1
99614,2
99614,1
342348,2
342348,1
199707,2
199707,1
91222,2
91222,1
349558,2
349558,1
90246,2
90246,1
358125,2
358125,1
92890,2
92890,1
183790,2
183790,1
215967,2
215967,1
93393,2
93393,1
250650,2
250650,1
30146,2
30146,1
2742,2
2742,1
215968,2
215968,1
168758,2
168758,1
29904,2
29904,1
73820,2
73820,1
73287,2
73287,1
166025,2
166025,1
30149,2
30149,1
91502,2
91502,1
89239,2
89239,1
94876,2
94876,1
96697,2
96697,1
94073,2
94073,1
100057,2
100057,1
89413,2
89413,1
218396,2
218396,1
368911,2
368911,1
30152,2
30152,1
199709,2
199709,1
99239,2
99239,1
30154,2
30154,1
91503,2
91503,1
89240,2
89240,1
94877,2
94877,1
112725,2
112725,1
92879,2
92879,1
94074,2
94074,1
96698,2
96698,1
30155,2
30155,1
258364,2
258364,1
96201,2
96201,1
65503,2
65503,1
68164,2
68164,1
170417,2
170417,1
87954,2
87954,1
96752,2
96752,1
172108,2
172108,1
90000,2
90000,1
84390,2
84390,1
215969,2
215969,1
89076,2
89076,1
92163,2
92163,1
191558,2
191558,1
368912,2
368912,1
79708,2
79708,1
94367,2
94367,1
338713,2
338713,1
174546,2
174546,1
30166,2
30166,1
91548,2
91548,1
30168,2
30168,1
174547,2
174547,1
29933,2
29933,1
30170,2
30170,1
341982,2
341982,1
89764,2
89764,1
98919,2
98919,1
92558,2
92558,1
64726,2
64726,1
96704,2
96704,1
99763,2
99763,1
90258,2
90258,1
96489,2
96489,1
113432,2
113432,1
29942,2
29942,1
180694,2
180694,1
92176,2
92176,1
77783,2
77783,1
89332,2
89332,1
192911,2
192911,1
313313,2
313313,1
307085,2
307085,1
29945,2
29945,1
30184,2
30184,1
96349,2
96349,1
98744,2
98744,1
98745,2
98745,1
236392,2
236392,1
30178,2
30178,1
89213,2
89213,1
174548,2
174548,1
96157,2
96157,1
368913,2
368913,1
100007,2
100007,1
128822,2
128822,1
358131,2
358131,1
29956,2
29956,1
93806,2
93806,1
172112,2
172112,1
99821,2
99821,1
99822,2
99822,1
91097,2
91097,1
380752,2
380752,1
215972,2
215972,1
287109,2
287109,1
130093,2
130093,1
29965,2
29965,1
43788,2
43788,1
96788,2
96788,1
30187,2
30187,1
96789,2
96789,1
98554,2
98554,1
93075,2
93075,1
192912,2
192912,1
380743,2
380743,1
333438,2
333438,1
30189,2
30189,1
307084,2
307084,1
30190,2
30190,1
99301,2
99301,1
89350,2
89350,1
29969,2
29969,1
89582,2
89582,1
313317,2
313317,1
87955,2
87955,1
92531,2
92531,1
164221,2
164221,1
304851,2
304851,1
313319,2
313319,1
108376,2
108376,1
325687,2
325687,1
304850,2
304850,1
30197,2
30197,1
98331,2
98331,1
183914,2
183914,1
192913,2
192913,1
94334,2
94334,1
174550,2
174550,1
93724,2
93724,1
388785,2
388785,1
294568,2
294568,1
349557,2
349557,1
89077,2
89077,1
97285,2
97285,1
30201,2
30201,1
242732,2
242732,1
168759,2
168759,1
97367,2
97367,1
192915,2
192915,1
99814,2
99814,1
94724,2
94724,1
92272,2
92272,1
349560,2
349560,1
192917,2
192917,1
174551,2
174551,1
313320,2
313320,1
108756,2
108756,1
99426,2
99426,1
313318,2
313318,1
97368,2
97368,1
30204,2
30204,1
336368,2
336368,1
89505,2
89505,1
92183,2
92183,1
99815,2
99815,1
291735,2
291735,1
29991,2
29991,1
110060,2
110060,1
174552,2
174552,1
174553,2
174553,1
218397,2
218397,1
94726,2
94726,1
90380,2
90380,1
94725,2
94725,1
130094,2
130094,1
95013,2
95013,1
89651,2
89651,1
95885,2
95885,1
29998,2
29998,1
93690,2
93690,1
318757,2
318757,1
30000,2
30000,1
168760,2
168760,1
87960,2
87960,1
98465,2
98465,1
91069,2
91069,1
174554,2
174554,1
291739,2
291739,1
171387,2
171387,1
60793,2
60793,1
97784,2
97784,1
96037,2
96037,1
215975,2
215975,1
76868,2
76868,1
93606,2
93606,1
199714,2
199714,1
91581,2
91581,1
95095,2
95095,1
93626,2
93626,1
92333,2
92333,1
117716,2
94821,2
30214,2
30019,2
30019,1
172113,2
172113,1
30216,2
30216,1
174555,2
174555,1
92372,2
92372,1
215979,2
215979,1
235365,2
235365,1
30218,2
30218,1
109636,2
109636,1
215981,2
215981,1
199717,2
199717,1
99055,2
99055,1
291737,2
291737,1
318758,2
318758,1
318759,2
318759,1
215984,2
215984,1
103795,2
103795,1
110560,2
110560,1
25656,2
25656,1
345415,2
345415,1
130095,2
130095,1
96812,2
96812,1
30221,2
30221,1
93084,2
93084,1
97966,2
97966,1
93636,2
93636,1
94616,2
94616,1
95371,2
95371,1
30224,2
30224,1
91450,2
91450,1
95530,2
95530,1
92593,2
92593,1
102332,2
102332,1
191559,2
191559,1
180696,2
180696,1
99115,2
99115,1
52130,2
52130,1
364874,2
364874,1
318741,2
318741,1
358124,2
358124,1
275817,2
275817,1
303225,2
303225,1
358123,2
358123,1
275820,2
275820,1
358122,2
358122,1
44845,2
44845,1
255987,2
255987,1
98411,2
98411,1
173136,2
173136,1
166012,2
166012,1
96199,2
96199,1
114426,2
114426,1
71808,2
71808,1
98647,2
98647,1
173095,2
173095,1
206412,2
206412,1
206413,2
206413,1
270622,2
270622,1
206414,2
206414,1
28282,2
95570,2
95570,1
2801,2
2801,1
2803,2
176253,2
2805,2
73678,2
206416,2
206416,1
97658,2
97658,1
206417,2
206417,1
206418,2
206418,1
206419,2
206419,1
117055,1
343887,2
343887,1
108880,2
108880,1
304035,2
304035,1
370888,2
370888,1
2889,2
2889,1
304036,2
304036,1
168826,2
168826,1
298021,2
298021,1
254133,1
254134,2
254134,1
220594,2
220594,1
220593,1
367626,2
367626,1
503704,2
503704,1
2897,2
2897,1
2903,2
2903,1
24372,2
24372,1
114489,2
114489,1
102297,2
102297,1
61061,2
61061,1
227429,2
227429,1
75542,2
75542,1
117380,2
117380,1
368905,2
368905,1
333011,2
333011,1
350005,2
350005,1
369288,2
369288,1
104321,1
522743,2
522743,1
60800,2
60800,1
56661,1
45644,2
45644,1
114490,1
28657,2
28657,1
204285,2
204285,1
46543,2
46543,1
67972,2
67972,1
370889,2
370889,1
141217,2
141217,1
2921,2
2921,1
206794,2
206794,1
92508,2
92508,1
241818,1
287311,2
287311,1
309953,2
309953,1
206795,2
206795,1
47189,2
47189,1
28682,2
28682,1
99345,1
28683,1
57221,2
57221,1
212523,2
212523,1
60150,2
60150,1
86402,2
86402,1
28694,2
28694,1
63287,2
63287,1
75775,2
75775,1
78304,2
78304,1
83949,2
83949,1
111692,1
376595,2
376595,1
256907,1
256909,2
256909,1
206806,2
206806,1
25642,2
25642,1
198585,2
198585,1
253928,2
253928,1
345915,2
345915,1
364880,2
364880,1
345916,2
345916,1
71211,2
71211,1
358098,2
358098,1
364891,2
364891,1
372038,2
372038,1
341598,2
341598,1
374514,2
374514,1
370890,2
370890,1
361776,2
361776,1
52876,2
52876,1
25482,2
25482,1
198586,2
198586,1
170164,2
170164,1
180962,2
180962,1
271970,2
271970,1
175789,2
175789,1
226981,2
226981,1
64189,2
64189,1
315490,2
315490,1
196234,2
196234,1
135124,2
135124,1
138612,2
138612,1
152126,2
152126,1
344158,2
344158,1
271846,2
271846,1
127963,2
127963,1
2969,2
2969,1
260918,2
260918,1
183826,2
183826,1
206809,2
206809,1
25038,2
25038,1
2986,2
2986,1
204505,2
204505,1
360290,1
360291,1
360292,1
360294,1
360295,1
177932,1
85156,1
370657,1
353579,1
3051,1
3052,1
3054,2
3054,1
207524,1
207525,1
94085,1
3056,1
251220,2
251220,1
212828,1
372916,2
372916,1
3068,2
3068,1
42449,2
42449,1
195450,1
139696,2
139696,1
367812,2
367812,1
222920,2
222920,1
192039,1
183698,1
237439,2
237439,1
108564,2
108564,1
281170,2
281170,1
262829,2
262829,1
192040,1
372917,2
372917,1
239380,2
239380,1
114492,2
114492,1
194498,2
194498,1
176280,2
176280,1
85773,1
52167,2
52167,1
155788,2
155788,1
281213,2
281213,1
90254,1
361729,1
28785,2
28785,1
270931,1
139091,2
139091,1
193946,1
170373,1
367524,1
95867,2
95867,1
137021,2
137021,1
79429,1
80433,1
222923,1
152286,1
109511,1
222924,2
222924,1
211803,2
211803,1
195143,2
195143,1
316665,1
181267,1
151576,2
151576,1
61409,2
61409,1
339919,1
337195,1
285369,1
28788,2
28788,1
66570,2
66570,1
135663,2
135663,1
369289,2
369289,1
361043,2
361043,1
359900,2
359900,1
91307,2
91307,1
152201,2
152201,1
124344,2
124344,1
136123,2
136123,1
171739,2
171739,1
115067,2
115067,1
75063,1
48373,1
54557,2
54557,1
153263,2
153263,1
45191,2
45191,1
334724,2
334724,1
302850,2
302850,1
345671,2
345671,1
325541,2
325541,1
342437,2
361042,2
361042,1
300949,2
300949,1
121416,2
121416,1
359898,2
359898,1
281494,2
281494,1
52916,1
136210,1
82225,2
82225,1
207576,1
530359,1
530360,1
530361,1
74341,2
74341,1
47388,1
177975,2
177975,1
92987,2
92987,1
170363,1
274983,2
274983,1
154070,2
154070,1
151045,2
151045,1
212841,2
212841,1
530368,1
207579,1
176638,1
3174,2
3174,1
299592,2
299592,1
208332,2
208332,1
291727,2
291727,1
97469,2
97469,1
208406,1
21620,1
308940,1
98105,1
216638,1
106095,1
3210,1
378992,1
175818,2
175818,1
3322,2
3322,1
3341,2
3341,1
120260,2
120260,1
115947,2
115947,1
84048,2
84048,1
28952,2
28952,1
70109,2
70109,1
307335,2
307335,1
69034,2
69034,1
124348,2
124348,1
350006,2
350006,1
138616,2
138616,1
58190,2
58190,1
118070,1
3410,1
150050,1
209872,1
89098,2
89098,1
94987,2
94987,1
198227,2
198227,1
29189,2
29189,1
91879,2
91879,1
239971,1
29196,1
42506,1
29200,1
29202,1
61277,1
3724,2
3724,1
47694,1
54786,1
154908,1
29212,2
29212,1
85867,2
85867,1
182765,1
83422,1
3742,1
136013,1
127005,1
343229,1
185379,1
217936,1
29241,1
344847,1
228959,1
138565,2
138565,1
359225,1
214376,1
160813,1
210684,2
210684,1
211171,2
211171,1
211365,2
211365,1
95516,1
3783,1
29268,1
335114,1
29275,1
132524,1
29282,2
29282,1
222993,2
222993,1
3791,1
212464,1
88844,1
212465,1
212466,1
212467,1
3793,1
212468,1
212469,1
3825,1
119501,1
29336,1
387737,1
273089,2
273089,1
515183,1
248247,2
248247,1
336439,1
215575,2
215575,1
378591,1
287963,2
287963,1
379002,2
379002,1
378590,1
215576,2
215576,1
379001,2
379001,1
241276,2
241276,1
360243,2
360243,1
385865,2
385865,1
382776,2
382776,1
315647,2
315647,1
127405,2
127405,1
360989,2
360989,1
360277,2
360277,1
211253,2
211253,1
537664,1
4036,1
104508,1
253881,1
4039,1
171979,1
4040,1
4097,2
4097,1
4112,1
99607,2
99607,1
240120,2
240120,1
95199,2
95199,1
63265,2
63265,1
45210,1
4174,2
4174,1
95960,1
4178,2
4178,1
91650,2
91650,1
116976,2
116976,1
94636,2
94636,1
529847,2
529847,1
213583,2
213583,1
4197,2
4197,1
30265,2
30265,1
4206,2
4206,1
213595,2
213595,1
4212,2
4212,1
529866,2
529866,1
67006,2
67006,1
213598,2
213598,1
213601,2
213601,1
116977,2
116977,1
58848,2
58848,1
4232,1
30278,2
30278,1
30282,2
30282,1
517163,2
517163,1
76993,2
76993,1
529862,2
529862,1
517202,1
213590,2
213590,1
213591,2
213591,1
4237,2
4237,1
529861,1
30542,1
213640,1
240297,1
115637,1
175834,1
188020,1
213643,1
507343,1
507231,1
507131,1
97131,1
4258,1
176639,1
377798,1
213775,1
4327,1
79054,1
254933,1
94800,1
277154,1
92375,1
77635,1
112965,1
72036,1
55040,1
53171,1
147691,1
22932,2
22932,1
107773,2
107773,1
117706,2
117706,1
361223,2
361223,1
361819,2
361819,1
360278,2
360278,1
245133,2
245133,1
320683,2
320683,1
297329,2
297329,1
291252,2
291252,1
352649,2
352649,1
350007,2
350007,1
125474,2
125474,1
301959,2
301959,1
297332,2
297332,1
301703,2
301703,1
245126,2
245126,1
285588,2
285588,1
89930,2
89930,1
228294,2
228294,1
367705,2
367705,1
272618,2
272618,1
359261,2
359261,1
181205,2
181205,1
373771,2
373771,1
352233,2
352233,1
285131,2
285131,1
271885,2
271885,1
301963,2
301963,1
345236,2
345236,1
285381,2
285381,1
237779,2
237779,1
281255,2
281255,1
245128,2
245128,1
285382,2
285382,1
248511,2
248511,1
352239,2
352239,1
49408,2
49408,1
359103,2
359103,1
352235,2
352235,1
359104,2
359104,1
117707,2
117707,1
359102,2
359102,1
254140,2
254140,1
298390,2
298390,1
364943,2
364943,1
364945,2
364945,1
112300,2
112300,1
240739,2
240739,1
104467,2
104467,1
364944,2
364944,1
325312,2
325312,1
112331,2
112331,1
364946,2
364946,1
358923,2
358923,1
361818,2
361818,1
102296,2
102296,1
238472,2
238472,1
272717,2
272717,1
114498,2
114498,1
221252,2
221252,1
68194,2
68194,1
96493,2
96493,1
125059,2
125059,1
348584,2
348584,1
61505,2
61505,1
373770,2
373770,1
81224,2
81224,1
202553,2
202553,1
237443,2
237443,1
364951,2
364951,1
249927,2
249927,1
221083,2
221083,1
115079,2
115079,1
256918,2
256918,1
360313,2
360313,1
130616,2
130616,1
130615,2
130615,1
364952,2
364952,1
44554,2
44554,1
182332,2
182332,1
214473,2
214473,1
245131,2
245131,1
245129,2
245129,1
237091,2
237091,1
71026,1
106103,2
106103,1
371953,2
371953,1
243472,2
243472,1
371954,2
371954,1
371955,2
371955,1
256125,2
256125,1
317462,2
317462,1
4370,2
4370,1
250225,2
250225,1
312649,2
312649,1
238810,2
238810,1
85133,1
253717,2
253717,1
226841,2
226841,1
504812,2
504812,1
110164,1
248515,2
248515,1
243148,2
243148,1
299737,1
182179,1
374042,1
219371,1
183329,2
183329,1
216830,2
216830,1
101114,2
101114,1
95201,2
95201,1
4457,2
4457,1
238429,2
238429,1
30691,2
30691,1
110254,1
4463,2
4463,1
23474,2
23474,1
138860,2
138860,1
131185,1
23530,2
23530,1
367842,2
367842,1
57103,2
57103,1
91366,2
91366,1
384933,2
384933,1
134634,2
134634,1
214690,2
214690,1
101674,1
221912,1
4471,2
4471,1
45244,2
45244,1
22864,2
22864,1
335605,1
4476,1
53856,1
28401,1
72190,2
72190,1
242408,2
242408,1
254629,2
254629,1
272074,2
272074,1
30695,2
30695,1
23475,2
23475,1
226690,2
226690,1
255374,2
255374,1
218559,2
218559,1
238812,1
299739,1
238815,1
68714,2
68714,1
127891,2
127891,1
77105,2
77105,1
95041,2
95041,1
4490,2
4490,1
131188,2
131188,1
168291,2
168291,1
168306,2
168306,1
238813,2
238813,1
223067,2
223067,1
303598,2
303598,1
228458,2
228458,1
112793,2
112793,1
101679,2
101679,1
101680,1
4498,2
4498,1
72885,2
237811,1
364729,1
357586,1
289121,1
240035,1
351291,1
518436,2
518436,1
4689,2
4689,1
529553,1
59250,1
30789,1
64534,2
64534,1
57952,2
57952,1
212744,1
4712,1
58412,1
327923,1
247492,1
327514,1
387739,1
269525,1
253328,1
253237,1
4720,1
247493,1
81368,1
385408,1
30791,1
227828,1
370831,1
4735,1
66548,1
253063,1
4738,1
368948,1
138286,1
242023,1
141075,1
387599,1
85056,1
284109,1
4789,2
294387,2
294387,1
345441,2
345441,1
322456,2
322456,1
309917,2
309917,1
297381,2
297381,1
256922,2
256922,1
322203,2
322203,1
27641,2
27641,1
91286,2
91286,1
170391,2
170391,1
60450,1
60450,2
61334,1
537151,1
353572,1
353573,1
386818,1
353581,1
353519,1
104393,1
132141,1
132142,1
132143,1
132144,1
132132,1
132133,1
132134,1
132135,1
119191,1
119192,1
119193,1
282544,1
5130,1
135468,1
85131,1
152842,1
78756,1
5147,1
101163,1
521708,1
119185,1
142792,1
119186,1
119187,1
119188,1
529612,1
168934,1
124048,1
521650,1
518084,1
368023,1
130552,1
41152,1
23399,1
341630,1
218242,2
218242,1
5200,2
5200,1
126391,2
126391,1
360341,1
359605,1
371075,1
337028,1
117068,1
203277,1
317571,1
320312,1
317573,1
359614,1
203275,1
203276,1
249334,1
284510,1
371076,1
91754,1
136751,1
50696,1
49632,1
66514,1
30998,1
62766,1
22782,1
109593,1
68693,1
5236,1
5237,1
205350,1
280823,2
280823,1
106108,2
106108,1
31018,2
31018,1
195618,2
195618,1
182468,2
182468,1
228838,2
228838,1
229490,2
229490,1
336369,2
336369,1
331209,2
331209,1
107696,2
107696,1
97018,2
97018,1
69755,2
69755,1
180699,2
180699,1
94179,2
94179,1
97608,2
97608,1
43478,2
43478,1
223169,2
223169,1
112727,2
112727,1
62150,2
62150,1
94247,2
94247,1
31067,2
31067,1
71667,2
71667,1
97136,2
97136,1
91054,2
91054,1
336906,2
336906,1
333416,2
333416,1
318760,2
318760,1
360838,2
360838,1
92052,2
92052,1
215977,2
215977,1
223171,2
223171,1
93108,2
93108,1
93721,2
93721,1
84197,2
84197,1
360837,2
360837,1
199711,2
199711,1
78802,2
78802,1
119058,2
119058,1
215959,2
215959,1
192919,2
192919,1
119064,2
119064,1
218398,2
218398,1
119065,2
119065,1
119066,2
119066,1
119068,2
119068,1
318583,2
318583,1
42464,2
42464,1
387483,2
387483,1
387484,2
387484,1
93799,2
93799,1
387478,2
387478,1
56904,2
56904,1
84627,2
84627,1
91142,2
91142,1
237591,2
237591,1
5291,2
5291,1
66762,2
66762,1
60316,2
60316,1
114596,2
114596,1
90577,2
90577,1
206712,2
206712,1
352667,1
264548,1
312947,1
335805,1
243178,1
5309,1
5346,1
5370,1
322457,1
375946,2
375946,1
322461,1
371587,1
86658,1
177900,1
121632,2
121632,1
327500,1
5512,1
5542,1
259134,1
5543,1
5473,1
66532,2
66532,1
25668,2
25668,1
79171,1
56890,1
194491,2
194491,1
89726,2
89726,1
288129,2
288129,1
290272,1
341814,2
341814,1
344180,2
344180,1
286117,2
286117,1
256749,2
256749,1
359980,1
226587,2
226587,1
133848,2
133848,1
71621,2
71621,1
121935,2
121935,1
102554,2
102554,1
135431,2
135431,1
218256,2
218256,1
68987,2
68987,1
97297,2
97297,1
162226,2
162226,1
137485,2
137485,1
524449,2
524449,1
233471,2
233471,1
97667,2
97667,1
121936,2
121936,1
55125,2
55125,1
99866,2
99866,1
77308,2
77308,1
121937,2
121937,1
84255,2
84255,1
45079,2
45079,1
76842,2
76842,1
42324,2
42324,1
94015,2
94015,1
137487,2
137487,1
74266,2
74266,1
54826,2
54826,1
217857,2
217857,1
119207,2
119207,1
98955,2
98955,1
54284,2
54284,1
31600,2
31600,1
98091,2
98091,1
265815,2
265815,1
33969,2
33969,1
299513,2
299513,1
58872,2
58872,1
83687,2
83687,1
130165,2
130165,1
44412,2
44412,1
52642,2
52642,1
73359,2
73359,1
299183,2
299183,1
374224,2
374224,1
132148,2
132148,1
73360,2
73360,1
301342,2
301342,1
119204,2
119204,1
76201,2
76201,1
52679,2
52679,1
242213,2
242213,1
283677,2
283677,1
242130,2
242130,1
220395,2
220395,1
242215,2
242215,1
44332,2
44332,1
374330,2
374330,1
242126,2
242126,1
143131,2
143131,1
143141,2
143141,1
160515,2
160515,1
160514,2
160514,1
103704,2
103704,1
44333,2
44333,1
242122,2
242122,1
278251,2
278251,1
66369,2
66369,1
339052,2
339052,1
291859,2
291859,1
176624,2
176624,1
68114,2
68114,1
288906,2
288906,1
328135,2
328135,1
242210,2
242210,1
93943,2
93943,1
31611,2
31611,1
344182,2
344182,1
522747,2
522747,1
522979,2
522979,1
73695,2
73695,1
49675,1
343789,2
343789,1
274990,2
274990,1
274991,2
274991,1
274992,2
274992,1
49773,2
49773,1
63917,2
63917,1
194925,2
194925,1
115406,2
115406,1
53618,2
53618,1
93086,2
93086,1
74171,2
74171,1
204341,2
204341,1
47715,2
47715,1
375151,2
375151,1
281380,2
281380,1
117044,2
117044,1
77508,2
77508,1
90523,2
90523,1
109613,2
109613,1
197561,2
197561,1
122075,2
122075,1
53279,2
53279,1
102305,2
102305,1
85350,2
85350,1
50650,2
50650,1
80363,2
80363,1
96155,2
96155,1
87815,2
87815,1
96154,2
96154,1
58247,2
58247,1
31638,2
31638,1
370069,1
347359,2
347359,1
97736,2
97736,1
92880,2
92880,1
70968,2
70968,1
515201,2
515201,1
243610,2
243610,1
75265,2
75265,1
31650,2
31650,1
137504,2
137504,1
105146,2
105146,1
96614,2
96614,1
257323,2
257323,1
81490,2
81490,1
60767,2
60767,1
339944,2
339944,1
290946,1
94006,2
94006,1
79717,2
79717,1
220410,2
220410,1
153998,2
153998,1
99260,2
99260,1
76078,2
76078,1
219221,2
219221,1
143134,2
143134,1
167787,2
167787,1
56313,2
56313,1
64640,2
64640,1
183251,2
183251,1
66232,2
66232,1
44489,2
44489,1
143264,2
143264,1
121588,2
121588,1
68547,2
68547,1
141971,2
141971,1
60768,2
60768,1
31681,2
31681,1
52068,2
52068,1
525696,1
137931,2
137931,1
70503,2
70503,1
57499,2
57499,1
42564,2
42564,1
237328,2
237328,1
93742,2
93742,1
115010,2
115010,1
117456,2
117456,1
136441,2
136441,1
115006,2
115006,1
108274,2
108274,1
109726,2
109726,1
292857,2
292857,1
237431,1
92225,2
92225,1
86108,2
86108,1
99634,2
99634,1
167782,2
167782,1
241872,2
241872,1
172291,2
172291,1
73091,2
73091,1
43261,2
43261,1
67296,2
67296,1
130296,2
130296,1
241820,2
241820,1
298077,2
298077,1
64230,2
64230,1
69806,2
69806,1
85453,1
217613,2
217613,1
374232,2
374232,1
285896,2
285896,1
66956,2
66956,1
71502,2
71502,1
282411,2
282411,1
93675,2
93675,1
66813,2
66813,1
87254,2
87254,1
128945,2
128945,1
95976,2
95976,1
306316,2
306316,1
177345,2
177345,1
132149,2
132149,1
75064,2
75064,1
344141,2
344141,1
227128,2
227128,1
251849,2
251849,1
83153,2
83153,1
218001,2
218001,1
108729,2
108729,1
119208,2
119208,1
234187,2
234187,1
374237,2
374237,1
65467,2
65467,1
339945,2
339945,1
179005,2
179005,1
124154,2
124154,1
101701,2
101701,1
277336,2
277336,1
75496,2
75496,1
105298,2
105298,1
170939,2
170939,1
163502,2
163502,1
68020,2
68020,1
339050,2
339050,1
46378,2
46378,1
53805,2
53805,1
532213,2
532213,1
97674,2
97674,1
196419,2
196419,1
54416,2
54416,1
338089,2
338089,1
276131,2
276131,1
277333,2
277333,1
288964,2
288964,1
318749,2
318749,1
62385,2
62385,1
252224,2
252224,1
53793,2
53793,1
75761,2
75761,1
94522,2
94522,1
97723,2
97723,1
66605,2
66605,1
92306,2
92306,1
276164,2
276164,1
276165,2
276165,1
288957,2
288957,1
276128,2
276128,1
276129,2
276129,1
276130,2
276130,1
243228,1
339051,2
339051,1
277335,2
277335,1
288653,2
288653,1
277334,2
277334,1
301344,2
301344,1
301362,2
301362,1
321006,2
321006,1
338092,2
338092,1
338091,2
338091,1
346649,2
346649,1
346651,2
346651,1
346650,2
346650,1
346646,2
346646,1
346645,2
346645,1
346648,2
346648,1
346652,2
346652,1
387010,2
387010,1
500771,2
500771,1
378593,2
378593,1
524256,2
524256,1
526113,1
102603,2
102603,1
91106,2
91106,1
97995,2
97995,1
294496,2
294496,1
301359,2
301359,1
301357,2
301357,1
301353,2
301353,1
301355,2
301355,1
297641,2
297641,1
344777,2
344777,1
344778,2
344778,1
515200,2
515200,1
344781,2
344781,1
344783,2
344783,1
301341,2
301341,1
507779,2
507779,1
385321,2
385321,1
344776,2
344776,1
217614,2
217614,1
137503,2
137503,1
177349,2
177349,1
105300,2
105300,1
378592,2
378592,1
231518,2
231518,1
321007,2
321007,1
237643,2
237643,1
301361,2
301361,1
137500,2
137500,1
265814,2
265814,1
532633,2
532633,1
242216,2
242216,1
301352,2
301352,1
517393,2
517393,1
338090,2
338090,1
258532,2
258532,1
243614,1
517446,2
517446,1
288995,2
288995,1
237644,1
288648,2
288648,1
317125,2
317125,1
177256,2
177256,1
176025,2
176025,1
344779,2
344779,1
526203,1
289771,2
289771,1
242209,2
242209,1
369290,1
273606,2
273606,1
288951,2
288951,1
344780,2
344780,1
300473,2
300473,1
320225,2
320225,1
500874,2
500874,1
143132,2
143132,1
283673,2
283673,1
300474,2
300474,1
328134,2
328134,1
242957,2
242957,1
318704,2
318704,1
301354,2
301354,1
289770,2
289770,1
301356,2
301356,1
301358,2
301358,1
254510,2
254510,1
301343,2
301343,1
278249,2
278249,1
326844,2
326844,1
344782,2
344782,1
273607,2
273607,1
293587,2
293587,1
306602,1
347358,2
347358,1
314450,2
314450,1
369952,2
369952,1
190976,2
190976,1
278253,2
278253,1
150934,2
150934,1
139586,2
139586,1
31541,2
31541,1
5697,2
5697,1
31547,2
31547,1
5704,2
5704,1
237093,2
237093,1
293759,2
293759,1
5711,2
5711,1
181960,2
181960,1
93620,2
93620,1
168892,2
168892,1
74131,2
74131,1
115908,2
115908,1
112153,2
112153,1
31551,2
31551,1
151341,2
151341,1
42929,2
42929,1
5722,2
5722,1
76557,2
76557,1
94005,2
94005,1
301000,2
301000,1
5727,2
5727,1
293493,2
293493,1
5729,2
5729,1
5730,2
5730,1
42914,2
42914,1
171376,2
171376,1
31562,2
31562,1
21602,2
21602,1
5734,2
5734,1
271851,2
271851,1
190129,2
190129,1
19962,2
19962,1
5739,2
5739,1
30461,2
30461,1
5743,2
5743,1
218508,2
218508,1
95396,2
95396,1
270558,1
80492,2
80492,1
529090,1
368802,1
383650,1
383651,1
109923,2
109923,1
102221,2
102221,1
68989,1
131218,2
131218,1
57057,2
57057,1
111165,2
111165,1
69898,2
69898,1
86353,2
86353,1
89132,2
89132,1
67430,2
67430,1
5755,1
98721,2
98721,1
92457,2
92457,1
48167,2
48167,1
108305,2
108305,1
159486,1
337956,1
377009,1
308666,1
91505,1
108100,2
108100,1
91263,1
334468,1
306845,1
374711,1
5757,2
5757,1
110356,2
110356,1
153685,1
31752,2
31752,1
163302,1
179322,2
179322,1
5759,2
5759,1
81774,2
81774,1
5763,2
5763,1
5765,2
5765,1
335308,1
335309,1
293040,1
55571,1
281490,1
166443,1
50756,1
90247,1
94120,1
387410,1
198594,1
44562,1
74561,1
42544,1
31760,1
5771,1
316520,1
103691,1
43947,1
82312,1
115857,1
167945,1
253166,1
97424,1
88548,1
23341,1
5835,1
31796,1
297518,2
297518,1
302802,2
302802,1
293365,2
293365,1
31805,2
31805,1
536985,2
536985,1
537011,2
537011,1
537304,2
537304,1
536959,2
536959,1
537010,2
537010,1
537287,2
537287,1
537359,2
537359,1
531133,2
531133,1
529948,1
5888,2
5888,1
537103,1
537032,1
530935,2
530935,1
529996,1
529990,2
529990,1
529989,2
529989,1
530936,2
530936,1
326682,1
158441,2
158441,1
303828,1
70567,1
219228,1
249616,1
29272,1
218423,1
209005,1
317234,1
74280,1
5989,1
310118,1
135366,1
183253,1
47521,2
47521,1
21108,1
6006,1
6008,1
72943,1
45740,1
525874,1
218569,1
169582,1
117519,1
31851,1
180344,1
76398,1
58478,1
118142,1
25060,1
20683,1
290823,1
367730,1
103146,1
87536,1
24700,1
231320,1
279733,1
298098,1
170646,1
64330,1
6133,1
114996,1
150811,1
78543,1
6139,1
296102,1
51581,1
522656,1
195632,1
307418,1
145998,1
158512,1
61646,1
525410,2
525410,1
389092,2
389092,1
240471,1
374906,1
189838,1
117272,1
226328,1
46948,1
314101,1
64829,1
517287,1
380623,1
534829,1
268564,1
240478,1
6230,1
200188,1
103614,1
522974,1
517091,1
517092,1
518276,1
519010,1
519979,1
6243,1
268574,1
377739,1
377740,1
76835,1
296469,1
140034,1
226329,1
187830,1
6229,1
104387,1
345342,2
345342,1
525795,2
525795,1
254610,2
254610,1
364439,2
364439,1
511669,2
511669,1
349539,2
349539,1
526447,2
526447,1
336462,2
336462,1
506626,2
506626,1
345343,2
345343,1
525484,2
525484,1
336466,2
336466,1
316737,2
316737,1
353807,2
353807,1
365024,2
365024,1
377074,2
377074,1
256620,2
256620,1
522922,2
522922,1
374394,2
374394,1
384497,2
384497,1
382805,2
382805,1
385347,2
385347,1
514313,2
514313,1
526092,2
526092,1
532796,2
532796,1
361424,2
361424,1
526269,2
526269,1
530332,2
530332,1
525904,2
525904,1
526152,2
526152,1
525718,2
525718,1
525806,2
525806,1
526095,2
526095,1
530333,2
530333,1
345324,2
345324,1
371265,2
371265,1
315330,2
315330,1
342449,2
342449,1
357381,2
357381,1
506688,2
506688,1
371273,2
371273,1
331257,2
331257,1
362015,2
362015,1
359663,2
359663,1
362017,2
362017,1
511584,2
511584,1
371266,2
371266,1
345326,2
345326,1
371267,2
371267,1
533205,2
533205,1
349534,2
349534,1
326338,2
326338,1
345347,2
345347,1
511696,2
511696,1
505288,2
505288,1
505289,2
505289,1
505290,2
505290,1
371268,2
371268,1
511680,2
511680,1
352084,2
352084,1
521214,2
521214,1
525998,2
525998,1
535853,2
535853,1
536248,2
536248,1
505284,2
505284,1
507868,2
507868,1
507866,2
507866,1
371274,2
371274,1
535899,2
535899,1
511339,2
511339,1
377076,2
377076,1
505287,2
505287,1
528879,2
528879,1
355908,2
355908,1
535918,2
535918,1
505299,2
505299,1
517424,2
517424,1
514312,2
514312,1
525497,2
525497,1
531291,2
531291,1
361425,2
361425,1
505304,2
505304,1
352314,2
352314,1
505286,2
505286,1
306250,2
306250,1
374124,2
374124,1
533305,2
533305,1
526006,2
526006,1
505308,2
505308,1
536737,2
536737,1
505300,2
505300,1
521458,2
521458,1
342448,2
342448,1
518025,2
518025,1
528907,2
528907,1
517787,2
517787,1
517993,2
517993,1
519700,2
519700,1
521728,2
521728,1
521408,2
521408,1
368684,2
368684,1
525821,2
525821,1
360226,2
360226,1
521557,2
521557,1
521178,2
521178,1
521330,2
521330,1
521094,2
521094,1
530331,2
530331,1
530330,2
530330,1
505309,2
505309,1
512640,2
512640,1
525878,2
525878,1
349703,2
349703,1
356008,2
356008,1
271270,2
271270,1
271106,2
271106,1
269585,2
269585,1
296675,2
296675,1
303249,2
303249,1
271107,2
271107,1
301459,2
301459,1
206881,2
206881,1
249880,2
249880,1
285393,2
285393,1
527663,2
527663,1
371275,2
371275,1
285394,2
285394,1
343473,2
343473,1
359665,2
359665,1
317252,2
317252,1
380868,2
380868,1
349702,2
349702,1
505305,2
505305,1
369358,2
369358,1
527013,2
527013,1
298719,2
298719,1
274595,2
274595,1
372474,2
372474,1
372473,2
372473,1
372472,2
372472,1
119919,1
32023,1
261430,1
41202,1
301831,1
528806,1
193426,1
220216,2
220216,1
125571,1
256108,1
280171,1
139006,1
180027,1
321697,1
92123,1
256110,1
278313,1
255455,1
107040,1
316315,1
323061,1
125990,1
269665,1
298030,1
370753,1
299497,1
194718,1
182123,1
517262,1
357530,1
42160,1
382781,1
313940,1
314387,1
344142,1
47797,1
256111,1
370752,1
197261,1
40954,1
304656,1
6480,1
32068,1
124117,1
124118,1
166894,1
6483,1
233223,1
41313,1
116857,1
138541,1
136019,1
150424,1
124120,1
168647,1
6486,1
368155,1
304624,1
155009,1
304628,1
195962,1
197875,1
60287,1
138266,1
168648,1
375213,1
275892,1
180028,1
169660,1
179895,1
97119,1
129081,1
226721,1
33977,1
32073,1
90367,1
140818,1
56041,1
180964,1
349449,1
32072,1
138543,1
40956,1
142064,1
63809,1
223352,1
138545,1
170118,1
114352,1
114353,1
6491,1
6492,1
97838,1
83268,1
125574,1
124123,1
114354,1
6494,1
302098,1
124124,1
336922,1
104580,1
41317,1
85119,1
197958,1
150427,1
107041,1
93397,1
304638,1
168652,1
93073,1
256757,1
99349,1
99350,1
93404,1
259353,1
94565,1
6501,1
169662,1
101552,1
286585,1
258248,1
96311,2
96311,1
90106,2
90106,1
99427,2
99427,1
94691,2
94691,1
350602,2
350602,1
96359,2
96359,1
307093,2
307093,1
352289,2
352289,1
66499,2
66499,1
98999,2
98999,1
89392,2
89392,1
307705,2
307705,1
336371,2
336371,1
89925,2
89925,1
218399,2
218399,1
97053,2
97053,1
293430,2
293430,1
89393,2
89393,1
72415,2
72415,1
49687,2
49687,1
173097,2
173097,1
94783,2
94783,1
66531,2
66531,1
96573,2
96573,1
100322,2
100322,1
58874,2
58874,1
89384,2
89384,1
57159,2
57159,1
67703,2
67703,1
108627,2
108627,1
308094,2
308094,1
93480,2
93480,1
350603,2
350603,1
100113,2
100113,1
98273,2
98273,1
94489,2
94489,1
96443,2
96443,1
96444,2
96444,1
100088,2
100088,1
96352,2
96352,1
98778,2
98778,1
64317,2
64317,1
90911,2
90911,1
56955,2
56955,1
89039,2
89039,1
92063,2
92063,1
95438,2
95438,1
77329,2
77329,1
345419,2
345419,1
345420,2
345420,1
328521,2
328521,1
49889,2
49889,1
89390,2
89390,1
71569,2
71569,1
97351,2
97351,1
90949,2
90949,1
97724,2
97724,1
97725,2
97725,1
94108,2
94108,1
96180,2
96180,1
128826,2
128826,1
317158,2
317158,1
128922,2
128922,1
99465,2
99465,1
69799,2
69799,1
111202,2
111202,1
174094,2
174094,1
103905,2
103905,1
76113,2
76113,1
90091,2
90091,1
47432,2
47432,1
68273,2
68273,1
53538,2
53538,1
47262,2
47262,1
99707,2
99707,1
365985,2
365985,1
89389,2
89389,1
104945,2
104945,1
72414,2
72414,1
99737,2
99737,1
47571,2
47571,1
91931,2
91931,1
128921,2
128921,1
93455,2
93455,1
128824,2
128824,1
91837,2
91837,1
96972,2
96972,1
95221,2
95221,1
293229,2
293229,1
192922,2
192922,1
95542,2
95542,1
98452,2
98452,1
337336,2
337336,1
231432,1
51768,2
51768,1
95543,2
95543,1
96965,2
96965,1
98453,1
93754,2
93754,1
34148,2
34148,1
98070,2
98070,1
98978,2
98978,1
291745,2
291745,1
97317,2
97317,1
42086,2
42086,1
324238,2
324238,1
338791,2
338791,1
91181,2
91181,1
59819,2
59819,1
121293,2
121293,1
128828,2
128828,1
318761,2
318761,1
368394,2
368394,1
368395,2
368395,1
368398,2
368398,1
368400,2
368400,1
6682,2
6682,1
100324,2
100324,1
99902,2
99902,1
96656,2
96656,1
6690,2
6690,1
58721,2
58721,1
32458,2
32458,1
32447,2
32447,1
90516,2
90516,1
50783,2
50783,1
96440,2
96440,1
98066,2
98066,1
349701,2
349701,1
369950,2
369950,1
84807,2
84807,1
183791,2
183791,1
321513,2
321513,1
92629,2
92629,1
199708,2
199708,1
199716,2
199716,1
192927,1
328179,2
328179,1
51335,2
51335,1
90130,2
90130,1
317865,2
317865,1
96655,2
96655,1
97557,2
97557,1
90600,2
90600,1
100325,2
100325,1
108904,2
108904,1
97928,2
97928,1
112154,2
112154,1
98832,2
98832,1
99416,2
99416,1
323374,2
323374,1
326564,2
326564,1
263575,2
263575,1
150286,2
150286,1
41997,2
41997,1
322020,2
322020,1
334654,2
334654,1
221090,2
221090,1
163026,1
114524,1
122440,1
77925,2
77925,1
504993,1
343736,1
32544,2
32544,1
153207,2
153207,1
124851,1
6763,2
6763,1
121981,1
6767,2
6767,1
25696,2
186949,2
186949,1
178717,2
178717,1
32527,2
6770,1
243420,1
81302,1
98735,2
32535,1
163751,1
58992,2
58992,1
51715,1
180073,2
180073,1
171035,1
32561,2
32561,1
301274,2
301274,1
133838,2
6780,2
525977,2
73759,2
135671,2
134738,2
207545,2
207545,1
228067,2
228067,1
114505,2
114505,1
104003,2
104003,1
248909,1
387005,2
387005,1
81895,2
81895,1
372772,2
372772,1
529565,2
529565,1
334052,2
334052,1
181329,2
181329,1
152161,2
152161,1
91465,2
91465,1
343790,2
343790,1
183486,2
183486,1
66150,2
66150,1
99467,1
199218,2
199218,1
272173,2
272173,1
309921,2
309921,1
229797,2
229797,1
523299,2
523299,1
298442,2
298442,1
170182,2
170182,1
81483,1
6799,1
31407,1
22228,1
232496,2
232496,1
505062,2
505062,1
522568,1
505061,1
311032,2
311032,1
253644,1
46666,2
46666,1
48980,2
48980,1
87806,1
514316,1
6819,1
130791,1
283871,1
6829,1
25061,1
6830,2
6830,1
234386,1
65437,1
102443,1
344071,1
339350,1
339351,1
301055,1
255398,1
63542,1
273781,1
359185,1
359186,1
170395,1
181701,1
32653,1
231327,1
6919,1
63685,1
368689,1
367947,1
326792,1
125710,1
154668,1
6925,1
183592,1
226170,1
84672,1
231324,1
374126,2
374126,1
140097,2
140097,1
211195,1
202678,2
202678,1
222349,2
222349,1
253745,2
253745,1
530584,1
278293,1
222350,2
222350,1
135873,2
135873,1
7037,1
383325,2
383325,1
32725,2
32725,1
211196,2
211196,1
332113,2
332113,1
332103,1
332115,2
332115,1
332109,2
332109,1
176926,1
296819,1
115159,1
245183,2
245183,1
93910,2
93910,1
24037,2
24037,1
105713,2
105713,1
191857,1
105714,2
105714,1
46564,2
46564,1
90038,2
90038,1
137530,2
137530,1
84330,2
84330,1
75331,2
75331,1
44239,2
44239,1
7087,2
7087,1
90919,2
90919,1
253744,1
226441,1
336813,1
254027,2
254027,1
340801,2
340801,1
340802,2
340802,1
340641,2
340641,1
284119,1
7156,1
28157,1
271363,2
271363,1
74322,2
74322,1
52187,2
52187,1
112608,2
112608,1
102420,2
102420,1
359845,2
359845,1
312319,2
312319,1
104179,2
104179,1
102492,2
102492,1
367740,2
367740,1
102218,2
102218,1
114508,2
114508,1
83461,2
83461,1
298840,2
298840,1
56971,2
56971,1
7181,2
7181,1
7185,2
7185,1
7186,2
7186,1
193948,2
193948,1
7189,2
7189,1
158810,2
158810,1
158812,2
158812,1
166395,2
166395,1
71782,2
71782,1
32847,2
32847,1
60545,2
60545,1
81086,2
81086,1
337112,1
260686,1
130014,1
327831,2
327831,1
60350,2
60350,1
84077,2
84077,1
7229,2
7229,1
106126,2
106126,1
334691,2
334691,1
70762,2
70762,1
335252,2
335252,1
7350,1
129118,1
7366,1
92033,1
68895,1
52663,1
95612,1
315010,1
526155,1
91659,1
58192,1
87553,1
58966,1
57923,1
349407,2
349407,1
373513,1
349408,1
349409,1
137543,1
349410,2
349410,1
349411,2
349411,1
349412,1
111132,1
347729,1
373048,1
378722,1
78581,1
350079,1
526440,1
43733,1
94698,1
222063,1
52706,1
96050,1
297211,1
89195,1
315645,1
55925,1
77918,1
93761,1
79077,1
58472,1
54840,1
170842,1
46584,1
69779,1
54108,1
242943,1
75745,2
75745,1
102401,1
342505,1
91281,1
240390,1
353422,2
353422,1
74781,1
59920,2
59920,1
93220,1
182217,1
96835,1
90117,1
66475,1
526295,1
43622,1
105183,2
105183,1
33165,1
58074,1
167401,1
281160,1
258243,1
109725,1
55619,1
296203,1
363837,1
537774,1
46895,1
57999,1
526177,1
92175,1
80012,1
297208,1
50721,1
121563,1
91335,1
47285,1
47369,1
197402,1
96102,1
46211,1
98426,1
96891,1
82921,1
97727,1
282440,1
333499,1
111320,1
95225,1
69721,1
66948,1
353416,1
302407,1
48359,1
68300,1
526401,1
94533,1
96820,1
93998,1
536375,1
113630,1
76520,1
50392,1
57739,1
192398,1
336561,1
94815,1
364191,1
180399,1
83233,1
281607,1
69561,1
315046,1
103039,2
103039,1
93025,1
75041,1
98670,1
114929,1
353430,2
353430,1
99706,1
72933,2
72933,1
353431,2
353431,1
57244,1
353418,1
136119,2
136119,1
305948,1
49061,1
281609,1
82831,1
92240,1
154823,1
99346,1
33318,1
170859,1
170860,1
250589,1
183460,1
78393,1
310477,1
351302,1
517291,1
537872,1
348093,1
376951,1
120473,1
296648,2
296648,1
62589,2
62589,1
245746,2
245746,1
77754,2
77754,1
152474,2
152474,1
334783,2
334783,1
33344,2
33344,1
114513,2
114513,1
368691,2
368691,1
82034,2
82034,1
284965,2
284965,1
234000,2
234000,1
114011,2
114011,1
365044,2
365044,1
219996,2
219996,1
234001,2
234001,1
370912,2
370912,1
345599,2
345599,1
360384,2
360384,1
350935,2
350935,1
216755,2
216755,1
315577,2
315577,1
189957,2
189957,1
517462,2
517462,1
367748,2
367748,1
138569,2
138569,1
7541,2
7541,1
93563,2
93563,1
139573,2
139573,1
90288,2
90288,1
130972,2
130972,1
90567,2
90567,1
156170,2
156170,1
358784,2
358784,1
278065,2
278065,1
227495,2
227495,1
306372,2
306372,1
126693,2
126693,1
315581,2
315581,1
90289,2
90289,1
306374,2
306374,1
350675,2
350675,1
278066,2
278066,1
99575,2
99575,1
99576,2
99576,1
126694,2
126694,1
131250,2
131250,1
335837,2
335837,1
184348,2
184348,1
169452,2
169452,1
97864,2
97864,1
7542,2
7542,1
232648,2
232648,1
7543,2
7543,1
223607,2
223607,1
291695,2
291695,1
241374,2
241374,1
194558,2
194558,1
138568,2
138568,1
93935,2
93935,1
208025,2
208025,1
241133,2
241133,1
30456,2
30456,1
517726,2
517726,1
350650,2
350650,1
30358,2
30358,1
97886,2
97886,1
119792,2
119792,1
97188,2
97188,1
343514,2
343514,1
136448,2
136448,1
119800,2
119800,1
517414,2
517414,1
92400,2
92400,1
311952,2
311952,1
216759,2
216759,1
372087,2
372087,1
198444,2
198444,1
306383,2
306383,1
198404,2
198404,1
127905,2
127905,1
155989,2
155989,1
131731,2
131731,1
324266,2
324266,1
310334,2
310334,1
255459,2
255459,1
153105,2
153105,1
365351,2
365351,1
72330,2
72330,1
302040,2
302040,1
324267,2
324267,1
56104,2
56104,1
517348,2
517348,1
367989,2
367989,1
126674,2
126674,1
307972,2
307972,1
153107,2
153107,1
520920,2
520920,1
30424,2
30424,1
126682,2
126682,1
89933,2
89933,1
155592,2
155592,1
96582,2
96582,1
30394,2
30394,1
359764,2
359764,1
155810,2
155810,1
315593,2
315593,1
167661,2
167661,1
232928,2
232928,1
306375,2
306375,1
113948,2
113948,1
194426,2
194426,1
170364,2
170364,1
375177,2
375177,1
300594,2
300594,1
236215,2
236215,1
290748,2
290748,1
350680,2
350680,1
182603,2
182603,1
155604,2
155604,1
212088,2
212088,1
194425,2
194425,1
208023,2
208023,1
134063,2
134063,1
335548,2
335548,1
194423,2
194423,1
167663,2
167663,1
138622,2
138622,1
335549,2
335549,1
126651,2
126651,1
127675,2
127675,1
97394,2
97394,1
367950,2
367950,1
136445,2
136445,1
208063,2
208063,1
290616,2
290616,1
92126,2
92126,1
223613,2
223613,1
97232,2
97232,1
139572,2
139572,1
208047,2
208047,1
165653,2
165653,1
97575,2
97575,1
238833,2
238833,1
7582,2
7582,1
194345,2
194345,1
301262,2
301262,1
321441,2
321441,1
369849,2
369849,1
95866,2
95866,1
198394,2
198394,1
198398,2
198398,1
198399,2
198399,1
172787,2
172787,1
346013,2
346013,1
99277,2
99277,1
126686,2
126686,1
131733,2
131733,1
126655,2
126655,1
81540,2
81540,1
359765,2
359765,1
7584,2
7584,1
517457,2
517457,1
7553,2
7553,1
198421,2
198421,1
178928,2
178928,1
517671,2
517671,1
340805,1
7596,2
7596,1
248801,1
346121,2
346121,1
299499,2
299499,1
240996,2
240996,1
250158,2
250158,1
181333,2
181333,1
143575,2
143575,1
340857,2
340857,1
340858,2
340858,1
346122,2
346122,1
376219,2
376219,1
336580,2
336580,1
333427,2
333427,1
346116,2
346116,1
346117,2
346117,1
350014,2
350014,1
298603,2
298603,1
242620,2
242620,1
317397,2
317397,1
302132,2
302132,1
309924,2
309924,1
344848,1
365051,2
365051,1
350499,2
350499,1
350015,2
350015,1
381318,2
381318,1
344205,2
344205,1
344207,2
344207,1
344204,2
344204,1
334787,2
334787,1
334788,2
334788,1
334786,2
334786,1
297430,2
297430,1
338977,2
338977,1
294673,2
294673,1
229045,2
229045,1
197090,2
197090,1
177419,2
177419,1
254518,2
254518,1
217082,2
217082,1
7810,2
7810,1
7814,2
7814,1
7825,2
7825,1
521752,2
521752,1
223662,2
223662,1
73636,2
73636,1
226722,2
226722,1
110700,1
227603,2
227603,1
33523,2
33523,1
228049,2
228049,1
176070,2
176070,1
187652,2
187652,1
179824,2
179824,1
327128,2
327128,1
217983,2
217983,1
80929,2
80929,1
252826,2
252826,1
98464,2
98464,1
282670,2
282670,1
48863,2
48863,1
113679,2
113679,1
79820,2
79820,1
104786,2
104786,1
117371,2
117371,1
125484,2
125484,1
236528,2
236528,1
177618,2
177618,1
306605,2
306605,1
517627,2
517627,1
374043,2
374043,1
172943,2
172943,1
221590,2
221590,1
359850,2
359850,1
131111,2
131111,1
182447,2
182447,1
520640,2
520640,1
117997,1
110415,1
209055,2
209055,1
517355,2
517355,1
512122,2
512122,1
33527,2
33527,1
186785,2
186785,1
194559,2
194559,1
361709,2
361709,1
361010,2
361010,1
361077,2
361077,1
361079,2
361079,1
361076,2
361076,1
361081,2
361081,1
279221,2
279221,1
191134,2
191134,1
168976,1
140052,2
140052,1
226693,2
226693,1
269664,2
269664,1
208639,2
208639,1
250976,2
250976,1
242424,2
242424,1
166050,2
166050,1
272927,2
272927,1
115613,2
115613,1
268912,2
268912,1
151200,2
151200,1
180971,2
180971,1
226848,2
226848,1
227631,1
112830,2
112830,1
373777,2
373777,1
142512,2
142512,1
194563,2
194563,1
142494,2
142494,1
262697,2
262697,1
262701,2
262701,1
310183,2
310183,1
353026,2
353026,1
353073,2
353073,1
353027,2
353027,1
271973,2
271973,1
175747,2
175747,1
200165,2
200165,1
243430,2
243430,1
360274,2
360274,1
359570,2
359570,1
349800,2
349800,1
360275,2
360275,1
351143,2
351143,1
359571,2
359571,1
352419,2
352419,1
349801,2
349801,1
359572,2
359572,1
359573,2
359573,1
262700,2
262700,1
384598,2
384598,1
320147,2
320147,1
279662,2
279662,1
217985,2
217985,1
101364,2
101364,1
64192,2
64192,1
268932,2
268932,1
274713,2
274713,1
173103,2
173103,1
503509,2
503509,1
7866,2
7866,1
65097,2
65097,1
94610,2
94610,1
152534,2
152534,1
244128,2
244128,1
115570,2
115570,1
239704,2
239704,1
242951,2
242951,1
194180,2
194180,1
96118,2
96118,1
134598,2
134598,1
65098,2
65098,1
274714,2
274714,1
99926,2
99926,1
7881,2
7881,1
102759,1
95865,1
7883,2
7883,1
71788,2
71788,1
7884,2
7884,1
52525,1
104482,2
104482,1
98058,2
98058,1
94020,2
94020,1
358911,2
358911,1
90484,2
90484,1
60296,2
60296,1
22873,2
22873,1
226644,2
226644,1
197026,2
197026,1
221591,2
221591,1
79850,2
79850,1
47667,2
47667,1
247629,1
57944,2
57944,1
33463,2
33463,1
23899,1
357476,2
357476,1
326141,2
326141,1
91125,2
91125,1
520518,2
520518,1
296391,2
296391,1
251615,2
251615,1
92369,2
92369,1
167589,2
167589,1
520542,2
520542,1
69280,1
521121,2
521121,1
221592,2
221592,1
105661,2
105661,1
226647,1
180968,2
180968,1
511366,2
511366,1
76102,2
76102,1
7897,2
7897,1
7898,2
7898,1
200867,2
200867,1
7900,2
7900,1
297593,2
297593,1
299831,2
299831,1
136311,1
197271,1
204263,2
204263,1
51606,2
51606,1
66920,1
66921,2
66921,1
89569,1
95302,2
95302,1
71022,2
71022,1
526179,2
526179,1
130829,2
130829,1
79057,2
79057,1
115617,2
115617,1
521411,2
521411,1
113951,2
113951,1
105658,2
105658,1
176981,2
176981,1
187648,2
187648,1
101155,2
101155,1
300252,2
300252,1
360712,2
360712,1
195577,2
195577,1
238475,2
238475,1
350992,2
350992,1
233871,2
233871,1
68070,2
68070,1
191323,2
191323,1
353109,2
353109,1
521625,2
521625,1
519716,2
519716,1
44383,2
44383,1
44612,2
44612,1
131709,2
131709,1
343797,2
343797,1
511002,2
511002,1
151047,2
151047,1
244150,2
244150,1
350016,2
350016,1
304591,2
304591,1
136479,2
136479,1
191793,2
191793,1
144905,2
144905,1
166152,2
166152,1
183594,2
183594,1
351773,2
351773,1
194554,2
194554,1
124383,2
124383,1
247632,2
247632,1
23113,2
23113,1
76666,2
76666,1
273391,2
273391,1
7924,2
7924,1
182538,1
111812,2
111812,1
270565,2
270565,1
116517,2
116517,1
155262,2
155262,1
22949,2
22949,1
7926,2
7926,1
62451,2
62451,1
127113,2
127113,1
68904,2
68904,1
172105,2
172105,1
136944,2
136944,1
102712,2
102712,1
197273,2
197273,1
90678,2
90678,1
204290,2
204290,1
236173,2
236173,1
63165,2
63165,1
99410,2
99410,1
127114,2
127114,1
208921,2
208921,1
56826,2
56826,1
127554,2
127554,1
194427,2
194427,1
85308,2
85308,1
93578,2
93578,1
141223,2
141223,1
155674,2
155674,1
94407,2
94407,1
336503,2
336503,1
127115,2
127115,1
155677,2
155677,1
97850,2
97850,1
41835,2
41835,1
124167,2
124167,1
210854,2
210854,1
212176,2
212176,1
245147,2
245147,1
172576,2
172576,1
197530,2
197530,1
90942,2
90942,1
33499,2
33499,1
97849,2
97849,1
89025,2
89025,1
84335,2
84335,1
360507,2
360507,1
278445,2
278445,1
56435,2
56435,1
43634,1
518478,2
518478,1
181256,2
181256,1
227334,2
227334,1
157994,2
157994,1
120688,2
120688,1
90448,2
90448,1
218250,2
218250,1
197705,2
197705,1
85759,2
85759,1
317159,2
317159,1
7937,2
7937,1
254804,2
254804,1
177477,2
177477,1
179050,2
179050,1
101162,2
101162,1
272737,2
272737,1
242952,2
242952,1
7943,2
7943,1
269832,2
269832,1
84371,2
84371,1
245149,2
245149,1
92273,2
92273,1
337419,2
337419,1
343924,2
343924,1
127487,2
127487,1
512219,2
512219,1
536644,2
536644,1
120692,2
120692,1
336743,2
336743,1
91260,2
91260,1
195407,2
195407,1
237024,2
237024,1
202621,2
202621,1
65708,2
65708,1
537786,2
537786,1
151245,2
151245,1
178548,2
178548,1
68513,2
68513,1
197529,1
307723,2
307723,1
525582,2
525582,1
96379,2
96379,1
103471,2
103471,1
59200,2
59200,1
170246,2
170246,1
537770,2
537770,1
236226,2
236226,1
55016,2
55016,1
353309,1
357610,1
346559,1
370108,1
361232,1
377913,1
359187,1
351309,1
342934,1
374247,1
367753,1
136883,2
136883,1
361147,2
361147,1
293384,2
293384,1
333196,2
333196,1
84947,2
84947,1
368996,2
368996,1
170777,2
170777,1
299542,2
299542,1
94705,2
94705,1
242428,2
242428,1
336379,2
336379,1
325517,2
325517,1
361988,2
361988,1
211934,2
211934,1
49542,2
49542,1
307170,2
307170,1
273555,2
273555,1
334919,2
334919,1
324049,2
324049,1
307814,2
307814,1
90504,2
90504,1
324050,2
324050,1
316477,2
316477,1
316478,2
316478,1
361149,2
361149,1
307815,1
284015,2
284015,1
117411,2
117411,1
315333,2
315333,1
343955,2
343955,1
261470,1
175022,2
175022,1
324052,2
324052,1
7955,2
7955,1
334669,2
334669,1
219998,2
219998,1
307014,2
307014,1
270115,2
270115,1
179962,2
179962,1
130809,2
130809,1
99612,2
99612,1
284271,1
299336,2
299336,1
83337,2
83337,1
61266,2
61266,1
226655,2
226655,1
377077,2
377077,1
517405,2
517405,1
319936,2
319936,1
306954,2
306954,1
283490,2
283490,1
75065,2
75065,1
134739,2
134739,1
316480,2
316480,1
299547,2
299547,1
192721,2
192721,1
65802,2
65802,1
117570,2
117570,1
361145,2
361145,1
126341,2
126341,1
370182,2
370182,1
355594,2
355594,1
307177,2
307177,1
368873,2
368873,1
521554,2
521554,1
137752,2
137752,1
182863,2
182863,1
351088,2
351088,1
254588,2
254588,1
325836,2
325836,1
65803,2
65803,1
195131,2
195131,1
273392,2
273392,1
79217,2
79217,1
334923,2
334923,1
99419,2
99419,1
299549,2
299549,1
299551,2
299551,1
347510,2
347510,1
361141,2
361141,1
361142,2
361142,1
361992,2
361992,1
273215,2
273215,1
194944,2
194944,1
334924,2
334924,1
281306,2
281306,1
361143,2
361143,1
307178,2
307178,1
384611,2
384611,1
316507,2
316507,1
316482,2
316482,1
376797,2
376797,1
386894,2
386894,1
386923,2
386923,1
334926,2
334926,1
368444,2
368444,1
519705,2
519705,1
361148,2
361148,1
210751,2
210751,1
382517,2
382517,1
374397,2
374397,1
354444,2
354444,1
385130,2
385130,1
386924,2
386924,1
68091,2
68091,1
136431,2
136431,1
7958,2
7958,1
220000,2
220000,1
223682,2
223682,1
228312,2
228312,1
315648,2
315648,1
219470,2
219470,1
307106,2
307106,1
271159,2
271159,1
350993,2
350993,1
115454,2
115454,1
211133,2
211133,1
220908,2
220908,1
7970,2
7970,1
241467,2
241467,1
7976,2
7976,1
153199,2
153199,1
7979,2
7979,1
99719,2
99719,1
195789,2
195789,1
227949,2
227949,1
136177,2
136177,1
90048,2
90048,1
227950,2
227950,1
239952,2
239952,1
136954,2
136954,1
170914,2
170914,1
169160,2
169160,1
193194,2
193194,1
315858,2
315858,1
7984,2
7984,1
221593,2
221593,1
96515,2
96515,1
286930,2
286930,1
521368,2
521368,1
227389,1
208770,1
324268,1
226618,1
386795,2
386795,1
386799,2
386799,1
354311,1
8034,2
82893,2
82893,1
8051,2
8051,1
304026,1
357202,1
33621,2
33621,1
312681,1
275902,1
146369,1
356539,1
312682,1
8142,1
355301,1
268652,1
8148,1
77117,1
125486,2
125486,1
114520,2
90710,2
104441,2
155895,1
80300,2
378655,2
378655,1
378654,2
378654,1
91308,2
91308,1
33653,2
159113,2
159113,1
60013,1
8189,1
8200,1
8202,1
175158,1
33668,2
33668,1
285918,2
285918,1
47928,2
47928,1
124355,2
124355,1
168840,2
168840,1
214488,2
214488,1
198566,2
198566,1
179827,2
179827,1
368101,2
368101,1
104491,2
104491,1
255000,2
255000,1
255001,2
255001,1
317269,2
317269,1
306904,2
306904,1
44146,2
44146,1
366172,2
366172,1
33711,1
8255,1
297266,1
8268,1
103130,1
8267,1
8271,1
8272,1
333382,1
345640,1
8273,1
506853,1
8275,1
176662,1
506628,1
504241,1
506750,1
503904,1
504897,1
506758,1
506769,1
506557,1
503971,1
124537,1
69122,1
363768,1
326965,1
101799,1
75653,1
161970,1
92631,1
326972,1
48181,1
8335,1
194522,1
370529,1
69320,1
58743,1
344881,1
195643,1
69929,1
195648,1
85748,1
80208,1
84080,1
92495,1
270812,1
96886,1
70914,1
155682,2
155682,1
384613,2
384613,1
360153,2
360153,1
369293,2
369293,1
384614,2
384614,1
384615,2
384615,1
138263,2
138263,1
351638,2
351638,1
324936,2
324936,1
355182,2
355182,1
343798,2
343798,1
116734,1
99362,2
99362,1
79127,2
79127,1
91395,2
91395,1
97118,2
97118,1
98548,2
98548,1
34015,2
34015,1
55186,2
55186,1
43832,2
43832,1
77469,2
77469,1
205740,2
205740,1
53457,2
53457,1
238974,2
238974,1
91673,2
91673,1
65729,2
65729,1
92285,2
92285,1
360618,2
360618,1
78337,2
78337,1
209579,2
209579,1
194953,2
194953,1
154376,2
154376,1
206634,2
206634,1
83756,2
83756,1
98151,2
98151,1
92663,2
92663,1
253648,2
253648,1
67113,2
67113,1
34024,2
34024,1
73141,2
73141,1
94959,2
94959,1
194955,2
194955,1
154377,2
154377,1
238985,2
238985,1
81070,2
81070,1
56782,2
56782,1
182210,2
182210,1
85506,2
85506,1
524341,2
524341,1
324220,2
324220,1
511959,2
511959,1
351310,2
351310,1
238016,2
238016,1
95366,2
95366,1
92853,2
92853,1
88587,2
88587,1
78395,2
78395,1
99004,2
99004,1
204296,2
204296,1
34033,2
34033,1
62314,2
62314,1
59025,2
59025,1
79309,2
79309,1
115903,2
115903,1
90011,2
90011,1
98443,2
98443,1
69979,2
69979,1
56339,2
56339,1
56810,2
56810,1
63504,2
63504,1
528993,2
528993,1
311352,2
311352,1
8466,2
8466,1
8473,2
8473,1
223765,2
223765,1
223766,2
223766,1
8467,2
8467,1
8476,2
8476,1
8468,2
8468,1
223769,2
223769,1
43973,2
43973,1
254908,2
254908,1
179483,2
179483,1
85634,2
85634,1
175663,1
320141,1
143573,1
114542,1
34081,1
48554,1
213162,1
164023,1
8505,1
8510,1
367757,1
334792,1
345328,2
345328,1
518042,2
518042,1
518074,2
518074,1
300351,1
127415,1
103716,1
370698,1
370697,1
211882,1
180988,1
39162,1
328470,1
514339,1
363901,1
363903,1
363905,1
500978,1
500979,1
500591,1
501733,1
308783,1
308785,1
347057,1
515218,1
237812,1
377081,1
377078,1
388263,1
377080,1
377082,1
355187,1
270365,1
227664,1
387397,1
358838,1
251261,1
319545,1
291685,1
353363,1
328471,1
518415,1
368700,1
228068,1
297728,1
521614,1
378066,1
301470,1
277298,1
384612,1
297713,1
271394,1
286286,1
284551,1
285233,1
237689,1
164350,1
271395,2
271395,1
521455,1
374411,1
374413,1
361011,1
511349,1
511397,1
374414,1
374415,1
307009,1
368702,1
374416,1
286076,1
300898,1
302851,1
500818,1
385014,1
385015,1
500749,1
363900,1
363902,1
363904,1
511941,1
362134,1
326959,1
528826,1
284539,1
169666,1
285134,1
101199,1
157787,1
182539,2
182539,1
138118,1
271212,1
298140,1
8572,1
344482,1
336512,1
336513,1
344483,1
385049,1
287343,1
94957,1
91688,1
94863,1
188714,1
351164,1
8575,1
227987,1
347041,1
308788,1
302817,1
308786,1
308787,1
302312,1
528822,1
346735,1
271393,1
301460,1
251253,1
287157,1
88275,1
211136,1
272751,1
307632,1
352726,1
534382,1
359578,1
285133,1
67823,1
186790,1
363895,1
335151,1
347123,1
301461,1
301463,1
301462,1
326962,1
91124,1
316650,1
100392,1
53922,1
220812,1
269853,1
238324,1
231938,1
226724,1
220813,1
226353,1
97552,1
101214,2
101214,1
74777,2
74777,1
74778,2
74778,1
127824,1
86398,1
124387,1
124389,1
124390,1
124391,1
96871,1
50679,1
136355,1
124392,1
138257,1
124314,1
124316,1
118928,1
120165,1
101211,1
39150,1
135856,1
104276,1
99929,1
103979,1
128169,1
88305,1
88363,1
101217,1
140004,1
68684,1
8581,1
24575,1
20230,1
101221,1
8583,1
300825,1
319549,1
318860,1
325764,1
339320,1
300613,1
300614,1
335137,1
301466,1
335148,1
327183,1
56783,1
254020,1
319550,1
318857,1
337988,1
337621,1
240983,1
285921,1
501330,1
350610,1
132735,1
186960,1
522730,1
285920,1
250812,2
250812,1
301464,1
334802,1
334798,1
326961,1
352723,1
389004,1
124882,1
39155,1
340871,1
180239,1
219307,1
162965,1
300617,1
351167,1
343623,1
298405,1
366530,1
333837,1
335150,1
298406,1
357478,1
298407,1
352315,1
242633,1
500980,1
511780,1
163543,1
351168,1
298408,1
209439,1
344211,1
344214,1
344215,1
168774,1
184279,1
534884,1
534227,1
337990,1
363889,1
363891,1
378054,1
378070,1
365132,1
501333,1
500878,1
324585,1
163607,1
334801,1
168116,1
205168,1
177499,1
360315,1
163622,1
324586,1
352983,1
197616,1
300352,1
333838,1
333839,1
333840,1
163634,1
521533,1
182655,1
162967,1
163644,1
160073,1
536026,1
311116,1
181338,1
181857,1
183595,1
118887,1
536861,1
160086,1
537025,1
39156,1
238263,1
271396,1
273120,1
335817,1
298443,1
335813,1
335814,1
249802,1
308116,1
238689,1
326376,1
335816,1
238691,1
238692,1
316651,1
317649,1
271398,1
326377,1
333842,1
209440,1
163564,1
226444,1
163565,1
335819,1
163567,1
240984,1
163568,1
180594,1
322021,1
271402,1
271414,1
271410,1
271415,1
271417,1
344219,1
361045,1
271421,1
271401,1
192497,1
88897,1
345682,1
345685,1
363893,1
346817,1
335141,1
342462,1
358839,1
301475,1
301471,1
367629,1
517157,1
389003,1
389007,1
380170,1
243231,1
367761,1
227497,1
298180,1
207506,1
344216,1
163614,1
191235,1
360046,1
207501,1
163559,1
163661,1
163660,1
163663,1
346818,1
49954,1
277436,1
325766,1
337989,1
325767,1
240985,1
300616,1
208850,1
186791,1
335142,1
327184,1
327185,1
91517,1
319181,1
89850,1
124126,1
67193,1
521402,1
279851,1
124317,1
99203,1
182961,2
182961,1
384107,2
384107,1
127801,2
127801,1
352163,2
352163,1
270092,2
270092,1
102691,2
102691,1
384530,2
384530,1
64706,2
64706,1
114369,2
114369,1
104330,2
104330,1
87989,2
87989,1
222319,2
222319,1
102884,2
102884,1
77716,2
77716,1
270978,2
270978,1
174591,2
174591,1
138731,2
138731,1
230155,2
230155,1
136764,2
136764,1
110322,2
110322,1
195966,2
195966,1
181136,2
181136,1
108481,2
108481,1
358500,2
358500,1
85967,2
85967,1
250926,2
250926,1
39226,2
39226,1
182353,2
182353,1
121461,2
121461,1
373585,2
373585,1
70765,2
70765,1
57703,2
57703,1
296615,2
296615,1
325346,2
325346,1
111532,2
111532,1
384540,2
384540,1
256338,2
256338,1
111720,2
111720,1
39238,2
39238,1
89983,2
89983,1
94543,2
94543,1
102042,2
102042,1
67308,2
67308,1
95887,2
95887,1
109931,2
109931,1
39266,2
39266,1
92681,2
92681,1
48173,2
48173,1
214105,2
214105,1
76604,2
76604,1
44267,2
44267,1
90405,2
90405,1
84983,2
84983,1
79483,2
79483,1
110116,2
110116,1
220815,2
220815,1
253851,2
253851,1
384575,2
384575,1
58979,2
58979,1
43382,2
43382,1
300353,2
300353,1
380902,2
380902,1
104103,2
104103,1
110158,2
110158,1
380903,2
380903,1
175588,2
175588,1
8637,1
537028,2
537028,1
24258,2
24258,1
252433,2
252433,1
342535,2
342535,1
40496,2
40496,1
39093,2
39093,1
90543,2
90543,1
134085,2
134085,1
165038,2
165038,1
262323,2
262323,1
277876,2
277876,1
8664,1
147459,1
503912,1
504905,1
168842,2
168842,1
129701,2
129701,1
308444,2
308444,1
376240,1
332706,1
128250,2
128250,1
347762,1
347764,1
360616,1
353947,1
340877,1
327319,1
327327,1
135818,2
135818,1
340872,1
316832,1
307851,1
376241,1
526412,1
360687,1
300325,2
300325,1
175796,1
504463,1
366828,2
366828,1
334575,1
308446,1
284959,2
284959,1
376242,1
138481,2
138481,1
325648,2
325648,1
512282,1
352106,1
286093,1
307905,1
256763,1
272078,1
376616,2
376616,1
142657,2
142657,1
169865,2
169865,1
249808,1
315607,1
129083,2
129083,1
135695,2
135695,1
219309,2
219309,1
345733,1
530792,1
530793,1
530790,1
530794,1
111442,1
332707,1
118687,1
352425,1
526288,1
132575,2
132575,1
300311,1
375152,1
521617,1
112835,2
112835,1
235443,1
316833,2
316833,1
248768,1
326206,1
376617,2
376617,1
360688,1
376670,1
142714,1
66450,1
230610,1
285924,1
521119,1
316835,2
316835,1
87085,1
219363,2
219363,1
379585,1
379586,1
214456,2
214456,1
286095,1
300312,1
525831,1
316836,2
316836,1
292725,2
292725,1
89223,1
99030,2
99030,1
132577,2
132577,1
355021,1
520985,1
345629,2
345629,1
369158,2
369158,1
300433,1
369366,2
369366,1
326207,1
251784,1
180219,1
142686,1
326209,1
268818,1
316837,1
235444,2
235444,1
300313,1
336348,2
336348,1
526111,2
526111,1
526116,1
526431,2
526431,1
526140,1
352107,1
241821,1
316838,1
343474,1
385132,1
132576,2
132576,1
521530,1
255023,1
241732,1
521751,1
376248,1
368246,1
504493,1
293568,1
109258,1
167860,1
526289,1
118686,1
345736,2
345736,1
219475,1
96716,1
525724,1
525779,1
379587,1
525891,1
522406,2
522406,1
522560,1
525704,1
526010,1
368706,1
511565,1
376251,1
172162,1
376775,1
526344,1
302429,1
376253,1
114546,2
114546,1
205190,2
205190,1
293059,2
293059,1
335515,1
308447,1
355025,1
135703,2
135703,1
268819,2
268819,1
205185,2
205185,1
187206,1
269844,1
308466,2
308466,1
295435,1
249809,1
248517,2
248517,1
269912,2
269912,1
293580,1
142634,2
142634,1
334676,1
369113,1
187208,1
293057,2
293057,1
198988,2
198988,1
352429,1
180153,2
180153,1
316839,1
248513,2
248513,1
345635,1
306562,1
376260,1
308467,1
241891,1
326214,1
135708,1
54877,1
326581,1
385319,1
360729,1
333014,1
512134,1
272752,1
284420,1
115112,2
115112,1
285926,2
285926,1
285405,2
285405,1
80346,1
186794,1
167861,2
167861,1
525444,1
219476,1
124808,2
124808,1
287944,2
287944,1
142658,2
142658,1
47541,2
47541,1
241887,1
352430,1
352432,1
95993,2
95993,1
135968,2
135968,1
316841,1
521841,1
521653,1
300317,1
132580,2
132580,1
338878,1
293579,2
293579,1
346479,2
326583,1
166446,2
166446,1
521884,1
135712,2
135712,1
211532,1
54428,1
23597,1
268821,1
219969,1
293058,1
315608,2
315608,1
512191,1
352729,1
108492,2
108492,1
135713,1
108009,2
108009,1
322086,2
322086,1
256529,2
256529,1
293581,2
293581,1
362027,2
362027,1
326220,2
326220,1
172170,1
308468,1
326589,1
384635,1
384636,1
268822,2
268822,1
221900,2
221900,1
221901,1
275906,2
275906,1
365139,1
356533,2
356533,1
379582,2
379582,1
347765,1
361003,1
340878,1
503780,1
360389,1
360731,2
360731,1
168515,1
135715,1
187210,2
187210,1
525925,1
375956,1
315337,1
135717,1
369164,2
369164,1
376262,1
124809,1
335809,1
526296,1
528690,1
352422,1
525993,1
70937,1
526277,2
526277,1
347768,1
347766,1
345742,1
345743,1
345745,1
358101,1
365140,1
526293,1
57719,1
525920,1
526200,1
526428,2
526428,1
360714,1
218851,2
218851,1
135701,2
135701,1
105723,2
105723,1
500603,2
500603,1
500621,2
500621,1
504190,1
500589,1
251785,1
326597,1
326577,1
369112,1
377046,1
218853,1
525760,1
360723,1
376258,2
376258,1
500624,1
526275,1
351195,1
75221,1
504666,1
526083,1
525956,1
525921,1
219951,1
253603,2
253603,1
374398,1
8701,2
8701,1
136432,2
136432,1
126393,1
64929,2
64929,1
142695,1
40506,1
241254,1
81130,2
81130,1
59236,1
244734,1
8715,2
8715,1
254040,2
254040,1
118685,1
66220,1
256767,1
101224,1
8719,2
8719,1
92695,2
92695,1
375955,1
344849,1
360715,1
117935,2
117935,1
169386,1
40513,2
40513,1
211140,1
115799,1
254269,1
155704,1
104324,1
54610,2
54610,1
8725,1
167612,1
240888,1
253716,1
256814,2
256814,1
256769,1
142699,1
139930,1
25674,2
25674,1
187292,2
187292,1
245317,2
245317,1
49366,2
49366,1
164941,1
255887,1
153487,1
368034,1
164939,1
237559,1
367892,1
350957,1
257865,1
51981,1
229517,1
255879,1
187575,1
8762,1
166628,2
166628,1
85400,2
85400,1
8781,2
8781,1
108801,1
237389,1
116494,1
180721,1
306659,1
517709,1
83038,1
192985,1
82704,1
297939,1
180722,1
343544,1
351780,1
313761,1
334577,1
153039,1
321460,1
297940,1
332853,1
81251,1
517619,1
281922,1
45583,1
208880,1
306665,1
522050,1
376170,1
321465,1
116771,1
47532,1
299450,1
372739,1
69388,1
349784,1
305126,1
137022,1
167620,1
67353,1
299451,1
281928,1
116773,1
209348,1
127156,1
281929,1
167622,1
44888,1
332857,1
251186,1
209350,1
524526,1
167624,1
88355,1
109403,1
316712,1
315955,1
343209,1
314155,1
251194,1
366335,1
110669,1
332861,1
281938,1
251197,1
372744,1
222181,1
251200,2
251200,1
192991,1
118031,1
167628,1
281941,1
222183,1
222186,1
64107,1
343552,1
222187,1
332867,1
368828,1
520753,1
237394,1
93970,1
116781,1
92441,1
137163,1
332874,1
299453,1
286548,1
524642,1
306683,1
321473,1
74010,1
272353,1
385219,1
272354,1
334581,1
334582,1
209360,1
298798,1
313770,1
93708,1
97270,1
374767,1
81876,1
96811,1
152391,1
501602,1
270284,1
511463,1
251293,1
525608,1
517565,1
344469,1
97216,1
68940,1
49262,1
306687,1
311454,1
524393,1
524360,1
517566,1
524348,1
517573,1
222359,1
270285,1
193002,1
238128,1
286550,1
167633,1
251303,1
251304,1
167634,1
210816,1
209364,1
305147,1
94742,1
332887,1
298800,1
522054,1
193010,1
117305,1
306690,1
184060,1
209377,1
196470,1
349790,1
222202,1
297945,1
298803,1
517543,1
251320,1
195807,1
222205,1
238139,1
167637,1
167638,1
299458,1
222210,1
298804,1
222211,1
316716,1
102993,1
89368,1
366338,1
81584,1
251029,1
229114,1
376040,1
92800,1
151882,1
298805,1
270296,1
217090,1
306695,1
80778,1
102526,1
525598,1
74720,1
40962,1
517578,1
315610,1
314154,1
137168,1
233565,1
306696,1
503610,1
169372,1
316811,1
111223,1
193261,1
151884,1
298806,1
351784,1
524347,1
503110,1
332900,1
321482,1
370784,1
216555,2
216555,1
127164,1
343561,1
47170,1
365705,1
82484,1
326504,1
239638,1
306699,1
281964,1
343563,1
90230,1
374776,1
272412,1
222366,1
137170,1
281967,1
127168,1
237405,1
316719,1
350691,1
176093,1
222216,1
103703,1
222217,1
71169,1
193015,1
525561,1
180154,1
64081,1
524493,1
69571,1
332905,1
238148,1
49150,1
251360,1
193017,1
175406,1
281969,1
116801,1
167643,1
71767,1
270306,1
237408,1
270307,1
228954,1
60819,1
162011,1
326505,1
251371,1
83701,1
77207,1
334588,1
370789,1
368832,1
252343,1
69358,1
71881,1
525577,1
518052,1
54971,1
96991,1
42955,1
208887,1
209111,1
272430,1
237412,1
297938,1
270310,1
351788,1
524565,1
315611,1
299463,1
55302,1
115338,1
85671,1
306712,1
359507,1
43105,1
251397,1
365978,1
360411,1
251399,1
334590,1
350693,1
176092,1
316724,1
176800,1
321496,1
524540,1
305168,1
237418,1
332927,1
222225,1
315888,1
525418,1
321497,1
359508,1
136781,1
51004,1
198950,1
142470,1
525534,1
69644,1
136782,1
525591,1
270317,1
296563,1
517582,1
524488,1
270318,1
153044,1
78204,1
52672,1
127714,1
127715,1
151892,1
116811,1
118021,1
281995,1
137789,1
376394,1
222232,1
47936,1
47935,1
117307,1
209393,1
251437,1
95655,1
316812,1
98967,1
222235,1
525491,1
525488,1
343573,1
99783,1
99939,1
42284,1
66129,1
99305,1
51451,1
137262,1
8804,1
93069,1
8819,1
8840,1
110821,1
40634,1
114177,2
114177,1
8851,1
66804,1
8865,1
265782,1
286746,1
73269,1
257882,1
389049,1
318568,1
349494,1
389050,1
55715,1
344954,1
512396,1
79548,1
165141,1
293656,1
72767,1
46699,1
62476,1
278308,1
511742,1
257891,1
512310,1
389052,1
318445,1
176095,1
62726,1
379910,1
389054,1
389057,1
330076,1
350256,1
370014,2
370014,1
510725,1
376894,1
376381,1
368372,2
368372,1
386878,2
386878,1
248571,1
166153,1
66072,1
171472,1
384739,1
361633,2
361633,1
357104,2
357106,2
357106,1
365172,2
365172,1
357108,2
357108,1
357064,2
357064,1
357067,2
357067,1
356937,2
356937,1
505326,2
505326,1
357079,2
357079,1
357082,2
357082,1
377090,2
377090,1
357088,2
357088,1
356918,2
356918,1
356926,2
356932,2
356932,1
376898,2
376898,1
356949,2
356913,2
361639,2
361639,1
382518,2
382518,1
357095,2
357095,1
357096,2
357096,1
376608,2
376608,1
159310,2
159310,1
357109,2
357109,1
361631,2
357071,2
357071,1
357072,2
357072,1
223906,2
223906,1
357078,2
357078,1
188148,2
188148,1
356954,1
159311,2
356996,2
357000,2
357000,1
361635,2
361635,1
356959,2
356959,1
356963,2
356966,2
356966,1
217935,2
217935,1
356989,2
356989,1
356987,2
356987,1
357036,2
357036,1
365173,2
365173,1
357046,2
357046,1
356907,2
356907,1
357059,2
357059,1
357004,2
357004,1
357010,2
357010,1
357026,2
357026,1
357021,2
357021,1
357024,2
357024,1
357028,2
357028,1
356905,2
356905,1
357053,2
357053,1
357054,2
357054,1
522595,2
522595,1
522377,2
522377,1
8979,2
8979,1
41788,2
41788,1
8999,2
8999,1
70204,2
70204,1
40893,2
40893,1
57350,1
42262,2
42262,1
86042,1
71265,1
59980,2
59980,1
43305,1
56461,1
43098,1
76888,2
76888,1
223946,1
101250,2
101250,1
202093,1
120238,1
176460,2
176460,1
309441,2
309441,1
320197,1
305967,2
305967,1
69936,2
69936,1
169017,2
169017,1
53072,2
53072,1
9061,2
9061,1
9066,2
9066,1
229070,2
229070,1
297978,2
297978,1
369296,2
369296,1
357124,2
357124,1
181259,1
383119,1
203709,1
194586,2
194586,1
41168,2
41168,1
97902,2
97902,1
94352,2
94352,1
48494,2
48494,1
41181,2
41181,1
89996,1
323504,1
172558,1
130050,1
310798,1
310797,1
141483,2
141483,1
133144,2
133144,1
172245,2
172245,1
55573,2
55573,1
112166,1
217333,2
217333,1
57933,2
57933,1
65023,2
65023,1
52399,1
64692,2
64692,1
259645,1
172229,1
285151,2
285151,1
72952,2
72952,1
227504,2
227504,1
125103,1
158307,1
117732,2
117732,1
45835,2
45835,1
103195,2
103195,1
183779,2
183779,1
128593,2
128593,1
227506,2
227506,1
53294,1
250712,2
250712,1
67059,2
67059,1
77846,2
77846,1
316501,1
172257,2
172257,1
317656,2
317656,1
525569,2
525569,1
104631,2
104631,1
525526,2
525526,1
50323,2
50323,1
86282,2
86282,1
231149,2
231149,1
172230,1
70858,2
70858,1
521693,1
53236,2
53236,1
79583,2
79583,1
112281,2
112281,1
517351,1
62984,2
62984,1
172252,2
172252,1
73155,2
73155,1
47070,2
47070,1
175939,2
175939,1
64962,2
64962,1
64182,2
64182,1
231150,2
231150,1
159305,2
159305,1
54464,2
54464,1
78786,2
78786,1
70855,2
70855,1
163495,2
163495,1
143560,2
143560,1
78287,2
78287,1
73458,2
73458,1
61519,1
231158,2
231158,1
179471,2
179471,1
47548,2
47548,1
262591,1
172249,2
172249,1
42511,2
42511,1
285170,2
285170,1
79406,2
79406,1
143553,2
143553,1
76014,2
76014,1
79457,2
79457,1
87676,2
87676,1
56441,1
103698,2
103698,1
132472,2
132472,1
51784,2
51784,1
60228,2
60228,1
102272,2
102272,1
521699,1
80046,1
140339,2
140339,1
172260,2
172260,1
141614,2
141614,1
61821,2
61821,1
317967,2
317967,1
64061,2
64061,1
140341,2
140341,1
342522,2
342522,1
172235,2
172235,1
155718,2
155718,1
525793,2
525793,1
142471,2
142471,1
375960,2
375960,1
83578,1
74403,2
74403,1
518366,1
119591,2
119591,1
102803,2
102803,1
269826,2
269826,1
368584,2
368584,1
384654,2
384654,1
119638,2
119638,1
308090,2
308090,1
217510,2
217510,1
265633,1
519280,1
172263,2
172263,1
181031,2
181031,1
125113,2
125113,1
103431,2
103431,1
56070,2
56070,1
46678,2
46678,1
57690,2
57690,1
102804,2
102804,1
124113,2
124113,1
47533,2
47533,1
242884,1
74712,2
74712,1
102350,2
102350,1
101707,2
101707,1
283818,2
283818,1
172228,2
172228,1
227571,2
227571,1
52655,2
52655,1
67667,2
67667,1
107738,2
107738,1
105121,2
105121,1
66032,2
66032,1
75940,2
75940,1
94850,2
94850,1
267784,2
267784,1
140343,2
140343,1
80535,2
80535,1
163496,2
163496,1
172225,2
172225,1
147603,2
147603,1
124697,2
124697,1
115165,1
105285,2
105285,1
282199,1
323732,1
9222,2
9222,1
89442,1
128041,2
128041,1
96505,2
96505,1
253331,1
103144,1
140391,2
140391,1
141736,1
9253,2
9253,1
306803,2
306803,1
9258,1
56232,2
56232,1
9263,2
9263,1
236967,2
236967,1
54613,2
54613,1
297482,1
131199,2
131199,1
9279,1
9281,1
94861,1
9287,2
9287,1
9293,1
9298,2
9298,1
141602,1
9306,2
9306,1
9318,2
9318,1
141757,2
141757,1
167946,2
167946,1
78798,1
9331,1
345845,2
345845,1
42337,2
42337,1
269653,2
269653,1
65471,2
65471,1
90379,2
90379,1
89233,2
89233,1
134932,2
134932,1
73405,2
73405,1
124811,1
9374,1
72606,2
72606,1
307908,2
307908,1
231521,1
9382,2
9382,1
292247,2
292247,1
81829,1
24998,2
24998,1
58745,2
58745,1
101398,1
98853,2
98853,1
63881,1
96829,2
96829,1
141780,1
47263,2
47263,1
9395,2
9395,1
252365,2
252365,1
86332,2
86332,1
31797,1
84609,2
84609,1
114608,2
103467,2
58218,2
62956,2
62956,1
134906,2
9456,1
9475,2
9475,1
45717,2
45717,1
70912,2
70912,1
224010,2
224010,1
76708,2
76708,1
9496,2
9496,1
9497,1
9515,2
9515,1
95794,2
95794,1
121616,2
121616,1
132876,2
132876,1
217441,1
66915,1
78810,1
310184,1
327526,1
368956,1
9691,1
9692,1
165642,1
9694,1
9699,1
25238,1
369990,1
368038,1
105290,2
105290,1
285595,2
285595,1
9732,1
500570,1
500536,1
9733,1
9741,1
180972,2
180972,1
299981,1
536460,1
293828,2
293828,1
320732,1
504339,1
526290,2
526290,1
526325,2
526325,1
331284,1
386938,1
331305,1
384666,1
194778,2
194778,1
9757,2
9757,1
283220,2
283220,1
9771,2
9771,1
104905,1
74934,1
146716,1
256081,1
103534,1
66622,1
327527,1
45115,1
107851,1
339583,1
280482,2
280482,1
9810,1
276843,1
136567,1
56554,1
272140,1
9818,1
86841,1
296806,2
296806,1
317659,2
317659,1
52154,2
52154,1
70829,2
70829,1
334982,1
112338,2
112338,1
116306,2
116306,1
9867,2
9867,1
61244,2
61244,1
182879,2
182879,1
249716,2
249716,1
180314,2
180314,1
47078,2
47078,1
81097,2
81097,1
166898,2
166898,1
81096,2
81096,1
191230,2
191230,1
536727,1
117596,2
117596,1
229363,2
229363,1
229357,2
229357,1
229360,2
229360,1
41570,1
135972,2
135972,1
218859,1
153815,1
138591,1
224057,1
95547,1
134569,1
45483,1
196838,2
196838,1
203270,2
203270,1
186267,2
186267,1
382858,1
251255,2
251255,1
227001,1
196840,1
332688,1
99935,1
345824,1
380502,1
533252,1
204073,1
95364,1
340916,2
340916,1
180595,1
118333,2
118333,1
9877,1
238999,1
82263,1
140136,1
102684,1
253452,2
253452,1
140138,1
287692,1
70902,2
70902,1
191047,1
190956,1
285804,1
328307,2
328307,1
258838,2
258838,1
237675,2
237675,1
370969,2
370969,1
334657,2
334657,1
330082,1
517808,2
517808,1
329916,2
329916,1
113872,1
65306,1
9879,1
228782,1
504786,2
504786,1
504757,2
504757,1
504574,1
503772,1
287930,1
228778,2
228778,1
277045,2
277045,1
45606,1
45607,1
155994,2
155994,1
155797,1
90292,1
81514,1
9888,2
9888,1
525404,2
525404,1
170507,2
170507,1
52749,1
346182,1
359894,1
228247,1
43559,1
335520,2
335520,1
172133,1
241886,2
241886,1
520304,2
520304,1
247594,1
268262,2
268262,1
176616,1
269228,1
504265,2
504265,1
504775,2
504775,1
504869,1
503877,1
197115,1
201387,1
370966,2
370966,1
227995,2
227995,1
320149,2
320149,1
364205,1
361053,1
134789,1
134790,1
172134,1
517807,2
517807,1
337174,1
335523,1
335524,1
57116,1
41781,1
9884,1
356130,1
241286,1
361916,1
350996,1
252560,1
228633,2
228633,1
179946,1
318751,1
276199,1
124545,1
340922,1
356134,1
533359,1
252559,1
254525,1
221307,2
221307,1
280627,1
533340,1
319573,1
250897,1
182913,1
250898,1
270542,1
85161,1
352735,1
253326,1
528788,1
326596,1
370972,1
345809,1
521503,1
521432,1
521461,1
521663,1
521426,1
521700,1
263235,1
250029,1
251739,1
528913,1
528849,1
528941,1
528912,1
263236,1
212013,1
194380,1
229476,1
69266,1
384227,1
360044,1
218197,1
111263,1
523294,2
523294,1
523293,2
523293,1
257090,1
80503,1
280024,1
43170,1
114474,2
114474,1
133487,2
133487,1
224069,1
59985,1
55862,1
174855,2
174855,1
275093,2
275093,1
369299,1
324108,1
270579,1
237427,1
224073,1
117277,1
251258,1
182045,1
282054,1
226312,1
363704,1
9996,2
9996,1
47002,1
271482,1
151870,1
88985,2
88985,1
132523,1
327837,2
327837,1
116295,1
105158,1
86370,1
269955,2
269955,1
369795,1
211811,1
373123,1
319431,1
253755,1
275565,1
328302,1
331265,1
71718,1
72483,2
72483,1
224075,2
224075,1
352120,1
382538,1
380555,1
345672,1
334820,1
322093,1
58920,2
58920,1
270580,2
270580,1
293833,1
43118,1
90412,1
182310,1
307911,1
270116,1
328301,1
373124,1
342441,1
111479,1
382753,1
10001,2
287268,1
28849,2
28849,1
224083,2
224083,1
94525,2
94525,1
311035,2
311035,1
209001,2
209001,1
86371,2
86371,1
345162,2
345162,1
136738,2
136738,1
10041,2
10041,1
255732,2
255732,1
195121,2
195121,1
351321,2
351321,1
224092,2
224092,1
96012,2
96012,1
183830,2
183830,1
152883,2
152883,1
10044,2
10044,1
10050,2
10050,1
372608,2
372608,1
100455,2
100455,1
54956,2
54956,1
10057,2
95102,2
95102,1
96981,2
285928,2
387152,2
387153,2
387153,1
387158,2
104727,2
104727,1
83847,2
83847,1
10062,2
10062,1
68759,1
10072,2
10072,1
322310,1
371654,1
348221,1
374926,1
344367,1
367778,1
110614,1
351609,1
196159,1
324594,1
58327,1
124526,1
97300,1
289293,1
317787,1
371136,1
252589,1
359914,1
98000,1
10282,2
10282,1
505384,2
505384,1
505383,2
505383,1
54161,2
54161,1
10295,2
10295,1
84531,2
84531,1
127970,2
127970,1
10316,2
10316,1
116296,2
116296,1
103415,2
103415,1
114475,2
114475,1
72096,2
72096,1
48923,2
48923,1
10339,1
116297,1
103341,1
80075,1
500303,1
197587,1
29457,1
71687,2
71687,1
54361,1
10344,1
52828,1
111957,1
224143,1
91878,1
108555,1
70043,1
307586,1
288023,1
228329,1
74693,1
194455,1
56842,1
107050,1
299793,1
97235,1
285119,1
10345,1
22490,1
139112,1
49240,1
97326,2
97326,1
48275,2
48275,1
273582,1
78115,1
120490,2
120490,1
120491,2
120491,1
224147,2
224147,1
59706,1
324185,1
148374,2
148374,1
283384,2
283384,1
106167,1
10545,1
126531,1
358915,1
126535,1
78040,1
55076,1
25027,2
25027,1
128264,1
128273,1
102968,2
102968,1
104282,2
104282,1
224176,2
224176,1
80586,2
80586,1
66734,2
66734,1
298070,2
298070,1
66967,2
66967,1
10583,1
275829,2
275829,1
293549,2
293549,1
10597,2
10597,1
224182,2
224182,1
56143,2
56143,1
219411,2
219411,1
196968,2
196968,1
344084,2
344084,1
10606,2
10606,1
53077,2
53077,1
113464,2
113464,1
180009,2
180009,1
25204,2
25204,1
66352,2
66352,1
105306,2
105306,1
52023,2
52023,1
91167,2
91167,1
257009,2
257009,1
10613,2
10613,1
58864,1
277138,1
269036,1
10632,2
10632,1
505491,2
505491,1
526552,2
526552,1
505489,2
505489,1
10750,2
10750,1
531306,1
531302,1
529696,1
355591,1
310126,1
522862,1
10849,1
253102,1
207624,1
56852,1
91332,1
183283,1
240191,1
61448,1
233102,1
81050,1
10871,1
10915,1
159770,2
159770,1
206004,2
206004,1
87619,2
87619,1
100470,1
10988,1
241134,1
522863,2
224244,2
224244,1
11030,1
57467,2
57467,1
90083,2
90083,1
52009,2
52009,1
186820,1
175751,1
189962,2
189962,1
11048,2
11048,1
128434,2
128434,1
80483,2
80483,1
59137,2
59137,1
81670,2
81670,1
171807,2
171807,1
381661,2
381661,1
145937,2
145937,1
41864,2
41864,1
166201,2
166201,1
519992,2
519992,1
318613,2
318613,1
83960,2
83960,1
41253,1
46789,1
43515,2
43515,1
11103,2
11103,1
523592,2
523592,1
218217,2
218217,1
72445,2
72445,1
57621,2
57621,1
91154,2
91154,1
168213,2
168213,1
83235,1
11147,2
11147,1
42744,1
165576,1
520553,2
520553,1
520584,2
520584,1
65048,2
65048,1
239391,2
239391,1
385322,2
385322,1
81061,2
81061,1
47257,2
47257,1
11171,1
11174,1
92815,1
384892,2
384892,1
526479,2
526479,1
312304,2
312304,1
371195,2
371195,1
365321,2
365321,1
350495,2
350495,1
356178,2
356178,1
381645,2
381645,1
307461,2
307461,1
380166,2
380166,1
380167,2
380167,1
380168,2
380168,1
380169,2
380169,1
385146,2
385146,1
386383,2
386383,1
350999,2
350999,1
249822,2
249822,1
344494,2
344494,1
350022,2
350022,1
361717,2
361717,1
382807,2
382807,1
360742,2
360742,1
360743,2
360743,1
360744,2
360744,1
381642,2
381642,1
381643,2
381643,1
360745,2
360745,1
374044,2
374044,1
386676,1
378565,1
254026,2
254026,1
11286,2
11286,1
318962,2
318962,1
67046,2
67046,1
344485,2
344485,1
63104,2
63104,1
11292,2
11292,1
195622,2
195622,1
76864,2
76864,1
87102,2
87102,1
526460,2
526460,1
309898,2
309898,1
235120,2
235120,1
297071,2
297071,1
74179,2
74179,1
287729,2
287729,1
66654,2
66654,1
64666,2
64666,1
103292,2
103292,1
340504,2
340504,1
269827,2
269827,1
50599,2
50599,1
85002,2
85002,1
82413,2
82413,1
63687,2
63687,1
88136,2
88136,1
60392,1
65572,2
65572,1
76570,2
76570,1
58177,2
58177,1
291935,2
291935,1
84013,2
84013,1
85058,2
85058,1
104588,2
104588,1
136510,2
136510,1
48466,2
48466,1
99984,2
99984,1
128879,2
128879,1
523485,2
523485,1
120142,2
120142,1
100492,2
100492,1
257344,2
257344,1
257345,2
257345,1
375323,2
375323,1
108015,2
108015,1
54638,2
54638,1
125742,2
125742,1
92158,2
92158,1
324464,2
324464,1
170823,2
170823,1
97526,2
97526,1
96042,2
96042,1
99650,2
99650,1
60505,2
60505,1
355929,2
355929,1
173150,2
173150,1
120921,1
166993,2
166993,1
78893,2
78893,1
326042,2
326042,1
180365,2
180365,1
363379,2
363379,1
65908,2
65908,1
60442,2
60442,1
255119,1
359517,2
359517,1
277375,2
277375,1
372323,2
372323,1
45320,2
45320,1
62052,2
62052,1
183621,2
183621,1
271521,2
271521,1
132805,2
132805,1
76960,2
76960,1
353015,2
353015,1
120139,2
120139,1
11333,2
11333,1
11334,2
11334,1
282030,2
282030,1
170827,2
170827,1
92368,2
92368,1
70318,2
70318,1
58146,2
58146,1
317291,2
317291,1
525715,2
525715,1
379290,2
379290,1
54152,2
54152,1
43067,2
43067,1
43976,1
333849,2
333849,1
84755,2
84755,1
50955,2
50955,1
99396,2
99396,1
55052,2
55052,1
193162,2
193162,1
98831,2
98831,1
102226,2
102226,1
95523,2
95523,1
71472,2
71472,1
81715,2
81715,1
86389,2
86389,1
94538,2
94538,1
46147,2
46147,1
508090,2
508090,1
136511,2
136511,1
61922,2
61922,1
69623,2
69623,1
90505,2
90505,1
235109,2
235109,1
515258,2
515258,1
378228,2
378228,1
91610,2
91610,1
48098,2
48098,1
508237,2
508237,1
79163,2
79163,1
80371,2
80371,1
290503,2
290503,1
508136,2
508136,1
207881,2
207881,1
280303,2
280303,1
280304,2
280304,1
69012,2
69012,1
524093,2
524093,1
70579,2
70579,1
64707,2
64707,1
362355,2
362355,1
97485,2
97485,1
387829,2
387829,1
217726,2
217726,1
218914,2
218914,1
282511,2
282511,1
125116,2
125116,1
379295,2
379295,1
90720,2
90720,1
85283,2
85283,1
99951,2
99951,1
525635,2
525635,1
363357,2
363357,1
264493,2
264493,1
82981,2
82981,1
27682,2
27682,1
350346,2
350346,1
110349,2
110349,1
74691,2
74691,1
508119,2
508119,1
120935,2
120935,1
167011,2
167011,1
120141,2
120141,1
87517,2
87517,1
245303,2
245303,1
131681,2
131681,1
49306,2
49306,1
56028,2
56028,1
226948,2
226948,1
103525,2
103525,1
78534,2
78534,1
307387,2
307387,1
508148,2
508148,1
379300,2
379300,1
508162,2
508162,1
73025,2
73025,1
91006,2
91006,1
243373,2
243373,1
338814,2
338814,1
379301,2
379301,1
92269,2
92269,1
111543,2
111543,1
51240,2
51240,1
173149,2
173149,1
218915,2
218915,1
60231,2
60231,1
86373,2
86373,1
119277,2
119277,1
320635,2
320635,1
60772,2
60772,1
218199,2
218199,1
167014,2
167014,1
218910,1
69818,1
63141,2
63141,1
341690,1
108385,2
108385,1
277405,2
277405,1
294182,2
294182,1
48777,2
48777,1
86674,2
86674,1
74949,2
74949,1
104704,2
104704,1
62323,2
62323,1
53696,1
55821,2
55821,1
90143,2
90143,1
47034,2
47034,1
121083,2
121083,1
66962,2
66962,1
362032,2
362032,1
131682,2
131682,1
74039,2
74039,1
297072,2
297072,1
167018,2
167018,1
99940,2
99940,1
63888,1
363649,2
363649,1
70331,2
70331,1
62000,2
62000,1
111917,2
111917,1
340505,2
340505,1
291355,2
291355,1
136512,2
136512,1
97568,2
97568,1
269261,2
269261,1
331271,2
331271,1
91350,2
91350,1
117237,2
117237,1
120920,1
120929,2
120929,1
354182,1
99355,2
99355,1
167022,2
167022,1
508124,2
508124,1
205662,2
205662,1
52892,2
52892,1
62565,2
62565,1
291952,2
291952,1
508158,2
508158,1
75275,2
75275,1
45358,2
45358,1
57234,2
57234,1
170837,2
170837,1
67283,2
67283,1
67284,2
67284,1
87256,2
87256,1
304174,2
304174,1
60695,2
60695,1
276259,1
360364,2
360364,1
350963,2
350963,1
76190,2
76190,1
98681,2
98681,1
47789,2
47789,1
53095,2
53095,1
104265,2
104265,1
59487,2
59487,1
70412,2
70412,1
136609,2
136609,1
219225,2
219225,1
99613,2
99613,1
229160,1
136513,2
136513,1
257392,2
257392,1
224332,2
224332,1
227593,2
227593,1
72258,2
72258,1
368304,2
368304,1
361577,2
361577,1
91369,2
91369,1
113084,2
113084,1
55010,1
66778,1
281626,1
25842,2
25842,1
119629,2
119629,1
47087,2
47087,1
224339,2
224339,1
224345,2
224345,1
11365,2
11365,1
27672,2
27672,1
264587,1
11369,1
224349,2
224349,1
269843,2
269843,1
224355,2
224355,1
302368,2
302368,1
114826,2
114826,1
238866,1
205907,2
205907,1
207392,2
207392,1
95313,2
95313,1
54409,2
54409,1
11381,2
11381,1
67385,2
67385,1
172041,2
172041,1
132825,2
132825,1
193186,2
193186,1
269848,1
120715,2
120715,1
92209,2
92209,1
500138,2
500138,1
258794,2
258794,1
84463,2
84463,1
97871,2
97871,1
97002,2
97002,1
132433,2
132433,1
11403,2
11403,1
66455,2
66455,1
11406,2
11406,1
264588,1
287393,2
287393,1
11408,2
11408,1
11410,2
11410,1
43937,2
43937,1
132867,2
132867,1
286405,2
286405,1
46434,2
46434,1
76251,1
327473,1
93757,1
80504,1
355302,1
355303,1
355304,1
350406,1
355305,1
335380,1
522859,1
355306,1
76432,1
59347,2
59347,1
190011,2
190011,1
363360,2
363360,1
369986,2
369986,1
384684,2
384684,1
299449,2
299449,1
134886,2
134886,1
336531,2
336531,1
317008,2
317008,1
237442,2
237442,1
363361,2
363361,1
53531,2
53531,1
317009,2
317009,1
224376,2
224376,1
11492,2
11492,1
368054,2
368054,1
195274,2
195274,1
328795,2
328795,1
169668,2
169668,1
134885,2
134885,1
11500,2
11500,1
170951,2
170951,1
177544,2
177544,1
51961,2
51961,1
251915,2
251915,1
134984,2
134984,1
68135,2
68135,1
129199,2
129199,1
78616,2
78616,1
115875,2
115875,1
71006,2
71006,1
297719,2
297719,1
46012,2
46012,1
46013,2
46013,1
298519,2
298519,1
55055,2
55055,1
362758,2
362758,1
162385,2
162385,1
367662,1
62642,2
62642,1
362759,2
362759,1
362760,2
362760,1
76648,2
76648,1
517116,2
517116,1
517117,2
517117,1
138720,2
138720,1
52221,2
52221,1
127972,2
127972,1
284449,2
284449,1
354445,2
354445,1
174892,2
174892,1
345384,2
345384,1
190012,2
190012,1
505046,2
505046,1
316312,2
316312,1
317455,2
317455,1
329942,2
329942,1
362762,2
362762,1
210480,2
210480,1
195421,1
106854,1
106857,1
106879,1
66970,1
227382,1
381011,1
376196,1
378180,1
269606,1
387440,1
387526,1
315346,1
304592,1
275942,1
69636,1
51244,1
334993,1
206081,1
282140,1
239086,1
126566,1
261427,1
11553,1
335516,2
335516,1
118904,2
118904,1
25663,2
25663,1
82687,2
82687,1
386503,2
386503,1
386672,2
386672,1
386686,2
386686,1
386688,2
386688,1
386691,2
386691,1
386428,2
386428,1
386429,2
386429,1
386552,2
386552,1
386715,2
386715,1
386720,2
386720,1
386508,2
386508,1
386727,2
386727,1
386512,2
386512,1
386437,2
386437,1
386518,1
386737,2
386737,1
386448,2
386448,1
386738,2
386738,1
386716,2
386716,1
386721,2
386721,1
386687,2
386687,1
386692,2
386692,1
386689,2
386689,1
386728,2
386728,1
386553,2
386553,1
346123,2
346123,1
70730,2
344620,2
344620,1
11732,2
118888,2
118888,1
369590,2
369590,1
99748,2
99748,1
120362,1
110000,2
110000,1
115581,1
47413,2
47413,1
134658,1
11785,1
85130,1
135485,1
68973,1
11789,1
93193,2
93193,1
92546,1
353742,1
387346,1
88890,1
522872,1
522871,1
64553,2
64553,1
64554,1
43502,2
43502,1
138637,1
318356,2
318356,1
303933,2
303933,1
52214,2
52214,1
108542,2
108542,1
118626,2
118626,1
290370,2
290370,1
11832,2
11832,1
113968,2
113968,1
336207,2
336207,1
68141,1
378939,2
378939,1
11837,2
11837,1
118625,2
118625,1
195796,2
195796,1
97468,2
97468,1
124359,2
124359,1
138416,2
138416,1
114669,2
114669,1
136860,2
136860,1
376400,2
376400,1
11839,2
11839,1
272763,2
272763,1
377774,2
377774,1
118627,2
118627,1
147694,2
147694,1
93120,2
93120,1
327046,2
327046,1
285929,2
285929,1
63068,2
63068,1
74444,2
74444,1
243708,2
243708,1
11905,2
11905,1
101584,2
101584,1
235053,2
235053,1
263775,2
263775,1
114850,2
114850,1
263766,2
263766,1
263774,2
263774,1
92958,2
92958,1
75157,2
75157,1
73177,2
73177,1
194937,2
194937,1
64950,2
64950,1
68476,2
68476,1
78081,2
78081,1
76278,2
76278,1
224401,2
224401,1
373805,2
373805,1
41793,2
204350,2
204350,1
518453,2
518453,1
505207,2
505207,1
62487,2
62487,1
508257,2
508257,1
380173,2
380173,1
367520,2
367520,1
60561,2
60561,1
11916,2
11916,1
167899,2
167899,1
11917,2
11917,1
11918,2
79410,2
54016,2
54016,1
129852,2
129852,1
180568,2
180568,1
11920,2
376108,2
376108,1
11922,2
11922,1
122296,2
122296,1
58755,2
58755,1
89773,2
89773,1
81791,2
81791,1
88993,2
88993,1
516366,2
516366,1
83043,2
83043,1
83806,2
83806,1
369090,2
369090,1
521341,2
521341,1
69216,2
69216,1
204352,2
204352,1
298254,2
298254,1
367604,2
367604,1
308217,2
308217,1
326601,1
46015,1
160161,1
61888,1
90573,2
90573,1
179325,2
179325,1
279730,2
279730,1
371968,2
371968,1
348195,2
348195,1
72674,2
72674,1
317161,1
373202,2
373202,1
363279,2
363279,1
366054,1
87840,2
87840,1
200319,2
200319,1
228586,1
117122,2
117122,1
55857,2
55857,1
139083,1
347803,2
347803,1
382811,2
382811,1
83438,1
66838,1
294420,2
294420,1
294418,2
294418,1
227784,1
86478,2
86478,1
62939,2
62939,1
120190,2
120190,1
68622,2
68622,1
365921,1
366764,2
366764,1
100152,2
100152,1
525443,2
525443,1
524854,2
524854,1
525381,2
525381,1
310761,2
310761,1
210800,2
210800,1
348099,2
348099,1
57423,2
57423,1
126709,2
126709,1
81006,2
81006,1
161603,2
161603,1
49446,1
366297,1
119079,2
119079,1
119081,2
119081,1
50939,2
50939,1
12015,2
12015,1
250936,1
387845,1
180974,1
12040,1
118285,1
115220,1
25407,1
140153,1
68052,1
183327,1
305827,1
178739,1
272979,1
87822,1
48100,1
77011,1
12058,1
515286,1
105733,1
12085,1
12117,1
353719,1
138153,1
74441,1
113970,1
196175,1
366133,2
366133,1
366268,1
12225,2
12225,1
296645,1
12228,2
12228,1
154143,2
154143,1
119970,1
231699,2
231699,1
12242,2
12242,1
44416,2
44416,1
79115,2
79115,1
378987,1
327505,1
163242,1
217683,1
119641,1
184831,1
87896,1
408477,1
23139,1
12253,1
12254,1
20150,1
407552,1
407599,1
12257,1
12259,1
22908,1
24432,1
12262,1
12265,1
12270,1
39121,1
408543,1
165243,1
12281,1
136296,1
153096,1
202687,1
87435,1
12299,1
320220,1
151440,1
77338,1
323399,1
12315,2
12315,1
65965,2
65965,1
283634,2
283634,1
12318,1
12323,1
283461,1
387738,1
128742,1
47999,1
12369,1
160282,2
160282,1
60892,2
60892,1
63514,1
294517,1
250184,1
77200,2
77200,1
108623,1
42560,2
42560,1
74081,1
147606,2
147606,1
109724,1
102890,1
69598,1
343626,1
51572,1
76785,1
57223,1
49837,1
252231,1
82533,1
192229,1
72212,1
67013,1
54834,1
110630,1
66227,2
66227,1
169954,1
43637,1
75616,2
75616,1
168782,1
155906,1
112075,1
146856,1
240903,1
194058,1
119643,1
111945,1
75161,1
512570,1
134552,1
70302,1
46345,1
195984,1
164947,1
53730,1
86211,1
317056,2
317056,1
124914,1
101976,1
288967,1
80423,1
79962,1
119279,1
82069,1
83316,1
286270,1
62682,1
213223,1
317322,1
125924,1
109444,1
308920,1
74032,1
227331,1
130370,1
229581,1
324352,2
324352,1
84731,1
83869,1
67650,1
180691,1
129210,1
70598,1
268933,1
62711,1
78966,1
101738,1
83467,1
256974,1
355658,1
112243,1
199373,1
351339,1
355661,1
355667,1
355623,1
85247,1
120950,1
84222,1
224457,1
12393,1
12394,1
240359,1
12396,1
376017,2
376017,1
12406,1
360602,2
360602,1
74534,1
57311,1
12410,1
12413,1
108918,1
154514,1
380560,2
380560,1
52161,1
253205,1
346135,1
76333,1
300257,2
300257,1
270593,1
331612,2
331612,1
72813,2
72813,1
344265,1
361475,2
361475,1
361477,2
361477,1
361483,2
361483,1
361689,2
361689,1
83971,1
84565,2
84565,1
48112,2
48112,1
504497,2
504497,1
504436,2
504436,1
504524,2
504524,1
504332,2
504332,1
512200,2
512200,1
363341,1
285683,2
285683,1
503816,2
503816,1
504503,2
504503,1
504258,2
504258,1
504252,2
504252,1
511309,2
511309,1
363344,1
380561,2
380561,1
208132,2
208132,1
361476,2
361476,1
361478,2
361478,1
361484,2
361484,1
154659,2
154659,1
61872,2
61872,1
253561,2
253561,1
44075,2
44075,1
12444,2
12444,1
183825,2
183825,1
79042,2
79042,1
501498,2
501498,1
503587,2
503587,1
323393,1
75127,2
75127,1
153306,1
56688,1
202832,1
139979,1
63957,1
336540,2
336540,1
53367,2
53367,1
12464,2
12464,1
12471,1
99125,1
323582,1
42706,2
42706,1
125123,2
125123,1
95183,2
95183,1
224498,2
224498,1
72815,2
72815,1
184496,2
184496,1
182125,2
182125,1
363086,1
380207,1
304364,1
522849,1
362960,1
20617,1
19968,1
12494,1
103707,1
304363,1
20612,1
87514,1
183165,1
20598,1
247490,1
522850,1
68075,1
12506,1
388112,1
84069,1
48060,1
12514,1
368057,1
12515,1
20624,1
377211,1
12517,1
47970,1
20613,1
63225,1
301107,2
301107,1
300648,2
300648,1
522138,1
77933,2
77933,1
152088,2
152088,1
116286,2
116286,1
12596,1
368066,1
370732,1
370733,1
361611,1
320814,1
304997,1
372810,1
370730,1
356863,1
522381,1
327507,1
372319,1
168525,1
249868,1
142885,1
361856,1
244646,1
311044,1
201599,1
372722,1
356853,1
372318,1
244969,1
372479,1
332967,1
372493,1
332968,1
87887,1
119645,1
12610,1
318719,1
12618,1
106442,1
318721,1
263735,1
243089,2
243089,1
305934,2
305934,1
47824,1
12665,1
345644,1
383977,1
386884,1
383979,1
60856,2
60856,1
217436,2
217436,1
156990,1
156992,2
156992,1
301109,2
301109,1
301108,2
301108,1
239891,2
239891,1
235856,2
235856,1
235863,2
235863,1
369648,2
369648,1
254808,2
254808,1
235866,2
235866,1
41945,2
41945,1
210902,2
210902,1
130027,1
137985,2
137985,1
524883,2
524883,1
253641,2
253641,1
235876,2
235881,2
235881,1
284147,2
284147,1
520348,2
520348,1
351058,2
351058,1
290684,2
290684,1
382813,2
382813,1
162921,1
47440,2
47440,1
162923,2
162923,1
300652,2
300652,1
300653,2
300653,1
97404,2
97404,1
64744,2
64744,1
270273,2
270273,1
72313,2
90909,2
90909,1
100517,2
367597,1
111289,1
86856,2
86856,1
86857,2
86857,1
80054,1
117204,1
79910,2
79910,1
77171,2
77171,1
81372,2
81372,1
139812,2
139812,1
233313,2
233313,1
67311,2
98368,2
98368,1
169364,2
169364,1
139249,2
139249,1
353557,2
353557,1
163045,2
163045,1
227837,2
227837,1
152022,2
152022,1
169014,2
169014,1
12731,2
12731,1
12733,2
12733,1
502673,2
502673,1
511173,2
511173,1
517830,2
517830,1
522521,2
522521,1
519673,2
519673,1
319826,2
319826,1
156988,2
156988,1
153581,1
302334,2
302334,1
525261,2
525261,1
248771,2
248771,1
270753,2
270753,1
209669,1
147583,2
147583,1
248765,2
248765,1
209675,2
209675,1
209672,2
209672,1
265999,2
265999,1
285884,2
285884,1
522207,2
522207,1
353405,2
353405,1
361690,2
361690,1
521910,2
521910,1
353407,2
353407,1
370646,2
370646,1
384698,2
384698,1
360604,2
360604,1
521971,2
521971,1
518081,2
518081,1
521962,2
521962,1
360332,2
360332,1
337434,2
337434,1
525328,2
525328,1
502310,2
502310,1
510440,2
510440,1
504731,2
504731,1
517583,2
517583,1
162922,2
162922,1
522157,2
522157,1
519233,2
519233,1
337435,2
337435,1
315613,2
315613,1
325499,2
325499,1
352267,2
352267,1
352272,2
352272,1
352270,2
352270,1
315618,2
315618,1
12751,2
12751,1
186842,2
186842,1
56648,2
56648,1
130028,2
130028,1
130029,2
130029,1
97337,2
97337,1
84215,2
84215,1
341154,2
341154,1
341153,2
341153,1
255733,2
255733,1
97211,2
97211,1
47323,2
47323,1
56951,2
56951,1
115905,2
115905,1
75702,2
75702,1
189986,2
189986,1
114560,2
114560,1
189984,2
189984,1
387419,2
387419,1
380522,2
380522,1
380523,2
380523,1
380524,2
380524,1
211496,2
211496,1
43353,2
43353,1
140057,2
140057,1
300649,2
300649,1
349806,2
349806,1
102901,2
102901,1
12758,2
12758,1
197253,2
197253,1
98008,2
98008,1
72865,2
72865,1
285956,2
285956,1
363780,2
363780,1
80748,2
80748,1
97389,2
97389,1
252006,2
252006,1
359164,2
359164,1
344279,2
344279,1
359165,2
359165,1
367521,2
367521,1
380525,2
380525,1
380526,2
380526,1
184225,2
184225,1
12834,1
12834,2
249899,1
320891,1
207823,1
211769,1
213686,1
320892,1
211527,1
202694,1
42140,2
42140,1
12855,2
12855,1
331601,2
331601,1
139782,1
525175,2
525175,1
525333,2
525333,1
74299,2
74299,1
321357,1
46550,2
46550,1
12890,2
12890,1
24404,1
13009,1
371588,1
224548,1
13012,1
59546,1
247862,1
536957,1
374968,1
47637,1
49384,1
374970,1
519993,1
521359,1
13018,1
523229,2
523229,1
178272,1
149227,1
81170,1
13171,1
227423,1
227424,1
13246,2
13246,1
55955,2
55955,1
192902,1
209582,1
98942,2
98942,1
243408,2
243408,1
97182,2
97182,1
240860,2
240860,1
138779,1
177312,1
132247,1
202299,1
117884,1
181708,1
142061,1
86153,1
88442,1
13274,1
120501,1
13286,1
82444,1
54272,1
271570,2
271570,1
13342,2
13342,1
233431,1
127269,1
174904,1
275840,1
55060,1
25662,1
46474,2
46474,1
504797,2
504797,1
294549,2
294549,1
62651,2
62651,1
117561,2
117561,1
94727,2
94727,1
226795,2
226795,1
152417,2
152417,1
124818,1
181314,1
126211,2
126211,1
45566,2
45566,1
80465,1
124771,2
124771,1
57624,2
57624,1
125126,2
125126,1
217099,2
217099,1
255079,2
255079,1
62827,2
62827,1
13392,2
13392,1
44806,2
44806,1
51659,1
180011,1
69562,1
88445,1
170064,1
136367,1
71613,1
337155,1
78012,1
13423,2
13423,1
269617,1
244381,1
248017,1
84115,1
196336,1
67342,1
81716,1
116717,1
96048,1
118212,1
81595,1
234865,1
224623,1
100527,1
113841,1
275102,1
25913,1
169722,1
136279,1
138172,1
48906,2
48906,1
72333,2
72333,1
349807,2
349807,1
73323,2
73323,1
182346,1
297298,2
297298,1
181618,2
181618,1
224631,2
112114,2
112114,1
54003,2
54003,1
530818,2
530818,1
152216,2
152216,1
181922,2
181922,1
383885,2
383885,1
226737,2
226737,1
90747,2
90747,1
13551,2
13551,1
13556,2
13556,1
115952,2
115952,1
224640,2
224640,1
95893,2
95893,1
301069,2
301069,1
118344,2
118344,1
73174,2
73174,1
212100,2
212100,1
324417,2
324417,1
152288,2
67797,2
67797,1
209173,2
209173,1
13615,2
180146,1
78926,2
152060,2
152060,1
118346,2
68008,2
68008,1
528869,2
528869,1
72823,2
72823,1
54432,2
54432,1
90812,2
90812,1
57958,2
57958,1
48968,2
48968,1
13637,1
104293,2
104293,1
13648,2
13648,1
57875,2
57875,1
72559,2
53826,2
53826,1
115781,2
115781,1
97578,2
97578,1
270093,2
270093,1
131020,2
131020,1
508219,2
508219,1
75230,2
75230,1
240245,2
240245,1
51540,2
51540,1
270625,1
66152,2
66152,1
525622,2
525622,1
533347,2
533347,1
533178,2
533178,1
532047,2
532047,1
248960,2
248960,1
149476,1
63586,2
63586,1
170499,2
170499,1
60698,2
60698,1
86924,2
86924,1
521125,1
57486,2
57486,1
286100,2
286100,1
57724,2
57724,1
370960,2
370960,1
170432,1
349887,2
349887,1
371697,2
371697,1
531228,2
531228,1
236235,2
236235,1
105421,2
105421,1
66585,2
66585,1
224653,2
224653,1
280239,2
280239,1
342784,2
342784,1
77323,2
77323,1
131940,1
57806,2
57806,1
352439,2
352439,1
374265,2
374265,1
89590,2
89590,1
351103,2
351103,1
131497,2
131497,1
532704,2
532704,1
531219,2
531219,1
532320,2
532320,1
377238,2
377238,1
342618,2
342618,1
506532,2
506532,1
274799,2
274799,1
274803,1
507393,2
507393,1
386951,2
386951,1
505087,2
505087,1
506791,2
506791,1
506533,2
506533,1
274800,2
274800,1
526007,2
526007,1
274802,1
334275,1
334276,2
334276,1
537006,2
537006,1
506565,2
506565,1
532313,2
532313,1
525742,2
525742,1
525716,2
525716,1
525782,2
525782,1
49736,2
49736,1
98264,2
98264,1
531288,2
531288,1
13673,2
13673,1
317568,2
317568,1
237944,2
237944,1
370941,1
100010,2
100010,1
324151,1
369401,2
369401,1
98166,2
98166,1
359192,2
359192,1
521470,1
525649,2
525649,1
532618,2
532618,1
525636,2
525636,1
525657,2
525657,1
325001,2
325001,1
325005,2
325005,1
64069,2
64069,1
322275,2
322275,1
76732,2
76732,1
370946,2
370946,1
218976,1
97756,2
97756,1
372004,1
371696,1
371699,1
371702,1
367799,1
525626,2
525626,1
307863,1
62011,2
62011,1
44261,2
44261,1
135761,2
135761,1
375986,1
46951,2
46951,1
128986,2
128986,1
521340,1
301492,2
301492,1
334479,2
334479,1
116046,2
116046,1
333018,1
388570,2
388570,1
220054,2
220054,1
350026,2
350026,1
525358,2
525358,1
254156,2
254156,1
220051,1
370971,1
388573,2
388573,1
370974,2
370974,1
220055,2
220055,1
352437,2
352437,1
220052,1
388572,2
388572,1
531112,2
531112,1
333019,2
333019,1
531104,2
531104,1
534646,2
534646,1
531105,2
531105,1
322324,2
322324,1
41356,2
41356,1
534843,2
534843,1
250483,2
250483,1
531114,2
531114,1
101459,2
101459,1
47349,2
47349,1
531106,2
531106,1
525932,2
525932,1
531115,2
531115,1
525817,2
525817,1
525869,2
525869,1
370967,2
370967,1
370973,2
370973,1
388575,2
388575,1
524869,2
524869,1
531113,2
531113,1
388576,2
388576,1
248961,2
248961,1
535886,2
535886,1
101479,2
101479,1
370948,2
370948,1
13681,2
13681,1
91016,2
91016,1
91805,2
91805,1
131268,2
131268,1
92149,2
92149,1
92643,2
92643,1
83535,1
350721,1
359303,1
192710,1
85021,1
126746,1
73821,1
115924,1
171012,2
171012,1
49921,1
237226,1
149463,1
65236,1
133900,1
78127,1
136073,2
136073,1
179074,1
49493,1
531109,1
174358,1
536545,1
133936,1
284168,1
350829,1
350725,1
228940,1
133901,2
133901,1
179086,1
531102,1
531103,1
73872,1
297820,1
76060,1
169051,1
220119,1
179151,1
533763,1
535799,1
369855,1
533191,1
508297,1
293612,1
180859,1
136217,1
109199,1
42800,1
105243,1
136218,1
174396,1
130579,1
68380,1
68381,1
103700,1
127843,2
127843,1
144836,1
306768,2
306768,1
67709,1
268881,1
133903,1
524671,1
150713,1
70333,1
124908,1
533435,1
78326,1
47117,1
84538,1
533283,1
220125,1
322396,1
76838,1
113414,1
45297,1
61411,1
534469,1
179185,1
350025,1
85872,1
284241,1
46220,1
72718,1
534592,1
71792,1
211578,2
211578,1
533670,1
81703,1
533190,1
136222,1
533473,1
46740,1
313960,1
64143,1
109945,1
174498,1
360520,1
531111,1
62303,1
56734,1
13705,2
13705,1
179174,1
13711,1
227544,2
227544,1
227545,2
227545,1
359798,2
359798,1
336583,2
336583,1
100550,2
100550,1
89770,2
89770,1
13728,1
525470,1
227222,2
227222,1
76754,2
76754,1
194408,2
194408,1
180322,2
180322,1
27307,2
27307,1
13740,2
13740,1
128306,2
128306,1
89187,2
89187,1
224683,2
224683,1
92295,2
92295,1
96744,2
96744,1
91009,2
91009,1
99972,2
99972,1
60748,2
60748,1
238040,2
238040,1
238321,2
238321,1
242038,2
242038,1
242040,2
242040,1
13747,1
187115,2
187115,1
13755,2
13755,1
308129,1
20545,2
20545,1
95403,2
95403,1
70481,1
48146,2
48146,1
98741,2
98741,1
13785,1
13791,2
13791,1
61873,2
61873,1
525393,1
212145,1
66144,1
224692,1
96213,2
96213,1
83468,2
83468,1
13806,2
13806,1
139224,2
139224,1
505085,1
519843,1
512600,1
231138,1
151019,2
151019,1
13830,2
13830,1
42027,2
42027,1
13837,2
13837,1
520611,1
518923,1
512554,1
13841,2
13841,1
72682,2
72682,1
13842,2
13842,1
90965,1
92244,1
99365,2
99365,1
13863,2
13863,1
208089,1
23987,2
23987,1
56258,1
368171,1
322971,1
221428,1
325663,1
226369,2
226369,1
85547,1
66665,1
299665,1
72854,1
226370,1
50522,2
50522,1
345506,1
299666,1
277173,1
368198,1
13877,1
322985,1
370123,1
299679,1
91708,1
368216,1
284216,2
284216,1
81858,1
322987,1
518154,1
368221,1
54236,1
368231,1
214915,1
224703,2
224703,1
149182,2
149182,1
370984,1
224704,2
224704,1
134917,1
382552,2
382552,1
323958,2
323958,1
192723,2
192723,1
13896,1
42021,1
13900,2
13900,1
60954,2
60954,1
334155,2
334155,1
333020,2
333020,1
334156,2
334156,1
334157,2
334157,1
224706,2
224706,1
335678,2
335678,1
521107,2
521107,1
224707,2
224707,1
337086,2
337086,1
337087,1
274801,2
274801,1
59754,2
59754,1
224708,2
224708,1
336724,2
336724,1
344489,2
344489,1
257156,2
257156,1
334159,2
334159,1
354941,1
224710,2
224710,1
314200,1
314201,2
314201,1
522726,2
522726,1
13904,2
13904,1
42019,2
42019,1
97512,2
97512,1
344552,1
224691,2
224691,1
388578,2
388578,1
13793,2
13793,1
113807,2
113807,1
13846,2
13846,1
94403,2
94403,1
117229,2
117229,1
318043,1
318042,1
318046,1
272677,1
386913,2
386913,1
351708,2
351708,1
50576,2
50576,1
13944,2
13944,1
334661,2
334661,1
517845,2
517845,1
71488,2
71488,1
60042,2
60042,1
253589,1
252614,1
132238,1
77691,1
49738,1
67404,1
240129,1
30292,1
220820,1
62605,1
136924,1
314202,1
90767,1
175804,1
88436,1
270597,1
61178,1
154961,1
151053,1
135762,1
41310,1
93860,1
186847,1
94000,1
109651,1
136722,1
115224,1
129587,1
41275,1
92192,1
194888,1
46672,1
119026,1
326225,1
165908,1
136887,1
44666,1
90932,1
212309,1
375969,1
292564,1
137190,1
204868,1
151060,1
136717,1
134090,2
134090,1
46238,1
54752,1
104289,1
14147,2
14147,1
217004,1
55194,1
116959,1
180026,1
96761,1
47351,1
14148,1
47514,1
90805,1
102863,1
128960,1
41303,1
57974,1
14153,1
256212,1
286946,1
83886,1
41307,1
41291,1
93181,1
99583,1
95848,1
125011,1
103320,1
117333,1
90437,1
120572,1
104134,1
97945,1
14155,1
87071,1
135984,1
78937,1
535539,1
285146,1
286505,1
14156,1
98771,1
139757,1
82286,1
247729,2
247729,1
369130,2
369130,1
78775,2
78775,1
183276,2
183276,1
97572,2
51010,2
67376,1
211507,2
211507,1
14171,2
125231,2
125231,1
93092,2
93092,1
76866,2
14181,2
14181,1
41860,2
41860,1
14184,2
14184,1
92427,2
326605,2
326605,1
352878,2
352878,1
71379,2
71379,1
101797,2
101797,1
116974,2
116974,1
343941,2
343941,1
96017,2
96017,1
352764,2
352764,1
352765,2
352765,1
352766,2
352766,1
88973,2
117959,2
117959,1
60933,2
60933,1
237217,2
237217,1
97573,2
97573,1
80923,2
80923,1
126275,2
126275,1
94660,2
94660,1
115472,2
115472,1
118090,2
118090,1
29243,1
29269,1
128969,2
128969,1
236642,1
326255,1
14341,1
90792,1
293662,1
383296,1
293664,1
174716,1
174715,1
353643,1
359803,1
14345,2
14345,1
14374,2
14374,1
14375,2
14375,1
14379,1
144240,1
514485,1
140986,1
55064,2
55064,1
268009,2
268009,1
334161,2
334161,1
378993,1
360635,2
360635,1
14468,2
14468,1
140841,1
181895,2
181895,1
306965,2
306965,1
306967,2
306967,1
84315,2
84315,1
306280,1
316398,2
316398,1
41739,1
367800,1
234061,1
15819,1
120557,1
15929,1
141038,1
137537,1
139759,1
214971,2
214971,1
227648,1
249824,1
125755,2
125755,1
119768,1
129797,1
129859,2
129859,1
195690,1
102756,1
90209,1
139818,1
131330,2
131330,1
119759,1
228005,1
86714,1
139417,1
105004,2
105004,1
142405,1
126761,1
119697,2
119697,1
43614,1
150363,2
150363,1
128047,2
128047,1
297374,2
297374,1
129399,1
118225,1
308722,2
308722,1
353375,1
129571,1
138945,1
129805,1
145487,2
145487,1
129266,2
129266,1
176226,1
128212,1
287515,1
333367,1
50433,1
303031,1
290505,1
122397,1
70154,1
145144,1
192203,1
125823,2
125823,1
144925,1
256852,1
330248,2
330248,1
339419,1
129783,1
269203,1
373399,1
511604,2
511604,1
228007,1
214889,1
62234,1
116260,1
121830,1
139566,1
128839,1
118156,1
129960,1
198947,1
142264,1
170483,1
47313,2
47313,1
57373,2
57373,1
90929,2
90929,1
121829,1
162263,2
162263,1
127988,1
352491,1
51632,1
160267,2
160267,1
103846,1
48469,2
48469,1
511317,2
511317,1
373401,1
284651,1
94433,1
341407,2
341407,1
82597,1
129230,2
129230,1
147241,2
147241,1
249823,1
385103,1
214970,2
214970,1
254832,1
330303,2
330303,1
341431,2
341431,1
366253,2
366253,1
80097,2
80097,1
54502,2
54502,1
333592,1
191401,1
505183,1
92977,1
192741,2
192741,1
180282,1
108164,1
138532,1
129235,1
98906,1
175656,1
150530,1
218152,2
218152,1
91608,2
91608,1
67129,1
190983,1
237155,1
90312,1
341481,1
254839,1
198948,1
209930,1
85318,1
129806,1
86521,1
157812,1
46685,1
94268,2
94268,1
269196,1
215527,1
129875,1
74301,1
129798,1
84472,1
98490,1
90609,1
272969,1
56495,1
307117,2
307117,1
307118,2
307118,1
193774,1
312223,2
312223,1
92512,1
152048,1
96047,1
165233,1
167270,1
311191,1
360041,1
303349,1
303350,1
320074,1
303354,1
165234,1
227961,1
320075,1
303348,1
16089,1
202078,1
96917,1
16090,1
503863,1
16091,1
325452,1
16092,1
319262,1
59166,1
318411,1
192388,1
148158,1
49539,1
270778,1
318409,1
318410,1
255102,1
131571,1
296909,1
182953,1
140451,1
316769,1
16093,1
16094,1
521036,1
203545,1
372114,1
265713,1
313511,1
159791,1
166331,1
311189,1
88140,1
150009,1
229790,1
16095,1
167274,1
300876,1
272776,1
365445,1
168744,1
195433,1
162695,1
317975,1
378950,1
324277,1
195014,1
197953,1
345151,1
515088,1
324603,1
368868,1
303345,1
334494,1
140449,1
83681,1
21533,1
270598,1
272002,1
181911,1
275556,1
281056,1
117860,1
197334,1
16096,1
16097,1
296063,1
351635,1
167271,1
296060,1
296062,1
25322,2
25322,1
245758,2
245758,1
25323,2
25323,1
357364,2
357364,1
192478,1
100907,1
49406,1
521592,1
522982,1
385151,1
362447,1
370676,2
370676,1
517396,2
517396,1
207781,2
207781,1
368985,2
368985,1
512307,2
512307,1
521130,2
521130,1
272777,2
272777,1
306281,2
306281,1
522621,2
522621,1
503756,2
503756,1
333835,2
333835,1
170742,2
170742,1
253590,1
517337,1
80563,1
87682,2
87682,1
51124,2
51124,1
255199,2
255199,1
99677,2
99677,1
127751,2
127751,1
44766,2
44766,1
375155,2
375155,1
361504,1
361512,1
361506,1
361508,1
380543,1
505565,2
505565,1
361514,1
380547,2
380547,1
506971,2
506971,1
380138,2
380138,1
322097,1
504996,2
504996,1
504995,1
254612,2
254612,1
131882,1
362291,2
362291,1
137210,1
285616,2
285616,1
359833,2
359833,1
361535,2
361535,1
272970,1
383714,2
383714,1
251260,2
251260,1
226667,2
226667,1
237625,1
343475,2
343475,1
536515,2
536515,1
225344,2
225344,1
272684,2
272684,1
524772,2
524772,1
137849,1
180804,1
526392,2
526392,1
134146,1
117110,2
117110,1
503957,2
503957,1
504994,1
383725,2
383725,1
524743,2
524743,1
380139,2
380139,1
372008,1
85526,2
85526,1
16309,2
16309,1
63299,2
63299,1
16313,2
16313,1
199724,2
199724,1
286660,2
286660,1
16326,2
16326,1
69546,2
69546,1
281253,2
281253,1
386644,2
386644,1
361067,1
169859,1
138249,1
368272,2
368272,1
275628,1
368267,2
368267,1
368270,1
121813,1
361505,1
361507,1
361513,1
361509,1
361511,1
505588,2
505588,1
361515,1
380548,2
380548,1
251591,1
69170,2
69170,1
87735,1
59646,1
383523,2
383523,1
304195,2
304195,1
519935,1
360736,1
208831,1
214504,1
214506,1
135570,1
379640,1
204355,1
16351,2
16351,1
207942,2
207942,1
523673,2
523673,1
182689,2
182689,1
360333,2
360333,1
512549,2
512549,1
150683,2
150683,1
505571,2
505571,1
387382,2
387382,1
384906,2
384906,1
194596,2
194596,1
359904,2
359904,1
374680,2
374680,1
526561,2
526561,1
275962,2
275962,1
346129,2
346129,1
526365,2
526365,1
346130,2
346130,1
361292,2
361292,1
361302,2
361302,1
346127,2
346127,1
215137,2
215137,1
526206,2
526206,1
526174,2
526174,1
352770,2
352770,1
84354,2
84354,1
526322,2
526322,1
325158,2
325158,1
169439,2
169439,1
307932,2
307932,1
307933,2
307933,1
308928,2
308928,1
78346,2
78346,1
523519,2
523519,1
523520,2
523520,1
196999,2
196999,1
254120,2
254120,1
69231,2
69231,1
119288,2
119288,1
521567,2
521567,1
132930,2
132930,1
80823,2
80823,1
116167,2
116167,1
384731,2
384731,1
384732,2
384732,1
122046,2
122046,1
273958,2
273958,1
241749,2
241749,1
522754,2
522754,1
505235,2
505235,1
374687,2
374687,1
374263,2
374263,1
374108,2
374108,1
361032,2
361032,1
212316,2
212316,1
210907,2
210907,1
535740,2
535740,1
505237,2
505237,1
505551,2
505551,1
526245,2
526245,1
103050,2
103050,1
360658,2
360658,1
178569,2
178569,1
523512,2
523512,1
523513,2
523513,1
297022,1
299721,2
299721,1
361536,2
361536,1
522108,2
522108,1
297303,2
297303,1
297304,2
297304,1
299723,2
299723,1
361291,2
361291,1
361301,2
361301,1
344291,2
344291,1
298739,2
298739,1
506724,1
297433,2
297433,1
127389,2
127389,1
83262,1
54154,1
127449,1
48279,1
150943,1
45291,1
524594,2
524594,1
97906,1
81578,1
319142,2
319142,1
365999,1
307061,1
307062,1
361591,1
249878,1
300358,1
219527,2
219527,1
251985,1
299640,2
299640,1
16379,2
16379,1
374690,2
374690,1
521212,1
523848,2
523848,1
523747,2
523747,1
523847,2
523847,1
523748,2
523748,1
523845,2
523845,1
523850,2
523850,1
138169,1
387219,2
387219,1
299728,2
299728,1
104558,2
104558,1
225356,2
225356,1
16375,2
16375,1
319966,2
319966,1
327470,2
327470,1
217129,2
217129,1
384727,2
384727,1
182915,2
182915,1
113681,2
113681,1
227385,2
227385,1
105652,2
105652,1
133942,2
133942,1
342566,1
357884,2
357884,1
386310,2
386310,1
76545,2
76545,1
116993,2
116993,1
104072,2
104072,1
389165,2
389165,1
523751,2
523751,1
169513,2
169513,1
388562,2
388562,1
357883,2
357883,1
341055,1
500806,2
500806,1
194524,2
194524,1
161284,2
161284,1
337037,2
337037,1
53308,2
53308,1
56726,2
56726,1
517126,2
517126,1
125627,2
125627,1
66376,2
66376,1
63876,2
63876,1
518451,2
518451,1
360601,2
360601,1
350027,2
350027,1
87436,2
87436,1
517125,2
517125,1
383145,2
383145,1
153227,1
226857,1
16398,1
16399,2
225364,2
66599,2
56035,1
505006,2
505006,1
343017,2
336383,2
336383,1
183840,2
183840,1
263272,2
263272,1
76164,2
76164,1
370622,1
350968,1
16428,1
251898,2
251898,1
288166,2
288166,1
65994,2
65994,1
121120,1
82956,1
333170,1
354227,1
354258,1
137208,1
354255,1
315832,1
264544,1
327539,1
132416,1
354254,1
131604,1
181974,1
376468,1
376469,1
193760,1
150618,1
16471,1
355308,1
16472,1
237905,1
48249,1
114998,1
16474,1
139141,1
214852,1
16476,1
97353,1
89993,1
152272,1
354250,1
82355,1
174521,1
76668,1
293388,1
333164,1
333149,1
116713,1
90897,2
90897,1
92198,2
92198,1
218670,2
218670,1
98369,1
82608,1
328870,2
328870,1
310923,2
310923,1
16589,1
154434,1
83719,1
525629,1
517678,1
134659,2
134659,1
135777,2
135777,1
179270,2
179270,1
16511,1
82835,1
170240,2
92253,1
195376,2
195376,1
56866,2
87461,2
153958,1
279290,1
225395,1
80796,1
255734,1
328878,2
328878,1
134109,1
225400,1
70077,1
273959,1
174131,2
525862,1
363168,1
287233,2
287233,1
72366,2
72366,1
525630,1
165197,1
306148,1
64651,2
136255,1
51081,2
155678,2
155678,1
120537,2
95238,2
91841,2
134781,1
328882,2
328882,1
204222,2
227213,1
207298,1
182830,1
96144,2
96144,1
98553,1
522106,1
69057,1
284803,1
134105,2
134105,1
54660,2
69547,2
69547,1
216428,2
358918,1
371817,1
294527,1
287792,1
287791,1
95360,2
120538,2
105013,2
96307,2
96307,1
16525,1
51428,1
328588,1
328590,1
353502,1
341059,1
341058,1
341057,1
347548,1
380218,1
522723,1
522336,1
522510,1
522338,1
525243,1
520937,1
522594,1
328887,2
328887,1
367672,1
80624,1
75722,1
254369,2
254369,1
219498,2
219498,1
216427,2
16583,2
182793,2
517609,1
517688,1
517640,1
252010,2
252010,1
66135,2
349273,2
349273,1
196547,1
89358,1
225461,1
53309,1
55103,2
55103,1
95703,1
74269,2
74269,1
225469,2
91882,2
225471,2
63982,2
63982,1
137748,2
137748,1
61416,1
91080,2
133173,1
525166,1
84210,2
84210,1
48926,1
77277,1
345566,1
371814,1
371005,1
343207,1
79655,1
97785,1
317676,1
317677,1
172923,2
92308,2
215621,2
215667,2
522335,1
352282,1
368278,1
368279,1
368276,1
522329,1
135776,2
135776,1
518294,1
522132,1
525365,1
522034,1
522133,1
522337,1
522136,1
525773,1
511305,1
337612,1
337613,1
210932,2
148163,2
148163,1
368280,1
333519,1
359749,1
112556,2
112556,1
225480,2
88164,2
225483,2
225490,1
246156,2
246156,1
16551,1
214590,2
16562,1
244788,1
16571,2
85465,2
85465,1
225513,2
16582,2
168553,2
168553,1
16588,2
16588,1
521376,1
16592,1
16593,2
16593,1
16602,1
131922,1
16615,2
16615,1
136494,2
136494,1
138757,2
138757,1
16620,2
16620,1
95096,1
352772,1
121634,2
161137,2
16670,1
172088,2
225535,1
225541,1
225543,1
16681,2
16681,1
16684,1
171818,2
171818,1
42747,2
42747,1
16693,2
161144,2
92249,2
92249,1
16731,1
16732,2
16732,1
67822,1
16745,2
16745,1
302785,1
180503,1
98506,1
16752,2
16752,1
49914,2
49914,1
186740,1
47527,1
60245,1
210063,1
180268,1
271669,1
48927,2
84358,1
227018,2
77276,2
98248,2
98248,1
89318,1
128987,1
253579,1
134920,2
134920,1
297311,2
297311,1
368284,2
368284,1
245492,2
245492,1
140073,2
140073,1
529102,2
529102,1
380148,2
380148,1
517894,2
517894,1
151754,2
151754,1
115890,2
115890,1
299506,2
299506,1
66606,2
66606,1
304927,2
304927,1
281840,2
281840,1
50020,2
50020,1
529118,2
529118,1
367375,2
367375,1
380574,2
380574,1
360408,2
360408,1
285688,2
285688,1
72836,2
72836,1
350497,2
350497,1
304928,2
304928,1
368283,2
368283,1
169440,2
169440,1
201321,2
201321,1
92638,2
92638,1
286056,2
286056,1
216354,2
216354,1
169441,2
169441,1
221101,2
221101,1
350029,2
350029,1
211715,2
211715,1
219311,2
219311,1
16774,2
16774,1
80072,1
20666,2
20666,1
348155,2
348155,1
79139,2
79139,1
323377,2
323377,1
244103,2
244103,1
16776,2
16776,1
182258,1
370282,1
16843,1
114934,2
114934,1
27290,2
27290,1
47777,2
47777,1
16849,2
16849,1
257091,1
179884,1
124393,2
124393,1
16860,1
94182,1
368286,2
368286,1
286325,2
286325,1
360449,2
360449,1
344561,2
344561,1
16875,1
58082,2
58082,1
59021,2
59021,1
48929,1
54468,2
54468,1
41928,1
25476,1
364689,1
215234,1
505475,1
202933,2
202933,1
59588,2
250942,2
250942,1
505480,2
505480,1
110619,2
110619,1
336181,2
336181,1
246604,2
246604,1
369443,2
369443,1
347502,2
347502,1
505479,2
505479,1
67800,2
67800,1
350969,2
350969,1
300450,2
300450,1
270599,2
270599,1
190637,2
190637,1
211610,2
211610,1
375060,1
369444,2
369444,1
250088,2
250088,1
522011,2
522011,1
116851,2
116851,1
112671,2
112671,1
277897,2
277897,1
105622,2
105622,1
352223,2
352223,1
155551,2
95560,2
59367,2
124786,2
124786,1
82166,2
83240,2
124787,2
124788,2
73216,2
49975,2
181520,2
181520,1
99771,2
131905,2
125918,2
125918,1
115015,2
138949,2
92712,2
77962,2
77962,1
277944,2
277944,1
131885,2
131885,1
110135,2
86028,2
59096,2
79243,2
61530,2
61530,1
113053,2
113053,1
93547,2
93547,1
107981,2
107981,1
41564,2
41564,1
135496,2
135496,1
26195,2
26195,1
270255,2
175867,2
175867,1
208780,2
311,2
311,1
26197,2
26197,1
26203,2
26203,1
131890,2
177522,2
177522,1
97048,2
166043,2
258409,2
258410,2
258410,1
258411,2
258413,2
258414,2
258416,2
258417,2
258418,2
258419,2
58901,2
44577,2
166045,2
166045,1
258425,2
94371,2
94371,1
297704,2
297704,1
297702,2
297702,1
381636,2
381636,1
381637,2
381637,1
381638,2
381638,1
381639,2
381639,1
131895,2
155004,2
170991,2
324872,2
324872,1
141042,2
141042,1
516360,2
516360,1
52649,2
52649,1
108704,1
107992,2
107992,1
150665,2
150665,1
140273,1
153458,2
153458,1
107982,2
107982,1
185165,1
368780,2
368780,1
93255,2
93255,1
44044,2
44044,1
363,2
363,1
154630,2
154630,1
373760,2
373760,1
365,2
365,1
151261,2
151261,1
217574,2
217574,1
180983,2
180983,1
178348,1
194890,1
186904,2
186904,1
185556,2
185556,1
199039,2
199039,1
151069,2
151069,1
26253,1
257141,2
257141,1
101787,2
101787,1
257139,2
257139,1
270257,2
270257,1
171087,2
171087,1
186748,2
186748,1
152300,2
152300,1
185295,2
185295,1
293668,2
293668,1
179243,2
179243,1
178349,2
178349,1
185205,2
185205,1
222455,2
222455,1
143008,2
143008,1
257134,2
257134,1
258399,2
258399,1
185558,2
185558,1
26260,1
404,1
347519,1
178352,1
348060,1
500282,1
334572,2
334572,1
368302,2
368302,1
517747,2
517747,1
42803,2
42803,1
304346,2
304346,1
46118,2
46118,1
432,2
432,1
185444,2
185444,1
536373,1
531222,1
368518,1
319268,1
329062,1
531021,1
296290,1
185692,1
185696,1
506,1
58566,1
127587,1
185707,1
185708,1
249097,1
568,1
526,1
185784,1
185779,1
543,1
73944,1
559,1
560,1
567,1
562,1
73422,1
565,1
370232,1
294256,1
324257,1
94690,1
367851,1
343574,1
341791,1
168016,1
343575,1
343576,1
343577,1
195239,1
101269,1
349767,1
275618,1
332719,1
335559,1
26365,1
300337,1
343579,1
117019,1
517748,1
268739,1
213567,1
26367,1
168106,1
126390,1
307876,1
613,1
26370,1
284941,1
221227,1
315573,1
163765,1
504146,1
49377,1
221983,1
308135,1
521811,1
100083,1
43535,1
91971,1
316700,1
168018,1
385186,1
90020,1
117820,1
287315,1
181282,1
341790,1
531201,1
104035,1
26377,1
343583,1
202387,1
112676,1
535532,1
198992,1
518010,1
521916,1
535595,1
308098,1
132268,1
253980,1
194501,1
117020,1
206745,1
98921,1
227359,1
135630,1
172211,1
343585,1
325897,1
343589,1
339269,1
297915,1
194543,1
339278,1
319239,1
325898,1
297679,1
152942,1
26397,1
317153,1
172221,1
343591,1
206749,1
294257,1
108932,1
98922,1
305117,1
300339,1
194836,1
264715,1
273925,1
349769,1
137463,1
517448,1
343592,1
343594,1
26403,1
307877,1
236139,1
172222,1
251139,1
46436,1
323495,1
269554,1
373267,1
343597,1
287317,1
231276,1
350929,1
343598,1
528790,1
273329,1
381615,1
48874,1
323496,1
26388,1
339273,1
219698,1
311326,1
285843,1
117021,1
386111,1
257837,1
343599,1
169026,1
343600,1
519476,1
280942,1
176953,1
343601,1
168028,1
227361,1
307878,1
220763,1
112569,1
345666,1
343604,1
513775,1
92934,1
93577,1
77122,1
323497,1
323498,1
339267,1
343607,1
151350,1
118953,1
255364,1
291199,1
299845,1
308141,1
115844,1
343608,1
239994,1
127140,1
168031,1
343609,1
89124,1
343610,1
26412,1
190689,1
385118,1
170077,1
169725,1
343612,1
280943,1
194535,1
343613,1
299843,1
180905,1
26414,1
299844,1
164018,1
198043,1
299846,1
313751,1
313752,1
349773,1
349774,1
316391,1
524465,1
510839,1
103649,1
231048,1
332743,1
168032,1
332744,1
170163,1
270190,1
125048,1
332745,1
255425,1
206751,1
242223,1
381618,1
168969,1
46659,1
255335,1
323501,1
385796,1
517526,1
316641,1
316639,1
316640,1
207816,1
287319,1
251144,1
316642,1
176272,1
108578,1
115845,1
339255,1
521917,1
372018,1
198911,1
381611,1
536110,1
43536,1
172215,1
386380,1
372599,1
370403,1
385798,1
219706,1
72183,1
270874,1
139913,1
372733,1
367547,1
181292,1
350487,1
517983,1
42574,1
382855,1
521553,1
368967,1
176470,1
505407,1
501717,1
65201,1
270872,1
618,1
65202,1
217978,1
114007,1
116816,1
98052,1
46051,1
135628,1
168123,1
104261,1
68172,1
104027,1
117819,1
166440,1
79224,1
339256,1
365698,1
187434,1
156018,1
298783,1
228151,1
251141,1
221559,1
511010,1
352612,1
325900,1
154386,1
185813,1
168026,1
201529,1
242258,1
77453,1
502702,1
138586,1
380705,1
503092,1
502293,1
185814,1
140253,1
198583,2
198583,1
376719,1
529100,1
182071,2
182071,1
386115,2
386115,1
313009,1
315656,2
315656,1
109004,2
109004,1
316687,2
316687,1
382796,2
382796,1
67593,2
67593,1
151737,1
286280,2
286280,1
345667,2
345667,1
345668,2
345668,1
343731,2
343731,1
342653,2
342653,1
355956,2
355956,1
342654,2
342654,1
358738,2
358738,1
374392,2
374392,1
195241,1
285580,1
171088,2
171088,1
299906,2
299906,1
294386,1
286281,2
286281,1
302854,1
155294,2
155294,1
346619,1
503848,1
529149,1
370759,1
500569,2
500569,1
45790,2
45790,1
26430,2
26430,1
182847,1
210306,2
210306,1
212189,2
212189,1
113328,2
113328,1
77314,2
77314,1
47316,2
47316,1
190130,1
26431,2
26431,1
164191,2
164191,1
272834,2
272834,1
336413,2
336413,1
210339,1
210338,1
218193,1
108381,1
210303,2
210303,1
361695,1
361694,1
185922,1
185927,1
529723,1
303979,1
185939,1
707,1
67615,2
67615,1
79008,2
79008,1
185978,1
246078,2
246078,1
278466,2
278466,1
292373,1
222092,1
186039,2
186039,1
97910,2
97910,1
49933,1
334903,1
374849,1
115897,1
237661,1
53832,1
91746,1
177771,2
177771,1
124957,1
285395,2
285395,1
222487,1
194897,1
330665,1
149019,1
26460,1
186107,2
186107,1
802,1
811,2
811,1
26953,1
218844,1
82668,1
186127,1
186128,2
186128,1
186139,1
26473,1
119400,2
119400,1
186154,1
186158,1
186160,2
186160,1
186161,1
104259,1
57088,1
186213,1
186215,2
186215,1
844,2
844,1
273407,1
26488,1
186238,2
186238,1
82799,2
82799,1
95236,2
95236,1
20407,1
59709,1
870,1
180957,2
180957,1
195244,1
115818,2
115818,1
882,2
882,1
188330,2
188330,1
60555,2
60555,1
522393,1
381559,1
381560,1
20130,1
521380,1
156172,2
156172,1
105545,2
105545,1
989,2
989,1
334323,1
180805,1
168803,1
248838,1
270877,1
334324,1
521540,1
112187,1
334325,1
104356,1
103945,1
316451,1
359384,1
101992,1
229835,1
307598,1
104442,1
276508,1
228341,1
180814,2
180814,1
254360,1
146341,1
180813,1
87041,1
243591,1
115044,1
182343,1
522284,1
111129,2
111129,1
254468,1
102358,1
47766,1
180845,1
120254,1
113365,1
360528,1
156525,1
318449,1
135426,1
359366,1
517559,1
377000,1
377001,1
369981,1
517635,1
316464,1
191449,1
102464,1
376756,1
109937,1
227032,1
521291,1
306945,1
315669,1
376757,1
118260,1
104386,1
358743,1
517228,1
373764,1
517398,1
375256,1
375258,1
367359,1
358745,1
517223,1
1013,1
67996,1
195737,1
308370,1
88083,1
1019,1
164020,1
180958,1
46694,1
26541,1
186635,1
285582,1
137924,2
137924,1
188111,2
188111,1
1096,2
1096,1
46168,2
46168,1
1105,1
62685,1
188175,1
188178,1
27339,1
66164,1
89231,1
26614,1
1136,1
188240,1
33975,2
33975,1
352075,2
352075,1
511788,2
511788,1
382595,2
382595,1
526143,2
526143,1
525915,2
525915,1
153786,2
153786,1
331542,1
380709,2
380709,1
194582,2
194582,1
380707,2
380707,1
511322,2
511322,1
510554,2
510554,1
526332,2
526332,1
525570,2
525570,1
281271,1
136854,2
136854,1
526594,2
526594,1
501470,2
501470,1
386381,2
386381,1
386382,2
386382,1
362634,1
66590,2
66590,1
519501,2
519501,1
525778,2
525778,1
379221,2
379221,1
386717,2
386717,1
270261,2
270261,1
42902,2
42902,1
525902,2
525902,1
379222,2
379222,1
522015,2
522015,1
526593,2
526593,1
384405,2
384405,1
510336,2
510336,1
382798,2
382798,1
382799,2
382799,1
517610,2
517610,1
510549,2
510549,1
138937,2
138937,1
138927,2
138927,1
207817,2
207817,1
1259,2
1259,1
252302,2
252302,1
360685,1
1261,2
1261,1
350983,2
350983,1
54231,2
54231,1
108342,2
108342,1
99862,2
99862,1
62145,2
62145,1
47292,2
47292,1
95915,2
95915,1
350193,2
350193,1
307607,2
307607,1
305917,2
305917,1
84030,2
84030,1
102330,2
102330,1
104888,2
104888,1
124790,2
124790,1
112682,2
112682,1
101703,2
101703,1
387078,2
387078,1
350982,2
350982,1
334704,1
120863,2
120863,1
89883,2
89883,1
1272,1
236247,1
179927,2
179927,1
251571,2
251571,1
211345,1
347382,1
96611,2
96611,1
1336,2
1337,2
216989,2
119989,2
99433,2
188578,2
188578,1
156267,1
188610,1
346022,1
343223,1
319302,2
319302,1
319294,2
319294,1
82775,2
82775,1
131753,2
131753,1
134800,2
134800,1
26823,1
134805,2
134805,1
131754,2
131754,1
171512,2
171512,1
135357,2
135357,1
201269,2
201269,1
99387,1
272299,2
272299,1
158937,2
158937,1
124683,1
252892,1
99954,2
99954,1
152031,1
180602,1
275148,2
275148,1
237833,1
158938,2
158938,1
82155,2
82155,1
270263,1
365769,1
273511,1
50923,1
197862,2
197862,1
197861,2
197861,1
199287,2
199287,1
126010,1
138260,1
187700,2
187700,1
131127,1
112683,1
63126,1
94289,1
187231,2
187231,1
334455,2
334455,1
334456,1
334457,1
352568,1
187233,2
187233,1
187232,2
187232,1
217636,1
104043,1
131134,1
89424,1
79095,1
71322,1
83477,1
89040,1
365771,1
1397,2
1397,1
96038,2
96038,1
188779,2
188779,1
168424,1
1400,2
1400,1
367690,1
365768,1
188785,2
188785,1
1402,2
1402,1
166835,2
166835,1
211392,1
66230,2
66230,1
125886,1
222543,1
344324,2
344324,1
134899,1
217635,2
217635,1
50524,2
50524,1
226720,2
226720,1
1418,1
188794,1
188795,2
188795,1
76171,1
226432,1
90541,2
90541,1
129260,1
188797,2
188797,1
100859,2
100859,1
76758,1
113447,2
113447,1
127548,1
270358,2
270358,1
102083,2
102083,1
217619,1
217637,1
102283,2
102283,1
112596,2
112596,1
94677,2
94677,1
521979,2
521979,1
138467,1
57865,1
273035,1
136353,1
58071,2
58071,1
170645,1
26822,1
92199,1
70593,2
70593,1
100875,1
59420,2
59420,1
101673,2
101673,1
61063,1
101709,1
217643,1
269949,1
85898,2
85898,1
131116,2
131116,1
116115,1
111511,1
131118,2
131118,1
316910,1
113448,1
113449,2
113449,1
93994,1
231525,1
52448,1
59841,1
82760,1
27024,1
95931,1
1544,1
19775,1
1549,1
189077,1
1560,1
105216,1
1572,1
195107,1
20685,1
1601,2
1601,1
171710,2
171710,1
1621,1
135501,2
135501,1
138675,2
138675,1
1625,1
101981,1
96270,1
1632,1
27124,1
217003,1
50719,1
41862,1
189234,1
135566,2
135566,1
222578,2
222578,1
1648,1
20696,1
269100,1
94127,2
94127,1
94973,2
94973,1
162490,2
162490,1
57813,1
174756,1
137522,1
114455,1
43609,1
42514,1
28199,1
41557,1
27186,1
23020,2
23020,1
1712,2
1712,1
1713,2
1713,1
189469,2
189469,1
24369,2
24369,1
70391,2
70391,1
259196,2
259196,1
189471,2
189471,1
175139,1
182415,1
152305,1
151236,1
170039,1
351396,1
309156,1
351397,1
521489,1
153971,1
267898,1
115056,1
327489,1
164123,1
517480,1
373908,1
325544,1
517542,1
175141,1
117822,1
267896,1
164122,1
366596,1
517767,1
512278,1
366597,1
521304,1
517277,1
517645,1
325545,1
517670,1
517686,1
517392,1
517149,1
186761,1
517196,1
517724,1
521190,1
521297,1
517154,1
124336,2
124336,1
57814,2
57814,1
55243,2
55243,1
105050,2
105050,1
94251,2
27912,2
97068,2
97068,1
285982,2
285982,1
27427,2
27427,1
27918,2
231633,2
231633,1
27930,2
127486,2
127486,1
208285,2
208285,1
92177,2
231613,2
231613,1
196140,2
196140,1
231617,2
231617,1
231640,2
231640,1
231636,2
231636,1
300296,2
300296,1
138069,2
138069,1
315298,1
52849,2
52849,1
110022,2
110022,1
64760,2
64760,1
93599,2
93599,1
526405,2
526405,1
112696,2
112696,1
104200,2
104200,1
90434,2
90434,1
210322,2
210322,1
68333,2
68333,1
231635,2
231635,1
93600,2
93600,1
156398,2
156398,1
125391,2
125391,1
43484,2
43484,1
194753,2
194753,1
27233,2
27233,1
92009,2
96474,2
64370,2
64370,1
95452,2
79024,2
79024,1
58476,2
58476,1
92243,2
27240,2
1761,1
48314,1
94764,2
94764,1
231642,2
231642,1
306792,2
306792,1
285833,2
285833,1
135951,2
135951,1
323056,2
323056,1
210422,2
210422,1
153632,2
153632,1
323941,2
323941,1
86735,2
86735,1
74974,2
74974,1
77372,2
77372,1
73726,2
73726,1
68116,2
68116,1
93240,2
93240,1
92796,2
92796,1
171031,2
171031,1
89263,2
89263,1
97656,2
97656,1
95395,2
95395,1
42227,2
42227,1
91677,2
91677,1
95437,2
95437,1
92833,2
92833,1
130455,2
130455,1
71540,2
71540,1
44626,2
44626,1
89370,2
89370,1
255349,2
255349,1
78927,2
78927,1
76029,2
76029,1
156399,2
156399,1
183820,2
183820,1
75406,2
75406,1
181831,2
181831,1
143083,2
143083,1
340745,2
340745,1
340625,2
340625,1
340746,1
369287,2
369287,1
283819,2
283819,1
139834,2
139834,1
79488,2
93410,2
93410,1
1758,2
1758,1
93411,2
93411,1
112697,2
112697,1
86322,2
86322,1
71820,1
261469,1
112600,1
130626,1
27436,1
63575,1
53224,1
27474,1
274493,1
94205,1
46410,1
317260,2
317260,1
181504,2
181504,1
215399,2
215399,1
1800,1
195891,1
222624,1
95205,1
1802,1
98215,1
112734,1
27437,1
358895,2
358895,1
244948,1
70698,1
241682,1
66994,2
66994,1
244921,2
244921,1
112736,1
89741,1
226225,2
226225,1
1813,2
1813,1
90861,2
90861,1
27448,2
27448,1
112766,1
228781,1
130140,1
250922,2
250922,1
217072,2
217072,1
1846,1
103161,1
92639,1
94693,1
284068,1
176978,1
96340,1
1819,1
91524,1
348420,1
180816,1
139008,1
80554,1
112765,1
27485,1
95005,1
89340,1
91823,1
62539,1
27442,1
98550,1
249457,1
256292,2
256292,1
171089,1
227939,1
368554,1
227942,1
1832,2
1832,1
47943,1
210913,2
210913,1
152171,1
315796,1
351136,2
226835,1
217075,2
217075,1
299477,2
299477,1
210915,2
210915,1
256204,2
327490,2
327490,1
171399,2
171399,1
256205,1
177871,2
177871,1
27542,2
27542,1
73684,1
64774,2
64774,1
1870,2
1870,1
208898,2
208898,1
250467,2
250467,1
42197,1
374014,1
323943,2
323943,1
62713,1
279758,2
279758,1
168502,1
333800,1
54716,2
54716,1
1871,1
370855,2
218453,2
218453,1
283444,2
317259,2
317259,1
254902,2
254902,1
272658,2
272658,1
316689,1
68220,1
352455,2
206999,2
206999,1
193257,2
193257,1
124187,2
317258,2
272660,2
272660,1
90309,1
365838,1
151351,2
151351,1
243331,2
294578,2
294578,1
299026,2
299026,1
345669,2
345669,1
325819,2
325819,1
96169,1
238665,2
99937,1
526671,2
227216,1
358899,2
53322,1
58752,1
47807,1
70408,2
70408,1
114008,2
114008,1
1881,2
1881,1
191121,1
79123,1
169361,2
169361,1
22641,1
203007,2
203007,1
327838,2
327838,1
203008,2
203008,1
521378,2
195294,2
256512,2
521090,2
272664,2
272665,2
248926,2
85945,2
317629,2
182443,2
102147,2
51273,2
275572,2
278109,2
102748,1
529831,1
530955,1
525469,1
526233,1
529833,1
56803,1
181785,1
525546,1
374574,1
87911,1
92696,1
351810,1
108733,1
108799,1
71867,1
529830,1
529832,1
530877,1
530878,1
530885,1
530914,1
64098,1
203582,1
102278,1
236250,1
112196,1
272792,1
257060,1
187742,1
108379,1
58825,1
99116,1
112222,1
2029,1
20098,1
71337,1
143362,1
272800,1
272812,1
257064,1
257062,1
272784,1
257063,1
181811,1
257061,1
2054,1
303921,1
191039,1
284161,1
141226,1
367697,2
367697,1
98233,2
98233,1
362393,2
362393,1
27846,2
27846,1
298698,2
298698,1
384145,2
384145,1
222373,2
222373,1
151238,1
203946,1
27869,2
27869,1
151208,2
151208,1
203959,2
203959,1
377721,1
377729,2
377732,2
377732,1
124649,2
124649,1
377707,2
377707,1
525984,2
525984,1
50098,2
50098,1
513811,2
513811,1
513857,2
513857,1
204197,2
204197,1
156539,1
198276,1
198275,1
368856,2
368856,1
239995,2
239995,1
2406,1
217655,2
217655,1
271681,1
157261,1
205202,1
124184,1
2472,1
24949,2
24949,1
205336,2
205336,1
28114,2
28114,1
104238,2
104238,1
512382,1
90908,1
129802,2
129802,1
93664,2
93664,1
97597,2
97597,1
75751,2
75751,1
28255,1
368944,1
28244,1
28247,1
205937,1
182543,1
95506,1
226078,1
176636,1
101282,1
2638,1
318581,2
318581,1
2712,2
2712,1
93848,2
93848,1
270922,2
333437,2
333437,1
318755,2
318755,1
99598,2
313312,2
313312,1
318745,2
318745,1
242731,2
242731,1
94539,2
94539,1
313311,2
313311,1
339300,2
339300,1
241576,2
241576,1
308039,2
308039,1
2826,2
2826,1
219703,2
219703,1
25513,2
25513,1
121631,2
121631,1
103718,2
103718,1
306455,2
306455,1
273354,2
273354,1
113936,2
113936,1
105677,2
105677,1
169866,2
169866,1
347322,2
347322,1
2830,2
2830,1
206517,2
206517,1
243417,1
91219,2
91219,1
367699,2
367699,1
500332,1
179956,2
179956,1
94303,2
94303,1
134761,2
134761,1
51112,2
51112,1
342418,1
85551,2
85551,1
219953,2
219953,1
327491,2
327491,1
374207,2
374207,1
374209,2
374209,1
217077,2
217077,1
124342,2
124342,1
341597,2
341597,1
304038,2
304038,1
92993,2
92993,1
281842,2
281842,1
270552,2
270552,1
339086,1
206602,1
2895,2
2895,1
70984,2
70984,1
206759,2
206759,1
206764,1
2906,2
2906,1
204486,2
204486,1
206243,2
206243,1
344763,1
345788,2
345788,1
203357,1
206674,1
374306,2
374306,1
98271,2
98271,1
2937,1
64301,1
97303,2
97303,1
206798,2
206798,1
28687,2
28687,1
96408,2
96408,1
135660,2
135660,1
209903,2
209903,1
198328,2
198328,1
45325,2
45325,1
206677,2
206677,1
50853,2
50853,1
95589,2
95589,1
93512,1
240032,1
96778,1
80596,1
28691,1
90552,1
119992,1
206802,2
206802,1
29191,2
29191,1
206688,2
206688,1
2956,2
2956,1
98227,2
98227,1
254918,1
50299,1
70261,2
70261,1
85755,1
241690,1
366825,2
366825,1
72984,1
48595,1
65874,1
75929,2
75929,1
181152,2
181152,1
228981,2
228981,1
219443,1
76799,2
76799,1
222909,2
222909,1
180986,2
180986,1
111766,1
237930,2
237930,1
226837,1
120442,1
120443,1
120445,1
120446,1
198336,2
198336,1
171270,2
171270,1
180952,2
180952,1
181521,2
181521,1
219444,2
219444,1
168464,2
168464,1
77412,2
77412,1
2968,2
2968,1
206808,2
206808,1
190008,2
190008,1
206810,2
206810,1
51128,2
51128,1
206812,2
206812,1
2983,2
2983,1
206779,2
206779,1
66661,2
66661,1
116033,2
116033,1
182956,2
182956,1
309899,2
309899,1
51527,2
51527,1
206814,2
206814,1
2987,1
127301,1
166567,1
308436,1
28761,1
94336,1
300809,1
177926,1
138809,1
308442,1
228827,1
28751,1
372553,1
372555,1
378422,1
378423,1
372554,1
378419,1
361841,1
352463,1
352464,1
352465,1
352466,1
352461,1
352469,1
3049,1
222919,2
222919,1
227237,1
281209,2
281209,1
46499,2
46499,1
226177,2
226177,1
209483,2
209483,1
89736,2
89736,1
115791,2
115791,1
3086,2
3086,1
3092,2
3092,1
104111,1
153563,1
121614,2
121614,1
3100,2
3100,1
28793,2
28793,1
86916,2
86916,1
153887,1
208449,2
208449,1
24141,2
24141,1
98609,2
98609,1
270933,2
270933,1
183193,2
183193,1
194773,2
194773,1
82052,2
82052,1
3233,1
28868,1
119904,1
98965,1
169178,2
169178,1
307095,2
307095,1
58326,2
58326,1
272916,2
272916,1
516737,2
516737,1
75483,1
3367,2
3367,1
182824,2
93739,2
170635,2
93520,2
135504,2
315766,2
315766,1
24968,2
24968,1
97111,2
97111,1
210072,1
210074,1
210083,1
193092,1
3702,1
257857,1
210120,1
210104,1
45715,2
45715,1
279239,2
279239,1
3711,2
3711,1
20494,2
20494,1
513893,2
513893,1
513894,2
513894,1
106365,2
106365,1
3715,1
77732,2
77732,1
368019,1
227863,1
253990,1
277303,1
240737,1
123597,1
123389,1
325543,1
123600,1
370805,1
122761,2
122761,1
123588,1
60702,2
60702,1
210698,2
210698,1
29251,2
29251,1
233046,1
327871,1
211382,2
211382,1
3782,2
3782,1
61278,2
61278,1
120486,1
200173,1
222992,1
120487,1
3784,1
94146,1
157678,1
211453,2
211453,1
211476,1
212456,1
212458,1
61781,2
61781,1
210825,2
210825,1
3839,2
3839,1
3846,2
3846,1
29362,1
168246,2
168246,1
250611,2
250611,1
226840,2
226840,1
317639,2
317639,1
350368,1
504575,1
136044,2
136044,1
211256,2
211256,1
140310,1
211257,2
211257,1
342963,2
342963,1
116315,1
342656,2
342656,1
504153,1
349474,1
317638,2
317638,1
3946,2
3946,1
113782,2
113782,1
287332,2
287332,1
150669,2
150669,1
135831,2
135831,1
118431,2
118431,1
165549,2
165549,1
367583,2
367583,1
195960,2
195960,1
44904,2
44904,1
115809,2
115809,1
56617,2
56617,1
326080,2
326080,1
218981,2
218981,1
194856,2
194856,1
327135,2
327135,1
322228,2
322228,1
4022,2
4022,1
213396,2
213396,1
521826,1
521281,1
521160,1
521112,1
521829,1
521526,1
521365,1
521740,1
521709,1
521142,1
521782,1
521294,1
521247,1
521080,1
521707,1
213417,2
213417,1
72772,2
72772,1
51907,1
150915,1
187795,1
507670,1
507119,1
507265,1
507411,1
507450,1
507154,1
507109,1
507342,1
64828,1
97463,1
30562,1
213718,1
4305,1
43653,1
311205,1
320786,2
320786,1
154651,2
154651,1
99710,2
99710,1
82741,2
82741,1
195307,2
195307,1
4369,2
4369,1
72121,2
72121,1
52420,2
52420,1
89827,2
89827,1
171245,1
208813,1
58807,2
58807,1
211493,1
20544,1
4529,2
4529,1
153698,2
153698,1
529315,1
529314,1
54178,2
54178,1
194170,2
194170,1
218454,2
218454,1
518719,2
518719,1
4710,1
81197,1
517421,1
370029,1
368947,1
357259,2
357259,1
241104,2
241104,1
520066,2
520066,1
239356,2
239356,1
93366,1
169485,2
169485,1
30863,2
30863,1
115630,2
115630,1
30867,2
30867,1
170367,1
105620,2
105620,1
307957,2
307957,1
88095,2
88095,1
76626,2
76626,1
109118,2
109118,1
30870,2
30870,1
79621,2
79621,1
49393,2
49393,1
212068,1
196337,2
196337,1
30871,2
30871,1
240178,2
240178,1
30872,2
30872,1
64668,1
196616,2
196616,1
30874,2
30874,1
154650,2
154650,1
128468,2
128468,1
48033,1
30875,2
30875,1
53500,2
53500,1
95344,2
95344,1
194173,2
194173,1
25737,1
117814,2
117814,1
30881,2
30881,1
270543,2
270543,1
168290,2
168290,1
51626,2
51626,1
344385,2
344385,1
226348,2
226348,1
242409,2
242409,1
344386,2
344386,1
344387,2
344387,1
170654,2
170654,1
72131,1
108111,2
108111,1
378943,2
378943,1
316747,2
316747,1
236953,2
236953,1
300810,2
300810,1
152718,2
152718,1
272864,2
272864,1
95890,2
95890,1
64385,2
64385,1
271136,2
271136,1
344388,2
344388,1
298708,2
298708,1
117830,2
117830,1
236954,2
236954,1
171094,2
171094,1
168509,2
168509,1
95162,1
352718,2
352718,1
349779,2
349779,1
351170,2
351170,1
270557,2
270557,1
352719,2
352719,1
311327,2
311327,1
94372,2
94372,1
25590,2
25590,1
30894,1
95163,1
53928,2
53928,1
53929,2
53929,1
68511,2
68511,1
66172,2
66172,1
79047,2
79047,1
30895,2
30895,1
90740,2
90740,1
48459,2
48459,1
231559,1
325131,2
325131,1
286363,2
286363,1
117123,2
117123,1
93796,2
93796,1
30898,2
30898,1
521934,2
521934,1
275544,2
275544,1
83436,2
83436,1
217219,2
217219,1
271068,2
271068,1
117991,2
117991,1
135063,2
135063,1
350383,2
350383,1
142614,1
118138,2
118138,1
4823,2
4823,1
133926,2
133926,1
88928,2
88928,1
149124,2
149124,1
108416,2
108416,1
253860,2
253860,1
253859,1
76132,2
76132,1
215277,2
215277,1
215256,2
215256,1
131440,1
118012,1
109592,2
109592,1
57802,1
512599,2
512599,1
255214,1
181716,1
231556,2
231556,1
92445,2
92445,1
117804,2
117804,1
135058,2
135058,1
126645,2
126645,1
170344,2
170344,1
84257,2
84257,1
89746,2
89746,1
95168,2
95168,1
117953,1
139194,2
139194,1
231549,2
231549,1
167903,1
4826,2
4826,1
109469,2
109469,1
117965,2
117965,1
135050,2
135050,1
521651,2
521651,1
117966,2
117966,1
64912,2
64912,1
272719,2
272719,1
155290,2
155290,1
56402,2
56402,1
103688,2
103688,1
500004,1
101729,2
101729,1
103507,2
103507,1
228395,2
228395,1
215275,2
215275,1
70622,1
79043,2
79043,1
118082,2
118082,1
174793,2
174793,1
95717,2
95717,1
67277,2
67277,1
215278,2
215278,1
215279,2
215279,1
51939,2
51939,1
102789,2
102789,1
138472,2
138472,1
137783,2
137783,1
87212,2
87212,1
117810,2
117810,1
103223,1
118010,2
118010,1
110418,2
110418,1
117811,2
117811,1
79787,2
79787,1
141459,2
141459,1
43789,2
43789,1
118014,2
118014,1
117812,1
334958,1
251940,2
251940,1
135052,2
135052,1
215268,2
215268,1
117979,2
117979,1
91552,2
91552,1
306799,2
306799,1
370856,1
134426,1
5091,1
353578,1
377094,1
341637,1
20363,1
50876,1
30990,1
158275,1
63995,1
68305,1
91044,1
54705,1
320311,1
334133,1
284503,1
5225,1
60928,1
82287,1
69036,1
5285,2
5285,1
5286,2
5286,1
5287,2
5287,1
105264,2
105264,1
368341,1
233084,1
317700,1
143919,1
374709,1
143921,1
136686,1
275880,1
263364,1
280915,1
196872,1
241150,1
504465,1
250279,1
77518,1
241153,1
241484,1
241263,1
306536,1
270721,1
344065,1
344066,1
137112,1
511544,1
511637,1
525788,1
256246,1
214469,1
183435,1
531294,1
167985,1
256242,1
379479,1
69233,1
511310,1
525524,1
531298,1
511351,1
211805,1
256249,1
371961,2
371961,1
58058,2
58058,1
23679,1
73161,1
64480,1
73224,1
116159,2
116159,1
72701,1
318714,1
158384,1
104193,2
104193,1
114430,2
114430,1
317021,2
317021,1
297976,2
297976,1
69769,2
69769,1
5640,2
5640,1
5681,1
256748,2
256748,1
227807,2
227807,1
345340,1
155917,1
108751,2
108751,1
176248,2
176248,1
117441,2
117441,1
307756,1
180834,2
180834,1
193784,2
193784,1
209688,2
209688,1
193785,1
234040,1
193791,2
193791,1
219218,2
219218,1
195949,1
292524,1
109093,2
109093,1
180837,1
115020,2
115020,1
78954,2
78954,1
66231,1
157919,2
157919,1
304373,1
347525,1
194239,2
194239,1
234734,1
143263,2
143263,1
113185,2
113185,1
190507,1
265807,1
296411,2
296411,1
361843,2
361843,1
175324,2
175324,1
103900,1
252493,1
115029,2
115029,1
74429,2
74429,1
161130,2
161130,1
157920,2
157920,1
161129,2
161129,1
143266,2
143266,1
157924,2
157924,1
132150,2
132150,1
113186,2
113186,1
72780,2
72780,1
304372,1
135668,2
135668,1
324310,1
361842,2
361842,1
298673,2
298673,1
304374,1
5707,2
5707,1
252496,1
297654,1
21600,2
21600,1
49277,2
49277,1
271849,2
271849,1
85511,2
85511,1
5799,2
5799,1
182469,2
182469,1
100137,2
100137,1
504882,2
504882,1
212097,2
212097,1
176855,2
176855,1
5800,2
5800,1
99768,2
99768,1
240652,2
240652,1
157444,2
157444,1
171268,2
171268,1
28611,2
28611,1
62715,2
62715,1
228301,2
228301,1
22601,2
22601,1
229937,2
229937,1
186945,2
186945,1
147412,1
191632,1
71017,1
297725,1
5822,1
5826,1
51638,1
5829,1
5831,1
5836,1
129292,1
374242,2
374242,1
367724,2
367724,1
359111,2
359111,1
86119,2
86119,1
362483,2
362483,1
273579,1
378964,1
216986,2
216986,1
340836,2
340836,1
50896,2
50896,1
348124,2
348124,1
368681,2
368681,1
348116,2
348116,1
320152,2
320152,1
370226,2
370226,1
300495,2
300495,1
44603,2
44603,1
57854,2
57854,1
61132,2
61132,1
5856,2
5856,1
64656,2
64656,1
31809,2
31809,1
5857,2
5857,1
30581,2
30581,1
20080,2
20080,1
42026,1
113605,2
113605,1
130168,1
5859,2
5859,1
29564,2
29564,1
194142,2
194142,1
5861,2
5861,1
319453,2
319453,1
293747,2
293747,1
55541,2
55541,1
33042,2
33042,1
31807,2
31807,1
97206,2
97206,1
150196,2
150196,1
154916,2
154916,1
348107,2
348107,1
348125,2
348125,1
376666,2
376666,1
348109,2
348109,1
348110,2
348110,1
348113,2
348113,1
319427,2
319427,1
348123,2
348123,1
344184,2
344184,1
339206,2
339206,1
319426,2
319426,1
320153,2
320153,1
370224,2
370224,1
361693,2
361693,1
5929,1
303824,1
98915,1
523181,1
514303,1
152039,1
168646,1
5982,1
48611,1
138265,1
5985,1
197258,1
118648,1
124304,1
6009,1
41697,1
241495,1
171667,1
31920,2
31920,1
168293,2
168293,1
59824,2
59824,1
74751,2
74751,1
52747,1
66691,1
195633,1
270362,1
223284,1
73733,1
247591,1
25911,1
198014,1
179018,2
179018,1
374905,1
240462,1
117960,1
525955,1
253850,2
253850,1
273014,2
273014,1
316311,2
316311,1
364438,2
364438,1
386934,2
386934,1
376795,2
376795,1
370700,2
370700,1
370109,2
370109,1
370701,2
370701,1
364440,2
364440,1
354187,2
354187,1
317848,2
317848,1
327462,2
327462,1
350500,2
350500,1
318744,2
318744,1
353065,2
353065,1
379487,2
379487,1
353088,2
353088,1
331255,2
331255,1
380440,2
380440,1
384451,2
384451,1
519227,2
519227,1
291144,2
291144,1
336459,2
336459,1
336464,2
336464,1
353806,2
353806,1
317255,2
317255,1
336468,2
336468,1
316738,2
316738,1
356009,2
356009,1
322204,2
322204,1
353808,2
353808,1
236523,2
236523,1
218857,2
218857,1
511797,1
511608,1
236512,2
236512,1
299826,2
299826,1
226845,2
226845,1
368504,2
368504,1
359552,2
359552,1
323539,2
323539,1
344850,2
344850,1
250226,2
250226,1
280222,2
280222,1
316525,2
316525,1
511727,1
511699,1
284878,2
284878,1
355913,2
355913,1
376792,2
376792,1
376793,2
376793,1
511714,2
511714,1
514314,2
514314,1
511896,1
355912,2
355912,1
370183,2
370183,1
382620,2
382620,1
341825,2
341825,1
298512,2
298512,1
281353,2
281353,1
506547,2
506547,1
506809,2
506809,1
525789,2
525789,1
525983,2
525983,1
536431,2
536431,1
536424,2
536424,1
387497,2
387497,1
535875,2
535875,1
376796,2
376796,1
511533,2
511533,1
345344,2
345344,1
298392,2
298392,1
384453,2
384453,1
382281,2
382281,1
382283,2
382283,1
319813,2
319813,1
524953,2
524953,1
333866,2
333866,1
291249,2
291249,1
360494,2
360494,1
315659,2
315659,1
243583,2
243583,1
349587,2
349587,1
242601,2
242601,1
500162,2
500162,1
345325,2
345325,1
357382,2
357382,1
336470,2
336470,1
318015,2
318015,1
506630,2
506630,1
357379,2
357379,1
341816,2
341816,1
336473,2
336473,1
505306,2
505306,1
374245,2
374245,1
359664,2
359664,1
378558,2
378558,1
362019,2
362019,1
505302,2
505302,1
384499,2
384499,1
362016,2
362016,1
211129,2
211129,1
374395,2
374395,1
247663,2
247663,1
307893,2
307893,1
368901,2
368901,1
317031,2
317031,1
256127,2
256127,1
207836,2
207836,1
209583,2
209583,1
212177,2
212177,1
203358,2
203358,1
237576,2
237576,1
211394,2
211394,1
358808,2
358808,1
322079,2
322079,1
354660,2
354660,1
518118,1
240827,2
240827,1
384500,2
384500,1
322497,2
322497,1
306758,2
306758,1
317429,2
317429,1
336475,2
336475,1
307897,2
307897,1
252157,2
252157,1
234979,2
234979,1
336477,2
336477,1
299827,2
299827,1
269586,2
269586,1
521573,2
521573,1
283437,2
283437,1
208849,2
208849,1
280229,2
280229,1
307895,2
307895,1
322081,2
322081,1
505301,2
505301,1
334667,2
334667,1
258672,2
258672,1
519024,2
519024,1
359112,2
359112,1
320143,2
320143,1
355910,2
355910,1
316206,2
316206,1
351191,2
351191,1
315600,2
315600,1
350010,2
350010,1
354186,2
354186,1
316392,2
316392,1
323826,2
323826,1
236525,2
236525,1
361241,2
361241,1
505298,2
505298,1
355911,2
355911,1
367732,2
367732,1
374243,2
374243,1
374344,2
374344,1
357383,2
357383,1
374244,2
374244,1
511330,1
367736,2
367736,1
372607,2
372607,1
324273,2
324273,1
386742,2
386742,1
364623,2
364623,1
505281,2
505281,1
350988,2
350988,1
350011,2
350011,1
315603,2
315603,1
379488,2
379488,1
518073,1
517998,1
380441,2
380441,1
317503,2
317503,1
505283,2
505283,1
519406,2
519406,1
384501,2
384501,1
521504,2
521504,1
525604,2
525604,1
368685,2
368685,1
367733,2
367733,1
367734,2
367734,1
368686,2
368686,1
367735,2
367735,1
505285,2
505285,1
358809,2
358809,1
525423,2
525423,1
360225,2
360225,1
374246,2
374246,1
536152,2
536152,1
358810,2
358810,1
521320,2
521320,1
384502,2
384502,1
358811,2
358811,1
526209,2
526209,1
374346,2
374346,1
511381,2
511381,1
360495,2
360495,1
358812,2
358812,1
236524,2
236524,1
521685,2
521685,1
387734,2
387734,1
357391,2
357391,1
526230,2
526230,1
505297,2
505297,1
521184,2
521184,1
174796,2
174796,1
85689,2
85689,1
253052,2
253052,1
222173,2
222173,1
152732,2
152732,1
79523,2
79523,1
256928,2
256928,1
307891,2
307891,1
166970,2
166970,1
308100,2
308100,1
228303,2
228303,1
533188,2
533188,1
223332,2
223332,1
365025,2
365025,1
312612,2
312612,1
343909,2
343909,1
364443,2
364443,1
192522,2
192522,1
219460,2
219460,1
240655,2
240655,1
355907,2
355907,1
355906,2
355906,1
211130,2
211130,1
270364,2
270364,1
300307,2
300307,1
302882,2
302882,1
363672,2
363672,1
255215,2
255215,1
297428,2
297428,1
321446,2
321446,1
143800,2
143800,1
135670,2
135670,1
56732,2
56732,1
266170,2
266170,1
97560,2
97560,1
374266,2
374266,1
291254,2
291254,1
252055,2
252055,1
318456,2
318456,1
318458,2
318458,1
184084,2
184084,1
251963,2
251963,1
285591,2
285591,1
353811,2
353811,1
269147,2
269147,1
280593,2
280593,1
317253,2
317253,1
198559,2
198559,1
206924,2
206924,1
283060,2
283060,1
307894,2
307894,1
285237,2
285237,1
189815,2
189815,1
316551,2
316551,1
211737,2
211737,1
179548,2
179548,1
170775,2
170775,1
129741,2
129741,1
228306,2
228306,1
175792,2
175792,1
221110,2
221110,1
182537,2
182537,1
321447,2
321447,1
219461,2
219461,1
306251,2
306251,1
253677,2
253677,1
241760,2
241760,1
270112,2
270112,1
526193,2
526193,1
140036,2
140036,1
176980,2
176980,1
285913,2
285913,1
511418,2
511418,1
216907,2
216907,1
179551,2
179551,1
69049,2
69049,1
379496,2
379496,1
98455,2
98455,1
116492,2
116492,1
505307,2
505307,1
179552,2
179552,1
384452,2
384452,1
318457,2
318457,1
317646,2
317646,1
249928,2
249928,1
249170,2
249170,1
252056,2
252056,1
56891,2
56891,1
31972,2
31972,1
206882,2
206882,1
207737,2
207737,1
238313,2
238313,1
31983,2
31983,1
31984,2
31984,1
121788,2
121788,1
124860,2
124860,1
127508,2
127508,1
195964,2
52840,2
52840,1
139497,2
105703,2
186732,2
98351,2
194025,2
31982,2
192278,2
122388,2
122388,1
165994,1
305894,1
54735,2
54735,1
6410,1
6474,1
53728,2
53728,1
142251,2
142251,1
22014,2
22014,1
42307,1
183796,1
136018,1
284951,1
168651,1
124125,1
6504,2
6504,1
32097,1
263345,1
101535,1
101547,1
90699,2
90699,1
333262,2
333262,1
102357,2
102357,1
112605,2
112605,1
92352,2
92352,1
79614,2
79614,1
223393,2
223393,1
6729,2
6729,1
127096,2
127096,1
298032,2
298032,1
192446,2
361540,2
361540,1
226162,2
226162,1
240753,2
272534,2
272534,1
119503,2
119503,1
109744,2
109744,1
525382,2
525382,1
322082,2
322082,1
279361,2
279361,1
254104,2
254104,1
525521,2
525521,1
80020,2
80020,1
6778,2
50050,2
50050,1
210851,2
525606,2
525606,1
50051,2
525575,2
525575,1
85244,2
85244,1
70443,2
70443,1
77242,2
77242,1
286034,2
286034,1
6779,2
6779,1
274709,2
274709,1
129742,2
129742,1
110490,2
110490,1
169827,2
169827,1
309505,2
309505,1
6785,2
6785,1
64575,2
6787,2
6787,1
152344,2
152344,1
101815,2
249929,2
249929,1
111678,2
111678,1
53897,2
53897,1
347720,2
347720,1
373004,2
373004,1
243426,2
243426,1
80021,2
80021,1
370887,2
370887,1
348096,2
348096,1
25532,2
25532,1
524846,2
537066,2
537066,1
529543,2
529543,1
529691,2
536955,2
536955,1
529567,2
529567,1
529712,2
529712,1
537128,2
537128,1
529726,2
529726,1
529609,2
529609,1
32559,2
95846,2
285396,2
285396,1
525433,2
525433,1
371572,2
371572,1
505219,2
110994,2
110994,1
149973,2
149973,1
525452,2
525452,1
163701,2
163701,1
308766,2
308766,1
525556,2
525556,1
79026,2
79026,1
525424,2
525424,1
521790,2
521790,1
237577,2
237577,1
289156,2
289156,1
381186,2
381186,1
520468,2
520468,1
63015,1
6915,1
194497,1
317509,1
300515,1
238315,1
307898,1
6920,1
197903,1
361738,1
254611,1
151243,1
308281,1
274710,1
51546,1
164070,1
193295,2
193295,1
361652,2
361652,1
252158,2
252158,1
309796,1
93200,2
93200,1
324801,2
324801,1
361653,2
361653,1
357502,1
357494,1
116990,2
116990,1
227946,1
112598,2
112598,1
54703,1
246129,2
246129,1
23077,2
23077,1
32740,2
32740,1
151724,2
151724,1
172368,2
172368,1
44046,2
44046,1
65183,1
151726,2
7088,2
7088,1
89825,2
89825,1
194885,2
194885,1
212098,2
212098,1
46103,2
46103,1
223446,2
223446,1
223447,1
354041,2
354041,1
340640,2
340640,1
209648,1
74723,1
183340,1
111068,1
181459,1
120471,1
502551,2
502551,1
521665,2
521665,1
32846,2
32846,1
7180,2
7180,1
306604,1
79319,2
79319,1
75999,2
75999,1
32864,2
32864,1
90953,2
90953,1
105452,2
105452,1
338093,1
77722,2
77722,1
76000,2
76000,1
53898,2
53898,1
7218,2
7218,1
64363,2
64363,1
7224,2
7224,1
64372,2
64372,1
75800,2
75800,1
7226,2
7226,1
7227,2
7227,1
57716,2
57716,1
57717,2
57717,1
71137,1
183210,1
7292,2
7292,1
294389,2
294389,1
93123,1
206993,1
33018,2
33018,1
308063,2
308063,1
64121,2
64121,1
7364,2
7364,1
69772,2
69772,1
90389,2
90389,1
201726,2
201726,1
228310,2
228310,1
7384,2
7384,1
153133,2
153133,1
7423,2
7423,1
361008,2
361008,1
360343,2
360343,1
133297,1
82205,1
366180,1
70085,2
70085,1
98551,1
86719,1
383584,1
86852,1
61461,1
94900,1
536784,1
90717,1
175720,1
228701,1
44214,1
69780,1
76633,1
526443,1
63052,1
94864,1
283383,1
99790,1
52411,1
526119,1
93921,1
168146,1
87155,1
69112,1
92738,1
526114,1
95832,1
193044,1
97847,1
535876,1
307063,1
50791,1
62179,1
33200,1
45060,1
68796,1
526118,1
78157,1
78207,1
135183,1
107015,1
69560,1
237211,1
89399,1
168945,1
116940,1
47883,1
91023,1
33314,1
73107,1
73108,2
73108,1
46744,1
72664,1
95393,1
92630,1
387464,1
282602,1
120474,1
120475,1
340710,1
354031,1
7598,1
113555,1
7601,1
210774,2
210774,1
307825,2
307825,1
369897,2
369897,1
46021,2
46021,1
336579,2
336579,1
312723,2
312723,1
312722,2
312722,1
361708,2
361708,1
303255,2
303255,1
252514,2
252514,1
282053,2
282053,1
277859,2
277859,1
273634,2
273634,1
335640,2
335640,1
63441,2
63441,1
282052,2
282052,1
334053,2
334053,1
252153,2
252153,1
237998,2
237998,1
202680,2
202680,1
338976,2
338976,1
7765,1
279908,2
279908,1
82761,2
82761,1
90029,2
90029,1
294677,2
294677,1
359925,2
359925,1
239340,2
239340,1
101916,2
101916,1
59501,2
59501,1
97417,2
97417,1
136943,2
136943,1
207964,2
207964,1
385027,2
385027,1
138689,2
138689,1
294678,2
294678,1
73963,2
73963,1
105248,1
7878,2
7878,1
7895,2
7895,1
192449,2
192449,1
7908,1
272561,1
355533,1
178559,2
178559,1
268707,2
268707,1
271974,2
271974,1
285043,2
285043,1
97634,2
97634,1
236962,1
70954,2
70954,1
344941,2
344941,1
298375,2
298375,1
47885,2
47885,1
110482,2
110482,1
273054,2
273054,1
174811,2
174811,1
317247,2
317247,1
291876,2
291876,1
95384,2
95384,1
345149,2
345149,1
382973,2
382973,1
119805,2
119805,1
93963,2
93963,1
94021,2
94021,1
65850,2
65850,1
99770,2
99770,1
7911,1
57229,2
57229,1
97229,2
97229,1
7919,2
7919,1
44738,2
44738,1
63918,2
63918,1
7921,2
7921,1
24091,1
97052,2
97052,1
91748,2
91748,1
247333,2
247333,1
226653,2
226653,1
96015,2
96015,1
105634,2
105634,1
151199,2
151199,1
179984,1
51605,2
51605,1
247337,1
111198,2
111198,1
70682,1
323395,2
323395,1
152734,2
152734,1
334574,2
334574,1
90115,2
90115,1
241300,2
241300,1
79827,2
79827,1
52119,2
52119,1
236858,2
236858,1
286070,2
286070,1
7987,2
7987,1
7989,1
535839,1
525530,1
525478,1
271163,1
219291,1
297262,1
325071,1
133580,1
525449,1
297263,1
525580,1
80877,1
536058,1
284674,1
54596,1
525801,1
323574,1
152241,1
178768,1
525425,1
148441,1
525590,1
525618,1
33579,1
198201,1
289226,1
66923,1
48936,1
525555,1
290585,1
193680,1
525380,1
66782,1
525378,1
536639,1
525613,1
525552,1
525589,1
525475,1
97195,1
525564,1
93826,1
48988,1
351590,1
64973,1
8000,1
8016,1
8025,1
76826,1
357162,1
357182,1
357217,1
357219,1
357224,1
357192,1
357240,1
355300,1
25219,1
56123,1
8204,1
46406,2
46406,1
223732,1
359842,1
56869,1
78650,2
78650,1
43304,2
43304,1
77021,2
77021,1
47380,1
53794,1
97592,2
97592,1
55074,1
202844,1
49766,1
111125,1
53071,1
50142,2
50142,1
64441,2
64441,1
352427,2
352427,1
220810,2
220810,1
90846,2
90846,1
361826,2
361826,1
322085,2
322085,1
205587,2
205587,1
194405,2
194405,1
89456,2
89456,1
180512,2
180512,1
92537,2
92537,1
237113,2
237113,1
252896,2
252896,1
127493,2
127493,1
323827,2
323827,1
257550,2
257550,1
126137,2
126137,1
45030,2
45030,1
237092,2
237092,1
194407,2
194407,1
218279,2
218279,1
152206,2
152206,1
205594,2
205594,1
194248,2
194248,1
33994,2
33994,1
238476,2
238476,1
8455,2
8455,1
255219,2
255219,1
255220,2
255220,1
255221,2
255221,1
226323,2
226323,1
325137,1
529022,1
177512,1
39133,2
39133,1
8558,2
8558,1
517375,2
517375,1
384879,2
384879,1
80934,2
80934,1
69962,2
69962,1
82763,2
82763,1
155692,2
155692,1
39132,2
39132,1
93197,1
8569,1
165374,1
125488,1
42034,1
322044,1
101208,1
140005,1
271419,1
127826,1
344656,2
344656,1
352152,2
352152,1
352153,2
352153,1
323116,2
323116,1
298358,2
298358,1
52786,2
52786,1
182129,2
182129,1
373710,2
373710,1
358470,2
358470,1
127799,2
127799,1
162365,2
162365,1
127800,2
127800,1
314492,2
314492,1
82024,2
82024,1
65580,2
65580,1
298133,2
298133,1
335286,2
335286,1
83399,2
83399,1
182957,2
182957,1
314493,2
314493,1
79266,2
79266,1
384520,2
384520,1
346076,2
346076,1
272799,2
272799,1
253003,2
253003,1
373574,2
373574,1
227658,2
227658,1
300759,2
300759,1
111803,2
111803,1
212633,2
212633,1
344659,2
344659,1
251059,2
251059,1
237623,2
237623,1
306047,2
306047,1
145963,2
145963,1
270976,2
270976,1
344660,2
344660,1
314494,2
314494,1
182960,2
182960,1
179294,2
179294,1
369187,2
369187,1
314495,2
314495,1
195333,2
195333,1
48684,2
48684,1
358471,2
358471,1
306801,2
306801,1
195091,2
195091,1
358472,2
358472,1
352156,2
352156,1
249344,2
249344,1
209339,2
209339,1
220141,2
220141,1
249345,2
249345,1
323117,2
323117,1
182963,2
182963,1
314496,2
314496,1
384521,2
384521,1
274003,2
274003,1
250848,2
250848,1
324547,2
324547,1
335873,2
335873,1
285772,2
285772,1
314497,2
314497,1
87976,2
87976,1
52256,2
52256,1
83976,2
83976,1
325326,2
325326,1
299951,2
299951,1
79423,2
79423,1
250980,2
250980,1
373711,2
373711,1
335874,2
335874,1
344661,2
344661,1
283981,2
283981,1
149062,2
149062,1
256316,2
256316,1
358474,2
358474,1
384524,2
384524,1
369188,2
369188,1
344662,2
344662,1
358475,2
358475,1
358476,2
358476,1
140009,2
140009,1
249346,2
249346,1
127802,2
127802,1
141186,2
141186,1
333867,2
333867,1
384427,2
384427,1
149063,2
149063,1
93151,2
93151,1
181131,2
181131,1
198397,2
198397,1
171451,2
171451,1
45692,2
45692,1
208371,2
208371,1
317369,2
317369,1
87831,2
87831,1
298147,2
298147,1
49321,2
49321,1
323838,2
323838,1
335875,2
335875,1
367154,2
367154,1
171018,2
171018,1
170133,2
170133,1
335876,2
335876,1
384108,2
384108,1
108128,2
108128,1
369189,2
369189,1
314501,2
314501,1
270986,2
270986,1
335877,2
335877,1
127803,2
127803,1
352159,2
352159,1
503401,2
503401,1
358477,2
358477,1
358478,2
358478,1
270977,2
270977,1
169095,2
169095,1
270091,2
270091,1
325838,2
325838,1
39191,2
39191,1
140331,2
140331,1
316467,2
316467,1
285736,2
285736,1
114365,2
114365,1
59072,2
59072,1
344664,2
344664,1
182975,2
182975,1
250984,2
250984,1
299957,2
299957,1
78932,2
78932,1
270205,2
270205,1
68893,2
68893,1
250849,2
250849,1
193310,2
193310,1
182978,2
182978,1
182696,2
182696,1
228879,2
228879,1
358480,2
358480,1
110483,2
110483,1
335878,2
335878,1
102046,2
102046,1
227659,2
227659,1
102047,2
102047,1
274005,2
274005,1
384112,2
384112,1
358481,2
358481,1
151021,2
151021,1
316552,2
316552,1
43872,2
43872,1
183848,2
183848,1
344665,2
344665,1
335879,2
335879,1
227660,2
227660,1
317097,2
317097,1
170522,2
170522,1
39194,2
39194,1
335880,2
335880,1
352160,2
352160,1
138729,2
138729,1
88058,2
88058,1
95690,2
95690,1
344666,2
344666,1
352161,2
352161,1
83735,2
83735,1
226785,2
226785,1
358482,2
358482,1
300707,2
300707,1
344667,2
344667,1
166290,2
166290,1
384525,2
384525,1
71118,2
71118,1
39195,2
39195,1
352162,2
352162,1
109667,2
109667,1
104268,2
104268,1
503737,2
503737,1
114367,2
114367,1
179832,2
179832,1
297986,2
297986,1
323123,2
323123,1
369191,2
369191,1
170134,2
170134,1
344668,2
344668,1
343851,2
343851,1
97860,2
97860,1
342918,2
342918,1
122343,2
122343,1
228880,2
228880,1
307351,2
307351,1
325883,2
325883,1
42138,2
42138,1
42129,2
42129,1
39199,2
39199,1
39200,2
39200,1
109341,2
109341,1
111882,2
111882,1
325328,2
325328,1
352164,2
352164,1
317522,2
317522,1
89113,2
89113,1
358483,2
358483,1
108687,2
108687,1
335882,2
335882,1
206966,2
206966,1
220143,2
220143,1
384526,2
384526,1
206968,2
206968,1
79500,2
79500,1
352165,2
352165,1
358484,2
358484,1
352166,2
352166,1
206969,2
206969,1
352167,2
352167,1
138730,2
138730,1
228882,2
228882,1
352168,2
352168,1
285337,2
285337,1
344670,2
344670,1
369192,2
369192,1
180304,2
180304,1
180439,2
180439,1
226445,2
226445,1
359289,2
359289,1
98030,2
98030,1
182983,2
182983,1
314509,2
314509,1
504559,2
504559,1
292049,2
292049,1
250850,2
250850,1
154508,2
154508,1
153378,2
153378,1
352169,2
352169,1
299961,2
299961,1
269381,2
269381,1
90725,2
90725,1
174590,2
174590,1
297020,2
297020,1
325332,2
325332,1
169015,2
169015,1
273864,2
273864,1
269045,2
269045,1
344671,2
344671,1
369193,2
369193,1
373576,2
373576,1
149064,2
149064,1
146216,2
146216,1
326449,2
326449,1
352170,2
352170,1
110091,2
110091,1
292050,2
292050,1
358487,2
358487,1
249347,2
249347,1
343241,2
343241,1
384527,2
384527,1
384528,2
384528,1
124801,2
124801,1
352171,2
352171,1
384529,2
384529,1
369194,2
369194,1
342524,2
342524,1
170569,2
170569,1
307969,2
307969,1
285821,2
285821,1
352172,2
352172,1
352173,2
352173,1
93868,2
93868,1
298174,2
298174,1
358488,2
358488,1
384116,2
384116,1
248785,2
248785,1
300760,2
300760,1
344672,2
344672,1
369195,2
369195,1
76683,2
76683,1
55458,2
55458,1
333976,2
333976,1
212638,2
212638,1
344673,2
344673,1
369197,2
369197,1
369199,2
369199,1
369203,2
369203,1
384118,2
384118,1
296614,2
296614,1
122344,2
122344,1
213134,2
213134,1
228883,2
228883,1
335885,2
335885,1
183294,2
183294,1
335886,2
335886,1
352174,2
352174,1
316739,2
316739,1
344674,2
344674,1
88045,2
88045,1
313647,2
313647,1
344675,2
344675,1
369201,2
369201,1
358701,2
358701,1
352175,2
352175,1
195095,2
195095,1
282298,2
282298,1
153313,2
153313,1
253067,2
253067,1
369204,2
369204,1
315532,2
315532,1
358490,2
358490,1
124802,2
124802,1
358491,2
358491,1
103874,2
103874,1
373577,2
373577,1
300725,2
300725,1
299962,2
299962,1
282300,2
282300,1
317370,2
317370,1
344676,2
344676,1
325335,2
325335,1
60574,2
60574,1
109428,2
109428,1
242472,2
242472,1
246262,2
246262,1
127804,2
127804,1
358493,2
358493,1
285773,2
285773,1
208372,2
208372,1
384531,2
384531,1
352176,2
352176,1
300708,2
300708,1
344677,2
344677,1
74733,2
74733,1
373713,2
373713,1
76072,2
76072,1
252422,2
252422,1
373578,2
373578,1
335887,2
335887,1
373714,2
373714,1
384120,2
384120,1
373579,2
373579,1
501947,2
501947,1
168514,2
168514,1
137117,2
137117,1
51783,2
51783,1
47435,2
47435,1
344221,2
344221,1
502153,2
502153,1
335888,2
335888,1
335889,2
335889,1
300761,2
300761,1
220146,2
220146,1
63489,2
63489,1
333109,2
333109,1
222320,2
222320,1
352177,2
352177,1
149065,2
149065,1
226452,2
226452,1
352178,2
352178,1
174824,2
174824,1
250989,2
250989,1
134664,2
134664,1
335890,2
335890,1
99343,2
99343,1
241472,2
241472,1
314520,2
314520,1
325338,2
325338,1
138733,2
138733,1
335891,2
335891,1
373715,2
373715,1
282301,2
282301,1
249348,2
249348,1
351074,2
351074,1
343852,2
343852,1
335892,2
335892,1
306570,2
306570,1
238409,2
238409,1
314521,2
314521,1
170135,2
170135,1
344678,2
344678,1
255992,2
255992,1
323131,2
323131,1
344679,2
344679,1
270987,2
270987,1
298179,2
298179,1
181134,2
181134,1
93549,2
93549,1
70426,2
70426,1
306574,2
306574,1
328111,2
328111,1
352179,2
352179,1
177311,2
177311,1
87210,2
87210,1
325339,2
325339,1
50383,2
50383,1
111762,2
111762,1
206970,2
206970,1
250991,2
250991,1
181135,2
181135,1
373716,2
373716,1
170524,2
170524,1
335893,2
335893,1
307141,2
307141,1
335894,2
335894,1
83665,2
83665,1
373581,2
373581,1
67514,2
67514,1
369207,2
369207,1
373582,2
373582,1
207357,2
207357,1
384533,2
384533,1
323134,2
323134,1
250851,2
250851,1
350018,2
350018,1
335895,2
335895,1
384534,2
384534,1
90777,2
90777,1
180440,2
180440,1
352180,2
352180,1
352181,2
352181,1
369209,2
369209,1
226868,2
226868,1
335896,2
335896,1
314532,2
314532,1
195098,2
195098,1
210801,2
210801,1
343853,2
343853,1
300721,2
300721,1
241473,2
241473,1
73642,2
73642,1
249349,2
249349,1
135963,2
135963,1
300762,2
300762,1
137138,2
137138,1
43755,2
43755,1
182352,2
182352,1
116251,2
116251,1
129299,2
129299,1
109071,2
109071,1
137139,2
137139,1
43756,2
43756,1
88048,2
88048,1
109650,2
109650,1
250853,2
250853,1
50810,2
50810,1
137118,2
137118,1
151201,2
151201,1
108241,2
108241,1
116252,2
116252,1
193313,2
193313,1
292066,2
292066,1
63434,2
63434,1
344680,2
344680,1
352182,2
352182,1
384124,2
384124,1
344681,2
344681,1
94482,2
94482,1
300763,2
300763,1
104724,2
104724,1
71871,2
71871,1
195394,2
195394,1
182965,2
182965,1
60741,2
60741,1
169105,2
169105,1
83126,2
83126,1
335897,2
335897,1
333110,2
333110,1
299963,2
299963,1
269671,2
269671,1
250992,2
250992,1
138736,2
138736,1
343854,2
343854,1
282302,2
282302,1
43701,2
43701,1
325342,2
325342,1
250854,2
250854,1
85099,2
85099,1
344682,2
344682,1
335898,2
335898,1
138734,2
138734,1
306576,2
306576,1
227661,2
227661,1
182968,2
182968,1
352183,2
352183,1
335899,2
335899,1
384130,2
384130,1
210802,2
210802,1
113898,2
113898,1
250855,2
250855,1
343855,2
343855,1
81081,2
81081,1
343259,2
343259,1
352184,2
352184,1
149066,2
149066,1
358495,2
358495,1
384535,2
384535,1
369210,2
369210,1
170543,2
170543,1
299505,2
299505,1
384536,2
384536,1
352185,2
352185,1
137119,2
137119,1
503039,2
503039,1
85965,2
85965,1
501954,2
501954,1
298185,2
298185,1
63633,2
63633,1
352186,2
352186,1
170187,2
170187,1
73234,2
73234,1
352187,2
352187,1
212647,2
212647,1
249350,2
249350,1
238178,2
238178,1
352189,2
352189,1
115863,2
115863,1
250856,2
250856,1
373717,2
373717,1
90983,2
90983,1
242476,2
242476,1
352188,2
352188,1
62847,2
62847,1
373583,2
373583,1
369212,2
369212,1
240880,2
240880,1
124638,2
124638,1
111010,2
111010,1
238179,2
238179,1
182977,2
182977,1
503007,2
503007,1
503113,2
503113,1
228387,2
228387,1
358499,2
358499,1
314538,2
314538,1
298367,2
298367,1
344683,2
344683,1
153144,2
153144,1
182656,2
182656,1
63178,2
63178,1
63634,2
63634,1
73235,2
73235,1
369213,2
369213,1
282671,2
282671,1
352190,2
352190,1
103536,2
103536,1
79804,2
79804,1
220149,2
220149,1
238410,2
238410,1
358501,2
358501,1
134724,2
134724,1
358502,2
358502,1
352191,2
352191,1
369215,2
369215,1
352192,2
352192,1
25678,2
25678,1
344684,2
344684,1
101771,2
101771,1
335900,2
335900,1
352193,2
352193,1
111397,2
111397,1
138297,2
138297,1
240881,2
240881,1
384131,2
384131,1
169113,2
169113,1
65463,2
65463,1
373718,2
373718,1
344685,2
344685,1
299968,2
299968,1
384537,2
384537,1
352194,2
352194,1
282307,2
282307,1
39227,2
39227,1
171444,2
171444,1
373584,2
373584,1
344686,2
344686,1
368642,2
368642,1
344687,2
344687,1
358504,2
358504,1
169115,2
169115,1
207359,2
207359,1
250857,2
250857,1
174595,2
174595,1
335901,2
335901,1
238411,2
238411,1
88044,2
88044,1
250858,2
250858,1
170570,2
170570,1
250859,2
250859,1
521441,2
521441,1
177487,2
177487,1
373586,2
373586,1
228885,2
228885,1
250860,2
250860,1
250861,2
250861,1
270210,2
270210,1
250862,2
250862,1
368450,2
368450,1
50878,2
50878,1
297987,2
297987,1
335902,2
335902,1
250863,2
250863,1
250864,2
250864,1
250865,2
250865,1
352197,2
352197,1
384133,2
384133,1
369217,2
369217,1
170919,2
170919,1
103069,2
103069,1
323429,2
323429,1
111309,2
111309,1
384538,2
384538,1
204810,2
204810,1
284126,2
284126,1
127807,2
127807,1
206972,2
206972,1
335903,2
335903,1
335904,2
335904,1
373587,2
373587,1
369220,2
369220,1
179833,2
179833,1
75460,2
75460,1
373719,2
373719,1
49525,2
49525,1
91102,2
91102,1
238301,2
238301,1
307190,2
307190,1
373588,2
373588,1
369221,2
369221,1
501693,2
501693,1
269385,2
269385,1
373589,2
373589,1
352198,2
352198,1
369222,2
369222,1
333869,2
333869,1
384134,2
384134,1
352199,2
352199,1
369223,2
369223,1
314547,2
314547,1
270096,2
270096,1
358507,2
358507,1
352201,2
352201,1
358505,2
358505,1
358506,2
358506,1
62731,2
62731,1
242478,2
242478,1
273868,2
273868,1
352200,2
352200,1
503417,2
503417,1
373590,2
373590,1
270864,2
270864,1
208375,2
208375,1
179834,2
179834,1
521288,2
521288,1
135688,2
135688,1
181195,2
181195,1
83925,2
83925,1
114967,2
114967,1
108402,2
108402,1
58661,2
58661,1
103041,2
103041,1
254571,2
254571,1
384137,2
384137,1
113062,2
113062,1
316289,2
316289,1
212653,2
212653,1
298192,2
298192,1
368555,2
368555,1
154052,2
154052,1
250928,2
250928,1
352202,2
352202,1
137120,2
137120,1
384539,2
384539,1
367160,2
367160,1
282312,2
282312,1
170571,2
170571,1
343856,2
343856,1
358510,2
358510,1
300717,2
300717,1
207360,2
207360,1
87978,2
87978,1
323839,2
323839,1
208374,2
208374,1
231457,2
231457,1
376290,2
376290,1
323431,2
323431,1
111557,2
111557,1
174597,2
174597,1
249352,2
249352,1
195100,2
195100,1
316468,2
316468,1
323147,2
323147,1
298193,2
298193,1
358511,2
358511,1
195967,2
195967,1
254573,2
254573,1
197866,2
197866,1
194650,2
194650,1
180345,2
180345,1
369225,2
369225,1
325347,2
325347,1
55564,2
55564,1
86221,2
86221,1
299972,2
299972,1
195101,2
195101,1
502043,2
502043,1
153379,2
153379,1
238413,2
238413,1
325348,2
325348,1
325349,2
325349,1
179835,2
179835,1
170525,2
170525,1
270211,2
270211,1
86222,2
86222,1
325350,2
325350,1
169097,2
169097,1
369226,2
369226,1
384140,2
384140,1
285824,2
285824,1
223791,2
223791,1
134726,2
134726,1
323432,2
323432,1
358512,2
358512,1
358513,2
358513,1
127808,2
127808,1
358514,2
358514,1
241566,2
241566,1
352203,2
352203,1
316470,2
316470,1
194651,2
194651,1
373721,2
373721,1
325351,2
325351,1
149067,2
149067,1
103993,2
103993,1
384428,2
384428,1
270098,2
270098,1
137121,2
137121,1
240882,2
240882,1
352204,2
352204,1
138300,2
138300,1
207363,2
207363,1
300766,2
300766,1
182990,2
182990,1
95734,2
95734,1
212661,2
212661,1
252423,2
252423,1
180441,2
180441,1
502902,2
502902,1
195396,2
195396,1
352205,2
352205,1
344690,2
344690,1
502950,2
502950,1
314556,2
314556,1
325839,2
325839,1
352206,2
352206,1
352207,2
352207,1
314557,2
314557,1
335906,2
335906,1
298369,2
298369,1
358516,2
358516,1
373592,2
373592,1
384541,2
384541,1
352208,2
352208,1
242481,2
242481,1
212662,2
212662,1
170226,2
170226,1
326452,2
326452,1
174599,2
174599,1
316471,2
316471,1
343265,2
343265,1
44739,2
44739,1
517669,2
517669,1
166291,2
166291,1
352210,2
352210,1
384143,2
384143,1
325357,2
325357,1
335908,2
335908,1
207365,2
207365,1
94098,2
94098,1
53034,2
53034,1
193320,2
193320,1
194658,2
194658,1
521150,2
521150,1
321452,2
321452,1
344692,2
344692,1
373595,2
373595,1
73939,2
73939,1
314569,2
314569,1
59084,2
59084,1
323157,2
323157,1
207366,2
207366,1
299992,2
299992,1
89652,2
89652,1
111821,2
111821,1
384149,2
384149,1
358526,2
358526,1
307642,2
307642,1
307149,2
307149,1
384547,2
384547,1
342525,2
342525,1
373596,2
373596,1
335918,2
335918,1
127812,2
127812,1
323159,2
323159,1
358535,2
358535,1
307150,2
307150,1
358536,2
358536,1
373597,2
373597,1
103347,2
103347,1
358537,2
358537,1
169595,2
169595,1
48792,2
48792,1
96810,2
96810,1
314589,2
314589,1
344695,2
344695,1
65076,2
65076,1
149070,2
149070,1
195149,2
195149,1
270214,2
270214,1
344697,2
344697,1
369237,2
369237,1
384550,2
384550,1
358541,2
358541,1
369238,2
369238,1
222323,2
222323,1
325364,2
325364,1
384161,2
384161,1
369239,2
369239,1
244022,2
244022,1
344701,2
344701,1
96549,2
96549,1
335335,2
335335,1
343275,2
343275,1
122345,2
122345,1
181138,2
181138,1
284358,2
284358,1
358548,2
358548,1
206976,2
206976,1
335929,2
335929,1
282672,2
282672,1
314609,2
314609,1
253073,2
253073,1
269390,2
269390,1
358551,2
358551,1
61753,2
61753,1
297991,2
297991,1
274702,2
274702,1
335934,2
335934,1
244025,2
244025,1
55711,2
55711,1
8600,2
8600,1
325841,2
325841,1
325371,2
325371,1
325370,2
325370,1
228896,2
228896,1
249358,2
249358,1
92201,2
92201,1
116763,2
116763,1
352265,2
352265,1
146223,2
146223,1
352269,2
352269,1
94314,2
94314,1
39265,2
39265,1
109653,2
109653,1
103568,2
103568,1
92940,2
92940,1
207402,2
207402,1
210807,2
210807,1
169099,2
169099,1
190018,2
190018,1
335939,2
335939,1
228899,2
228899,1
352279,2
352279,1
298231,2
298231,1
325380,2
325380,1
99538,2
99538,1
69988,2
69988,1
344710,2
344710,1
335942,2
335942,1
249360,2
249360,1
220174,2
220174,1
183012,2
183012,1
50584,2
50584,1
335946,2
335946,1
384557,2
384557,1
53445,2
53445,1
282325,2
282325,1
358579,2
358579,1
109736,2
109736,1
214219,2
214219,1
214218,2
214218,1
160399,2
160399,1
207415,2
207415,1
344712,2
344712,1
369244,2
369244,1
369245,2
369245,1
300224,2
300224,1
352298,2
352298,1
358582,2
358582,1
207420,2
207420,1
384173,2
384173,1
92421,2
92421,1
324429,2
324429,1
168786,2
168786,1
138309,2
138309,1
170552,1
175221,2
175221,1
53035,2
53035,1
183026,2
183026,1
344713,2
344713,1
343290,2
343290,1
358591,2
358591,1
333115,2
333115,1
344715,2
344715,1
91388,2
91388,1
124803,2
124803,1
300455,2
300455,1
99052,2
99052,1
121918,2
121918,1
153151,2
153151,1
166292,2
166292,1
335347,2
335347,1
333871,2
333871,1
335957,2
335957,1
249363,2
249363,1
138313,2
138313,1
283976,2
283976,1
352319,2
352319,1
94431,2
94431,1
314678,2
314678,1
195156,2
195156,1
358601,2
358601,1
373615,2
373615,1
384568,2
384568,1
180444,2
180444,1
328113,2
328113,1
352325,2
352325,1
136766,2
136766,1
314683,2
314683,1
166293,2
166293,1
197282,2
197282,1
39285,2
39285,1
138316,2
138316,1
537121,2
537121,1
257066,2
257066,1
344723,2
344723,1
344724,2
344724,1
64933,2
64933,1
314688,2
314688,1
108243,2
108243,1
352331,2
352331,1
369255,2
369255,1
373736,2
373736,1
335961,2
335961,1
384573,2
384573,1
521218,2
521218,1
213340,2
213340,1
237629,1
226354,2
226354,1
298295,2
298295,1
98037,2
98037,1
170555,2
170555,1
272809,2
272809,1
285344,2
285344,1
129699,2
129699,1
314771,2
314771,1
297904,2
297904,1
358611,2
358611,1
228911,2
228911,1
250932,2
250932,1
236772,2
236772,1
284127,2
284127,1
42130,2
42130,1
103282,2
103282,1
154140,2
154140,1
314779,2
314779,1
298300,2
298300,1
270222,2
270222,1
181143,2
181143,1
100014,2
100014,1
323437,2
323437,1
87985,2
87985,1
104051,2
104051,1
358704,2
358704,1
222332,2
222332,1
244046,2
244046,1
298306,2
298306,1
108682,2
108682,1
215019,2
215019,1
373742,2
373742,1
220177,2
220177,1
47592,2
47592,1
298308,2
298308,1
113899,2
113899,1
352342,2
352342,1
183073,2
183073,1
252428,2
252428,1
211531,2
211531,1
140011,2
140011,1
103747,2
103747,1
78189,2
78189,1
129301,2
129301,1
170533,2
170533,1
249369,2
249369,1
323844,2
323844,1
358623,2
358623,1
127151,2
127151,1
104725,2
104725,1
129313,2
129313,1
367158,2
367158,1
177484,2
177484,1
153159,2
153159,1
335978,2
335978,1
183048,2
183048,1
314797,2
314797,1
358627,2
358627,1
99494,2
99494,1
183050,2
183050,1
250880,2
250880,1
358630,2
358630,1
89090,2
89090,1
108558,1
181209,2
181209,1
373633,2
373633,1
149079,2
149079,1
325412,2
325412,1
169117,2
169117,1
81861,2
81861,1
300753,2
300753,1
325413,2
325413,1
228917,2
228917,1
201499,2
201499,1
153153,2
153153,1
359298,2
359298,1
63952,2
63952,1
384212,2
384212,1
108728,2
108728,1
358638,2
358638,1
358639,2
358639,1
314811,2
314811,1
110009,2
110009,1
314812,2
314812,1
219635,2
219635,1
253082,2
253082,1
314837,2
314837,1
517413,2
517413,1
384587,2
384587,1
369275,2
369275,1
344741,2
344741,1
300754,2
300754,1
314815,2
314815,1
358649,2
358649,1
207434,2
207434,1
47944,2
47944,1
300755,2
300755,1
328115,2
328115,1
335990,2
335990,1
196723,2
196723,1
365134,2
365134,1
373073,2
373073,1
365135,2
365135,1
366099,2
366099,1
386759,2
386759,1
505228,2
505228,1
373074,2
373074,1
505226,2
505226,1
505227,2
505227,1
253083,2
253083,1
352379,2
352379,1
334672,2
334672,1
282350,2
282350,1
344748,2
344748,1
502037,2
502037,1
39303,2
39303,1
358658,2
358658,1
71574,2
71574,1
352387,2
352387,1
178336,2
178336,1
300037,2
300037,1
373641,2
373641,1
102975,2
102975,1
344750,2
344750,1
270226,2
270226,1
181151,2
181151,1
352391,2
352391,1
212765,2
212765,1
244073,2
244073,1
350708,2
350708,1
69930,2
69930,1
504042,2
504042,1
384620,2
384620,1
384621,2
384621,1
365133,2
365133,1
504513,2
504513,1
380640,2
380640,1
384623,2
384623,1
384624,2
384624,1
384625,2
384625,1
365136,2
365136,1
181210,2
181210,1
52255,2
52255,1
146356,2
146356,1
8618,2
8618,1
8621,2
8621,1
92888,1
161046,2
161046,1
214185,2
214185,1
325645,2
325645,1
101935,2
101935,1
8628,2
8628,1
115202,2
115202,1
375064,2
375064,1
187874,1
516867,1
516874,1
516876,1
142724,1
303117,1
361623,1
303118,1
361624,1
345063,1
303121,1
212767,1
303127,1
303130,1
303131,1
316924,1
303144,1
368978,1
303148,1
303151,1
361625,1
303156,1
314449,1
159195,2
159195,1
292724,1
102200,2
102200,1
93627,1
8691,2
8691,1
127474,1
8723,1
105628,1
121650,1
109382,2
109382,1
48513,1
92280,1
369161,1
43573,1
113777,2
113777,1
505240,2
505240,1
8707,2
8707,1
82279,2
82279,1
178355,1
124768,2
124768,1
44979,1
187291,1
40511,1
8793,2
8793,1
40577,2
40577,1
91999,1
67486,1
252178,1
45834,1
95289,1
222196,1
105136,1
42916,1
67124,1
81656,1
136775,1
50137,1
137173,1
93227,1
326501,1
22655,1
112961,1
91513,1
294827,1
522591,1
269033,1
376893,1
376379,1
506772,1
357098,2
357098,1
356916,2
356921,2
356921,1
356925,2
356928,2
356946,2
356946,1
357001,2
357001,1
356911,2
356911,1
357093,2
217002,2
159312,2
159312,1
357048,2
357048,1
357056,2
357056,1
357032,2
357032,1
361638,2
361638,1
357051,2
357051,1
357055,2
357055,1
357060,2
357060,1
522362,2
40852,1
179646,2
179646,1
233559,1
25705,2
25705,1
113408,1
9159,1
102094,1
68096,1
101836,1
24731,1
526097,2
526097,1
70720,2
70720,1
519303,1
227501,1
49031,1
140189,2
140189,1
108386,2
108386,1
526091,2
526091,1
525968,2
525968,1
174283,2
174283,1
45212,1
166688,2
166688,1
212240,2
212240,1
152636,2
152636,1
89183,2
89183,1
141489,2
141489,1
173135,1
119235,2
119235,1
210737,1
272901,2
272901,1
187211,2
187211,1
128993,1
79404,1
212241,2
212241,1
326095,1
525958,2
525958,1
196508,1
181617,1
109166,2
109166,1
110053,2
110053,1
46592,2
46592,1
352881,2
352881,1
336216,2
336216,1
352883,1
83340,2
83340,1
372699,2
372699,1
378477,2
378477,1
378475,2
378475,1
316609,2
316609,1
64415,1
360281,2
360281,1
269461,2
269461,1
66025,2
66025,1
352884,2
352884,1
103574,2
103574,1
259787,2
259787,1
352885,2
352885,1
66026,1
336217,2
336217,1
76013,2
76013,1
336218,2
336218,1
368924,2
368924,1
300006,2
300006,1
316610,2
316610,1
316611,2
316611,1
300007,1
349802,2
349802,1
360282,2
360282,1
141506,2
141506,1
141508,2
141508,1
519019,1
194143,1
56185,2
56185,1
161120,2
161120,1
85455,2
85455,1
180476,1
128592,2
128592,1
197923,2
197923,1
97411,2
97411,1
44226,2
44226,1
166081,1
42988,2
42988,1
202509,1
156688,2
156688,1
526076,2
526076,1
161125,2
161125,1
315998,2
315998,1
519290,1
195836,2
195836,1
78076,2
78076,1
46354,2
46354,1
102784,2
102784,1
42558,2
42558,1
299614,2
299614,1
164849,1
46138,2
46138,1
56267,2
56267,1
128594,1
94586,2
94586,1
65606,2
65606,1
260337,2
260337,1
70429,2
70429,1
374300,2
374300,1
48432,1
63510,2
63510,1
526039,2
526039,1
172258,2
172258,1
133442,1
53635,1
141523,1
99135,2
99135,1
367367,2
367367,1
260620,2
260620,1
260699,2
260699,1
270573,1
183782,2
183782,1
151435,2
151435,1
141356,2
141356,1
83030,2
83030,1
121636,2
121636,1
362281,2
362281,1
525734,2
525734,1
379010,2
379010,1
519963,1
228480,2
228480,1
525264,2
525264,1
378187,2
378187,1
109109,1
43295,1
141532,2
141532,1
172274,2
172274,1
66006,1
181084,1
525830,2
525830,1
175325,2
175325,1
80357,2
80357,1
151430,2
151430,1
263461,2
263461,1
361019,2
361019,1
158840,1
141533,2
141533,1
119236,2
119236,1
521720,1
261146,2
261146,1
268168,2
268168,1
261215,1
75752,2
75752,1
520670,1
227518,2
227518,1
55744,2
55744,1
129008,2
129008,1
75980,2
75980,1
525973,2
525973,1
261357,2
261357,1
49801,2
49801,1
521657,1
151459,2
151459,1
176351,1
328370,2
328370,1
78695,2
78695,1
316149,2
316149,1
181010,1
518062,1
228491,2
228491,1
261573,2
261573,1
94807,2
94807,1
69937,2
69937,1
228492,2
228492,1
65800,1
106033,2
106033,1
261604,2
261604,1
141543,2
141543,1
93655,2
93655,1
137266,1
50193,2
50193,1
84339,2
84339,1
525241,2
525241,1
151671,2
151671,1
140190,2
140190,1
231566,2
231566,1
231578,2
231578,1
242887,2
242887,1
525291,2
525291,1
261818,2
261818,1
101706,2
101706,1
162547,2
162547,1
163491,2
163491,1
103697,2
103697,1
170292,1
103208,2
103208,1
44855,2
44855,1
124764,2
124764,1
141562,2
141562,1
58823,2
58823,1
520769,1
302036,2
302036,1
47955,1
521556,1
151153,2
151153,1
262024,1
269686,1
132471,2
132471,1
69655,2
69655,1
526050,2
526050,1
161128,2
161128,1
525814,2
525814,1
525711,2
525711,1
228503,1
519089,1
525152,2
525152,1
141570,2
141570,1
141571,2
141571,1
217374,2
217374,1
175954,2
175954,1
78124,1
176054,2
176054,1
74885,1
525338,2
525338,1
195846,2
195846,1
307515,2
307515,1
525770,2
525770,1
262360,2
262360,1
526070,2
526070,1
212079,1
140338,2
140338,1
182967,2
182967,1
131235,2
131235,1
129019,2
129019,1
87649,2
87649,1
262427,1
141576,2
141576,1
76153,2
76153,1
206537,1
520740,1
218875,2
218875,1
250896,2
250896,1
81574,1
262514,1
351123,2
351123,1
314636,2
314636,1
526098,2
526098,1
64612,2
64612,1
518949,1
228512,2
228512,1
81277,2
81277,1
316015,2
316015,1
526025,2
526025,1
61157,1
262603,1
141581,2
141581,1
316016,2
316016,1
111613,2
111613,1
140375,2
140375,1
109654,2
109654,1
77937,1
155717,2
155717,1
52140,2
52140,1
227552,2
227552,1
61287,2
61287,1
307521,2
307521,1
525898,2
525898,1
520376,1
141586,2
141586,1
91073,2
91073,1
163494,2
163494,1
525872,2
525872,1
324635,1
283766,2
283766,1
86516,2
86516,1
90511,2
90511,1
151485,2
151485,1
525959,2
525959,1
324636,2
324636,1
102271,2
102271,1
262949,2
262949,1
161121,2
161121,1
79758,2
79758,1
525749,2
525749,1
526014,2
526014,1
221994,2
221994,1
263083,1
80439,2
80439,1
137269,2
137269,1
263119,2
263119,1
316019,2
316019,1
197924,2
197924,1
71870,2
71870,1
83019,2
83019,1
139631,1
263624,2
263624,1
257900,1
236623,1
285174,2
285174,1
231529,1
74896,2
74896,1
176578,2
176578,1
87640,1
47330,1
240602,2
240602,1
218878,2
218878,1
510837,1
525710,2
525710,1
241072,2
241072,1
319498,2
319498,1
75294,2
75294,1
72703,1
181098,2
181098,1
518437,1
525812,2
525812,1
525755,2
525755,1
132470,2
132470,1
50126,2
50126,1
84302,2
84302,1
176009,2
176009,1
175326,2
175326,1
59503,2
59503,1
316023,2
316023,1
264849,1
518534,1
525682,2
525682,1
162399,1
228199,2
228199,1
518018,1
183559,1
181649,2
181649,1
163492,2
163492,1
141624,2
141624,1
71367,2
71367,1
163493,2
163493,1
517458,1
518606,1
82542,2
82542,1
522022,1
521213,1
519126,1
250304,2
250304,1
525800,2
525800,1
126029,2
126029,1
328365,2
328365,1
525352,2
525352,1
64989,1
367646,2
367646,1
119007,2
119007,1
84729,2
84729,1
520933,1
525234,2
525234,1
286497,2
286497,1
179476,2
179476,1
141637,2
141637,1
228534,1
378995,2
378995,1
265267,2
265267,1
84319,2
84319,1
525922,2
525922,1
521649,1
518414,1
525818,2
525818,1
525845,2
525845,1
285184,2
285184,1
83579,2
83579,1
180211,2
180211,1
209136,1
107940,2
107940,1
141642,1
525686,2
525686,1
151486,1
318176,2
318176,1
58538,2
58538,1
44034,2
44034,1
70222,2
70222,1
57247,2
57247,1
265463,2
265463,1
108742,2
108742,1
228537,2
228537,1
65690,2
65690,1
141647,2
141647,1
77285,2
77285,1
119237,2
119237,1
525772,2
525772,1
521363,1
75803,2
75803,1
265621,2
265621,1
112277,2
112277,1
343012,1
56058,2
56058,1
526130,2
526130,1
212269,2
212269,1
360902,1
168124,2
168124,1
119238,2
119238,1
63785,2
63785,1
231573,2
231573,1
181108,1
42458,1
79578,2
79578,1
140342,2
140342,1
141657,2
141657,1
383236,1
42840,2
42840,1
147787,1
69321,2
69321,1
181109,2
181109,1
525701,2
525701,1
198610,2
198610,1
70446,2
70446,1
81316,1
231571,2
231571,1
333810,2
333810,1
62632,2
62632,1
87750,2
87750,1
378188,2
378188,1
151689,2
151689,1
266220,2
266220,1
266235,2
266235,1
323541,2
323541,1
526046,2
526046,1
161127,2
161127,1
158156,2
158156,1
54465,2
54465,1
119249,2
119249,1
180218,1
96128,2
96128,1
518920,1
110636,2
110636,1
119250,2
119250,1
266408,2
266408,1
85476,1
228546,2
228546,1
92241,2
92241,1
250891,2
250891,1
83956,1
44859,2
44859,1
316036,2
316036,1
318185,2
318185,1
324641,2
324641,1
329273,2
329273,1
266482,2
266482,1
525775,2
525775,1
52536,2
52536,1
43002,2
43002,1
307545,2
307545,1
525907,2
525907,1
228549,2
228549,1
286527,2
286527,1
48449,2
48449,1
119240,2
119240,1
141460,2
141460,1
333963,1
119242,2
119242,1
141680,2
141680,1
249459,2
249459,1
250770,2
250770,1
526063,1
141682,2
141682,1
170989,1
525673,2
525673,1
150842,2
150842,1
76211,1
53074,2
53074,1
57596,2
57596,1
525685,2
525685,1
71932,1
119251,2
119251,1
141687,2
141687,1
103575,2
103575,1
95698,2
95698,1
128608,2
128608,1
266897,2
266897,1
107739,2
107739,1
536312,2
536312,1
520722,1
176579,2
176579,1
241464,1
65110,2
65110,1
108975,2
108975,1
59764,2
59764,1
525926,2
525926,1
74900,2
74900,1
308050,2
308050,1
525884,2
525884,1
318188,2
318188,1
178886,2
178886,1
337428,2
337428,1
378994,2
378994,1
85491,2
85491,1
102444,2
102444,1
520227,1
65529,2
65529,1
59215,1
83135,2
83135,1
109810,1
362286,2
362286,1
51503,2
51503,1
84824,1
525949,2
525949,1
44671,1
526186,2
526186,1
521336,1
525203,2
525203,1
54112,1
65001,2
65001,1
42219,1
104716,2
104716,1
267309,2
267309,1
137272,2
137272,1
112276,2
112276,1
353930,2
353930,1
79343,2
79343,1
285203,2
285203,1
110612,2
110612,1
44356,1
59122,2
59122,1
67668,2
67668,1
181118,2
181118,1
525981,2
525981,1
87833,2
87833,1
521742,1
152650,2
152650,1
383251,2
383251,1
525901,2
525901,1
525309,2
525309,1
227575,2
227575,1
525719,2
525719,1
195861,1
43257,2
43257,1
316044,2
316044,1
212276,2
212276,1
378221,2
378221,1
46816,2
46816,1
102717,2
102717,1
77300,2
77300,1
65557,1
49820,2
49820,1
519413,1
111877,2
111877,1
111807,2
111807,1
520546,1
228569,2
228569,1
65311,2
65311,1
205683,2
205683,1
84759,2
84759,1
80536,1
141716,2
141716,1
75781,2
75781,1
273614,2
273614,1
525847,2
525847,1
186806,2
186806,1
81071,2
81071,1
67826,2
67826,1
141719,2
141719,1
49002,1
105794,2
105794,1
111570,2
111570,1
78797,1
264249,2
264249,1
344359,1
9205,1
159383,2
159383,1
46667,1
271472,1
9226,1
253163,1
9239,1
9240,2
9240,1
101968,1
54375,1
228465,2
228465,1
349400,1
197135,1
48881,2
48881,1
109101,2
109101,1
521738,1
103648,2
103648,1
104616,1
384639,2
384639,1
384641,2
384641,1
525520,2
525520,1
368558,1
196282,1
103638,1
521804,1
112236,2
112236,1
170575,1
99649,1
103361,2
103361,1
114621,2
114621,1
67060,2
67060,1
119243,2
119243,1
253680,1
138704,1
351921,1
209650,1
153513,1
89250,2
89250,1
119244,2
119244,1
109664,2
109664,1
109971,1
108473,2
108473,1
141800,2
141800,1
148145,2
148145,1
54037,1
113578,2
113578,1
104246,1
367771,2
367771,1
192383,2
192383,1
82262,2
82262,1
34133,2
34133,1
119245,2
119245,1
324062,1
34119,2
34119,1
113575,2
113575,1
117528,2
117528,1
60189,1
113576,2
113576,1
48635,2
48635,1
277875,2
277875,1
155595,2
155595,1
166477,1
151694,2
151694,1
151695,2
151695,1
250192,2
250192,1
329230,2
329230,1
329233,2
329233,1
195855,2
195855,1
307873,2
307873,1
155596,2
155596,1
109190,2
109190,1
77188,2
77188,1
88944,2
88944,1
60464,2
60464,1
52574,2
52574,1
99775,2
99775,1
192384,2
192384,1
22914,1
9250,2
9250,1
93688,2
93688,1
141739,2
141739,1
58091,2
58091,1
9256,2
9256,1
238318,1
169497,2
169497,1
306804,2
306804,1
226176,2
226176,1
228158,2
228158,1
209048,2
209048,1
306805,1
223988,1
292251,2
292251,1
92900,2
92900,1
9268,1
223989,2
223989,1
9271,1
9273,1
20229,2
20229,1
73951,2
73951,1
66028,1
9289,1
9294,2
9294,1
231293,2
231293,1
97450,2
97450,1
90754,2
90754,1
138705,1
302067,2
302067,1
101241,1
9319,1
66611,2
66611,1
95372,1
121458,1
9324,1
142603,2
142603,1
9326,2
9326,1
58239,2
58239,1
95600,2
95600,1
92302,2
92302,1
9328,2
9328,1
95370,2
95370,1
198420,2
198420,1
141761,2
141761,1
22340,2
22340,1
368580,1
110748,2
110748,1
9352,2
9352,1
118605,2
118605,1
9355,2
9355,1
84937,2
84937,1
112242,2
112242,1
120567,2
120567,1
130991,2
130991,1
181321,2
181321,1
92024,2
92024,1
61146,1
67754,2
67754,1
155143,2
155143,1
112972,2
112972,1
58101,2
58101,1
158158,2
158158,1
98339,2
98339,1
61158,1
112974,2
112974,1
81113,1
228265,1
77451,2
77451,1
91014,2
91014,1
69922,1
196996,2
196996,1
384647,2
384647,1
94076,2
94076,1
55421,2
55421,1
382708,1
156514,2
156514,1
119247,2
119247,1
119248,2
119248,1
241368,2
241368,1
68794,2
68794,1
93029,2
93029,1
83202,2
83202,1
71253,2
71253,1
220905,2
220905,1
81808,2
81808,1
267314,2
267314,1
92284,2
92284,1
272536,2
272536,1
111222,2
111222,1
116155,2
116155,1
113957,2
113957,1
9366,2
9366,1
94160,2
94160,1
117749,1
97490,1
91360,1
9380,1
44899,2
44899,1
9387,2
9387,1
9397,2
9397,1
139963,2
139963,1
323547,2
323547,1
97508,2
97508,1
102406,2
102406,1
179484,2
179484,1
166486,2
166486,1
101400,1
103340,2
103340,1
9405,2
9405,1
154520,2
154520,1
522036,2
522036,1
303206,1
117777,2
117777,1
280371,2
280371,1
9674,1
109735,1
9702,1
75013,2
75013,1
186808,2
186808,1
207487,2
207487,1
138635,1
53810,1
42485,1
523474,1
284128,1
526020,2
526020,1
61000,2
61000,1
350994,2
350994,1
244928,1
110161,2
110161,1
172458,2
172458,1
314039,1
83783,2
83783,1
367773,2
367773,1
59812,1
73148,2
73148,1
504580,1
70316,2
283381,2
283381,1
47141,2
47141,1
47142,2
47142,1
77224,2
85050,2
61980,2
61980,1
283358,2
283358,1
58384,2
58384,1
521721,1
316998,2
316998,1
108283,2
108283,1
259064,2
259064,1
316741,2
316741,1
210889,2
210889,1
243486,2
243486,1
183198,2
183198,1
99489,2
99489,1
216356,2
216356,1
358852,2
358852,1
208318,1
90830,2
90830,1
322091,2
78532,2
78532,1
89833,2
316999,2
108244,2
108244,1
521569,1
81817,2
81817,1
194963,1
384668,1
322092,2
322092,1
317398,2
317398,1
316742,2
316742,1
536125,2
536125,1
384667,1
536812,2
536812,1
296757,2
296757,1
334812,2
334812,1
384669,1
155068,2
155068,1
91489,2
279104,1
327993,2
216028,2
83293,2
83293,1
98075,2
142546,2
142546,1
51397,2
331285,2
331285,1
376995,2
376995,1
365183,2
365183,1
377234,2
377234,1
100146,2
100146,1
221943,2
221943,1
370956,2
370956,1
331306,2
331306,1
313896,2
313896,1
365184,2
365184,1
375961,2
375961,1
103967,2
103967,1
178357,2
178357,1
87671,2
87671,1
236188,2
236188,1
253852,2
253852,1
100350,1
112061,2
112061,1
291154,1
43405,1
211634,1
247936,1
314037,1
82334,1
368923,2
368923,1
83784,1
22899,1
9765,2
9765,1
67763,1
134907,2
134907,1
137797,2
137797,1
9767,2
9767,1
220558,2
220558,1
9778,1
9779,1
85947,1
337985,1
93959,2
93959,1
68151,2
68151,1
89214,2
89214,1
9860,2
9860,1
75050,2
75050,1
198437,1
101693,1
292845,2
292845,1
196420,1
327551,1
166697,1
229309,1
197138,1
175774,1
287693,1
100239,1
287931,1
201925,1
319572,1
117183,1
324109,2
324109,1
269229,1
306994,1
329312,1
163301,1
61298,1
150725,1
69265,1
180353,2
180353,1
169619,1
48571,1
153814,1
201593,1
209513,1
97556,2
97556,1
48239,1
59016,1
363673,1
210795,1
76707,2
76707,1
218196,1
536484,2
536484,1
523343,2
523343,1
62534,2
62534,1
335639,1
379486,1
253643,1
299834,1
307110,1
335738,1
291704,1
74281,1
296397,1
157679,1
327874,1
218051,1
100453,1
197620,1
218052,1
32804,2
32804,1
42887,1
64858,1
316692,1
194797,1
192867,1
84815,1
327304,1
325143,1
356293,1
298104,1
73156,1
116271,1
105038,1
63102,1
382540,1
94524,1
511294,1
57080,1
94658,2
94658,1
10004,2
10004,1
296595,2
296595,1
268906,2
268906,1
169504,2
169504,1
224095,2
224095,1
103054,2
103054,1
306471,2
306471,1
10064,2
10064,1
87127,2
87127,1
56246,2
56246,1
84510,2
84510,1
106356,2
106356,1
51130,2
51130,1
211595,2
211595,1
254787,1
297866,2
297866,1
251884,1
10071,1
197218,1
196544,1
190988,1
190987,1
10096,1
197732,1
268829,2
268829,1
10099,2
10099,1
359784,1
343928,1
506936,1
342392,1
328299,1
252580,1
229137,1
98752,1
297347,1
224103,1
375290,1
333811,1
331282,1
90782,1
363352,1
371648,1
328808,1
260642,1
500609,1
331281,1
355355,1
371104,1
371147,1
133048,1
383380,1
374927,1
90707,1
257740,1
50367,1
311036,1
344501,1
312565,1
371137,1
360559,1
374929,1
62581,1
278068,1
375298,1
367779,1
506937,1
90726,1
221595,1
351611,1
375300,1
375301,1
375303,1
375305,1
275332,1
308812,1
275335,1
326496,1
67232,1
344507,1
115579,1
85718,1
113837,1
369301,1
178231,1
275568,1
269873,1
313016,1
257985,1
377003,1
374931,1
375962,1
257739,1
371191,1
355216,1
107018,1
351626,1
345436,1
344511,1
305057,1
179907,1
238022,1
297282,1
213979,1
177176,1
147489,1
340925,1
182725,1
209138,1
367780,1
351328,1
275387,1
235374,1
326101,1
375318,1
371669,1
112945,1
258015,1
337464,1
252590,1
311455,1
241771,1
375321,1
258019,1
358856,1
356275,1
45453,1
135235,1
371103,1
371148,1
355354,1
359175,1
10151,1
92383,1
212565,1
255040,1
107186,1
10201,1
358773,1
10216,1
361048,1
22865,1
10234,1
10253,1
23037,1
224135,1
10267,2
10267,1
94149,1
10280,2
10280,1
534871,2
534871,1
534157,2
534157,1
10284,2
10284,1
10285,2
10285,1
286944,2
286944,1
120604,2
120604,1
71750,2
71750,1
85500,2
85500,1
299918,2
299918,1
10291,2
10291,1
55263,2
55263,1
58211,2
58211,1
319295,2
319295,1
159598,1
82859,1
60974,2
60974,1
212183,2
212183,1
53342,2
53342,1
58463,1
270584,2
270584,1
190584,2
190584,1
96062,2
96062,1
242441,1
199961,2
199961,1
191843,2
191843,1
179064,2
179064,1
67724,2
67724,1
85914,2
85914,1
197303,1
90393,2
90393,1
86643,1
60865,2
60865,1
522360,1
10394,2
10394,1
229769,1
336523,1
352454,1
231206,1
152142,1
119988,2
119988,1
64200,2
64200,1
92412,1
154431,2
154431,1
25633,2
25633,1
118460,2
118460,1
519257,2
519257,1
384676,2
384676,1
168680,2
168680,1
128253,2
128253,1
90532,2
90532,1
113394,2
113394,1
195578,2
195578,1
25671,1
198439,2
198439,1
81030,1
280912,1
375964,1
231199,2
231199,1
231204,2
231204,1
231205,2
231205,1
256822,2
256822,1
231207,2
231207,1
359116,2
359116,1
345066,1
231198,2
231198,1
229761,2
229761,1
231214,2
231214,1
231184,1
506719,1
506572,1
506623,1
26076,2
26076,1
384677,1
384678,1
135360,2
135360,1
229763,1
345065,1
242187,2
242187,1
506686,1
506545,1
505406,1
10555,2
10555,1
248688,1
237815,1
85006,2
85006,1
149030,2
149030,1
126534,2
126534,1
529147,1
193243,1
237818,1
94101,2
94101,1
202272,2
202272,1
178146,1
110034,2
110034,1
202273,2
202273,1
175173,1
86359,2
86359,1
45712,2
45712,1
50311,2
50311,1
251479,2
251479,1
373163,1
339513,1
324022,1
511380,1
525980,1
24038,2
24038,1
197736,1
194178,1
159640,2
159640,1
128275,2
128275,1
212865,2
212865,1
10577,2
10577,1
54087,2
54087,1
58046,2
58046,1
51793,2
51793,1
138522,2
138522,1
87304,2
87304,1
196545,2
196545,1
195900,2
195900,1
10600,1
219764,1
56144,1
126034,1
359380,1
19807,2
19807,1
88271,2
88271,1
10603,2
10603,1
116327,2
116327,1
62435,1
293209,1
10605,2
10605,1
215135,2
215135,1
216347,2
216347,1
194188,2
194188,1
138716,1
293207,1
71559,1
294263,1
26093,2
26093,1
314617,2
314617,1
229904,2
229904,1
227785,2
227785,1
76986,1
137440,1
77007,2
77007,1
239687,1
60229,1
45228,1
25466,2
25466,1
113966,1
91828,1
61125,2
61125,1
136655,2
136655,1
226851,2
226851,1
10642,2
10642,1
102703,2
102703,1
97898,2
97898,1
44122,2
44122,1
81686,2
81686,1
135423,1
180795,2
180795,1
111066,2
111066,1
51160,1
84209,2
84209,1
22219,1
220064,1
325435,1
106172,1
268970,1
10797,2
10797,1
193653,2
193653,1
90820,2
90820,1
253378,1
238293,1
82711,1
48284,1
118975,1
194225,1
334147,1
175001,1
174993,1
240754,1
153112,1
286273,1
194492,1
294753,1
294752,1
337998,1
111201,1
108810,1
102187,1
81570,1
139004,1
293210,1
64377,2
64377,1
205465,2
205465,1
388788,2
388788,1
273900,2
273900,1
11040,1
241024,1
189961,2
189961,1
69278,2
69278,1
319017,2
319017,1
136893,2
136893,1
100475,2
100475,1
319018,2
319018,1
159816,2
159816,1
523599,2
523599,1
11143,2
11143,1
46734,1
533419,2
533419,1
86198,2
86198,1
279653,2
279653,1
11170,2
11170,1
187256,2
187256,1
270588,2
270588,1
241096,2
241096,1
86082,2
86082,1
80050,2
80050,1
69183,2
69183,1
525192,1
89264,2
89264,1
344247,2
344247,1
75448,2
75448,1
524476,1
524519,1
176983,2
176983,1
118742,2
118742,1
118190,2
118190,1
110115,2
110115,1
372780,2
372780,1
372781,2
372781,1
70207,2
70207,1
46984,2
46984,1
54221,2
54221,1
79680,2
79680,1
103605,2
103605,1
116634,2
116634,1
524561,1
52264,2
52264,1
61537,2
61537,1
104430,2
104430,1
85669,2
85669,1
74042,2
74042,1
116636,2
116636,1
120203,2
120203,1
52990,2
52990,1
67779,2
67779,1
249891,2
249891,1
120204,2
120204,1
11181,2
11181,1
11184,2
11184,1
224277,2
224277,1
180337,2
180337,1
169166,2
169166,1
195779,2
195779,1
120209,2
120209,1
367356,2
367356,1
352118,2
352118,1
336044,2
336044,1
120210,2
120210,1
120217,2
120217,1
154320,2
154320,1
120225,2
120225,1
187271,2
187271,1
11203,1
301062,1
11211,2
11211,1
170542,2
170542,1
91092,1
120922,2
120922,1
74664,2
74664,1
108645,2
108645,1
511600,2
511600,1
89387,2
89387,1
180372,2
180372,1
218918,2
218918,1
136619,2
136619,1
120767,2
120767,1
294236,2
294236,1
120934,2
120934,1
280381,2
280381,1
167008,1
87332,2
87332,1
109293,1
307659,2
307659,1
77868,2
77868,1
67975,2
67975,1
183633,1
52581,1
120147,2
120147,1
165764,2
165764,1
11344,2
11344,1
324481,1
504328,2
504328,1
202303,2
202303,1
167935,2
167935,1
302109,1
237566,1
307337,2
307337,1
226778,2
226778,1
242641,2
242641,1
254590,2
254590,1
174891,2
174891,1
360284,2
360284,1
362678,2
362678,1
72558,2
72558,1
11497,2
11497,1
113331,2
113331,1
61067,2
61067,1
335462,2
335462,1
66115,2
66115,1
345383,2
345383,1
66178,2
66178,1
518517,2
518517,1
11502,2
11502,1
359931,2
359931,1
326001,2
326001,1
212043,2
212043,1
58041,2
58041,1
11504,2
11504,1
112239,2
112239,1
67737,2
67737,1
270994,2
270994,1
271527,2
271527,1
249806,2
249806,1
219160,2
219160,1
243646,2
243646,1
108725,2
108725,1
152753,2
152753,1
57765,2
57765,1
135003,2
135003,1
179933,2
179933,1
210479,2
210479,1
274084,1
126570,1
56079,1
503796,1
103187,1
387439,1
303937,1
11573,1
11724,1
270589,2
270589,1
82519,2
82519,1
170073,2
170073,1
76938,1
104768,2
104768,1
43240,1
58730,1
82520,2
82520,1
116639,2
116639,1
131077,2
131077,1
102429,2
102429,1
386421,2
386421,1
386423,2
386423,1
386427,2
386427,1
386695,2
386695,1
386698,2
386698,1
386700,2
386700,1
386729,2
386729,1
386711,2
386711,1
386443,2
386443,1
386444,2
386444,1
386447,2
386447,1
386725,2
386725,1
386701,2
386701,1
386696,2
386696,1
386699,2
386699,1
386712,2
386712,1
386730,2
386730,1
62868,1
25533,2
25533,1
25145,2
25145,1
125377,2
125377,1
91381,2
91381,1
124690,1
524327,1
309454,1
68206,1
41899,1
49538,2
49538,1
60428,2
60428,1
67512,2
67512,1
67222,2
67222,1
71956,2
71956,1
51677,2
51677,1
360047,2
360047,1
121891,2
121891,1
41749,2
41749,1
79411,2
79411,1
11919,2
11919,1
76433,2
76433,1
116722,2
116722,1
89180,2
89180,1
118290,2
118290,1
512602,1
308218,2
308218,1
53721,2
53721,1
11976,1
67738,1
280048,1
11999,2
11999,1
56146,1
70266,1
284882,1
80525,1
332141,1
196520,1
316049,1
150807,1
316056,1
327482,1
55058,1
53636,1
55364,1
111341,1
316051,1
56093,1
219589,1
72668,1
219611,1
307697,1
67125,1
134911,1
53570,1
59832,1
12179,1
285434,2
285434,1
315252,2
315252,1
366636,2
366636,1
366637,2
366637,1
271608,2
271608,1
47941,2
47941,1
359087,2
359087,1
368056,2
368056,1
366115,1
366219,2
366219,1
366228,2
366228,1
366270,2
366270,1
366373,2
366373,1
366388,2
366388,1
517817,2
517817,1
366454,2
366454,1
366499,2
366499,1
366507,2
366507,1
366528,2
366528,1
366533,2
366533,1
366789,2
366789,1
366793,2
366793,1
364742,2
364742,1
73109,1
216529,2
216529,1
115877,2
115877,1
226734,2
226734,1
221599,2
221599,1
50405,2
50405,1
47333,2
47333,1
83221,2
83221,1
55308,2
55308,1
253197,2
253197,1
50943,2
50943,1
298412,2
298412,1
53140,2
53140,1
12288,2
12288,1
12304,2
12304,1
12351,2
12351,1
206069,2
206069,1
82273,1
59357,1
79890,1
116237,1
83501,1
119280,1
190310,1
101431,1
12387,1
224453,1
67676,1
58518,1
211711,1
43532,1
84982,2
84982,1
43919,2
43919,1
52980,2
52980,1
129843,2
129843,1
271611,1
99809,2
99809,1
226740,2
226740,1
46091,2
46091,1
69152,2
69152,1
57805,2
57805,1
54748,2
54748,1
53326,2
53326,1
66297,2
66297,1
186836,2
186836,1
271892,2
271892,1
359467,2
359467,1
73585,2
73585,1
190291,2
190291,1
306960,2
306960,1
346911,2
346911,1
142987,1
109796,2
109796,1
55164,2
55164,1
58395,2
58395,1
89434,2
89434,1
221098,2
221098,1
94480,2
94480,1
59076,2
59076,1
96560,2
96560,1
316395,2
316395,1
112739,2
112739,1
44518,2
44518,1
53574,1
59077,2
59077,1
226741,2
226741,1
504918,2
504918,1
260764,2
260764,1
226541,2
226541,1
324596,2
324596,1
226742,2
226742,1
300256,2
300256,1
97126,2
97126,1
58280,2
58280,1
98542,2
98542,1
54280,2
54280,1
380515,1
380517,1
380518,1
226542,2
226542,1
224475,2
224475,1
50157,1
152354,2
152354,1
96971,2
96971,1
109020,2
109020,1
84025,2
84025,1
286108,2
286108,1
371674,1
318941,2
318941,1
57085,2
57085,1
124520,2
124520,1
57086,2
57086,1
42268,2
42268,1
51319,2
51319,1
65884,2
65884,1
77352,2
77352,1
253206,2
253206,1
69856,2
69856,1
195829,2
195829,1
91204,2
91204,1
226743,2
226743,1
226744,2
226744,1
55251,2
55251,1
109585,2
109585,1
253207,2
253207,1
57049,2
57049,1
62970,2
62970,1
79703,2
79703,1
297350,2
297350,1
252019,1
60827,2
60827,1
387379,2
387379,1
83799,2
83799,1
93100,2
93100,1
320871,2
320871,1
310706,2
310706,1
78944,2
78944,1
227800,2
227800,1
196177,2
196177,1
152998,2
152998,1
191191,2
191191,1
191192,2
191192,1
152999,2
152999,1
287101,1
227801,2
227801,1
153002,2
153002,1
227802,2
227802,1
153004,2
153004,1
153005,2
153005,1
153006,2
153006,1
197729,2
197729,1
227803,2
227803,1
227804,2
227804,1
339764,2
339764,1
318543,2
318543,1
153010,2
153010,1
162416,2
162416,1
191193,2
191193,1
162406,2
162406,1
298382,2
298382,1
191194,2
191194,1
339774,2
339774,1
162414,2
162414,1
194313,2
194313,1
162404,2
162404,1
163860,2
163860,1
153012,2
153012,1
227805,2
227805,1
316744,2
316744,1
42185,2
42185,1
128951,2
128951,1
91495,2
91495,1
224487,2
224487,1
324844,2
324844,1
44142,1
105193,2
105193,1
331613,2
331613,1
52998,2
52998,1
68073,2
68073,1
61638,2
61638,1
65885,2
65885,1
275950,2
275950,1
80875,2
80875,1
47310,2
47310,1
49363,2
49363,1
54078,2
54078,1
87793,2
87793,1
140038,1
67036,2
67036,1
42948,2
42948,1
79704,2
79704,1
79705,2
79705,1
89778,2
89778,1
95781,2
95781,1
81945,1
75884,2
75884,1
298383,2
298383,1
95191,2
95191,1
253208,2
253208,1
248656,2
248656,1
258801,2
258801,1
298384,2
298384,1
90054,2
90054,1
113469,2
113469,1
224490,2
224490,1
345237,2
345237,1
196338,2
196338,1
325147,2
325147,1
226745,2
226745,1
65754,2
65754,1
73880,1
211553,2
211553,1
169971,2
169971,1
231316,2
231316,1
142547,2
142547,1
135098,2
135098,1
135099,2
135099,1
154760,2
154760,1
310705,2
310705,1
322030,2
322030,1
380516,1
306892,1
380519,1
84904,1
12434,2
12434,1
12440,2
12440,1
224492,2
224492,1
94702,2
94702,1
12449,2
12449,1
367669,1
139980,2
139980,1
279246,1
47812,2
47812,1
501778,2
501778,1
502580,2
502580,1
171691,2
171691,1
66754,1
77364,1
224493,2
224493,1
224494,2
224494,1
271613,1
33479,2
33479,1
12465,2
12465,1
72814,2
72814,1
70121,2
70121,1
99178,2
99178,1
224497,2
224497,1
33480,2
33480,1
12460,2
12460,1
311847,1
342386,2
342386,1
342937,2
342937,1
376264,2
376264,1
345008,2
345008,1
351092,2
351092,1
116282,2
116282,1
514450,2
514450,1
255724,2
255724,1
136313,2
136313,1
376306,2
376306,1
50281,2
50281,1
64992,2
64992,1
47092,2
47092,1
49200,2
49200,1
351842,2
351842,1
224502,2
224502,1
64701,2
64701,1
531192,1
522675,1
522657,1
522788,1
368067,1
12617,1
119647,1
259201,2
216995,2
279659,2
279659,1
12689,1
212457,1
279624,2
279624,1
522887,2
522887,1
279623,2
279623,1
12691,2
12691,1
210152,2
210152,1
504839,2
504839,1
12709,2
12709,1
319888,2
319888,1
252005,2
252005,1
296643,2
296643,1
306961,2
306961,1
273524,2
273524,1
521167,2
521167,1
521149,2
521149,1
153784,2
153784,1
12711,2
12711,1
85220,2
85220,1
49019,2
49019,1
97818,2
97818,1
101720,2
101720,1
175184,2
175184,1
150435,2
150435,1
225997,2
225997,1
105104,2
105104,1
100095,2
100095,1
116708,2
116708,1
57949,2
57949,1
137058,2
137058,1
64593,2
64593,1
95328,2
95328,1
70997,2
70997,1
343803,2
343803,1
339524,2
339524,1
70752,2
70752,1
184195,2
184195,1
184197,2
184197,1
72974,2
72974,1
91405,2
91405,1
50917,2
50917,1
248773,2
248773,1
298520,2
298520,1
316555,2
316555,1
135980,2
135980,1
91520,2
91520,1
298148,2
298148,1
336285,2
336285,1
124816,2
124816,1
102108,2
102108,1
47711,2
47711,1
184213,2
184213,1
53476,2
53476,1
309935,2
309935,1
103892,2
103892,1
510747,2
510747,1
74314,2
74314,1
525642,2
525642,1
44787,2
44787,1
270754,2
270754,1
211840,2
211840,1
138494,2
138494,1
92188,2
92188,1
62805,2
62805,1
272939,2
272939,1
49659,2
49659,1
343378,2
343378,1
54046,2
54046,1
265992,2
265992,1
115888,2
115888,1
68986,2
68986,1
56967,2
56967,1
294051,2
294051,1
359137,2
359137,1
306910,2
306910,1
306908,2
306908,1
358733,2
358733,1
43782,2
43782,1
265993,2
265993,1
184220,2
184220,1
209144,2
209144,1
98606,2
98606,1
120500,2
120500,1
503762,1
504075,1
504120,1
504224,1
504393,1
504491,1
503884,1
504442,1
504369,1
51156,1
286945,1
219766,1
12881,1
134799,1
116942,2
116942,1
168483,1
101796,1
254538,1
60174,1
102370,2
102370,1
46891,2
46891,1
96263,2
96263,1
80533,2
80533,1
116720,1
86717,1
280018,1
280019,1
13262,1
228773,1
201926,1
69482,1
108868,2
108868,1
59462,2
59462,1
55061,2
55061,1
13380,2
13380,1
130509,2
130509,1
104892,2
104892,1
213912,2
213912,1
59294,2
59294,1
117560,2
117560,1
343630,2
343630,1
343204,2
343204,1
47859,2
47859,1
96346,2
96346,1
105239,2
105239,1
169930,2
169930,1
100522,2
100522,1
59434,2
59434,1
44658,2
44658,1
13391,2
13391,1
122460,2
122460,1
363800,2
363800,1
214960,2
214960,1
115423,2
115423,1
182797,2
182797,1
13405,1
73765,1
42568,1
13406,1
171646,1
219494,1
274659,1
101437,1
88952,1
13415,1
51919,1
84179,1
175269,1
44819,1
127348,1
117317,1
44820,1
226855,1
334492,1
13420,1
251956,1
241413,1
42562,1
263327,1
114674,1
168740,1
45722,1
64357,1
242807,1
45884,2
45884,1
134914,2
134914,1
13442,2
13442,1
13447,2
13447,1
93035,1
13453,1
95736,1
224611,1
220835,2
220835,1
300435,2
300435,1
56032,2
56032,1
42600,2
42600,1
58701,2
58701,1
273137,2
273137,1
83001,1
20076,2
20076,1
207824,2
207824,1
285805,2
285805,1
285059,2
285059,1
13772,2
13772,1
13779,2
13779,1
75168,1
126542,2
126542,1
168396,1
271636,2
271636,1
212593,1
211819,1
505086,1
90564,2
90564,1
116049,2
116049,1
23854,2
23854,1
115728,2
115728,1
13860,2
13860,1
91331,2
91331,1
534068,2
534068,1
219639,2
219639,1
100581,1
20808,2
20808,1
13909,1
251460,2
251460,1
181961,1
112744,2
112744,1
151408,2
151408,1
195780,1
180490,2
180490,1
271304,1
14335,2
14335,1
97224,1
122352,1
50360,2
50360,1
233587,2
233587,1
64389,2
64389,1
205742,2
205742,1
102020,2
102020,1
73869,2
73869,1
217981,2
217981,1
295560,2
295560,1
135764,2
135764,1
153945,2
153945,1
322712,1
145334,1
319434,1
376918,1
284368,1
139702,1
203426,1
386956,1
118515,1
126496,1
126938,2
126938,1
44891,1
377667,1
218459,1
127716,1
348010,1
150744,1
39648,1
500666,1
147174,1
171327,1
203373,1
203367,1
275263,2
275263,1
309882,1
337755,1
94576,1
67093,2
67093,1
162456,1
127667,1
126979,1
120565,2
120565,1
505137,1
376956,1
129584,2
129584,1
218076,1
139474,1
61587,1
322801,1
283499,1
306049,1
339377,1
357994,1
176176,1
347555,1
518346,2
518346,1
519617,2
519617,1
527335,2
527335,1
520734,2
520734,1
519927,2
519927,1
145583,1
519618,2
519618,1
500664,1
312184,1
502436,1
176178,2
176178,1
127671,1
128764,1
92605,1
118585,1
128172,1
119878,2
119878,1
248831,2
248831,1
120968,1
179663,1
179658,1
127539,1
128775,1
300678,1
15981,1
330717,1
203216,1
361059,1
378162,1
500674,1
333362,1
330738,1
301283,1
127066,2
127066,1
164141,1
302713,1
145159,1
118492,1
348308,1
118401,1
130007,1
118489,1
164495,1
285544,2
285544,1
89143,1
360987,1
346230,1
97179,2
97179,1
228008,1
129591,1
90548,1
302678,1
311331,1
321840,1
346214,1
250346,2
250346,1
318078,1
214584,1
263285,1
98491,1
73027,1
219850,1
287497,1
247596,1
145595,1
139627,1
286827,2
286827,1
120973,1
281370,2
281370,1
360054,1
312185,1
332037,1
322803,1
360060,1
218131,1
388174,1
376270,1
280497,1
157632,1
162254,1
203429,1
127929,1
133823,1
113121,1
103386,1
370813,1
376957,1
218460,1
201638,1
345541,1
137889,1
384802,1
218124,1
347569,1
91324,1
330718,1
118587,1
376273,1
388279,1
161150,1
95951,1
309247,1
218077,1
349020,1
522454,1
168013,1
104402,1
91049,1
332003,1
359937,1
349136,1
133963,1
96040,1
347567,1
39807,2
39807,1
112924,1
330739,1
118586,1
130353,2
130353,1
530426,1
322730,1
312186,1
139525,2
139525,1
501179,1
347568,1
508025,1
139518,1
271811,2
271811,1
360988,1
247597,1
280833,1
90880,1
308221,1
360678,1
316584,1
164496,1
95962,1
113316,1
322796,1
98723,1
316264,1
118493,1
113123,1
388278,1
292859,1
120560,2
120560,1
322802,1
311330,1
330769,1
202749,1
212334,2
212334,1
323993,1
99642,2
99642,1
139463,1
215770,1
219849,1
376287,1
45797,1
148254,1
345554,1
519064,2
519064,1
518196,2
518196,1
518236,2
518236,1
527198,2
527198,1
104962,2
104962,1
209931,1
209932,1
202111,1
249332,2
249332,1
120974,1
113319,1
388283,1
181535,1
319435,1
203365,1
388275,1
388276,1
231375,1
95828,2
95828,1
348011,1
333589,1
141051,2
141051,1
177604,1
203371,1
536597,1
382937,1
517882,1
255100,1
376239,1
170465,1
517883,1
282635,1
358800,2
358800,1
242011,2
242011,1
334879,1
307119,2
307119,1
115172,1
347370,1
347373,1
347372,1
347371,1
142293,2
142293,1
359381,2
359381,1
370674,2
370674,1
98948,2
98948,1
25146,2
25146,1
359382,2
359382,1
367803,2
367803,1
16156,2
16156,1
298522,2
298522,1
510942,2
510942,1
517682,2
517682,1
136951,2
136951,1
375218,2
375218,1
163666,2
163666,1
58880,2
58880,1
225321,2
225321,1
180325,2
180325,1
44596,2
44596,1
182541,2
182541,1
285289,2
285289,1
16170,2
16170,1
210908,2
210908,1
521323,2
521323,1
526381,2
526381,1
352030,2
352030,1
287896,1
369438,2
369438,1
306318,1
382792,2
382792,1
386877,2
386877,1
310650,2
310650,1
368939,2
368939,1
380569,2
380569,1
299637,1
373927,2
373927,1
256879,2
256879,1
521148,2
521148,1
526548,1
333511,1
526262,2
526262,1
526524,1
526525,1
518310,1
371574,1
351156,2
351156,1
382660,1
334886,1
306974,2
306974,1
301186,1
139835,1
314622,2
314622,1
336738,2
336738,1
272689,1
227321,1
45289,1
203961,2
203961,1
227242,1
360227,2
360227,1
321695,2
321695,1
353108,1
376708,1
353085,1
521676,2
521676,1
517890,2
517890,1
517892,2
517892,1
375931,2
375931,1
517893,2
517893,1
211920,2
211920,1
135568,2
135568,1
211919,1
137093,1
180979,2
180979,1
376618,2
376618,1
333199,1
345331,1
300447,2
300447,1
376135,1
383994,1
376136,1
518751,1
16310,2
16310,1
77410,2
77410,1
16315,2
16315,1
16316,1
308302,1
375072,1
16317,2
16317,1
16320,1
153514,1
215213,1
16328,1
92763,1
128446,1
124766,1
142599,1
517145,1
16333,1
285938,1
334646,2
334646,1
227716,2
227716,1
521713,2
521713,1
374616,2
374616,1
526271,2
526271,1
526224,2
526224,1
368265,1
165786,1
79855,2
79855,1
134918,2
134918,1
176723,1
166315,1
150682,1
231244,1
214891,1
505579,1
226673,2
226673,1
226674,1
49424,1
60176,2
60176,1
284967,2
284967,1
147585,2
147585,1
269850,2
269850,1
132931,2
132931,1
521176,2
521176,1
86129,2
86129,1
78745,1
117545,1
91515,1
16364,2
16364,1
245906,2
245906,1
119289,2
119289,1
75720,2
75720,1
300264,1
190480,2
190480,1
195018,2
195018,1
235376,2
235376,1
273639,2
273639,1
286338,2
286338,1
273637,2
273637,1
100935,2
100935,1
16365,2
16365,1
74360,2
74360,1
209049,2
209049,1
16367,1
384076,2
384076,1
384192,1
386351,2
386351,1
386656,2
386656,1
16368,1
500071,1
317058,2
317058,1
301134,1
523543,2
523543,1
299516,2
299516,1
16376,2
16376,1
69251,1
94072,1
43562,1
121061,2
121061,1
383697,2
383697,1
383699,2
383699,1
523789,2
523789,1
523852,2
523852,1
134570,1
522268,2
522268,1
342565,1
526249,2
526249,1
290702,1
521909,2
521909,1
304975,1
336573,1
304973,1
121815,1
304974,1
320200,1
215219,2
215219,1
215218,1
521624,2
521624,1
342442,1
181790,1
96907,2
96907,1
48547,2
48547,1
113680,2
113680,1
86212,2
86212,1
116997,2
116997,1
215220,2
215220,1
44585,2
44585,1
217102,2
217102,1
318232,2
318232,1
368428,2
368428,1
316696,2
316696,1
369000,2
369000,1
511889,2
511889,1
368904,2
368904,1
164127,2
164127,1
228361,2
228361,1
521639,2
521639,1
166635,2
166635,1
175445,2
175445,1
299797,2
299797,1
297307,1
297305,1
368986,1
16432,1
16441,2
16441,1
171821,2
171821,1
66191,2
66191,1
87539,2
87539,1
311045,1
333165,1
342083,1
303911,1
111431,1
101467,1
139268,1
126158,1
16470,1
96343,1
16475,1
52822,1
45599,1
376475,1
349386,1
149105,2
149105,1
320199,2
320199,1
181510,2
186858,2
186858,1
103129,2
103129,1
51023,2
316389,2
316389,1
97845,2
286941,1
16772,2
16772,1
25147,2
25147,1
53249,2
53249,1
76374,1
51752,1
523658,2
523658,1
280007,1
70437,1
254549,1
280005,1
225566,1
209402,1
502595,1
178756,1
16817,1
77136,1
76437,1
221258,1
16818,1
352926,1
195139,1
52823,1
82356,1
200031,1
176877,1
94123,1
190706,1
62635,1
87481,1
96106,1
76669,1
134607,1
151089,1
24355,1
359808,1
121619,2
121619,1
82610,2
82610,1
16904,2
16904,1
80657,2
80657,1
68377,2
68377,1
42076,2
42076,1
113987,2
113987,1
89708,2
270087,2
270087,1
256364,2
44635,2
220769,2
220769,1
111050,2
275023,2
209802,2
209802,1
103544,2
103544,1
113332,2
113332,1
106354,2
106354,1
256516,2
256516,1
117384,2
56378,2
263713,2
263713,1
301980,2
301980,1
161201,2
161201,1
118891,2
226376,2
42658,2
194763,2
194763,1
17013,2
17013,1
108580,2
108580,1
119001,2
80943,2
17014,2
255130,2
255130,1
118907,2
118907,1
253769,2
253769,1
275630,2
275630,1
64514,2
64514,1
246448,2
246448,1
110421,2
110421,1
17017,2
17017,1
269642,2
269642,1
254084,2
254084,1
137962,2
137962,1
208733,2
208733,1
142100,2
142100,1
24474,2
24474,1
65936,2
65936,1
47381,1
363544,1
298421,1
17237,1
315875,2
315875,1
24960,1
167976,1
71003,2
71003,1
44935,2
44935,1
65501,2
65501,1
81144,1
238233,1
68571,1
89406,1
76047,1
71986,2
71986,1
51671,2
51671,1
91928,2
91928,1
17304,1
225599,1
179057,1
517907,1
518055,1
518088,2
518088,1
518065,2
518065,1
105493,2
17328,1
293208,1
293121,2
293121,1
517995,2
517995,1
387428,2
387428,1
518048,2
518048,1
97851,2
97851,1
174529,1
100957,2
48408,2
17371,1
58053,1
17387,1
98040,1
17398,2
17398,1
17418,1
17419,1
22008,1
17422,1
17425,1
52587,1
53291,1
57175,1
72950,1
211562,1
80168,1
81747,1
83433,1
96480,2
68863,2
17496,2
17496,1
344939,2
344939,1
99171,2
388761,1
304426,1
221442,1
387388,1
302687,2
302687,1
525661,2
525661,1
79223,2
79223,1
57920,2
57920,1
382185,1
359812,2
359812,1
17715,2
17715,1
151414,1
115894,2
115894,1
91593,2
50675,2
50675,1
129751,2
129751,1
202746,2
202746,1
17719,2
17719,1
202743,2
202743,1
62530,2
62530,1
17722,1
85114,1
69499,2
69499,1
353703,2
353703,1
161388,2
161388,1
114935,2
114935,1
70693,2
70693,1
137952,2
137952,1
87148,1
174577,2
174577,1
58857,2
58857,1
105696,2
105696,1
17803,2
17803,1
82985,1
70173,1
115252,1
191859,1
151156,1
281161,2
281161,1
275731,2
275731,1
19870,1
180510,1
17832,1
178633,1
17837,1
17838,1
66602,1
290544,2
290544,1
17856,2
17856,1
253870,2
253870,1
122370,2
122370,1
159808,2
159808,1
238482,2
238482,1
17881,2
17881,1
340478,2
340478,1
345881,2
345881,1
340826,2
340634,2
340634,1
340755,2
340755,1
340644,2
340646,2
340647,2
340647,1
340648,2
340765,2
340765,1
354038,2
354038,1
340650,2
340053,2
340053,1
340056,2
340056,1
339974,2
339974,1
339977,2
339977,1
339981,2
339981,1
340018,2
340018,1
340059,2
340059,1
340071,2
340071,1
340092,2
340092,1
340104,2
340104,1
340602,2
340602,1
340141,2
340141,1
340149,2
340149,1
340170,2
340170,1
341670,2
341670,1
340226,2
340226,1
340229,2
340229,1
340232,2
340232,1
340296,2
340296,1
340328,2
340328,1
340396,2
340396,1
340419,2
340419,1
340428,2
340428,1
340466,2
340466,1
340467,2
340467,1
340563,2
340563,1
340564,2
340564,1
340483,2
340483,1
340707,2
340707,1
340668,2
340668,1
17968,1
325903,1
17980,2
17980,1
111128,1
97515,2
97515,1
75467,1
127323,2
127323,1
116323,1
50489,1
58428,2
58428,1
17985,2
17985,1
17990,2
17990,1
83765,2
83765,1
255254,1
18039,1
99045,1
43582,2
43582,1
100136,1
42054,1
44956,1
368987,1
373705,1
374648,1
373704,1
373571,1
208778,2
208778,1
81729,2
81729,1
68487,1
504800,2
504800,1
103058,1
117489,1
42196,1
221111,1
18079,1
88031,1
377820,1
18090,1
77636,2
77636,1
68901,1
374958,1
129089,2
129089,1
255294,2
255294,1
299889,2
299889,1
310159,1
18270,2
18270,1
18275,2
18275,1
127402,2
127402,1
153456,2
153456,1
152298,2
152298,1
152301,2
152301,1
152332,2
152332,1
152338,2
152338,1
18308,2
18308,1
18304,2
18304,1
334191,1
64044,2
64044,1
81522,2
81522,1
43761,2
43761,1
77570,2
77570,1
239564,1
169192,1
194764,1
70547,1
255229,1
82045,1
18350,1
113682,1
195140,1
18351,1
134853,1
82046,1
152011,1
154383,1
87176,1
18368,2
18368,1
48388,1
18377,1
170083,1
81350,1
18383,1
70616,1
61192,1
18415,1
18416,2
18416,1
21026,1
340665,2
321978,2
283305,2
283305,1
283379,1
283269,1
283377,1
283297,1
319064,1
283375,1
305971,2
305971,1
305970,2
305970,1
18444,2
18444,1
334056,2
334056,1
153219,2
153219,1
225746,2
225746,1
18445,2
18445,1
25537,2
25537,1
54725,2
54725,1
125213,2
125213,1
18449,2
18449,1
106274,2
106274,1
18454,2
18454,1
42226,2
42226,1
57361,2
57361,1
79446,2
79446,1
84184,2
84184,1
315949,2
315949,1
57362,2
57362,1
61452,2
61452,1
22049,1
208150,1
386896,1
511838,1
332140,1
18568,2
18568,1
59167,2
59167,1
18636,1
113990,1
191229,1
524888,1
53724,1
67021,2
59724,2
18749,1
283311,1
168192,2
168194,2
181610,2
177520,2
177520,1
247994,2
247994,1
209217,2
161765,2
161765,1
202963,2
202963,1
212046,2
212046,1
191863,2
191863,1
168199,2
194010,1
182908,2
182908,1
25524,2
78507,2
216358,2
216358,1
82551,2
82551,1
351005,2
351005,1
153459,2
153459,1
522087,2
522087,1
180995,2
180995,1
526503,1
526264,1
322463,1
525769,2
525769,1
80750,2
80750,1
50967,1
299267,2
299267,1
228379,2
228379,1
167885,1
47057,2
47057,1
126144,1
260920,1
71710,1
80548,1
18843,2
18843,1
47056,2
47056,1
181958,2
181958,1
315368,2
315368,1
135801,2
135801,1
183366,2
183366,1
343935,2
343935,1
153465,1
220102,1
75849,2
75849,1
78291,2
78291,1
506264,1
100995,2
100995,1
270606,2
270606,1
154797,1
110717,1
226512,2
226512,1
142607,1
284714,1
176467,1
115912,2
115912,1
72599,2
72599,1
85570,2
85570,1
192414,1
380228,1
380229,1
19052,1
385138,1
19074,1
20468,1
345677,1
19142,1
19148,1
363857,1
364189,1
368045,1
355328,1
201518,1
355312,1
349627,1
330202,1
341958,1
330200,1
355331,1
355335,1
158375,1
300880,1
527936,1
243618,1
331121,1
328485,1
349629,1
158370,1
349636,1
355322,1
285693,1
341970,1
341968,1
355314,1
526774,1
19233,1
111299,1
341662,1
327510,1
300930,2
300930,1
286104,2
286104,1
300931,2
300931,1
328346,1
328348,1
327504,1
59579,1
107561,1
270344,2
80717,2
156517,2
72358,2
182741,2
209081,1
209083,2
209083,1
90009,2
90009,1
89282,1
109955,1
185216,1
52687,2
52687,1
299732,2
299732,1
242751,1
270256,1
182742,2
182742,1
99571,1
185226,1
125467,1
185289,1
190965,2
190965,1
172189,2
172189,1
378,2
378,1
109148,1
52639,2
52639,1
202021,2
202021,1
379,1
380,1
222458,1
26255,1
23675,1
26256,2
26256,1
381,2
381,1
207647,2
207647,1
79152,2
79152,1
382,1
95378,2
95378,1
384,1
83572,1
83573,2
83573,1
58016,2
58016,1
42058,2
42058,1
185296,2
185296,1
153562,1
185224,1
26247,2
26247,1
96594,2
96594,1
219976,2
219976,1
170242,1
88186,2
88186,1
165592,1
156095,1
255723,1
195237,1
306935,1
197961,1
361976,1
67280,1
57816,2
57816,1
431,2
431,1
351661,2
351661,1
272574,2
272574,1
284774,1
372729,1
242383,1
339254,1
97243,1
242211,1
332739,1
264699,1
194840,1
376790,1
528627,1
301678,1
344752,1
332740,1
170079,1
273927,1
343614,1
215707,1
112050,1
206750,1
321454,1
98900,1
316645,1
55893,1
342013,1
527203,1
300343,1
351059,1
270379,1
619,1
96569,1
620,1
581,1
529266,1
343590,1
332747,1
372601,1
25485,1
26357,1
242257,1
205606,1
375246,1
270985,1
115403,1
154950,2
154950,1
128433,1
210307,1
33739,1
210310,1
210309,1
67338,1
103151,1
117894,1
759,1
58292,1
112043,1
111328,1
104260,1
196739,1
182463,1
330666,1
26465,2
26465,1
186143,2
186143,1
26476,1
167654,1
367814,1
186195,2
186195,1
212318,2
212318,1
204861,1
89862,2
89862,1
387330,2
387330,1
381869,2
381869,1
873,1
82372,1
243758,1
243759,1
334868,1
243755,1
43845,2
43845,1
186471,1
26536,1
186480,1
26961,1
299648,1
103018,1
119424,2
119424,1
62737,1
25698,2
25698,1
65279,2
65279,1
89665,2
89665,1
1267,2
1267,1
138932,2
138932,1
99602,2
99602,1
44175,2
44175,1
171692,2
171692,1
24513,1
233772,1
52070,2
52070,1
58184,2
58184,1
189073,1
62352,1
1565,1
56419,1
67136,1
106056,1
172916,1
319393,1
269532,1
239708,1
139830,2
139830,1
1708,2
1708,1
1709,2
1709,1
189470,2
189470,1
27195,2
27195,1
198293,2
198293,1
70572,2
70572,1
27896,2
27896,1
90874,2
90874,1
68289,2
68289,1
241004,2
241004,1
63879,2
63879,1
296026,2
296026,1
102342,2
102342,1
99451,2
99451,1
58973,2
58973,1
67695,2
67695,1
138604,2
138604,1
76112,2
76112,1
53057,2
53057,1
210418,2
210418,1
27346,2
27346,1
226728,2
226728,1
82987,2
82987,1
227356,2
227356,1
29698,2
29698,1
182347,2
182347,1
87790,2
87790,1
239438,2
239438,1
336426,2
336426,1
99261,2
99261,1
504164,2
504164,1
112712,2
112712,1
153631,2
153631,1
227932,2
227932,1
109079,2
109079,1
45050,2
45050,1
48315,2
48315,1
287956,2
287956,1
81678,2
81678,1
93109,2
93109,1
44213,2
44213,1
56818,2
56818,1
63880,2
63880,1
183818,2
183818,1
143030,2
143030,1
27416,2
27416,1
98592,2
98592,1
24542,2
24542,1
138677,2
138677,1
117260,2
117260,1
101966,1
92852,2
92852,1
222646,1
158260,1
158261,1
112790,1
89593,2
89593,1
99108,1
247863,1
389132,2
389132,1
204458,2
204458,1
204460,2
204460,1
344973,1
106078,2
106078,1
204859,2
204859,1
380469,2
380469,1
149399,2
149399,1
2567,2
2567,1
74564,2
74564,1
234778,1
298700,2
298700,1
175620,2
175620,1
226344,2
226344,1
114266,2
114266,1
112855,2
112855,1
88747,2
88747,1
100145,2
100145,1
118992,2
118992,1
206787,2
206787,1
2936,2
2936,1
125878,1
104644,2
104644,1
316828,2
316828,1
353082,1
97388,1
212047,1
54616,2
54616,1
89081,2
89081,1
2944,2
2944,1
54170,2
54170,1
206801,2
206801,1
28706,1
157383,1
2996,1
195926,1
192498,1
161583,1
108825,1
166551,1
192550,1
98584,1
92724,1
127299,1
97640,1
192571,1
92297,1
152141,1
94337,1
96587,1
59049,1
192601,1
93407,1
77677,1
190387,1
189321,1
228608,1
328269,2
328269,1
157422,2
157422,1
42450,2
42450,1
3363,2
3363,1
69965,2
69965,1
226839,1
29328,1
3810,1
91681,1
3813,1
220808,1
24730,1
349797,2
349797,1
137929,2
137929,1
328154,2
328154,1
73051,2
73051,1
3842,2
3842,1
342479,2
342479,1
328155,2
328155,1
75413,2
75413,1
89285,2
89285,1
352961,2
352961,1
322201,2
322201,1
361220,2
361220,1
350944,2
350944,1
171371,2
171371,1
352450,1
380813,1
504378,1
386144,1
280744,2
280744,1
380814,1
285900,2
285900,1
504648,1
382791,1
213131,2
213131,1
213139,1
382775,2
382775,1
213143,1
3972,2
3972,1
211047,2
211047,1
89518,1
178396,1
49555,1
90527,1
328157,2
328157,1
176648,1
176649,1
43794,1
47850,1
4365,1
360490,2
360490,1
90456,1
95886,1
97014,1
112811,1
270459,1
269576,2
269576,1
279266,1
117989,1
64207,1
4830,2
4830,1
231458,2
231458,1
104544,2
104544,1
226287,1
212096,2
212096,1
30956,2
30956,1
301707,1
5283,2
5283,1
235615,2
235615,1
235616,2
235616,1
235617,2
235617,1
271619,2
271619,1
375267,1
210705,1
277506,1
313718,1
277531,1
317485,1
276127,1
254635,1
500160,1
84504,1
130644,1
79311,1
162484,1
77110,1
219153,1
71742,1
149129,1
168672,1
512021,1
153645,1
108223,1
70570,1
63116,1
183919,1
43472,1
84045,1
525693,1
101308,1
525900,1
143249,1
504867,1
239044,1
125531,1
256289,1
61800,1
5686,1
379070,1
378948,1
94547,1
71888,2
71888,1
210724,2
210724,1
115024,2
115024,1
115038,2
115038,1
297653,1
306345,1
368637,1
307890,1
313754,1
268791,1
193993,1
177950,1
208301,1
526166,1
526418,1
139598,1
5830,1
274725,1
5838,1
93116,1
226843,1
196814,1
180342,1
5840,1
90637,1
139595,1
272722,1
5844,1
137619,1
5850,1
166543,1
234797,1
41734,2
41734,1
234799,1
6097,1
296913,2
296913,1
63244,2
63244,1
41568,2
41568,1
168145,2
168145,1
157519,2
157519,1
298622,2
298622,1
92067,2
92067,1
84445,2
84445,1
136980,2
136980,1
375870,2
375870,1
219241,1
263279,1
370729,1
239541,2
239541,1
239542,2
239542,1
125919,2
125919,1
7091,2
7091,1
81325,1
272033,1
7179,2
7179,1
158808,2
158808,1
101057,1
86997,1
76203,1
96034,1
49891,1
7383,2
7383,1
69773,2
69773,1
201718,2
201718,1
201722,2
201722,1
92363,2
92363,1
99133,2
99133,1
95027,2
95027,1
32989,2
32989,1
78614,2
78614,1
95212,2
95212,1
95211,2
95211,1
56544,2
56544,1
70084,2
70084,1
326252,1
109147,1
33562,1
33564,1
121838,1
325070,1
312725,1
525414,1
133598,1
536204,1
318000,1
178759,1
167376,1
43865,1
300302,1
345433,1
52388,1
81631,1
69808,1
325078,1
340861,1
369059,1
71777,1
187314,1
535589,1
48537,1
356521,1
60135,1
525499,1
292422,1
339507,1
536239,1
302425,1
133721,1
522292,1
154238,1
215771,1
43089,1
8006,1
159006,1
99493,1
182018,1
78355,1
379031,1
20933,1
33636,2
33636,1
48567,2
48567,1
325136,2
325136,1
98664,2
98664,1
300284,2
300284,1
92668,2
92668,1
102934,2
102934,1
300285,2
300285,1
54674,2
54674,1
115860,2
115860,1
99269,2
99269,1
115861,2
115861,1
135961,2
135961,1
175728,2
175728,1
8449,2
8449,1
78055,2
78055,1
175725,2
175725,1
49543,2
49543,1
116012,2
116012,1
33993,1
194245,2
194245,1
8450,2
8450,1
347175,2
347175,1
118720,1
528682,1
39134,2
39134,1
58249,2
58249,1
163844,2
163844,1
184168,2
184168,1
112298,1
91160,1
373573,2
373573,1
299949,2
299949,1
358469,2
358469,1
282286,2
282286,1
344657,2
344657,1
291988,2
291988,1
323897,2
323897,1
384106,2
384106,1
299950,2
299950,1
352155,2
352155,1
358473,2
358473,1
384522,2
384522,1
92197,2
92197,1
384523,2
384523,1
352157,2
352157,1
384109,2
384109,1
352158,2
352158,1
384110,2
384110,1
502904,2
502904,1
298165,2
298165,1
373712,2
373712,1
96396,2
96396,1
384114,2
384114,1
109998,2
109998,1
270207,2
270207,1
67598,2
67598,1
358485,2
358485,1
358486,2
358486,1
502868,2
502868,1
98393,2
98393,1
502679,2
502679,1
282299,2
282299,1
501813,2
501813,1
209908,2
209908,1
197204,2
197204,1
384532,2
384532,1
170523,2
170523,1
336235,2
336235,1
373580,2
373580,1
358494,2
358494,1
501829,2
501829,1
242473,2
242473,1
384122,2
384122,1
384126,2
384126,1
300452,2
300452,1
384128,2
384128,1
299964,2
299964,1
299965,2
299965,1
85966,2
85966,1
358498,2
358498,1
212649,2
212649,1
282306,2
282306,1
358503,2
358503,1
352195,2
352195,1
352196,2
352196,1
369219,2
369219,1
39211,2
39211,1
299969,2
299969,1
138298,2
138298,1
308337,2
308337,1
93450,2
93450,1
373591,2
373591,1
79044,2
79044,1
284356,2
284356,1
170136,2
170136,1
373720,2
373720,1
358515,2
358515,1
501736,2
501736,1
325355,2
325355,1
503468,2
503468,1
109788,2
109788,1
314574,2
314574,1
352228,2
352228,1
65075,2
65075,1
358539,2
358539,1
373598,2
373598,1
333113,2
333113,1
373601,2
373601,1
55095,2
55095,1
111572,2
111572,1
384176,2
384176,1
307616,2
307616,1
352312,2
352312,1
197211,2
197211,1
242488,2
242488,1
60203,2
60203,1
53780,2
53780,1
328114,2
328114,1
103351,2
103351,1
352355,2
352355,1
314816,2
314816,1
98458,2
98458,1
270278,1
299396,2
299396,1
381418,2
381418,1
525916,2
525916,1
338011,1
525854,2
525854,1
76587,2
76587,1
228473,2
228473,1
525765,2
525765,1
77644,2
77644,1
108459,2
108459,1
140374,2
140374,1
53073,2
53073,1
307667,2
307667,1
202827,2
202827,1
525717,2
525717,1
25486,2
25486,1
129020,2
129020,1
526145,2
526145,1
228511,2
228511,1
318165,2
318165,1
195847,1
141028,2
141028,1
102324,2
102324,1
324637,2
324637,1
228530,2
228530,1
48156,2
48156,1
525842,2
525842,1
318179,2
318179,1
251140,2
251140,1
526208,2
526208,1
318180,2
318180,1
62767,2
62767,1
56098,2
56098,1
517364,1
266628,2
266628,1
318187,2
318187,1
228561,2
228561,1
526263,2
526263,1
217869,2
217869,1
318196,2
318196,1
108329,2
108329,1
9237,2
9237,1
143558,2
143558,1
62315,2
62315,1
9248,2
9248,1
120623,2
120623,1
195612,2
195612,1
72898,2
72898,1
72897,2
72897,1
9357,2
9357,1
220865,2
220865,1
220867,2
220867,1
144326,2
144326,1
174280,2
174280,1
99407,2
99407,1
220926,2
220926,1
238497,2
238497,1
178578,2
178578,1
74641,2
74641,1
30320,1
46146,2
46146,1
139846,2
139846,1
9742,2
9742,1
98471,2
98471,1
82865,2
82865,1
75287,2
75287,1
331114,2
331114,1
253682,2
253682,1
9862,2
9862,1
358732,1
10063,2
10063,1
103721,2
103721,1
10094,2
10094,1
524834,2
524834,1
22413,2
22413,1
316307,2
316307,1
344235,1
257902,1
348222,1
143530,1
259623,1
319432,1
77861,1
367776,1
231261,1
367777,1
47602,1
375291,1
171943,1
324959,1
191704,1
319433,1
323578,1
221594,1
330371,1
330372,1
377007,1
234700,1
370775,1
133040,1
80306,1
371095,1
136493,1
344236,1
317115,1
250581,1
327310,1
370776,1
362256,1
311037,1
280614,1
196160,1
311038,1
170817,1
342935,1
113104,1
251414,1
367775,1
313011,1
326099,1
324966,1
279598,1
355352,1
285425,1
187417,1
367902,1
68156,1
351624,1
120488,1
313470,1
308677,1
284411,1
351607,1
334824,1
33981,1
370077,1
302099,1
371169,1
271492,1
258001,1
171006,1
177198,1
257741,1
313012,1
182720,1
313014,1
305053,1
364133,1
306507,1
344504,1
313015,1
71190,1
165707,1
371110,1
171942,1
348857,1
351627,1
329497,1
113551,1
219320,1
346615,1
231254,1
347385,1
84878,1
252565,1
342941,1
238857,1
258024,1
370815,1
362367,1
355438,1
230177,1
177177,1
45452,1
70679,1
250647,1
351323,1
351324,1
42234,1
302100,1
169161,1
61747,1
375315,1
330960,1
330961,1
351325,1
221146,1
237725,1
300487,1
10158,1
316221,1
47661,1
10162,1
10166,1
271768,1
10170,1
118264,1
10181,1
55017,1
91726,1
19924,1
10194,1
167750,1
287705,1
171104,1
164377,1
383488,1
338946,1
339842,1
302139,1
10205,1
105299,1
10235,1
271782,1
10249,1
10248,1
128983,1
10255,1
105301,1
83634,1
97611,1
95861,1
113463,1
176500,1
271784,1
88257,1
82226,1
71916,1
231186,1
79630,1
10645,2
10645,1
10647,2
10647,1
116301,2
116301,1
85936,2
85936,1
315408,2
315408,1
47331,2
47331,1
224230,1
215203,1
239150,1
308375,1
285970,1
196969,1
294756,1
178680,1
176694,1
153111,1
153113,1
282105,1
174995,1
168986,1
69132,1
10969,1
311025,1
127346,1
169007,1
224236,1
224242,1
117847,1
89752,1
90461,1
175003,1
64376,2
64376,1
373185,2
373185,1
154636,2
154636,1
155555,2
155555,1
72206,2
72206,1
45513,2
45513,1
239390,2
239390,1
49857,2
49857,1
116633,2
116633,1
522617,2
522617,1
101875,2
101875,1
102468,2
102468,1
116635,2
116635,1
53674,2
53674,1
59450,2
59450,1
67626,2
67626,1
11185,2
11185,1
120214,2
120214,1
120222,2
120222,1
329091,2
329091,1
307027,2
307027,1
96507,2
96507,1
96508,2
96508,1
242804,2
242804,1
195495,1
159992,1
332087,1
25480,1
84694,2
84694,1
337404,2
337404,1
64951,1
111627,2
111627,1
177549,2
177549,1
111558,2
111558,1
180851,2
180851,1
194024,2
194024,1
360154,2
360154,1
521344,1
226082,1
219580,1
12707,2
12707,1
504476,2
504476,1
212308,2
212308,1
43783,2
43783,1
64592,2
64592,1
50575,2
50575,1
341768,2
341768,1
137945,2
137945,1
316064,2
316064,1
45208,2
45208,1
13413,1
89364,1
84773,1
75821,1
245030,1
237361,2
342789,2
342789,1
152290,1
347329,1
343916,1
70860,1
79351,1
236453,1
236452,1
329145,1
242467,1
252185,1
72079,2
72079,1
200455,1
45616,2
45616,1
376442,2
376442,1
307058,1
16324,1
176717,2
176717,1
70170,2
70170,1
245897,2
245897,1
125440,2
125440,1
204883,2
204883,1
255656,2
255656,1
359272,2
359272,1
343838,2
343838,1
370075,2
370075,1
226858,2
197335,2
197335,1
370066,2
370066,1
369383,2
369383,1
370076,2
370076,1
304860,2
16403,2
307935,2
325566,2
325566,1
211536,2
72055,2
72055,1
167972,2
167972,1
193030,2
193030,1
16407,1
349765,1
353034,1
16429,1
289270,2
289270,1
140167,2
140167,1
21167,2
21167,1
120675,2
120675,1
175199,2
175199,1
115307,2
115307,1
68017,2
68017,1
518075,1
283910,2
283910,1
262036,2
262036,1
17498,1
329090,2
329090,1
65610,1
526131,2
526131,1
340822,2
340822,1
340829,2
340829,1
345875,2
345875,1
345879,2
345879,1
340614,2
340614,1
340619,2
340619,1
340685,2
340685,1
340778,2
340778,1
342582,2
342582,1
340622,2
340622,1
340781,2
340781,1
339968,2
339968,1
339972,2
339972,1
339973,2
339973,1
339979,2
339979,1
339983,2
339983,1
339984,2
339984,1
359280,2
359280,1
339999,2
339999,1
347320,2
347320,1
342579,2
342579,1
340007,2
340007,1
340028,2
340028,1
340030,2
340030,1
340043,2
340043,1
340046,2
340046,1
354032,2
354032,1
340076,2
340076,1
340709,2
340709,1
534093,2
534093,1
372169,1
153344,1
275398,1
18071,1
56533,1
73814,1
272787,1
347946,2
347946,1
131734,1
152327,1
18077,1
79443,1
307478,1
272641,1
316058,2
316058,1
217615,1
153129,1
44616,1
18082,1
125212,1
73044,1
98203,1
359630,2
359630,1
296487,1
272838,1
18088,1
57656,1
115946,1
105651,1
105648,1
92736,2
92736,1
18788,1
236337,1
190993,2
190993,1
190931,2
168196,2
168195,2
168197,2
18795,2
142604,2
87693,2
48472,2
48472,1
96442,2
128480,2
124951,2
225804,2
505444,1
175210,1
525957,2
525957,1
109243,2
109243,1
124822,2
124822,1
88135,2
18847,1
335703,2
335703,1
204884,2
204884,1
308028,1
511863,2
511863,1
135989,2
50603,1
44473,1
48943,1
326130,1
113362,1
19078,1
336768,1
73295,2
73295,1
202383,2
202383,1
26250,2
26250,1
92739,2
92739,1
100649,2
100649,1
256003,2
256003,1
128037,2
128037,1
202024,2
202024,1
351716,2
351716,1
240625,2
240625,1
26258,2
26258,1
170034,2
170034,1
257143,2
257143,1
153308,2
153308,1
96389,1
196051,1
212038,1
212085,1
212086,1
829,1
130648,1
27185,1
98212,1
131744,1
185200,1
27725,1
95467,1
129124,1
92625,1
256981,1
79744,1
508105,1
204482,1
2344,1
204478,1
96468,1
27961,1
204479,1
166533,1
195812,1
164031,1
76640,1
76206,1
300871,1
175428,1
288094,1
285672,1
139684,1
206912,1
3001,1
255589,1
146872,1
54526,1
177887,1
376198,1
206913,1
309817,1
286220,1
20999,1
207663,1
209723,1
55797,1
70492,2
70492,1
290408,1
91289,2
91289,1
111179,1
174730,1
174743,1
51534,1
175570,1
312066,1
282669,1
6093,1
284345,1
249374,1
24472,1
59691,1
165863,2
165863,1
217608,2
217608,1
159141,2
159141,1
181312,2
181312,1
346198,1
237681,1
169096,2
169096,1
373575,2
373575,1
253103,2
253103,1
325893,2
325893,1
8656,2
202829,2
202829,1
176015,2
176015,1
64426,2
64426,1
292903,2
292903,1
313986,2
313986,1
9747,2
9747,1
59932,2
59932,1
283332,2
283332,1
285422,1
76565,1
251609,1
251658,1
371858,1
107373,1
371859,1
119431,2
119431,1
148150,1
89541,1
10221,1
10224,1
228966,1
212305,1
81707,2
81707,1
11280,1
12438,1
24480,2
24480,1
153946,1
225308,1
226554,1
76281,1
242599,1
115173,1
242493,1
115171,1
87734,1
86851,1
195937,1
73917,1
47620,1
59126,1
242512,1
201386,1
226503,1
129074,1
526274,1
517320,1
515371,1
265981,2
265981,1
242560,2
242560,1
182861,2
182861,1
370064,2
370064,1
129750,2
129750,1
196711,2
16404,2
16404,1
285623,2
285623,1
263268,2
263268,1
56274,1
109140,1
308830,1
269107,1
221893,1
74143,1
226656,2
226656,1
185347,2
185347,1
127316,2
127316,1
18791,1
18807,1
325308,1
286749,1
42079,2
42079,1
241592,2
241592,1
198798,1
130278,2
130278,1
325570,1
19057,1
376588,1
273029,1
273030,1
358960,1
204480,1
40499,1
90409,1
268698,1
64602,1
212848,1
61639,1
121368,1
74765,1
121369,1
114111,1
516846,1
10183,1
16794,1
261426,1
308696,1
306913,1
372764,1
320319,1
331095,1
347278,1
372765,1
319898,1
347279,1
331094,1
343766,1
95671,1
25983,1
82149,1
75348,2
81628,2
69526,2
500296,2
500296,1
41844,2
41844,1
23796,1
124280,2
124280,1
117,2
51029,2
104501,2
124,2
93817,2
242377,2
242377,1
254852,2
254852,1
300872,2
300872,1
26019,2
26019,1
185014,2
185014,1
26020,2
26020,1
134160,2
134160,1
97164,2
97164,1
44043,2
44043,1
185017,2
185017,1
154,2
154,1
182461,2
182461,1
67596,2
67596,1
109754,2
109754,1
83088,2
83088,1
299561,2
299561,1
326202,2
326202,1
185018,2
185018,1
253704,2
253704,1
156,2
156,1
185021,2
185021,1
185023,2
185023,1
185026,2
185026,1
208280,2
208280,1
157,2
157,1
100642,2
100642,1
185028,2
185028,1
244323,2
244323,1
105200,2
105200,1
68388,2
68388,1
113036,2
222445,2
86956,2
86956,1
131891,2
131891,1
61092,2
61092,1
113928,2
51966,2
51966,1
94493,2
94493,1
111672,2
111672,1
93958,2
194578,2
194578,1
132717,2
60417,2
306934,2
306934,1
98974,2
226826,2
297706,2
297706,1
90152,2
90152,1
307979,2
307979,1
161151,2
161151,1
301676,2
301676,1
326782,2
326782,1
277905,2
277905,1
119036,2
80070,2
80070,1
140205,2
140205,1
107468,2
90798,2
52383,2
91601,2
84544,2
51965,2
51965,1
113869,2
113869,1
258407,2
76090,2
76090,1
258408,2
258408,1
258421,2
258421,1
258423,2
50528,2
50528,1
56958,2
56958,1
258424,2
74651,2
74651,1
161992,2
193347,2
43893,2
324808,2
324808,1
324809,2
324809,1
324810,2
324810,1
180328,2
180328,1
196398,2
196398,1
258426,2
258426,1
314,2
314,1
152117,2
152117,1
342438,2
381640,2
381640,1
85311,2
54852,2
54852,1
100646,2
100646,1
26586,2
26586,1
168799,2
168799,1
274643,2
274643,1
26587,2
26587,1
182306,2
182306,1
170973,2
170973,1
236170,1
189080,2
189080,1
202382,1
368,1
269264,1
80788,1
139840,1
256004,1
75973,1
369,1
185267,1
171722,1
171723,1
72777,1
243574,2
243574,1
174635,2
174635,1
316976,2
316976,1
33788,2
33788,1
149093,2
149093,1
57357,2
57357,1
265843,2
265843,1
185291,1
185293,1
111014,2
111014,1
114259,1
386,2
386,1
156086,1
317987,2
317987,1
369597,2
369597,1
185299,2
185299,1
156089,2
156089,1
325272,1
98152,2
98152,1
185300,1
185303,1
227663,1
185587,2
185587,1
56897,2
56897,1
396,2
396,1
300092,1
336411,1
219977,1
163337,1
249446,1
165605,1
165595,1
351717,1
165600,1
214585,1
165612,1
165614,1
165597,1
165609,1
270863,1
227224,1
165617,1
300847,1
316544,1
166899,1
165625,1
183586,1
165615,1
166702,1
141203,1
56053,1
57965,1
97520,1
231042,1
257327,1
261442,1
20934,1
227610,1
523624,1
536046,1
338879,1
314094,1
517536,1
107582,1
507,1
185704,1
383604,1
518285,1
519298,1
566,1
308134,1
351550,1
351551,1
367529,1
160935,1
137674,1
44601,1
282137,1
214847,1
96183,1
127133,1
151529,1
332721,1
231043,1
176251,1
250810,1
524454,1
360632,1
343580,1
334701,1
95345,1
194532,1
236777,1
285838,1
319940,1
244813,1
100231,1
137458,1
365517,1
369089,1
360150,1
281620,1
26374,1
168019,1
168020,1
127135,1
25685,1
26376,1
524538,1
300338,1
172219,1
118933,1
502665,1
227461,1
168021,1
313750,1
198247,1
176252,1
343584,1
339279,1
287316,1
332727,1
339272,1
321453,1
251137,1
372731,1
381612,1
381613,1
365696,1
376908,1
207814,1
152941,1
227360,1
191043,1
534723,1
343587,1
343588,1
285842,1
349768,1
137677,1
368782,1
308136,1
336864,1
281907,1
166046,1
161778,1
61122,1
137919,1
233586,1
353163,1
332735,1
137462,1
339274,1
231262,1
242212,1
286474,1
273326,1
308138,1
332736,1
168025,1
300340,1
511218,1
308139,1
110134,1
300342,1
245579,1
233583,1
373761,1
341741,1
135267,1
214126,1
190582,1
339275,1
242221,1
194534,1
320061,1
308142,1
161780,1
536740,1
227367,1
75173,1
282136,1
367530,1
365695,1
367528,1
231067,1
370402,1
536756,1
363687,1
339276,1
339280,1
270258,1
283771,1
152076,1
210316,1
283768,1
101840,1
26347,1
196533,1
117821,1
622,1
365699,1
285746,1
222170,1
222169,1
170272,1
149094,1
55976,1
26887,1
115673,1
226335,1
26358,1
625,1
242260,1
222171,1
376907,1
114388,1
114389,1
26888,1
531039,1
342014,1
359499,1
297681,1
49528,1
153931,1
26360,1
185817,1
74141,1
320205,2
320205,1
299975,2
299975,1
254063,2
254063,1
363689,2
363689,1
364776,2
364776,1
49099,1
82491,2
82491,1
388087,1
142837,1
257101,1
257109,1
185923,1
144536,1
62748,2
62748,1
185957,2
185957,1
246170,2
246170,1
241331,2
241331,1
279650,2
279650,1
105125,2
105125,1
61545,2
61545,1
725,2
725,1
279649,2
279649,1
185993,2
185993,1
278494,2
278494,1
298422,2
298422,1
222475,1
521155,2
521155,1
178182,2
178182,1
521375,2
521375,1
301680,2
301680,1
272652,1
521152,2
521152,1
521182,2
521182,1
309915,1
521582,2
521582,1
239827,1
89997,1
26435,1
30302,1
91364,1
134892,1
742,1
101734,2
101734,1
522009,2
522009,1
94495,2
94495,1
236853,2
236853,1
302373,1
313600,1
89313,2
89313,1
96488,1
89998,1
180956,1
512237,2
512237,1
56690,1
48292,1
61916,2
61916,1
61917,2
61917,1
65092,2
65092,1
745,1
103502,1
113427,1
521198,2
521198,1
91336,2
91336,1
211147,2
211147,1
522008,2
522008,1
142820,2
142820,1
142822,2
142822,1
62155,2
62155,1
44395,2
44395,1
142821,2
142821,1
142823,2
142823,1
142819,2
142819,1
26442,2
26442,1
195055,1
383148,2
383148,1
57087,2
57087,1
521988,2
521988,1
324873,2
324873,1
324875,2
324875,1
315086,2
315086,1
298624,2
298624,1
320361,1
152934,2
152934,1
152723,2
152723,1
186023,2
186023,1
156142,2
156142,1
76540,2
76540,1
49043,2
49043,1
327415,2
327415,1
24246,1
186282,1
879,1
322414,1
320204,1
215089,1
193061,1
215090,1
503866,1
372019,1
105786,1
915,1
504110,1
126584,1
281824,1
131678,1
522537,1
136827,1
141187,1
137715,1
379148,1
52057,1
1009,1
302849,1
105206,1
254358,1
221488,1
135424,1
376685,1
201479,1
229950,1
180846,1
276509,1
283812,1
248905,1
64621,1
254359,1
120264,1
334454,1
345145,1
364010,1
355020,1
303573,1
376224,1
154900,1
311959,1
375255,1
351636,1
375257,1
104465,1
196804,1
139951,1
79522,1
195763,1
183834,1
1023,1
186529,1
87168,2
87168,1
73608,1
280115,1
235905,2
235905,1
181731,1
66204,1
352638,2
352638,1
367510,2
367510,1
188168,1
1106,1
188173,1
188174,1
1116,2
1116,1
1121,2
1121,1
57997,1
188259,1
286285,1
374035,2
374035,1
84419,2
84419,1
253687,1
188275,2
188275,1
311253,2
311253,1
45201,2
45201,1
33974,2
33974,1
349796,2
349796,1
331023,2
331023,1
131645,2
131645,1
372862,2
372862,1
380710,2
380710,1
372863,2
372863,1
194581,2
194581,1
331591,2
331591,1
380711,2
380711,1
372861,2
372861,1
384404,2
384404,1
372865,2
372865,1
1231,2
1231,1
362992,2
362992,1
1230,2
1230,1
334702,1
76813,2
76813,1
94662,2
94662,1
386722,2
386722,1
272654,2
272654,1
334703,2
334703,1
270262,2
270262,1
352567,2
352567,1
99160,2
99160,1
92948,2
92948,1
511323,2
511323,1
384406,2
384406,1
140201,2
140201,1
151365,2
151365,1
89634,2
89634,1
324814,2
324814,1
138934,2
138934,1
95202,2
95202,1
287985,2
287985,1
112681,2
112681,1
278114,2
278114,1
363103,2
363103,1
56959,2
56959,1
500188,2
500188,1
500187,2
500187,1
285130,2
285130,1
222528,2
222528,1
222529,2
222529,1
147574,2
147574,1
26680,2
74724,1
188342,2
188342,1
174671,1
171956,2
171956,1
26700,2
26700,1
23548,2
23548,1
100489,2
100489,1
97144,2
97144,1
26730,2
26730,1
138466,2
138466,1
133113,2
133113,1
49053,2
49053,1
358747,2
358747,1
75076,2
75076,1
95098,2
95098,1
112594,2
112594,1
151777,1
274492,2
274492,1
51083,2
51083,1
192415,2
192415,1
94849,1
99841,2
99841,1
138933,1
94079,1
26675,1
305918,2
305918,1
26732,2
26732,1
99806,2
99806,1
26677,2
26677,1
1235,2
1235,1
1236,2
1236,1
386709,2
386709,1
117011,2
117011,1
92748,2
92748,1
249585,2
249585,1
188375,1
175229,1
526319,1
510683,2
188488,1
1297,1
188489,1
188490,1
335003,1
293347,1
505244,1
1298,1
317438,1
351677,1
297438,1
525405,1
525482,1
344971,1
109110,1
111180,1
26746,2
26746,1
44865,2
44865,1
188545,2
188545,1
1324,2
1324,1
26749,2
26749,1
188553,2
188553,1
250979,2
250979,1
222535,2
222535,1
155174,2
155174,1
156262,2
156262,1
88180,2
88180,1
26753,2
26753,1
96328,2
96328,1
85700,2
85700,1
19863,2
19863,1
120178,2
120178,1
98124,2
98124,1
118896,2
118896,1
120177,2
120177,1
120176,2
120176,1
66498,2
66498,1
296833,2
296833,1
1339,2
1339,1
294524,1
322843,1
517761,1
200102,1
364813,1
370835,1
383610,1
517758,1
363335,1
334198,1
383611,1
322878,1
350175,1
357971,1
361696,1
184828,1
250627,1
250628,1
26761,1
53630,2
53630,1
319306,2
319306,1
328965,2
328965,1
26827,1
256034,1
93304,1
117916,1
188778,2
188778,1
1398,2
1398,1
82935,2
82935,1
188786,2
188786,1
168263,2
168263,1
1412,2
1412,1
1413,2
1413,1
24709,2
24709,1
1420,2
1420,1
105212,2
105212,1
100873,2
100873,1
188798,2
188798,1
286046,1
1428,2
1428,1
222551,2
222551,1
68086,2
68086,1
106054,2
106054,1
137312,1
1543,1
45148,1
21087,1
100382,1
174748,1
126965,1
142654,1
75824,1
154450,1
327916,1
328027,1
1622,2
1622,1
369650,2
369650,1
368003,2
368003,1
189226,1
1627,1
189227,1
41752,1
217000,1
217001,1
59900,2
59900,1
71498,2
71498,1
1634,2
1634,1
167586,1
270265,2
270265,1
505014,1
100891,2
100891,1
90615,2
90615,1
41676,2
41676,1
48020,2
48020,1
1636,2
1636,1
89012,2
89012,1
41677,2
41677,1
119455,2
119455,1
1637,2
1637,1
311412,2
311412,1
1639,2
1639,1
27134,2
27134,1
27135,2
27135,1
1644,2
1644,1
1646,1
114759,1
66469,1
174753,2
174753,1
128979,1
42845,1
101882,2
101882,1
195625,1
112691,2
112691,1
1665,2
1665,1
77045,2
77045,1
45828,2
45828,1
154698,2
154698,1
181249,2
181249,1
189290,1
27152,2
27152,1
171475,1
189371,1
189372,1
156356,1
73286,1
25096,1
99535,1
189373,1
189376,1
189381,1
27176,2
27176,1
1677,1
267581,1
1678,1
126987,1
385216,1
140054,1
103830,1
129056,1
1692,1
130647,1
173043,1
79155,1
189501,1
189533,1
189560,1
1735,1
222595,2
222595,1
124337,2
124337,1
300095,2
300095,1
231598,2
231598,1
196137,2
196137,1
500129,2
500129,1
99950,2
99950,1
183785,2
179778,2
179778,1
231624,2
231624,1
297592,2
297592,1
387787,2
387787,1
231634,2
231634,1
297984,2
297984,1
525698,2
525698,1
73606,2
73606,1
183786,2
231619,2
231619,1
315798,2
194906,2
194906,1
83314,2
83314,1
27220,2
27220,1
146868,2
1742,2
1742,1
190005,2
190005,1
251722,2
251722,1
92915,2
92915,1
27424,2
27424,1
90917,2
90917,1
239437,2
239437,1
85970,2
85970,1
321979,2
321979,1
27228,2
27228,1
66350,2
66350,1
24153,2
24153,1
45672,2
45672,1
226339,2
226339,1
109406,2
135643,2
135643,1
27343,2
27343,1
85155,2
85155,1
208189,2
208189,1
108824,2
108824,1
70573,2
70573,1
134736,2
296357,2
296357,1
27350,2
27350,1
91173,2
91173,1
335565,2
335565,1
92356,2
92356,1
94398,2
94398,1
99477,2
99477,1
182348,2
182348,1
195212,2
195212,1
323940,2
323940,1
117324,2
117324,1
179786,2
179786,1
199744,2
199744,1
78464,2
78464,1
115057,2
115057,1
101961,2
101961,1
234761,2
234761,1
57826,2
57826,1
90079,2
90079,1
81184,2
81184,1
70180,2
70180,1
74159,2
74159,1
54215,2
54215,1
314411,2
314411,1
52861,2
52861,1
64810,2
64810,1
1768,2
1768,1
50184,2
50184,1
226340,2
226340,1
49193,2
49193,1
254896,2
254896,1
54120,2
54120,1
99869,2
99869,1
90772,2
90772,1
83991,2
83991,1
274645,2
249465,2
249465,1
172183,2
172183,1
81190,2
81190,1
231653,2
231653,1
27405,2
27405,1
126332,2
29824,2
29824,1
27408,2
27408,1
111231,2
111231,1
93744,2
93744,1
95555,2
95555,1
95556,2
95556,1
29822,2
29822,1
340624,2
340624,1
340628,2
340628,1
340629,2
340629,1
206921,2
206921,1
68723,2
68723,1
243179,2
243179,1
316376,2
316376,1
27417,2
27418,2
27418,1
27421,2
27421,1
98260,2
98260,1
82116,2
82116,1
20119,2
20119,1
183660,2
183660,1
81412,1
228594,1
97571,1
137019,2
137019,1
275445,1
275449,2
275449,1
95723,1
27435,1
42596,2
42596,1
220045,1
86226,1
232224,2
232224,1
241757,2
241757,1
343784,1
232165,1
333194,1
318313,1
290371,1
226223,2
226223,1
112733,1
103584,1
226224,1
1798,2
1798,1
350984,2
350984,1
131137,2
131137,1
137020,2
137020,1
222622,2
222622,1
138470,1
67471,1
244953,1
1799,1
55183,1
181159,1
104267,1
112735,1
222626,2
222626,1
91788,2
91788,1
367360,2
367360,1
308606,1
98875,1
83734,1
27480,1
99526,1
163628,1
306946,2
306946,1
153560,1
65520,2
65520,1
96331,1
58057,1
232344,2
232344,1
244692,1
94757,2
94757,1
308607,2
308607,1
139000,2
139000,1
85896,2
85896,1
180815,2
180815,1
298943,2
298943,1
103365,1
91817,1
226227,1
244920,1
244934,1
112738,1
232172,1
232354,1
27482,1
91566,1
53438,1
298970,1
232360,1
97412,1
270894,1
270893,2
270893,1
81536,1
63491,2
63491,1
97456,1
65218,1
227938,2
227938,1
1825,1
248766,2
248766,1
68551,2
68551,1
70782,2
70782,1
297222,1
1844,2
1844,1
1831,1
238217,2
238217,1
227940,1
227941,1
1836,1
1837,1
1838,1
222650,1
232016,1
159437,1
525600,1
254585,1
222657,2
222657,1
181505,1
286348,1
90687,1
237810,2
237810,1
25548,1
153886,2
153886,1
168408,1
206922,1
217837,1
343830,1
323946,1
375022,2
384414,1
298019,2
255341,2
287933,2
374174,2
1869,2
1869,1
282719,1
360276,1
277153,1
209827,1
254899,1
524280,1
524320,1
384424,1
384425,1
99713,1
99714,1
367361,2
272661,2
386532,2
386392,1
272662,2
504083,1
503046,1
521292,1
386533,2
367580,1
384413,1
47993,1
109872,1
177875,1
153596,1
27547,2
93809,1
529207,2
529207,1
298767,2
298767,1
525157,2
525157,1
525351,2
525351,1
529111,2
529111,1
525988,2
525988,1
502287,2
502287,1
52218,2
52218,1
64697,2
64697,1
279629,2
279629,1
114762,2
114762,1
318582,2
318582,1
1962,2
1962,1
1964,1
521183,1
344785,1
521122,2
349216,2
349214,2
343785,2
368005,2
349213,2
349215,2
387502,2
387502,1
368006,2
349212,2
179788,2
179788,1
349217,2
198308,2
1980,2
351070,2
61143,2
255640,2
255640,1
203071,2
203072,2
34153,2
33410,2
382730,2
203073,2
41218,2
41218,1
203075,2
349218,2
65443,1
88449,1
130660,1
124654,1
181757,1
120116,1
153356,1
234890,1
241793,1
169290,1
109539,1
81869,1
135184,1
111007,1
135185,1
120123,1
210087,1
360086,1
374861,1
344625,1
310061,1
236706,1
306842,1
48783,1
368144,1
170935,1
77558,1
203432,1
307480,1
2014,1
143436,1
169809,1
203440,1
272823,1
369917,1
272832,1
2023,1
296756,1
272821,1
88464,1
374841,1
315993,1
195299,1
272828,1
272814,1
136154,1
202586,1
255495,1
272818,1
374859,1
272830,1
2075,1
343767,1
341801,1
64420,2
64420,1
259158,2
259158,1
243041,2
243041,1
198374,2
198374,1
27850,2
27850,1
161998,2
161998,1
55244,2
55244,1
56202,2
56202,1
383178,2
383178,1
135952,2
135952,1
186919,2
186919,1
375023,2
375023,1
93596,2
93596,1
342439,2
342439,1
72444,2
72444,1
90441,2
90441,1
179999,2
179999,1
93491,2
93491,1
335568,2
335568,1
87408,2
87408,1
153045,2
153045,1
171728,2
171728,1
325970,2
325970,1
135650,2
135650,1
2209,2
2209,1
152124,2
152124,1
89222,2
89222,1
197020,2
197020,1
59854,2
59854,1
133923,1
227694,1
355963,1
382608,1
374021,1
384842,2
384842,1
386960,2
386960,1
377730,2
377730,1
377733,2
377733,1
526546,2
526546,1
377714,2
377714,1
377719,2
377719,1
27933,2
27933,1
163931,2
163931,1
368421,2
368421,1
109248,2
109248,1
112192,2
112192,1
2293,1
49101,1
521110,2
521110,1
389131,2
389131,1
204189,2
204189,1
513808,2
513808,1
513809,2
513809,1
389141,2
389141,1
513818,2
513818,1
513820,2
513820,1
513807,2
513807,1
513821,2
513821,1
389137,2
389137,1
513830,2
513830,1
513832,2
513832,1
513833,2
513833,1
389138,2
389138,1
389133,2
389133,1
513837,2
513837,1
513838,2
513838,1
513839,2
513839,1
513843,2
513843,1
513844,2
513844,1
513845,2
513845,1
528932,2
528932,1
513803,2
513803,1
389134,2
389134,1
513842,2
513842,1
513846,2
513846,1
513847,2
513847,1
389143,2
389143,1
513849,2
513849,1
513805,2
513805,1
389140,2
389140,1
513854,2
513854,1
513855,2
513855,1
513860,2
513860,1
389145,2
389145,1
513864,2
513864,1
513867,2
513867,1
389142,2
389142,1
513802,2
513802,1
513804,2
513804,1
513806,2
513806,1
328000,2
328000,1
513868,2
513868,1
204196,2
204196,1
320645,2
320645,1
513876,2
513876,1
2311,1
236662,1
91916,1
74022,1
178250,1
117049,1
238195,1
510759,2
510759,1
73727,2
73727,1
227122,2
227122,1
227123,2
227123,1
48872,2
48872,1
204464,2
204464,1
327495,1
322447,1
351825,2
351825,1
327466,2
327466,1
270957,2
270957,1
56296,2
56296,1
205031,1
334665,1
504577,1
90195,1
295952,1
96758,1
295957,1
172201,1
387407,1
360550,1
284625,1
322075,1
351184,1
186920,1
319812,1
295949,1
375149,1
89230,1
182598,1
359181,2
359181,1
359182,2
359182,1
360381,1
357463,2
357463,1
361660,2
361660,1
316222,2
316222,1
504601,2
504601,1
360382,1
313742,2
313742,1
313721,2
313721,1
504516,2
504516,1
254449,2
254449,1
376973,2
376973,1
320171,2
320171,1
360917,2
360917,1
360919,2
360919,1
313737,2
313737,1
313741,2
313741,1
504026,2
504026,1
375975,2
375975,1
350941,2
350941,1
521921,1
521927,1
521919,1
521920,1
518105,1
520272,2
520272,1
379005,2
379005,1
379004,2
379004,1
521278,2
521278,1
525617,2
525617,1
521203,1
521735,1
518037,1
521851,1
521305,1
520134,2
520134,1
353060,2
353060,1
377226,2
377226,1
205334,1
48508,1
239996,1
205792,2
205792,1
153020,2
153020,1
129801,2
129801,1
157530,2
157530,1
205793,2
205793,1
198923,1
72074,2
72074,1
2605,2
2605,1
304025,1
318727,1
304031,1
28243,1
205982,1
51113,1
2633,1
176990,1
119564,1
206172,1
379305,1
379307,1
379306,1
379308,1
338608,1
20094,1
517649,1
65249,2
65249,1
62104,2
62104,1
174530,2
174530,1
218388,2
218388,1
368327,2
368327,1
95607,2
95607,1
218391,2
218391,1
99147,2
99147,1
99399,2
99399,1
96650,2
96650,1
94848,2
94848,1
92678,2
92678,1
97937,2
97937,1
94420,2
94420,1
98326,2
98326,1
92060,2
92060,1
93927,2
93927,1
93862,2
93862,1
98357,2
98357,1
96824,2
96824,1
90340,2
90340,1
171380,2
171380,1
92582,2
92582,1
174533,2
174533,1
29775,2
89288,2
89288,1
98622,2
98622,1
222794,2
222794,1
171383,2
171383,1
174103,2
174103,1
325688,2
325688,1
93459,2
93459,1
172107,2
172107,1
100321,2
100321,1
95500,2
95500,1
89292,2
89292,1
92829,2
92829,1
174104,2
174104,1
168755,2
168755,1
90806,2
90806,1
98820,2
98820,1
98821,2
98821,1
174535,2
174535,1
174536,2
174536,1
168756,2
168756,1
95133,2
95133,1
174538,2
174538,1
41810,2
41810,1
30132,2
30132,1
171381,2
171381,1
96355,2
96355,1
91939,2
91939,1
30134,2
30134,1
99476,2
99476,1
97117,2
97117,1
293754,2
293754,1
30147,2
30147,1
95086,2
95086,1
105130,2
105130,1
345414,2
345414,1
30161,2
30161,1
29926,2
29926,1
171386,2
171386,1
171378,2
171378,1
30162,2
30162,1
92162,2
92162,1
94560,2
94560,1
96504,2
96504,1
29934,2
29934,1
30173,2
30173,1
98717,2
98717,1
89759,2
89759,1
95294,2
95294,1
93891,2
93891,1
92606,2
92606,1
30180,2
30180,1
90183,2
90183,1
79070,2
79070,1
29963,2
29963,1
74653,2
74653,1
30186,2
30186,1
96310,2
96310,1
92530,2
92530,1
174549,2
174549,1
192914,2
192914,1
92270,2
92270,1
2754,2
2754,1
92271,2
92271,1
90691,2
90691,1
99425,2
99425,1
89954,2
89954,1
112726,2
112726,1
98191,2
92343,2
96909,2
96909,1
30011,2
30011,1
97407,2
97407,1
91017,2
91017,1
97426,2
97426,1
98711,2
98711,1
90902,2
90902,1
30222,2
30222,1
92592,2
92592,1
108658,2
108658,1
109913,2
109913,1
2765,2
2765,1
2807,2
2807,1
28283,2
28283,1
76161,2
76161,1
181288,2
181288,1
105708,2
105708,1
143538,2
272027,2
272027,1
255342,2
255342,1
166319,2
166319,1
126089,2
126089,1
300105,1
43260,2
43260,1
204495,2
204495,1
155100,2
155100,1
96441,2
96441,1
206651,2
206651,1
342423,2
342423,1
342424,2
342424,1
110459,2
110459,1
206770,2
206770,1
251996,2
251996,1
64095,2
64095,1
61023,2
61023,1
367701,2
367701,1
94502,2
94502,1
344633,2
344633,1
335299,2
335299,1
298346,2
298346,1
81987,2
81987,1
46569,2
46569,1
2931,2
2931,1
309950,2
309950,1
206803,2
206803,1
94261,2
94261,1
2966,2
2966,1
227431,2
227431,1
93869,2
93869,1
166538,1
166545,1
162670,1
352460,1
166557,1
324431,1
70887,1
318917,1
209846,1
46144,1
110899,1
209848,1
87880,1
195813,1
109643,1
71015,1
286752,1
175429,1
360293,1
166591,1
181285,1
151239,1
166599,1
28766,1
101856,1
169400,1
209858,1
299144,1
192707,1
130335,1
207684,1
191041,1
138774,1
114496,1
166671,1
56136,1
208291,1
110330,1
49343,1
523886,1
137372,1
46497,1
360296,1
169408,1
233315,1
95854,1
45389,1
68087,1
255570,1
111106,1
333659,1
79063,1
109798,1
298849,1
324433,1
237546,1
285001,1
207682,1
90931,1
226346,1
500124,1
85740,1
80432,1
117705,1
137373,1
299145,1
136058,1
192702,1
228829,1
3002,1
189305,1
206910,1
28755,1
241862,1
98223,1
64542,1
206914,1
92942,1
28781,2
28781,1
183206,1
25666,1
3050,1
108790,1
47387,1
515399,1
328150,2
328150,1
237440,1
212826,1
251219,2
251219,1
139088,2
139088,1
139090,2
139090,1
208294,2
208294,1
241877,1
3074,1
300955,2
300955,1
237441,1
273624,2
273624,1
375943,1
128685,2
128685,1
3081,2
3081,1
285760,2
285760,1
113788,2
113788,1
3082,2
3082,1
255603,2
255603,1
79064,2
79064,1
81080,2
81080,1
207573,2
207573,1
3085,2
3085,1
227680,2
227680,1
207574,2
207574,1
99270,2
99270,1
375198,2
375198,1
84119,2
84119,1
103067,2
103067,1
374210,2
374210,1
374750,2
374750,1
69184,2
69184,1
281547,2
281547,1
3094,2
3094,1
171051,2
171051,1
55875,2
55875,1
3095,2
3095,1
77714,2
77714,1
207570,2
207570,1
60798,2
60798,1
209484,2
209484,1
153031,2
153031,1
124346,2
124346,1
63832,2
63832,1
83677,1
299910,2
299910,1
3102,2
3102,1
274497,2
274497,1
239983,1
184499,1
189894,1
259629,1
357909,1
195615,1
353319,1
191832,1
375140,1
349303,1
207936,2
207936,1
25368,2
25368,1
178351,2
178351,1
202304,1
3311,2
3311,1
523339,1
523435,1
299491,2
299491,1
207835,2
207835,1
98427,2
98427,1
328358,2
328358,1
53176,2
53176,1
42260,2
42260,1
3364,2
3364,1
285374,2
285374,1
280324,2
280324,1
228397,2
228397,1
154955,2
154955,1
28956,2
28956,1
98256,2
98256,1
43178,2
43178,1
3370,2
3370,1
328511,2
328511,1
328361,2
328361,1
91612,2
91612,1
28968,2
28968,1
241006,2
241006,1
135338,2
135338,1
3382,2
3382,1
65739,2
65739,1
3409,1
209760,1
209775,1
74288,1
209793,1
3451,1
3688,2
3688,1
3697,2
3697,1
3735,1
50390,1
62852,1
281284,1
261101,1
221394,1
29236,1
285480,1
123875,1
306245,1
253639,1
305305,1
123775,1
227065,1
123344,1
308371,1
122855,1
260942,1
123994,1
335110,1
335112,1
308567,1
122862,1
125473,1
123513,1
123249,1
123163,1
290703,1
375752,1
123267,1
168350,1
123873,1
268686,1
504567,1
165394,1
273944,1
166942,1
221579,1
303702,1
123277,1
315300,1
210687,2
210687,1
29262,2
29262,1
157673,1
352969,1
220539,1
99459,1
211429,1
211437,1
29286,1
122802,2
122802,1
193127,1
102727,2
102727,1
29319,2
29319,1
367937,2
367937,1
174786,1
241651,1
170785,1
167941,1
181740,1
310019,1
241653,1
3808,1
22698,1
101081,1
24732,1
501695,1
149982,1
30506,1
29332,1
148139,1
51666,1
3811,1
3814,1
147688,1
297427,1
3815,1
241652,1
168831,1
209128,1
120449,1
212500,1
149047,1
212499,1
96524,1
96481,1
143107,1
94295,1
101082,1
136168,1
328151,2
328151,1
121159,2
121159,1
58591,2
58591,1
3844,2
3844,1
29340,2
29340,1
212847,1
3854,1
72690,1
106000,1
523767,1
523766,1
174115,1
45977,1
322963,1
29377,1
184240,1
29248,1
145172,1
500145,1
212884,1
119038,1
20867,1
24133,1
43179,1
3867,1
90184,1
139124,1
43180,1
162697,1
3880,1
281246,1
89049,1
116000,1
220715,1
29369,1
59616,1
130518,1
212857,1
304813,1
98685,1
209691,1
163509,1
223004,1
93715,1
91672,1
29360,1
322996,1
146847,1
523776,1
523775,1
523779,1
93118,1
523778,1
327556,1
327512,1
306482,2
306482,1
91373,2
91373,1
210274,2
210274,1
116220,2
116220,1
138391,1
248443,1
80890,2
80890,1
207213,2
207213,1
211455,1
65570,2
65570,1
314136,1
60369,2
60369,1
43511,2
43511,1
182867,1
50259,2
50259,1
151310,1
336810,1
336812,2
336812,1
155101,2
155101,1
105769,2
105769,1
50895,2
50895,1
83478,1
93783,1
57460,1
375762,1
194371,2
194371,1
98389,2
98389,1
181514,1
211339,2
211339,1
96207,2
96207,1
332962,1
327250,1
515184,1
135829,1
515185,1
96082,2
96082,1
236557,2
236557,1
150059,1
348161,1
97605,2
97605,1
96860,2
96860,1
523309,2
523309,1
537765,1
529575,1
529477,1
197716,2
197716,1
243487,2
243487,1
197711,1
220387,2
220387,1
197714,1
240438,1
215543,2
215543,1
215545,2
215545,1
215547,2
215547,1
275088,2
275088,1
215549,2
215549,1
215551,2
215551,1
215554,2
215554,1
215568,2
215568,1
340970,2
340970,1
215571,2
215571,1
213958,2
213958,1
215573,2
215573,1
284700,1
309232,2
309232,1
300852,1
215579,1
301887,1
240395,2
240395,1
272608,1
284699,1
275541,1
300956,2
300956,1
324343,2
324343,1
355939,2
355939,1
337343,1
326135,2
326135,1
343478,1
300925,2
300925,1
317066,2
317066,1
351731,2
351731,1
349092,2
349092,1
320194,1
317064,2
317064,1
341785,2
341785,1
360993,1
324344,1
353323,2
353323,1
317065,2
317065,1
337341,2
337341,1
326137,2
326137,1
337342,1
337344,2
337344,1
353322,2
353322,1
353152,1
380811,1
369974,2
369974,1
369973,2
369973,1
370058,2
370058,1
376987,1
326136,1
370059,2
370059,1
378589,2
378589,1
388453,1
121384,2
121384,1
121363,1
192952,2
192952,1
209596,2
209596,1
176002,2
176002,1
173014,2
173014,1
241013,1
194369,2
194369,1
242737,2
242737,1
80121,2
80121,1
82290,2
82290,1
243832,2
243832,1
81821,1
183803,2
183803,1
45601,1
191879,1
194378,1
209600,2
209600,1
143123,2
143123,1
29428,2
29428,1
331402,1
138409,2
138409,1
194375,1
331776,1
280095,2
280095,1
337074,1
342007,1
165897,2
165897,1
198413,2
198413,1
29426,2
29426,1
198414,2
198414,1
96731,2
96731,1
218959,1
248287,1
68257,2
68257,1
67999,2
67999,1
59159,2
59159,1
218958,2
218958,1
155028,2
155028,1
292816,1
89078,1
45411,1
379003,1
89349,1
99627,2
99627,1
328373,1
57365,2
57365,1
269518,1
382777,1
80498,1
181518,1
93840,1
292734,2
292734,1
75185,2
75185,1
59035,2
59035,1
210084,1
337073,1
92156,2
92156,1
133895,1
138429,2
138429,1
68258,2
68258,1
194373,2
194373,1
378205,2
378205,1
138433,1
96722,2
96722,1
44842,2
44842,1
218960,2
218960,1
141173,1
59413,2
59413,1
46501,2
46501,1
86388,2
86388,1
76353,1
49945,2
49945,1
375766,1
71896,1
57420,2
57420,1
515186,1
227089,1
96069,2
96069,1
227090,1
331400,1
86938,2
86938,1
536881,1
223010,2
223010,1
133890,2
133890,1
328375,1
59702,2
59702,1
29478,2
29478,1
121408,2
121408,1
46801,1
55115,2
55115,1
383625,1
118677,2
118677,1
86075,1
71691,2
71691,1
248376,1
210954,2
210954,1
210871,2
210871,1
248378,1
138443,2
138443,1
81182,2
81182,1
272918,2
272918,1
187138,1
66955,2
66955,1
95160,2
95160,1
124310,2
124310,1
250375,2
250375,1
194372,2
194372,1
76126,2
76126,1
54459,2
54459,1
133891,2
133891,1
317069,1
349435,1
345660,1
70118,1
210020,1
48084,1
50038,2
50038,1
138448,2
138448,1
86175,2
86175,1
269524,2
269524,1
287461,1
515187,1
53221,2
53221,1
102957,2
102957,1
153342,1
58282,1
168210,2
168210,1
326508,1
367142,2
367142,1
382780,1
78281,2
78281,1
243737,1
99793,2
99793,1
99851,2
99851,1
94458,2
94458,1
96302,2
96302,1
92572,2
92572,1
110029,1
52716,2
52716,1
126164,2
126164,1
336176,1
83374,2
83374,1
70114,2
70114,1
42541,2
42541,1
378206,1
357518,1
369961,1
350038,1
346018,1
384474,1
357519,1
531032,1
534410,1
314030,1
317071,2
317071,1
231284,2
231284,1
337462,1
295059,1
295060,1
165961,2
165961,1
275448,2
275448,1
314386,2
314386,1
29510,1
307075,2
307075,1
121409,2
121409,1
315258,2
315258,1
297895,2
297895,1
313747,1
215550,2
215550,1
357422,1
121364,1
317068,2
317068,1
530673,1
382280,1
319897,1
238048,1
43868,2
43868,1
63782,2
63782,1
207214,2
207214,1
504704,1
215552,2
215552,1
529731,1
215569,2
215569,1
343469,2
343469,1
322220,1
282535,1
215546,2
215546,1
238045,2
238045,1
341784,2
341784,1
336023,1
215572,2
215572,1
292737,1
297115,1
282536,1
507636,1
281493,1
334758,2
334758,1
537849,1
238047,1
334759,1
322221,2
322221,1
533192,1
270842,1
244661,1
218968,2
218968,1
215548,2
215548,1
322223,2
322223,1
357423,1
298706,2
298706,1
197712,1
197713,1
239580,2
239580,1
351732,2
351732,1
162614,2
162614,1
380812,1
324425,2
324425,1
269514,2
269514,1
372816,2
372816,1
349475,1
368499,2
368499,1
215544,2
215544,1
258585,1
352596,2
352596,1
114533,2
114533,1
334757,1
343468,1
352592,2
352592,1
370851,1
215555,2
215555,1
121385,2
121385,1
194377,2
194377,1
91068,1
248370,1
238377,2
238377,1
239581,2
239581,1
238378,2
238378,1
367513,1
313904,2
313904,1
258237,2
258237,1
297516,1
368500,2
368500,1
343470,1
197715,2
197715,1
349091,2
349091,1
334760,2
334760,1
322225,2
322225,1
367703,2
367703,1
297517,1
378207,1
248390,2
248390,1
533297,1
322227,1
315259,2
315259,1
215580,1
367704,2
367704,1
521444,2
521444,1
215574,2
215574,1
378588,2
378588,1
328005,2
328005,1
531037,1
352601,1
358806,1
315260,2
315260,1
248344,1
213065,1
223017,1
95824,1
89092,1
269520,2
269520,1
239579,1
80497,2
80497,1
170486,2
170486,1
179958,2
179958,1
136936,2
136936,1
72691,2
72691,1
115810,1
151313,2
151313,1
3950,2
3950,1
66295,1
93261,1
254815,1
61311,1
51767,1
23290,2
23290,1
29445,1
213304,1
91233,1
115602,2
115602,1
3974,2
3974,1
251869,2
251869,1
109366,2
109366,1
58954,2
58954,1
170212,2
170212,1
180464,2
180464,1
138254,2
138254,1
164240,2
164240,1
166389,2
166389,1
183857,2
183857,1
29467,2
29467,1
251906,2
251906,1
29470,2
29470,1
248409,2
248409,1
29471,2
29471,1
248412,2
248412,1
227095,1
368667,1
29477,2
29477,1
274739,2
274739,1
272844,2
272844,1
89876,2
89876,1
3993,2
3993,1
29482,2
29482,1
104889,2
104889,1
110901,1
238582,2
238582,1
238583,2
238583,1
207216,2
207216,1
238584,2
238584,1
91305,2
91305,1
213087,2
213087,1
167886,2
167886,1
97329,2
97329,1
213395,2
213395,1
191575,1
4011,1
29557,1
231567,1
213415,2
213415,1
163280,2
163280,1
112990,2
112990,1
115989,2
115989,1
113031,2
113031,1
507449,1
507632,1
507066,1
521159,1
299562,1
281825,1
281826,1
521231,1
307779,1
154478,1
526009,1
504208,1
322460,1
374635,1
515188,1
292899,1
536485,1
285377,1
307780,1
126589,1
359375,1
115078,1
219644,1
375944,1
296297,1
284347,1
284348,1
536007,1
536275,1
511667,1
536646,1
197182,1
306739,1
282416,1
142616,1
44949,1
75151,1
158021,2
158021,1
243582,2
243582,1
327492,2
327492,1
263323,1
69446,2
69446,1
4331,2
4331,1
195921,1
158060,2
510891,2
510891,1
510949,2
510949,1
510613,2
510613,1
176647,1
176650,1
282764,2
282764,1
217078,1
342583,2
342583,1
316205,2
316205,1
30610,2
30610,1
219214,1
343734,2
343734,1
168851,1
214671,1
318308,2
318308,1
318309,2
318309,1
257548,1
19636,1
324868,2
324868,1
520080,2
520080,1
518985,2
518985,1
519784,2
519784,1
4698,2
4698,1
137243,1
130632,1
4804,1
130631,1
325130,2
325130,1
141840,2
141840,1
131195,2
131195,1
223103,2
223103,1
517527,2
517527,1
117941,2
117941,1
519815,2
519815,1
521483,2
521483,1
128486,2
128486,1
208715,2
208715,1
135061,2
135061,1
223105,2
223105,1
77960,2
77960,1
103902,2
103902,1
374987,2
374987,1
372207,2
372207,1
374988,2
374988,1
117807,2
117807,1
80183,2
80183,1
269578,1
521290,2
521290,1
520372,2
520372,1
317507,2
317507,1
103744,2
103744,1
132933,2
132933,1
236956,1
109095,2
109095,1
117831,2
117831,1
255213,2
255213,1
135060,2
135060,1
30862,2
30862,1
94704,2
94704,1
30899,2
30899,1
73539,2
73539,1
102892,2
102892,1
4831,2
4831,1
101886,2
101886,1
62573,2
62573,1
4824,2
4824,1
126646,2
126646,1
117808,2
117808,1
30861,2
30861,1
83593,2
83593,1
388781,1
350761,1
328429,2
328429,1
341639,1
401897,1
107473,1
105878,1
23413,1
107475,1
341627,1
280055,1
105935,1
105843,1
107482,1
105908,1
383027,1
401988,1
41192,1
171483,1
105879,1
327496,1
346877,1
107490,1
402095,1
383032,1
107494,1
402163,1
402164,1
327497,1
107534,1
105815,1
42099,1
119548,1
233670,1
280064,1
162835,1
23395,1
105848,1
366104,1
112518,1
107525,1
107526,1
105902,1
41155,1
119530,1
128611,1
40938,1
105819,1
280059,1
5169,1
401935,1
5171,1
105828,1
105813,1
201466,1
5173,1
5174,1
240442,1
64718,1
5177,1
105859,1
5179,1
402429,1
402553,1
5186,1
22170,1
79573,1
30989,1
177308,1
74116,2
74116,1
177307,1
94731,1
174710,1
5204,1
56264,1
5206,1
5207,1
72447,1
528694,1
295893,1
287069,1
256002,1
5235,1
22791,1
228839,2
228839,1
228837,2
228837,1
223168,2
223168,1
286961,2
286961,1
173089,2
173089,1
95433,2
95433,1
26091,2
26091,1
223170,2
223170,1
90594,2
90594,1
74895,2
74895,1
96990,2
96990,1
171388,2
171388,1
97507,2
97507,1
98149,2
98149,1
89858,2
89858,1
44079,2
44079,1
89391,2
89391,1
215951,2
215951,1
370409,2
370409,1
89536,2
89536,1
90273,2
90273,1
119063,2
119063,1
228840,2
228840,1
387479,2
387479,1
71464,2
71464,1
309235,1
231843,1
237118,1
111383,1
173307,1
173315,1
526531,1
368734,1
526521,1
180939,1
173419,1
168960,1
360371,1
369479,1
146089,1
43443,1
353558,1
141109,1
337940,1
173660,1
242097,1
83188,1
143920,1
242160,1
255701,1
237111,1
303588,1
327856,1
329462,1
165303,1
371614,1
338339,1
165311,1
197962,1
371591,1
20451,1
5296,1
5307,1
5347,2
5347,1
92473,2
92473,1
242033,2
242033,1
529327,2
529327,1
524982,2
524982,1
115089,1
67143,1
344978,1
5379,2
529328,2
529328,1
529329,2
529329,1
59103,1
179043,1
89527,1
256263,1
256264,1
256266,1
256268,1
256269,1
256270,1
504406,1
116160,1
52432,1
144642,1
97701,1
54055,1
89870,1
243175,1
48157,1
279244,1
523043,1
99181,1
115773,1
242994,1
177793,1
65818,1
69970,1
96530,1
65924,1
379477,1
69813,1
256248,1
334774,1
256247,1
275089,1
109120,1
160999,1
93228,1
510763,1
514289,1
504835,1
504184,1
525797,1
89860,1
31199,1
89086,1
347714,1
174990,1
271848,1
93995,1
97023,1
255626,1
270111,1
253049,1
239654,1
229670,1
175037,1
306949,1
191392,1
162485,1
162478,1
143276,1
207053,1
31207,1
334775,1
70569,1
143275,1
43498,1
97251,1
161360,1
183195,1
334776,1
167983,1
525437,1
167984,1
334777,1
226440,1
167986,1
103484,1
94046,1
79377,1
275579,1
341813,1
271105,1
147390,1
84310,1
84311,1
94262,1
168669,1
249515,1
177500,1
256283,1
324915,1
31218,1
256245,1
275090,1
234662,1
97383,1
250973,1
90206,1
333043,1
71242,1
375150,1
92377,1
116162,1
90575,1
113178,1
98923,1
45783,1
133216,1
239146,1
66630,1
291865,1
167758,1
50464,1
191091,1
75535,1
83866,1
58660,1
131838,1
48967,1
201245,1
101296,1
101297,1
44259,1
306947,1
379478,1
101302,1
511951,1
504674,1
510806,1
503995,1
525493,1
510820,1
278139,1
101306,1
52839,1
162917,1
101324,1
223181,1
5398,1
256277,1
137824,1
256278,1
256280,1
284725,1
251465,1
191089,1
256281,1
256282,1
256284,1
272230,1
256285,1
207803,1
69932,1
151204,1
286003,1
286004,1
256287,1
84267,1
80275,1
62963,1
43926,1
92549,1
44275,1
69539,1
58704,1
55552,1
59659,1
84125,1
59981,1
157674,1
31313,2
31313,1
116122,1
232280,1
5638,2
5638,1
31502,2
31502,1
117717,2
117717,1
91512,2
91512,1
114437,2
114437,1
197021,2
197021,1
62337,2
62337,1
102008,2
102008,1
381860,2
381860,1
371917,2
371917,1
135618,1
223199,2
223199,1
102651,2
102651,1
114439,2
114439,1
58330,2
58330,1
99169,1
202613,1
345697,1
299821,1
362402,1
285912,1
299823,1
299824,1
376621,1
31761,1
101180,1
5773,1
180300,1
181294,1
93308,1
293039,1
5782,1
94084,1
503982,1
145645,1
521101,1
315885,1
517786,1
256023,1
68160,1
96172,1
177949,1
374901,1
114241,1
40914,1
126098,1
140909,1
108813,1
5843,1
353064,2
353064,1
350954,2
350954,1
317986,1
44628,2
44628,1
5885,2
5885,1
530000,2
530000,1
529902,1
5890,2
5890,1
523654,2
523654,1
136964,2
136964,1
5960,2
5960,1
286218,1
286217,1
181207,1
339309,1
236279,1
305876,1
31841,1
89628,1
340677,2
340677,1
368858,1
47768,1
202626,1
114440,2
114440,1
138255,1
99826,2
99826,1
73225,2
73225,1
6024,1
31893,1
6026,1
84935,1
6025,2
6025,1
6027,1
96551,2
96551,1
86906,2
86906,1
31897,1
193418,1
127362,1
6115,1
31930,2
31930,1
6149,2
6149,1
223264,1
6180,1
134083,1
87557,1
6191,1
158514,1
182583,1
82838,1
6192,2
6192,1
113094,1
182585,1
377041,1
374182,1
153230,2
153230,1
223327,2
223327,1
31950,2
31950,1
511247,2
6213,1
308914,2
308914,1
316990,2
316990,1
202635,2
202635,1
340841,2
340841,1
353813,2
353813,1
331254,2
331254,1
349586,2
349586,1
379489,2
379489,1
379491,2
379491,1
380552,2
380552,1
340842,2
340842,1
380550,2
380550,1
343721,2
343721,1
243491,2
243491,1
227130,2
227130,1
353810,2
353810,1
343472,2
343472,1
300328,2
300328,1
218623,2
218623,1
281501,2
281501,1
386746,2
386746,1
364441,2
364441,1
341815,2
341815,1
322078,2
322078,1
356006,2
356006,1
313606,2
313606,1
377075,2
377075,1
154634,2
154634,1
325135,2
325135,1
301457,2
301457,1
345224,2
345224,1
216530,2
216530,1
316207,2
316207,1
269334,2
269334,1
350989,2
350989,1
307892,2
307892,1
240037,2
240037,1
298513,2
298513,1
326507,2
326507,1
349538,2
349538,1
356007,2
356007,1
364445,2
364445,1
526433,2
526433,1
371263,2
371263,1
343769,2
343769,1
521217,2
521217,1
521168,2
521168,1
320851,2
320851,1
241414,2
241414,1
364442,2
364442,1
313905,2
313905,1
319788,2
319788,1
353809,2
353809,1
345346,2
345346,1
349537,2
349537,1
324832,2
324832,1
307896,2
307896,1
306559,2
306559,1
317395,2
317395,1
526128,2
526128,1
316234,2
316234,1
526366,2
526366,1
306951,2
306951,1
269102,2
269102,1
349535,2
349535,1
241724,2
241724,1
234980,2
234980,1
511573,2
511573,1
505292,2
505292,1
371276,2
371276,1
505291,2
505291,1
386745,2
386745,1
505294,2
505294,1
505282,2
505282,1
349540,2
349540,1
236526,2
236526,1
521399,2
521399,1
521513,2
521513,1
526157,2
526157,1
505303,2
505303,1
273013,2
273013,1
354185,2
354185,1
368503,2
368503,1
323538,2
323538,1
375948,2
375948,1
345323,2
345323,1
371277,2
371277,1
505296,2
505296,1
384495,2
384495,1
505293,2
505293,1
520126,2
520126,1
518998,2
518998,1
521711,2
521711,1
521355,2
521355,1
227131,2
227131,1
371264,2
371264,1
526435,2
526435,1
206438,2
206438,1
239703,2
239703,1
360383,2
360383,1
505295,2
505295,1
322080,2
322080,1
526202,2
526202,1
350012,2
350012,1
379492,2
379492,1
315602,2
315602,1
353035,2
353035,1
379490,2
379490,1
315604,2
315604,1
380551,2
380551,1
380553,2
380553,1
507859,2
507859,1
507858,2
507858,1
367737,2
367737,1
31969,2
31969,1
193129,2
193129,1
72550,2
72550,1
253195,2
253195,1
228305,2
228305,1
220610,2
220610,1
216589,2
216589,1
379493,2
379493,1
300329,2
300329,1
124796,2
124796,1
227227,2
227227,1
301458,2
301458,1
315601,2
315601,1
238954,2
238954,1
206923,2
206923,1
216585,2
216585,1
222174,2
222174,1
367516,2
367516,1
168108,2
168108,1
296074,2
296074,1
279829,2
279829,1
179817,2
179817,1
256168,1
301708,2
301708,1
285143,2
285143,1
317254,2
317254,1
368683,2
368683,1
364444,2
364444,1
289150,2
289150,1
379494,2
379494,1
241320,2
241320,1
379495,2
379495,1
331256,2
331256,1
78524,2
78524,1
243416,2
243416,1
384496,2
384496,1
352714,2
352714,1
369963,2
369963,1
31981,2
31981,1
31985,2
44211,2
44211,1
114273,2
114273,1
105663,2
105663,1
132463,2
132463,1
45997,2
45997,1
350990,2
350990,1
273633,2
273633,1
59261,2
223334,2
105702,2
105702,1
6283,2
6283,1
168970,2
168970,1
285042,1
227350,1
114302,1
305889,1
124760,1
305893,1
79486,2
79486,1
45778,2
45778,1
6352,2
6408,2
6408,1
304711,1
127558,1
336921,1
114351,1
118452,1
106294,1
27648,1
109348,1
170981,1
375214,1
150426,1
114465,1
93756,1
77617,1
194792,1
41320,1
91441,1
360428,1
87042,1
278661,1
198657,1
191424,1
191420,1
6516,1
6517,1
71063,1
294275,2
294275,1
103560,2
103560,1
177800,2
177800,1
6527,2
6527,1
373651,2
373651,1
158623,2
158623,1
281846,2
281846,1
131504,2
131504,1
6532,2
6532,1
182280,1
86011,1
155010,1
180242,1
151922,1
73403,1
187308,1
181503,1
186778,2
186778,1
136982,2
136982,1
176751,2
176751,1
54169,2
54169,1
116003,2
116003,1
111347,2
111347,1
242270,1
101664,2
101664,1
223355,2
223355,1
524634,1
187310,2
187310,1
170369,2
170369,1
287755,2
287755,1
300062,2
300062,1
327851,2
327851,1
28925,2
28925,1
6547,2
6547,1
6548,2
6548,1
32120,1
62450,2
62450,1
84954,1
178446,2
178446,1
81951,1
168383,2
168383,1
63817,2
63817,1
6643,2
6643,1
91930,2
91930,1
90090,2
90090,1
99447,2
99447,1
95891,2
95891,1
99448,2
99448,1
94341,2
94341,1
105073,2
105073,1
75000,2
75000,1
99709,2
99709,1
97134,2
97134,1
98059,2
98059,1
173138,2
173138,1
48757,2
48757,1
43066,2
43066,1
173139,2
173139,1
307706,2
307706,1
51149,2
51149,1
51150,2
51150,1
97319,2
97319,1
97921,2
97921,1
96925,2
96925,1
62387,2
62387,1
78642,2
78642,1
93888,2
93888,1
318763,2
318763,1
96948,2
96948,1
96869,2
96869,1
98979,2
98979,1
70297,2
70297,1
99291,2
99291,1
68754,2
68754,1
223383,2
223383,1
82902,2
82902,1
239344,2
239344,1
89689,2
89689,1
95121,2
95121,1
74099,2
74099,1
318580,2
318580,1
77590,2
77590,1
78292,2
78292,1
32435,2
32435,1
6693,2
6693,1
98096,2
98096,1
98346,2
98346,1
97764,2
97764,1
61751,2
61751,1
62353,2
62353,1
300271,2
300271,1
334284,2
334284,1
32448,2
32448,1
90819,2
90819,1
46025,2
46025,1
95988,2
95988,1
99496,2
99496,1
93334,2
93334,1
97000,2
97000,1
43315,2
43315,1
92651,2
92651,1
105236,2
105236,1
96827,2
96827,1
32437,2
32437,1
97384,2
97384,1
32442,2
32442,1
6698,2
6698,1
90981,2
90981,1
89326,2
89326,1
173102,2
173102,1
94487,2
94487,1
6628,2
6628,1
156684,2
156684,1
199718,2
199718,1
215964,2
215964,1
293427,2
293427,1
102508,2
102508,1
300274,2
300274,1
291747,1
91317,2
91317,1
98093,2
98093,1
93179,2
93179,1
300273,2
300273,1
218403,2
218403,1
307719,2
307719,1
82613,2
82613,1
102509,2
102509,1
99864,2
99864,1
55608,2
55608,1
98838,2
98838,1
91624,2
91624,1
168767,2
168767,1
128829,2
128829,1
115659,2
115659,1
102006,2
102006,1
114442,2
114442,1
97429,2
97429,1
66706,2
66706,1
105771,1
109456,2
114502,1
114504,2
114504,1
104257,2
104257,1
67456,2
67456,1
154071,2
154071,1
67773,2
67773,1
114009,2
114009,1
74722,1
63524,2
63524,1
49830,2
49830,1
95608,2
95608,1
49573,2
49573,1
300501,2
300501,1
113798,2
113798,1
324918,2
324918,1
32487,2
226383,2
170637,2
6725,2
208784,2
208784,1
523323,2
523323,1
195456,2
64816,2
64816,1
6777,2
6777,1
75520,2
75520,1
500299,2
500299,1
97796,2
97796,1
6784,2
6784,1
243425,2
243425,1
32557,2
32557,1
132462,2
132462,1
6792,2
6792,1
353689,2
353689,1
156168,1
244808,1
168111,2
168111,1
53933,2
53933,1
371931,2
371931,1
94780,2
94780,1
269830,2
269830,1
32570,1
101336,1
308061,1
100204,1
387039,1
234554,1
6922,1
361737,1
164068,1
58286,2
58286,1
306349,1
89679,1
95125,1
304250,1
85742,1
68655,2
68655,1
95418,2
95418,1
342662,2
342662,1
242418,2
242418,1
158764,1
112011,1
270952,1
208000,2
208000,1
273045,1
253788,2
253788,1
248598,2
248598,1
115493,2
115493,1
71433,2
71433,1
248600,2
248600,1
298621,2
298621,1
181252,2
181252,1
240789,2
240789,1
270953,2
270953,1
248485,1
130177,2
130177,1
7028,2
7028,1
195958,2
195958,1
206925,2
206925,1
285879,1
126484,2
126484,1
126133,2
126133,1
253791,2
253791,1
306222,1
253158,2
253158,1
270897,2
270897,1
7030,2
7030,1
72758,2
72758,1
7031,2
7031,1
153888,2
153888,1
42650,2
42650,1
108798,2
108798,1
80975,2
80975,1
130800,2
130800,1
130801,2
130801,1
254414,2
254414,1
199223,2
199223,1
109437,2
109437,1
216807,2
216807,1
270946,2
270946,1
248669,2
248669,1
231919,2
231919,1
7032,1
105643,1
134625,1
124797,1
80739,1
248486,1
174989,2
174989,1
169663,2
169663,1
180792,1
169030,2
169030,1
168513,2
168513,1
522354,2
522354,1
7034,2
7034,1
300583,1
256132,1
270191,1
142488,2
142488,1
109472,2
109472,1
66216,2
66216,1
98990,2
98990,1
309922,1
309923,1
351734,1
124798,1
124799,1
181253,1
256130,1
67452,1
363778,1
201508,1
240815,2
240815,1
95791,1
75196,2
75196,1
102905,1
53834,1
320333,1
32732,2
32732,1
169488,2
169488,1
127747,2
127747,1
81924,2
81924,1
163023,2
163023,1
7053,2
7053,1
332105,2
332105,1
332111,2
332111,1
332101,2
332101,1
99740,2
99740,1
7056,2
7056,1
99556,2
99556,1
72613,2
72613,1
89512,2
89512,1
51337,2
51337,1
7058,2
7058,1
250643,2
250643,1
101237,2
101237,1
101236,2
101236,1
7078,2
7078,1
32745,2
32745,1
279667,2
279667,1
60050,2
60050,1
129295,2
129295,1
287362,2
287362,1
239957,2
239957,1
118306,2
118306,1
118307,2
118307,1
90192,1
285397,1
194504,1
240657,2
240657,1
312316,1
320332,1
254803,1
361082,1
274889,1
521815,2
521815,1
264742,1
358818,1
340635,2
340635,1
500923,2
500923,1
501157,2
501157,1
501158,2
501158,1
500796,2
500796,1
248226,2
248226,1
500931,2
500931,1
501174,2
501174,1
500737,2
500737,1
501173,1
388561,2
388561,1
500739,2
500739,1
248229,2
248229,1
501176,2
501176,1
500915,1
209647,1
113070,2
113070,1
63641,1
175156,1
374751,1
22728,1
63631,2
63631,1
162463,1
358819,1
352610,1
254984,1
170211,1
101714,2
101714,1
24471,1
45037,1
104793,2
104793,1
76506,2
76506,1
521718,1
147427,1
226351,2
226351,1
7221,2
7221,1
81896,2
81896,1
95088,2
95088,1
32871,2
32871,1
95847,2
95847,1
77737,1
43739,1
152402,1
158862,1
342411,2
342411,1
516742,2
516742,1
138101,2
138101,1
180005,2
180005,1
125042,1
223487,1
128049,1
98308,1
268789,1
7291,2
7291,1
286152,1
7418,2
7418,1
7429,2
7429,1
114677,1
315011,1
309773,2
309773,1
51315,1
92610,1
127639,1
91153,1
84196,1
46708,2
46708,1
174160,1
330459,1
347730,1
182081,1
96830,1
96874,1
97344,1
150705,1
67106,1
96464,1
75873,1
58473,1
145694,1
315022,1
306297,1
182216,1
220700,1
222062,2
222062,1
521187,1
95591,1
53101,1
373045,2
373045,1
93014,1
59787,1
238937,2
238937,1
87543,2
87543,1
52317,1
65197,1
64779,1
82023,1
521400,1
269208,1
219356,1
315034,1
115199,2
115199,1
66370,1
91030,1
91990,1
169256,2
169256,1
89489,1
33201,1
197576,2
197576,1
198529,1
98840,1
84426,1
63266,1
526241,1
521462,1
58417,1
87708,1
77468,1
47563,1
105242,1
97087,1
90535,1
92387,1
166638,2
166638,1
93772,1
72176,1
73302,1
526214,1
526304,1
59205,1
113631,1
63164,1
101344,1
99701,1
94376,1
244898,1
518266,1
182324,1
99572,1
95077,2
95077,1
104623,2
104623,1
369155,1
83472,2
83472,1
70136,1
162474,1
80662,1
317035,1
117247,1
56204,1
179028,2
179028,1
102752,1
67132,1
316125,1
373538,1
347325,2
347325,1
504061,1
90244,1
101089,1
7479,1
162573,1
92570,1
238936,1
376439,1
159011,2
159011,1
354804,1
321397,2
321397,1
189971,1
223599,1
33035,2
33035,1
33036,1
125920,1
193738,2
193738,1
82107,1
49135,1
167544,1
101092,1
7514,1
296211,1
7516,1
7524,1
175861,1
195463,1
89307,1
104806,1
47390,1
371127,2
371127,1
67388,2
67388,1
340673,2
340673,1
97425,2
25547,2
25547,1
51832,2
134904,2
23749,2
23749,1
60332,2
134974,2
33346,2
33346,1
31420,2
31420,1
7591,2
7591,1
7594,2
7594,1
301207,1
301208,1
67076,2
67076,1
270563,2
270563,1
33382,2
33382,1
381313,2
381313,1
231328,2
231328,1
125065,2
125065,1
125483,2
125483,1
178008,2
178008,1
213366,2
213366,1
290260,1
197023,2
197023,1
183491,2
183491,1
298725,1
7733,2
7733,1
100053,2
100053,1
29193,2
29193,1
7743,2
7743,1
7793,2
7793,1
23531,2
23531,1
46850,1
319810,2
319810,1
504387,2
504387,1
167105,2
167105,1
510451,2
510451,1
370913,2
370913,1
133839,2
133839,1
316393,2
316393,1
315419,2
315419,1
289170,2
289170,1
97252,2
97252,1
138261,2
138261,1
97345,2
97345,1
249461,2
249461,1
196715,2
196715,1
323953,2
323953,1
301594,2
301594,1
83567,2
83567,1
269103,2
269103,1
226867,2
226867,1
206989,2
206989,1
306953,2
306953,1
218005,2
218005,1
255756,2
255756,1
122408,2
122408,1
141923,2
141923,1
363695,2
363695,1
77627,2
77627,1
194421,2
194421,1
33525,1
175220,2
175220,1
239962,2
239962,1
49279,2
49279,1
94611,2
94611,1
226847,2
226847,1
128502,2
128502,1
247320,2
247320,1
284943,2
284943,1
510919,2
510919,1
298514,2
298514,1
316992,2
316992,1
59776,2
59776,1
272623,2
272623,1
247309,1
137507,2
137507,1
84056,2
84056,1
249447,2
249447,1
127482,2
127482,1
104699,1
272733,2
272733,1
91735,1
297594,2
297594,1
298395,2
298395,1
73838,2
73838,1
56436,2
56436,1
58862,2
58862,1
248767,2
248767,1
218006,2
218006,1
137509,2
137509,1
33530,2
33530,1
240022,2
240022,1
216239,2
216239,1
510630,2
510630,1
241922,2
241922,1
239048,2
239048,1
153768,2
153768,1
190687,2
190687,1
50209,2
50209,1
171757,1
24086,2
24086,1
168914,2
168914,1
72719,1
129889,1
7860,2
7860,1
168411,2
168411,1
116663,2
116663,1
381644,2
381644,1
158991,2
158991,1
7877,2
7877,1
43939,2
43939,1
33456,2
33456,1
120483,2
120483,1
97719,2
97719,1
7885,2
7885,1
518252,2
518252,1
172701,2
172701,1
79341,2
79341,1
104493,2
104493,1
194121,2
194121,1
136888,2
136888,1
7886,2
7886,1
66826,2
66826,1
7887,1
7891,2
7891,1
94759,2
94759,1
93462,2
93462,1
97811,2
97811,1
195210,2
195210,1
97812,2
97812,1
110223,2
110223,1
116969,2
116969,1
85474,2
85474,1
165373,2
165373,1
74692,2
74692,1
60740,2
60740,1
7893,2
7893,1
117373,2
117373,1
63663,2
63663,1
89995,2
89995,1
33469,2
33469,1
186784,2
186784,1
178912,2
178912,1
179044,2
179044,1
535759,2
535759,1
54875,2
54875,1
250662,2
250662,1
367942,2
367942,1
272731,2
272731,1
317250,2
317250,1
325826,2
325826,1
271004,1
136882,2
136882,1
7904,1
7905,2
7905,1
95015,1
149132,1
236959,2
236959,1
137301,2
137301,1
45261,2
45261,1
180969,2
180969,1
236961,1
236740,2
236740,1
234270,2
234270,1
227795,1
226352,1
181281,1
180970,2
180970,1
104359,2
104359,1
105079,2
105079,1
179982,1
92154,1
49540,1
49541,2
49541,1
202405,2
202405,1
114013,2
114013,1
7914,2
7914,1
7915,2
7915,1
226120,2
226120,1
503071,2
503071,1
384607,2
384607,1
357419,2
357419,1
269670,2
269670,1
103346,2
103346,1
236042,2
236042,1
343011,2
343011,1
191045,2
191045,1
99080,2
99080,1
203360,2
203360,1
169692,2
169692,1
147576,2
147576,1
130806,2
130806,1
99081,2
99081,1
111303,2
111303,1
504179,2
504179,1
503968,2
503968,1
120917,2
120917,1
122459,2
122459,1
7917,2
7917,1
78171,2
78171,1
73319,2
73319,1
286768,2
286768,1
94591,2
94591,1
73320,2
73320,1
113708,2
113708,1
241535,2
241535,1
219997,2
219997,1
7918,2
7918,1
77676,2
77676,1
307902,2
307902,1
172103,2
172103,1
217794,2
217794,1
242421,1
58917,1
136942,2
136942,1
181337,2
181337,1
33667,2
33667,1
92120,2
92120,1
87078,2
87078,1
166973,2
166973,1
51853,2
51853,1
154648,2
154648,1
202404,2
202404,1
503792,2
503792,1
66710,2
66710,1
33508,2
33508,1
65521,2
65521,1
92716,2
92716,1
97978,2
97978,1
94266,1
7941,2
7941,1
98216,2
98216,1
251622,2
251622,1
307584,2
307584,1
236965,2
236965,1
516380,2
516380,1
503804,2
503804,1
328465,2
328465,1
307336,2
307336,1
256134,2
256134,1
300606,2
300606,1
241728,2
241728,1
375951,2
375951,1
356164,2
356164,1
7944,2
7944,1
151403,2
151403,1
269320,2
269320,1
194430,2
194430,1
245146,2
245146,1
313402,2
313402,1
92274,2
92274,1
86952,2
86952,1
325834,2
325834,1
254115,2
254115,1
72563,2
72563,1
70260,2
70260,1
95458,2
95458,1
95989,2
95989,1
521544,2
521544,1
86765,1
248000,1
170787,1
82235,1
247335,1
42555,1
99605,2
99605,1
58284,2
58284,1
226111,2
226111,1
169110,2
169110,1
153564,2
153564,1
92753,2
92753,1
235064,2
235064,1
136881,2
136881,1
96754,2
96754,1
358969,2
358969,1
59564,2
59564,1
197528,2
197528,1
50738,2
50738,1
102389,2
102389,1
358834,2
358834,1
47660,2
47660,1
44513,2
44513,1
82118,2
82118,1
344480,2
344480,1
227793,2
227793,1
127489,2
127489,1
350017,2
350017,1
116027,2
116027,1
93902,2
93902,1
136940,2
136940,1
345359,2
345359,1
55128,2
55128,1
55129,2
55129,1
91252,2
91252,1
7903,2
7903,1
134842,2
134842,1
236216,2
236216,1
236229,2
236229,1
97705,2
97705,1
79386,2
79386,1
360709,2
360709,1
46806,2
46806,1
91085,2
91085,1
322083,2
322083,1
168839,2
168839,1
517338,2
517338,1
383007,2
383007,1
7960,2
7960,1
7961,2
7961,1
83338,2
83338,1
272746,1
535926,1
353881,1
107803,2
107803,1
8071,1
49605,1
322934,2
322934,1
231961,1
357155,1
386631,1
357191,1
177478,1
370500,1
522302,1
522369,1
522363,1
75466,1
156750,1
33641,1
33642,1
299200,2
299200,1
138571,2
138571,1
114783,2
114783,1
139746,2
139746,1
79617,2
79617,1
97861,2
95502,1
114518,2
114518,1
103654,2
103654,1
63624,2
63624,1
269032,2
269032,1
374554,1
382882,1
53919,1
209435,2
209435,1
268693,1
298099,1
227635,1
500157,1
518050,1
293226,1
268691,1
502933,1
518030,1
293224,1
268694,1
268692,1
271199,1
61809,1
50017,2
50017,1
67051,2
67051,1
371558,2
371558,1
60980,1
81092,1
51884,1
42409,2
42409,1
115798,1
325291,1
87496,1
68335,1
8425,1
227921,1
8427,1
190075,1
22657,1
8432,1
227924,1
344792,2
344792,1
115859,2
115859,1
81353,2
81353,1
93771,2
93771,1
237026,1
170372,2
170372,1
103938,2
103938,1
103422,2
103422,1
78054,1
184709,2
184709,1
56756,2
56756,1
87079,2
87079,1
203361,2
203361,1
55534,1
66774,2
66774,1
99462,2
99462,1
307609,2
307609,1
283492,2
283492,1
94886,2
94886,1
184710,2
184710,1
154918,1
8451,2
8451,1
336033,2
336033,1
336034,2
336034,1
350376,2
350376,1
345673,2
345673,1
255217,2
255217,1
255218,1
321973,2
321973,1
95796,2
95796,1
97979,2
97979,1
59821,2
59821,1
238975,2
238975,1
244809,2
244809,1
368805,2
368805,1
206635,2
206635,1
524377,2
524377,1
244718,2
244718,1
8471,2
8471,1
34004,2
34004,1
61168,1
154425,1
269593,1
298042,1
53769,1
79853,1
137007,1
99914,1
203934,1
96273,1
346193,1
34041,1
113871,1
43469,2
43469,1
23595,2
23595,1
376298,2
376298,1
8494,1
165738,1
75409,1
169234,1
8501,2
8501,1
182329,1
34062,1
169611,1
202894,1
322935,2
322935,1
91924,1
8536,1
99522,1
8545,1
55949,1
8555,2
8555,1
155707,2
155707,1
249463,2
249463,1
285403,2
285403,1
325316,2
325316,1
8557,2
8557,1
8559,2
8559,1
227952,2
227952,1
517230,2
517230,1
117112,2
117112,1
104099,2
104099,1
253126,1
75843,1
299945,2
299945,1
104100,1
300115,2
300115,1
227954,2
227954,1
517620,2
517620,1
155705,2
155705,1
163754,2
163754,1
55883,2
55883,1
209893,2
209893,1
163835,2
163835,1
374257,1
360600,2
360600,1
504462,2
504462,1
504749,2
504749,1
114544,2
114544,1
67592,1
517373,2
517373,1
251078,2
251078,1
226385,2
226385,1
114545,1
211135,2
211135,1
178913,2
178913,1
50393,2
50393,1
83874,1
347759,1
302225,1
368697,1
502760,1
377079,1
307007,1
374412,1
503022,1
8565,1
149997,1
378101,1
126064,1
59822,1
110742,1
70224,1
300824,1
252904,1
273949,1
41349,1
306311,1
271400,1
367758,1
319554,1
268757,1
308117,1
300618,1
238690,1
317650,1
336024,1
277435,1
88740,2
88740,1
53983,2
53983,1
237717,2
237717,1
89935,2
89935,1
39193,2
39193,1
174589,2
174589,1
358489,2
358489,1
97834,2
97834,1
170225,2
170225,1
317371,2
317371,1
182992,2
182992,1
91426,2
91426,1
99212,2
99212,1
93264,2
93264,1
501607,2
501607,1
501773,2
501773,1
501892,2
501892,1
503605,2
503605,1
503685,2
503685,1
193319,2
193319,1
503074,2
503074,1
503196,2
503196,1
174602,2
174602,1
501535,2
501535,1
21469,2
21469,1
69079,2
69079,1
501922,2
501922,1
502802,2
502802,1
335915,2
335915,1
503442,2
503442,1
503342,2
503342,1
502794,2
502794,1
503131,2
503131,1
502220,2
502220,1
502009,2
502009,1
501668,2
501668,1
503036,2
503036,1
502691,2
502691,1
502610,2
502610,1
151782,2
151782,1
537415,2
537415,1
502692,2
502692,1
52233,2
52233,1
135964,2
135964,1
81326,2
81326,1
102917,2
102917,1
504733,2
504733,1
335930,2
335930,1
98330,2
98330,1
298847,2
298847,1
94697,2
94697,1
503643,2
503643,1
93841,2
93841,1
503674,2
503674,1
503142,2
503142,1
501533,2
501533,1
212685,2
212685,1
502294,2
502294,1
501725,2
501725,1
501441,2
501441,1
300219,2
300219,1
504411,2
504411,1
501710,2
501710,1
502411,2
502411,1
520392,2
520392,1
502968,2
502968,1
103015,2
103015,1
501819,2
501819,1
501796,2
501796,1
74603,2
74603,1
68215,2
68215,1
502039,2
502039,1
503330,2
503330,1
212695,2
212695,1
501765,2
501765,1
102998,2
102998,1
228902,2
228902,1
174612,2
174612,1
222325,2
222325,1
503622,2
503622,1
504685,2
504685,1
502408,2
502408,1
502832,2
502832,1
503518,2
503518,1
503649,2
503649,1
501878,2
501878,1
501722,2
501722,1
89831,2
89831,1
502927,2
502927,1
501930,2
501930,1
501515,2
501515,1
61027,2
61027,1
503093,2
503093,1
251016,2
251016,1
501788,2
501788,1
350705,2
350705,1
501823,2
501823,1
503205,2
503205,1
502160,2
502160,1
503280,2
503280,1
501857,2
501857,1
198942,2
198942,1
501762,2
501762,1
503694,2
503694,1
504814,2
504814,1
502383,2
502383,1
501621,2
501621,1
111799,2
111799,1
503625,2
503625,1
78840,2
78840,1
503345,2
503345,1
504050,2
504050,1
503257,2
503257,1
86276,2
86276,1
87789,2
87789,1
138856,2
138856,1
111427,2
111427,1
183045,2
183045,1
502462,2
502462,1
131687,2
131687,1
502084,2
502084,1
502627,2
502627,1
502190,2
502190,1
78579,2
78579,1
502961,2
502961,1
501891,2
501891,1
502887,2
502887,1
153160,2
153160,1
502109,2
502109,1
502349,2
502349,1
502457,2
502457,1
501669,2
501669,1
253084,2
253084,1
169101,2
169101,1
537414,2
537414,1
8616,1
115201,2
115201,1
39179,2
39179,1
8622,2
8622,1
67839,2
67839,1
39183,2
39183,1
47208,2
47208,1
8632,2
8632,1
46940,2
46940,1
40501,2
40501,1
307724,1
280856,1
352428,1
360627,1
297269,1
360721,1
248769,1
211139,1
382316,1
212181,1
512063,1
361715,1
334679,1
360689,1
40504,1
336391,1
178487,1
167041,1
78310,1
294672,1
359846,1
50176,1
296144,1
306923,1
306924,1
306927,1
360698,1
361083,1
296148,1
49653,1
296155,1
363371,1
382309,1
515219,1
8755,1
8779,2
8779,1
115330,1
116766,1
118029,1
313759,1
263471,1
297757,1
332848,1
349782,1
182116,1
152390,1
209341,1
517249,1
357429,1
328110,1
194043,1
169872,1
70522,1
376031,1
251158,1
376032,1
127153,1
94408,1
45679,1
148447,1
68385,1
85432,1
183963,1
321458,1
251161,1
376033,1
180723,1
510470,1
238107,1
321459,1
127154,1
238108,1
99430,1
368926,1
75241,1
40664,1
70590,1
89694,1
95503,1
238111,1
112056,1
297759,1
69236,1
238112,1
104462,1
95375,1
252311,1
343546,1
332855,1
343547,1
255689,1
96584,1
524620,1
198403,1
298786,1
96567,1
209108,1
305846,1
56733,1
281927,1
251182,1
209346,1
343548,1
272332,1
104937,1
306667,1
76476,1
201512,1
368826,1
43603,1
251185,1
217086,1
316711,1
298787,1
68072,1
332859,1
326490,1
321468,1
375544,1
281935,1
237393,1
524373,1
298789,1
251190,1
136768,1
44296,1
209352,1
305130,1
196466,1
73472,1
102822,1
298790,1
45620,1
169519,1
196467,1
300333,1
125913,1
111098,1
209110,1
192989,1
217088,1
254268,1
53485,1
191794,1
263357,1
100020,1
316807,1
89394,1
137261,1
64028,1
40686,1
73603,1
127158,1
332863,1
251202,1
57497,1
111213,1
238120,1
253089,1
372745,1
209355,1
180730,1
316713,1
209010,1
343551,1
210814,1
136769,1
222188,1
306677,1
524523,1
381623,1
332868,1
332869,1
222190,1
56691,1
306679,1
102561,1
182422,1
291276,1
40689,1
71683,1
90814,1
252189,1
154859,1
93235,1
237396,1
73074,1
251206,1
306682,1
237397,1
193254,1
332876,1
524365,1
209359,1
40629,1
43150,1
81654,1
81655,1
176094,1
82812,1
89145,1
524486,1
222194,1
127159,1
54942,1
64451,1
78811,1
321474,1
238123,1
114982,1
148451,1
66620,1
245944,1
524570,1
105120,1
357433,1
115334,1
151878,1
237400,1
281949,1
124518,1
367630,1
251295,1
332880,1
52738,1
272365,1
372749,1
526129,1
372751,1
517575,1
372752,1
56341,1
84608,1
524345,1
332884,1
66721,1
251305,1
299454,1
75686,1
222197,1
251306,1
306689,1
269540,1
45064,1
51481,1
248930,1
167636,1
93490,1
217089,1
332888,1
95806,1
270290,1
176982,1
524391,1
238132,1
501566,1
116793,1
209385,1
222362,1
222199,1
298801,1
169239,1
222201,1
222203,1
193256,1
222206,1
305186,1
305188,1
251327,1
272392,1
370786,1
251333,1
193012,1
180738,1
182423,1
332895,1
151883,1
365967,1
332897,1
202547,1
251337,1
299460,1
111763,1
313783,1
115335,1
78764,1
306366,1
167641,1
46328,1
196833,1
180291,1
306698,1
251343,1
344470,1
58568,1
290831,1
196834,1
116797,1
96131,1
151885,1
98247,1
136774,1
208886,1
222213,1
222365,1
148454,1
209389,1
209390,1
332903,1
82485,1
281965,1
237404,1
270304,1
127165,1
286554,1
286555,1
300623,1
524513,1
184072,1
64893,1
251351,1
66046,1
92830,1
251353,1
44783,1
526051,1
116798,1
96616,1
99863,1
93212,1
332904,1
524390,1
109078,1
316808,1
251362,1
196835,1
305588,1
251363,1
270305,1
84712,1
222367,1
315975,1
373669,1
238149,1
252336,1
334804,1
115336,1
116802,1
315976,1
169882,1
182424,1
193019,1
272422,1
504197,1
45420,1
184051,1
270308,1
63985,1
180155,1
184061,1
127708,1
75292,1
383349,1
104469,1
343568,1
91937,1
332913,1
47479,1
524439,1
140106,1
272427,1
62334,1
196474,1
116805,1
129367,1
332914,1
298817,1
47200,1
97610,1
70177,1
127170,1
306709,1
349792,1
114987,1
517265,1
291709,1
525599,1
524512,1
524346,1
332917,1
524532,1
332919,1
343569,1
334656,1
77477,1
115337,1
97688,1
382491,1
149017,1
238154,1
372756,1
212303,1
316722,1
251396,1
350692,1
239644,1
316723,1
237414,1
365708,1
50136,1
85672,1
281986,1
102320,1
99523,1
504149,1
332926,1
239646,1
299465,1
127711,1
180752,1
270314,1
92669,1
136780,1
116807,1
283448,1
222223,1
237417,1
98629,1
196475,1
299466,1
252218,1
374778,1
222227,1
332929,1
209392,2
209392,1
332930,1
239647,1
238158,1
137026,1
526385,1
501691,1
237422,1
365710,1
381632,1
98780,1
94923,1
48868,1
222230,1
365713,1
212791,1
254805,1
251358,1
524468,1
343572,1
78177,1
332932,1
281994,1
524530,1
238163,1
376178,1
91244,1
366046,1
351025,1
251427,1
166270,1
40754,1
46218,1
115339,1
103466,1
167610,1
272446,1
251433,1
70664,1
76898,1
81465,1
57980,1
72209,1
169238,1
69151,1
57528,1
223844,1
95992,1
78658,1
48526,1
65631,1
67622,1
193777,1
94931,1
91303,1
222222,1
149012,1
180735,1
175444,1
70178,1
223863,1
108594,1
8829,1
195150,1
113086,1
8803,1
8805,1
8807,1
126008,1
523901,1
73531,1
64064,1
64109,1
69718,1
55713,1
48869,1
223870,1
8813,1
336621,1
97035,1
50823,1
8815,1
40609,1
8818,1
40614,1
40621,1
8821,1
129315,1
530741,1
46814,1
58129,1
8823,1
209828,1
99289,1
195605,1
85092,1
223875,1
40643,1
56770,1
42597,1
81909,1
89658,1
81884,1
8838,1
155427,1
40652,1
62141,1
84220,1
251944,1
113867,1
40633,1
112271,1
40635,1
8830,1
220816,1
305885,2
305885,1
8842,2
8842,1
133263,2
133263,1
90526,2
90526,1
125492,2
125492,1
90257,2
90257,1
137936,2
137936,1
101803,2
101803,1
125577,2
125577,1
40764,2
40764,1
133841,2
133841,1
85860,2
85860,1
81284,2
81284,1
8871,2
220528,1
208535,1
338884,2
338884,1
365152,2
365152,1
176518,1
176517,1
285446,1
338885,2
338885,1
376887,1
376361,1
517106,1
171312,1
151346,2
151346,1
44501,2
44501,1
192167,1
307590,1
327475,1
307591,2
307591,1
351312,1
139936,1
90491,1
209101,1
211817,1
41560,1
78075,1
219212,1
54699,1
361720,1
381355,1
358846,1
383683,1
383686,1
374250,1
356498,1
294939,1
160517,1
209442,1
211760,1
296749,1
296748,1
340894,1
45614,1
326918,1
328295,1
280234,2
280234,1
139938,1
180569,1
139937,1
361719,1
294425,1
363803,1
381356,1
387744,1
376896,1
219366,1
385204,1
346060,1
387785,1
387756,1
387757,1
387758,1
506800,1
387749,1
387750,1
387751,1
387753,1
387752,1
387754,1
387755,1
365171,1
386586,1
360966,1
345737,1
383692,1
360539,1
388606,1
387773,1
387763,1
387762,1
387766,1
387764,1
387761,1
387770,1
387765,1
387772,1
387771,1
345759,1
387786,1
387784,1
375037,1
376383,1
361018,1
273061,1
316898,1
211203,1
275589,1
221150,1
245189,1
523297,1
502864,1
308251,1
133988,1
523296,1
501941,1
275591,1
273066,1
143296,2
143296,1
357105,2
357105,1
357107,2
357107,1
357092,2
357092,1
357094,2
357094,1
357084,2
357084,1
357097,2
357097,1
357042,2
357042,1
522574,2
522574,1
522446,2
522446,1
522787,2
522787,1
364379,2
364379,1
373084,2
373084,1
348590,2
348590,1
375248,1
89832,1
227245,2
227245,1
219910,2
219910,1
194415,2
194415,1
230543,2
230543,1
230539,2
230539,1
61269,2
61269,1
273669,2
273669,1
380499,2
380499,1
368955,2
368955,1
374022,2
374022,1
378982,1
8987,2
8987,1
115271,2
115271,1
134782,2
134782,1
121974,2
121974,1
70475,1
223914,2
223914,1
132862,2
132862,1
124384,2
124384,1
8997,1
331251,1
100043,1
238695,2
238695,1
296567,2
296567,1
375189,1
318329,2
318329,1
40888,2
40888,1
311260,2
311260,1
125423,1
309440,1
309439,1
9021,2
9021,1
75395,2
75395,1
328566,2
328566,1
353140,2
353140,1
305544,2
305544,1
305346,2
305346,1
357671,2
357671,1
333830,1
115250,1
178180,2
178180,1
277041,2
277041,1
263233,2
263233,1
230544,2
230544,1
358686,2
358686,1
328567,2
328567,1
230540,2
230540,1
350655,2
350655,1
305543,2
305543,1
333829,1
255604,2
255604,1
89802,2
89802,1
272932,1
349741,1
320189,1
308123,1
9155,1
369542,1
326263,1
9156,1
118047,1
232013,2
232013,1
87020,2
87020,1
79806,1
9170,2
9170,1
9171,2
9171,1
9172,2
9172,1
9173,1
190939,2
190939,1
9176,2
9176,1
41187,1
69124,1
212353,1
226045,1
76498,1
208965,1
310796,1
238650,1
43900,1
41191,1
264264,2
264264,1
43848,2
43848,1
525038,2
525038,1
176549,2
176549,1
73511,2
73511,1
371577,2
371577,1
86281,2
86281,1
217350,2
217350,1
526087,2
526087,1
79028,2
79028,1
180181,2
180181,1
141522,1
525985,2
525985,1
525982,2
525982,1
147638,2
147638,1
164862,2
164862,1
58315,2
58315,1
141556,2
141556,1
58709,2
58709,1
124557,2
124557,1
98796,2
98796,1
318209,2
318209,1
369625,2
369625,1
80234,2
80234,1
525709,2
525709,1
151492,2
151492,1
333930,2
333930,1
524497,2
524497,1
525815,2
525815,1
82241,2
82241,1
162548,2
162548,1
525190,2
525190,1
69551,1
131200,2
131200,1
104657,2
104657,1
210573,2
210573,1
71550,2
71550,1
64287,2
64287,1
170815,2
170815,1
51275,2
51275,1
54346,2
54346,1
48216,2
48216,1
526056,2
526056,1
318178,2
318178,1
76770,2
76770,1
337424,2
337424,1
525965,2
525965,1
42148,2
42148,1
103916,2
103916,1
104205,2
104205,1
266236,2
266236,1
526019,2
526019,1
525938,2
525938,1
525730,2
525730,1
263462,2
263462,1
105631,2
105631,1
102052,2
102052,1
220920,2
220920,1
77747,2
77747,1
103513,2
103513,1
371575,2
371575,1
264270,2
264270,1
141031,2
141031,1
162544,2
162544,1
242346,1
242254,1
231580,2
231580,1
316150,2
316150,1
59121,2
59121,1
384881,2
384881,1
150841,2
150841,1
267786,2
267786,1
50551,2
50551,1
172712,2
172712,1
264206,2
264206,1
183260,1
115141,2
115141,1
267567,2
267567,1
104730,1
9233,2
9233,1
77546,2
77546,1
218340,2
218340,1
80685,2
80685,1
80686,2
80686,1
9257,2
9257,1
369629,1
84612,1
47762,2
47762,1
207511,2
207511,1
315898,2
315898,1
141764,2
141764,1
47763,2
47763,1
9336,1
236723,2
236723,1
21175,1
255154,1
71966,2
71966,1
47295,2
47295,1
92671,2
92671,1
223997,2
223997,1
384649,2
384649,1
384656,2
384656,1
119246,2
119246,1
65310,2
65310,1
9362,2
9362,1
162539,2
162539,1
9375,1
76930,2
76930,1
46071,2
46071,1
155214,2
155214,1
311370,1
119587,1
517161,2
517161,1
124673,1
9430,1
244112,1
255997,1
255998,1
255999,1
127462,1
9432,1
9433,1
9517,2
9517,1
53283,2
53283,1
237438,2
237438,1
234191,2
234191,1
9520,2
9520,1
268060,2
268060,1
59504,1
69692,1
256174,1
63926,1
9651,1
315339,2
315339,1
28154,2
28154,1
285594,2
285594,1
193263,2
193263,1
361196,2
361196,1
180419,1
9729,1
9728,1
353999,2
353999,1
59930,2
89897,2
89897,1
67749,2
517605,1
155732,2
155732,1
85051,2
85051,1
235124,2
235124,1
168895,2
168895,1
115119,1
54264,2
54264,1
103627,2
103627,1
275412,2
275412,1
196053,1
293682,2
296951,2
135728,2
135728,1
51741,2
72005,2
43954,2
116014,2
116014,1
89834,2
89834,1
42983,1
247937,1
68817,2
68817,1
82335,2
292943,2
292943,1
59984,1
259070,2
259070,1
64139,2
55283,2
55283,1
246325,2
292990,2
292990,1
104391,2
104391,1
59931,2
294393,1
226830,2
226830,1
61001,2
61001,1
115125,2
75711,2
75711,1
211664,2
211664,1
65161,2
65161,1
313983,2
313983,1
216384,2
125447,1
9751,2
178496,2
178496,1
294395,2
294395,1
294394,2
294394,1
194962,2
194962,1
97720,2
97720,1
9753,2
9753,1
283086,1
72006,1
9755,2
9755,1
283166,2
283166,1
283167,2
283167,1
211633,2
211633,1
283170,2
283170,1
283177,2
283177,1
213855,2
213855,1
306216,2
9756,2
9756,1
283226,2
283235,2
283235,1
81043,1
91833,2
91833,1
283242,1
98604,1
115126,2
115126,1
9764,1
304579,2
304579,1
129328,2
129328,1
189322,2
189322,1
125730,1
54706,2
211647,2
283258,2
283258,1
211625,2
211625,1
9759,2
9759,1
514382,2
514382,1
59705,1
195120,1
121221,2
121221,1
121225,2
121225,1
307102,1
159513,1
31424,2
31424,1
300935,2
300935,1
72666,1
58985,2
58985,1
93299,2
93299,1
138066,1
112207,2
112207,1
9812,1
51742,1
98954,1
139756,1
307909,1
56553,1
62585,1
89934,1
189437,1
62586,1
61544,1
296624,1
90876,1
125071,1
293049,1
293051,1
384463,1
293050,1
312637,1
343625,1
511679,1
386139,1
512224,1
299979,1
368980,1
336890,1
280114,2
280114,1
500126,2
500126,1
61662,1
81171,2
81171,1
48530,1
500132,1
143508,1
197137,1
154254,1
114784,2
114784,1
171337,1
102095,1
224055,1
143253,1
269954,1
214892,1
112836,1
121858,1
143252,1
9878,1
224056,1
143254,1
225995,1
175773,1
138243,2
138243,1
224058,2
224058,1
165968,1
209784,1
93234,1
228771,2
228771,1
103385,2
103385,1
181157,2
181157,1
103631,2
103631,1
189898,2
189898,1
330081,2
330081,1
159826,1
50856,1
367368,2
367368,1
287460,1
67017,2
67017,1
182431,2
182431,1
96353,1
296823,1
295408,1
45459,2
45459,1
178588,2
178588,1
322103,2
322103,1
112022,1
116721,1
99904,1
120606,2
120606,1
166621,2
166621,1
178590,2
178590,1
239000,1
117184,1
162629,2
162629,1
42824,1
138090,2
138090,1
260645,2
260645,1
281020,1
282089,2
282089,1
9880,1
378937,1
239747,1
60876,1
72564,1
108219,1
9881,1
212225,2
212225,1
9883,1
241885,1
231665,1
226011,1
500316,2
500316,1
116831,1
24039,1
521383,1
151673,1
192434,1
278256,1
212226,1
322028,1
287697,1
117267,1
220595,1
41930,1
379710,1
41929,1
93937,1
121860,1
318853,1
251862,1
209445,1
124546,1
239755,1
239758,1
521317,1
374732,1
73305,1
196842,1
9886,1
184589,1
128414,1
46748,1
61784,1
209514,1
120605,1
66304,1
226537,1
380267,1
386174,1
386170,1
380266,1
380268,1
380269,1
178484,1
197122,1
344274,2
344274,1
124933,1
533248,1
225994,1
106372,2
106372,1
110059,1
515236,2
515236,1
356137,2
356137,1
363674,1
363675,2
363675,1
45869,1
338067,2
338067,1
197139,2
197139,1
74019,1
55964,2
55964,1
337170,1
229295,1
359092,1
201924,1
44035,1
181158,1
160534,2
160534,1
536029,1
351531,2
351531,1
334815,1
363783,2
363783,1
334816,2
334816,1
44515,2
44515,1
322105,2
322105,1
335522,1
361004,1
139853,2
139853,1
194008,2
194008,1
361091,1
358854,1
66305,2
66305,1
24487,2
24487,1
73623,2
73623,1
84881,2
84881,1
9940,1
9943,1
290519,1
56674,2
56674,1
22409,1
58195,1
118420,1
9993,1
314038,1
324038,1
332833,1
316211,1
128981,1
61421,1
98781,1
57020,1
316209,1
154281,1
237090,1
162012,1
224074,1
211812,1
86436,1
317730,1
322498,2
322498,1
107270,1
345376,1
373125,1
511691,1
333309,1
141837,1
351039,1
180315,1
85624,1
77687,1
373126,1
315674,1
75550,2
75550,1
241273,2
241273,1
109141,1
246623,1
52559,2
52559,1
10030,2
10030,1
61886,2
61886,1
57081,1
248921,1
269913,1
190407,1
10066,2
10066,1
23471,1
341777,1
341773,2
341773,1
10067,1
10068,1
349237,1
10069,1
249456,1
249455,1
236033,1
50199,2
50199,1
341772,2
341772,1
221771,1
99394,1
221770,1
284744,1
368653,1
86178,1
83179,1
115651,1
78582,1
10083,1
89107,1
273635,1
167792,1
255128,1
90290,1
368982,1
209094,1
23892,1
238847,1
99437,2
99437,1
224098,1
159574,1
118995,1
162475,1
76660,1
188451,1
224102,1
177199,1
324515,1
371206,1
306493,1
334987,1
58461,1
258007,1
372161,1
271770,1
89734,1
10261,2
10261,1
10293,2
10293,1
306806,2
306806,1
94680,2
94680,1
10303,2
10303,1
383385,1
65820,1
74338,1
146013,1
317140,2
317140,1
281774,2
281774,1
116101,1
10407,1
204274,1
506642,2
506642,1
506861,1
288035,2
288035,1
350021,2
350021,1
343013,1
506658,2
506658,1
506684,1
10421,2
10421,1
537773,2
537773,1
537847,2
537847,1
129344,1
10471,2
10471,1
45804,2
45804,1
367316,2
367316,1
53380,2
53380,1
138715,1
288063,1
286758,1
23449,2
23449,1
53568,1
181408,2
181408,1
44861,2
44861,1
291834,1
372766,1
372767,1
135736,1
245955,1
195473,1
53381,1
309331,2
309331,1
80172,1
197925,1
130635,1
53382,2
53382,1
75141,2
75141,1
309330,2
309330,1
57652,1
243725,1
149024,1
359117,1
273952,1
345249,1
178067,1
175171,1
72322,1
181278,1
104186,1
315846,1
315847,1
512402,1
512471,1
512022,1
512322,1
512440,1
84968,1
343912,1
156103,1
307913,1
505277,1
176495,1
512124,1
101412,1
57956,2
57956,1
525933,1
526033,1
239009,1
318544,2
318544,1
10573,2
10573,1
227337,1
234078,1
125099,2
125099,1
358865,2
358865,1
46652,2
46652,1
115653,2
115653,1
265859,1
10629,1
270732,2
270732,1
103682,2
103682,1
139123,2
139123,1
47321,2
47321,1
372606,2
372606,1
504101,2
504101,1
10634,2
10634,1
10636,2
10636,1
10637,2
10637,1
10643,2
10643,1
73153,2
73153,1
505490,2
505490,1
298920,1
297900,1
294564,1
10748,1
131022,1
65967,1
194589,1
22851,1
23752,1
24175,1
324977,1
507376,1
507100,1
10796,2
10796,1
69790,2
69790,1
81733,1
507369,2
507369,1
10799,1
146760,1
110775,1
332167,1
131019,2
131019,1
128292,2
128292,1
10874,2
10874,1
291777,2
291777,1
184716,1
240676,1
47911,1
10926,2
10926,1
294754,1
345852,1
285972,1
177869,1
237941,1
247635,1
176696,1
11031,2
11031,1
74809,2
74809,1
11042,1
270955,2
270955,1
369628,2
369628,1
116500,2
116500,1
360280,2
360280,1
166960,2
166960,1
169023,2
169023,1
219314,1
75995,2
75995,1
145927,2
145927,1
150183,2
150183,1
344996,2
344996,1
343906,2
343906,1
121879,2
121879,1
150202,1
155859,1
272084,2
272084,1
41243,2
41243,1
331643,2
331643,1
102199,1
121888,1
59138,1
218842,2
218842,1
369463,1
44984,1
344999,2
344999,1
169163,2
169163,1
253435,2
253435,1
155861,1
155862,1
145938,2
145938,1
319081,2
319081,1
155860,1
138941,2
138941,1
166195,2
166195,1
140130,2
140130,1
132229,2
132229,1
135284,2
135284,1
104608,2
104608,1
104628,2
104628,1
381666,2
381666,1
150185,2
150185,1
354446,2
354446,1
62732,2
62732,1
325018,1
251695,1
55098,2
55098,1
125100,2
125100,1
326142,2
326142,1
11144,2
11144,1
81058,2
81058,1
11156,1
280994,1
212867,2
212867,1
212868,2
212868,1
184093,2
184093,1
33976,2
33976,1
252420,2
252420,1
359529,2
359529,1
155419,2
155419,1
352744,2
352744,1
175634,1
11157,2
11157,1
140139,2
140139,1
285762,2
285762,1
116018,2
116018,1
118188,2
118188,1
518426,2
518426,1
104385,2
104385,1
111158,2
111158,1
272758,2
272758,1
373189,2
373189,1
163836,2
163836,1
73460,2
73460,1
154637,2
154637,1
118737,2
118737,1
80383,2
80383,1
154638,2
154638,1
177291,2
177291,1
181226,2
181226,1
359902,2
359902,1
63387,2
63387,1
63119,2
63119,1
137370,2
137370,1
528138,2
528138,1
367784,2
367784,1
189436,2
189436,1
54584,2
54584,1
369126,2
369126,1
224270,2
224270,1
155479,2
155479,1
224271,2
224271,1
271977,2
271977,1
102670,2
102670,1
86196,2
86196,1
74617,1
81059,2
81059,1
316297,2
316297,1
372179,2
372179,1
519222,2
519222,1
76328,2
76328,1
99154,2
99154,1
170737,2
170737,1
108680,2
108680,1
357500,2
357500,1
153123,2
153123,1
90406,2
90406,1
212873,2
212873,1
87808,2
87808,1
11169,2
11169,1
115804,2
115804,1
239392,2
239392,1
48168,2
48168,1
59229,2
59229,1
78820,1
78272,2
78272,1
62132,2
62132,1
300063,2
300063,1
129087,2
129087,1
317187,2
317187,1
118189,2
118189,1
63236,2
63236,1
70206,2
70206,1
84795,2
84795,1
116632,2
116632,1
116629,1
382290,2
382290,1
11183,1
104429,2
104429,1
251574,2
251574,1
251489,2
251489,1
74037,2
74037,1
176763,2
176763,1
45229,2
45229,1
350772,2
350772,1
168686,1
504324,2
504324,1
345382,2
345382,1
67712,2
67712,1
57233,2
57233,1
210325,2
210325,1
193276,2
193276,1
168925,2
168925,1
381649,2
381649,1
118745,2
118745,1
116630,2
116630,1
151338,2
151338,1
64957,2
64957,1
298926,2
298926,1
73885,1
47116,2
47116,1
105730,2
105730,1
54222,2
54222,1
196500,2
196500,1
349804,2
349804,1
387951,2
387951,1
248973,2
248973,1
379765,2
379765,1
120049,2
120049,1
196306,2
196306,1
187272,2
187272,1
255056,1
194348,1
194033,1
11285,1
107606,1
46121,1
11303,1
512144,1
101416,1
73449,1
353068,1
350961,1
511386,1
212231,1
318630,2
318630,1
324098,1
95546,1
84380,1
11444,1
57664,1
57665,1
67511,1
326813,1
172554,1
105203,1
380557,2
380557,1
323957,2
323957,1
191883,2
191883,1
362679,2
362679,1
325600,2
325600,1
345710,2
345710,1
179401,2
179401,1
44467,2
44467,1
351090,2
351090,1
217093,2
217093,1
226779,2
226779,1
11491,2
11491,1
322096,2
322096,1
351091,2
351091,1
81198,2
81198,1
79562,2
79562,1
134887,2
134887,1
221236,2
221236,1
113967,2
113967,1
516929,2
516929,1
516930,2
516930,1
295410,2
295410,1
11498,2
11498,1
336046,2
336046,1
131448,2
131448,1
212042,2
212042,1
138642,2
138642,1
362799,2
362799,1
48633,2
48633,1
53403,2
53403,1
11503,2
11503,1
362753,2
362753,1
115211,2
115211,1
520660,2
520660,1
180796,2
180796,1
219487,2
219487,1
74642,2
74642,1
114397,2
114397,1
220192,2
220192,1
360438,2
360438,1
522073,2
522073,1
204075,2
204075,1
166318,2
166318,1
380559,2
380559,1
522084,2
522084,1
367786,2
367786,1
511674,2
511674,1
505048,2
505048,1
327589,2
327589,1
350023,2
350023,1
224378,2
224378,1
324526,2
324526,1
505047,2
505047,1
511311,2
511311,1
26079,2
26079,1
58296,1
304353,1
283373,1
283372,1
67591,2
67591,1
500127,2
500127,1
117765,1
96475,2
96475,1
526291,1
100066,2
100066,1
138201,1
97205,2
97205,1
90608,2
90608,1
90180,2
90180,1
95293,2
95293,1
167616,1
48821,2
48821,1
64146,2
64146,1
92044,2
92044,1
90395,2
90395,1
137688,2
137688,1
89650,2
89650,1
11627,1
160021,1
522708,1
11643,1
11644,1
256792,1
315863,1
195627,1
160040,1
224387,1
85496,1
218722,1
11725,1
336819,2
336819,1
129497,1
103918,2
103918,1
116637,2
116637,1
82688,2
82688,1
386670,2
386670,1
386441,2
386441,1
386548,2
386548,1
386546,1
386413,2
386413,1
386671,2
386671,1
386549,2
386549,1
386547,1
229845,2
229845,1
226507,2
226507,1
224389,2
224389,1
523653,1
99699,1
11820,2
11820,1
11834,2
11834,1
11835,2
11835,1
175258,2
175258,1
20593,2
20593,1
60746,1
120496,1
256139,2
256139,1
178001,2
178001,1
54017,2
54017,1
171119,2
171119,1
160130,2
160130,1
11923,2
11923,1
521484,2
521484,1
183502,2
183502,1
61723,2
61723,1
11998,2
11998,1
63319,2
63319,1
75739,1
67961,1
50940,1
224413,2
224413,1
87841,2
87841,1
269958,1
57146,2
57146,1
46928,1
75740,2
75740,1
74060,1
126285,1
85723,1
12084,2
12084,1
181263,2
181263,1
12104,1
124580,1
137988,1
63688,1
342470,1
219550,1
137989,1
178427,1
336036,1
514437,1
376299,1
178426,1
235083,1
335193,1
250938,1
46276,1
256827,1
251714,1
61523,1
315854,1
506850,1
335195,1
53510,1
382454,1
286170,1
156070,1
212281,1
78856,1
58808,1
219551,1
208128,1
80257,1
169144,1
383257,1
273201,1
519452,1
183597,1
47682,1
198602,1
327481,2
78855,1
273212,1
156069,1
102456,1
345453,1
247608,1
519429,1
343435,1
285213,1
235959,1
369198,1
64147,1
351131,1
333881,1
183355,1
255137,1
25379,1
235804,1
78429,1
336407,1
251712,1
226127,1
334768,1
344254,2
351132,1
106302,1
333883,1
239698,1
344255,1
286188,1
518240,1
227592,1
506701,1
351014,1
103128,1
285214,1
114974,1
243054,1
504589,1
336692,1
103061,1
273200,1
286190,1
285215,1
367789,1
72217,1
243055,1
219555,1
286192,1
178429,1
218455,1
270590,1
517741,1
351230,1
307694,1
137995,1
345744,1
169142,1
107680,1
359125,1
344258,1
55375,1
317607,1
506760,1
150812,1
235805,1
345572,1
211212,1
375126,1
235806,1
286196,1
334770,1
504697,1
95686,1
376304,1
366850,1
367667,1
317210,1
382464,1
352756,1
116257,1
54832,1
504236,1
368890,1
178431,1
59610,1
351134,1
178432,1
506787,1
81993,1
325662,1
255704,1
324843,1
124595,1
345456,1
219559,1
219612,1
219609,1
219587,1
78439,1
150565,1
180549,1
264474,1
255427,1
137403,1
12118,1
22774,1
345221,1
92423,1
301189,1
377750,2
377750,1
377771,1
72726,1
12121,1
90181,1
201461,1
217023,1
12122,1
105784,1
12123,1
71657,1
44414,1
56447,1
336404,1
48822,1
67669,1
326760,1
140143,1
345814,1
86572,1
72303,1
197312,1
169125,1
77696,1
104753,1
196522,1
180817,1
336405,1
94402,1
90494,1
307648,1
91110,1
66816,1
351055,1
56127,1
196521,1
256304,1
270591,1
46277,1
48954,1
345713,1
343433,1
316553,1
299624,1
212021,1
170739,1
97030,1
317190,1
273204,1
97776,1
345720,1
240890,1
525768,1
90182,1
50106,1
48823,1
74480,1
96414,1
255142,1
98148,1
307670,2
77697,1
83829,1
49707,1
219564,1
169133,1
98117,1
180010,1
273209,1
83446,1
95323,1
219565,1
182524,1
86444,1
91631,1
86445,1
172172,1
273080,1
257119,1
55162,1
345180,1
219605,1
374551,1
241083,1
76308,1
51794,1
55980,1
209581,1
353710,1
75088,1
367788,1
69149,1
93628,1
82281,1
353718,1
62802,1
72669,1
78973,1
338295,1
70684,1
74381,1
526222,1
228340,1
219590,1
307681,1
353715,2
48361,1
326771,1
58001,1
46555,1
65050,1
252899,1
353720,1
307683,1
65744,1
219613,1
196174,1
48228,1
52193,1
65673,1
62462,1
77576,1
44277,1
526187,1
44759,1
182392,1
353714,1
118291,1
66292,1
307684,1
50713,1
151353,1
387689,1
182528,1
64841,1
178579,1
182529,1
299436,1
68321,1
194122,1
74716,1
307690,1
81360,1
43053,1
105107,1
175181,1
77614,1
52895,1
526329,1
68207,1
48747,1
333017,1
98527,1
182396,1
179879,1
345728,1
360270,1
74883,1
151354,1
324982,1
324656,1
353717,1
526347,1
343438,1
91077,1
514440,1
54831,1
79798,1
219596,1
99303,1
138723,1
182907,1
526427,1
526393,1
70808,1
76779,1
333886,1
50553,1
525638,1
219599,1
526368,1
86673,1
50075,1
335206,1
316055,1
299633,1
99787,1
73214,1
55698,1
112006,1
221282,1
276488,1
221349,1
228456,1
196172,1
12155,1
117522,1
272879,1
80440,1
138125,1
12159,1
97880,1
64591,1
76397,1
12162,2
12162,1
12163,1
12164,1
377827,1
377760,1
62633,1
12165,1
41555,1
79111,1
69200,1
91269,1
46400,1
99395,1
377761,1
82946,1
94318,1
91813,1
70928,1
12172,1
101426,1
47681,1
92520,1
114173,1
12184,1
113467,1
30913,1
12186,1
138156,1
95905,1
149090,1
370216,1
370219,1
370215,1
228342,2
228342,1
112341,1
254124,2
254124,1
154643,2
154643,1
226852,2
226852,1
256971,2
256971,1
504931,2
504931,1
71459,2
71459,1
168516,2
168516,1
103968,2
103968,1
190013,2
190013,1
73745,2
73745,1
168517,2
168517,1
151251,2
151251,1
54562,2
54562,1
47192,2
47192,1
167944,2
167944,1
65667,2
65667,1
154394,2
154394,1
154397,2
154397,1
366038,1
366039,1
366143,1
366202,1
366223,1
366240,1
366252,1
366263,1
366267,1
366293,1
366295,1
62243,1
366382,1
366421,1
366432,2
366432,1
366439,1
366479,1
366526,1
366779,1
12226,1
115223,1
215384,1
52777,1
86453,1
177519,1
117529,1
119971,1
105131,1
43341,1
53650,1
119973,1
82443,1
119972,1
77446,1
297925,2
297925,1
78636,1
86697,1
67601,2
67601,1
90445,1
81954,1
113883,1
68936,1
196356,1
90926,1
114399,1
61951,1
207011,1
335167,1
12302,1
65975,1
54515,1
138793,1
196002,2
196002,1
73256,1
59300,1
59740,2
59740,1
12404,1
46730,1
12407,1
120465,2
120465,1
41605,2
41605,1
54153,1
270958,1
226853,1
270118,1
377823,1
220768,1
152375,1
154652,1
335637,1
352125,2
352125,1
43921,1
358372,1
124814,1
206280,1
269612,1
74219,1
82409,1
66851,1
180619,1
70387,1
286503,1
352759,1
148123,1
175183,1
297293,1
219230,1
275324,1
252305,1
287829,1
124815,2
124815,1
342460,1
367794,1
342444,1
342471,1
342446,1
331608,2
331608,1
12420,2
12420,1
357800,2
357800,1
169213,1
230693,2
230693,1
72803,2
72803,1
71081,2
71081,1
209638,1
126896,2
126896,1
511813,2
511813,1
162405,1
162411,1
108181,2
108181,1
181781,1
338228,1
85008,2
85008,1
86031,1
153664,2
153664,1
154660,2
154660,1
520444,2
520444,1
226313,1
12479,1
211890,2
211890,1
12486,1
80589,1
12538,1
120479,2
120479,1
93157,2
93157,1
113482,2
113482,1
272061,2
272061,1
285603,2
285603,1
193571,2
193571,1
12557,2
12557,1
382856,1
286110,2
286110,1
128953,2
128953,1
374260,2
374260,1
228635,2
228635,1
135978,2
135978,1
526310,1
371678,2
371678,1
12559,2
12559,1
307114,2
307114,1
325217,2
325217,1
331067,2
331067,1
181707,2
181707,1
277086,2
277086,1
227588,2
227588,1
65281,2
65281,1
75763,2
75763,1
96291,2
96291,1
351723,2
351723,1
42825,2
42825,1
255072,2
255072,1
269613,2
269613,1
131255,2
131255,1
127367,2
127367,1
194464,2
194464,1
241008,2
241008,1
298051,2
298051,1
272766,2
272766,1
378691,2
378691,1
125923,2
125923,1
85609,2
85609,1
280692,2
280692,1
197323,2
197323,1
290508,2
290508,1
303222,2
303222,1
349529,2
349529,1
322501,2
322501,1
378694,2
378694,1
378692,2
378692,1
227901,2
227901,1
370467,2
370467,1
317217,2
317217,1
378696,2
378696,1
297890,2
297890,1
289036,2
289036,1
272767,2
272767,1
324993,2
324993,1
254119,2
254119,1
47239,2
47239,1
324549,2
324549,1
285604,2
285604,1
317218,2
317218,1
521885,2
521885,1
152215,2
152215,1
325879,2
325879,1
378695,2
378695,1
378693,2
378693,1
279840,2
279840,1
54730,2
54730,1
60829,2
60829,1
54731,2
54731,1
61373,2
61373,1
56675,2
56675,1
75232,2
75232,1
50280,2
50280,1
514444,2
514444,1
61968,2
61968,1
514446,2
514446,1
514447,2
514447,1
514448,2
514448,1
514449,2
514449,1
514451,2
514451,1
378689,2
378689,1
152665,2
152665,1
152666,2
152666,1
516934,2
516934,1
260261,2
260261,1
198567,2
198567,1
297746,2
297746,1
179854,1
180347,2
180347,1
290134,1
284213,2
284213,1
254537,2
254537,1
115227,2
115227,1
136500,2
136500,1
327890,2
327890,1
31413,2
31413,1
124363,2
124363,1
12592,2
12592,1
370734,1
330231,1
522501,1
259202,2
259202,1
63940,1
70149,1
12621,1
12624,1
505239,1
55453,1
69147,1
521192,1
522955,1
505567,1
363926,1
505569,1
325017,1
62471,2
62471,1
86218,2
86218,1
108679,2
108679,1
32999,2
32999,1
193574,2
193574,1
47685,2
47685,1
12705,2
12705,1
12706,2
12706,1
72387,2
72387,1
365342,2
365342,1
30469,2
30469,1
504627,2
504627,1
504483,2
504483,1
504581,2
504581,1
156991,2
156991,1
504193,2
504193,1
521744,2
521744,1
517501,2
517501,1
368075,2
368075,1
374744,2
374744,1
368076,2
368076,1
368077,2
368077,1
351159,2
351159,1
115230,2
115230,1
153783,2
153783,1
198574,2
198574,1
76459,2
76459,1
300118,2
300118,1
248770,2
248770,1
129581,2
129581,1
162920,2
162920,1
369388,2
369388,1
369389,2
369389,1
504392,2
504392,1
504871,2
504871,1
51655,1
65254,2
65254,1
127495,2
127495,1
137061,2
137061,1
77354,2
77354,1
221402,2
221402,1
12736,2
12736,1
297961,2
297961,1
270751,2
270751,1
184194,2
184194,1
342472,2
342472,1
364324,2
364324,1
373252,2
373252,1
373251,2
373251,1
386581,2
386581,1
364328,1
364329,2
364329,1
86095,2
86095,1
323082,2
323082,1
274789,2
274789,1
274788,2
274788,1
273504,2
273504,1
243651,2
243651,1
83962,2
83962,1
53534,2
53534,1
66975,2
66975,1
352761,2
352761,1
378879,2
378879,1
95904,2
95904,1
272626,2
272626,1
180977,2
180977,1
168754,2
168754,1
127975,2
127975,1
271617,2
271617,1
135620,2
135620,1
302645,2
302645,1
302644,2
302644,1
302642,2
302642,1
319455,2
319455,1
339525,2
339525,1
302336,2
302336,1
302337,2
302337,1
521628,2
521628,1
115977,2
115977,1
66128,2
66128,1
133946,2
133946,1
201130,2
201130,1
68294,2
68294,1
61049,2
61049,1
184212,2
184212,1
76550,2
76550,1
365344,2
365344,1
157540,2
157540,1
53756,2
53756,1
265983,2
265983,1
79413,2
79413,1
265905,2
265905,1
324598,2
324598,1
83648,2
83648,1
189910,2
189910,1
116710,2
116710,1
103438,2
103438,1
194802,2
194802,1
265931,2
265931,1
352923,2
352923,1
116258,2
116258,1
116711,2
116711,1
102676,2
102676,1
137060,2
137060,1
45853,2
45853,1
126537,2
126537,1
135981,2
135981,1
169699,2
169699,1
345386,2
345386,1
521511,2
521511,1
137804,2
137804,1
70595,2
70595,1
239939,2
239939,1
124194,2
124194,1
124195,2
124195,1
182483,2
182483,1
109797,2
109797,1
124493,2
124493,1
103092,2
103092,1
368876,2
368876,1
61163,2
61163,1
307597,2
307597,1
81181,2
81181,1
78121,2
78121,1
522164,2
522164,1
272938,2
272938,1
265996,2
265996,1
266000,2
266000,1
138707,2
138707,1
211841,2
211841,1
132316,2
132316,1
265998,2
265998,1
344278,2
344278,1
352924,2
352924,1
297720,2
297720,1
178583,2
178583,1
180317,2
180317,1
85237,2
85237,1
126149,2
126149,1
102609,2
102609,1
265961,2
265961,1
107669,2
107669,1
44750,2
44750,1
323548,2
323548,1
374355,2
374355,1
302648,2
302648,1
47632,2
47632,1
63893,2
63893,1
282539,2
282539,1
522161,2
522161,1
184228,2
184228,1
137059,2
137059,1
180338,2
180338,1
135983,2
135983,1
359135,2
359135,1
360603,2
360603,1
294052,2
294052,1
336541,2
336541,1
337439,2
337439,1
293364,2
293364,1
108730,2
108730,1
374717,2
374717,1
359129,2
359129,1
359130,2
359130,1
382547,2
382547,1
359138,2
359138,1
359131,1
359132,2
359132,1
359133,2
359133,1
369801,2
369801,1
48001,2
48001,1
53119,2
53119,1
297431,2
297431,1
337440,2
337440,1
306907,2
306907,1
337438,2
337438,1
306909,2
306909,1
306911,2
306911,1
306783,2
306783,1
275011,2
275011,1
265997,2
265997,1
271355,2
271355,1
337446,2
337446,1
337447,2
337447,1
315614,2
315614,1
335207,2
335207,1
333874,2
333874,1
376802,2
376802,1
325497,2
325497,1
345271,2
345271,1
325498,2
325498,1
369387,2
369387,1
335208,2
335208,1
358734,2
358734,1
315616,2
315616,1
315617,2
315617,1
337450,2
337450,1
337454,2
337454,1
242448,2
242448,1
48786,2
48786,1
118317,2
118317,1
306942,2
306942,1
184224,2
184224,1
302917,2
302917,1
135032,1
92561,2
92561,1
181743,2
181743,1
296131,2
296131,1
196496,2
196496,1
194514,2
194514,1
110096,2
110096,1
139777,1
50814,1
95494,1
191817,2
191817,1
239766,1
111761,1
105627,1
202704,1
312816,2
312816,1
279230,2
279230,1
182572,2
182572,1
64059,2
64059,1
282072,2
282072,1
263228,2
263228,1
533583,2
533583,1
224528,1
12789,2
12789,1
224530,2
224530,1
104392,1
136359,2
136359,1
69760,2
69760,1
12792,2
12792,1
228860,2
228860,1
378946,2
378946,1
241259,2
241259,1
135026,1
12796,1
88989,1
327060,2
327060,1
198064,1
240243,1
238095,1
253050,1
60191,1
229219,1
178006,1
169773,1
135878,1
211766,1
211767,1
208003,1
207822,1
211768,1
213681,1
213683,1
213685,1
80983,1
49912,1
140496,1
224532,1
107226,1
97696,1
136024,1
67810,1
239768,1
178043,1
211526,1
204171,1
211922,1
271624,1
89633,1
53953,1
195409,1
198063,1
202691,1
202692,1
202693,1
12840,1
12872,2
12872,1
307924,2
307924,1
195428,2
195428,1
67602,2
67602,1
275613,2
275613,1
92728,2
92728,1
128171,2
128171,1
271625,2
271625,1
44249,2
44249,1
336543,2
336543,1
12882,2
12882,1
61622,2
61622,1
374967,1
374973,1
69398,1
331667,1
13027,1
73547,1
13033,1
374947,1
386376,1
382519,1
196605,1
353150,1
362266,1
361060,1
103696,1
142963,1
139791,1
134283,1
282520,1
62003,1
166961,1
142903,1
49223,1
105029,1
178713,1
103522,1
115234,1
13373,1
355000,1
343943,1
23177,1
98849,1
20664,1
22599,1
66375,1
52427,1
142051,2
142051,1
180012,2
180012,1
13422,2
13422,1
245049,2
245049,1
13433,2
13433,1
13426,2
13426,1
13432,2
13432,1
245048,2
245048,1
88101,2
88101,1
13435,2
13435,1
13436,2
13436,1
13437,2
13437,1
245060,2
245060,1
13440,2
13440,1
235972,2
235972,1
351223,1
152139,1
112205,1
21323,1
86886,1
280300,1
13467,1
196348,1
361682,1
25900,1
75490,1
42341,1
526455,1
190904,1
25908,1
286115,1
99438,1
240127,2
240127,1
131430,2
131430,1
131276,1
92030,2
92030,1
46445,1
235462,1
263577,1
54002,2
54002,1
239601,1
100526,1
100538,1
91521,1
257115,1
65505,2
65505,1
226736,2
226736,1
51071,2
51071,1
68007,2
68007,1
99907,2
53825,2
53825,1
290516,2
290516,1
224635,2
224635,1
104401,2
104401,1
97436,2
50341,2
50341,1
13558,2
13558,1
224639,2
224639,1
224643,2
224643,1
331838,2
331838,1
13572,2
13572,1
285877,2
285877,1
372993,2
372993,1
308601,2
308601,1
177957,2
177957,1
517318,2
517318,1
72665,2
72665,1
99143,2
99143,1
371998,2
371998,1
517317,2
517317,1
308602,2
308602,1
50371,2
50371,1
21883,2
21883,1
25565,2
25565,1
224645,2
224645,1
88745,2
88745,1
13627,2
13627,1
382437,2
76178,2
76178,1
246615,2
246615,1
237358,2
526024,2
526024,1
525666,2
525666,1
525883,2
525883,1
13701,1
13703,1
43043,2
43043,1
62749,2
62749,1
211894,2
211894,1
131274,2
131274,1
13725,1
342469,2
342469,1
180014,2
180014,1
13757,2
13757,1
208812,2
208812,1
90294,2
90294,1
94874,2
94874,1
94875,2
94875,1
199491,2
199491,1
28147,2
28147,1
84276,2
84276,1
89056,2
89056,1
131269,1
73832,2
73832,1
318041,1
13938,2
13938,1
79865,2
79865,1
85418,2
85418,1
78703,2
78703,1
137142,2
137142,1
206638,2
206638,1
273955,2
273955,1
514475,2
514475,1
514474,2
514474,1
514476,2
514476,1
517839,2
517839,1
246628,1
67248,1
135069,1
136886,1
80191,1
232776,1
84941,1
14154,1
270270,1
57554,1
210097,1
89189,1
46537,1
68227,1
63980,1
272774,2
272774,1
75121,2
75121,1
43173,1
380405,1
380407,1
380409,1
14364,2
14364,1
50188,2
50188,1
14436,1
346610,1
353996,2
353996,1
92170,2
92170,1
74170,2
74170,1
88793,2
88793,1
88757,2
88757,1
88780,2
88780,1
14471,2
14471,1
368081,2
368081,1
224814,2
224814,1
370001,2
370001,1
88792,2
88792,1
209744,2
209744,1
126771,2
126771,1
118337,2
118337,1
88784,2
88784,1
88806,2
88806,1
118338,2
118338,1
82565,2
82565,1
140198,2
140198,1
241741,2
241741,1
87687,2
87687,1
88773,2
88773,1
206819,2
206819,1
115167,2
115167,1
118342,2
118342,1
70672,2
70672,1
90601,1
111116,1
15827,1
90679,2
90679,1
227436,1
201062,1
201108,1
201126,1
201194,1
533792,1
45982,1
136975,1
74152,1
142387,1
101737,1
154972,1
361589,1
135071,1
333021,1
217100,1
299784,1
176766,1
165759,1
217101,1
56722,1
41732,1
273595,1
78837,1
530551,1
92650,1
220836,1
170065,2
170065,1
70103,2
70103,1
180017,1
15922,1
82667,1
70111,1
209145,1
46263,1
169034,1
330688,2
330688,1
153027,1
263284,1
295595,1
225069,1
194037,2
194037,1
530419,2
530419,1
98002,1
77305,1
352484,1
93372,1
268811,1
225070,1
225071,1
126439,1
97335,1
225072,2
225072,1
56724,1
97980,1
225073,1
154871,1
48937,1
249247,1
182650,1
98425,1
90851,1
249248,1
90626,1
80961,1
69651,1
127627,2
127627,1
129649,2
129649,1
171608,1
95394,2
95394,1
93573,1
385159,2
385159,1
83411,1
311466,1
365398,1
55837,1
146456,1
142562,1
278484,1
197881,1
187173,1
127514,2
127514,1
328379,1
122279,1
284459,1
234433,1
126714,1
139208,1
128510,1
112566,1
311385,1
126885,1
122147,1
118572,1
150372,1
378512,1
175910,1
284463,1
142409,1
219921,1
127552,2
127552,1
175914,1
171742,1
202444,1
279490,1
159337,1
129261,1
238533,1
175908,1
302147,1
130432,1
127532,1
128712,2
128712,1
279489,1
131341,1
142271,1
128117,1
129763,1
341441,1
112567,1
128766,1
319486,1
319492,1
284465,1
200913,1
187169,1
302161,1
346445,2
346445,1
353932,1
321933,1
129557,1
247519,1
319488,1
128792,1
505143,2
505143,1
121823,1
128583,1
159335,1
302149,2
302149,1
311187,1
129846,1
247520,1
247517,1
128158,1
126512,2
126512,1
129988,1
129484,1
120975,1
238271,1
217498,1
175906,1
167449,1
302145,1
202440,1
353936,1
175916,1
139485,1
129996,1
150374,1
280524,1
129934,1
118488,2
118488,1
358388,1
338882,1
167447,1
121472,1
128658,1
67663,1
249250,1
98835,1
233267,2
233267,1
175779,1
99499,2
99499,1
104557,1
95135,1
127784,1
511572,2
511572,1
300821,2
300821,1
215567,2
215567,1
353118,1
128261,1
327444,1
243578,1
284371,1
284376,1
300820,1
293318,1
320297,1
320250,1
302115,1
157588,1
319508,1
353867,1
328817,1
339839,1
320301,1
139342,1
352939,1
157592,1
377691,1
512187,1
512230,1
512321,1
127792,1
124605,1
157594,1
142548,1
121466,1
92321,1
89947,2
89947,1
384800,1
172269,1
79619,1
366247,2
366247,1
47875,1
82433,1
119699,2
119699,1
154872,1
67266,1
72639,1
60619,1
386830,1
522535,1
293584,1
86933,1
287790,2
287790,1
183321,1
71408,1
121955,1
129777,1
139659,1
94521,2
94521,1
91060,1
195679,2
195679,1
50409,1
357983,1
94481,1
57990,1
49299,1
83116,1
387573,1
357263,1
119726,1
353131,2
353131,1
183682,1
333000,2
333000,1
522224,2
522224,1
534623,2
534623,1
357334,1
327397,2
327397,1
128232,2
128232,1
320254,1
522411,2
522411,1
196032,1
239091,1
175977,1
175976,2
175976,1
96075,1
256375,2
256375,1
119687,1
119742,2
119742,1
118246,1
127007,1
142553,1
129603,1
194347,1
249405,1
63719,1
98845,2
98845,1
225103,1
59041,1
64589,1
74860,1
139441,1
121495,1
94131,1
85604,1
238538,1
92868,1
91720,1
169631,1
44915,1
93811,2
93811,1
59817,2
59817,1
95567,1
59142,1
99580,1
42489,2
42489,1
256389,2
256389,1
297775,2
297775,1
96338,1
94857,2
94857,1
300923,2
300923,1
283538,1
386812,2
386812,1
324007,1
125037,1
386860,1
256450,1
155958,1
243369,2
243369,1
348267,1
155952,2
155952,1
204233,1
155957,2
155957,1
206694,2
206694,1
537155,1
155954,1
240079,2
240079,1
319993,2
319993,1
237150,2
237150,1
248832,2
248832,1
42766,1
330917,1
129458,2
129458,1
48062,1
320267,1
237509,1
129816,1
122122,1
249826,1
280898,1
117568,2
117568,1
119712,1
119728,2
119728,1
119695,2
119695,1
119770,2
119770,1
119715,2
119715,1
343894,1
119780,2
119780,1
126936,1
138948,2
138948,1
360949,2
360949,1
129542,1
124990,1
128078,1
118240,1
507851,1
121028,2
121028,1
146763,1
139191,2
139191,1
139187,1
139189,1
146756,1
149533,1
352948,1
89093,1
15958,2
15958,1
99894,1
91822,1
78143,1
59938,2
59938,1
85439,1
43271,1
98454,1
90580,2
90580,1
69440,1
99591,1
157601,1
225116,1
95476,1
89704,1
98145,1
75492,1
97741,2
97741,1
86329,1
368489,1
92984,1
195060,1
159565,1
64015,2
64015,1
65189,1
145162,1
127388,2
127388,1
133820,2
133820,1
95758,1
51414,1
281904,1
74543,1
45398,1
202999,2
202999,1
353483,1
99563,2
99563,1
149532,1
96300,1
58233,2
58233,1
72802,1
139421,1
139333,2
139333,1
139725,1
150370,1
184653,1
253113,2
253113,1
184654,1
155624,1
203370,1
243586,1
270434,1
275548,2
275548,1
119894,2
119894,1
248712,1
297780,1
287494,1
288071,1
281857,2
281857,1
309879,1
279196,1
306076,1
322325,1
278474,2
278474,1
297778,2
297778,1
290524,1
280870,1
330692,2
330692,1
328174,1
334279,2
334279,1
118194,1
127865,1
318080,1
311425,1
311458,1
330732,2
330732,1
353130,1
336307,1
386303,2
386303,1
139206,1
118412,1
127908,2
127908,1
122130,1
118203,1
129523,2
129523,1
505155,2
505155,1
118174,2
118174,1
127500,1
196033,1
225131,2
225131,1
98619,1
97204,2
97204,1
214968,2
214968,1
195681,1
196685,1
302112,2
302112,1
172268,1
237152,1
164764,1
128353,2
128353,1
90852,1
357286,2
357286,1
112896,1
172488,1
118210,2
118210,1
118500,2
118500,1
515462,2
515462,1
129192,1
139765,1
150397,1
139600,1
150387,2
150387,1
142576,1
514505,1
142579,2
142579,1
139647,1
215632,1
142558,2
142558,1
142582,1
175956,1
175961,1
161047,2
161047,1
128071,2
128071,1
219846,1
222134,2
222134,1
219206,1
128056,2
128056,1
217499,1
244807,1
119689,1
290486,1
119734,2
119734,1
529248,1
280370,1
302101,1
243147,1
275553,1
303194,1
322138,1
342370,1
126725,1
295759,1
303193,1
288633,1
311439,2
311439,1
119738,2
119738,1
121464,1
119693,1
125761,1
129661,1
97650,1
92667,1
129853,1
119754,1
302034,1
322329,1
320258,2
320258,1
126510,1
302103,2
302103,1
355213,1
129779,1
119749,2
119749,1
117994,2
117994,1
119730,2
119730,1
126838,2
126838,1
126878,1
142076,1
346451,1
376697,1
376884,2
376884,1
348008,1
129595,1
142084,1
128285,1
537769,1
376699,2
376699,1
131371,2
131371,1
125044,2
125044,1
128000,1
70899,1
73230,1
93106,1
153565,1
43018,1
263468,1
45905,1
122275,1
125614,2
125614,1
293320,1
293301,2
293301,1
311382,1
85838,1
352927,1
45787,1
15973,2
15973,1
102960,1
290949,1
164465,1
233263,1
520030,2
520030,1
100002,1
74607,2
74607,1
302186,1
505182,1
85015,1
164753,1
204219,1
280375,2
280375,1
139184,2
139184,1
300998,1
160454,2
160454,1
139527,1
142106,2
142106,1
62559,2
62559,1
281465,1
274890,1
69345,1
77705,1
139832,1
98587,2
98587,1
154870,1
125676,1
177585,1
77605,1
95676,1
155936,1
72923,1
119725,2
119725,1
73633,1
225153,2
225153,1
214875,2
214875,1
301284,1
139705,2
139705,1
165892,1
198608,1
150368,1
200902,1
121905,1
125612,1
312248,1
175929,2
175929,1
142109,1
312258,1
129472,1
187666,1
175928,1
118588,2
118588,1
524830,2
524830,1
226261,1
331372,1
127861,2
127861,1
131322,2
131322,1
288622,1
279486,2
279486,1
322619,1
309884,1
127663,1
248876,1
201636,1
500667,1
312221,1
125033,2
125033,1
126069,1
124732,2
124732,1
125811,1
221359,1
145584,1
322620,1
365446,1
118243,1
355881,1
121454,2
121454,1
226263,1
129663,1
128160,1
128705,1
171729,1
176177,1
500662,1
297434,1
39869,2
39869,1
275803,1
275665,1
98084,1
322618,1
312252,1
221360,1
322617,1
142575,2
142575,1
141022,1
126868,2
126868,1
219198,1
164449,1
121904,1
127768,1
119746,2
119746,1
519358,2
519358,1
126984,2
126984,1
81571,1
98244,1
67529,2
67529,1
95816,1
133825,2
133825,1
129785,1
72279,1
67067,2
67067,1
386790,1
300822,1
254557,2
254557,1
96723,2
96723,1
87566,1
368083,1
345546,2
345546,1
44190,1
98265,1
169024,2
169024,1
129515,1
128837,1
124999,1
139758,1
142107,1
126506,1
126522,1
155618,1
128622,1
128129,2
128129,1
118222,1
128678,1
78353,2
78353,1
208688,1
119901,2
119901,1
61588,1
72829,1
97942,1
273353,2
273353,1
44632,1
96772,1
92419,1
78077,1
116986,2
116986,1
318234,2
318234,1
52528,1
80098,1
46606,1
256413,1
54266,1
139186,1
39942,1
116989,2
116989,1
63226,1
225171,2
225171,1
256416,1
352930,1
98266,1
73426,1
73427,1
98483,1
73782,1
97005,1
500933,1
500669,1
128255,1
127850,1
102909,1
74135,1
505175,1
218119,1
164796,1
162315,1
144499,1
276828,1
142187,1
129174,1
361024,2
361024,1
128844,2
128844,1
284797,1
145266,1
284778,2
284778,1
119700,2
119700,1
339437,1
128131,1
290389,1
285463,1
324013,1
339436,1
122247,2
122247,1
127084,2
127084,1
129872,1
346207,1
179630,1
128754,1
287512,1
142196,1
284791,1
145025,1
154621,1
145023,1
295227,1
129720,2
129720,1
348276,1
122231,1
511821,2
511821,1
71129,2
71129,1
139447,2
139447,1
55548,1
94618,1
352932,1
71286,1
522567,1
127502,1
98440,1
121894,1
121896,1
70367,1
46961,1
52981,1
99202,1
281813,1
96142,1
330754,1
76933,1
89471,1
99831,2
99831,1
89714,1
249404,1
364062,1
321845,1
364063,1
311745,1
279264,1
145117,2
145117,1
194250,2
194250,1
220354,2
220354,1
164805,2
164805,1
145587,2
145587,1
99518,1
80605,2
80605,1
90084,2
90084,1
91861,1
287495,1
286835,1
152994,1
187184,1
248903,1
242144,1
329193,1
47775,1
97607,1
61230,1
244848,1
121965,2
121965,1
118502,1
139685,1
256440,2
256440,1
300861,1
90734,2
90734,1
95997,1
522349,2
522349,1
51951,1
74624,1
81971,1
112220,1
99225,1
48788,1
99558,1
183787,1
94554,1
70715,1
64595,1
322625,1
209920,1
129883,2
129883,1
145510,1
295139,1
122155,2
122155,1
139768,1
118518,1
229358,2
229358,1
192186,1
128251,1
144493,1
192207,1
240344,1
348304,2
348304,1
171133,1
119722,2
119722,1
139183,2
139183,1
70716,2
70716,1
139185,1
511828,2
511828,1
129433,1
220790,2
220790,1
295141,2
295141,1
348312,2
348312,1
176186,1
176187,2
176187,1
131355,1
388221,2
388221,1
526542,1
119876,2
119876,1
315622,1
65559,1
249265,1
15991,1
85999,1
57203,2
57203,1
219196,2
219196,1
98201,2
98201,1
174063,1
48578,1
208686,1
208687,1
293550,1
44849,1
360945,2
360945,1
360938,1
521459,1
353481,2
353481,1
337661,1
152772,1
73126,2
73126,1
263282,1
92346,1
48017,1
79711,2
79711,1
73499,1
73562,1
51623,1
56151,1
216556,2
216556,1
64713,1
84235,1
79151,2
79151,1
71878,1
58843,1
50843,1
81646,2
81646,1
66355,1
139369,1
90915,1
64682,2
64682,1
55858,1
93703,1
86569,1
96432,2
96432,1
81160,1
144506,1
127059,2
127059,1
71836,1
75878,1
50718,1
119748,2
119748,1
89567,1
39337,2
39337,1
121828,2
121828,1
129264,2
129264,1
145180,1
87796,1
345111,1
237157,2
237157,1
119751,2
119751,1
51139,1
144943,2
144943,1
500673,1
66106,1
43210,1
327590,2
327590,1
302113,2
302113,1
301491,1
337449,2
337449,1
284763,2
284763,1
52959,1
53142,1
230300,1
201597,1
65450,1
183508,1
187496,1
330897,1
142569,1
330900,2
330900,1
380090,1
505172,2
505172,1
49875,1
139182,1
122243,1
60495,1
226511,1
209451,1
95454,1
93469,1
352942,1
52950,1
152778,1
80003,1
71907,1
42376,1
214967,1
248708,2
248708,1
287951,1
287953,1
330915,1
301290,1
311696,1
280901,1
330792,1
348287,1
358010,2
358010,1
380040,2
380040,1
202567,1
275816,1
275818,1
236449,1
248714,2
248714,1
142496,1
175964,1
139190,1
126921,1
122100,1
145112,2
145112,1
129623,1
179631,1
194266,1
128008,1
129194,1
154577,1
122255,1
145114,1
129866,1
127526,1
171766,2
171766,1
43409,1
254841,1
67366,1
45187,1
357336,1
84140,2
84140,1
125500,1
172267,1
49987,2
49987,1
285687,1
95617,1
529377,1
139737,1
330907,2
330907,1
96983,2
96983,1
64512,1
288285,1
244266,1
225244,1
99035,1
330910,1
82501,1
96113,1
91371,1
341439,1
296239,1
529378,1
352944,1
533404,2
533404,1
183685,1
308719,2
308719,1
320252,1
349176,2
349176,1
374633,2
374633,1
290433,2
290433,1
329672,1
157578,1
160492,1
290438,1
280700,1
275259,1
243464,1
201634,2
201634,1
279753,1
341365,2
341365,1
386466,2
386466,1
90077,1
219208,1
297693,2
297693,1
99872,2
99872,1
312187,1
182316,2
182316,1
40362,2
40362,1
345112,1
63660,1
39643,1
253107,1
218134,1
157698,1
90790,1
248877,1
281849,1
157889,1
380041,2
380041,1
349185,1
237491,1
99313,1
98534,1
192705,1
311459,1
175915,1
157633,1
90431,1
93738,1
376723,1
148192,1
98083,1
191393,1
357262,1
295596,1
164765,1
92054,2
92054,1
139205,1
124603,1
53667,2
53667,1
90383,1
303200,2
303200,1
146285,1
155937,1
330691,2
330691,1
164797,1
164786,1
264724,1
157895,2
157895,1
164806,2
164806,1
177605,1
110244,1
293319,1
311720,1
511257,2
511257,1
331688,1
27075,1
375191,1
521923,1
180555,1
164754,1
91485,2
91485,1
49922,2
49922,1
225080,1
160493,1
89623,1
139535,1
296184,1
91695,1
139553,1
57941,1
385160,1
511384,2
511384,1
175911,1
157775,1
365422,1
339459,1
155727,1
133805,1
297435,1
96230,1
236448,1
45499,2
45499,1
306048,2
306048,1
322622,1
230301,1
96391,2
96391,1
365447,1
302102,1
376060,1
351358,1
94317,1
253108,2
253108,1
320253,1
323989,2
323989,1
96430,2
96430,1
120533,2
120533,1
273082,1
385098,1
183788,1
175965,1
117232,1
219672,1
175957,1
96536,1
112230,1
316259,1
129228,1
92167,1
72712,1
219197,2
219197,1
160455,2
160455,1
134314,1
165907,1
530427,1
154923,2
154923,1
192745,2
192745,1
507865,2
507865,1
349024,2
349024,1
244267,1
258871,1
537873,1
388284,1
78976,1
121550,2
121550,1
180866,1
91794,1
309258,1
91115,2
91115,1
219199,1
329731,1
235499,1
139434,1
349114,1
360665,1
161059,1
120564,1
154924,1
248822,1
345533,1
312222,1
98027,1
222238,1
331702,1
270847,2
270847,1
161048,2
161048,1
94820,1
290457,2
290457,1
192854,1
302104,2
302104,1
238282,1
287513,1
204218,1
349018,2
349018,1
121903,1
375193,1
175917,1
39544,1
184509,2
184509,1
241780,1
250062,1
222240,2
222240,1
148992,2
148992,1
170472,1
334278,2
334278,1
159336,1
281555,1
515461,2
515461,1
39583,1
505141,2
505141,1
514502,2
514502,1
320257,2
320257,1
275547,2
275547,1
341366,2
341366,1
330916,1
139204,2
139204,1
357278,1
97281,1
125501,1
237651,1
214139,1
328815,1
295760,1
133822,1
301287,1
281375,2
281375,1
105135,1
191396,1
139218,1
52799,2
52799,1
92217,1
162316,1
320264,1
79991,1
290460,1
292196,1
91488,1
286800,1
113424,1
175930,2
175930,1
98495,1
349128,1
378510,1
90788,2
90788,1
90471,1
372792,2
372792,1
348157,2
348157,1
292860,1
316704,1
96248,1
133815,1
320268,1
146274,1
136151,2
136151,1
94275,2
94275,1
205318,1
244263,1
322695,1
248680,1
97698,1
88428,1
518705,2
518705,1
199958,2
199958,1
263830,1
192671,2
192671,1
229684,2
229684,1
171013,2
171013,1
285936,2
285936,1
319994,2
319994,1
169633,2
169633,1
297777,2
297777,1
217733,1
332999,2
332999,1
157896,2
157896,1
349000,1
95766,1
92341,1
139523,1
145026,1
270433,1
95439,1
46159,1
388280,1
218144,1
339840,1
118589,2
118589,1
175966,1
309499,1
90439,2
90439,1
92094,2
92094,1
220789,2
220789,1
290465,1
341347,1
93966,1
93968,1
196684,1
170577,1
169635,1
349130,1
187667,1
90821,2
90821,1
233268,2
233268,1
203379,1
248711,1
92809,2
92809,1
121954,1
94575,1
157899,1
175909,1
194013,1
231434,1
505176,1
152862,1
133816,2
133816,1
296186,1
141021,1
141020,1
204231,1
157738,1
280369,1
373823,2
373823,1
90277,1
201635,2
201635,1
152861,1
349135,1
505151,1
256150,1
330729,1
330730,1
171269,2
171269,1
328175,1
330731,2
330731,1
202445,1
138526,2
138526,1
191065,1
208690,1
360672,2
360672,1
319487,1
139528,1
117544,1
150995,2
150995,1
244264,1
136156,1
192831,1
74571,1
139529,1
385106,2
385106,1
154927,2
154927,1
184077,1
50424,2
50424,1
365399,1
40420,1
293005,2
293005,1
215633,1
137558,1
306770,1
270435,1
248713,2
248713,1
263837,1
124496,1
219205,1
57909,2
57909,1
70467,2
70467,1
353935,1
154928,1
39815,2
39815,1
259253,1
341367,1
93134,2
93134,1
274615,1
98927,2
98927,1
137559,1
134590,2
134590,1
270436,1
507850,1
296183,1
137890,1
180868,1
96361,2
96361,1
65006,2
65006,1
281158,1
506765,2
506765,1
93816,2
93816,1
341533,2
341533,1
522550,1
296185,2
296185,1
102394,1
189880,1
297779,1
170440,1
293314,1
360762,2
360762,1
293768,1
284655,1
96880,2
96880,1
218139,2
218139,1
95719,1
203368,1
346444,2
346444,1
94826,2
94826,1
322139,1
284462,1
183517,1
94394,1
101915,2
101915,1
277912,2
277912,1
145992,1
234434,1
175299,1
322330,1
60416,2
60416,1
311386,1
284464,1
137560,2
137560,1
312259,1
43785,1
233264,1
280900,1
284765,1
293321,1
286811,1
145024,1
350791,1
311426,1
192734,1
244820,1
85151,2
85151,1
249825,1
35205,2
35205,1
343893,1
130231,1
99275,1
287548,1
274617,1
129233,2
129233,1
376281,1
302027,2
302027,1
196206,1
295140,1
352058,1
175972,2
175972,1
175559,1
238544,1
39919,2
39919,1
195683,1
180554,1
376283,2
376283,1
360676,2
360676,1
92277,1
511287,1
271810,1
212110,2
212110,1
296187,1
348009,1
500293,1
128391,1
134591,1
302144,1
139419,1
92232,1
76819,2
76819,1
59584,2
59584,1
365448,1
90225,2
90225,1
139549,2
139549,1
241422,1
97133,2
97133,1
121601,1
353624,1
520098,1
90968,1
97140,2
97140,1
169025,2
169025,1
388281,1
46252,1
324001,1
96792,1
98846,1
519276,2
519276,1
177914,1
296240,1
388282,1
240329,2
240329,1
341440,1
158935,1
382921,2
382921,1
104581,1
237968,1
280615,1
256154,1
187056,1
96533,2
96533,1
253059,2
253059,1
145994,1
258239,1
248707,2
248707,1
330755,1
180870,1
226260,1
165893,1
295142,2
295142,1
311430,1
320296,1
264723,1
194035,1
192826,2
192826,1
66447,2
66447,1
526543,1
115720,2
115720,1
95070,1
92826,1
116292,1
346093,1
137561,1
322624,1
263882,1
505191,2
505191,1
110750,1
382922,2
382922,1
121602,2
121602,1
47494,1
341442,1
505174,2
505174,1
357326,2
357326,1
150751,1
42591,1
533411,2
533411,1
71461,2
71461,1
352933,1
89300,1
322626,1
222184,2
222184,1
511340,1
133824,1
97869,1
162280,1
111486,1
80293,1
94060,2
94060,1
154873,1
98512,2
98512,1
290390,1
94717,1
384815,1
209928,1
170447,2
170447,1
90732,2
90732,1
95522,1
301489,2
301489,1
124632,2
124632,1
67117,1
172913,1
150518,1
148999,1
522213,2
522213,1
95566,1
48710,2
48710,1
149000,2
149000,1
312188,1
341591,1
290388,1
180871,1
330793,1
94867,1
323992,1
91145,1
293369,1
376724,1
58035,1
117234,1
95852,1
303192,1
286801,1
258241,1
48114,1
146275,1
341456,1
320110,1
330766,1
96174,1
115721,2
115721,1
133821,1
306072,1
137821,1
302146,1
349164,1
298240,1
218133,1
175962,1
301286,1
94122,2
94122,1
46805,1
217438,1
192676,1
280374,2
280374,1
259252,1
511407,1
256163,1
236751,2
236751,1
219207,1
96878,1
97952,2
97952,1
351359,1
153287,2
153287,1
218120,1
319509,1
99640,1
100085,1
240340,1
97363,2
97363,1
89631,1
149530,1
320300,1
353931,1
97449,1
290434,2
290434,1
98873,1
297781,2
297781,1
216377,1
92685,1
202441,1
198009,2
198009,1
265006,1
129721,2
129721,1
98814,2
98814,1
191404,1
319489,1
98526,2
98526,1
366257,1
113108,2
113108,1
113311,1
95343,1
202563,2
202563,1
104142,1
76142,1
221421,2
221421,1
352938,1
202234,2
202234,1
96205,2
96205,1
95182,2
95182,1
201456,1
62235,1
323996,2
323996,1
529373,1
121977,1
59134,2
59134,1
217768,2
217768,1
376116,2
376116,1
184655,1
92843,2
92843,1
45087,1
96314,1
336314,2
336314,1
177613,2
177613,1
139526,1
251897,2
251897,1
217835,1
89127,2
89127,1
94835,1
521120,1
170448,1
148189,1
168015,2
168015,1
93839,1
349004,1
244889,1
258242,1
121899,1
357333,1
90719,1
164450,1
199959,2
199959,1
238283,2
238283,1
222037,1
380091,1
124615,1
215487,1
312253,1
204258,1
529091,1
306075,1
202170,2
202170,1
150753,1
234051,1
192677,1
147246,1
330899,2
330899,1
110995,2
110995,1
187057,1
368414,2
368414,1
62188,2
62188,1
256171,2
256171,1
284789,1
150528,1
97500,1
85397,1
250064,1
238270,1
201832,1
90549,1
297951,1
373827,1
312544,1
331581,1
118208,2
118208,1
113110,2
113110,1
154147,2
154147,1
298241,1
200903,1
92782,1
281856,2
281856,1
284793,2
284793,1
202226,1
66625,1
302148,2
302148,1
346450,1
72883,2
72883,1
303204,1
320307,2
320307,1
355882,1
202247,1
222239,1
284795,1
202184,2
202184,1
139567,1
93472,2
93472,1
120976,1
158932,1
153384,1
244888,1
146459,1
98707,2
98707,1
138535,1
148197,1
296337,1
348085,2
348085,1
307727,1
325501,1
216581,1
109546,2
109546,1
148232,1
311383,1
315624,2
315624,1
388277,1
373821,1
215607,1
56106,1
119895,2
119895,1
77028,2
77028,1
328378,1
302160,1
175907,1
45419,1
129935,1
61955,1
338883,1
74302,1
147237,1
175963,1
201596,1
73535,2
73535,1
260260,1
147238,1
157864,1
383990,1
373985,1
373986,1
121029,2
121029,1
113125,1
192725,1
237508,1
302114,1
127503,1
95390,1
79076,1
319493,1
42377,2
42377,1
511308,2
511308,1
116293,1
206336,1
293302,1
349175,2
349175,1
93474,1
85435,2
85435,1
97732,2
97732,1
271813,1
95250,1
524599,2
524599,1
524717,2
524717,1
341530,1
255433,1
53926,2
53926,1
320178,1
240343,1
202564,1
112934,1
93378,1
195685,2
195685,1
139738,1
283963,2
283963,1
256155,1
167448,1
92702,1
311001,1
89509,1
51415,1
96670,1
278105,1
210300,1
124497,1
80215,1
72541,1
310935,2
310935,1
261740,1
316267,1
278107,1
533482,2
533482,1
94009,2
94009,1
70248,2
70248,1
59039,1
303851,1
303861,1
22368,2
22368,1
49723,2
49723,1
16018,2
16018,1
33919,1
40397,1
16023,1
237739,1
75890,2
75890,1
16027,1
60060,2
60060,1
153451,2
153451,1
225280,1
225281,2
225281,1
225282,2
225282,1
225283,1
225284,2
225284,1
97997,2
97997,1
40460,1
94206,2
94206,1
33946,2
33946,1
99528,2
99528,1
16059,2
16059,1
97948,2
97948,1
83543,1
124594,2
46608,1
64954,1
75166,1
89443,2
89443,1
97010,2
97010,1
16068,2
16068,1
48115,2
48115,1
303899,1
303865,1
77250,2
77250,1
52065,1
303864,1
52548,1
231414,1
231416,1
231418,1
231424,2
231424,1
231382,2
231382,1
39342,2
303862,1
99136,2
99136,1
33905,1
33912,1
33914,1
82265,1
225274,1
33927,2
33927,1
225275,1
16024,2
16024,1
329182,2
329182,1
53026,1
48278,1
168742,1
168745,1
228636,1
136658,1
150942,2
150942,1
345762,2
345762,1
44620,1
50435,1
198003,1
225304,2
225304,1
196232,2
196232,1
200022,1
64458,2
64458,1
171039,2
171039,1
54547,1
228405,2
228405,1
91025,1
55733,1
72054,1
181619,2
181619,1
90432,1
369466,2
369466,1
193602,2
193602,1
78560,2
78560,1
210733,2
210733,1
48075,2
48075,1
286274,2
286274,1
317167,2
317167,1
80512,1
87231,1
299985,2
299985,1
317901,2
317901,1
260649,2
260649,1
81292,2
81292,1
317969,2
317969,1
86680,2
86680,1
82393,2
82393,1
357409,2
357409,1
16122,2
16122,1
43801,2
43801,1
368084,1
369116,1
291026,1
368085,1
16137,1
282034,1
293128,1
522109,1
357375,1
522110,1
155162,1
24235,1
104345,2
104345,1
337187,2
337187,1
337188,2
337188,1
370677,2
370677,1
370675,2
370675,1
256169,2
256169,1
116991,2
116991,1
96354,2
96354,1
367805,2
367805,1
335711,2
335711,1
367804,2
367804,1
334680,2
334680,1
335708,2
335708,1
47499,2
47499,1
112261,2
112261,1
225319,2
225319,1
165650,2
165650,1
334882,2
334882,1
42620,1
194850,2
194850,1
203939,2
203939,1
81200,1
83772,2
83772,1
138752,1
110536,2
110536,1
225322,2
225322,1
53669,2
53669,1
45617,1
268913,2
268913,1
328133,2
328133,1
160966,2
160966,1
16169,2
16169,1
21448,1
219497,2
219497,1
220446,2
220446,1
101045,2
101045,1
310409,2
41891,2
53712,2
53712,1
264460,2
264460,1
64772,2
64772,1
317099,1
505544,2
505544,1
377695,2
377695,1
375195,2
375195,1
531153,2
531153,1
374048,1
383693,2
383693,1
526422,2
526422,1
383851,1
526318,2
526318,1
286814,2
286814,1
105196,1
526133,2
526133,1
505556,2
505556,1
317492,1
380568,1
383631,2
383631,1
208839,1
345714,1
269968,1
82138,1
334647,1
375077,1
387495,1
363669,1
375078,1
325763,1
228409,1
357486,1
352040,1
383636,2
383636,1
383689,2
383689,1
114486,1
177387,1
247497,1
195746,1
351255,1
336321,2
336321,1
308306,2
308306,1
523523,2
523523,1
124328,2
124328,1
283648,1
226767,1
196692,1
380635,2
380635,1
334125,1
351257,1
383744,2
383744,1
326608,1
324278,2
324278,1
117095,1
504122,2
504122,1
217045,1
182557,1
531159,2
531159,1
526309,2
526309,1
526353,2
526353,1
283407,1
522590,2
522590,1
180803,1
536701,2
536701,1
505549,1
324279,1
177386,1
306565,1
526350,2
526350,1
374047,1
523501,2
523501,1
526199,2
526199,1
532085,2
532085,1
374113,1
505561,2
505561,1
517130,2
517130,1
363670,1
370999,2
370999,1
376669,2
376669,1
522587,2
522587,1
536713,2
536713,1
86666,2
86666,1
72795,2
72795,1
500069,1
16308,1
85984,2
85984,1
150379,2
150379,1
16312,2
16312,1
322804,1
78421,1
16321,1
108440,1
55079,1
113723,1
316399,1
25621,1
81865,1
16331,1
16334,1
125605,2
125605,1
16335,1
374678,1
151753,1
182744,1
271663,1
368268,1
306973,1
369439,1
69518,2
69518,1
51485,1
153602,1
152143,1
183851,1
181393,1
16336,1
269376,1
65598,1
191293,2
191293,1
67821,2
67821,1
379169,1
44254,1
16338,1
16339,1
194409,2
194409,1
96630,1
60127,1
373795,1
176726,1
521560,1
16343,2
16343,1
16345,2
16345,1
113726,2
113726,1
208848,1
63082,1
251551,1
281229,1
317389,1
228412,1
27513,1
16349,1
505557,1
534626,1
342451,1
101941,1
505590,1
520566,1
518707,1
382049,1
368266,1
206216,1
208829,1
118348,1
192286,1
382794,2
382794,1
50690,1
119287,1
138251,1
317457,1
234636,1
236648,1
368728,1
505587,1
214505,1
137092,1
298209,1
176722,1
381641,1
121060,1
70200,1
114591,1
255847,1
517211,2
517211,1
65765,2
65765,1
522319,2
522319,1
522320,2
522320,1
522630,2
522630,1
521227,2
521227,1
363801,2
363801,1
374685,2
374685,1
521390,2
521390,1
521830,2
521830,1
522107,2
522107,1
523515,2
523515,1
238882,2
238882,1
16356,1
55945,2
55945,1
329131,1
523521,1
383400,2
383400,1
68040,1
326511,2
326511,1
153583,2
153583,1
235991,1
51486,1
91576,1
519797,2
519797,1
192336,2
192336,1
89524,2
89524,1
79856,2
79856,1
92970,1
93173,1
194410,2
194410,1
100934,2
100934,1
116507,2
116507,1
92734,2
92734,1
145948,2
145948,1
108093,2
108093,1
204434,1
228416,1
75365,1
16359,1
82139,1
65911,1
168552,1
298385,1
386655,2
386655,1
383953,1
387215,1
528940,1
386325,1
384015,2
384015,1
384017,1
387218,2
387218,1
384082,1
384083,2
384083,1
384084,1
387216,1
386360,2
386360,1
384198,1
384252,2
384252,1
385727,1
386347,2
386347,1
384258,2
384258,1
384265,2
384265,1
386349,2
386349,1
384274,2
384274,1
384277,2
384277,1
384280,1
387217,1
528828,1
386352,2
386352,1
386321,2
386321,1
386322,2
386322,1
386336,2
386336,1
386646,2
386646,1
69800,1
23948,1
65433,2
65433,1
204447,1
16378,1
87225,1
307329,1
286309,1
91101,2
91101,1
168520,2
168520,1
135985,2
135985,1
383687,1
383709,2
383709,1
383708,2
383708,1
522317,1
524870,2
524870,1
522318,1
383706,2
383706,1
383623,2
383623,1
215215,1
345990,1
258396,1
317494,1
90092,1
359838,1
25619,1
215204,1
307325,1
92307,2
92307,1
254657,1
368269,1
212237,1
118216,1
269106,1
208843,1
194441,1
228626,1
228411,1
528719,1
215212,1
301293,1
380142,2
380142,1
254067,2
254067,1
325160,2
325160,1
22401,1
327471,2
327471,1
308122,2
308122,1
285619,2
285619,1
343837,2
343837,1
255247,2
255247,1
217103,2
217103,1
343839,2
343839,1
382667,2
382667,1
323959,2
323959,1
370090,2
370090,1
359273,2
359273,1
370092,2
370092,1
284305,2
284305,1
351097,1
370073,2
370073,1
370089,2
370089,1
327990,2
327990,1
72832,2
72832,1
109356,2
109356,1
16401,2
255110,2
255110,1
130239,2
130239,1
54770,2
54770,1
16402,2
16402,1
159730,2
159730,1
80044,2
80044,1
102853,2
102853,1
201531,2
201531,1
285621,2
285621,1
65212,2
65212,1
134919,2
134919,1
256881,2
256881,1
108190,2
108190,1
255460,2
255460,1
502540,2
502540,1
307612,2
307612,1
315917,2
315917,1
86305,2
86305,1
274662,2
274662,1
536766,2
536766,1
285622,2
285622,1
343844,2
343844,1
169036,2
169036,1
242954,2
242954,1
193748,2
193748,1
263267,2
263267,1
16405,2
16405,1
317902,1
371004,1
503766,1
342118,1
342119,1
316202,1
182560,1
335050,1
16461,1
338073,1
16462,1
175918,1
333200,1
139269,1
139267,1
327542,1
59401,1
91066,1
69530,1
349385,1
376474,1
135774,1
16661,1
16759,2
16759,1
77470,2
77470,1
61745,2
61745,1
30525,2
30525,1
352997,2
352997,1
323831,2
323831,1
30519,2
30519,1
316390,2
316390,1
85248,2
85248,1
76478,2
76478,1
116031,2
116031,1
287386,2
287386,1
86919,2
86919,1
237375,2
237375,1
84297,2
84297,1
58612,2
58612,1
53250,2
53250,1
48303,2
48303,1
64704,2
64704,1
279190,1
66400,2
66400,1
502821,1
271981,1
154517,2
154517,1
307936,1
76736,2
76736,1
136162,2
136162,1
225573,2
225573,1
16886,2
16886,1
52372,2
52372,1
206246,2
206246,1
41848,1
54101,1
16898,1
124053,1
325579,1
328958,2
328958,1
16902,2
16902,1
16903,2
16903,1
82609,2
82609,1
319247,2
319247,1
334896,2
334896,1
346033,2
346033,1
285940,2
285940,1
219501,2
219501,1
274663,2
274663,1
343778,2
343778,1
173074,2
173074,1
317535,2
317535,1
243199,2
243199,1
195023,2
195023,1
356890,1
102953,2
102953,1
86579,2
86579,1
16975,1
22380,1
43328,1
176063,2
176063,1
524692,2
524692,1
16999,2
16999,1
226000,2
226000,1
64324,2
64324,1
524587,2
524587,1
518601,2
518601,1
520199,2
520199,1
168987,2
168987,1
181496,2
181496,1
203535,1
75253,1
119590,1
74670,2
74670,1
50086,1
17189,1
17222,2
17222,1
60197,1
28521,2
28521,1
307940,2
307940,1
328281,2
328281,1
269627,2
269627,1
66357,1
137063,1
92489,1
193383,2
193383,1
517905,2
517905,1
271691,1
220910,2
220910,1
229817,2
229817,1
361025,2
361025,1
17357,2
17357,1
17358,2
17358,1
135782,2
135782,1
297582,1
312877,1
330176,1
346959,1
348049,1
368964,1
369447,1
161274,1
19768,1
293714,1
125512,1
139339,1
285528,1
256877,2
256877,1
17471,2
17471,1
146867,1
99527,1
117477,1
138580,2
117394,1
117394,2
117395,2
85824,1
85824,2
104450,1
104450,2
95970,1
95970,2
103066,2
272887,2
17484,1
17484,2
104449,1
299767,1
127315,1
127315,2
131397,1
131397,2
70106,1
70106,2
56532,2
91739,1
162919,1
135278,1
194493,1
194493,2
503805,1
503805,2
105321,2
83558,1
63648,2
169514,1
101910,2
101910,1
208094,1
60633,2
60633,1
60634,2
60634,1
85108,2
85108,1
61333,2
61333,1
182474,2
182474,1
283262,1
154573,1
104755,1
120667,1
255224,1
111322,1
255226,1
99322,1
17640,2
17640,1
302686,1
96684,2
96684,1
52125,2
52125,1
323883,2
323883,1
70993,2
70993,1
86836,2
86836,1
202588,2
202588,1
202589,2
202589,1
68251,2
68251,1
71031,2
71031,1
50893,2
50893,1
17653,2
17653,1
225650,2
225650,1
57507,2
57507,1
274642,2
274642,1
243058,2
243058,1
183614,1
108702,2
108702,1
263561,2
263561,1
384755,2
384755,1
384756,2
384756,1
17707,2
83020,2
102084,2
94455,2
94455,1
97647,2
225662,2
225662,1
92189,2
45921,2
45921,1
67559,2
67559,1
526182,2
526182,1
120576,2
120576,1
197360,2
197360,1
101496,2
84117,2
84117,1
215152,2
215152,1
193090,2
193090,1
99102,1
26240,2
26240,1
63571,2
63571,1
255158,2
255158,1
128408,2
128408,1
167329,2
167329,1
17802,1
206994,2
206994,1
60265,2
60265,1
257509,2
257509,1
26241,2
26241,1
174573,2
174573,1
272829,2
272829,1
360353,1
511534,1
511320,1
146772,1
17841,1
530210,1
132895,1
300934,2
300934,1
300359,2
300359,1
93403,2
93403,1
345863,2
345863,1
345876,2
345876,1
340830,2
340830,1
340608,2
340608,1
340763,2
340763,1
340652,2
363295,2
340776,2
340776,1
340476,2
340476,1
342580,2
342580,1
342581,2
342581,1
340477,2
340477,1
340700,2
340700,1
340701,2
340701,1
339967,2
339967,1
340054,2
340054,1
339969,2
339969,1
339970,2
339970,1
339971,2
339971,1
339997,2
339997,1
339998,2
339998,1
340002,2
340002,1
340001,2
340001,1
340010,2
340010,1
340016,2
340016,1
340019,2
340019,1
340020,2
340020,1
340024,2
340024,1
340025,2
340025,1
340026,2
340026,1
340029,2
340029,1
340031,2
340031,1
340032,2
340032,1
340040,2
340040,1
340041,2
340041,1
340044,2
340044,1
340050,2
340050,1
340051,2
340051,1
340057,2
340057,1
340064,2
340064,1
340069,2
340069,1
354035,2
354035,1
340201,2
340201,1
340486,2
340486,1
340569,2
340569,1
340703,2
340703,1
340669,2
340669,1
340675,2
340675,1
340676,2
340671,2
340671,1
71733,2
71733,1
98492,2
98492,1
192722,1
67054,2
67054,1
25552,2
25552,1
17885,2
17885,1
180036,2
180036,1
75444,2
75444,1
238189,2
238189,1
76981,2
76981,1
521724,2
521724,1
17887,2
17887,1
110689,2
110689,1
108577,2
108577,1
174574,2
174574,1
194306,1
92971,2
92971,1
92219,1
17899,1
133122,1
312891,1
25098,1
271701,1
19621,2
19621,1
176016,2
176016,1
183637,1
18038,1
48698,1
68110,1
182690,1
18066,1
60322,1
143574,2
143574,1
343695,1
525829,1
525329,1
317391,1
313907,1
309046,2
309046,1
526005,1
343696,1
109125,2
109125,1
254272,2
254272,1
525669,1
130271,1
18076,1
526232,1
204893,1
161532,1
307944,2
307944,1
88979,1
385215,2
385215,1
118456,2
118456,1
83105,1
81183,2
81183,1
18109,2
18109,1
72002,2
72002,1
522886,2
522886,1
118580,2
118580,1
117038,2
117038,1
292727,1
319429,1
305547,2
305547,1
296499,2
296499,1
152173,2
152173,1
201485,2
201485,1
142510,2
142510,1
121667,2
121667,1
72491,2
72491,1
62835,2
62835,1
219312,1
83140,1
87175,1
18354,1
116967,2
116967,1
93633,2
93633,1
48235,2
48235,1
41779,2
41779,1
180982,2
180982,1
283313,2
283274,2
283314,2
283314,1
283266,2
283266,1
234079,2
234079,1
117209,2
117209,1
116261,2
116261,1
115896,2
115896,1
18458,2
18458,1
179880,2
179880,1
118464,2
118464,1
84183,2
84183,1
77176,2
77176,1
280026,2
280026,1
154350,1
225750,1
85985,1
238306,1
18648,1
46036,1
57013,1
71343,1
271600,1
364178,1
347536,1
375823,1
375824,1
18738,1
57039,1
18741,2
18741,1
18784,1
281359,1
129752,1
197066,2
197066,1
168900,2
168900,1
280895,2
280895,1
196743,2
196743,1
227810,1
183336,2
238917,1
136366,2
136366,1
239016,2
239016,1
61473,2
87622,2
253335,2
253335,1
226006,2
226006,1
505445,1
46918,1
51252,1
270605,1
58687,2
58687,1
285691,2
285691,1
248607,2
248607,1
241882,1
258820,2
258820,1
49040,2
49040,1
129753,2
129753,1
104816,2
104816,1
343849,2
343849,1
517968,1
388409,2
388409,1
505892,1
388518,1
523967,1
523961,1
506467,1
157529,2
157529,1
505883,1
506523,1
521123,1
388352,1
384763,2
384763,1
102353,2
102353,1
506423,1
521626,1
388364,1
388339,1
521710,1
388325,1
97275,2
97275,1
319848,2
319848,1
62986,2
62986,1
112711,2
112711,1
18841,2
18841,1
245478,2
245478,1
78334,2
78334,1
521652,1
521395,1
78335,1
117501,2
117501,1
102525,2
102525,1
286132,2
286132,1
43978,2
43978,1
526075,1
68859,2
68859,1
78460,1
98116,1
70916,1
138641,2
138641,1
74888,2
74888,1
43880,2
43880,1
368295,2
368295,1
521102,1
521250,1
74889,2
74889,1
93363,2
93363,1
319853,2
319853,1
319856,2
319856,1
248883,1
353693,2
353693,1
75850,2
75850,1
120166,2
120166,1
353694,2
353694,1
194256,2
194256,1
524528,1
177034,1
524715,1
18873,2
18873,1
114022,2
114022,1
316204,1
140089,2
140089,1
228380,2
228380,1
109381,2
111539,2
111539,1
131419,2
131419,1
91609,2
91609,1
505614,2
505614,1
215378,2
225813,2
225813,1
83550,2
86038,1
328090,1
92688,1
153143,1
138826,2
138826,1
301183,1
300335,1
241294,2
241294,1
227056,2
227056,1
327558,1
526376,1
195293,2
195293,1
349312,2
349312,1
332942,2
332942,1
19185,1
158373,1
122393,1
341972,1
336230,1
121924,1
167978,1
175063,1
69276,1
134575,1
282664,1
19238,1
312552,1
92451,1
97792,1
8726,1
308472,1
375153,1
336394,1
336365,1
345746,1
369167,1
360690,1
207837,1
127475,1
315609,1
361016,1
503721,1
308453,1
360976,1
504404,1
46161,1
223826,1
341745,2
341745,1
354043,2
354043,1
363995,2
363995,1
384238,1
388808,2
388808,1
388811,2
388811,1
388810,2
388810,1
250073,1
344405,1
342436,1
517550,1
517551,1
160559,2
160559,1
160560,2
160560,1
5,2
5,1
256469,1
351035,1
256065,1
327127,1
253995,1
322071,1
254432,1
226833,2
226833,1
179769,2
179769,1
185019,2
185019,1
185020,2
185020,1
155,2
155,1
204864,2
204864,1
26035,2
26035,1
194593,2
194593,1
197960,2
197960,1
178415,2
178415,1
182846,2
182846,1
154628,2
154628,1
26036,2
26036,1
244320,2
244320,1
206337,2
206337,1
125433,1
185027,2
185027,1
227616,2
227616,1
348025,2
348025,1
275597,2
275597,1
106409,2
207785,2
207785,1
46855,1
393,1
273961,2
273961,1
522855,2
522855,1
163355,1
165618,1
184049,1
185395,1
185398,1
185399,1
426,1
368941,1
281541,1
24962,2
24962,1
92914,2
92914,1
26342,1
103016,1
134794,1
188012,1
300336,1
98738,1
643,1
326545,1
511241,1
195689,1
252825,1
296294,1
176893,1
382444,1
921,1
194360,1
182592,1
186527,2
186527,1
1024,2
1024,1
186535,2
186535,1
79700,1
517755,1
128871,2
128871,1
323405,1
1274,2
1274,1
1275,1
162400,2
162400,1
54662,1
307448,1
1455,1
231538,1
94831,1
1641,2
1641,1
77248,1
279942,1
50478,1
285909,1
189544,2
189544,1
169727,1
86792,2
86792,1
307165,2
307165,1
95519,2
95519,1
335429,2
335429,1
135647,2
135647,1
1767,2
1767,1
112713,2
112713,1
91573,2
91573,1
272995,2
272995,1
1779,1
133185,2
133185,1
386931,1
350661,1
1824,1
27487,2
27487,1
134458,2
134458,1
294498,2
294498,1
65865,1
2095,2
2095,1
203843,2
203843,1
321920,2
321920,1
232590,2
232590,1
27796,2
27796,1
203855,2
203855,1
316858,2
316858,1
203865,2
203865,1
129589,2
129589,1
93750,2
93750,1
525695,2
525695,1
526121,2
526121,1
508253,1
204192,2
204192,1
513812,2
513812,1
513840,2
513840,1
72680,1
204402,1
204418,1
204416,1
522998,2
522998,1
135495,2
135495,1
20634,1
204548,1
324703,1
145494,2
145494,1
190723,2
190723,1
92527,2
92527,1
352584,2
352584,1
214426,2
214426,1
195613,1
256703,2
256703,1
387409,2
387409,1
380471,2
380471,1
342385,2
342385,1
308608,2
308608,1
337615,2
337615,1
135418,2
135418,1
305877,2
305877,1
308086,2
308086,1
306599,2
306599,1
308609,2
308609,1
336349,2
336349,1
212320,2
212320,1
254813,2
254813,1
303455,2
303455,1
95324,2
95324,1
237255,2
237255,1
2468,1
46007,1
109244,1
255157,2
255157,1
138296,1
284104,2
284104,1
256704,2
256704,1
75987,2
75987,1
46155,1
85668,1
166537,1
254136,1
138776,1
166644,1
326172,1
189307,1
107701,1
19873,1
3069,2
3069,1
157436,2
157436,1
115991,2
115991,1
74342,2
74342,1
285993,1
113477,1
323982,1
211089,1
258403,1
101640,1
228992,1
252058,1
205297,1
523411,1
523439,1
3401,2
3401,1
3449,1
3468,1
288050,1
285323,1
331398,1
331397,1
29329,1
91657,1
33023,1
89259,1
212530,1
157809,1
3849,1
3850,1
82571,1
212817,1
3852,1
212830,1
157806,1
3853,1
212849,1
3856,1
29376,1
113563,1
162878,1
212885,1
75807,1
22292,1
139128,1
3708,1
22588,1
3877,1
3878,1
3879,1
94293,1
270940,1
125464,1
89381,1
276244,1
275540,1
193400,1
3875,1
98890,1
120412,1
193405,1
289323,1
332075,1
119918,1
343465,1
94170,2
94170,1
44387,1
48965,2
48965,1
59630,2
59630,1
293098,2
293098,1
71090,2
71090,1
57586,2
57586,1
203617,2
203617,1
102289,2
102289,1
97227,1
105683,2
105683,1
77762,1
145689,2
145689,1
80470,1
66727,2
66727,1
52056,1
68367,1
330947,1
248410,1
162359,2
162359,1
210206,1
210208,2
210208,1
210249,1
64361,1
94399,2
94399,1
236931,2
236931,1
269008,2
269008,1
280738,2
280738,1
47448,2
47448,1
269510,2
269510,1
91740,2
91740,1
138397,2
138397,1
135830,2
135830,1
91407,2
91407,1
104989,1
133886,1
528751,2
528751,1
121392,1
197718,2
197718,1
215541,1
211174,1
205474,2
205474,1
215565,2
215565,1
240428,2
240428,1
240380,2
240380,1
257096,2
257096,1
350183,1
341789,2
341789,1
372954,1
369975,2
369975,1
522272,2
522272,1
521534,2
521534,1
521594,2
521594,1
522190,2
522190,1
210211,2
210211,1
210212,2
210212,1
210213,2
210213,1
113550,2
113550,1
99347,2
99347,1
236932,2
236932,1
52294,1
95071,1
83370,1
138406,1
241014,1
131729,2
131729,1
92323,2
92323,1
155123,1
48706,1
210217,2
210217,1
211456,2
211456,1
333803,2
333803,1
248297,2
248297,1
138418,1
207217,1
94497,2
94497,1
54487,1
253806,2
253806,1
70996,2
70996,1
166338,1
100044,2
100044,1
210073,1
44905,2
44905,1
70581,2
70581,1
46101,2
46101,1
98756,1
248329,2
248329,1
209989,2
209989,1
215631,1
521419,2
521419,1
218964,2
218964,1
372817,2
372817,1
77000,1
48658,2
48658,1
150613,2
150613,1
65221,2
65221,1
181519,1
192957,1
98193,2
98193,1
209598,2
209598,1
209995,2
209995,1
138438,2
138438,1
98375,2
98375,1
126183,1
168991,2
168991,1
95347,2
95347,1
249316,1
192958,2
192958,1
333184,2
333184,1
350947,1
138428,1
296472,1
328376,1
242614,2
242614,1
194982,2
194982,1
248380,2
248380,1
138444,2
138444,1
304572,1
227091,2
227091,1
108165,2
108165,1
171372,2
171372,1
118016,1
210230,2
210230,1
95929,2
95929,1
370198,2
370198,1
370234,2
370234,1
210238,2
210238,1
69666,2
69666,1
355144,2
355144,1
99381,1
367141,1
98792,2
98792,1
352599,2
352599,1
248365,1
517193,2
517193,1
218966,1
324271,2
324271,1
94019,1
105246,1
98992,2
98992,1
357464,1
101855,1
114538,1
243944,2
243944,1
97686,2
97686,1
211184,2
211184,1
102634,1
331401,1
338032,2
338032,1
108058,2
108058,1
210241,2
210241,1
210036,1
210250,2
210250,1
194370,2
194370,1
55296,1
369962,1
342962,1
357522,2
357522,1
342964,1
362087,2
362087,1
376903,1
350040,2
350040,1
376905,2
376905,1
517350,2
517350,1
295301,2
295301,1
295304,2
295304,1
295305,2
295305,1
295308,1
275447,2
275447,1
275451,2
275451,1
275452,1
207286,2
207286,1
310351,2
310351,1
295312,2
295312,1
295061,1
82858,1
91084,1
92936,2
92936,1
342655,1
238043,2
238043,1
370678,1
215566,2
215566,1
248252,2
248252,1
248494,2
248494,1
295300,2
295300,1
238046,2
238046,1
521333,2
521333,1
295303,2
295303,1
295306,2
295306,1
295307,1
269513,2
269513,1
295302,2
295302,1
121393,1
350184,1
256917,2
256917,1
342657,1
341788,2
341788,1
269667,2
269667,1
269521,1
215542,1
362086,2
362086,1
349477,2
349477,1
207266,2
207266,1
310352,2
310352,1
517088,2
517088,1
357425,2
357425,1
367515,1
383627,2
383627,1
378224,2
378224,1
295313,2
295313,1
374147,1
374148,2
374148,1
292739,1
522271,2
522271,1
368510,2
368510,1
240431,2
240431,1
201327,2
201327,1
193300,1
248495,2
248495,1
197717,2
197717,1
372958,1
3919,2
3919,1
154935,1
153927,1
240292,2
240292,1
136923,2
136923,1
42006,2
42006,1
96554,1
89329,2
89329,1
108675,2
108675,1
89488,2
89488,1
96366,2
96366,1
69311,2
69311,1
68123,2
68123,1
69759,2
69759,1
198522,2
198522,1
178385,1
96555,2
96555,1
42004,2
42004,1
42676,2
42676,1
94951,2
94951,1
112228,2
112228,1
335541,1
100086,2
100086,1
216423,2
216423,1
98281,1
77359,1
213120,2
213120,1
335540,1
213122,1
29410,1
354753,1
354754,1
42010,1
296339,1
92148,1
91536,1
180463,1
111711,1
213127,1
127404,2
127404,1
3935,1
59157,2
59157,1
213132,2
213132,1
3937,1
155075,1
83258,1
121387,1
65760,1
150285,1
155730,1
93286,1
178200,1
296439,1
296436,1
121388,1
175815,1
175816,1
248491,1
70896,1
210772,2
210772,1
91393,2
91393,1
90018,2
90018,1
236937,2
236937,1
136043,2
136043,1
93567,2
93567,1
227333,2
227333,1
149979,2
149979,1
124306,1
248306,1
355610,1
355609,1
90287,2
90287,1
95072,2
95072,1
89123,2
89123,1
96527,2
96527,1
63420,2
63420,1
116223,2
116223,1
313749,2
313749,1
29436,1
124243,2
124243,1
80006,1
3953,2
3953,1
117527,1
227088,2
227088,1
248334,2
248334,1
97183,1
3966,1
135833,2
135833,1
213302,2
213302,1
248228,2
248228,1
229874,2
229874,1
202711,2
202711,1
3977,2
3977,1
105249,1
94226,1
3982,1
145690,1
3984,2
3984,1
165548,2
165548,1
42039,1
29466,2
29466,1
29469,2
29469,1
251844,2
251844,1
42014,1
152838,1
239036,1
368666,2
368666,1
269683,2
269683,1
3991,2
3991,1
254440,1
152839,1
151325,1
162358,1
29474,2
29474,1
165902,1
29475,2
29475,1
223041,2
223041,1
42015,1
3992,2
3992,1
42016,1
131849,2
131849,1
213322,2
213322,1
210758,2
210758,1
210762,2
210762,1
210765,2
210765,1
91989,2
91989,1
72137,2
72137,1
93782,2
93782,1
58283,2
58283,1
4080,1
153205,1
102458,1
217518,1
140335,1
153932,1
217519,1
195050,1
4249,1
138830,1
239735,1
30608,1
68653,1
159473,2
159473,1
124532,2
124532,1
158659,2
158659,1
243042,2
243042,1
223062,2
223062,1
88940,2
88940,1
214674,2
214674,1
70101,2
70101,1
90584,2
90584,1
48172,2
48172,1
79722,2
79722,1
84706,2
84706,1
191789,2
191789,1
96286,2
96286,1
114057,1
4709,1
353589,1
76926,1
523198,1
71078,1
212216,1
317547,1
243411,1
388710,1
86063,1
86312,1
136890,1
56390,1
5192,1
5205,2
5205,1
151340,2
151340,1
92783,2
92783,1
80123,2
80123,1
86021,2
86021,1
198591,2
198591,1
98480,2
98480,1
5254,2
5254,1
31020,2
31020,1
149741,2
149741,1
332085,2
332085,1
332078,2
332078,1
332080,2
332080,1
31011,2
31011,1
53733,2
53733,1
19988,2
19988,1
70960,2
70960,1
280801,1
280802,1
5312,1
5650,2
5650,1
89506,1
524531,2
524531,1
31763,1
20773,1
236274,1
53522,1
234796,1
345017,1
223249,1
110781,1
337640,1
181968,1
31891,1
43075,1
65112,2
65112,1
80157,2
80157,1
175846,1
55351,1
129346,1
352712,2
352712,1
135421,2
135421,1
6279,2
6279,1
64191,1
19837,1
6325,1
47716,1
6475,2
6475,1
101692,2
101692,1
128956,2
128956,1
179874,2
179874,1
211693,1
6549,1
6552,1
86987,2
86987,1
73264,2
73264,1
158645,2
158645,1
57685,2
64815,1
32556,1
101879,1
202371,2
202371,1
248152,2
248152,1
117111,2
117111,1
7024,2
7024,1
7025,2
7025,1
56700,2
56700,1
267057,2
267057,1
248484,2
248484,1
267056,2
267056,1
267058,2
267058,1
112068,2
112068,1
104833,2
104833,1
32718,2
32718,1
253130,2
253130,1
208785,2
208785,1
32720,2
32720,1
60182,2
60182,1
249092,2
249092,1
248604,2
248604,1
227602,2
227602,1
241496,2
241496,1
93184,2
93184,1
32728,1
82903,1
109521,1
32730,2
32730,1
173491,1
176833,1
176468,1
99051,1
140098,2
140098,1
63218,1
94040,1
171754,1
84143,2
84143,1
67698,2
67698,1
95123,1
95286,1
7051,2
7051,1
78613,2
78613,1
45800,2
45800,1
53764,2
53764,1
114010,2
114010,1
32751,2
32751,1
32754,1
32756,1
171828,1
25116,1
136341,2
136341,1
7098,1
202325,1
248153,2
248153,1
501177,2
501177,1
500738,2
500738,1
59522,1
49181,1
360159,1
360160,1
332269,1
362624,1
41973,1
356457,1
356459,1
360699,1
358172,1
358171,1
505317,1
137829,1
360162,1
85913,1
298724,2
298724,1
115101,2
115101,1
94823,1
7278,2
7278,1
75482,1
168530,1
79264,1
98528,1
91127,1
114693,1
91985,1
90700,1
96410,1
134682,1
113632,1
7527,2
7527,1
75786,2
75786,1
98220,2
98220,1
47674,1
46314,1
43050,1
7494,1
92289,2
92289,1
7496,1
223603,2
223603,1
92591,2
92591,1
253476,2
253476,1
89853,2
89853,1
333081,2
333081,1
99803,2
99803,1
112741,2
112741,1
79960,1
104740,1
57272,1
116962,1
33412,2
33412,1
244144,2
244144,1
226723,2
226723,1
74392,2
74392,1
108524,2
108524,1
96119,2
96119,1
89298,2
89298,1
226677,2
226677,1
170244,2
170244,1
92986,2
92986,1
127106,2
127106,1
131758,2
131758,1
33482,2
33482,1
57230,2
57230,1
226652,2
226652,1
49514,2
49514,1
94818,2
94818,1
7939,1
7942,2
7942,1
228078,2
228078,1
197527,2
197527,1
8064,1
8171,2
8171,1
324935,2
324935,1
297231,1
326840,1
326970,1
48360,1
329811,1
165426,1
60372,1
55143,1
273219,1
304298,1
8418,1
269592,1
103053,1
25516,2
25516,1
8492,2
8492,1
68062,2
68062,1
172828,1
74223,2
74223,1
129694,2
129694,1
233513,1
40520,1
87086,1
327524,1
361656,1
349746,1
361657,1
367229,1
103520,1
110227,1
112577,1
159243,2
159243,1
115329,1
313758,1
381367,1
89515,1
196465,1
503034,1
525870,1
251159,1
83111,1
153040,1
251164,1
321461,1
75240,1
117590,1
60529,1
281918,1
238109,1
99938,1
251174,1
40671,1
54932,1
40675,1
92320,1
127155,1
524520,1
343545,1
524564,1
115331,1
238115,1
167623,1
251187,1
365955,1
43691,1
167626,1
137161,1
45619,1
381621,1
76242,1
198946,1
367763,1
270282,1
281940,1
306676,1
298794,1
343553,1
305136,1
66709,1
306685,1
284703,1
46888,1
42536,1
149009,1
66621,1
71413,1
180288,1
238127,1
238129,1
270286,1
332885,1
125914,1
104749,1
110209,1
167635,1
251311,1
242564,1
94097,1
237402,1
313779,1
222207,1
206927,1
270299,1
500135,1
286552,1
376175,1
70176,1
136889,1
270301,1
48119,1
169878,2
169878,1
196473,1
252204,1
180293,1
525419,1
114985,1
222345,1
372235,1
222368,1
371093,1
130189,1
366342,1
321494,1
281981,1
72808,1
148455,1
127709,1
270312,1
180751,1
103205,1
94415,1
208889,1
175020,1
238160,1
524502,1
238162,1
118535,1
251031,1
237424,1
524440,1
376396,1
376056,1
504009,1
72101,1
155426,1
8824,1
168361,1
8832,1
8850,1
517471,1
277709,1
277608,1
117276,1
82162,1
345027,1
181773,1
526399,1
526403,1
270352,1
300426,2
300426,1
308245,1
526255,1
501619,1
304323,1
41577,1
227477,1
323882,2
323882,1
247040,1
526160,1
297519,1
537832,1
526170,1
516751,1
537780,1
526292,1
271443,1
381384,1
357505,1
387467,1
353410,1
360404,1
352810,1
372620,1
360405,1
357497,1
71910,2
71910,1
42557,1
120022,1
315981,1
41702,2
41702,1
8908,2
8908,1
526439,1
168472,2
168472,1
151436,2
151436,1
277299,2
277299,1
345473,1
40791,1
102356,2
102356,1
114550,2
114550,1
222351,1
294510,1
89125,1
276646,1
86970,1
229973,1
336721,1
365374,2
365374,1
347169,1
305535,1
305537,1
336725,1
239053,1
306885,1
386908,1
348598,1
346803,1
347211,1
347212,1
348591,1
365146,1
365148,2
365148,1
168220,1
311553,1
380929,1
378094,1
330117,2
330117,1
330114,2
330114,1
318324,1
379605,1
287621,1
329137,1
227381,1
306886,1
194092,1
347195,1
85274,2
85274,1
40839,2
40839,1
88261,1
334807,1
191037,1
212330,1
178461,1
68352,1
287435,1
294511,1
88264,1
276644,1
101842,2
101842,1
279698,1
386897,1
242637,1
89045,1
114554,2
114554,1
381412,1
71747,1
245180,1
365168,1
245179,1
307081,1
227705,1
61246,1
368712,1
124542,1
245185,2
245185,1
324042,1
304322,1
294934,1
154248,1
277036,1
55717,2
55717,1
345291,1
369908,2
369908,1
344227,2
344227,1
344228,1
334806,1
378092,2
378092,1
358843,2
358843,1
358844,2
358844,1
305536,1
305538,1
363805,1
256101,1
202607,1
292087,1
292088,1
347196,1
128023,1
144708,1
164061,1
346804,1
372589,1
381431,1
328809,1
367765,1
367766,1
371903,1
367767,1
367768,1
347194,1
318328,1
318325,1
360535,1
179446,1
168147,1
86280,2
86280,1
385194,1
238920,1
336742,1
212329,1
384380,1
374251,1
378095,1
378096,1
104400,1
77141,2
77141,1
348599,1
348600,1
273977,1
285410,1
21740,1
311555,1
309987,1
40820,1
271468,1
256659,2
256659,1
337433,1
376892,1
387746,1
279819,1
353378,1
346103,1
387760,1
387748,1
303357,1
177819,1
506735,1
506870,1
342213,1
353411,1
264573,2
264573,1
376895,1
380600,1
286253,2
286253,1
336744,1
375144,1
352815,1
346178,1
530020,1
387768,1
387769,1
311556,1
352108,1
345760,1
360540,1
345781,1
385205,1
376382,1
536480,1
388599,1
380601,1
388600,1
264574,2
264574,1
254419,2
254419,1
387747,1
241765,1
25075,1
308249,1
282699,1
83775,1
191892,1
308250,1
512186,1
194613,1
503910,1
316899,1
365379,1
168441,2
168441,1
8994,2
8994,1
279251,1
361089,1
345600,1
358851,1
9006,1
9008,1
323893,1
19594,1
61961,1
40895,1
101244,1
9028,1
94158,1
9334,2
9334,1
79996,1
9414,1
65962,1
111566,2
111566,1
58652,2
58652,1
62007,2
62007,1
175166,2
259061,2
86184,2
247935,2
282667,2
304578,2
240666,2
240666,1
211616,2
211616,1
283068,2
283068,1
163879,1
112762,2
112762,1
283211,2
283211,1
283213,2
283213,1
283215,2
283215,1
207035,1
9766,2
9766,1
514380,2
514380,1
514378,2
514378,1
514377,2
514377,1
272498,2
272498,1
57691,2
57691,1
60779,2
60779,1
9852,2
9852,1
71071,2
71071,1
171797,2
171797,1
102621,2
102621,1
41571,1
147488,2
147488,1
91398,1
324015,1
43560,2
43560,1
166764,2
166764,1
77547,1
54571,1
90727,1
324113,1
97043,1
287694,1
238330,1
287695,1
49593,1
170506,2
170506,1
229284,2
229284,1
57431,1
324957,1
229842,1
211103,1
115421,1
51827,1
198589,1
124547,1
226505,1
134778,1
181211,1
263246,1
263247,1
201424,1
178584,1
178616,1
178617,1
227303,1
331027,1
227996,1
331028,1
41821,1
25184,1
202941,1
9965,1
95650,1
9973,1
75772,1
293766,2
293766,1
19600,1
66391,1
10093,1
112208,1
10098,1
91622,1
321774,1
179546,1
10396,1
10399,1
10431,1
367370,2
367370,1
10498,2
10498,1
343959,2
343959,1
23450,2
23450,1
66529,2
66529,1
10579,2
10579,1
270586,1
42354,1
207689,1
10669,1
126141,1
198447,1
22442,2
22442,1
171750,1
507310,1
507659,1
507179,1
168212,1
507417,1
507315,1
507533,1
507619,1
507555,1
507401,1
507091,1
10802,1
67949,2
67949,1
203998,1
77020,1
307995,2
307995,1
204523,2
204523,1
138954,2
138954,1
180799,2
180799,1
336289,2
336289,1
211929,2
211929,1
224245,2
224245,1
101974,1
45689,2
45689,1
11049,2
11049,1
128436,2
128436,1
11054,2
11054,1
79977,2
79977,1
11055,2
11055,1
212015,2
212015,1
368041,2
368041,1
113592,1
125569,1
98755,2
98755,1
92744,2
92744,1
113567,2
113567,1
381662,2
381662,1
79517,2
79517,1
45819,2
45819,1
182743,2
182743,1
41212,2
41212,1
72853,2
72853,1
60480,2
60480,1
11050,2
11050,1
384890,2
384890,1
384891,2
384891,1
212625,2
212625,1
169162,2
169162,1
103678,2
103678,1
239979,2
239979,1
76118,2
76118,1
253434,2
253434,1
212866,2
212866,1
210938,2
210938,1
252419,2
252419,1
128984,2
128984,1
140140,2
140140,1
119089,2
119089,1
271509,2
271509,1
11158,2
11158,1
243745,2
243745,1
95355,2
95355,1
137057,2
137057,1
55099,2
55099,1
316296,2
316296,1
104206,2
104206,1
208922,2
208922,1
209652,2
209652,1
201480,2
201480,1
344246,2
344246,1
369612,2
369612,1
41718,2
41718,1
57609,2
57609,1
85722,2
85722,1
154639,2
154639,1
129810,2
129810,1
137631,2
137631,1
76523,2
76523,1
286770,2
286770,1
118739,2
118739,1
300643,2
300643,1
306890,2
306890,1
384448,2
384448,1
111896,2
111896,1
155534,2
155534,1
115816,2
115816,1
41719,2
41719,1
112760,2
112760,1
116628,2
116628,1
227050,2
227050,1
102874,2
102874,1
49855,2
49855,1
75716,2
75716,1
112842,2
112842,1
155556,2
155556,1
86197,2
86197,1
118608,2
118608,1
118613,2
118613,1
58655,2
58655,1
129812,2
129812,1
82271,2
82271,1
500304,2
500304,1
81708,2
81708,1
139351,2
139351,1
127670,2
127670,1
305928,1
228963,2
228963,1
228964,2
228964,1
183330,2
183330,1
59228,2
59228,1
115148,2
115148,1
84915,2
84915,1
58540,2
58540,1
176984,1
211516,1
104650,1
122268,1
122267,1
122266,1
122265,1
197570,1
11233,1
102983,1
11242,1
11438,1
11508,1
11602,2
11602,1
46293,2
46293,1
193768,2
193768,1
148131,2
148131,1
98263,2
98263,1
93836,2
93836,1
45053,2
45053,1
351967,1
124734,2
124734,1
91843,2
91843,1
183162,2
183162,1
114636,2
114636,1
93957,2
93957,1
46274,2
46274,1
97341,2
97341,1
150750,2
150750,1
72989,2
72989,1
97029,2
97029,1
114814,2
114814,1
92455,2
92455,1
114815,2
114815,1
97523,2
97523,1
154867,2
154867,1
247271,2
247271,1
219636,1
91284,2
91284,1
253027,2
253027,1
64766,2
64766,1
54380,1
11629,2
11629,1
90996,2
90996,1
91136,2
91136,1
90536,2
90536,1
91721,2
91721,1
152140,2
152140,1
92985,2
92985,1
94916,2
94916,1
100029,2
100029,1
89309,2
89309,1
99897,2
99897,1
239323,2
239323,1
114639,2
114639,1
43253,2
43253,1
77406,2
77406,1
89253,2
89253,1
98800,2
98800,1
93818,2
93818,1
97193,2
97193,1
98143,2
98143,1
165265,2
165265,1
89177,2
89177,1
176066,1
124754,2
124754,1
74598,2
74598,1
11623,2
11623,1
197226,2
197226,1
61682,2
61682,1
11633,2
11633,1
117757,2
117757,1
194545,2
194545,1
283889,1
122358,1
306321,1
160027,1
88303,1
22196,2
22196,1
49845,1
12099,2
12099,1
12191,1
154644,2
154644,1
519630,2
519630,1
383965,1
212878,1
43920,1
60617,1
285797,1
321642,1
507872,2
507872,1
74798,2
74798,1
388059,2
388059,1
100515,2
100515,1
349251,2
349251,1
71744,2
71744,1
72759,2
72759,1
316225,2
316225,1
118209,1
111524,2
111524,1
321448,2
321448,1
335052,2
335052,1
131503,1
269329,2
269329,1
43473,2
43473,1
140046,1
62952,1
125211,2
125211,1
525259,1
45558,1
154161,1
102279,2
102279,1
83914,2
83914,1
138862,2
138862,1
111550,1
296132,2
296132,1
12835,1
188938,1
47147,1
112266,1
63237,1
22209,1
96240,1
180544,1
91496,1
95243,2
95243,1
114019,2
114019,1
346031,2
346031,1
526470,2
526470,1
525550,2
525550,1
525879,2
525879,1
343776,2
343776,1
525893,2
525893,1
526136,2
526136,1
12895,1
64180,1
129143,1
341020,1
198605,1
342577,1
13375,1
212146,2
212146,1
13430,2
13430,1
13429,2
13429,1
113569,1
273962,2
273962,1
13486,2
13486,1
224629,2
224629,1
42852,2
42852,1
75474,2
75474,1
320213,2
320213,1
319900,2
319900,1
14440,1
239772,2
239772,1
336295,2
336295,1
226856,2
226856,1
224799,2
224799,1
64402,2
64402,1
96006,2
96006,1
93590,1
277380,1
176312,2
176312,1
88817,2
88817,1
155126,2
155126,1
72458,2
72458,1
44471,1
113552,1
56250,2
56250,1
87686,2
87686,1
74332,1
168810,2
168810,1
300357,2
300357,1
69334,2
69334,1
216770,2
216770,1
208540,2
208540,1
49497,2
49497,1
87688,2
87688,1
184507,2
184507,1
317528,2
317528,1
66261,2
66261,1
142534,1
166412,1
317694,1
79293,1
269065,1
217868,1
71358,1
72030,1
56451,1
142535,1
227435,1
85902,1
52124,1
42898,1
85003,1
63551,1
367698,1
245685,1
282031,1
50488,1
106234,1
518778,1
112036,1
15880,1
109083,1
159711,1
303599,1
309194,1
84160,1
235479,1
73881,1
48407,1
218955,1
347388,1
15898,1
200996,1
201041,1
376214,1
255432,1
201061,1
254055,1
298848,1
296126,1
201076,1
201081,1
201100,1
201159,1
201253,1
306024,1
62870,1
51807,1
139637,1
59507,1
68064,1
54303,1
110505,1
76787,1
139636,1
74556,1
126025,1
522633,1
297045,1
131829,1
120024,1
15918,1
136360,1
214462,1
15919,1
15921,1
135077,1
56723,1
15927,1
15928,2
15928,1
353374,1
225067,1
89851,1
93479,1
33902,2
33902,1
352483,1
57282,1
50929,2
50929,1
244020,2
244020,1
102396,1
55986,1
523289,1
118251,1
529374,2
529374,1
127733,1
129980,1
126862,1
200916,1
202442,1
118252,1
131360,2
131360,1
371125,1
125654,1
290441,1
177342,1
129450,1
127679,1
139436,1
121327,1
125004,2
125004,1
378587,1
126508,1
122455,2
122455,1
127770,1
371121,1
515114,1
126103,1
122289,2
122289,1
130439,2
130439,1
234548,1
187170,1
118476,1
346443,2
346443,1
125773,1
129924,1
125637,1
302151,1
515115,1
129976,1
119718,1
275079,1
121756,1
302143,2
302143,1
201455,1
201450,1
362030,2
362030,1
126956,2
126956,1
514503,2
514503,1
125644,1
247515,1
234431,1
128512,1
112563,1
201457,1
311378,1
131337,1
311423,1
371123,1
328384,1
238272,1
319490,2
319490,1
284461,1
247518,1
128004,1
150394,2
150394,1
55598,1
349188,1
256673,1
82257,1
300823,1
300819,1
353116,1
330763,1
319510,1
358715,1
371270,1
362289,2
362289,1
278316,1
199425,2
199425,1
249251,1
85765,1
69589,1
60651,1
70541,1
82432,2
82432,1
92697,2
92697,1
217877,1
94976,1
108289,1
94732,1
89785,2
89785,1
56252,1
196031,1
93267,1
58672,1
66574,1
46241,1
385099,2
385099,1
82679,2
82679,1
75212,2
75212,1
42707,1
91446,2
91446,1
155924,1
240342,2
240342,1
175969,2
175969,1
138846,2
138846,1
139462,2
139462,1
119702,2
119702,1
60737,2
60737,1
85289,1
110298,1
45402,1
110980,2
110980,1
237146,2
237146,1
151395,2
151395,1
70796,1
73773,2
73773,1
90120,1
68775,1
89091,1
51993,1
99644,1
96059,2
96059,1
360941,2
360941,1
91789,2
91789,1
62753,2
62753,1
51835,1
237867,1
92539,1
195552,2
195552,1
306071,1
370803,2
370803,1
337619,1
353429,1
360982,1
237507,1
249831,1
118200,1
94464,2
94464,1
61289,2
61289,1
95552,1
225113,2
225113,1
215382,1
322300,1
95477,1
62948,1
91161,1
95914,1
79654,1
70144,1
94922,2
94922,1
91276,2
91276,1
99182,1
191064,2
191064,1
89885,1
77119,1
352952,1
214877,1
120652,2
120652,1
281374,1
80379,2
80379,1
96241,2
96241,1
98630,1
96676,1
68496,2
68496,1
98162,1
129657,1
80807,1
97228,2
97228,1
78229,1
329266,2
329266,1
92810,2
92810,1
91637,2
91637,1
55145,1
99777,1
95735,2
95735,1
349187,1
129234,2
129234,1
142408,1
124969,1
311440,1
119703,2
119703,1
121802,1
76544,1
129824,2
129824,1
27460,2
27460,1
91421,2
91421,1
139396,2
139396,1
89404,1
82305,2
82305,1
78576,1
225146,1
202533,1
240333,2
240333,1
251107,1
328818,1
215387,1
119744,2
119744,1
126524,1
55002,1
95681,2
95681,1
128027,2
128027,1
146737,1
93436,1
278106,1
296182,1
79777,1
76034,1
139454,1
320088,1
288167,1
256415,1
84328,1
118168,2
118168,1
129610,1
348265,1
39866,2
39866,1
127773,2
127773,1
177347,2
177347,1
119757,2
119757,1
139555,2
139555,1
376803,1
145549,1
39870,2
39870,1
116822,2
116822,1
176179,1
226265,1
119882,2
119882,1
97397,2
97397,1
81011,2
81011,1
225156,2
225156,1
83499,1
98610,1
128690,1
361235,1
243447,1
39917,2
39917,1
127853,1
75829,1
58189,1
98310,2
98310,1
57007,1
68611,1
90003,1
63485,1
39935,1
249261,1
85576,1
92083,2
92083,1
121928,2
121928,1
69545,2
69545,1
81012,1
93870,1
256394,1
243542,1
175971,1
341338,2
341338,1
129176,1
524685,2
524685,1
129920,2
129920,1
128151,1
204257,2
204257,1
130350,1
125751,1
125767,1
339434,1
155442,1
318813,1
98160,1
84716,2
84716,1
76932,1
296191,1
288294,1
94622,2
94622,1
86395,1
281586,1
364061,2
364061,1
339385,2
339385,1
283535,2
283535,1
121042,2
121042,1
119710,2
119710,1
70105,1
75268,1
66427,1
87358,1
297689,2
297689,1
61907,1
57514,1
349160,1
95118,2
95118,1
42295,2
42295,1
94377,2
94377,1
82943,1
129159,1
349549,2
349549,1
167148,2
167148,1
171129,2
171129,1
192189,1
171134,1
131344,1
171138,1
126757,1
144979,1
275550,1
192211,1
171137,1
192190,1
95855,1
93225,2
93225,1
45531,1
359942,2
359942,1
301083,1
93631,2
93631,1
64436,1
72211,2
72211,1
86965,1
103797,2
103797,1
99058,2
99058,1
238547,2
238547,1
92242,2
92242,1
50557,1
87795,2
87795,1
96681,1
352940,2
352940,1
256455,2
256455,1
77041,2
77041,1
239092,2
239092,1
237114,2
237114,1
96934,2
96934,1
71176,1
243970,1
97684,1
98704,1
75054,1
90378,1
174057,2
174057,1
75327,1
102828,1
103047,1
225231,2
225231,1
225233,2
225233,1
313130,1
230506,2
230506,1
121952,1
50746,2
50746,1
94954,1
55349,1
69684,2
69684,1
295374,1
99360,1
329180,1
39343,1
329002,1
98377,2
98377,1
58586,1
386846,1
524817,2
524817,1
77414,1
84688,1
297335,1
303201,2
303201,1
349172,2
349172,1
69876,1
51456,1
67981,1
40346,1
99855,2
99855,1
93394,1
98627,2
98627,1
94452,2
94452,1
78111,1
151222,2
151222,1
119783,2
119783,1
90775,1
95968,1
237506,1
121755,1
48847,1
358928,1
48848,2
48848,1
121801,1
75513,1
75514,1
139643,1
95788,1
91271,2
91271,1
336303,1
146263,1
191394,1
191395,1
157821,1
177606,1
202532,1
515112,1
95436,2
95436,1
319511,1
94454,1
152739,1
302142,2
302142,1
328385,1
293386,2
293386,1
132877,2
132877,1
240069,1
70562,2
70562,1
92996,1
200785,1
53867,1
93061,1
229925,1
121881,1
121887,1
93063,2
93063,1
170430,2
170430,1
214124,2
214124,1
51992,1
311561,2
311561,1
99095,2
99095,1
58526,1
360666,1
318816,1
93065,1
146264,2
146264,1
362029,2
362029,1
523290,1
98521,1
524437,2
524437,1
357274,2
357274,1
346442,2
346442,1
505177,1
145989,1
515113,1
295375,1
240071,1
97734,1
371269,1
323046,1
371122,1
529370,2
529370,1
303910,1
53245,1
91389,1
93172,1
311002,1
386461,1
119711,2
119711,1
274628,1
256162,2
256162,1
121043,2
121043,1
328998,1
45104,2
45104,1
285686,1
378586,1
238269,1
234432,1
121976,2
121976,1
93918,1
328814,1
129869,2
129869,1
90507,1
81361,1
99285,1
99653,1
296029,1
348999,1
202443,1
318815,1
192738,1
130228,1
200912,1
99936,1
352931,1
196208,1
115717,1
360983,1
374598,1
55900,2
55900,1
296708,1
244890,1
375194,2
375194,1
271809,1
99565,1
153950,1
103370,2
103370,1
358714,1
124608,2
124608,1
320089,1
157615,1
110455,2
110455,1
310527,2
310527,1
108000,2
108000,1
331696,2
331696,1
362288,2
362288,1
55293,1
170446,1
269194,1
32676,1
121638,2
121638,1
201632,2
201632,1
81377,1
95804,1
121953,2
121953,1
94107,2
94107,1
55425,1
212112,1
330764,1
385107,1
111140,1
258238,1
376725,2
376725,1
311424,1
89616,2
89616,1
114029,2
114029,1
101834,1
240332,2
240332,1
318814,1
90033,1
204256,2
204256,1
349550,2
349550,1
129611,1
97256,1
129658,1
94381,1
187668,1
145550,1
93454,2
93454,1
187055,1
124613,1
77419,2
77419,1
191405,1
313171,1
241781,2
241781,1
78434,2
78434,1
112902,2
112902,1
254564,1
514504,2
514504,1
280087,1
238268,1
248829,1
524597,2
524597,1
296709,1
170450,2
170450,1
339454,2
339454,1
343463,2
343463,1
386624,2
386624,1
202214,2
202214,1
175970,2
175970,1
244891,1
385108,1
349171,2
349171,1
148193,2
148193,1
226264,1
91907,2
91907,1
339458,1
81026,2
81026,1
136422,2
136422,1
98417,2
98417,1
91247,2
91247,1
69515,1
290440,1
122454,2
122454,1
102235,2
102235,1
129977,1
45225,1
59996,1
161052,1
201458,1
311441,1
319491,2
319491,1
371124,1
237570,1
385271,2
385271,1
220795,1
127734,1
248827,1
373987,2
373987,1
371126,1
27083,1
118520,2
118520,1
127774,2
127774,1
113126,2
113126,1
170454,1
91292,1
139537,2
139537,1
170456,1
116828,2
116828,1
40340,1
40341,2
40341,1
116824,2
116824,1
45514,1
84473,1
234549,1
270852,1
249830,1
201451,1
98693,1
153253,2
153253,1
98737,2
98737,1
58990,1
16007,2
16007,1
33903,1
231592,2
231592,1
16012,1
139673,1
49724,2
49724,1
21225,2
21225,1
96503,2
96503,1
99139,1
303849,1
33924,1
58007,1
82365,1
48470,2
48470,1
69361,2
69361,1
83594,2
83594,1
89115,2
89115,1
166570,2
166570,1
95757,2
95757,1
303870,1
33936,1
96591,1
16033,1
329181,1
303875,1
139430,1
331979,1
131304,2
131304,1
182730,1
120594,1
33949,1
58900,1
53166,2
53166,1
303868,1
303872,1
246909,2
246909,1
329185,1
25007,1
98150,2
98150,1
332614,2
332614,1
53272,2
53272,1
160926,1
15985,1
57093,1
120970,2
120970,1
82585,2
82585,1
67609,2
67609,1
16063,1
237889,1
16064,2
16064,1
90537,2
90537,1
81689,2
81689,1
332016,2
332016,1
49522,2
49522,1
112883,1
329189,2
329189,1
91045,2
91045,1
89564,2
89564,1
95638,1
237895,2
237895,1
39329,1
303856,1
59976,1
66252,2
66252,1
86964,1
225291,1
95339,2
95339,1
126377,2
126377,1
39333,2
39333,1
39334,2
39334,1
500387,1
126017,2
126017,1
324339,2
324339,1
39336,2
39336,1
119869,2
119869,1
95399,2
95399,1
39339,2
39339,1
291647,1
66478,2
66478,1
54945,2
54945,1
374002,1
39326,2
39326,1
231377,2
231377,1
231406,2
231406,1
332027,2
332027,1
231408,2
231408,1
303871,1
331978,1
303873,1
70379,2
70379,1
304188,1
522907,1
52753,1
16084,2
16084,1
131301,1
39345,2
39345,1
54006,1
500285,1
82351,2
82351,1
39348,2
39348,1
68963,2
68963,1
57281,2
57281,1
33901,2
33901,1
160927,2
160927,1
165906,2
165906,1
115945,2
115945,1
215121,1
225261,1
225262,2
225262,1
225263,1
225267,1
98552,2
98552,1
225268,2
225268,1
225269,2
225269,1
214979,1
214978,1
225271,1
215232,1
332616,1
33928,2
33928,1
54734,1
53043,1
269915,1
47688,1
47689,1
48645,1
33957,1
205970,1
72046,2
72046,1
89805,2
89805,1
91938,1
110350,1
52635,2
52635,1
46463,1
129071,1
301142,1
317169,2
121192,2
121192,1
303778,2
303778,1
127283,1
137914,1
291457,2
291457,1
281779,1
238174,1
232408,2
312811,2
57627,1
292211,1
286122,1
302898,1
78493,1
78494,1
54907,1
43727,1
281795,1
61025,1
70869,1
156241,1
242468,1
62299,1
221861,1
312183,1
210960,1
131912,1
338706,1
239776,1
309203,1
315691,1
46279,2
46279,1
16140,1
73762,1
96497,1
89325,2
89325,1
77506,2
77506,1
16160,2
16160,1
16171,2
16171,1
285269,2
285269,1
285272,2
285272,1
81136,1
16194,1
16282,2
16282,1
192332,2
192332,1
193607,2
193607,1
344438,1
271666,1
74682,1
59903,1
16311,1
16327,1
500070,1
100910,1
336317,1
315805,1
180081,1
16346,2
16346,1
165611,1
92074,1
94409,1
16353,1
524596,2
524596,1
351094,2
351094,1
343840,2
343840,1
376076,2
376076,1
323961,2
323961,1
343842,2
343842,1
308102,2
308102,1
308929,2
308929,1
307934,2
307934,1
343841,2
343841,1
336575,2
336575,1
109876,2
109876,1
336384,2
336384,1
272778,2
272778,1
343845,2
343845,1
263270,2
263270,1
84460,1
248890,1
243185,1
165177,2
165177,1
305717,2
305717,1
525271,1
525161,1
193769,2
193769,1
62834,2
121618,2
121618,1
280734,2
280734,1
281028,1
16884,2
16884,1
301981,2
301981,1
16968,2
16968,1
161233,2
161233,1
17424,1
170722,1
171457,1
171458,1
74364,2
67874,2
44975,1
205745,1
217822,2
217822,1
303284,2
303284,1
322159,1
17801,2
17801,1
335701,1
271697,1
124370,1
351847,1
302798,2
302798,1
300933,2
300933,1
296713,2
296713,1
305286,2
305286,1
98147,2
98147,1
340055,2
340055,1
339986,2
339986,1
340013,2
340013,1
340022,2
340022,1
340027,2
340027,1
340045,2
340045,1
354033,2
354033,1
340678,2
340678,1
17886,2
17886,1
95220,2
95220,1
57315,2
57315,1
54508,1
101775,1
283265,2
283265,1
283280,2
283280,1
216119,2
216119,1
18459,1
18567,2
18567,1
66358,2
66358,1
18710,1
176932,2
176932,1
159498,2
159498,1
181957,2
181957,1
207962,2
207962,1
200066,2
200066,1
50453,2
50453,1
505877,1
388309,1
18876,1
82730,1
206738,2
206738,1
324517,2
324517,1
336909,1
31416,1
176882,1
48498,1
124371,1
93320,2
93320,1
18973,2
18973,1
309322,2
309322,1
225823,2
225823,1
63999,2
63999,1
87366,2
87366,1
109455,2
109455,1
309323,2
309323,1
374362,2
374362,1
384858,2
384858,1
87232,2
87232,1
87233,2
87233,1
161486,2
161486,1
45724,2
45724,1
163998,2
163998,1
367681,2
367681,1
163997,2
163997,1
81557,2
81557,1
78164,2
78164,1
99297,2
99297,1
309326,2
309326,1
327557,1
524470,2
524470,1
524508,2
524508,1
273028,1
319808,1
320107,1
701,1
370466,1
186360,1
197177,1
136814,1
76443,1
51987,1
1080,2
279606,2
235563,2
156224,2
156224,1
62079,2
62079,1
26678,2
26678,1
188329,2
188329,1
92654,2
92654,1
1452,1
188860,1
252054,1
176858,1
188936,1
27000,1
27165,1
189380,2
189380,1
189382,1
204060,1
204100,1
229800,1
84816,1
204103,1
2345,1
269666,1
114052,1
204508,2
204508,1
198599,2
198599,1
525557,1
285301,2
285301,1
91436,2
91436,1
279422,2
279422,1
229826,1
505038,1
222355,1
267957,2
267957,1
28037,1
222764,2
222764,1
160597,2
160597,1
160601,2
160601,1
160605,2
160605,1
85196,2
85196,1
76414,2
76414,1
92952,2
92952,1
215028,2
215028,1
85314,2
85314,1
162303,2
162303,1
91231,2
91231,1
62689,2
62689,1
160608,2
160608,1
160599,2
160599,1
160600,2
160600,1
72250,2
72250,1
2450,2
2450,1
94584,2
94584,1
288047,2
288047,1
316563,2
316563,1
3007,1
322522,1
377850,2
377850,1
85666,1
117949,1
153280,1
380896,1
107938,1
3256,1
3263,1
209918,2
209918,1
99752,2
99752,1
209938,1
210071,2
210071,1
317980,2
317980,1
317983,2
317983,1
121215,2
121215,1
193093,2
193093,1
193097,2
193097,1
3729,1
3873,1
192948,2
192948,1
45163,1
104347,2
104347,1
96784,1
42686,2
42686,1
47562,2
47562,1
166427,2
166427,1
92742,2
92742,1
115605,1
155023,2
155023,1
158105,2
158105,1
210201,1
275081,1
125875,2
125875,1
83479,2
83479,1
228293,1
175771,1
309500,2
309500,1
58113,2
58113,1
357472,2
357472,1
47922,1
42310,2
42310,1
135819,2
135819,1
210865,1
92911,2
92911,1
121355,2
121355,1
240435,2
240435,1
236388,1
343476,2
343476,1
370153,2
370153,1
121395,1
84931,1
330948,1
124773,2
124773,1
66751,1
74764,1
118322,2
118322,1
93629,2
93629,1
42965,2
42965,1
92677,2
92677,1
72944,2
72944,1
102460,2
102460,1
73491,1
248294,2
248294,1
105770,1
191880,2
191880,1
52852,2
52852,1
60374,1
138419,2
138419,1
89684,1
269517,2
269517,1
64885,1
325730,2
325730,1
90019,1
63662,2
63662,1
89251,2
89251,1
248326,1
179951,2
179951,1
258270,2
258270,1
210051,2
210051,1
64636,1
68575,1
210285,2
210285,1
336174,1
86150,2
86150,1
223011,1
121411,2
121411,1
211341,2
211341,1
165444,1
118020,1
66003,2
66003,1
210828,2
210828,1
55221,1
151322,2
151322,1
95290,2
95290,1
218967,1
109855,2
109855,1
386133,1
214272,1
345663,1
273152,1
209761,2
209761,1
378470,1
363821,2
363821,1
314964,1
62064,1
248371,2
248371,1
135364,2
135364,1
62379,1
44484,1
227096,1
240897,2
240897,1
285911,1
277428,2
277428,1
98808,2
98808,1
192961,1
210980,1
369960,1
357517,2
357517,1
350041,2
350041,1
287946,1
275537,2
275537,1
287585,2
287585,1
317729,1
295309,2
295309,1
343466,2
343466,1
317853,2
317853,1
121398,1
283674,1
248385,2
248385,1
248457,1
181515,1
135820,2
135820,1
183757,1
368498,2
368498,1
269668,2
269668,1
281770,2
281770,1
76469,1
280941,2
280941,1
315658,1
382788,1
367512,1
238049,2
238049,1
295310,2
295310,1
121356,2
121356,1
111659,2
111659,1
349479,2
349479,1
121412,2
121412,1
166980,2
166980,1
369153,2
369153,1
100048,1
357492,2
357492,1
272994,2
272994,1
46821,1
236939,1
3922,1
101084,2
101084,1
213128,2
213128,1
3930,1
158122,1
298389,1
243587,1
51873,2
51873,1
239582,2
239582,1
52851,2
52851,1
3940,1
197000,1
138410,1
76727,1
52296,2
52296,1
315470,2
315470,1
29433,2
29433,1
171093,2
171093,1
367702,2
367702,1
29434,2
29434,1
366810,2
366810,1
315476,2
315476,1
93961,2
93961,1
162676,1
177380,2
177380,1
223029,2
223029,1
29444,2
29444,1
209285,2
209285,1
90318,2
90318,1
91934,2
91934,1
213183,2
213183,1
213184,2
213184,1
101094,2
101094,1
115601,2
115601,1
3968,2
3968,1
3970,2
3970,1
210968,1
22086,2
22086,1
170243,2
170243,1
3975,2
3975,1
320528,2
320528,1
56819,2
56819,1
96425,1
335067,2
335067,1
213316,1
3981,2
3981,1
94609,2
94609,1
211176,1
20154,2
20154,1
139151,2
139151,1
248411,2
248411,1
174136,2
174136,1
248413,2
248413,1
89878,2
89878,1
236942,2
236942,1
81568,2
81568,1
65762,1
68369,2
68369,1
213160,1
176514,1
214210,1
30617,2
30617,1
42714,2
42714,1
4431,2
4431,1
383818,2
383818,1
334653,2
334653,1
96790,2
96790,1
290367,2
290367,1
91339,2
91339,1
251723,1
4695,2
4695,1
86881,2
86881,1
243108,1
5187,1
118678,2
118678,1
73325,2
73325,1
88997,1
5352,1
31170,1
31530,1
179107,1
179106,1
353620,1
6052,1
203383,1
70239,1
6296,1
6329,1
6471,2
6471,1
143557,2
143557,1
47112,2
47112,1
220414,2
220414,1
56095,2
56095,1
89377,2
89377,1
315404,2
315404,1
194469,2
194469,1
82419,2
82419,1
76037,2
76037,1
201744,1
135266,1
31411,1
196699,2
196699,1
105021,1
356566,1
356567,1
227876,2
227876,1
299328,2
299328,1
236572,2
236572,1
255445,1
87415,1
7513,2
7513,1
49149,2
49149,1
247298,2
247298,1
234183,2
234183,1
52680,2
52680,1
247299,2
247299,1
229865,2
229865,1
124800,2
124800,1
159027,2
159027,1
92065,2
92065,1
8068,2
8068,1
57031,2
57031,1
53745,2
53745,1
49472,2
49472,1
8233,2
8233,1
8234,2
8234,1
195667,2
195667,1
99849,1
39245,2
39245,1
204072,1
502129,1
108526,1
108424,1
202927,1
116786,1
526495,1
272380,1
332890,1
62333,1
179838,1
169884,1
270315,1
306716,1
286558,1
91715,1
117193,2
117193,1
162460,2
162460,1
101019,1
175630,1
181585,1
381385,1
127219,1
334805,1
91532,1
114574,1
71746,1
130976,1
181976,1
100400,1
381386,1
372357,1
372132,1
50906,1
154519,1
90816,1
98931,1
136425,1
511060,1
305539,1
319790,1
286080,1
177827,1
305540,1
358860,1
333080,1
86012,1
522650,1
510831,1
56719,1
49955,1
103384,2
103384,1
182233,2
182233,1
74325,1
109035,1
63904,1
117114,1
525457,1
124403,1
132684,1
85207,2
85207,1
9890,2
9890,1
191049,1
57117,2
57117,1
53254,1
202436,1
224063,2
224063,1
224065,2
224065,1
178587,1
178611,1
178603,1
178613,1
178605,2
178605,1
141959,1
142412,1
63829,2
63829,1
270825,2
270825,1
73338,2
73338,1
272624,2
272624,1
375375,2
375375,1
293767,2
293767,1
284866,2
284866,1
73943,2
73943,1
334827,1
314989,2
314989,1
21324,1
10439,1
118808,1
324253,1
10565,1
286087,1
350960,1
153388,1
57749,1
301212,1
10657,1
10672,1
75812,1
526158,1
526297,1
507326,2
507326,1
528701,2
528701,1
507615,1
507272,1
507259,1
507237,1
507413,1
507531,2
507531,1
507669,1
507628,1
46843,1
211142,1
319080,2
319080,1
92325,2
92325,1
74908,2
74908,1
315253,2
315253,1
168214,2
168214,1
63736,2
63736,1
243743,2
243743,1
113476,2
113476,1
129746,2
129746,1
169012,2
169012,1
49537,2
49537,1
11436,2
11436,1
515271,2
515271,1
89513,1
26964,2
26964,1
92079,2
92079,1
43955,2
43955,1
120495,2
120495,1
103096,1
94252,2
94252,1
219637,1
259103,1
81626,1
11723,1
315769,1
23213,1
184370,1
12399,1
168482,1
78601,2
78601,1
261422,1
68996,2
68996,1
182551,2
182551,1
12701,2
12701,1
330945,2
330945,1
182177,2
182177,1
193575,2
193575,1
91535,2
91535,1
74236,2
74236,1
84757,1
13256,1
94563,2
94563,1
279604,2
105518,1
114313,1
14215,1
160828,2
160828,1
58876,2
58876,1
73640,2
73640,1
88816,2
88816,1
14476,2
14476,1
109972,2
109972,1
97064,2
97064,1
89235,2
89235,1
300890,2
300890,1
224841,2
224841,1
56251,1
106017,1
61820,2
61820,1
89357,1
102502,2
102502,1
200995,1
61089,1
285761,1
15925,1
242043,1
239921,1
74133,1
328857,1
75860,1
165889,1
311384,1
77159,2
77159,1
275727,1
96306,1
313134,2
313134,1
91887,2
91887,1
91663,2
91663,1
66644,1
329162,1
49944,1
48849,1
121819,1
51261,1
353934,2
353934,1
385272,2
385272,1
118372,1
150754,1
130060,1
119705,2
119705,1
129773,1
95631,1
75567,1
55292,1
95820,1
301289,1
346709,1
371272,2
371272,1
99025,2
99025,1
352490,1
44752,1
302183,1
49618,1
71407,1
92472,2
92472,1
195680,2
195680,1
279488,2
279488,1
281852,2
281852,1
349551,2
349551,1
119880,2
119880,1
333002,2
333002,1
118163,2
118163,1
155939,1
125813,1
46673,1
83300,1
98787,1
237144,2
237144,1
151394,1
68057,2
68057,1
78664,2
78664,1
120969,1
60098,1
50058,1
52441,2
52441,1
98177,1
98520,2
98520,1
39546,1
56331,1
225104,2
225104,1
105114,1
96511,1
39569,1
85290,1
89698,1
217732,1
142619,1
204249,1
119691,2
119691,1
33930,1
349891,1
89946,1
96303,2
96303,1
329387,1
48418,2
48418,1
99113,1
99573,2
99573,1
171761,1
214878,1
147176,2
147176,1
126117,1
202393,1
256381,1
100077,1
43355,1
96545,2
96545,1
78433,1
295271,2
295271,1
121960,1
127662,1
142277,2
142277,1
143615,1
171735,1
217501,2
217501,1
288632,1
39782,1
320306,1
280367,2
280367,1
57489,1
329063,2
329063,1
355017,2
355017,1
376696,2
376696,1
126872,2
126872,1
31382,1
97957,1
199208,1
82306,1
33950,2
33950,1
97350,2
97350,1
385169,2
385169,1
93417,2
93417,1
90783,2
90783,1
280498,2
280498,1
526454,2
526454,1
281853,2
281853,1
243589,1
128832,1
139398,1
219202,2
219202,1
122403,2
122403,1
127653,2
127653,1
121468,1
511748,2
511748,1
145436,1
125680,1
129653,1
329533,1
90137,1
57756,2
57756,1
94161,1
119708,2
119708,1
119720,2
119720,1
153639,1
93951,2
93951,1
93950,2
93950,1
72828,1
42976,1
53593,1
256414,1
142565,1
126244,1
79166,1
99104,2
99104,1
84642,1
98311,1
90342,1
98209,2
98209,1
127740,1
276821,2
276821,1
129521,2
129521,1
86742,1
154624,1
126494,1
256419,1
51334,1
310374,1
97549,2
97549,1
94921,1
59759,1
119002,1
93987,2
93987,1
225189,2
225189,1
82421,1
140946,2
140946,1
227211,1
40092,1
295145,1
131346,1
118175,2
118175,1
214494,1
62992,1
215227,1
47417,2
47417,1
63579,2
63579,1
58887,2
58887,1
90701,1
142605,1
74956,1
91326,2
91326,1
86672,1
89806,1
93486,1
84374,1
90049,1
312972,1
229291,2
229291,1
64511,1
49640,1
89758,1
331358,2
331358,1
61754,1
115713,1
93776,1
281851,2
281851,1
39375,2
39375,1
157638,1
121820,1
175605,1
80994,1
353033,2
353033,1
353933,2
353933,1
270845,2
270845,1
79658,2
79658,1
312974,1
331393,2
331393,1
320090,2
320090,1
222243,1
373820,2
373820,1
379022,2
379022,1
102369,1
525703,2
525703,1
313058,1
94854,2
94854,1
95090,1
301288,1
219673,1
331648,2
331648,1
56237,1
150543,2
150543,1
137888,2
137888,1
99896,2
99896,1
45432,1
109801,2
109801,1
329372,1
371271,2
371271,1
311377,1
119714,2
119714,1
181217,1
270848,2
270848,1
219203,2
219203,1
295146,1
93649,2
93649,1
70891,1
139504,1
202394,1
66156,2
66156,1
95248,2
95248,1
47426,1
241747,1
129368,1
333001,2
333001,1
104154,2
104154,1
108245,1
67851,1
170772,1
157749,1
204248,1
511334,2
511334,1
143616,1
93610,1
282464,1
211673,1
218116,1
212113,1
313057,1
129655,1
42501,1
154931,1
27082,1
76291,2
76291,1
53991,2
53991,1
349552,2
349552,1
202258,1
324284,2
324284,1
130061,1
98864,2
98864,1
346247,1
127779,1
170453,2
170453,1
320305,1
284792,2
284792,1
217500,2
217500,1
98933,1
297692,2
297692,1
355016,2
355016,1
150035,1
153588,1
295712,2
295712,1
329061,2
329061,1
77050,1
175960,1
148200,1
85497,2
85497,1
280366,2
280366,1
192847,2
192847,1
205480,1
114028,1
72871,1
93875,1
55836,2
55836,1
383493,1
16013,1
131303,2
131303,1
303897,2
303897,1
87007,2
87007,1
166566,2
166566,1
303853,2
303853,1
304215,1
16026,2
16026,1
304217,1
16037,1
83430,2
83430,1
303857,1
140978,2
140978,1
263511,1
16044,2
16044,1
39312,2
39312,1
304211,1
303896,2
303896,1
304224,1
99226,1
304343,1
97132,1
22258,1
304218,1
94872,1
92108,2
92108,1
226763,2
226763,1
226764,2
226764,1
304344,1
304219,1
324354,1
304350,1
57614,1
304210,1
303846,2
303846,1
303855,2
303855,1
16070,1
225292,2
225292,1
225293,1
304226,1
304345,1
73193,1
70355,2
70355,1
304216,1
16082,1
39340,1
304209,1
104673,1
69752,1
304208,1
304321,1
112027,2
112027,1
90051,2
90051,1
90476,1
48428,1
33926,1
77484,1
15993,2
15993,1
55648,1
39330,2
39330,1
53788,2
53788,1
121842,1
341906,1
44595,1
48444,1
52686,1
200324,1
126379,1
60609,1
135616,1
153693,1
59437,1
511265,1
131374,1
83398,1
115238,1
75680,1
307083,1
306022,1
291458,1
66875,1
71001,1
330682,1
16143,1
84198,2
84198,1
323512,2
323512,1
216501,2
216501,1
321555,1
249852,1
152629,1
124621,1
159019,1
159018,1
112476,1
159014,1
227322,1
116992,1
102808,1
47501,1
226681,1
16157,1
203940,1
59508,1
238543,1
195078,2
195078,1
361033,2
361033,1
360407,2
360407,1
359276,2
359276,1
62982,2
62982,1
100949,2
100949,1
58365,1
41733,2
41733,1
20116,1
522895,1
64467,2
64467,1
131970,1
208144,1
24335,1
17456,1
51043,1
137236,1
282654,1
18098,1
18292,2
18292,1
18785,1
324521,2
324521,1
238738,2
238738,1
99385,2
99385,1
168066,2
168066,1
18969,2
18969,1
388776,2
388776,1
98185,2
98185,1
329951,2
329951,1
96065,2
96065,1
52267,2
52267,1
226259,2
226259,1
104167,2
104167,1
93999,2
93999,1
83849,2
83849,1
18976,2
18976,1
227652,2
227652,1
19129,1
368921,1
19130,1
19131,1
524496,1
273383,1
26265,1
96689,1
222463,1
202841,2
202841,1
221284,2
221284,1
156491,1
183384,1
136813,1
186369,1
1094,1
188652,1
105790,1
188683,1
50493,1
42323,1
92569,1
111077,1
118071,1
116863,1
108966,1
61882,1
113906,1
85517,1
160530,1
118062,1
70344,1
116877,1
45443,1
84760,1
72862,1
108112,1
99916,1
111872,1
58402,1
27991,1
153118,1
74315,1
50191,1
222757,1
2361,1
76834,1
90612,1
49153,1
160509,1
45517,1
153072,1
92305,1
222761,2
222761,1
28038,1
2442,1
94248,2
94248,1
46482,2
46482,1
62432,2
62432,1
2449,1
28087,1
28094,1
85046,1
503505,1
291226,1
502957,1
524628,1
59631,1
89188,2
89188,1
210218,2
210218,1
281344,1
210260,2
210260,1
121379,1
210261,2
210261,1
275316,2
275316,1
166978,1
210235,2
210235,1
138415,2
138415,1
210870,2
210870,1
378468,2
378468,1
210262,1
378473,1
210237,2
210237,1
229011,2
229011,1
248506,2
248506,1
378472,1
210271,2
210271,1
101289,2
101289,1
350039,2
350039,1
48122,1
121380,1
236559,1
210248,2
210248,1
349476,2
349476,1
275317,2
275317,1
166423,1
3925,2
3925,1
42306,2
42306,1
78970,2
78970,1
75827,2
75827,1
3929,2
3929,1
94696,2
94696,1
194933,2
194933,1
233813,2
233813,1
98541,2
98541,1
144236,2
144236,1
223025,2
223025,1
275318,2
275318,1
142484,2
142484,1
142483,2
142483,1
223026,1
103810,2
103810,1
194538,2
194538,1
73268,2
73268,1
178393,1
60289,2
60289,1
210221,2
210221,1
79001,2
79001,1
97474,2
97474,1
89987,2
89987,1
97574,1
58045,2
58045,1
83290,2
83290,1
90776,2
90776,1
195617,1
56328,1
213303,2
213303,1
210343,2
210343,1
322226,2
322226,1
95043,2
95043,1
3979,2
3979,1
52523,2
52523,1
67837,2
67837,1
517389,2
517389,1
171775,1
85541,1
210662,2
210662,1
296296,1
73304,2
73304,1
5210,1
100130,1
246285,1
387503,2
387503,1
60412,2
60412,1
352800,2
352800,1
97434,2
97434,1
6398,2
6398,1
529334,1
253241,1
247140,1
137754,1
9443,1
329573,1
202559,1
128629,1
108090,1
208182,1
321786,1
321788,1
198446,1
198445,1
526104,1
54329,1
54212,1
98635,2
98635,1
95670,1
311420,2
311420,1
328380,1
42718,1
67249,2
67249,1
97284,2
97284,1
57799,1
237142,2
237142,1
72315,2
72315,1
63413,1
53123,1
125765,1
66412,1
256402,2
256402,1
203431,1
175958,2
175958,1
39798,1
128761,1
195831,2
195831,1
42437,1
127079,2
127079,1
182651,1
54334,1
63929,1
302155,2
302155,1
72195,1
256424,1
70028,1
320038,2
320038,1
68016,1
79762,2
79762,1
82500,1
317845,2
317845,1
155724,1
99392,1
97998,2
97998,1
320040,2
320040,1
316263,2
316263,1
97683,1
318811,2
318811,1
328381,1
175959,2
175959,1
311003,2
311003,1
329165,1
40466,2
40466,1
16051,2
16051,1
16053,2
16053,1
21234,1
20302,1
75454,2
75454,1
131924,1
70674,1
50568,1
94042,2
94042,1
237975,2
372446,1
372445,1
87706,1
76245,1
220551,1
121841,1
297896,1
79371,1
372444,1
16133,1
99054,2
16146,2
16146,1
98947,1
57012,2
57012,1
373802,2
373802,1
16304,2
16304,1
202362,2
202362,1
17427,1
114079,1
300972,1
17458,1
63714,2
63714,1
75408,2
75408,1
255321,2
255321,1
138514,2
138514,1
17979,2
17979,1
18618,2
18618,1
324518,2
324518,1
329749,1
52351,1
344130,2
344130,1
190971,2
190971,1
120550,1
188906,1
59389,1
153934,1
311449,1
81324,1
320084,2
320084,1
127797,2
127797,1
210270,1
111737,2
111737,1
223030,1
90381,1
362089,1
500492,1
32839,1
9848,2
9848,1
243481,1
12568,1
120838,2
120838,1
239328,1
127281,1
75308,2
75308,1
296336,2
296336,1
254057,1
179398,1
121054,1
44494,1
239774,1
192830,1
59044,1
230253,1
45647,1
120837,2
120837,1
18051,1
191283,1
357126,1
184101,1
178240,1
197951,1
246022,1
56432,1
154998,1
84488,2
84488,1
332058,2
332058,1
409,1
222462,1
76425,1
89646,1
95206,2
95206,1
20686,2
20686,1
158052,2
158052,1
12053,1
336045,1
11,2
11,1
12,2
12,1
184842,2
184842,1
18,2
18,1
19,2
19,1
21,2
21,1
20,2
20,1
133245,2
133245,1
24,1
93673,1
130416,1
96451,1
27,1
29,2
29,1
295433,2
295433,1
184845,2
184845,1
25970,2
25970,1
329412,2
329412,1
21584,2
21584,1
184847,1
135893,2
135893,1
33,2
33,1
34,2
34,1
35,2
35,1
135897,2
135897,1
37,2
37,1
184850,2
184850,1
38,1
192629,2
192629,1
135900,2
135900,1
43,2
43,1
44,1
108732,1
272893,2
272893,1
180100,2
180100,1
45,2
45,1
48,2
48,1
49,2
49,1
184856,2
184856,1
89735,1
184857,2
184857,1
73753,1
53,1
327545,1
50206,2
50206,1
60282,1
42392,2
42392,1
54,2
54,1
55,2
55,1
184865,2
184865,1
184869,2
184869,1
59,2
59,1
96162,1
60,1
79631,1
61,1
328806,2
328806,1
49756,2
49756,1
59496,2
59496,1
375361,1
238660,2
238660,1
177970,2
177970,1
350048,2
350048,1
272896,2
272896,1
92953,2
92953,1
326201,1
375362,1
238661,2
238661,1
136387,2
136387,1
327546,2
327546,1
101263,2
101263,1
63,2
63,1
66,2
66,1
68,2
68,1
96544,2
96544,1
69,2
69,1
74,2
74,1
184875,2
184875,1
77611,2
77611,1
184877,2
184877,1
99742,2
99742,1
184879,2
184879,1
272653,1
241646,1
379588,1
90724,1
153883,1
269083,1
185047,1
130359,2
130359,1
116421,1
374992,1
515157,2
515157,1
99757,2
99757,1
171,1
172,1
95741,1
93814,1
197667,1
77212,2
77212,1
178,1
180,2
180,1
185057,1
183,1
99727,2
99727,1
93022,1
327429,1
100035,1
125660,1
188,2
188,1
192,1
90308,1
197,1
98827,1
269908,1
26050,1
185079,2
185079,1
63737,1
198120,1
185080,1
26054,1
185084,1
312408,1
185089,1
209,1
210,2
210,1
213,2
213,1
214,2
214,1
126382,2
126382,1
26057,1
185103,2
185103,1
185104,1
224,2
224,1
185108,2
185108,1
185109,1
254245,1
98062,1
366890,1
158285,1
181349,1
81863,1
93695,1
45363,1
191899,1
57510,1
94932,1
48739,1
170385,1
366989,1
219,1
124217,1
181366,1
170485,1
306731,1
93291,1
73496,1
60978,1
321632,1
515160,1
160503,1
42760,1
233,1
167915,1
232427,1
23217,1
154502,1
87546,1
185110,2
185110,1
244,1
55175,1
335493,1
87420,2
87420,1
185117,2
185117,1
246,2
246,1
192856,1
72422,2
72422,1
251,1
89715,1
87341,2
87341,1
254,2
254,1
64076,2
64076,1
99961,1
94700,1
97093,2
97093,1
197690,2
197690,1
89005,2
89005,1
124258,1
86268,2
86268,1
98869,2
98869,1
260,2
260,1
173048,1
117421,1
83939,2
83939,1
90164,1
249819,2
249819,1
81263,2
81263,1
94728,1
328811,2
328811,1
54579,2
54579,1
119802,2
119802,1
89699,2
89699,1
175032,2
175032,1
90538,1
232445,2
232445,1
274,1
276,1
180671,1
198119,2
198119,1
227692,1
209826,2
209826,1
160563,1
239412,2
239412,1
97324,1
278318,2
278318,1
119848,1
97418,1
222273,2
222273,1
222274,2
222274,1
253674,2
253674,1
119803,1
64775,1
92729,1
185127,1
26179,2
26179,1
277,1
167916,1
170617,1
72203,2
72203,1
192858,2
192858,1
26180,2
26180,1
68648,2
68648,1
60612,2
60612,1
185128,2
185128,1
281,2
281,1
66162,2
66162,1
130358,2
130358,1
90714,2
90714,1
116215,1
185133,2
185133,1
67192,1
167917,1
195003,1
185136,1
95568,1
289,1
194728,1
178549,1
85460,1
185139,2
185139,1
291,1
293,2
293,1
85154,1
48947,1
45383,1
197645,2
197645,1
131447,1
66660,1
312420,1
26324,1
578,2
579,2
579,1
99222,2
99222,1
26340,2
580,2
580,1
124282,2
585,2
585,1
91606,2
91606,1
80276,2
80276,1
129635,2
129635,1
77295,2
77295,1
73183,2
82900,2
82900,1
102995,2
102995,1
130554,2
130554,1
247931,2
95991,2
95991,1
181167,2
181167,1
26338,2
26338,1
185789,2
185789,1
91551,2
91551,1
92615,2
92615,1
185790,2
185791,2
185791,1
88590,2
206719,2
590,2
282575,1
99221,2
99221,1
118753,1
96712,2
96712,1
91652,2
91652,1
95710,2
26335,2
26335,1
138602,2
90136,2
90136,1
588,2
733,1
734,1
64275,1
65015,1
751,1
379017,1
894,2
894,1
530546,2
530546,1
530596,2
530596,1
186322,2
186322,1
26513,2
26513,1
312426,2
312426,1
24232,2
24232,1
897,2
897,1
99028,2
99028,1
80567,2
80567,1
312428,2
312428,1
379185,2
379185,1
901,2
901,1
373694,2
373694,1
99331,2
99331,1
232646,2
232646,1
26518,2
26518,1
201936,2
201936,1
26520,2
26520,1
133163,2
133163,1
908,2
908,1
26525,2
26525,1
186349,2
186349,1
91790,2
91790,1
965,1
22801,1
186498,1
247058,1
186503,1
186505,1
1073,2
1073,1
186704,2
186704,1
23797,1
188232,1
188852,1
85829,1
99232,1
92355,1
82737,1
308236,1
1456,1
188904,1
66328,1
1469,1
20471,1
188909,1
188919,1
188920,1
188921,1
1472,1
188924,1
188926,1
26852,1
273549,1
276388,1
276369,1
1474,1
188930,1
1476,1
1477,1
383406,1
187734,1
156157,1
243120,1
1687,1
156847,2
156847,1
1929,1
1934,1
1935,1
523356,1
312434,1
203081,1
1993,2
1993,1
25200,1
328103,2
328103,1
203743,2
203743,1
203744,2
203744,1
203746,2
203746,1
203747,2
203747,1
203751,1
155168,2
155168,1
331771,2
331771,1
90581,2
90581,1
205671,2
205671,1
98997,2
98997,1
387087,2
387087,1
387349,2
387349,1
191983,2
191983,1
365909,2
365909,1
102758,2
102758,1
27873,2
27873,1
500196,2
500196,1
27874,2
27874,1
500195,2
500195,1
180672,2
180672,1
282529,2
282529,1
203973,2
203973,1
96281,2
96281,1
108836,2
108836,1
313625,2
313625,1
328436,2
328436,1
328433,2
328433,1
124420,2
124420,1
110595,2
110595,1
88401,2
88401,1
291159,2
291159,1
121575,2
121575,1
252628,2
252628,1
276480,2
276480,1
98645,2
98645,1
25806,1
203962,1
203976,2
203976,1
312122,2
312122,1
203978,2
203978,1
203979,2
203979,1
203983,2
203983,1
203984,1
48794,2
48794,1
222739,2
222739,1
2240,2
2240,1
101745,2
101745,1
153030,2
153030,1
203986,2
203986,1
387042,2
387042,1
387044,2
387044,1
2241,2
2241,1
2242,2
2242,1
82669,2
82669,1
239413,2
239413,1
82829,2
82829,1
330985,2
330985,1
328086,2
328086,1
236176,2
236176,1
170726,2
170726,1
167919,2
167919,1
172786,2
172786,1
27889,2
27889,1
232649,2
232649,1
203015,2
203015,1
2245,1
203989,2
203989,1
203991,2
203991,1
2247,1
332079,1
2248,2
2248,1
203992,2
203992,1
387068,1
387075,1
2251,2
2251,1
27898,2
27898,1
25805,1
203994,2
203994,1
203995,2
203995,1
217927,2
217927,1
117491,1
2258,2
2258,1
317630,2
317630,1
232777,2
232777,1
322039,2
322039,1
324902,2
324902,1
387188,2
387188,1
92252,2
92252,1
127382,2
127382,1
197971,2
197971,1
204000,2
204000,1
204001,2
204001,1
2260,2
2260,1
51269,2
51269,1
93820,2
93820,1
134149,2
134149,1
322108,2
322108,1
21419,2
21419,1
2261,2
2261,1
171216,2
171216,1
177978,2
177978,1
374785,2
374785,1
250272,2
250272,1
232666,2
232666,1
387048,2
387048,1
387049,2
387049,1
387053,2
387053,1
94258,2
94258,1
96844,2
96844,1
135400,2
135400,1
91605,2
91605,1
97920,2
97920,1
92577,2
92577,1
92990,2
92990,1
297791,2
297791,1
174960,2
174960,1
203967,2
203967,1
233015,2
233015,1
143091,2
143091,1
162028,2
162028,1
162029,2
162029,1
27907,2
27907,1
2269,2
2269,1
134178,2
134178,1
204006,2
204006,1
2276,2
2276,1
107126,2
107126,1
204007,2
204007,1
204008,1
204010,1
100356,2
100356,1
374786,2
374786,1
121913,2
121913,1
128260,2
128260,1
209813,2
209813,1
214752,2
214752,1
170867,2
170867,1
222750,2
222750,1
387109,2
387109,1
387114,2
387114,1
387115,2
387115,1
387120,2
387120,1
387363,2
387363,1
387118,2
387118,1
387122,2
387122,1
387129,2
387129,1
387131,2
387131,1
387132,2
387132,1
386979,2
386979,1
386980,2
386980,1
386981,2
386981,1
386983,2
386983,1
110896,2
110896,1
386986,2
386986,1
137094,2
137094,1
386989,2
386989,1
386990,2
386990,1
387356,2
387356,1
337921,2
337921,1
331664,2
331664,1
330980,2
330980,1
243172,2
243172,1
308241,2
308241,1
327986,2
327986,1
387357,2
387357,1
168313,2
168313,1
94928,2
94928,1
111776,2
111776,1
99682,2
99682,1
113111,2
113111,1
27924,2
27924,1
243334,2
243334,1
238504,2
238504,1
242610,2
242610,1
94666,2
94666,1
342211,2
342211,1
222752,2
222752,1
167920,2
167920,1
203972,2
203972,1
255438,2
255438,1
308695,2
308695,1
204011,2
204011,1
308242,2
308242,1
83686,2
83686,1
282528,2
282528,1
222753,2
222753,1
204012,2
204012,1
204014,2
204014,1
27897,2
27897,1
161288,1
171459,1
334686,1
204686,1
114325,1
19713,1
84953,1
2381,1
60348,1
204809,1
204817,1
204813,1
2425,1
2763,2
2763,1
90793,1
242730,1
154506,1
196538,1
215091,1
91172,1
170235,1
129865,1
155907,1
80374,1
335091,1
523189,2
523189,1
96627,2
96627,1
56006,2
56006,1
523162,2
523162,1
3141,2
3141,1
207708,2
207708,1
21840,2
21840,1
207804,1
207806,1
82937,2
82937,1
3149,1
28836,2
28836,1
207815,1
21418,1
207825,2
207825,1
207893,1
207897,1
75193,1
207901,1
28858,2
28858,1
3191,2
3191,1
208363,2
208363,1
208364,2
208364,1
3201,1
93435,1
57894,1
88036,1
381874,1
208436,1
208437,1
208442,1
208444,1
3203,1
21380,1
43621,1
208446,1
98518,1
3288,2
3288,1
133002,2
133002,1
133005,2
133005,1
133006,2
133006,1
329621,2
329621,1
222940,2
222940,1
3295,2
3295,1
93375,2
93375,1
84567,2
84567,1
181573,2
181573,1
3298,2
3298,1
167956,2
167956,1
100314,2
100314,1
211077,2
211077,1
156296,2
156296,1
96107,2
96107,1
94144,2
94144,1
99703,2
99703,1
115814,2
115814,1
3292,2
3292,1
96662,2
96662,1
208951,1
3351,1
208956,1
329640,1
329642,1
3387,1
3389,1
305869,1
305866,1
305871,1
305867,1
136846,1
209332,1
305599,2
305599,1
3415,1
187904,1
179785,1
140394,1
187903,1
187905,1
94012,1
178306,1
97899,1
3416,1
150341,1
151107,1
28979,1
245164,2
245164,1
360238,2
360238,1
245162,2
245162,1
335786,1
506544,2
506544,1
251128,1
268915,1
195814,1
506839,2
506839,1
506795,2
506795,1
335783,1
309064,1
309065,1
3417,2
3417,1
150342,1
336152,1
109212,1
24283,2
24283,1
28983,2
28983,1
81956,1
198651,2
198651,1
58391,2
58391,1
209556,1
209575,1
227239,1
157556,1
28987,1
3433,1
255925,2
255925,1
227465,2
227465,1
3571,2
3571,1
64632,1
69279,1
92923,2
92923,1
500203,2
500203,1
500202,2
500202,1
329644,2
329644,1
29092,2
29092,1
59712,2
59712,1
329645,2
329645,1
98378,2
98378,1
77528,2
77528,1
254326,2
254326,1
92331,2
92331,1
91895,2
91895,1
91732,2
91732,1
94601,2
94601,1
94044,2
94044,1
94045,2
94045,1
96372,2
96372,1
29115,2
29115,1
83068,2
83068,1
43652,2
43652,1
90452,2
90452,1
116308,2
116308,1
90250,2
90250,1
52803,2
52803,1
66124,2
66124,1
150986,2
150986,1
93306,1
91563,2
91563,1
95050,2
95050,1
93292,2
93292,1
95007,1
99620,2
99620,1
94470,2
94470,1
110100,2
110100,1
94544,2
94544,1
99380,2
99380,1
101852,2
101852,1
91638,2
91638,1
93460,2
93460,1
91143,2
91143,1
100019,2
100019,1
329671,2
329671,1
93565,2
93565,1
165958,2
165958,1
90087,2
90087,1
334215,2
334215,1
50581,2
50581,1
3614,2
3614,1
72221,2
72221,1
84060,1
325482,1
79190,1
94843,1
98740,1
90973,2
90973,1
98224,2
98224,1
329681,1
76450,1
93755,1
99245,2
99245,1
375368,2
375368,1
97558,2
97558,1
136391,2
136391,1
126625,2
126625,1
91501,2
91501,1
329687,2
329687,1
329688,2
329688,1
97370,2
97370,1
91179,2
91179,1
81370,2
81370,1
3639,2
3639,1
97582,2
97582,1
99057,2
99057,1
227072,2
227072,1
90008,2
90008,1
59286,2
59286,1
44078,2
44078,1
83364,1
83363,1
210096,1
3695,1
517691,2
517691,1
3731,1
195004,1
59390,1
211487,1
112190,1
171749,1
212944,1
226530,1
84577,1
84768,1
3898,1
29393,1
3899,2
3899,1
196458,2
196458,1
187584,1
213464,1
213465,1
213466,1
213473,1
213477,1
213480,1
78700,1
213488,1
228834,1
4361,1
79167,1
196443,1
94390,2
94390,1
191099,2
191099,1
103072,2
103072,1
371901,2
371901,1
214608,2
214608,1
30629,2
30629,1
61691,2
61691,1
113383,2
113383,1
21060,2
21060,1
95509,2
95509,1
179792,2
179792,1
43654,2
43654,1
72222,2
72222,1
89706,2
89706,1
56107,2
56107,1
31316,2
31316,1
4391,2
4391,1
30641,1
241759,2
241759,1
222295,2
222295,1
347380,2
347380,1
75613,2
75613,1
529873,2
529873,1
150347,2
150347,1
239420,2
239420,1
86660,2
86660,1
53094,1
140395,2
140395,1
4396,2
4396,1
201715,2
201715,1
195871,2
195871,1
349262,2
349262,1
243311,2
243311,1
238265,2
238265,1
167955,2
167955,1
374788,2
374788,1
4517,2
4517,1
85342,2
85342,1
324302,1
214722,1
180756,2
180756,1
30798,2
30798,1
323400,2
323400,1
30802,2
30802,1
30804,2
30804,1
305586,2
305586,1
4769,2
4769,1
90132,2
90132,1
192860,2
192860,1
80216,2
80216,1
121852,2
121852,1
116107,2
116107,1
93812,2
93812,1
57661,2
57661,1
49409,2
49409,1
85068,2
85068,1
334564,2
334564,1
4770,2
4770,1
70857,2
70857,1
113247,2
113247,1
516663,2
516663,1
516670,2
516670,1
45245,2
45245,1
323478,2
323478,1
138587,2
138587,1
30827,2
30827,1
30828,2
30828,1
138588,2
138588,1
30830,2
30830,1
90715,2
90715,1
30825,2
30825,1
195872,2
195872,1
168233,2
168233,1
89242,2
89242,1
194356,2
194356,1
134311,2
134311,1
30835,2
30835,1
30841,2
30841,1
4782,2
4782,1
241416,2
241416,1
61356,2
61356,1
30816,2
30816,1
516625,2
516625,1
516628,2
516628,1
516627,2
516627,1
516632,2
516632,1
516634,2
516634,1
516637,2
516637,1
516636,2
516636,1
516639,2
516639,1
516641,2
516641,1
516642,2
516642,1
516640,2
516640,1
516643,2
516643,1
516644,2
516644,1
516647,2
516647,1
5000,1
5015,1
92100,1
284972,1
52344,1
58692,1
82657,1
134559,1
287964,1
87694,1
94935,1
90995,1
59187,1
43219,1
89043,1
115524,1
5022,1
115813,1
5032,1
91984,1
75370,1
22775,1
30936,1
85769,1
74526,1
55428,1
124756,1
320879,1
5062,1
244831,1
124323,1
247015,1
5071,1
30940,1
90963,1
111922,1
95940,1
97666,1
329710,1
5079,1
45903,1
58173,1
50461,1
136396,1
46311,1
5115,1
5116,1
525322,1
154592,1
24531,1
5117,1
271200,1
22191,1
59482,1
271203,1
194106,1
5127,1
192421,1
158306,1
161194,1
77387,1
51297,1
273982,1
5364,1
334936,1
380535,1
293544,1
206721,1
96467,1
31317,2
31317,1
5794,1
5796,1
5797,1
5906,1
324027,1
5919,1
5920,1
324086,1
20885,2
20885,1
6092,1
31928,1
6122,1
182055,1
31925,1
180514,1
6127,1
62394,1
331599,1
128311,1
140187,2
140187,1
161594,1
223340,1
115565,1
81713,1
6347,1
6350,1
6387,1
32035,1
94345,1
131224,1
32039,1
6394,1
328168,1
239353,1
32041,1
6735,1
22404,2
22404,1
327518,1
158662,1
158666,1
158667,1
158664,1
158663,1
248846,1
134394,1
6877,1
158708,1
19678,1
373709,1
158712,1
19680,1
22818,1
158713,1
134395,1
54425,1
158696,1
156637,1
125713,1
77748,1
6880,1
115419,1
6882,2
6882,1
181736,2
181736,1
167933,1
6887,1
54787,1
6900,1
181744,1
98006,1
71440,1
32649,1
32652,1
61945,1
6910,1
6911,1
195492,1
6926,2
6926,1
200667,1
6928,1
223428,1
200669,1
292102,1
6929,1
6930,1
6938,1
102923,1
46130,1
136663,1
241546,1
6932,1
89495,1
94846,1
99157,1
94255,1
74604,1
32658,1
197756,1
91467,1
198383,1
89331,1
6964,1
324783,1
32772,1
254286,2
254286,1
324884,1
378550,2
378550,1
7122,2
7122,1
324889,1
7123,1
156677,2
156677,1
32822,2
32822,1
254226,2
254226,1
516740,2
516740,1
7127,2
7127,1
7128,2
7128,1
325020,2
325020,1
64778,1
102176,2
102176,1
98653,2
98653,1
98654,2
98654,1
95987,2
95987,1
93753,2
93753,1
32825,2
32825,1
32829,2
32829,1
25831,2
25831,1
91418,2
91418,1
329072,2
329072,1
99417,2
99417,1
32833,2
32833,1
192862,2
192862,1
94421,2
94421,1
99254,2
99254,1
90896,2
90896,1
94363,2
94363,1
98911,2
98911,1
162310,2
162310,1
112542,2
112542,1
60571,2
60571,1
54622,2
54622,1
162663,2
162663,1
156415,2
156415,1
32855,1
304261,1
32860,1
158820,2
158820,1
7233,2
7233,1
329742,2
329742,1
32955,2
32955,1
272631,2
272631,1
7297,2
7297,1
77330,2
77330,1
26862,2
26862,1
7300,2
7300,1
32945,2
32945,1
32934,2
32934,1
234872,2
234872,1
7308,2
7308,1
102959,2
102959,1
251131,2
251131,1
92471,2
92471,1
93971,2
93971,1
96779,2
96779,1
7311,2
7311,1
7316,2
7316,1
91099,2
91099,1
7319,2
7319,1
256934,2
256934,1
253984,2
253984,1
25143,1
325236,2
325236,1
32951,1
101076,1
275924,1
255810,1
218776,1
7990,2
7990,1
92071,2
92071,1
270484,1
270485,1
285917,2
285917,1
321387,1
358835,2
358835,1
96255,2
96255,1
226112,2
226112,1
195007,2
195007,1
316996,2
316996,1
63231,2
63231,1
63232,2
63232,1
78045,2
78045,1
298736,2
298736,1
54608,2
54608,1
47124,2
47124,1
137486,2
137486,1
33602,2
33602,1
321653,2
321653,1
80918,2
80918,1
80437,2
80437,1
98663,2
98663,1
179570,2
179570,1
8114,1
250604,2
250604,1
66126,1
293490,1
293469,1
293473,2
293473,1
146141,1
293483,1
73019,1
8223,1
85197,2
85197,1
63777,1
8222,1
250599,1
250602,1
250598,1
130387,2
130387,1
108843,2
108843,1
106374,2
106374,1
516910,1
8765,2
8765,1
90871,2
90871,1
297076,1
88988,1
114569,1
323874,1
8775,1
239292,1
331356,1
8844,1
8845,1
41013,1
90616,2
90616,1
9087,2
9087,1
223960,2
223960,1
91514,2
91514,1
323903,2
323903,1
54374,2
54374,1
323904,2
323904,1
94288,2
94288,1
68612,2
68612,1
9095,2
9095,1
365892,2
365892,1
220562,2
220562,1
41061,2
41061,1
41064,2
41064,1
92635,2
92635,1
93164,2
93164,1
94263,2
94263,1
107159,2
107159,1
41073,2
41073,1
9104,2
9104,1
89722,2
89722,1
160776,2
160776,1
96595,2
96595,1
95739,2
95739,1
99695,2
99695,1
94307,2
94307,1
75934,2
75934,1
89342,2
89342,1
63339,2
63339,1
79739,2
79739,1
159349,2
159349,1
373011,2
373011,1
160777,2
160777,1
323624,2
323624,1
323909,2
323909,1
175631,2
175631,1
191694,2
191694,1
343327,2
343327,1
135410,2
135410,1
218895,2
218895,1
21251,1
41117,2
41117,1
22169,2
22169,1
141100,1
97711,2
97711,1
94473,2
94473,1
96268,2
96268,1
194034,2
194034,1
95564,2
95564,1
99486,2
99486,1
92652,2
92652,1
72918,2
72918,1
93440,2
93440,1
41119,2
41119,1
80681,2
80681,1
80682,2
80682,1
383426,1
9500,2
9500,1
110889,2
110889,1
57479,1
521656,2
521656,1
85325,2
85325,1
85326,2
85326,1
59459,1
9504,2
9504,1
241103,2
241103,1
179236,2
179236,1
238921,2
238921,1
250358,2
250358,1
9532,2
9532,1
95911,2
95911,1
93419,2
93419,1
69145,2
69145,1
9537,2
9537,1
91774,2
91774,1
93445,2
93445,1
52767,2
52767,1
92920,2
92920,1
198426,2
198426,1
329789,2
329789,1
97581,2
97581,1
95006,2
95006,1
329832,2
329832,1
134565,2
134565,1
224014,2
224014,1
144278,2
144278,1
329831,2
329831,1
98531,2
98531,1
9619,2
9619,1
57480,2
57480,1
53771,2
53771,1
329792,2
329792,1
9636,2
9636,1
253439,2
253439,1
97506,2
97506,1
139993,2
139993,1
9643,2
9643,1
74918,2
74918,1
224016,2
224016,1
124324,2
124324,1
131762,2
131762,1
329867,2
329867,1
120485,2
120485,1
119074,2
119074,1
9586,2
9586,1
55518,2
55518,1
103060,2
103060,1
536060,2
536060,1
52691,1
120484,1
9743,1
49265,1
336165,1
9772,2
9772,1
177985,2
177985,1
95532,2
95532,1
113337,2
113337,1
501414,1
317658,2
317658,1
522698,2
522698,1
105654,2
105654,1
44171,2
44171,1
309843,1
64883,1
526078,1
100448,1
66102,1
337345,1
334813,1
375138,1
69924,1
526282,1
140547,2
140693,2
140693,1
9876,2
9876,1
99463,2
99463,1
537076,2
537076,1
530198,2
530198,1
74790,2
74790,1
27587,1
66117,2
66117,1
10103,2
10103,1
19593,1
89477,1
89478,1
25852,1
21737,2
21737,1
93167,2
93167,1
134953,2
134953,1
241207,2
241207,1
146049,2
146049,1
180669,2
180669,1
145959,2
145959,1
47772,2
47772,1
152082,2
152082,1
109631,2
109631,1
10338,2
10338,1
48707,2
48707,1
100293,2
100293,1
80337,2
80337,1
200049,2
200049,1
349236,2
349236,1
228181,1
10350,1
301973,1
10385,1
522909,1
23783,1
247062,1
22206,1
19921,2
19921,1
44874,1
228849,1
52470,1
10624,1
74323,1
46577,1
326287,1
85550,1
41407,1
144201,1
517540,1
518340,1
43334,1
521599,1
110596,1
140730,1
292103,1
106308,1
144200,1
234966,1
222314,1
181916,1
217861,1
155056,1
217852,1
110432,1
241031,1
241032,1
140627,1
140478,1
241774,1
88858,1
189766,1
194357,1
113404,1
112062,1
195073,1
129559,1
302877,1
63114,1
120493,1
92931,1
88862,1
156225,1
110406,1
131226,1
170791,1
172955,1
46896,1
46897,1
521746,1
385719,1
75128,1
287492,1
287491,1
529338,1
10687,1
284813,1
140605,1
10689,1
10685,1
69226,1
150385,1
309286,1
216831,1
82978,1
141110,1
107272,1
139127,1
91481,1
140733,1
511878,1
98283,1
309285,1
150501,1
154048,1
150504,1
355964,1
95963,1
249640,1
284507,2
284507,1
345474,1
23437,1
211248,1
374506,1
155846,1
284542,1
306185,1
22141,1
138582,1
324313,1
10699,1
80812,1
196437,1
64268,1
119324,1
284032,1
60854,1
224193,1
10701,1
137773,1
140625,1
379019,2
379019,1
137323,1
272203,1
324338,1
383561,1
23120,1
298945,2
298945,1
131840,1
308254,1
178464,1
60019,1
140650,1
10714,1
158326,1
155951,1
129561,1
65141,1
58212,1
88901,1
141103,1
239625,1
139140,1
190857,1
153789,1
140781,1
10722,1
79464,1
331030,1
191994,1
331029,1
299744,1
268726,1
164617,1
85968,1
54062,1
93884,1
324335,1
75776,1
133388,1
10706,1
119227,1
82053,1
47348,1
55643,1
319839,1
139139,1
58159,1
140655,1
83946,1
78533,1
39792,1
190854,1
67825,1
72570,1
517511,1
331487,2
331487,1
10762,2
10762,1
98350,2
98350,1
178939,2
178939,1
45272,2
45272,1
117432,2
117432,1
71740,2
71740,1
304293,2
304293,1
10765,2
10765,1
91559,2
91559,1
10768,2
10768,1
202338,2
202338,1
524648,1
113257,1
180764,2
180764,1
379048,2
379048,1
60558,2
60558,1
212571,2
212571,1
207712,2
207712,1
10778,2
10778,1
80151,2
80151,1
42329,2
42329,1
25759,2
25759,1
60855,2
60855,1
217919,2
217919,1
10771,2
10771,1
49938,2
49938,1
180853,2
180853,1
80907,2
80907,1
159736,2
159736,1
308664,1
522908,1
10960,1
90895,2
90895,1
56078,2
56078,1
64367,2
64367,1
11088,2
11088,1
11093,2
11093,1
42372,2
42372,1
182094,2
182094,1
376195,2
376195,1
299510,2
299510,1
263256,2
263256,1
341676,2
341676,1
284570,2
284570,1
284566,2
284566,1
379018,1
246247,1
177855,1
227887,1
177854,1
296046,2
296046,1
22143,2
22143,1
323817,1
292865,1
329308,1
11216,1
83475,1
78885,1
132977,1
329320,1
183314,1
49779,1
85536,1
21747,1
193004,1
72578,1
227998,1
171242,1
75705,1
83476,1
11217,1
78886,1
49960,1
45439,2
45439,1
48637,1
11313,1
11315,2
11315,1
239678,1
354256,1
375402,1
106196,2
106196,1
297530,2
297530,1
11565,2
11565,1
25176,2
25176,1
78084,1
353032,1
329519,1
174080,1
174079,1
25895,1
349483,1
258465,1
11640,1
276335,1
251092,1
343131,1
269378,1
46235,1
307735,1
174075,1
307736,1
240356,1
67363,1
110147,1
88367,1
511746,1
249401,1
276334,1
329518,1
174083,1
273615,1
171243,1
11735,1
125365,1
335185,1
12012,1
12060,1
141267,1
12082,1
141384,1
375415,1
269856,1
77014,1
44704,1
12341,2
12341,1
334242,2
334242,1
124274,2
124274,1
227964,2
227964,1
361051,2
361051,1
194984,2
194984,1
307364,2
307364,1
75875,2
75875,1
351809,2
351809,1
271610,2
271610,1
54136,2
54136,1
359338,2
359338,1
329545,1
163271,1
176017,1
235063,1
107687,1
369601,1
21410,1
375426,1
21378,1
24488,2
24488,1
12667,1
168087,1
72567,1
12767,1
12768,1
12771,1
12802,2
12802,1
12803,2
12803,1
83343,2
83343,1
82748,1
253825,2
253825,1
21013,1
20535,1
99155,1
12852,1
140783,1
12899,2
12899,1
97950,2
97950,1
44449,1
84262,2
84262,1
44450,2
44450,1
126627,2
126627,1
117433,2
117433,1
83770,2
83770,1
94308,2
94308,1
368132,1
98841,2
98841,1
160385,2
160385,1
91486,1
115358,2
115358,1
53864,1
180117,1
318221,1
386206,2
386206,1
101830,1
116943,1
140792,1
54418,1
329987,1
12928,2
12928,1
12931,1
12936,2
12936,1
88250,1
12941,1
367147,2
367147,1
385655,2
385655,1
181542,1
83270,2
83270,1
69028,2
69028,1
12947,2
12947,1
79000,2
79000,1
12954,2
12954,1
330006,1
56015,1
95700,1
140949,1
330000,2
330000,1
12966,2
12966,1
99400,2
99400,1
252947,2
252947,1
90723,2
90723,1
226136,1
12969,2
12969,1
92725,2
92725,1
211216,1
82185,2
82185,1
75326,1
12974,2
12974,1
291206,1
195010,2
195010,1
79265,2
79265,1
224541,1
238710,2
238710,1
375437,1
138342,2
138342,1
87502,1
110211,1
298435,1
91537,2
91537,1
98036,2
98036,1
59991,2
59991,1
141134,1
92653,1
12980,1
330033,2
330033,1
12984,1
168042,2
168042,1
70814,1
52609,2
52609,1
12985,2
12985,1
196028,1
12990,1
80060,1
13050,2
13050,1
13056,2
13056,1
13057,2
13057,1
13066,2
13066,1
284474,2
284474,1
55341,2
55341,1
13067,2
13067,1
13068,2
13068,1
77655,2
77655,1
13075,2
13075,1
168043,1
331832,2
331832,1
13085,2
13085,1
24678,2
24678,1
13087,2
13087,1
368381,2
368381,1
133030,2
133030,1
84341,2
84341,1
331783,2
331783,1
13090,2
13090,1
56049,2
56049,1
13092,2
13092,1
194382,2
194382,1
224556,2
224556,1
208026,2
208026,1
330171,2
330171,1
251948,2
251948,1
299512,1
198454,2
198454,1
331807,2
331807,1
293740,2
293740,1
331802,2
331802,1
208694,2
208694,1
98407,2
98407,1
69227,2
69227,1
48246,2
48246,1
71377,2
71377,1
89481,2
89481,1
94086,2
94086,1
165975,2
165975,1
72728,2
72728,1
182553,2
182553,1
224558,2
224558,1
270508,2
270508,1
93034,2
93034,1
47267,2
47267,1
13106,2
13106,1
13107,2
13107,1
45470,2
45470,1
226142,2
226142,1
331813,2
331813,1
500224,2
500224,1
45127,2
45127,1
75246,2
75246,1
46921,2
46921,1
44091,2
44091,1
215365,2
215365,1
46920,2
46920,1
13113,2
13113,1
77345,2
77345,1
67902,2
67902,1
346632,2
346632,1
346098,2
346098,1
360921,2
360921,1
208027,2
208027,1
142740,2
142740,1
69464,2
69464,1
13115,1
13118,2
13118,1
13123,2
13123,1
331846,2
331846,1
58231,2
58231,1
13128,2
13128,1
85554,2
85554,1
142776,2
142776,1
13130,2
13130,1
13132,2
13132,1
13138,2
13138,1
87248,2
87248,1
80992,2
80992,1
43092,2
43092,1
275013,2
275013,1
13141,2
13141,1
91667,2
91667,1
84553,2
84553,1
85516,2
85516,1
103378,2
103378,1
66741,2
66741,1
82350,2
82350,1
68010,2
68010,1
330671,2
330671,1
83464,2
83464,1
99295,2
99295,1
133032,2
133032,1
143237,2
143237,1
13148,2
13148,1
115367,2
115367,1
254540,2
254540,1
45916,2
45916,1
13152,2
13152,1
13169,1
62073,1
218472,1
329932,1
331884,2
331884,1
331885,2
331885,1
13226,2
13226,1
13228,2
13228,1
84135,2
84135,1
42513,2
42513,1
53405,2
53405,1
96764,2
96764,1
13225,2
13225,1
173479,1
19629,1
13244,2
13244,1
165465,2
165465,1
165988,2
165988,1
354425,2
354425,1
165484,2
165484,1
165490,2
165490,1
508056,2
508056,1
13348,1
72418,1
88343,1
22225,1
13364,1
13395,1
331875,2
331875,1
331873,2
331873,1
331865,2
331865,1
88677,2
88677,1
13503,2
13503,1
67867,2
67867,1
88346,2
88346,1
307988,2
307988,1
13510,2
13510,1
331869,2
331869,1
13512,2
13512,1
131261,2
131261,1
58361,2
58361,1
101023,2
101023,1
42248,2
42248,1
65086,2
65086,1
156655,2
156655,1
160637,2
160637,1
88347,2
88347,1
13520,2
13520,1
13527,2
13527,1
108956,2
108956,1
70023,2
70023,1
323268,2
323268,1
88345,2
88345,1
113336,2
113336,1
68970,2
68970,1
96277,2
96277,1
25828,2
25828,1
88344,2
88344,1
331877,2
331877,1
180674,2
180674,1
98451,2
13508,2
13508,1
331874,2
331874,1
192875,2
192875,1
54600,2
54600,1
21842,2
21842,1
56931,2
56931,1
142858,1
25812,1
150377,2
331862,2
331862,1
95518,2
95518,1
205677,2
205677,1
251950,1
111205,2
111205,1
130221,2
130221,1
98361,1
155185,2
155185,1
227379,2
227379,1
155186,2
155186,1
97537,2
97537,1
322911,2
322911,1
90553,2
90553,1
99553,2
99553,1
255968,2
255968,1
60881,2
60881,1
361597,1
171108,1
319256,2
319256,1
172409,2
172409,1
319255,1
248870,2
248870,1
312531,2
312531,1
236181,2
236181,1
133175,2
133175,1
44470,2
44470,1
138501,2
138501,1
82563,2
82563,1
52927,2
52927,1
138498,2
138498,1
128314,2
128314,1
59936,2
59936,1
102973,2
102973,1
105250,2
105250,1
209814,1
194749,2
194749,1
224714,2
224714,1
44103,2
44103,1
334121,2
334121,1
248869,2
248869,1
13950,2
13950,1
87559,2
87559,1
525656,2
525656,1
331809,2
331809,1
96348,2
96348,1
219117,2
219117,1
324405,2
324405,1
53590,2
53590,1
517180,2
517180,1
291217,2
291217,1
219666,2
219666,1
89636,2
89636,1
61117,2
61117,1
99810,2
99810,1
150140,2
150140,1
94416,2
94416,1
256109,2
256109,1
13958,2
13958,1
151375,2
151375,1
323242,1
385267,2
385267,1
74004,1
319257,1
95022,2
95022,1
179816,2
179816,1
309117,2
309117,1
271646,2
271646,1
534937,1
71927,2
71927,1
331803,2
331803,1
13977,2
13977,1
534519,1
14003,2
14003,1
89675,2
89675,1
99044,2
99044,1
323085,2
323085,1
305598,2
305598,1
14012,2
14012,1
89562,2
89562,1
55063,2
55063,1
536605,2
536605,1
535987,2
535987,1
66542,2
66542,1
325251,1
97220,2
97220,1
305593,2
305593,1
14021,2
14021,1
330944,2
330944,1
151368,2
151368,1
14022,2
14022,1
155191,1
128316,1
14023,2
14023,1
14025,2
14025,1
153896,2
153896,1
327372,2
327372,1
155192,2
155192,1
153897,2
153897,1
51643,2
51643,1
151364,2
151364,1
14027,2
14027,1
25731,1
273956,2
273956,1
49495,2
49495,1
14028,1
151367,2
151367,1
77775,2
77775,1
331744,2
331744,1
331737,1
331731,2
331731,1
331734,2
331734,1
323024,2
323024,1
89351,2
89351,1
14041,2
14041,1
97063,2
97063,1
48560,2
48560,1
305597,2
305597,1
75794,2
75794,1
44127,1
124644,2
124644,1
83999,2
83999,1
94025,2
94025,1
192879,1
253106,2
253106,1
99735,2
99735,1
331746,2
331746,1
52928,2
52928,1
57292,2
57292,1
271649,2
271649,1
57293,2
57293,1
14055,2
14055,1
331745,2
331745,1
14069,1
331868,1
331867,1
206324,1
14113,2
14113,1
92834,2
92834,1
322893,2
322893,1
14123,2
14123,1
14124,2
14124,1
202499,2
202499,1
45549,1
25256,1
269507,1
524103,2
524103,1
524136,2
524136,1
245581,1
352641,1
305584,2
305584,1
282102,2
282102,1
282101,2
282101,1
282103,2
282103,1
14226,1
89839,2
89839,1
96418,1
14227,1
237537,1
378081,2
378081,1
182211,2
182211,1
305583,2
305583,1
14231,1
14232,2
14232,1
69543,1
91185,2
91185,1
256591,1
357448,1
92364,2
92364,1
291762,2
291762,1
64645,2
64645,1
14240,2
14240,1
324384,2
324384,1
322747,2
322747,1
322748,1
114954,2
114954,1
14243,2
14243,1
118402,2
118402,1
80799,2
80799,1
121096,2
121096,1
121095,2
121095,1
181171,1
14244,2
14244,1
14245,2
14245,1
25755,2
25755,1
14246,2
14246,1
124414,2
124414,1
105396,1
329194,1
14250,1
124415,2
124415,1
121126,1
134696,2
134696,1
134697,1
286415,2
286415,1
242276,1
134391,1
28926,2
28926,1
324382,2
324382,1
326262,2
326262,1
109152,1
43109,1
14256,1
379147,1
375447,2
375447,1
14257,2
14257,1
254304,1
14264,2
14264,1
83321,2
83321,1
118404,2
118404,1
76025,2
76025,1
254308,2
254308,1
14275,2
14275,1
41869,2
41869,1
25869,2
25869,1
46209,1
322743,2
322743,1
21515,1
103618,2
103618,1
153807,2
153807,1
51913,2
51913,1
28189,2
28189,1
121094,2
121094,1
14286,2
14286,1
14288,2
14288,1
14290,2
14290,1
91838,2
91838,1
14294,2
14294,1
54821,2
54821,1
291765,2
291765,1
60209,2
60209,1
174916,1
49314,1
291766,2
291766,1
14305,2
14305,1
97110,2
97110,1
140480,1
14306,2
14306,1
337645,1
139605,1
14307,2
14307,1
23744,2
23744,1
21259,1
235984,1
14309,1
282722,2
282722,1
14310,2
14310,1
375463,2
375463,1
254421,1
140352,1
378194,2
378194,1
378197,2
378197,1
378198,2
378198,1
378201,2
378201,1
41027,2
41027,1
14260,2
14260,1
134960,2
134960,1
14262,2
14262,1
75037,2
75037,1
174920,2
174920,1
71207,1
113503,2
113503,1
49462,2
49462,1
80096,2
80096,1
113532,2
113532,1
86010,2
86010,1
121106,2
121106,1
92590,2
92590,1
306894,1
276849,2
276849,1
254232,2
254232,1
273159,2
273159,1
44576,1
81966,1
380538,2
380538,1
14466,1
14886,1
80979,1
62088,1
130593,1
14906,1
322345,1
329363,1
15247,1
15371,1
100801,1
15573,1
15711,1
331830,1
15831,1
21746,2
21746,1
328093,2
328093,1
328850,2
328850,1
328851,2
328851,1
15837,2
15837,1
15914,1
42278,1
329743,2
329743,1
324250,2
89135,2
89135,1
323325,2
323325,1
152425,2
152425,1
44624,2
44624,1
58736,2
58736,1
97712,2
97712,1
128317,2
128317,1
25117,2
25117,1
297507,2
297507,1
220873,2
220873,1
16221,2
16221,1
64024,2
64024,1
300926,2
300926,1
370650,2
370650,1
68890,2
68890,1
244564,2
244564,1
329150,2
329150,1
53942,2
53942,1
53943,2
53943,1
78773,2
78773,1
225328,2
225328,1
50139,2
50139,1
47245,2
47245,1
93158,2
93158,1
225329,2
225329,1
121056,2
121056,1
85868,2
85868,1
121055,2
121055,1
84906,2
84906,1
206373,2
206373,1
297501,2
297501,1
66012,1
72246,2
72246,1
73906,2
73906,1
303840,2
303840,1
82656,2
82656,1
194488,2
211794,2
211794,1
45355,2
45355,1
68026,2
68026,1
89961,2
89961,1
16256,2
16256,1
92968,2
92968,1
51693,2
51693,1
16295,2
16295,1
253370,2
253370,1
221216,2
221216,1
65886,2
65886,1
322784,2
322784,1
215645,2
215645,1
329151,2
329151,1
16249,2
16249,1
324235,2
239902,2
239902,1
137115,2
137115,1
121196,2
121196,1
62283,2
226272,2
226272,1
324193,2
324193,1
324192,2
324192,1
58302,1
44746,1
245865,1
329129,1
245866,1
196884,1
256946,1
161170,1
16830,1
165986,1
335099,2
335099,1
370754,2
370754,1
285444,2
285444,1
17257,2
17257,1
211227,2
211227,1
91144,2
91144,1
165422,2
165422,1
63744,1
23554,1
185344,1
17505,2
17505,1
17508,1
235384,1
88671,2
88671,1
112216,2
112216,1
58043,2
58043,1
155196,2
155196,1
63856,2
63856,1
323404,2
323404,1
500065,2
500065,1
239143,2
239143,1
77449,2
77449,1
225616,2
225616,1
95813,2
95813,1
104150,2
104150,1
323406,2
323406,1
286342,2
286342,1
153901,2
153901,1
80424,2
80424,1
95171,2
95171,1
17529,2
17529,1
17531,2
17531,1
332162,2
332162,1
201421,2
201421,1
238580,2
238580,1
17533,2
17533,1
82558,2
82558,1
17534,2
17534,1
72576,2
72576,1
90459,2
90459,1
50205,2
50205,1
251123,2
251123,1
192885,2
192885,1
17539,2
17539,1
68847,2
68847,1
97366,2
97366,1
236059,2
236059,1
192888,2
192888,1
374053,2
374053,1
332246,2
332246,1
43982,2
43982,1
209816,2
209816,1
97177,2
97177,1
318338,2
318338,1
101725,2
101725,1
332164,2
332164,1
202540,2
202540,1
332254,2
332254,1
44755,2
44755,1
282104,2
282104,1
171405,2
171405,1
171404,2
171404,1
107087,2
107087,1
17544,2
17544,1
205663,2
205663,1
269825,2
269825,1
17548,2
17548,1
67651,2
67651,1
244224,2
244224,1
281809,2
281809,1
273106,2
273106,1
342917,2
342917,1
284804,2
284804,1
282646,2
282646,1
17549,2
17549,1
332165,2
332165,1
102372,2
102372,1
24216,2
24216,1
100962,2
100962,1
17552,2
17552,1
285335,2
285335,1
17553,2
17553,1
326299,2
326299,1
360363,2
360363,1
107222,2
107222,1
24220,2
24220,1
170493,2
170493,1
117486,2
117486,1
114646,2
114646,1
17560,2
17560,1
47335,2
47335,1
24221,2
24221,1
132897,2
132897,1
332061,2
332061,1
125209,2
125209,1
98770,2
98770,1
17566,2
17566,1
249684,2
249684,1
23351,2
23351,1
20715,2
20715,1
17570,2
17570,1
17571,2
17571,1
136681,2
136681,1
249685,2
249685,1
17573,2
17573,1
113711,2
113711,1
20717,2
20717,1
53961,2
53961,1
238564,2
238564,1
238568,2
238568,1
238556,2
238556,1
322298,2
322298,1
17582,2
17582,1
328896,2
328896,1
83382,2
83382,1
171487,2
171487,1
23377,2
23377,1
20308,2
20308,1
238569,2
238569,1
17595,2
17595,1
25064,2
25064,1
56089,2
56089,1
385590,2
385590,1
95322,2
95322,1
329080,2
329080,1
17606,2
17606,1
354869,2
354869,1
354868,2
354868,1
43516,2
43516,1
20333,1
17609,2
17609,1
369939,1
88670,2
88670,1
17610,2
17610,1
387163,2
387163,1
17612,2
17612,1
54063,2
54063,1
72281,2
72281,1
515468,1
525141,1
515481,1
124549,2
124549,1
258566,2
258566,1
82984,2
82984,1
258567,2
258567,1
323856,2
323856,1
17726,2
17726,1
323855,2
323855,1
100221,2
100221,1
55652,2
55652,1
51662,2
51662,1
141262,1
383452,1
103952,1
133873,1
328901,1
91737,1
280782,2
280782,1
17794,1
87137,1
17795,1
115586,1
17798,1
113783,2
113783,1
181920,2
181920,1
231724,2
231724,1
75792,1
526191,1
75039,1
54141,1
17850,1
52430,1
177966,2
177966,1
376729,2
376729,1
17970,1
17969,1
24097,1
120549,2
120549,1
17999,2
17999,1
166033,2
166033,1
194153,2
194153,1
363375,2
363375,1
283842,2
283842,1
18001,2
18001,1
379177,2
379177,1
78410,2
78410,1
97090,2
97090,1
511104,2
511104,1
56556,2
56556,1
84176,2
331750,2
331750,1
90853,2
90853,1
18007,2
57475,2
57475,1
57476,2
57476,1
331753,2
331753,1
95998,2
95998,1
105994,2
105994,1
521407,2
521407,1
56503,2
56503,1
352019,2
352019,1
89667,2
89667,1
84979,2
99126,2
99126,1
98202,2
98202,1
92969,2
92969,1
331752,2
331752,1
521469,2
521469,1
345611,2
18025,2
93746,2
93746,1
340960,2
340960,1
161287,1
501694,1
18042,1
170161,1
334514,1
374005,1
19630,1
136269,1
138594,2
138594,1
331904,1
63457,2
63457,1
77166,2
77166,1
331765,2
331765,1
18131,2
18131,1
78230,2
78230,1
64199,2
64199,1
220797,2
220797,1
59180,2
59180,1
225708,2
225708,1
78520,2
78520,1
60960,2
60960,1
90085,2
90085,1
96463,2
96463,1
18157,1
96265,2
96265,1
227054,2
227054,1
103379,1
84774,2
84774,1
298507,1
25788,2
25788,1
89917,1
18170,1
69411,1
57316,1
115837,1
99151,1
322173,1
18223,1
323175,1
187671,1
102387,1
75377,1
305943,1
332368,1
78021,1
115836,1
18224,1
349993,1
18225,1
374006,1
51734,1
52502,1
251955,1
327963,1
131975,1
245757,1
326305,1
332184,1
83664,1
296670,1
18230,1
96290,1
290692,1
500201,1
22341,1
290135,1
66942,1
18234,1
115838,1
18235,1
179562,1
25855,1
308267,1
18236,1
245639,1
323212,1
18239,1
332183,1
95031,1
46186,1
89065,1
139904,1
18245,1
82635,1
208794,1
18238,1
331116,1
92313,1
93218,1
96599,1
94300,1
332177,1
524298,1
22638,1
373844,1
330002,1
18291,1
120575,1
326903,1
182559,1
227929,1
111432,1
121849,1
305874,1
137722,2
137722,1
18327,1
18443,2
18443,1
171360,1
331911,1
18463,1
95190,1
18473,1
20927,1
382682,2
382682,1
332197,2
332197,1
332190,2
332190,1
500167,2
500167,1
156665,2
156665,1
323224,2
323224,1
323230,2
323230,1
18586,2
18586,1
96715,2
96715,1
51798,2
51798,1
164598,2
164598,1
192898,2
192898,1
343760,2
343760,1
323240,2
323240,1
94715,2
94715,1
217903,2
217903,1
21508,2
21508,1
329033,2
329033,1
18596,2
18596,1
323247,2
323247,1
18605,1
351646,1
383454,1
268898,1
349989,1
19070,1
301019,2
301019,1
196548,2
196548,1
68706,1
298950,1
132160,1
182647,1
522674,1
75341,1
323306,1
535606,1
329931,1
19206,1
297901,1
350629,1
299756,1
53967,2
53967,1
283712,2
283712,1
90186,2
90186,1
253670,2
253670,1
265880,1
318335,1
318336,1
318416,1
1,1
138970,1
25328,1
137191,1
192962,1
219615,1
219616,1
75982,1
4,1
139826,1
329112,1
138980,1
302861,1
378494,1
116005,1
336408,1
318415,1
176688,1
370045,1
92408,1
189357,1
176687,1
189358,1
342440,1
112841,1
363867,1
307583,1
338009,1
110230,1
337027,1
150776,1
297695,1
314382,1
521097,1
521754,1
521476,1
521806,1
64337,1
523869,1
96120,1
25995,1
25997,1
385566,1
334632,1
99764,1
299321,1
124617,1
146054,1
303970,1
97476,1
345618,1
102489,1
145999,1
102877,1
99375,1
146391,1
276402,1
50694,1
299322,1
89612,1
523644,1
94010,1
26006,1
345624,1
254431,1
334643,1
231032,1
319953,1
303973,1
71373,1
184899,1
323397,1
334637,1
162024,1
202288,1
87,1
63392,1
95797,1
90286,1
25976,1
93283,1
182254,1
91091,1
95673,1
90,1
77808,1
184934,1
84362,1
104,1
180579,1
248654,1
119599,1
180991,1
90150,1
184962,1
26012,1
184970,1
184971,1
120518,1
184974,1
325323,1
67987,1
184988,1
137,1
138,2
138,1
184994,1
26032,1
119073,1
334237,1
503303,2
503303,1
502766,2
502766,1
26038,1
281568,1
204370,1
197651,1
334697,1
152398,1
185071,1
193,1
76175,2
76175,1
270868,2
270868,1
26059,1
329287,2
329287,1
134609,1
74539,1
269427,1
114144,1
366869,1
74161,1
50818,1
116246,1
227,1
80236,1
156632,1
46878,1
52826,1
86481,1
196210,1
74748,1
47997,1
517721,1
83670,1
517660,1
241717,1
80644,1
299455,1
209978,1
327445,1
222421,1
64080,1
197669,1
517666,1
170384,1
180663,1
517705,1
501522,1
307444,1
196217,1
124214,1
315795,1
343765,1
520954,1
210409,1
117420,1
181350,1
124213,1
209977,1
196224,1
55198,1
95977,1
209955,1
210410,1
307445,1
51096,1
194876,1
181353,1
86628,1
75656,1
74992,1
91580,1
517415,1
300947,1
357370,1
64981,1
84386,1
194990,1
56762,1
222262,1
307990,1
366972,1
335442,1
366973,1
99319,1
517420,1
517276,1
382866,1
517387,1
47342,1
56763,1
269152,1
517425,1
114941,1
48740,1
366994,1
81067,1
517434,1
517989,1
517436,1
81792,1
66647,1
77146,1
99414,1
84880,1
181365,1
367029,1
85888,1
197521,1
238669,2
238669,1
517531,1
206486,1
89272,1
149374,1
109523,1
73331,1
197679,1
69083,1
131412,1
206657,1
238503,1
367051,1
102087,1
53727,1
114943,1
68446,1
135016,1
104659,1
324499,1
57864,1
89375,1
343377,1
194999,1
521450,1
521091,1
348412,1
194979,1
46266,1
529596,1
180664,1
367085,1
153800,1
518112,1
43578,1
298491,1
67818,1
196755,1
195001,1
236946,1
269447,1
517745,1
520694,1
26148,1
74232,1
517715,1
517423,1
375062,1
231040,1
210447,1
76857,1
76759,1
502756,2
502756,1
185050,1
301674,1
301675,1
144454,1
517665,2
517665,1
26628,1
84481,1
70362,2
70362,1
359,2
359,1
120861,2
120861,1
89046,2
89046,1
171672,1
83905,1
84989,1
185360,1
232463,1
66609,1
269475,1
139845,1
113688,1
136523,1
77998,1
99755,1
305531,1
139844,1
305530,1
413,1
345658,1
190776,1
306028,1
416,1
306026,1
306027,1
98708,2
98708,1
143604,2
143604,1
195629,2
195629,1
445,1
226515,1
79231,2
79231,1
148134,2
148134,1
446,2
446,1
207492,2
207492,1
98347,2
98347,1
82294,1
185506,1
477,1
59419,1
26303,1
487,1
106038,1
522170,1
314082,1
314083,1
304567,1
521353,1
521912,1
522172,1
522173,1
521808,1
521271,1
520983,1
372634,1
376522,1
518742,1
385399,1
520862,1
367850,1
296292,1
498,1
83034,1
115631,1
379210,1
185690,1
185699,1
185691,1
500,1
501,1
117880,1
363550,1
168381,1
502,1
87203,1
185698,1
157560,1
359538,1
54654,1
189966,1
168382,1
508,1
114287,1
521606,1
185709,1
511,1
376425,1
517073,1
520413,1
375209,1
185771,1
400084,1
546,1
26315,1
185787,1
593,2
136010,2
149095,1
388019,1
283807,1
372381,2
372381,1
372370,2
372370,1
179326,1
139918,1
63945,1
194892,1
269556,2
269556,1
19714,1
334797,2
334797,1
84677,2
84677,1
60161,1
694,1
698,1
218823,1
218754,1
218822,1
258727,1
318725,1
304057,1
176630,1
155071,1
185980,1
26443,2
26443,1
126923,2
126923,1
747,2
747,1
118759,2
118759,1
118760,2
118760,1
124396,2
124396,1
118762,1
748,2
748,1
372805,1
103526,1
359540,1
909,2
909,1
297874,1
524624,1
182464,1
388779,1
190972,1
516721,1
318295,1
316781,1
186358,1
96161,1
47871,1
249001,1
186414,1
923,1
924,1
186415,1
51706,1
932,1
934,1
79616,1
186420,1
954,1
186422,1
186423,1
170647,1
957,1
58482,1
186424,1
186425,1
135837,1
970,1
971,1
975,1
976,1
980,1
981,1
156167,1
186431,1
973,1
501411,1
131619,1
321685,1
73635,1
284648,1
990,1
267966,1
68521,2
68521,1
63092,1
175531,1
58960,1
88155,1
26593,1
186640,1
154903,2
154903,1
186659,2
186659,1
1063,2
1063,1
186677,2
186677,1
186682,2
186682,1
128258,2
128258,1
186680,2
186680,1
186688,1
111325,2
111325,1
1070,2
1070,1
186692,2
186692,1
1071,2
1071,1
186714,1
236024,1
188057,1
69365,1
156203,2
156203,1
44699,2
44699,1
192967,2
192967,1
133125,1
66351,1
188073,1
329664,1
329663,1
188072,1
114758,1
188075,2
188075,1
80553,1
62872,1
222505,1
188076,2
188076,1
74858,2
74858,1
188079,2
188079,1
188080,2
188080,1
188082,2
188082,1
52913,1
188086,2
188086,1
89323,1
188087,1
26134,1
523366,1
218282,1
330929,2
330929,1
156214,2
156214,1
234064,2
234064,1
188234,1
115552,1
308605,1
97744,1
105667,1
99711,1
188242,1
1185,2
1185,1
1186,1
1192,1
188324,2
188324,1
188352,2
188352,1
1284,1
1293,1
1317,2
1317,1
382955,2
382955,1
165272,2
165272,1
188524,2
188524,1
27624,2
27624,1
400218,2
400218,1
26745,2
26745,1
1358,1
188644,1
353713,1
1361,1
26768,1
113924,1
244635,1
1386,2
1386,1
25289,1
188768,1
188769,1
1395,1
283643,1
81387,1
61123,1
117923,1
115050,1
77999,1
318222,1
1448,1
1449,1
192458,1
88374,1
188864,1
188871,1
27280,1
526099,1
94003,1
83125,1
525411,1
23940,1
1492,1
363913,1
30319,1
156323,1
189072,1
27046,1
164160,1
1545,1
1548,1
1556,1
52944,1
1559,1
389089,1
189089,1
108361,1
19867,1
189090,1
1581,1
27050,1
1577,1
1580,1
20706,1
1583,1
1586,1
84281,1
27108,2
27108,1
180497,2
180497,1
27097,2
27097,1
189119,2
189119,1
189120,2
189120,1
93843,2
93843,1
503972,2
27055,2
222566,2
222566,1
189121,2
189121,1
28161,2
189124,2
189124,1
143025,2
143025,1
189128,2
189128,1
513777,2
513777,1
504417,2
504417,1
99839,2
28160,2
513778,2
513778,1
189132,2
189132,1
189133,2
189133,1
1597,2
1597,1
98199,2
98199,1
222569,2
222569,1
103842,2
103842,1
112690,2
112690,1
328663,2
328663,1
175135,2
175135,1
96568,2
96568,1
50992,2
50992,1
1600,2
1600,1
314700,2
314700,1
24286,2
24286,1
104652,2
104652,1
272192,2
272192,1
194733,2
194733,1
98354,2
98354,1
189162,2
189162,1
189165,2
189165,1
115404,2
115404,1
27114,2
27114,1
196494,2
196494,1
145010,2
145010,1
66652,2
66652,1
1610,2
1610,1
189168,2
189168,1
189169,2
189169,1
281658,2
281658,1
43102,2
43102,1
204387,2
204387,1
196488,2
196488,1
182664,2
182664,1
93705,2
93705,1
189173,1
1612,1
166600,1
92327,2
92327,1
1623,2
1623,1
1624,2
1624,1
45986,2
45986,1
1628,2
1628,1
43299,2
43299,1
127453,2
127453,1
90659,2
90659,1
189232,2
189232,1
75996,2
75996,1
90705,2
90705,1
189344,2
189344,1
1667,2
1667,1
189345,2
189345,1
1668,2
1668,1
189346,2
189346,1
27153,1
189350,2
189350,1
94191,1
1670,1
61752,2
61752,1
27158,1
82171,1
46857,1
27162,2
27162,1
1671,1
70390,1
189361,2
189361,1
27167,1
331981,1
86972,2
86972,1
27169,2
27169,1
189363,1
97602,1
22727,1
27173,1
86973,2
86973,1
26073,1
1675,1
189377,2
189377,1
189379,1
278281,2
278281,1
269531,1
239707,1
1700,2
1700,1
71077,2
71077,1
27189,2
27189,1
75385,2
75385,1
41246,2
41246,1
52127,2
52127,1
189463,2
189463,1
27192,2
27192,1
189476,1
189479,1
189480,1
189486,2
189486,1
189492,1
189515,1
189516,1
189517,2
189517,1
189553,1
189581,1
189585,1
189586,2
189586,1
189589,1
168453,1
190726,1
241598,1
1721,1
370498,1
370499,1
304006,1
372872,1
378563,1
1723,1
245528,1
189676,1
189606,1
87597,1
189709,1
189713,1
1728,1
380722,1
291477,1
25910,2
25910,1
27207,1
113933,1
148137,1
27210,1
25929,1
25915,1
105619,1
100918,1
1731,1
189759,1
189610,1
289026,1
245527,1
138204,1
269567,1
373766,1
50479,1
47428,1
55049,1
152631,1
239301,1
378945,1
1790,1
183721,1
513781,1
43874,1
182576,1
182577,1
267550,1
182578,1
281807,1
205678,1
226573,1
1897,1
128361,1
215070,1
270268,1
299424,1
94344,1
60870,1
336925,1
359947,1
104023,1
25930,1
100922,1
194974,1
99458,1
281273,1
114417,1
27552,1
278108,1
267548,1
189714,1
182575,1
344051,1
271376,1
344846,1
120314,1
228394,1
271377,1
285326,1
227943,1
227787,1
198571,1
350687,1
203711,1
195289,1
288003,1
168821,1
27565,1
1902,2
1902,1
1903,1
98880,2
98880,1
90873,2
90873,1
222680,2
222680,1
1917,2
1917,1
182546,2
182546,1
137012,2
137012,1
55848,2
55848,1
63776,2
63776,1
131947,2
131947,1
125055,2
125055,1
206871,2
206871,1
182053,2
182053,1
213963,2
213963,1
194267,2
194267,1
151768,1
151767,1
150967,1
153906,1
152508,1
329318,1
331939,1
328127,1
328129,1
187277,1
331835,1
331944,1
329359,1
328144,1
331833,1
328171,1
530722,1
178257,1
114291,1
331987,2
331987,1
332142,2
332142,1
137249,2
137249,1
239025,1
20264,2
20264,1
20513,2
20513,1
344786,1
203074,1
203872,1
1992,1
142290,1
1995,1
346718,1
317543,1
2009,1
27695,1
228138,1
148474,1
63105,1
274765,1
2026,1
203641,1
203732,1
2069,1
203749,1
203752,1
133978,1
88908,2
88908,1
27835,2
27835,1
27787,2
27787,1
2080,2
2080,1
333263,2
333263,1
333264,2
333264,1
2081,2
2081,1
81261,2
81261,1
27843,2
27843,1
242609,2
242609,1
287699,2
287699,1
203824,2
203824,1
203825,2
203825,1
2084,2
121684,2
121684,1
92918,2
92918,1
68984,2
68984,1
27809,2
27809,1
53397,1
2091,2
2091,1
84075,2
84075,1
91396,2
91396,1
2093,2
2093,1
232559,2
232559,1
2094,2
2094,1
27767,2
27767,1
203833,2
203833,1
219621,2
219621,1
2101,2
2101,1
2104,1
209418,2
209418,1
129568,1
314959,2
314959,1
203838,2
203838,1
49984,2
49984,1
2110,2
2110,1
523042,1
523000,1
59225,2
59225,1
29181,2
29181,1
27777,2
27777,1
92891,2
92891,1
95164,2
95164,1
203779,2
203779,1
203841,2
203841,1
236252,1
2121,2
2121,1
27783,2
27783,1
2128,1
203796,1
2130,2
2130,1
2132,2
2132,1
2138,2
2138,1
57998,2
57998,1
203845,1
81567,2
81567,1
27840,2
27840,1
174281,2
174281,1
321970,2
321970,1
272775,2
272775,1
203848,2
203848,1
203851,2
203851,1
287937,1
203852,2
203852,1
285749,1
27808,2
27808,1
2183,2
2183,1
192071,2
192071,1
99053,2
99053,1
142493,2
142493,1
72244,2
72244,1
521342,2
521342,1
274976,2
274976,1
240914,2
240914,1
298439,2
298439,1
380727,2
380727,1
29184,2
29184,1
239030,2
239030,1
240498,2
240498,1
182902,2
182902,1
301684,2
301684,1
81367,2
81367,1
65629,2
65629,1
76139,2
76139,1
74862,2
74862,1
222724,2
222724,1
364854,2
364854,1
89179,2
89179,1
56582,2
56582,1
240951,2
240951,1
366407,2
366407,1
240974,2
240974,1
357469,2
357469,1
275605,2
275605,1
67278,2
67278,1
110417,2
110417,1
301688,2
301688,1
222726,2
222726,1
316789,2
316789,1
240961,2
240961,1
240976,2
240976,1
366409,2
366409,1
94975,2
94975,1
217801,2
217801,1
379255,2
379255,1
379299,2
379299,1
276435,2
276435,1
53521,2
53521,1
58070,2
58070,1
380728,2
380728,1
521099,2
521099,1
115555,2
115555,1
364890,2
364890,1
301685,2
301685,1
301689,2
301689,1
99268,2
99268,1
92715,2
92715,1
384866,2
384866,1
47996,2
47996,1
27814,2
27814,1
42519,2
42519,1
73387,2
73387,1
72893,2
72893,1
54949,2
54949,1
54950,2
54950,1
271017,2
271017,1
240910,2
240910,1
369177,1
203862,2
203862,1
291153,2
291153,1
21666,2
21666,1
2194,2
2194,1
23277,2
23277,1
2196,2
2196,1
85926,2
85926,1
93409,2
93409,1
90366,1
203788,2
203788,1
91562,2
91562,1
94169,2
94169,1
77074,2
77074,1
171092,2
171092,1
53607,2
53607,1
112604,2
112604,1
99217,2
99217,1
203808,2
203808,1
142567,2
142567,1
51665,2
51665,1
115553,2
115553,1
91187,2
91187,1
100082,1
60811,1
332150,1
354374,1
2224,2
2224,1
130462,1
27870,1
95269,2
95269,1
255437,2
255437,1
75942,2
75942,1
135024,2
135024,1
204009,2
204009,1
204047,1
204053,1
204055,1
204059,1
204061,1
204083,1
204098,1
204108,1
204115,1
2301,1
99567,1
204177,1
528747,2
528747,1
513791,2
513791,1
513797,2
513797,1
204199,2
204199,1
204324,2
204324,1
296496,1
115370,1
247063,2
247063,1
523282,1
169912,1
2317,2
2317,1
2320,2
2320,1
126880,1
218511,1
229943,1
243358,1
378100,1
24116,1
233345,1
204547,1
204565,1
2355,1
116862,1
54243,1
57902,1
139794,1
85766,1
213748,1
91850,1
97016,1
104068,1
222758,2
222758,1
236856,1
50219,1
86133,2
86133,1
190982,1
80811,1
65314,2
65314,1
222759,2
222759,1
171731,2
171731,1
171732,2
171732,1
60324,2
60324,1
523671,1
205527,1
204832,1
28011,1
2386,1
204833,1
28016,1
2391,1
204981,1
205052,1
205092,1
381920,1
381937,1
218537,1
383945,1
82284,1
67306,1
67307,1
143095,1
79128,1
219089,1
195744,1
105709,1
351797,1
324715,1
324683,1
152590,1
195738,1
253214,1
381953,1
108397,1
335587,1
525057,1
2437,1
46614,1
524972,1
145493,2
145493,1
189912,2
189912,1
232988,1
232989,2
232989,1
263231,2
263231,1
92877,1
377231,2
377231,1
320170,2
320170,1
124399,2
124399,1
285986,2
285986,1
99087,1
351726,2
351726,1
331098,2
331098,1
300954,2
300954,1
20042,1
70609,2
70609,1
2443,1
344880,1
2447,1
2448,2
2448,1
184170,2
184170,1
99262,2
99262,1
52474,2
52474,1
98768,2
98768,1
515177,1
284390,2
284390,1
28047,2
28047,1
75470,2
75470,1
290890,2
290890,1
74569,2
74569,1
70962,2
70962,1
98219,2
98219,1
278739,2
278739,1
518560,2
518560,1
96918,2
96918,1
98769,1
220530,2
220530,1
28052,2
28052,1
131105,2
131105,1
96033,2
96033,1
75471,2
75471,1
387408,2
387408,1
273656,2
273656,1
227035,2
227035,1
330055,2
330055,1
243507,2
243507,1
222765,2
222765,1
308645,2
308645,1
124262,2
124262,1
196843,2
196843,1
277206,2
277206,1
91046,2
91046,1
184171,1
222766,1
291730,2
291730,1
80086,2
80086,1
80087,2
80087,1
51708,2
51708,1
55659,2
55659,1
175592,2
175592,1
98946,1
61498,2
61498,1
184172,2
184172,1
239032,2
239032,1
96809,2
96809,1
125056,2
125056,1
375024,1
83287,2
83287,1
162305,2
162305,1
279610,2
279610,1
83288,2
83288,1
380430,2
380430,1
277231,2
277231,1
139078,2
139078,1
522121,1
522553,1
342384,1
351728,1
308610,2
308610,1
83008,2
83008,1
364679,2
364679,1
85396,2
85396,1
68780,2
68780,1
91047,2
91047,1
135419,2
135419,1
357470,1
94740,2
94740,1
176462,2
176462,1
351729,1
357426,1
350985,1
308085,2
308085,1
522389,1
294461,2
294461,1
305878,1
308611,2
308611,1
364680,2
364680,1
515176,1
519020,2
519020,1
241721,2
241721,1
89225,2
89225,1
176461,1
176469,2
176469,1
303456,2
303456,1
139079,2
139079,1
74568,2
74568,1
96586,1
28083,2
28083,1
232987,1
131452,1
94212,1
2452,1
2453,1
62129,1
239602,2
239602,1
2454,2
2454,1
21296,2
21296,1
2455,1
521367,1
82412,2
82412,1
27267,1
176922,1
191076,2
191076,1
205266,1
2456,1
91107,1
2459,1
70403,1
70404,1
360783,1
20124,1
50337,1
205267,2
205267,1
522183,1
145079,1
336961,2
336961,1
91799,2
91799,1
297894,2
297894,1
89656,2
89656,1
2555,1
222770,2
222770,1
180087,2
180087,1
243167,2
243167,1
52375,2
52375,1
87165,2
87165,1
2571,2
2571,1
104818,2
104818,1
197749,2
197749,1
220419,2
220419,1
227036,2
227036,1
79713,2
79713,1
231437,2
231437,1
226403,2
226403,1
98879,2
98879,1
64153,2
64153,1
90299,2
90299,1
87524,2
87524,1
28134,2
28134,1
66577,2
66577,1
96431,2
96431,1
139080,2
139080,1
44882,2
44882,1
57393,2
57393,1
513884,2
513884,1
97084,2
97084,1
77743,2
77743,1
99372,2
99372,1
28141,2
28141,1
139081,2
139081,1
205410,1
368943,1
508304,1
288344,1
310436,1
28245,1
354320,1
357471,1
63186,1
42712,1
2628,1
2631,1
78452,1
90958,1
62289,1
361700,1
122039,1
169303,1
206000,1
2643,1
2663,1
206136,1
78558,1
206141,1
206148,1
43929,1
23425,2
23425,1
206195,1
2673,1
206196,1
124198,1
524946,1
524873,1
525838,1
192969,1
21742,2
21742,1
99513,1
517430,1
517394,1
91375,1
2679,2
2679,1
167963,1
2680,1
206220,1
28270,1
2681,1
93515,2
93515,1
197723,1
322280,2
322280,1
176313,2
176313,1
58815,1
2685,1
206265,1
297062,1
513888,1
206266,1
198324,1
96648,1
53191,1
47071,1
139082,1
380580,1
513887,1
299484,1
80005,1
382514,1
178517,1
109137,1
69781,1
94177,1
254791,1
56977,1
2696,1
203415,1
54323,1
239734,1
2282,2
2282,1
505081,1
505080,1
505078,1
28274,1
2695,1
174911,2
174911,1
105010,1
28275,1
94419,1
54865,1
170870,1
2697,1
29685,2
29685,1
97677,2
97677,1
96470,2
96470,1
92974,2
92974,1
87952,2
87952,1
112721,2
112721,1
110842,2
110842,1
90338,2
90338,1
100319,2
100319,1
110999,2
110999,1
345411,2
345411,1
30045,2
30045,1
92106,2
92106,1
96905,2
96905,1
89247,2
89247,1
91376,2
91376,1
98961,2
98961,1
89128,2
89128,1
28291,2
28291,1
97203,2
97203,1
94178,2
94178,1
99398,2
99398,1
91351,2
91351,1
89036,2
89036,1
91697,2
91697,1
109722,2
109722,1
92056,2
92056,1
75906,2
75906,1
95984,2
95984,1
29733,2
29733,1
29744,2
29744,1
98648,2
98648,1
28318,2
28318,1
61444,2
61444,1
94244,2
94244,1
97680,2
97680,1
96471,2
96471,1
90648,2
90648,1
30083,2
30083,1
29766,2
29766,1
28306,2
28306,1
95635,2
95635,1
96826,2
96826,1
89884,2
89884,1
97561,2
97561,1
28307,1
98128,2
98128,1
29792,2
29792,1
97522,2
97522,1
86664,2
86664,1
28314,2
28314,1
368908,2
368908,1
29802,2
29802,1
95263,2
95263,1
90388,2
90388,1
92391,2
92391,1
93716,2
93716,1
91122,2
91122,1
368553,2
368553,1
98757,2
98757,1
345412,2
345412,1
112723,2
112723,1
98758,2
98758,1
111549,2
111549,1
91744,1
95226,2
95226,1
96227,2
96227,1
28316,2
28316,1
92039,2
92039,1
98504,2
98504,1
93303,2
93303,1
218394,2
218394,1
29828,2
29828,1
92957,2
92957,1
174534,2
174534,1
93325,2
93325,1
322289,2
322289,1
98156,2
98156,1
92777,2
92777,1
90611,2
90611,1
91508,2
91508,1
30119,2
30119,1
47714,2
47714,1
94350,2
94350,1
368349,2
368349,1
94483,2
94483,1
97432,2
97432,1
30125,2
30125,1
95685,2
95685,1
91433,2
91433,1
58616,2
58616,1
99577,2
99577,1
92347,2
92347,1
291738,2
291738,1
97857,2
97857,1
94803,2
94803,1
111151,2
111151,1
333301,2
333301,1
30145,2
30145,1
65207,2
65207,1
99382,2
99382,1
87096,2
87096,1
99237,2
99237,1
92878,2
92878,1
30157,2
30157,1
100058,2
100058,1
96200,2
96200,1
99932,2
99932,1
90322,2
90322,1
83368,2
83368,1
90894,2
90894,1
95926,2
95926,1
97532,2
97532,1
96808,2
96808,1
98680,2
98680,1
89504,2
89504,1
92182,2
92182,1
97286,2
97286,1
89955,2
89955,1
98192,2
98192,1
90779,2
90779,1
91932,2
91932,1
91266,2
91266,1
98545,2
98545,1
90121,2
90121,1
171379,2
171379,1
98894,2
98894,1
94822,2
94822,1
171377,2
171377,1
90729,2
90729,1
89601,2
89601,1
98949,2
98949,1
96385,2
96385,1
30227,2
30227,1
358894,1
352540,1
226888,1
139686,1
2817,1
202623,1
373699,1
239414,1
206423,1
325488,1
228668,1
335098,1
179754,1
129356,1
528972,1
136536,1
507793,1
334721,1
507794,1
28323,1
280047,1
337616,1
336498,1
387456,1
325804,1
387459,1
167286,1
94548,1
150837,1
194720,1
387462,1
54671,1
102656,1
114217,1
139719,1
44903,1
154974,1
164222,1
157378,1
369154,1
254012,1
28745,1
503786,1
44017,1
329666,1
154906,1
46620,1
44018,1
124530,1
97959,1
331252,1
207058,1
207480,1
170043,1
525135,1
300891,1
299323,1
515555,1
89750,1
3061,1
3063,1
256939,1
3146,2
3146,1
170248,1
90302,1
92602,1
93279,1
101641,1
102023,1
97161,1
176078,1
93792,1
360956,2
360956,1
261104,1
288093,1
526321,2
526321,1
353061,1
228991,2
228991,1
285371,1
89405,1
352587,1
360529,2
360529,1
164032,1
258486,1
350942,1
524629,2
524629,1
285910,1
3162,2
3162,1
67477,2
67477,1
97470,1
92424,1
28863,1
330982,2
330982,1
120392,2
120392,1
208495,2
208495,1
106456,2
106456,1
383003,2
383003,1
401072,2
401072,1
258770,2
258770,1
330999,2
330999,1
3213,2
3213,1
20247,2
20247,1
23489,1
3215,2
3215,1
165273,2
165273,1
3220,2
3220,1
119482,2
119482,1
3223,2
3223,1
3224,2
3224,1
31605,2
31605,1
3226,1
208934,2
208934,1
401651,1
258896,2
258896,1
257862,2
257862,1
85906,1
91791,1
95792,1
95844,1
63246,1
96855,1
91792,1
95793,1
3249,1
322732,1
90952,1
52951,1
298095,1
270934,1
270935,1
322740,1
276207,1
275600,1
322744,1
99013,1
91343,1
197738,1
95971,1
236885,1
300057,1
95105,1
57322,1
28921,1
271054,1
271198,1
140503,1
322758,1
154907,1
272917,1
28922,1
222937,1
3253,1
3261,1
98762,1
227622,1
3262,1
92029,1
236875,1
217944,1
28896,1
96813,1
236882,1
3278,1
271154,1
353922,1
64302,1
274981,1
93532,1
214091,1
202282,1
271053,1
271173,1
208592,1
94754,1
269354,1
69338,1
70553,1
46202,1
99363,1
52985,1
133008,2
133008,1
329633,2
329633,1
96259,2
96259,1
94796,2
94796,1
208619,2
208619,1
3312,1
3381,2
3381,1
209185,1
209208,1
209209,1
209222,1
3396,2
3396,1
142413,2
142413,1
3411,2
3411,1
337162,2
337162,1
104459,2
104459,1
334727,2
334727,1
379211,2
379211,1
282176,2
282176,1
319867,2
319867,1
324617,2
324617,1
285375,2
285375,1
209558,1
209616,1
209778,1
3448,1
91344,1
3453,1
3454,1
209836,1
209844,1
3457,1
209847,1
153283,1
96562,1
153285,1
255924,2
255924,1
222953,2
222953,1
343768,2
343768,1
151702,2
151702,1
117133,2
117133,1
191490,2
191490,1
178005,2
178005,1
209917,2
209917,1
3461,2
3461,1
342481,2
342481,1
205680,2
205680,1
124684,2
124684,1
124686,2
124686,1
344974,1
49129,2
49129,1
3462,2
3462,1
291605,2
291605,1
92001,2
92001,1
100040,2
100040,1
62075,2
62075,1
209916,2
209916,1
237042,2
237042,1
74760,2
74760,1
3463,2
3463,1
364906,2
364906,1
43960,2
43960,1
335509,2
335509,1
114775,2
114775,1
29022,2
29022,1
96642,2
96642,1
298704,2
298704,1
270936,2
270936,1
29024,2
29024,1
270937,2
270937,1
115416,2
115416,1
364904,2
364904,1
300927,2
300927,1
54394,2
54394,1
99751,1
302852,2
302852,1
124131,1
352792,2
352792,1
92439,2
92439,1
302853,2
302853,1
96643,2
96643,1
96661,2
96661,1
125057,2
125057,1
300346,2
300346,1
364905,2
364905,1
364907,2
364907,1
181330,2
181330,1
113690,2
113690,1
95348,2
95348,1
29042,2
29042,1
79953,2
79953,1
98439,2
98439,1
77907,2
77907,1
93509,2
93509,1
89673,2
89673,1
380243,2
380243,1
73789,2
73789,1
96701,2
96701,1
83887,2
83887,1
90248,1
155175,2
155175,1
97837,1
194413,2
194413,1
102477,2
102477,1
300436,1
91977,1
154370,2
154370,1
81103,2
81103,1
89965,2
89965,1
29064,2
29064,1
155176,2
155176,1
357133,1
530735,2
530735,1
530670,2
530670,1
298423,2
298423,1
77511,2
77511,1
65074,2
65074,1
74953,2
74953,1
29099,2
29099,1
29104,2
29104,1
3498,2
3498,1
79957,2
79957,1
177980,2
177980,1
3564,2
3564,1
91591,2
91591,1
150773,2
150773,1
99472,2
99472,1
91400,2
91400,1
70610,2
70610,1
348476,2
348476,1
522052,2
522052,1
68093,2
68093,1
3623,2
3623,1
77684,1
334728,1
220105,2
220105,1
249915,1
284970,2
284970,1
209263,2
209263,1
3669,2
3669,1
331113,2
331113,1
94746,2
94746,1
126790,1
105679,2
105679,1
124709,2
124709,1
105680,1
69422,1
76646,1
121848,1
210090,2
210090,1
3696,2
3696,1
3698,2
3698,1
210136,1
143455,2
143455,1
161913,1
210431,1
210481,1
331989,1
46649,1
72103,2
72103,1
29227,2
29227,1
23694,2
23694,1
3758,1
353522,1
157658,1
3761,1
191491,1
312670,1
91043,1
67933,1
256183,1
187784,1
210602,1
383622,1
350190,1
320198,1
516569,1
369920,1
350943,1
312592,1
350373,1
350374,1
29238,1
29322,1
3797,1
3798,1
170579,1
56764,1
212819,1
29245,1
212831,2
212831,1
212835,1
212837,2
212837,1
212811,1
3855,1
212854,1
184234,1
184235,1
49852,1
89380,1
191787,1
161721,1
95979,1
29375,1
136109,1
97693,1
184241,1
222996,1
110256,1
109627,1
29380,1
528712,1
194716,1
214377,1
3862,1
222997,1
93424,1
29342,1
523768,1
523769,1
22582,1
193362,1
212858,1
86603,1
89094,1
101083,1
500143,1
212890,1
303277,2
303277,1
139126,2
139126,1
298076,1
64614,1
194249,1
100349,1
3871,1
43181,1
523765,1
523759,1
3872,1
212862,1
523752,1
114557,1
197725,1
193368,1
91845,1
22581,1
75163,1
523754,1
120427,1
47933,1
51441,1
153317,1
322936,1
89899,1
139129,1
138558,1
523755,1
92784,1
212859,1
164814,1
256206,1
99333,1
89379,1
165790,1
93425,1
97020,1
120405,1
92494,1
301031,1
196404,1
298440,1
523783,1
258383,1
105358,1
3876,1
97954,1
97261,1
90960,1
98132,1
212897,1
523762,1
523787,1
212901,1
170122,1
287135,1
70347,1
151150,1
157902,1
320544,1
320579,1
121607,1
129222,1
212950,1
526134,1
139130,1
94237,1
212974,1
105707,1
320455,1
320500,1
202585,1
370849,1
320549,1
102966,1
320548,1
126429,1
69317,1
136486,1
102624,1
3906,1
3908,1
3910,1
3911,1
166106,1
119774,2
119774,1
120350,2
120350,1
250348,1
522866,2
522866,1
370726,2
370726,1
104709,2
104709,1
523959,1
523974,1
523979,1
387071,1
275658,1
11672,1
166142,1
258957,1
371048,1
372372,2
372372,1
372382,2
372382,1
84462,1
163714,2
163714,1
258784,2
258784,1
357872,1
120367,2
120367,1
372541,1
372492,1
169835,2
169835,1
64808,2
64808,1
99428,1
90160,1
87642,1
91570,1
99241,1
33355,2
33355,1
223625,2
223625,1
506531,1
506746,1
330859,2
332265,2
328185,2
328185,1
334182,1
206630,2
180635,1
30556,1
368049,1
275773,1
275774,1
368048,1
29390,1
187785,1
182412,1
99423,1
81900,1
66731,1
116675,1
280622,1
330986,2
330986,1
332092,2
332092,1
331946,2
331946,1
364617,1
208521,1
378296,1
320245,1
400634,1
204918,1
120371,1
2394,1
310077,1
310079,1
400399,1
204908,1
400380,1
120349,1
400361,1
310078,1
189417,1
162643,1
206739,1
19209,1
289698,1
387433,1
332231,1
85612,1
234998,1
19203,1
91139,1
62997,1
114274,1
100268,1
20721,1
19195,2
19195,1
286023,2
286023,1
368966,1
60961,1
312276,1
89813,1
19190,1
288161,2
288161,1
19186,1
225849,1
329111,1
31351,1
31350,1
195035,2
195035,1
19177,2
19177,1
45845,2
45845,1
195034,2
195034,1
23329,2
23329,1
102827,2
102827,1
20495,2
20495,1
306822,2
306822,1
19167,1
171154,1
195053,1
44292,1
154351,1
155959,1
58688,1
369453,1
19140,2
19140,1
246973,2
246973,1
69045,1
102400,1
19127,1
155434,1
145006,1
131760,1
71258,1
104756,1
68077,1
200834,1
19106,1
372638,1
106279,1
55624,2
55624,1
174688,2
174688,1
130318,2
130318,1
328979,2
328979,1
338886,1
19099,2
19099,1
151193,1
332402,2
332402,1
274639,2
274639,1
157356,2
157356,1
511279,1
512040,2
512040,1
77178,1
226555,2
226555,1
241787,2
241787,1
287507,1
387956,2
387956,1
535584,1
533548,1
380607,1
536587,1
319901,2
319901,1
275989,1
380606,1
243617,2
243617,1
82651,2
82651,1
19094,1
534686,1
511723,1
83721,2
83721,1
383886,1
71257,2
71257,1
240723,1
286135,2
286135,1
179514,1
303210,1
536478,1
287506,2
287506,1
52603,2
52603,1
176206,2
176206,1
157354,2
157354,1
101006,2
101006,1
100248,2
100248,1
46766,1
27274,1
117729,1
378959,2
378959,1
169244,2
169244,1
339235,2
339235,1
226513,1
521604,1
78475,1
515389,2
515389,1
86179,2
86179,1
348053,2
348053,1
329945,2
329945,1
378958,2
378958,1
523287,1
321676,2
321676,1
284389,2
284389,1
329026,1
128423,2
128423,1
117138,2
117138,1
286942,2
286942,1
387714,2
387714,1
60010,1
54102,2
54102,1
95928,1
65435,2
65435,1
515388,2
515388,1
56858,1
59589,2
59589,1
372359,2
372359,1
80174,2
80174,1
329025,2
329025,1
175591,2
175591,1
308566,2
308566,1
176453,2
176453,1
113795,2
113795,1
64001,1
171250,1
19069,1
68843,1
304478,1
329844,1
19043,1
19041,1
87410,1
82213,1
530257,1
60886,1
227601,1
155000,1
324618,1
110721,1
77807,1
225839,1
113428,1
48730,1
132173,1
104030,1
183302,1
196197,1
85026,1
68269,1
47712,1
77560,1
69665,1
66690,1
117507,1
56381,1
75712,1
73150,1
225836,1
154997,1
48337,1
255415,1
48364,1
46721,1
178245,1
46720,1
132210,1
503941,1
226073,1
241555,1
86785,1
111892,1
57414,1
368301,1
80103,1
54681,1
521223,1
50511,1
329753,1
129077,1
235478,1
189975,1
72049,1
67436,1
134401,1
329632,1
20909,1
86718,2
86718,1
329631,1
55510,2
55510,1
80362,2
80362,1
329886,2
329886,1
116970,1
524040,1
19024,1
240062,1
66538,1
77806,1
228862,1
115590,1
62569,1
54796,1
45844,1
72168,1
325870,1
245926,1
372820,1
117506,1
83400,1
166255,1
145076,1
116309,1
228620,1
108075,1
203614,1
240077,1
184081,1
126380,1
86876,1
68399,1
51754,1
360254,1
30295,1
50771,1
329839,1
86786,1
226528,1
203283,1
226072,1
80403,1
57774,1
293618,1
203282,1
505210,1
505211,1
43844,1
174062,2
174062,1
271982,2
271982,1
94534,2
94534,1
62927,2
62927,1
91184,2
91184,1
81126,2
81126,1
208929,2
208929,1
64368,2
64368,1
202759,2
202759,1
195954,2
195954,1
81889,2
81889,1
225824,2
225824,1
18975,2
18975,1
57387,2
57387,1
81165,2
81165,1
58970,2
58970,1
64000,2
64000,1
96889,2
96889,1
53560,2
53560,1
171040,2
171040,1
90781,2
90781,1
98342,2
98342,1
182320,2
182320,1
113060,2
113060,1
23728,2
23728,1
196594,2
196594,1
297762,2
297762,1
194330,2
194330,1
179822,2
179822,1
92689,2
92689,1
140251,2
140251,1
89151,1
50996,2
50996,1
94460,2
94460,1
307732,2
307732,1
92511,1
196958,1
18948,2
18948,1
48705,2
48705,1
328935,2
328935,1
41495,2
41495,1
315290,2
315290,1
51788,2
51788,1
41487,2
41487,1
62724,2
62724,1
83589,2
83589,1
181221,2
181221,1
318847,2
318847,1
270524,2
270524,1
87836,2
87836,1
275280,2
275280,1
136008,2
136008,1
275285,2
275285,1
213850,2
213850,1
225819,2
225819,1
213849,2
213849,1
213848,2
213848,1
211238,2
211238,1
213843,2
213843,1
23767,2
23767,1
66348,2
66348,1
82128,2
82128,1
500274,1
175106,1
326310,2
326310,1
211236,2
211236,1
70900,2
70900,1
327459,2
327459,1
121816,2
121816,1
328939,1
103360,1
191042,1
18918,1
138655,2
138655,1
62772,2
62772,1
328091,2
328091,1
18911,1
18910,2
18910,1
332619,2
332619,1
127331,2
127331,1
20930,2
20930,1
66246,2
66246,1
314915,1
250076,1
18898,1
373842,1
41459,1
270523,2
270523,1
157358,2
157358,1
275622,2
275622,1
157357,2
157357,1
18893,2
18893,1
156152,1
82818,1
18888,2
18888,1
178731,2
178731,1
91815,2
91815,1
134958,2
134958,1
95932,2
95932,1
323275,2
323275,1
18880,2
18880,1
171743,2
171743,1
384075,1
97190,2
97190,1
323296,1
386876,1
194342,2
194342,1
323279,2
323279,1
147839,1
323274,1
50968,2
50968,1
320551,1
506254,1
506174,2
506174,1
522745,2
522745,1
506498,2
506498,1
506416,1
506214,1
388373,1
506470,2
506470,1
506406,2
506406,1
506038,2
506038,1
506378,2
506378,1
506757,1
505805,1
388382,2
388382,1
506449,2
506449,1
506064,2
506064,1
505791,1
506070,2
506070,1
388333,1
505950,2
505950,1
505998,2
505998,1
388316,2
388316,1
506097,1
522398,1
506316,1
388324,1
505915,2
505915,1
333206,1
161809,2
161809,1
528774,2
528774,1
506099,1
505750,1
18860,2
18860,1
388337,2
388337,1
522495,2
522495,1
506522,2
506522,1
388361,2
388361,1
506430,2
506430,1
506281,1
506035,2
506035,1
161806,1
506269,2
506269,1
388401,2
388401,1
506442,1
388402,2
388402,1
506081,1
506098,1
506109,1
388321,1
506196,1
388335,2
388335,1
505932,2
505932,1
388399,2
388399,1
506395,1
506244,1
388301,1
388300,1
505978,1
347950,1
506215,1
522602,2
522602,1
506114,1
505925,1
506218,2
506218,1
522365,2
522365,1
506043,2
506043,1
506060,2
506060,1
522593,2
522593,1
522549,2
522549,1
506294,2
506294,1
506354,2
506354,1
522483,1
505918,2
505918,1
506208,2
506208,1
506471,2
506471,1
506343,2
506343,1
505771,2
505771,1
505937,2
505937,1
522563,2
522563,1
388311,2
388311,1
388312,1
506448,1
506503,2
506503,1
506008,2
506008,1
506307,2
506307,1
506334,1
505963,2
505963,1
506149,2
506149,1
506398,2
506398,1
506308,2
506308,1
506507,2
506507,1
505904,2
505904,1
505814,2
505814,1
522578,2
522578,1
505887,2
505887,1
161804,1
506153,2
506153,1
506542,2
506542,1
506207,2
506207,1
388320,1
506263,2
506263,1
506094,2
506094,1
62368,2
62368,1
505905,2
505905,1
506285,2
506285,1
506445,2
506445,1
506031,2
506031,1
505956,2
505956,1
505996,2
505996,1
506361,1
388376,1
506267,1
506319,1
388308,2
388308,1
505923,1
388351,1
505927,1
388349,1
514813,2
514813,1
388369,1
388390,1
506133,1
388328,1
511286,1
506352,1
506216,1
506327,1
506113,1
506227,1
388365,1
388404,1
506318,2
506318,1
505823,1
388400,1
506122,1
506069,1
506419,1
506438,1
388406,1
505984,1
505908,1
388375,1
506401,1
506067,1
506039,1
506365,1
388413,1
388329,1
505834,1
388403,1
388353,1
388374,1
388323,1
388338,1
388319,1
505999,1
522625,2
522625,1
388298,1
505940,1
506182,1
505985,1
505857,1
506286,1
506231,1
511965,1
506360,1
507738,1
522755,1
506392,1
388395,1
505760,1
522514,2
522514,1
388322,1
507739,1
505840,2
505840,1
506197,1
388398,2
388398,1
388344,2
388344,1
505941,1
506034,1
388341,1
388394,1
506393,1
388393,2
388393,1
388372,1
522623,1
506185,1
388381,2
388381,1
506091,1
522515,1
506427,1
522734,1
505796,1
522775,2
522775,1
506373,1
505845,1
388371,2
388371,1
522496,1
505976,2
505976,1
505922,1
506363,1
388370,1
506088,1
388396,1
506525,1
388332,2
388332,1
505801,1
388392,2
388392,1
506456,2
506456,1
388368,1
506051,1
506396,1
388327,1
388331,1
388326,2
388326,1
388367,2
388367,1
388340,1
522531,1
388294,2
388294,1
505906,1
388391,2
388391,1
522659,1
506306,1
388380,1
506213,2
506213,1
388315,1
388347,1
506222,1
388411,1
388343,2
388343,1
506229,1
506335,1
506045,1
505780,2
505780,1
506042,1
506166,1
506315,1
506063,1
506377,1
388519,2
388519,1
505789,1
388314,1
388414,1
522678,1
388291,1
522739,1
388303,1
506473,1
506388,1
506188,1
388389,1
388346,1
506200,1
506820,2
506820,1
506001,1
505948,1
388342,1
388310,1
506096,1
506176,2
506176,1
506017,1
506493,1
506390,1
505829,1
528722,2
528722,1
522763,1
388293,2
388293,1
505781,1
506457,1
505960,1
506071,1
522432,1
523971,1
523972,1
388299,1
388405,1
506614,1
522408,1
388410,1
522394,1
522699,1
506027,1
505756,1
388388,1
388318,1
506020,1
388387,2
388387,1
506291,2
506291,1
505968,1
388385,2
388385,1
388386,1
388307,1
388345,1
388306,1
522645,1
388362,1
388384,1
388517,1
388383,1
528761,2
528761,1
388296,1
506180,1
506126,1
506072,1
505909,1
388408,1
506280,1
388359,1
505763,1
506247,1
506324,1
94936,2
338803,1
18760,1
258637,1
18765,1
18764,1
409787,1
18763,1
409772,1
409767,1
384767,1
119675,1
409752,1
409750,1
409744,1
409730,1
409728,1
409727,1
409721,1
409719,1
18761,1
332278,1
409709,1
409708,1
18758,1
409706,1
18757,1
409682,1
409676,1
409674,1
409672,1
18755,1
341625,1
386286,1
386283,1
380370,1
386250,1
386268,1
386264,1
282737,1
282750,1
372808,1
282751,1
189806,1
386270,1
380367,1
386277,1
378921,1
363609,1
165186,1
18754,1
409736,1
372481,1
284022,1
409724,1
386256,1
386289,1
409717,1
357870,1
282749,1
282739,1
386253,1
378923,1
386272,1
357117,1
386288,1
386285,1
386282,1
386276,1
386271,1
386269,1
386267,1
386263,1
386255,1
386252,1
386248,1
380369,1
380366,1
378922,1
378920,1
341624,1
384766,1
341622,1
100988,2
100988,1
305848,2
305848,1
329964,2
329964,1
225801,2
225801,1
18679,1
372656,1
175596,1
80821,1
3913,1
515182,1
210266,1
62093,1
315469,1
121403,2
121403,1
125876,1
210210,2
210210,1
248272,1
229010,1
56066,1
210263,2
210263,1
54200,2
54200,1
139147,1
378469,2
378469,1
121405,2
121405,1
210214,1
3923,1
98689,1
196149,1
29408,1
71510,1
120898,1
69919,1
58087,1
213133,1
70710,2
70710,1
42009,2
42009,1
3956,2
3957,1
226038,1
3959,2
3959,1
275092,2
275092,1
103226,2
103226,1
194537,1
79336,1
223027,2
223027,1
68000,2
68000,1
275084,2
275084,1
92121,2
92121,1
118017,1
96540,2
96540,1
210265,2
210265,1
55257,2
55257,1
46574,1
213093,2
213093,1
101096,1
42829,1
67894,1
79834,1
44371,1
522270,2
522270,1
136172,1
101098,2
101098,1
3990,2
3990,1
140865,2
140865,1
140864,2
140864,1
196539,1
169607,1
29541,1
213356,1
79901,1
4004,1
29545,1
99837,1
21585,1
205800,1
115559,1
352604,1
323033,1
115560,1
181214,1
335785,1
335784,1
150715,1
321914,1
321913,1
4019,1
91900,1
92055,1
170774,1
321912,1
74527,1
78821,1
90156,1
56820,1
213572,2
213572,1
57195,2
57195,1
379064,2
379064,1
213420,1
4057,1
78701,1
50984,1
65702,1
43307,1
34096,1
30247,1
131481,1
258951,1
4114,1
4129,1
401828,1
369513,1
4144,1
341629,1
30256,1
165369,1
4159,1
158002,1
213558,1
157998,1
157999,1
213561,1
158003,1
158004,1
337637,1
23653,1
20998,1
4248,1
133485,1
175241,1
27534,1
97422,1
158030,2
158030,1
72394,2
72394,1
114925,1
214050,1
214056,1
214057,1
214058,1
214060,1
214059,1
176640,1
214068,1
214071,1
176642,1
214082,1
214085,1
214087,1
214093,1
176643,1
214100,1
214101,1
214111,1
214112,1
214132,1
214138,1
214142,1
214165,1
214171,1
214177,1
214183,1
214186,1
214189,1
214190,1
176646,1
214194,1
214198,1
4333,1
214287,1
106102,1
214301,1
226520,1
322018,1
285675,1
327171,1
239736,1
300854,1
316880,1
343006,1
297952,1
316881,1
293367,1
249606,1
4357,1
512156,2
512156,1
347709,1
342008,1
317130,1
153087,1
357473,2
357473,1
226521,1
58329,1
253316,1
273758,1
511284,2
511284,1
316882,1
228610,1
504999,2
504999,1
139170,1
211521,1
4362,1
378947,1
281601,1
348465,2
348465,1
307104,1
383357,2
383357,1
58328,2
58328,1
370060,2
370060,1
367707,2
367707,1
77139,2
77139,1
298676,2
298676,1
71980,2
71980,1
229829,2
229829,1
214532,2
214532,1
99361,2
99361,1
222288,2
222288,1
116231,2
116231,1
143506,2
143506,1
89376,2
89376,1
44679,2
44679,1
196402,2
196402,1
141035,2
141035,1
96756,2
96756,1
275543,2
275543,1
229828,2
229828,1
103180,2
103180,1
243761,2
243761,1
90279,2
90279,1
99959,2
99959,1
227043,2
227043,1
92514,2
92514,1
93558,2
93558,1
316984,2
316984,1
271063,2
271063,1
4379,2
4379,1
212529,2
212529,1
214594,2
214594,1
214595,2
214595,1
4383,2
4383,1
222290,2
222290,1
98376,2
98376,1
4384,2
4384,1
214603,2
214603,1
212957,2
212957,1
223058,2
223058,1
231440,2
231440,1
79479,2
79479,1
141032,2
141032,1
243475,2
243475,1
241265,2
241265,1
515192,1
515191,1
214614,2
214614,1
238675,2
238675,1
68691,2
68691,1
112839,2
112839,1
4404,2
4404,1
4408,2
4408,1
174691,2
174691,1
155628,2
155628,1
116233,2
116233,1
55152,2
55152,1
174934,2
174934,1
57639,2
57639,1
222302,2
222302,1
312087,2
312087,1
214577,2
214577,1
49418,2
49418,1
138206,2
138206,1
92515,2
92515,1
4411,2
4411,1
222303,2
222303,1
183523,2
183523,1
302973,2
302973,1
183526,2
183526,1
222304,2
222304,1
4412,2
4412,1
196403,2
196403,1
183527,2
183527,1
210963,2
210963,1
30659,2
30659,1
143335,2
143335,1
183800,2
183800,1
183801,2
183801,1
203097,2
203097,1
183528,2
183528,1
214624,2
214624,1
243355,2
243355,1
214625,2
214625,1
138205,2
138205,1
219918,2
219918,1
30658,2
30658,1
93444,2
93444,1
118604,2
118604,1
131964,2
131964,1
97402,2
97402,1
194919,2
194919,1
118603,2
118603,1
89070,2
89070,1
144587,2
144587,1
136476,2
136476,1
42677,2
42677,1
51650,2
51650,1
131182,2
131182,1
214627,2
214627,1
214626,2
214626,1
214628,2
214628,1
214629,2
214629,1
372720,2
372720,1
246980,1
4415,1
364732,1
290347,2
290347,1
4418,1
355585,1
84094,1
114779,1
206299,1
71101,1
355586,1
79315,1
47695,1
380839,1
226578,2
226578,1
114780,1
371213,1
355584,1
60284,1
376809,1
237573,1
4420,1
30670,1
4421,1
344060,1
214643,1
208181,1
358100,1
115081,1
72223,1
91923,1
97419,1
30674,1
84395,1
136542,1
49145,1
54825,1
239691,1
4423,1
269909,1
214652,1
4427,1
30675,1
30676,1
19926,1
254121,2
254121,1
164065,2
164065,1
129803,2
129803,1
4429,2
4429,1
202407,1
30678,2
30678,1
101292,1
30679,2
30679,1
62911,2
62911,1
256920,2
256920,1
248007,2
248007,1
141839,2
141839,1
170107,2
170107,1
4435,2
4435,1
240987,2
240987,1
62912,2
62912,1
42928,2
42928,1
176471,2
176471,1
51014,1
103607,2
103607,1
241526,2
241526,1
153548,2
153548,1
179498,2
179498,1
138236,2
138236,1
167965,2
167965,1
374789,1
210159,1
89855,1
68060,2
68060,1
526646,2
526646,1
75587,1
301249,1
68800,2
68800,1
374692,2
374692,1
213667,1
51168,2
51168,1
91491,2
91491,1
373930,1
58457,2
58457,1
43390,2
43390,1
30704,2
30704,1
53470,2
53470,1
66757,2
66757,1
71660,2
71660,1
323294,2
323294,1
374688,2
374688,1
30705,2
30705,1
374682,2
374682,1
370724,2
370724,1
374684,2
374684,1
374686,2
374686,1
223071,2
223071,1
352796,2
352796,1
368359,2
368359,1
368668,2
368668,1
59651,1
372827,2
372827,1
374689,2
374689,1
4511,2
4511,1
373929,1
524545,2
524545,1
129057,2
129057,1
214710,1
30709,2
30709,1
65140,2
65140,1
46974,2
46974,1
214711,2
214711,1
374691,2
374691,1
80635,2
80635,1
250586,1
117728,2
117728,1
117727,2
117727,1
214718,1
381910,1
381914,1
381949,1
381964,1
214727,1
214728,1
214732,1
106105,1
97510,2
97510,1
30733,2
30733,1
89294,2
89294,1
205991,2
205991,1
202899,2
202899,1
4552,2
4552,1
131850,2
131850,1
20278,2
20278,1
147186,2
147186,1
137770,2
137770,1
154251,2
154251,1
30774,2
30774,1
223074,2
223074,1
4558,2
4558,1
237122,2
237122,1
98472,2
98472,1
30782,2
30782,1
366847,2
366847,1
4562,2
4562,1
30746,1
315381,2
315381,1
30734,2
30734,1
43356,2
43356,1
62238,2
62238,1
4577,2
4577,1
180257,2
180257,1
68252,2
68252,1
155963,2
155963,1
175477,1
180149,1
306299,2
306299,1
4588,2
4588,1
4589,2
4589,1
95985,1
110828,1
175488,2
175488,1
4590,1
30744,2
30744,1
302206,2
302206,1
30783,2
30783,1
62369,1
315640,2
315640,1
323313,2
323313,1
125360,2
125360,1
21994,1
4601,2
4601,1
4605,2
4605,1
125359,2
125359,1
30753,1
4615,2
4615,1
4619,2
4619,1
98700,2
98700,1
20156,1
55708,1
102347,2
102347,1
4635,2
4635,1
4639,2
4639,1
223085,2
223085,1
72204,2
72204,1
307105,2
307105,1
4651,2
4651,1
21991,1
128418,2
128418,1
60414,2
60414,1
182128,1
54086,2
54086,1
66001,2
66001,1
302079,2
302079,1
302077,2
302077,1
30761,2
30761,1
75810,2
75810,1
91655,2
91655,1
66896,2
66896,1
68801,2
68801,1
94939,2
94939,1
131680,2
131680,1
302078,2
302078,1
4673,1
20319,2
20319,1
175517,2
175517,1
23525,1
4677,2
4677,1
99093,2
99093,1
4682,2
4682,1
119778,2
119778,1
47155,2
47155,1
82394,2
82394,1
70014,2
70014,1
273004,1
66185,1
114300,1
253100,1
327513,1
48357,1
205894,1
522969,1
196828,1
327925,1
339157,1
4716,1
4714,1
214378,1
268580,1
111802,1
90313,1
226325,1
523621,1
76158,1
71434,1
4734,1
134108,1
4739,1
349063,1
213605,1
115153,1
213602,1
156860,1
210430,1
182261,1
370625,1
340964,1
503988,1
335606,1
76030,1
210702,1
190940,1
226327,1
388157,1
4743,1
186670,1
4744,1
107622,1
43675,1
194920,1
61591,1
336208,1
103879,1
4748,1
4749,1
4750,1
47463,1
522642,1
86608,1
64375,1
214387,1
333415,1
24479,2
24479,1
42165,1
315748,1
279971,1
378174,1
94273,1
58155,1
75543,1
68621,1
500294,1
136337,1
376784,1
47284,1
115527,1
145768,1
77290,1
5026,1
30925,1
96279,1
30926,1
187810,1
5028,1
504553,1
504027,1
5036,1
352917,1
5037,1
368146,1
22569,1
110914,1
305383,1
537170,1
5145,1
360402,1
273347,1
93365,1
51925,1
253659,1
50540,2
50540,1
323520,2
323520,1
73354,1
180536,1
131963,1
349439,1
322780,2
322780,1
324911,1
317580,1
329771,1
254220,1
360340,1
305985,1
324131,1
309503,1
335534,1
371078,1
144921,1
192402,1
174973,1
174974,1
60584,1
287067,1
288146,1
189769,1
90330,2
90330,1
87827,2
87827,1
91725,2
91725,1
58649,2
58649,1
89362,2
89362,1
98559,2
98559,1
93942,2
93942,1
87527,2
87527,1
90006,2
90006,1
102971,2
102971,1
114428,2
114428,1
98479,2
98479,1
66380,2
66380,1
31003,2
31003,1
20271,1
31004,1
5244,2
5244,1
31008,2
31008,1
68885,2
68885,1
31010,1
323558,2
323558,1
44670,2
44670,1
98153,1
136718,2
136718,1
332083,2
332083,1
332082,2
332082,1
332086,2
332086,1
100000,2
100000,1
94209,2
94209,1
31054,2
31054,1
93135,2
93135,1
372335,2
372335,1
96805,2
96805,1
42463,2
42463,1
369667,2
369667,1
119067,2
119067,1
119069,2
119069,1
91008,2
91008,1
97767,2
97767,1
245386,1
114349,1
102796,1
524090,1
226616,1
162386,1
273007,1
78299,1
156689,1
238430,1
5308,1
5311,1
65250,1
353031,1
335194,1
150416,1
104443,1
154945,1
309210,1
309211,1
380618,1
325224,1
134581,1
93021,1
41547,1
175607,1
5314,1
517677,1
31124,1
31129,1
233439,1
351680,1
5323,1
56990,1
5328,1
90801,1
56504,2
56504,1
5331,1
381439,1
46175,1
56422,1
361663,1
42627,1
517714,1
287737,1
350951,1
287738,1
286240,1
111394,1
90607,1
5337,1
31154,1
311238,2
311238,1
5339,1
101167,1
258666,1
368673,1
253551,1
89814,1
61750,1
208545,1
89400,1
226250,1
109714,1
159211,1
195402,1
103009,1
134950,1
324139,1
156366,1
156365,1
167598,1
227899,1
318022,1
317156,1
317521,1
167600,1
219931,1
327566,1
318021,1
156362,1
5349,1
82740,1
75047,1
79802,1
5354,1
5356,1
5359,1
5360,1
5361,1
76895,1
131210,1
64089,1
5371,1
240650,1
54201,1
69290,1
181224,2
181224,1
181225,2
181225,1
50077,1
151744,1
346721,1
293387,1
386639,1
378701,1
341520,1
371029,1
165753,1
164243,1
378175,1
372559,1
165739,1
341604,1
388740,1
341515,1
364612,1
341517,1
31339,1
132447,1
165755,1
353045,1
378702,1
383648,1
353046,1
178339,1
168534,1
164245,1
180698,1
258953,1
165354,1
165916,1
165104,1
402741,1
5432,1
5433,1
40939,2
40939,1
5436,1
158381,1
143349,1
5453,1
5456,1
5466,1
5475,1
119576,1
371022,1
31325,1
5486,1
5487,1
5508,1
5509,1
341522,1
5513,1
402938,1
5517,1
5518,1
402946,1
5522,1
20561,1
5536,1
42088,1
403007,1
31363,1
31368,1
31369,1
403064,1
158382,1
5581,1
5597,1
5603,1
88868,1
5611,1
158841,1
5499,1
158842,1
165742,1
31372,1
20911,1
183209,1
323854,2
323854,1
69116,1
537776,2
537776,1
323859,2
323859,1
171271,2
171271,1
332461,2
332461,1
323906,2
323906,1
118448,2
118448,1
323928,2
323928,1
331112,2
331112,1
357501,2
357501,1
323871,2
323871,1
68892,2
68892,1
55989,2
55989,1
48910,2
48910,1
198024,2
198024,1
117521,2
117521,1
537721,2
537721,1
357493,2
357493,1
5652,2
5652,1
98126,2
98126,1
189318,1
80676,2
80676,1
5661,1
93489,2
93489,1
162556,2
162556,1
147575,2
147575,1
98445,2
98445,1
170050,1
5666,2
5666,1
241816,2
241816,1
31526,2
31526,1
23222,2
23222,1
5672,2
5672,1
74153,2
74153,1
96461,2
96461,1
96462,2
96462,1
58372,1
92028,2
92028,1
89836,1
89837,1
31515,2
31515,1
95835,2
95835,1
60461,2
60461,1
195826,2
195826,1
91742,2
91742,1
92761,2
92761,1
323899,2
323899,1
95265,2
95265,1
205681,2
205681,1
323889,2
323889,1
323886,2
323886,1
124535,2
124535,1
137529,2
137529,1
94810,2
94810,1
92251,2
92251,1
99441,2
99441,1
195353,2
195353,1
89655,2
89655,1
100022,2
100022,1
89152,2
89152,1
350381,2
350381,1
350382,2
350382,1
331111,2
331111,1
46757,2
46757,1
202614,1
219215,1
296419,1
5787,1
74917,1
47389,1
5811,1
178015,1
178014,1
49700,1
66254,1
262317,1
324016,2
324016,1
5846,2
5846,1
51371,2
51371,1
5847,2
5847,1
5848,2
5848,1
62526,2
62526,1
365021,2
365021,1
366173,2
366173,1
234813,1
318233,2
318233,1
155974,2
155974,1
121703,2
121703,1
128944,2
128944,1
93351,2
93351,1
31825,2
31825,1
5913,1
196450,1
125063,1
53129,1
5927,2
5927,1
281179,2
281179,1
281178,2
281178,1
364711,1
327515,1
219647,1
62906,1
5996,1
130747,1
93964,1
179111,1
6016,1
359501,1
6019,1
6040,1
6041,1
306644,2
306644,1
6055,2
6055,1
6075,2
230395,1
146212,1
230124,1
187825,1
281048,1
164273,1
226081,2
226081,1
76255,2
76255,1
31917,1
86081,2
86081,1
223260,2
223260,1
6091,2
6091,1
368027,1
83211,1
103756,2
103756,1
293060,1
73332,1
154041,1
119080,2
119080,1
89347,2
89347,1
124248,1
85346,1
383654,1
275262,1
106994,2
106994,1
256029,1
283958,1
102124,2
102124,1
341689,1
125442,1
530138,1
31927,1
209670,1
301001,1
19902,1
98232,1
49121,2
49121,1
6152,2
6152,1
89146,2
529331,1
22167,2
22167,1
242923,2
242923,1
223265,2
223265,1
96817,2
96817,1
48153,2
48153,1
209338,1
99611,2
99611,1
65882,2
65882,1
68738,2
68738,1
131417,2
131417,1
152396,2
152396,1
207661,2
207661,1
223269,2
223269,1
113943,2
113943,1
101201,2
101201,1
203715,2
203715,1
223270,2
223270,1
223271,2
223271,1
223277,2
223277,1
196041,1
50790,1
31943,1
101762,1
6179,1
182579,1
103626,1
53481,2
53481,1
58216,1
195628,1
6182,1
65855,1
54214,1
103913,1
25899,1
219161,1
223287,1
152144,1
191120,1
114462,2
114462,1
62128,2
62128,1
94168,2
94168,1
92002,2
92002,1
243749,2
243749,1
6185,2
6185,1
51349,1
99759,2
99759,1
62115,2
62115,1
60401,1
46860,1
247096,1
158521,1
70345,1
158520,1
240122,1
25939,1
249486,1
31947,2
31947,1
31949,2
31949,1
31948,2
31948,1
22785,1
158510,1
158511,1
69247,1
158523,1
25903,1
182580,1
44340,1
21499,1
58725,1
104031,1
312560,1
384316,1
192171,1
254007,1
297251,1
511539,1
104319,1
327516,1
312611,1
379542,1
211282,1
102956,1
187832,1
6220,1
120893,1
381708,1
505521,1
342350,1
385415,1
505267,1
312559,1
244689,1
247078,1
377748,1
377745,1
42907,1
6232,1
314104,1
6235,1
107623,1
6239,1
6240,1
31966,1
529000,1
6242,1
125401,1
6245,1
268548,1
327517,1
140026,1
102178,1
218385,1
219159,1
6261,1
6263,1
115504,1
6266,1
31979,1
106114,1
6275,1
290630,1
293298,1
218383,1
107366,1
383077,1
31986,1
233499,1
120137,1
31990,1
351879,1
227627,2
227627,1
58015,2
58015,1
228843,2
228843,1
6310,2
6310,1
128912,2
128912,1
21732,2
21732,1
324125,2
324125,1
91539,2
91539,1
324143,2
324143,1
83069,2
83069,1
6311,2
6311,1
195355,2
195355,1
324179,2
324179,1
21344,2
21344,1
60411,2
60411,1
95361,2
95361,1
126009,2
126009,1
64568,2
64568,1
66158,2
66158,1
321283,2
321283,1
99017,2
99017,1
21089,2
21089,1
380536,2
380536,1
269487,2
269487,1
269488,2
269488,1
93213,2
93213,1
78023,2
78023,1
307421,2
307421,1
103354,2
103354,1
142414,2
142414,1
89095,2
89095,1
42776,2
42776,1
296773,2
296773,1
142415,2
142415,1
128269,2
128269,1
169093,2
169093,1
377010,2
377010,1
361202,2
361202,1
361203,2
361203,1
361216,2
361216,1
361207,2
361207,1
361215,2
361215,1
361214,2
361214,1
361218,2
361218,1
375031,2
375031,1
73957,1
120469,1
57401,1
6336,2
6336,1
68802,2
68802,1
6339,2
6339,1
192984,1
115566,1
188023,1
255434,1
187438,1
68842,1
386961,1
32065,1
32064,1
387181,1
76491,1
68370,1
64756,1
29549,1
98221,1
83710,1
97815,1
237027,1
278576,1
278933,1
278569,1
529070,1
32100,1
361702,1
95426,1
371929,1
97816,1
501317,1
289153,1
372533,1
202734,1
373002,1
501318,1
373003,1
6522,2
6522,1
158622,2
158622,1
45833,2
45833,1
245387,1
6539,1
248731,1
6544,1
76467,1
121251,2
121251,1
287338,2
287338,1
324194,1
140431,1
46093,2
46093,1
239347,2
239347,1
6596,2
6596,1
223358,1
273051,1
328184,1
96751,1
291746,1
54981,2
54981,1
360839,1
32134,2
32134,1
23567,2
23567,1
6602,1
48431,2
48431,1
223359,2
223359,1
93944,2
93944,1
223361,2
223361,1
286963,2
286963,1
98591,2
98591,1
91575,2
91575,1
345418,2
345418,1
242749,2
242749,1
352290,2
352290,1
74780,2
74780,1
173098,2
173098,1
109862,2
109862,1
223368,2
223368,1
89537,2
89537,1
47261,2
47261,1
81015,2
81015,1
91978,2
91978,1
99906,2
99906,1
95524,2
95524,1
156682,1
53895,2
53895,1
92870,2
92870,1
89926,2
89926,1
90935,2
90935,1
300272,2
300272,1
72797,1
97318,2
97318,1
6607,2
6607,1
223373,2
223373,1
78787,2
78787,1
99507,2
99507,1
47240,2
47240,1
91781,2
91781,1
42628,2
42628,1
78641,2
78641,1
57105,2
57105,1
90415,2
90415,1
76297,2
76297,1
53767,2
53767,1
97702,2
97702,1
92839,2
92839,1
77760,2
77760,1
93499,2
93499,1
91206,2
91206,1
355599,2
355599,1
98068,2
98068,1
98656,2
98656,1
90663,2
90663,1
96868,2
96868,1
93199,2
93199,1
369944,2
369944,1
91597,2
91597,1
95416,2
95416,1
52366,2
52366,1
91704,2
91704,1
95227,2
95227,1
293395,2
293395,1
32266,2
32266,1
98475,2
98475,1
89709,2
89709,1
89710,2
89710,1
48295,2
48295,1
223375,2
223375,1
91315,2
91315,1
98064,2
98064,1
96439,2
96439,1
91475,2
91475,1
98092,2
98092,1
93177,2
93177,1
99466,2
99466,1
72798,2
72798,1
192841,2
192841,1
51769,2
51769,1
90610,2
90610,1
71925,2
71925,1
98661,2
98661,1
352291,2
352291,1
32295,2
32295,1
67318,2
67318,1
72720,2
72720,1
89866,2
89866,1
51079,2
51079,1
91783,2
91783,1
128924,2
128924,1
98829,2
98829,1
302465,2
302465,1
95406,2
95406,1
97001,2
97001,1
90416,2
90416,1
90417,2
90417,1
63111,2
63111,1
32307,2
32307,1
92551,2
92551,1
97365,2
97365,1
99962,2
99962,1
90937,2
90937,1
91207,2
91207,1
97703,2
97703,1
90464,2
90464,1
55773,2
55773,1
95046,2
95046,1
89678,2
89678,1
95124,2
95124,1
307708,2
307708,1
171390,2
171390,1
368393,2
368393,1
194041,2
194041,1
91598,2
91598,1
97316,2
97316,1
96924,2
96924,1
98660,2
98660,1
111378,2
111378,1
32278,2
32278,1
91780,2
91780,1
98976,2
98976,1
94384,2
94384,1
97314,2
97314,1
97315,2
97315,1
97503,2
97503,1
91357,2
91357,1
156054,2
156054,1
99804,2
99804,1
93500,2
93500,1
91705,2
91705,1
96252,2
96252,1
324236,1
324258,1
127600,2
127600,1
66112,1
94942,2
94942,1
91700,2
91700,1
97707,1
97708,2
97708,1
293433,2
293433,1
96814,1
91666,2
91666,1
95340,2
95340,1
99539,1
67884,2
67884,1
95642,1
91569,2
91569,1
89137,1
97888,2
97888,1
90411,2
90411,1
99298,2
99298,1
68755,2
68755,1
32377,2
32377,1
88272,2
88272,1
75195,2
75195,1
331724,2
331724,1
94518,2
94518,1
171309,2
171309,1
6640,1
6665,1
293428,1
322191,1
105997,1
317856,1
91340,1
239345,2
239345,1
338792,2
338792,1
32388,2
32388,1
45349,2
45349,1
140457,2
140457,1
46190,2
46190,1
333328,1
6669,2
6669,1
70365,2
70365,1
47073,1
90078,2
90078,1
223386,1
120914,2
120914,1
113435,2
113435,1
239446,2
239446,1
239443,2
239443,1
239442,2
239442,1
239445,1
239444,2
239444,1
6673,2
6673,1
32397,2
32397,1
328177,2
328177,1
64978,2
64978,1
95111,2
95111,1
65645,2
65645,1
324255,1
6681,1
87959,2
87959,1
90131,2
90131,1
51336,1
32404,2
32404,1
32405,2
32405,1
96506,2
96506,1
66703,2
66703,1
93909,2
93909,1
32412,2
32412,1
171393,2
171393,1
87949,2
87949,1
32416,2
32416,1
62164,2
62164,1
293411,2
293411,1
156687,2
156687,1
89295,2
89295,1
89296,2
89296,1
317868,2
317868,1
67674,2
67674,1
96618,2
96618,1
6686,2
6686,1
32429,2
32429,1
94077,2
94077,1
96236,2
96236,1
61550,2
61550,1
90918,2
90918,1
97870,2
97870,1
97181,2
97181,1
64017,1
90239,2
90239,1
293398,2
293398,1
89672,2
89672,1
93679,2
93679,1
98450,2
98450,1
293397,2
293397,1
6706,2
6706,1
307703,2
307703,1
266092,2
266092,1
93502,2
93502,1
298935,2
298935,1
91316,2
91316,1
98065,2
98065,1
99805,2
99805,1
91476,2
91476,1
48322,2
48322,1
93178,2
93178,1
91318,2
91318,1
275893,2
275893,1
95498,2
95498,1
235368,2
235368,1
258439,2
258439,1
103745,2
103745,1
258437,2
258437,1
75095,2
75095,1
305328,2
305328,1
109473,2
109473,1
127599,2
127599,1
91477,2
91477,1
127392,2
127392,1
298936,2
298936,1
114441,2
114441,1
111200,1
172977,1
130591,2
130591,1
176805,1
169170,1
128974,1
381441,2
381441,1
32396,2
32396,1
90191,2
90191,1
94811,2
94811,1
90517,1
98442,1
90226,1
92414,1
339596,1
90599,2
90599,1
97149,2
97149,1
110724,2
110724,1
174572,2
174572,1
64777,2
64777,1
116823,2
116823,1
6736,1
59970,2
59970,1
6741,2
6741,1
374664,1
383660,1
508048,1
385774,1
32582,1
337240,1
96211,2
96211,1
241531,2
241531,1
52886,1
99676,2
99676,1
32616,2
32616,1
89828,2
89828,1
98844,2
98844,1
98363,2
98363,1
239047,2
239047,1
363781,1
521611,1
78529,2
78529,1
89707,2
89707,1
95579,2
95579,1
386935,1
91898,2
91898,1
319899,2
319899,1
94674,2
94674,1
103930,2
103930,1
97349,2
97349,1
92470,1
384876,1
98168,1
372762,1
334668,1
521648,1
44649,1
387266,1
387265,1
32598,1
59051,2
59051,1
43206,1
333418,2
333418,1
521138,1
343381,2
343381,1
20037,2
20037,1
324287,2
324287,1
54360,1
32599,1
387268,1
32605,2
32605,1
194842,2
194842,1
32603,1
6861,2
6861,1
55322,2
55322,1
97333,2
97333,1
387275,2
387275,1
324289,2
324289,1
6868,1
6869,1
403419,1
158706,1
240710,1
19677,1
158709,1
240063,1
24109,1
32641,1
294810,1
337333,1
182089,1
25081,1
347723,1
374761,1
227875,1
329035,1
177972,2
177972,1
373928,2
373928,1
171496,2
171496,1
169757,2
169757,1
169698,2
169698,1
227977,2
227977,1
169758,2
169758,1
171497,2
171497,1
95909,2
95909,1
206003,2
206003,1
117271,2
117271,1
96285,2
96285,1
76922,2
76922,1
6980,2
6980,1
128420,2
128420,1
51770,2
51770,1
6982,2
6982,1
48106,2
48106,1
345062,2
345062,1
84256,2
84256,1
96928,2
96928,1
6987,2
6987,1
89867,2
89867,1
308617,2
308617,1
275735,2
275735,1
119856,2
119856,1
194845,1
98830,2
98830,1
32687,2
32687,1
89058,2
89058,1
90418,2
90418,1
191101,2
191101,1
72799,2
72799,1
345061,2
345061,1
119849,2
119849,1
251734,2
251734,1
241725,2
241725,1
308618,2
308618,1
92112,2
92112,1
6989,2
6989,1
243592,2
243592,1
205880,2
205880,1
7001,2
7001,1
95047,2
95047,1
285916,2
285916,1
52733,2
52733,1
324815,2
324815,1
344198,1
227973,1
63943,2
63943,1
111162,2
111162,1
63944,2
63944,1
104783,2
104783,1
269588,2
269588,1
209430,2
209430,1
32716,1
241277,2
241277,1
108180,2
108180,1
209431,2
209431,1
174799,2
174799,1
177971,2
177971,1
381392,2
381392,1
146219,1
343421,2
343421,1
75349,2
75349,1
96870,2
96870,1
43191,2
43191,1
271130,2
271130,1
68656,2
68656,1
70298,1
59235,1
319512,2
319512,1
91706,2
91706,1
95229,1
155570,2
155570,1
108610,2
108610,1
103162,2
103162,1
241278,2
241278,1
319513,2
319513,1
343422,2
343422,1
32704,2
32704,1
502891,2
502891,1
7006,2
7006,1
25120,1
7009,2
7009,1
317964,2
317964,1
69797,2
69797,1
7012,2
7012,1
227971,2
227971,1
211194,2
211194,1
374995,2
374995,1
91109,2
91109,1
84808,2
84808,1
32715,2
32715,1
184248,1
248266,1
145721,1
80740,1
7052,1
327519,1
24426,1
206180,1
370893,1
131790,1
7068,1
7071,1
524809,1
7105,1
77801,1
324861,1
7107,1
7108,1
324869,1
7118,1
366505,1
347360,1
326814,2
326814,1
355249,1
347361,1
110200,2
110200,1
310119,2
310119,1
311451,2
311451,1
7120,1
54520,1
7143,1
301077,1
524636,1
360165,1
526496,1
297260,1
130653,1
374331,1
374332,1
227046,1
332272,1
308243,1
337178,1
374333,1
180907,1
82475,1
352611,1
126846,1
227702,1
63525,1
351706,1
359503,1
255443,1
190953,1
180908,2
180908,1
52298,1
372714,1
304554,1
189903,1
212074,1
300877,1
331033,1
238682,1
372713,1
56352,1
79375,1
7145,1
124104,1
79635,1
7146,1
383663,1
183683,1
182564,1
131600,1
7161,1
308635,1
328319,1
248056,1
514325,1
327521,1
141246,1
116144,1
7170,1
7171,1
382351,1
7173,1
176315,1
110704,1
143630,1
93230,1
61296,1
97060,1
146546,1
202910,1
147426,1
304268,1
124224,1
124242,1
57837,1
319954,1
372948,1
50052,1
522848,1
124237,1
187637,1
187638,1
7210,1
86173,1
81278,1
362184,1
325126,1
91274,2
91274,1
95900,2
95900,1
112593,2
112593,1
83089,2
83089,1
97759,2
97759,1
105057,2
105057,1
223460,2
223460,1
96068,2
96068,1
228149,2
228149,1
105615,2
105615,1
71890,2
71890,1
254817,2
254817,1
253703,2
253703,1
381530,2
381530,1
91165,2
91165,1
7260,2
7260,1
96692,2
96692,1
7261,2
7261,1
95573,2
95573,1
99480,2
99480,1
256793,2
256793,1
48006,2
48006,1
94712,2
94712,1
32903,2
32903,1
515210,2
515210,1
217961,2
217961,1
227703,2
227703,1
297711,2
297711,1
89900,2
89900,1
151034,2
151034,1
214902,2
214902,1
98658,2
98658,1
254818,2
254818,1
342410,2
342410,1
223463,2
223463,1
99468,2
99468,1
48475,2
48475,1
91228,2
91228,1
95251,2
95251,1
223464,2
223464,1
515209,2
515209,1
347156,2
347156,1
217962,2
217962,1
257040,2
257040,1
101339,2
101339,1
51570,1
32913,1
32915,2
32915,1
269536,2
269536,1
226999,2
226999,1
183347,1
81901,2
81901,1
101061,2
101061,1
32916,2
32916,1
32917,2
32917,1
274777,2
274777,1
279517,1
273946,2
273946,1
158867,2
158867,1
218497,2
218497,1
308924,2
308924,1
218499,2
218499,1
307455,2
307455,1
523223,2
523223,1
96406,1
163507,1
7331,1
32966,1
45580,1
67324,1
52606,1
47576,1
74763,1
81976,2
81976,1
96415,1
64212,1
83027,1
90985,1
76451,1
33274,1
249867,1
87699,1
7473,1
7480,1
7482,1
93095,1
93221,1
138566,1
7498,2
7498,1
290759,1
92301,1
76985,1
60777,1
47101,1
61607,1
57076,1
24665,1
137326,1
63397,1
7595,2
7595,1
285400,1
219334,1
86039,1
194229,1
82206,1
33348,1
7605,1
359568,1
194367,1
219335,1
504382,1
504062,1
118140,2
118140,1
285765,2
285765,1
49239,2
49239,1
7679,2
7679,1
304900,2
304900,1
370631,2
370631,1
368028,2
368028,1
287890,2
287890,1
7686,2
7686,1
93115,2
93115,1
57511,1
33397,1
69691,2
69691,1
80186,1
33402,2
33402,1
67729,1
7728,2
7728,1
7732,2
7732,1
114269,2
114269,1
89863,2
89863,1
90457,2
90457,1
90174,2
90174,1
56925,2
56925,1
120482,2
120482,1
94064,2
94064,1
7756,2
7756,1
24393,2
24393,1
183318,2
183318,1
236988,2
236988,1
334848,2
334848,1
375378,2
375378,1
103734,2
103734,1
210450,1
386782,2
386782,1
386784,2
386784,1
386806,2
386806,1
386765,2
386765,1
386766,2
386766,1
386769,2
386776,2
386776,1
386781,2
386781,1
386809,2
386809,1
8030,1
8048,2
8048,1
346879,1
370691,1
357165,1
357166,1
361662,1
357171,1
386634,1
302211,1
386632,1
357178,1
508144,1
357223,1
357228,1
357231,1
371064,1
357241,1
357248,1
8082,2
8082,1
180024,2
180024,1
505645,1
308693,1
8108,1
74878,1
8110,1
268551,1
522375,1
139672,1
347178,1
332883,1
523637,2
523637,1
515614,1
76751,1
106141,1
106142,1
341701,1
106143,1
8153,1
106144,1
106145,1
8156,1
125026,1
8196,1
113953,1
8197,1
81271,1
91600,2
91600,1
90032,1
119041,1
80471,1
8228,1
8230,1
65047,1
69512,1
33682,1
8231,1
31417,1
8232,1
256274,1
107212,1
83024,1
92893,1
130088,1
33713,1
166277,1
78043,1
8260,1
33719,1
8266,1
33717,1
155369,1
327522,1
140947,1
379200,1
98657,1
94150,1
131455,1
136369,1
215233,1
8294,1
307588,1
82209,1
175597,1
33786,1
241730,1
98902,1
215186,1
180592,1
359143,1
359144,1
33796,1
83862,1
92521,1
33798,1
72197,1
503428,1
354852,1
359145,1
182269,2
182269,1
203412,1
124402,2
124402,1
351735,2
351735,1
367755,1
83412,1
359146,1
379199,1
132885,1
337932,1
99068,1
94071,1
54789,1
68472,1
68473,1
97171,1
47522,1
162613,1
78181,1
500156,1
500155,1
300610,1
298102,1
94592,1
60028,1
99153,2
99153,1
101181,2
101181,1
335136,1
271193,1
209437,1
98956,2
98956,1
94671,1
89498,1
242623,1
128575,1
89720,1
352717,2
352717,1
65152,1
96202,1
195620,1
334212,1
92309,1
80914,2
80914,1
25109,2
25109,1
44147,1
181183,1
341781,1
363825,1
131133,1
124835,1
242626,1
99827,1
48867,1
91901,1
189896,1
80795,1
109888,1
339010,1
89700,1
242628,1
334790,2
334790,1
101901,1
342432,1
326964,1
326967,1
386566,1
301071,2
301071,1
346075,1
363997,1
386567,1
298103,2
298103,1
90157,1
50924,1
171001,1
311628,1
96237,1
381192,2
381192,1
348158,1
60997,1
52450,1
356526,2
356526,1
285332,1
99747,2
99747,1
62239,1
501487,1
131122,2
131122,1
64296,2
64296,1
69865,1
56096,1
171898,1
171305,1
89028,1
68587,2
68587,1
150064,2
150064,1
193964,2
193964,1
139906,1
104284,1
180593,2
180593,1
94166,1
138697,1
124538,1
348160,1
169610,1
226442,1
136000,2
136000,1
65153,1
171098,2
171098,1
242630,1
97635,1
92997,2
92997,1
92998,1
61039,1
131124,2
131124,1
128576,1
97282,1
250355,1
69798,1
33836,2
33836,1
271205,1
98085,2
98085,1
239449,1
56457,1
286075,1
103260,1
78284,1
356527,2
356527,1
226526,1
348159,1
345796,1
33840,1
72342,1
135875,2
135875,1
215182,2
215182,1
89830,1
317138,2
317138,1
223708,1
42395,1
56808,2
56808,1
515494,1
136377,1
191788,1
343252,1
93330,2
93330,1
97916,1
341827,1
349705,1
326839,1
304904,1
304905,1
331246,1
195621,1
48896,1
220300,1
80083,1
94836,2
94836,1
136373,1
71192,1
98437,1
51585,1
365076,1
307099,1
92061,1
128579,1
102233,1
104694,1
103596,1
226527,1
102683,1
104713,1
109189,1
169738,1
110271,1
90829,1
318322,1
294694,1
311629,1
326973,1
207483,1
383669,1
293225,2
293225,1
209436,1
268696,1
343249,1
339009,1
294695,1
318323,1
318320,1
308088,1
327563,1
359086,1
358935,1
141804,1
307098,1
320219,1
383671,1
375090,2
375090,1
309925,1
8304,1
227633,1
182470,1
83459,1
124536,1
93093,2
93093,1
135999,2
135999,1
136375,1
33732,2
33732,1
338065,2
338065,1
101184,1
337657,1
171686,2
171686,1
8307,2
8307,1
214541,2
214541,1
52558,2
52558,1
164619,2
164619,1
8309,2
8309,1
8310,1
8311,1
167693,2
167693,1
48682,2
48682,1
8312,2
8312,1
215190,2
215190,1
115571,2
115571,1
86274,1
76021,1
361167,1
43884,1
8314,2
8314,1
332569,1
33742,2
33742,1
8317,2
8317,1
8318,2
8318,1
8319,2
8319,1
55258,2
55258,1
19580,2
19580,1
72509,2
72509,1
8322,2
8322,1
91425,1
55301,1
8326,2
8326,1
8325,2
8325,1
8327,2
8327,1
33745,2
33745,1
21635,2
21635,1
165964,1
293221,1
84412,1
271190,1
8329,2
8329,1
80203,2
80203,1
164596,2
164596,1
8330,2
8330,1
33747,2
33747,1
75026,2
75026,1
8332,2
8332,1
21411,2
21411,1
323636,2
323636,1
33791,1
8333,2
8333,1
22319,1
57065,2
57065,1
337658,2
337658,1
338050,2
338050,1
33757,2
33757,1
94116,2
94116,1
74504,2
74504,1
75833,1
53414,1
344756,1
8337,2
8337,1
8338,1
73584,1
8341,1
48238,2
48238,1
58115,1
89765,1
8343,1
93885,1
96110,2
96110,1
47069,1
152137,1
8345,1
65947,1
8346,2
8346,1
99320,2
99320,1
8347,1
85173,2
85173,1
105705,1
128522,1
57343,1
33762,1
97780,2
97780,1
171426,1
44198,1
8349,1
93654,2
93654,1
50156,1
97194,1
8352,1
98167,2
98167,1
62106,2
62106,1
46851,2
46851,1
8356,1
8357,2
8357,1
33769,2
33769,1
134455,2
134455,1
8358,2
8358,1
8359,2
8359,1
71387,1
8361,1
87643,1
8362,2
8362,1
383881,1
128577,1
8363,2
8363,1
105261,2
105261,1
86441,1
8364,1
139907,1
124539,1
98774,1
118308,1
171681,2
171681,1
250356,2
250356,1
8366,2
8366,1
245230,2
245230,1
113739,1
8367,2
8367,1
33775,2
33775,1
8369,2
8369,1
70274,2
70274,1
43481,1
8370,1
33777,2
33777,1
46407,2
46407,1
56634,2
56634,1
64158,2
64158,1
8371,1
332571,2
332571,1
93922,1
98691,1
55877,1
214535,1
93989,2
93989,1
117014,2
117014,1
215192,1
95299,2
95299,1
215184,2
215184,1
215183,2
215183,1
113738,1
92098,2
92098,1
229782,1
172979,1
173134,2
173134,1
86440,1
248262,1
248265,1
154019,1
33894,2
33894,1
164162,1
362211,2
362211,1
362194,2
362194,1
82862,2
82862,1
257129,1
62321,1
304291,2
304291,1
362189,2
362189,1
329810,2
329810,1
370432,1
370449,2
370449,1
370448,2
370448,1
370496,1
27500,1
370506,1
329669,1
33854,1
263383,2
263383,1
93683,2
93683,1
61040,1
8379,1
93684,2
93684,1
362203,2
362203,1
362216,2
362216,1
8383,2
8383,1
33863,2
33863,1
88950,2
88950,1
370518,2
370518,1
94612,2
94612,1
96135,2
96135,1
98370,1
329565,2
329565,1
362235,2
362235,1
362244,2
362244,1
219146,2
219146,1
88951,2
88951,1
97681,2
97681,1
219147,1
93685,2
93685,1
94278,2
94278,1
362221,1
362224,2
362224,1
362226,2
362226,1
362222,1
362223,2
362223,1
362225,2
362225,1
362227,2
362227,1
362228,2
362228,1
362229,1
95930,2
95930,1
48510,2
48510,1
193286,2
193286,1
180334,1
370454,2
370454,1
370455,2
370455,1
85801,2
85801,1
370486,2
370486,1
329568,1
59529,1
359576,1
84292,2
84292,1
170715,1
56244,1
50160,1
62528,1
51431,1
55233,1
33872,1
51432,1
53581,1
91457,2
91457,1
195638,2
195638,1
8392,2
8392,1
45939,1
56671,1
193290,1
27499,1
193285,1
118964,1
33873,1
86653,1
87406,1
103715,1
380780,1
66564,1
219143,1
74400,2
74400,1
87611,1
69490,1
45202,2
45202,1
67832,1
75425,1
59375,1
42805,1
223740,1
115797,1
75678,1
77625,1
27511,1
195649,1
60339,2
60339,1
61482,2
61482,1
212059,1
77169,1
141466,2
141466,1
63410,1
329567,2
329567,1
52327,1
154020,1
48538,1
182739,1
64634,1
92486,1
79134,1
362148,1
500194,1
58287,1
64386,1
153757,1
207495,1
84242,1
82440,1
202843,1
120365,1
83264,1
27521,2
27521,1
70637,2
70637,1
72504,1
86926,1
223749,1
73542,1
241601,1
223750,1
60778,1
82144,1
193297,1
93311,2
93311,1
111124,1
264470,1
193287,1
63376,1
195664,1
59366,1
47507,1
270816,1
227639,1
195666,1
362149,1
370489,1
370508,1
66206,1
357634,1
357531,1
51067,1
55092,2
55092,1
362206,1
362238,2
362238,1
219138,1
362239,2
362239,1
329878,1
8406,2
8406,1
358691,1
370515,1
370517,1
45593,1
55093,1
171786,1
229907,1
70824,1
27502,1
44795,2
44795,1
53707,1
19999,2
19999,1
357640,2
357640,1
78185,1
357647,1
357649,1
120377,2
120377,1
8407,1
355579,1
43015,1
182728,2
182728,1
362252,2
362252,1
27505,1
75220,1
182156,1
111270,1
55050,1
362254,2
362254,1
362255,2
362255,1
153038,1
237731,1
317648,1
168673,1
170668,1
171760,1
137744,1
316678,1
305808,1
273931,1
307785,1
349249,1
317970,1
8414,1
345471,1
93982,1
227917,1
169316,1
111548,1
351135,1
8422,1
90442,1
207104,1
8423,1
255419,1
62799,1
168675,1
227920,1
8426,1
369924,1
526117,1
191350,1
242593,1
218065,1
168683,1
201906,1
169320,1
525185,1
349247,1
272749,1
282605,1
344984,1
218425,1
359928,1
8434,1
521636,1
8435,1
87228,1
168717,1
520311,1
33898,1
312149,1
305786,1
8431,1
253013,2
253013,1
8456,1
90690,2
90690,1
57246,2
57246,1
96938,2
96938,1
95604,2
95604,1
54248,2
54248,1
93392,2
93392,1
332572,1
8460,2
8460,1
80199,2
80199,1
311309,1
8469,2
8469,1
209133,2
209133,1
34005,2
34005,1
311305,1
76896,1
159142,2
159142,1
98365,1
49420,1
21951,1
8520,1
8521,1
8523,1
8534,1
34074,1
8547,1
59014,1
106146,1
168388,2
168388,1
319555,1
301469,1
25243,1
8587,1
8588,1
40487,2
40487,1
8652,2
8652,1
154452,2
154452,1
233797,2
233797,1
165037,2
165037,1
63190,2
63190,1
174116,2
174116,1
152159,2
152159,1
8651,2
8651,1
353079,1
351194,1
516901,1
516909,1
516912,1
516913,1
8668,1
54434,1
525584,1
310021,1
323863,2
323863,1
314486,1
308623,1
40552,1
300817,1
353113,1
368707,1
378932,1
331064,1
348163,1
524163,1
535772,1
40524,1
61187,1
8739,1
87120,1
92136,1
169597,1
54878,1
80347,1
98401,1
94428,1
294696,1
60825,1
155817,1
155818,1
337422,1
91903,1
180262,1
182402,1
40550,1
346681,1
340888,1
331170,1
287730,1
96923,1
355602,1
369487,1
252856,1
40545,1
80008,1
195952,1
91031,1
254043,1
361013,1
294697,1
525754,1
346677,1
355601,1
85330,1
346676,1
336719,1
51928,1
368033,1
287731,1
107256,1
8738,1
275072,1
96717,1
41208,1
375240,1
77693,1
243515,2
375241,2
239744,2
226602,1
512373,1
209229,1
332337,1
8774,1
301180,1
162601,1
524338,1
236209,1
8783,2
8783,1
377835,2
377835,1
25646,2
25646,1
91738,1
82709,1
124332,1
277813,1
130978,1
124329,1
130979,1
130975,1
83016,1
8856,1
233839,1
377822,1
323880,2
323880,1
223893,2
223893,1
330975,2
330975,1
230172,1
315672,2
315672,1
176334,2
176334,1
330973,2
330973,1
254824,1
247727,1
8899,1
276152,1
223894,2
223894,1
175163,1
223895,1
202497,1
218297,2
218297,1
218298,2
218298,1
97793,2
97793,1
125068,2
125068,1
116254,1
254796,1
371617,1
247042,2
247042,1
330974,2
330974,1
371616,1
273612,1
323879,2
323879,1
510640,1
526545,1
329572,1
125955,1
322087,1
8902,1
249631,1
325737,1
96797,1
175250,1
55515,1
90684,1
183835,1
325296,1
191141,1
191142,1
8903,1
272929,1
343914,1
90486,2
90486,1
376886,1
59530,2
59530,1
372621,1
357504,1
372614,1
372617,1
301196,1
270488,1
372618,1
372615,1
383676,1
376360,1
301195,1
372619,1
372616,1
372610,1
372624,1
372623,1
357496,1
240320,1
98930,1
270490,1
120021,2
120021,1
332578,2
332578,1
249182,1
514353,1
41700,1
510740,1
510816,1
388053,1
122308,2
122308,1
388050,1
388052,1
327165,1
528691,1
500312,1
112183,1
325298,2
325298,1
40784,1
511005,1
132531,1
287159,2
287159,1
171176,1
287459,2
287459,1
117179,2
117179,1
117180,1
117181,2
117181,1
40787,1
528915,1
511170,1
24234,2
24234,1
8915,1
97410,2
97410,1
175535,1
178460,1
162615,1
378093,1
211758,1
98866,2
98866,1
92536,1
96699,2
96699,1
322084,1
41635,1
124540,2
124540,1
90005,2
90005,1
191103,1
347160,1
363142,1
273611,1
114551,1
65384,1
90797,1
105039,1
212328,1
89407,2
89407,1
94761,2
94761,1
256771,2
256771,1
40795,2
40795,1
108516,1
336723,1
242634,2
242634,1
64685,1
346118,1
344226,1
346065,2
346065,1
343800,2
343800,1
383680,1
326906,2
326906,1
343771,2
343771,1
368036,2
368036,1
343801,1
256825,1
97446,1
352813,2
352813,1
193260,1
41628,1
526235,1
114552,1
331071,1
97795,2
97795,1
60912,1
324945,2
324945,1
187299,1
187300,1
345606,1
88267,1
40797,1
90899,2
90899,1
95130,1
268699,1
93784,2
93784,1
360965,1
365150,1
526148,1
98218,1
275073,1
330115,1
311040,1
98641,1
113796,1
164352,1
311551,1
318326,1
308625,1
272930,1
312123,1
381668,1
308011,1
381458,1
347185,1
328188,1
363856,1
130049,1
376368,1
347188,1
520944,1
97836,2
97836,1
367258,2
367258,1
199954,1
506697,1
350391,1
61489,1
248558,1
71599,1
347189,1
302848,1
321070,1
181588,2
181588,1
336733,1
128668,1
128669,1
211088,1
98588,2
98588,1
180572,1
95203,2
95203,1
229061,1
94370,1
96064,2
96064,1
306887,1
360390,2
360390,1
40804,2
40804,1
166286,2
166286,1
166285,2
166285,1
178223,2
178223,1
96799,2
96799,1
85177,1
96798,1
63035,1
97276,1
41624,1
170444,2
170444,1
229062,1
90487,1
160675,1
40808,2
40808,1
132932,2
132932,1
276645,1
243623,1
93285,2
93285,1
125514,1
73442,1
94978,1
113685,1
305554,1
175039,1
89044,1
271466,1
346898,1
98694,1
93731,1
230412,1
147465,1
147466,1
326908,1
197617,1
118729,1
81202,1
521116,1
130471,1
387468,1
331973,1
348595,1
356505,1
176516,1
245174,1
342465,1
380942,2
380942,1
369964,2
369964,1
303361,1
243516,1
296732,1
296772,1
332579,2
332579,1
91082,2
91082,1
40813,1
363679,1
331069,1
114555,1
315926,1
223904,1
124543,1
256773,2
256773,1
294512,1
376891,1
91259,2
91259,1
81246,1
347207,1
90365,2
90365,1
94585,1
97082,2
97082,1
49000,2
49000,1
345604,2
345604,1
98795,2
98795,1
97832,2
97832,1
152081,1
303358,1
346601,1
277038,1
529335,1
229063,1
241542,1
40792,1
520559,1
311034,1
248581,1
344229,1
349094,2
349094,1
503913,1
346899,1
92138,1
59224,1
53645,1
160676,1
360531,1
245173,1
256102,2
256102,1
248582,1
248594,1
348162,1
155584,1
294373,1
386312,1
382535,1
519111,1
526213,1
363855,1
286079,2
286079,1
287436,2
287436,1
254825,2
254825,1
345365,1
241543,1
121652,1
181587,1
170781,1
276562,1
346157,1
381134,1
96859,1
238653,1
276833,1
381429,1
381430,1
294505,1
358845,1
331068,1
331070,1
363680,1
68284,1
256099,1
345243,1
308626,1
347128,1
311552,1
306259,1
284448,1
318327,1
383690,1
383691,1
347200,1
312124,1
347190,1
347186,1
40842,1
175040,1
127363,1
381680,1
381681,1
41638,1
67182,1
334808,1
155587,2
155587,1
96051,1
376376,1
360537,1
360391,2
360391,1
363678,1
363677,1
66256,1
70921,1
70920,2
70920,1
368037,1
327172,1
121653,1
381425,1
248579,1
291729,2
291729,1
510633,1
8944,2
8944,1
226116,1
177807,2
177807,1
308643,2
308643,1
312739,1
305850,2
305850,1
90753,2
90753,1
273839,2
273839,1
247143,2
247143,1
526049,1
525684,1
525969,1
387745,1
217987,2
217987,1
177810,2
177810,1
325554,2
325554,1
177811,2
177811,1
229844,2
229844,1
89002,1
98580,2
98580,1
177812,1
98581,2
98581,1
90930,2
90930,1
524615,1
524616,1
524617,1
524618,1
327166,2
327166,1
308702,2
308702,1
139945,2
139945,1
336749,2
336749,1
92330,2
92330,1
177815,1
154246,2
154246,1
273903,1
335310,2
335310,1
306888,2
306888,1
270492,1
177816,1
177817,1
177818,1
194826,1
525683,1
177820,2
177820,1
95132,2
95132,1
177821,1
93767,2
93767,1
318025,2
318025,1
305542,2
305542,1
160774,1
356487,1
387774,1
177822,2
177822,1
177823,1
331075,1
387775,1
282731,2
282731,1
217988,2
217988,1
94297,2
94297,1
99633,2
99633,1
346061,2
346061,1
80353,2
80353,1
387778,1
298919,2
298919,1
234903,2
234903,1
160775,1
322090,2
322090,1
351200,2
351200,1
177809,2
177809,1
317433,2
317433,1
233443,2
233443,1
331074,1
301550,1
334809,2
334809,1
306261,2
306261,1
312740,1
345780,2
345780,1
307020,2
307020,1
524548,1
524498,1
524492,1
524505,1
217989,2
217989,1
525986,1
525913,1
525688,1
139944,2
139944,1
226118,2
226118,1
273904,2
273904,1
305541,2
305541,1
504178,2
504178,1
273902,1
387776,1
388042,1
388031,1
40824,1
388033,1
388041,1
67015,1
8949,2
8949,1
118782,2
118782,1
140476,1
218387,2
218387,1
261102,1
140477,1
139948,1
69400,2
69400,1
57704,2
57704,1
312741,1
197747,1
309803,2
309803,1
137374,1
309804,2
309804,1
529439,1
58496,1
525822,1
217969,2
217969,1
72325,2
72325,1
279638,2
279638,1
299738,1
261103,1
139947,1
218386,2
218386,1
107688,1
90252,1
352109,1
325303,1
245155,1
327164,1
84400,2
84400,1
375244,2
375244,1
62592,1
179295,1
315982,2
315982,1
94172,2
94172,1
344110,2
344110,1
297202,2
297202,1
87368,2
87368,1
91444,2
91444,1
211762,1
290358,1
524643,1
149045,1
133984,1
133985,1
385246,1
365381,2
365381,1
178462,2
178462,1
216860,2
216860,1
321345,1
268701,2
268701,1
66423,2
66423,1
133986,1
382884,1
161983,1
99134,2
99134,1
198271,1
194612,1
113692,1
94743,2
94743,1
313607,1
216869,1
179298,2
179298,1
248574,2
248574,1
201714,1
242139,1
112647,2
112647,1
194614,2
194614,1
204831,1
321350,1
321353,1
321348,1
323878,2
323878,1
148183,2
148183,1
270354,1
184441,1
49303,1
252368,2
252368,1
21520,1
247041,2
247041,1
515556,1
510701,1
53234,2
53234,1
8972,2
523464,1
338069,2
338069,1
326941,2
326941,1
326938,2
326938,1
373095,2
373095,1
116321,1
93054,1
301240,2
301240,1
526432,2
526432,1
112544,2
112544,1
97331,2
97331,1
98240,2
98240,1
322024,2
322024,1
336516,2
336516,1
335155,2
335155,1
380501,2
380501,1
299833,2
299833,1
525466,2
525466,1
40858,1
8986,2
8986,1
40861,1
517401,2
517401,1
8992,2
8992,1
8998,1
9002,2
9002,1
9005,2
9005,1
96215,2
96215,1
506539,2
506539,1
517334,2
517334,1
9013,2
9013,1
27512,2
27512,1
500193,1
9017,2
9017,1
517461,2
517461,1
9020,1
112313,1
40894,1
56392,2
56392,1
323898,2
323898,1
40897,2
40897,1
223955,2
223955,1
90196,1
98462,2
98462,1
332180,1
90920,2
90920,1
96633,2
96633,1
45017,2
45017,1
86265,1
73160,1
58320,1
64105,1
40905,1
181434,2
181434,1
9056,2
9056,1
9057,2
9057,1
75417,1
81054,2
81054,1
41569,1
58313,2
58313,1
183737,2
183737,1
306959,2
306959,1
332609,2
332609,1
285355,2
285355,1
104665,2
104665,1
114606,2
114606,1
62170,2
62170,1
256542,2
256542,1
58403,2
58403,1
332687,2
332687,1
92538,2
92538,1
41141,2
41141,1
93032,2
93032,1
296691,2
296691,1
323621,1
357672,2
357672,1
96274,2
96274,1
171100,2
171100,1
44443,2
44443,1
183300,2
183300,1
277437,1
285881,2
285881,1
78350,2
78350,1
73151,2
73151,1
90757,2
90757,1
137832,2
137832,1
63938,2
63938,1
94286,2
94286,1
526616,2
526616,1
363788,2
363788,1
526628,2
526628,1
41108,2
41108,1
102029,1
9128,2
9128,1
323923,2
323923,1
48959,2
48959,1
221225,2
221225,1
69653,2
69653,1
105265,2
105265,1
158429,2
158429,1
230622,2
230622,1
118349,2
118349,1
172646,2
172646,1
331091,2
331091,1
331093,2
331093,1
118351,2
118351,1
179035,2
179035,1
80105,2
80105,1
184010,2
184010,1
97808,2
97808,1
9138,2
9138,1
331090,2
331090,1
331092,2
331092,1
361724,2
361724,1
177152,2
177152,1
269034,2
269034,1
345368,1
252060,2
252060,1
360406,2
360406,1
319267,1
41175,2
41175,1
379201,1
41176,2
41176,1
352499,1
241766,1
293764,1
321506,1
55440,1
312030,1
21018,1
319266,1
337675,1
337673,1
500235,1
500232,1
500233,1
337674,1
372590,1
110069,1
41173,1
101621,1
239073,2
239073,1
98016,2
98016,1
9415,1
81714,2
81714,1
150351,1
157350,1
157353,1
9431,1
287137,1
130406,1
168179,1
137753,1
23662,1
9444,1
224006,1
168181,1
375351,1
9447,1
168184,1
54316,1
309421,1
118949,1
168186,1
101251,1
47929,1
54204,1
168190,1
168191,1
9450,1
111697,1
92208,1
376194,1
9452,1
102274,1
79859,1
77195,1
9453,1
9454,1
168180,1
48266,1
86313,1
91893,1
224009,1
130405,1
70192,1
361728,1
70193,1
103103,1
334810,1
89815,1
168187,1
9457,1
168202,1
51239,1
168203,1
58524,1
168206,1
329574,1
168207,1
168208,1
9459,1
116612,1
60491,1
9473,1
85262,2
85262,1
55355,2
55355,1
61140,2
61140,1
77106,2
77106,1
251749,2
251749,1
68752,2
68752,1
284976,2
284976,1
326234,2
326234,1
270452,2
270452,1
143235,2
143235,1
241056,2
241056,1
118681,2
118681,1
329863,2
329863,1
118682,2
118682,1
72157,2
72157,1
52321,2
52321,1
81371,2
81371,1
29317,1
45421,1
95693,1
77291,1
47201,1
9650,1
325424,1
99018,1
522976,1
45078,1
9668,1
236689,1
9701,1
515227,1
375353,2
375353,1
64956,2
64956,1
361192,1
218287,2
218287,1
346119,2
346119,1
47138,2
47138,1
77502,2
77502,1
153048,2
153048,1
297561,2
297561,1
183312,1
47139,2
47139,1
138486,2
138486,1
46817,2
46817,1
61567,1
297201,2
297201,1
9709,2
9709,1
294502,1
100042,1
9710,2
72614,1
9715,1
42317,1
508316,1
83583,1
19842,2
19842,1
47031,2
47031,1
9720,2
9720,1
97763,2
97763,1
42982,2
42982,1
224031,2
224031,1
9719,2
9719,1
127157,2
127157,1
9734,1
131665,1
9780,2
9780,1
135862,1
67708,2
67708,1
302118,1
9805,2
9805,1
522474,1
301202,1
517400,1
301206,1
357506,1
357498,1
64168,1
63679,2
63679,1
99415,1
269744,1
45564,1
269745,1
192433,1
9827,1
229754,1
77022,1
9828,1
272198,1
92730,1
50005,2
50005,1
41682,1
43004,1
83608,1
22256,1
167766,1
178591,1
178599,1
178602,1
380983,1
361777,1
343722,1
380984,1
9900,2
9900,1
97865,1
270498,1
324124,2
324124,1
9903,1
159644,1
219484,1
238334,1
177474,1
107051,1
297789,1
97894,1
9964,1
113741,1
61743,1
120047,1
103171,1
20260,1
62096,1
9978,1
208325,1
56973,1
226569,1
62293,1
101405,1
96413,1
58643,1
78583,1
19719,1
69635,1
9980,1
46183,1
178504,1
73337,2
73337,1
75900,1
195562,1
334817,1
360835,1
130019,1
254235,1
9990,1
138184,1
348187,2
348187,1
535632,1
84293,1
114335,1
146717,1
327305,2
327305,1
518865,2
518865,1
212014,1
224082,1
196725,1
124098,1
104183,1
196724,1
519417,2
519417,1
199951,1
196779,1
124099,1
10017,1
254046,1
213205,1
326966,1
253756,1
10018,1
154976,1
327191,1
109682,1
70343,1
308655,1
167710,1
134770,1
324505,1
285415,1
69847,1
351888,2
351888,1
160283,1
51147,1
268790,1
10060,1
10061,1
272079,1
175033,1
287462,1
175589,1
178651,1
176466,1
43006,2
43006,1
360512,2
360512,1
268905,2
268905,1
256019,1
324169,2
324169,1
194271,2
194271,1
90392,2
90392,1
324173,2
324173,1
318310,2
318310,1
318311,2
318311,1
77548,1
230438,2
230438,1
45594,2
45594,1
231524,2
231524,1
132500,1
92713,2
92713,1
45144,2
45144,1
96735,2
96735,1
350535,2
350535,1
24759,2
24759,1
81603,2
81603,1
117430,2
117430,1
21424,2
21424,1
192516,2
192516,1
179808,2
179808,1
239763,2
239763,1
350536,2
350536,1
202266,1
136342,1
318768,2
318768,1
10298,1
22137,1
134059,1
325429,1
383382,1
505455,1
10307,2
80219,1
522860,1
377845,1
181594,2
181594,1
92586,2
92586,1
92266,2
92266,1
373978,2
373978,1
78266,2
78266,1
10353,2
10353,1
108404,2
108404,1
274602,2
274602,1
10354,2
376153,2
318913,2
318913,1
10355,2
219029,2
10366,1
150643,1
10367,1
10372,1
378080,1
52708,2
52708,1
21193,2
21193,1
62009,2
318912,2
318912,1
382635,1
106166,1
512607,1
10423,2
10423,1
271383,2
271383,1
10426,1
133751,1
74792,1
10430,1
169252,2
169252,1
222111,1
329612,2
329612,1
82664,2
82664,1
324239,2
324239,1
228331,1
41005,2
41005,1
328854,2
328854,1
136001,2
136001,1
239836,2
239836,1
55027,1
10440,2
10440,1
10446,1
190774,2
190774,1
249426,2
249426,1
93269,2
93269,1
273574,2
273574,1
293139,2
293139,1
276680,2
276680,1
344886,2
344886,1
373274,2
373274,1
381472,2
381472,1
190441,2
190441,1
22402,2
22402,1
329704,2
329704,1
56125,2
56125,1
308075,1
23276,1
240672,1
175084,2
175084,1
10461,1
59789,1
47629,1
63762,1
10463,1
159623,1
76064,2
76064,1
68665,2
68665,1
244067,1
10465,1
308076,1
21094,1
67170,2
67170,1
194983,1
83319,1
10473,1
10474,1
10478,1
99211,1
10480,1
44695,2
44695,1
192496,1
136112,1
65421,2
65421,1
96707,2
96707,1
93277,2
93277,1
79096,1
162469,2
162469,1
45837,1
324910,1
383840,1
153462,1
196581,2
196581,1
60802,2
60802,1
96080,2
96080,1
10484,1
251086,2
251086,1
324218,1
367327,2
367327,1
367328,2
367328,1
381191,1
367330,1
367311,2
367311,1
501586,2
501586,1
512420,2
512420,1
367317,1
367319,2
367319,1
381195,1
367321,2
367321,1
367322,2
367322,1
177954,2
177954,1
367320,2
367320,1
511415,2
511415,1
502806,2
502806,1
367372,1
308079,2
308079,1
197870,2
197870,1
512596,2
512596,1
73645,2
73645,1
128279,2
128279,1
125623,1
116299,2
116299,1
224163,2
224163,1
138953,2
138953,1
103155,2
103155,1
114667,2
114667,1
61339,2
61339,1
316223,1
57650,2
57650,1
512615,2
512615,1
21337,2
21337,1
10504,1
329613,2
329613,1
10508,2
10508,1
259008,2
259008,1
52050,2
52050,1
131457,2
131457,1
294715,1
82426,2
82426,1
74793,2
74793,1
98731,2
98731,1
60183,2
60183,1
327477,2
327477,1
62760,2
62760,1
341742,2
341742,1
178009,2
178009,1
224165,2
224165,1
93077,2
93077,1
69023,2
69023,1
357446,2
357446,1
83944,2
83944,1
325597,2
325597,1
317141,1
365949,1
152505,2
152505,1
71611,2
71611,1
79966,2
79966,1
224166,2
224166,1
79967,2
79967,1
91239,2
91239,1
47508,2
47508,1
85374,2
85374,1
179231,1
137518,2
137518,1
196582,1
82430,1
10520,2
10520,1
170492,2
170492,1
59790,2
59790,1
308080,2
308080,1
10521,2
10521,1
68666,2
68666,1
52092,1
55249,2
55249,1
21343,2
21343,1
170954,1
10530,2
10530,1
90218,2
90218,1
94143,2
94143,1
89570,2
89570,1
198443,2
198443,1
523909,1
523893,1
148725,2
148725,1
92647,2
92647,1
224161,1
74914,2
74914,1
48383,2
48383,1
259007,1
306385,1
131243,2
131243,1
108066,2
108066,1
331227,1
90219,2
90219,1
92648,2
92648,1
308118,1
96081,1
153939,1
10535,1
170897,1
194510,1
285298,1
301218,1
131013,1
318360,1
359587,1
118809,1
118810,1
301217,1
288059,1
324290,1
238778,2
238778,1
169498,1
122441,1
319964,1
193245,2
193245,1
10582,1
86879,2
86879,1
74460,2
74460,1
10609,2
10609,1
159658,2
159658,1
62296,2
62296,1
62346,1
10659,1
150404,1
284024,1
368378,1
140728,1
140724,1
88927,1
154296,1
154310,1
181748,1
125961,1
94940,1
284034,1
248925,1
353084,1
140729,1
388545,1
386565,1
324340,1
189765,1
140638,1
341353,1
88902,1
63113,1
227709,1
176157,1
251046,1
533280,1
269966,1
329499,1
355927,1
383348,1
284567,1
378968,1
234964,1
534950,1
138365,1
156011,1
50909,1
285257,1
288053,1
526377,1
297794,1
48733,1
385718,1
107266,1
284455,1
296048,1
272676,1
232619,1
256631,2
256631,1
221129,2
221129,1
86739,1
332648,1
505213,2
505213,1
379174,1
232636,1
331031,2
331031,1
275601,2
275601,1
10730,2
10730,1
50760,1
80893,2
80893,1
254533,2
254533,1
232617,1
272935,2
272935,1
58581,1
232611,1
10731,1
375121,1
20712,2
20712,1
292194,2
292194,1
327203,1
322095,1
332155,1
523084,1
529340,1
327167,1
529339,1
20925,1
241217,1
10733,1
345585,1
100468,1
379205,1
203319,1
249200,1
375387,1
353699,1
10738,1
107128,1
314108,1
10739,1
10741,2
10741,1
10743,2
10743,1
375391,1
375392,1
375394,1
224196,1
88033,1
68943,1
375388,2
375388,1
155767,1
84624,1
77400,1
90841,1
346722,1
224201,1
224202,1
238789,2
238789,1
153095,2
153095,1
224207,2
224207,1
224210,1
46233,1
66873,1
63612,1
68182,1
71057,1
336054,1
336055,1
336056,1
69871,1
76430,1
334763,1
224215,1
209216,1
80069,1
66756,1
224217,1
42287,1
346378,1
55628,1
520693,1
519598,1
520948,1
160551,1
70631,1
48031,1
155543,1
67965,1
71074,1
49442,1
42527,1
51843,1
224220,1
65344,1
45524,1
76238,1
43906,1
334765,1
79736,1
334767,1
51909,1
73200,1
50346,1
334771,1
85590,1
83378,1
72192,1
74563,1
65308,1
79737,1
78042,1
60455,1
338213,1
79236,1
112595,1
346396,1
50399,1
116110,1
67417,1
316381,1
81332,1
77077,2
77077,1
76279,1
83057,1
64524,1
309895,1
51900,1
70780,1
338737,1
338730,1
71167,1
346401,1
138489,1
74882,1
169798,1
102366,1
47370,1
81944,1
59596,1
52907,1
58130,1
84790,2
84790,1
56317,1
49063,1
328136,1
42989,1
61048,1
70330,1
65808,1
518881,1
518801,1
520489,1
132343,1
115054,1
114994,1
74756,1
369457,2
369457,1
124548,1
131016,1
171106,2
171106,1
362088,2
362088,1
507380,1
507425,1
507667,1
507395,1
507583,1
507469,1
507660,1
507485,1
507243,1
106174,1
106175,1
106176,1
106177,1
10811,1
10815,1
237707,1
106178,1
10821,1
10825,1
10830,1
10832,1
106179,1
382364,1
10833,1
516922,1
187891,1
106180,1
10843,1
106181,1
386599,1
287947,1
257503,1
87434,1
50035,2
81610,1
53040,2
120494,1
70194,1
67925,1
191106,1
119598,1
10920,1
514414,1
514415,1
106183,1
364651,1
10923,1
371042,1
10930,1
404796,1
404798,1
133076,1
10935,1
404802,1
10941,1
10944,1
10945,1
10947,1
10948,1
140217,1
10949,1
404819,1
516514,1
404824,1
10952,1
11004,1
379761,1
382367,1
253218,1
11026,1
57957,1
85975,1
84304,1
231514,1
110826,1
79252,2
149020,2
149020,1
65651,2
65651,1
218843,2
218843,1
224252,2
224252,1
79518,2
79518,1
11057,2
11057,1
41537,2
41537,1
58295,2
58295,1
46061,1
54919,1
11063,1
23121,1
150219,1
286089,1
52027,1
21790,1
250294,1
250301,1
296049,1
106184,1
329286,1
255390,1
130003,1
167248,1
508009,1
508008,1
11191,1
508006,1
521316,1
523669,1
508007,1
368052,1
505074,1
522864,1
363370,1
377773,1
362033,1
363681,1
362034,1
11220,1
11221,1
171352,1
11224,1
228772,1
254732,1
116613,1
126798,1
11230,1
134038,1
372454,1
137955,1
227597,1
529148,1
248551,1
227927,1
529132,1
11240,1
65340,1
57090,1
248657,2
248657,1
56047,2
56047,1
49107,2
49107,1
385867,2
385867,1
11298,2
11298,1
69328,2
69328,1
84539,2
84539,1
11310,1
307606,1
11320,1
343724,1
11326,1
292159,1
53051,1
360977,1
343775,1
93938,1
99812,1
274430,1
320174,1
349320,1
84154,1
501265,2
501265,1
501264,2
501264,1
112578,1
106189,1
120666,1
120665,1
248133,1
106191,1
382370,1
67065,1
187899,1
11475,1
304352,1
11507,1
236665,1
243097,1
337948,1
176665,1
176666,1
222000,1
176667,1
236666,1
520858,1
106502,1
106524,1
351085,1
352512,1
106568,1
344791,1
343396,1
132309,1
106719,1
106763,1
343397,1
106839,1
106885,1
106926,1
72041,1
361252,1
367908,1
344608,1
332591,1
77219,1
96974,1
84299,1
520061,1
126553,1
71827,1
80618,1
174721,1
316930,1
107103,1
280920,1
11525,2
11525,1
183720,1
106197,1
11580,1
106198,1
11585,1
106199,1
106200,1
131642,1
382372,1
11586,1
11589,1
11591,1
236205,1
11592,1
132888,1
70319,2
70319,1
329517,2
329517,1
47064,2
47064,1
11639,2
11639,1
166171,1
259042,1
406633,1
11722,2
11722,1
11740,2
11740,1
227318,2
227318,1
271391,2
271391,1
89412,1
311964,1
46777,2
46777,1
11756,2
11756,1
51040,1
96257,2
96257,1
11768,1
45734,2
45734,1
49532,2
49532,1
11777,2
11777,1
228851,1
94555,2
94555,1
76193,1
99767,2
99767,1
329525,1
44008,2
44008,1
11782,1
522867,1
523973,1
523948,1
332023,1
332373,1
372809,1
332366,1
332295,1
327502,1
407250,1
387339,1
332084,1
11807,1
407350,1
22745,1
11816,1
51676,1
11850,1
106201,1
120497,1
237737,1
327530,1
120546,1
11911,1
316343,1
317891,1
525487,1
160129,1
11924,2
11924,1
11925,1
11967,2
11967,1
78617,2
78617,1
48341,2
48341,1
197733,2
197733,1
31385,2
31385,1
153124,1
12000,1
12001,2
12001,1
113969,2
113969,1
96976,1
12002,2
12002,1
12007,2
12007,1
138079,1
12041,2
12041,1
12046,2
271039,1
12052,1
25413,1
177805,1
21362,2
40761,1
177804,1
135750,1
68822,1
224421,1
75498,1
76969,1
25119,1
329529,2
329529,1
79098,1
51287,1
317663,1
129726,1
12078,1
59934,2
59934,1
177986,2
177986,1
91844,2
91844,1
74937,1
20503,1
378594,1
196179,1
526173,1
227580,1
72290,1
286167,1
526000,1
525384,1
12107,1
235803,1
526161,1
273194,1
247607,1
156068,1
227584,1
526062,1
196182,1
526196,1
108866,1
196184,1
500009,1
196188,1
526342,1
59964,1
42338,1
336690,1
526315,1
307687,1
161760,1
518284,1
526413,1
203553,1
526303,1
526406,1
381013,1
526474,1
373205,1
221440,1
525529,1
227587,1
286198,1
196205,1
526225,1
308012,1
345287,1
265779,1
153017,1
524608,1
375412,1
526250,1
526475,1
251942,1
130380,1
141479,1
21612,1
524607,1
100502,1
234819,1
380529,1
188525,1
243399,1
51132,1
101672,1
150562,1
138128,1
12174,1
106035,1
500153,1
500154,1
114575,1
221346,1
500149,1
500227,1
12182,1
94017,1
76539,1
276483,1
60880,1
103687,1
52060,1
102948,1
137274,1
103686,1
334832,1
337617,1
140147,1
297204,1
116692,1
153468,1
116694,1
265780,1
344253,1
500054,1
116702,1
116691,1
101955,1
103523,1
108846,1
102556,1
137279,1
104248,1
519473,1
58002,1
367790,1
206161,1
116686,1
116641,1
137281,1
367792,1
181696,1
344252,1
116700,1
104817,1
104605,1
171726,1
116684,1
297206,1
110581,1
138149,1
377762,1
74761,1
221328,1
126007,1
74157,1
63743,1
79313,1
74308,1
50802,1
221340,1
500276,1
68103,1
66182,1
378452,1
310567,1
236891,1
12202,1
200809,1
90149,1
59139,1
63209,1
42080,1
226060,1
12219,1
163220,1
372489,1
372577,1
407809,1
407889,1
332827,1
408076,1
380636,1
341607,1
408170,1
341608,1
388217,1
165241,1
408441,1
408450,1
119642,1
201973,1
163219,1
341611,1
12255,1
407839,1
407892,1
217569,1
163231,1
407996,1
12268,1
320206,1
12271,1
12272,1
87895,1
12274,1
12275,1
42108,1
12276,1
12278,1
105721,1
383743,1
12280,1
408636,1
68100,2
68100,1
253820,2
253820,1
80728,2
80728,1
62085,2
62085,1
256973,2
256973,1
115506,1
119922,1
119923,1
117769,1
236185,1
250630,1
140219,1
106207,1
12333,1
250772,1
236211,1
236158,1
254535,2
254535,1
12346,2
12346,1
116715,1
61878,1
12348,2
12348,1
12349,2
12349,1
257000,2
257000,1
135754,2
135754,1
321263,2
321263,1
321264,2
321264,1
256635,2
256635,1
77064,2
77064,1
22725,2
22725,1
49901,1
12350,2
12350,1
107238,2
107238,1
72360,2
72360,1
101849,2
101849,1
93819,1
56115,1
281790,1
351664,1
329721,1
220364,1
79005,1
281791,1
311324,1
52684,1
113161,1
74449,1
319282,1
350967,1
69041,1
120571,1
218373,1
298549,1
228856,1
190899,1
363865,1
61068,1
168250,1
72478,1
117573,1
12356,1
210060,1
305875,1
69390,1
288554,1
241852,1
63454,1
68461,1
69583,1
50588,1
128390,1
68185,1
87601,1
60891,1
329648,1
194846,1
12363,1
12364,1
42615,1
68183,1
60659,1
76115,1
60660,1
113177,1
116661,1
61362,1
58866,1
62033,1
90022,1
54986,1
12409,2
12409,1
12411,1
114868,1
12469,2
12469,1
70130,2
70130,1
12477,2
12477,1
51411,2
51411,1
20627,1
106212,1
12534,1
132843,2
132843,1
12546,2
12546,1
277539,1
71302,2
71302,1
60308,2
60308,1
67494,2
67494,1
71678,2
71678,1
12567,2
12567,1
327889,2
327889,1
327987,2
327987,1
50029,2
50029,1
329847,1
270959,2
270959,1
138789,2
138789,1
12619,2
12619,1
55771,2
55771,1
147711,2
147711,1
270596,2
270596,1
12620,2
12620,1
523450,2
523450,1
523346,2
523346,1
107624,2
107624,1
162223,2
162223,1
283861,2
283861,1
67769,2
67769,1
71402,2
71402,1
12625,1
51563,2
51563,1
84659,2
84659,1
97918,2
97918,1
92831,2
92831,1
96574,2
96574,1
153610,2
153610,1
197880,2
197880,1
182212,2
182212,1
179572,2
179572,1
72499,2
72499,1
56014,2
56014,1
85790,2
85790,1
99581,2
99581,1
60221,2
60221,1
369933,2
369933,1
332371,2
332371,1
47649,2
47649,1
286111,2
286111,1
111199,2
111199,1
196399,2
196399,1
140048,2
140048,1
93713,2
93713,1
50042,2
50042,1
331954,2
331954,1
380954,2
380954,1
49734,2
49734,1
523291,1
153612,2
153612,1
153613,2
153613,1
129582,2
129582,1
66244,2
66244,1
66243,2
66243,1
382889,2
382889,1
128806,2
128806,1
210933,2
210933,1
153603,2
153603,1
360542,2
360542,1
91218,2
91218,1
49561,2
49561,1
132847,2
132847,1
331956,2
331956,1
128125,2
128125,1
74669,2
74669,1
45694,2
45694,1
95216,2
95216,1
534521,1
114097,2
114097,1
168753,1
241547,2
241547,1
331958,2
331958,1
375565,2
375565,1
70402,2
70402,1
156488,2
156488,1
116705,2
116705,1
104714,2
104714,1
274431,2
274431,1
74838,1
77317,2
77317,1
272937,2
272937,1
54647,2
54647,1
156490,2
156490,1
308091,2
308091,1
125973,2
125973,1
98876,2
98876,1
118566,2
118566,1
529351,1
224507,1
209447,2
209447,1
226132,2
226132,1
523292,1
534872,1
529350,1
63812,2
63812,1
161838,2
161838,1
70685,1
331959,2
331959,1
342695,2
342695,1
56061,2
56061,1
85789,2
85789,1
12635,2
12635,1
12636,2
12636,1
224508,2
224508,1
21745,2
21745,1
92563,2
92563,1
98429,2
98429,1
190517,2
190517,1
12638,2
12638,1
12640,2
12640,1
120061,2
120061,1
227889,2
227889,1
331952,2
331952,1
12641,2
12641,1
185337,2
185337,1
12642,2
12642,1
12643,2
12643,1
160350,2
160350,1
12644,2
12644,1
141447,2
141447,1
85263,2
85263,1
233820,2
233820,1
12652,2
12652,1
83397,2
83397,1
119453,1
170199,2
170199,1
171030,2
171030,1
525581,2
525581,1
156555,1
227891,1
297077,2
297077,1
302154,1
329558,1
103954,1
21966,1
128701,2
128701,1
81651,1
255073,1
155016,1
300835,2
300835,1
12653,1
128700,1
151221,2
151221,1
175829,2
175829,1
152226,2
152226,1
156515,2
156515,1
88632,2
88632,1
12654,2
12654,1
12657,2
12657,1
329560,2
329560,1
12658,2
12658,1
156561,2
156561,1
300432,2
300432,1
83870,2
83870,1
112320,1
12661,2
12661,1
12662,2
12662,1
140350,2
140350,1
156516,2
156516,1
331957,2
331957,1
112279,2
112279,1
12639,2
12639,1
331953,2
331953,1
94392,2
94392,1
12649,2
12649,1
12650,2
12650,1
12648,2
12648,1
101433,2
101433,1
224511,2
224511,1
12651,2
12651,1
111561,2
111561,1
233986,2
233986,1
12655,2
12655,1
12656,2
12656,1
69242,2
69242,1
331960,2
331960,1
132090,2
132090,1
12663,2
12663,1
44115,1
315281,1
388866,1
526378,1
510918,1
378520,1
526132,1
272080,1
526301,1
54678,1
522528,1
247855,1
182569,1
315280,1
47835,1
66433,1
69146,1
70465,1
353721,1
514461,1
382446,1
254662,1
521331,1
12681,1
12683,1
523124,1
523085,1
47836,1
523054,1
233640,1
55454,1
522444,1
536101,1
59193,1
383976,1
317843,1
119567,1
234430,1
510416,1
519453,1
519332,1
386697,1
108380,1
12699,1
12700,1
25155,1
65597,1
60857,1
50572,2
50572,1
235867,2
235880,2
235880,1
57213,2
93564,2
99492,2
99492,1
194513,2
194513,1
258155,2
258155,1
267575,2
267575,1
363826,2
363826,1
220208,2
220208,1
111271,2
111271,1
195075,2
195075,1
196485,2
196485,1
177944,2
177944,1
69951,2
69951,1
56843,2
56843,1
92392,2
92392,1
108330,1
103881,2
103881,1
112135,2
112135,1
247850,2
247850,1
534525,2
534525,1
239765,2
239765,1
20907,2
20907,1
80154,2
80154,1
271623,2
271623,1
182046,2
182046,1
109138,2
109138,1
126186,2
126186,1
101960,2
101960,1
156634,2
156634,1
97781,2
97781,1
253773,2
253773,1
194274,2
194274,1
183503,2
183503,1
379212,2
379212,1
192518,2
192518,1
287690,2
287690,1
256186,2
256186,1
375442,2
375442,1
241450,2
241450,1
239767,2
239767,1
67276,2
67276,1
67806,2
67806,1
12810,2
12810,1
329790,2
329790,1
76901,2
76901,1
247499,2
247499,1
351736,1
218000,2
218000,1
351737,1
211213,2
211213,1
333828,2
333828,1
290292,2
290292,1
280681,2
280681,1
221313,2
221313,1
94830,2
94830,1
196452,2
196452,1
307465,2
307465,1
333827,2
333827,1
54026,2
54026,1
71803,2
71803,1
74082,2
74082,1
121491,2
121491,1
133913,2
133913,1
60192,1
176155,1
12838,1
94301,1
117387,1
166234,1
220834,1
12847,2
12847,1
12846,1
12853,2
212881,2
212881,1
75274,1
283962,1
54207,1
154349,1
500066,1
79106,1
60173,1
198410,1
198411,1
116714,1
86716,1
103786,1
58619,1
53662,1
196579,1
332098,1
235763,1
72988,1
12864,1
12866,1
12869,1
332118,1
80646,1
332119,1
78374,1
332122,2
332122,1
116259,1
50947,1
48859,1
198452,1
74142,1
298115,2
298115,1
253630,2
253630,1
320215,2
320215,1
252857,2
252857,1
307113,2
307113,1
73067,2
73067,1
338074,2
338074,1
12876,2
12876,1
338075,2
338075,1
286755,2
286755,1
326200,2
326200,1
338080,2
338080,1
333042,2
333042,1
96334,2
96334,1
105625,2
105625,1
308715,2
308715,1
331055,2
331055,1
341433,2
341433,1
515525,2
515525,1
361750,2
361750,1
304924,2
304924,1
227111,2
227111,1
361767,2
361767,1
273913,2
273913,1
325318,2
325318,1
338079,2
338079,1
256735,2
256735,1
341434,2
341434,1
254809,2
254809,1
228351,2
228351,1
250341,2
250341,1
341432,2
341432,1
361752,2
361752,1
331056,2
331056,1
338082,2
338082,1
227112,2
227112,1
252168,2
252168,1
381199,2
381199,1
249460,2
249460,1
332243,2
332243,1
338077,2
338077,1
310555,2
310555,1
338076,2
338076,1
256736,2
256736,1
338081,2
338081,1
56813,2
56813,1
95507,2
95507,1
307438,2
307438,1
385673,2
385673,1
535559,2
535559,1
536506,2
536506,1
59640,1
361658,1
504958,1
314488,1
361659,1
504956,1
94125,1
105436,1
13015,1
141388,1
250738,1
22194,1
526486,2
526486,1
115361,2
115361,1
47052,2
47052,1
511777,2
511777,1
192756,2
192756,1
165976,2
165976,1
358683,2
358683,1
69580,2
69580,1
272940,2
272940,1
326323,2
326323,1
80084,2
80084,1
66742,2
66742,1
220165,2
220165,1
80292,2
80292,1
354833,2
354833,1
61257,2
61257,1
58437,2
58437,1
70351,1
13166,1
245130,1
13167,1
25153,1
270176,1
285685,1
19716,1
44751,1
71578,1
280748,1
60970,1
298737,1
369517,1
113755,1
80940,1
370201,1
77209,1
235504,1
138189,1
62159,1
241675,1
136553,1
369313,1
77368,1
13235,1
19712,1
13238,1
13260,1
210281,1
34157,1
49196,1
140058,1
151140,1
43608,2
43608,1
13265,1
13266,1
13267,2
13267,1
62826,1
13269,1
176118,1
41210,1
13270,1
47874,1
68105,1
13277,1
176669,1
327532,1
120467,2
120467,1
525486,1
525536,1
525507,1
525427,1
525471,1
525465,1
13333,1
258158,1
72285,1
20937,1
140990,1
151158,1
241778,2
241778,1
62794,2
62794,1
62795,2
62795,1
171058,2
171058,1
55892,1
13396,1
76366,2
76366,1
98625,2
98625,1
49579,2
49579,1
98187,2
98187,1
331887,2
331887,1
216520,2
216520,1
378171,1
235900,2
235900,1
20908,1
64850,1
331892,1
331890,1
56000,1
357132,1
357140,2
357140,1
357138,2
357138,1
357139,2
357139,1
357141,2
357141,1
273480,1
41908,2
41908,1
13424,2
13424,1
13425,2
13425,1
72018,1
71963,1
13449,2
13449,1
108486,1
248016,1
72126,1
13463,1
13464,1
99495,1
13471,1
217867,1
156812,1
176670,1
33492,2
33492,1
25943,2
25943,1
79785,2
79785,1
13487,1
13490,2
13490,1
145163,2
145163,1
208462,2
208462,1
196298,2
196298,1
145164,2
145164,1
114024,2
114024,1
52610,2
52610,1
99001,2
99001,1
46657,2
46657,1
41906,2
41906,1
259189,2
259189,1
66118,2
66118,1
66119,2
66119,1
77381,2
77381,1
352763,1
240126,2
240126,1
110872,1
13502,2
13502,1
54273,2
54273,1
80693,2
80693,1
224630,2
224630,1
13539,2
13539,1
116519,2
116519,1
175638,2
175638,1
51007,2
51007,1
92057,2
92057,1
224632,2
224632,1
104409,2
104409,1
60975,2
60975,1
224633,2
224633,1
45597,2
45597,1
13544,2
13544,1
107698,2
107698,1
13552,2
13552,1
224641,2
224641,1
224642,2
224642,1
120502,2
120502,1
114134,2
114134,1
13582,2
13582,1
80737,2
80737,1
94920,2
94920,1
95489,2
95489,1
94958,2
94958,1
179942,2
179942,1
102677,2
102677,1
168778,2
168778,1
59124,2
59124,1
103250,2
103250,1
65958,2
65958,1
58300,2
58300,1
64731,2
64731,1
118345,2
118345,1
90597,2
90597,1
61707,2
61707,1
87538,2
87538,1
59478,2
59478,1
138237,2
138237,1
357593,2
357593,1
357594,2
357594,1
83728,2
83728,1
59642,2
59642,1
97675,2
97675,1
102068,2
102068,1
75333,2
75333,1
43017,2
43017,1
103442,2
103442,1
138497,2
138497,1
13584,2
13584,1
199950,2
199950,1
116972,2
116972,1
72193,2
72193,1
131263,2
131263,1
68731,2
68731,1
103439,2
103439,1
97657,2
97657,1
129868,2
129868,1
178174,2
178174,1
121087,2
121087,1
77618,2
77618,1
13589,2
13589,1
140275,2
140275,1
92694,2
92694,1
371694,2
371694,1
308603,2
308603,1
60422,2
60422,1
105023,2
105023,1
65871,2
65871,1
95785,2
95785,1
127576,2
127576,1
69329,2
69329,1
229955,2
229955,1
90190,2
90190,1
104197,2
104197,1
74853,2
74853,1
86698,2
86698,1
368983,2
368983,1
369315,2
369315,1
160564,2
160564,1
177959,2
177959,1
175558,2
175558,1
131262,2
131262,1
66767,2
66767,1
116968,2
116968,1
71114,2
71114,1
331840,2
331840,1
331852,2
331852,1
66443,2
66443,1
13595,2
13595,1
13602,2
13602,1
13604,2
13604,1
120503,2
120503,1
131936,2
131936,1
112098,1
322270,1
13915,2
13915,1
273056,1
126024,1
200817,1
65053,1
57132,1
78597,1
324409,1
80162,1
13930,1
384516,1
220550,1
139745,1
529688,1
128045,1
535692,1
337006,1
311960,2
311960,1
227378,2
227378,1
97245,1
172411,1
155190,1
377058,1
236180,2
236180,1
65394,1
371130,1
132216,1
152184,2
152184,1
529365,1
311753,1
49071,1
138247,1
311961,2
311961,1
370648,2
370648,1
369411,1
51228,1
332992,1
154532,1
522167,1
140063,1
175410,1
82523,1
126770,1
126376,1
534510,1
203317,1
196180,1
219279,1
372834,1
536571,1
521778,1
58104,1
137589,1
78889,1
533692,1
56116,1
535230,1
535854,1
204656,1
77629,1
43108,1
75036,1
534138,1
66209,1
68391,1
204658,1
204659,1
59056,1
137913,1
146506,1
131852,1
78986,1
521771,1
166872,1
219667,2
219667,1
131463,1
47607,1
57782,1
375968,1
63690,1
60208,1
81932,1
131967,1
55784,1
521451,1
77189,1
73394,1
79992,1
73959,1
43663,1
52628,1
65635,1
64953,1
79419,1
126805,1
227432,1
372835,1
60618,1
56514,1
68011,1
149360,1
73178,1
126806,1
361685,1
113293,1
62595,1
132081,1
132082,1
525648,1
79177,1
113295,1
116114,1
137526,1
73868,1
47582,1
49660,1
61654,1
372836,1
375860,1
521275,1
86953,1
285898,1
113298,1
132217,1
522166,1
119306,1
226500,1
86954,1
73588,1
52014,1
56163,1
84405,1
100913,1
46762,1
140064,1
62751,1
140066,1
361727,1
160711,1
224722,1
13965,2
13965,1
160701,1
68225,2
68225,1
68226,1
83275,1
70924,2
70924,1
316962,1
253838,1
72278,1
86399,1
45723,1
224725,1
271645,2
271645,1
66550,1
55755,1
81205,1
374795,1
160704,2
160704,1
331796,1
147295,2
147295,1
90692,1
98538,2
98538,1
224727,2
224727,1
536120,1
238995,1
341869,2
341869,1
99596,1
299404,1
94772,2
94772,1
331790,2
331790,1
97846,2
97846,1
275623,1
70534,1
196345,2
196345,1
518250,1
99043,2
99043,1
89674,2
89674,1
130222,2
130222,1
272961,1
535990,1
323073,1
520422,1
332987,1
81599,1
82321,1
324611,1
75989,1
60724,1
59008,1
74492,1
131863,1
103741,1
81464,1
315650,1
131862,1
55217,1
255776,1
57732,1
175412,1
125079,1
133330,1
79511,1
46172,1
518197,1
66951,1
322951,1
519215,1
69405,1
76061,1
76062,1
160710,1
219283,1
533734,1
536595,1
146526,1
524675,1
196737,1
343670,1
150322,1
14030,1
307471,1
96915,1
90492,2
90492,1
97486,1
90628,1
322918,1
184393,1
62796,2
62796,1
192901,1
24130,1
129055,1
91146,1
48838,1
24128,1
84437,1
253318,1
360174,1
535980,1
14080,2
14080,1
66679,2
66679,1
72804,2
72804,1
14095,1
254545,1
119104,2
119104,1
100589,1
299425,1
68581,1
287274,1
246626,1
53688,1
382646,1
327533,1
106219,2
106219,1
122049,1
51496,1
315361,1
72855,1
14197,1
14199,1
315363,1
14202,2
14202,1
14203,2
14203,1
120957,1
224753,2
224753,1
84899,2
84899,1
108759,1
343727,2
343727,1
53740,2
53740,1
142054,2
142054,1
60124,2
60124,1
73599,1
61902,2
61902,1
46453,2
46453,1
168937,2
168937,1
224754,1
87279,2
87279,1
57354,2
57354,1
84191,2
84191,1
62012,2
62012,1
81740,2
81740,1
105381,1
287383,1
14208,2
14208,1
89808,2
89808,1
53738,1
53739,2
53739,1
357733,2
357733,1
132703,2
132703,1
14210,2
14210,1
84900,2
84900,1
171113,2
171113,1
329243,2
329243,1
205674,1
205675,1
365427,1
46952,1
51198,1
130116,1
53836,1
59094,1
61972,1
74814,1
76945,1
71466,1
343764,1
50892,1
65056,1
85569,1
81695,1
42518,1
368920,1
106221,1
380404,1
380408,1
262315,1
318431,1
249866,1
14407,1
119927,1
107401,1
106224,1
327534,1
327535,1
328371,1
120661,1
155370,1
14411,1
117907,1
268603,1
112584,1
269090,1
328372,1
327536,1
328374,1
116132,1
106226,1
384946,1
119930,1
516361,1
516362,1
378090,1
327537,1
327538,1
119658,1
512609,1
107386,1
193799,1
14414,1
119929,1
269092,1
14417,1
126824,1
14441,1
341479,1
14453,2
14453,1
111016,2
111016,1
198895,2
198895,1
310568,1
14463,1
514489,1
512245,1
179495,1
139612,1
44880,1
14465,1
72655,1
106228,1
25101,1
14483,1
14486,1
59937,1
140843,1
14502,1
106230,1
14508,1
80484,1
79940,1
69776,1
89681,1
375123,1
98633,1
83330,1
204599,1
68392,1
72158,1
73118,1
73994,1
91195,1
249415,1
63122,1
46356,1
166341,1
70583,1
110600,1
63831,1
515366,1
58180,1
74148,1
73149,1
67632,1
78290,1
256751,1
59613,1
98514,1
39098,1
69838,1
176999,1
305644,1
305645,1
85381,1
113997,1
70303,1
47118,1
56888,1
59770,1
249424,1
43991,1
204468,1
196438,1
74041,1
14570,1
280985,1
62004,1
65278,1
98777,1
86140,1
53121,1
98677,1
74087,1
150970,1
100121,1
89130,1
221411,1
82170,1
534170,1
71247,1
194627,1
78188,1
98293,1
63124,1
84839,1
61769,1
354094,1
53425,1
305654,1
99431,1
378459,1
120992,1
48871,1
221099,1
129240,1
89425,1
307472,1
60223,1
95605,1
47961,1
80819,1
89879,1
344795,1
93125,1
113999,1
93150,1
64074,1
58181,1
69976,1
120991,1
153057,1
317672,1
229993,1
234976,1
86862,1
196858,1
61580,1
56039,1
71737,1
60959,1
107587,1
42213,1
42214,2
42214,1
168938,2
168938,1
140745,1
51322,1
56330,1
108052,1
168733,1
76807,1
112845,1
322565,1
137634,1
210064,1
86598,1
54712,1
170124,1
328159,1
533230,1
533302,1
86593,1
54713,1
81063,1
84465,1
80322,1
56923,1
83878,1
70323,1
118675,1
93698,1
155463,1
201410,1
98683,1
64601,1
54240,1
81211,1
108005,1
91086,1
91968,1
328392,1
323565,1
323563,1
330951,1
378990,1
140044,1
183797,1
46750,1
321265,1
334039,1
114001,1
177032,1
323276,1
328422,1
48787,1
173151,1
58188,1
55984,1
91654,1
97493,1
58095,1
42756,1
79164,1
49453,1
98222,1
104705,1
93059,1
228696,1
63131,1
354048,1
57821,1
114091,1
99086,1
151343,1
77624,1
53459,1
100607,1
42113,1
132270,1
41237,1
89385,1
66347,1
138503,1
182520,1
46781,1
79318,1
102851,1
59155,1
89772,1
100351,1
151785,1
76257,1
116979,1
67603,1
89278,1
96720,1
15377,1
47650,1
68428,1
108261,1
55739,1
198899,2
198899,1
124395,1
89352,1
15350,1
533238,1
280441,1
331936,1
131626,1
57771,1
85940,1
537827,1
134644,2
134644,1
71067,1
111100,1
324421,2
324421,1
44798,1
136004,1
100196,1
305665,1
77318,1
135542,1
76053,1
234519,1
81556,1
125243,1
325743,1
124510,1
359492,1
359494,1
158407,1
385475,1
91545,1
82187,1
162794,1
329871,2
329871,1
97312,1
99014,1
67242,1
50778,1
96494,1
57810,1
84071,1
139640,1
52633,1
65922,1
240822,1
93053,1
70036,1
57100,2
57100,1
95697,1
139026,2
51704,1
61167,1
166352,1
284258,1
343622,1
97408,1
91190,1
84320,1
120865,1
50729,1
83895,1
91553,1
94583,1
182496,1
73267,2
73267,1
61710,1
156173,1
79794,1
153446,1
59147,1
62181,1
66154,1
121728,1
94909,1
63281,1
362508,1
100120,1
243493,1
111224,1
180266,1
61880,1
171603,1
238071,2
238071,1
93846,1
111117,1
69630,1
301097,1
94128,1
63830,1
84416,1
152187,1
71625,1
116527,1
103381,1
71562,2
71562,1
48888,1
45427,1
120989,1
45428,2
45428,1
250490,1
500300,1
338356,1
108053,1
344285,1
65233,1
211107,1
535976,1
288271,1
321586,1
43073,1
68805,1
94405,1
194741,1
65156,1
54137,1
93894,1
95136,1
51454,1
373572,1
94181,1
116981,1
103193,1
138916,2
138916,1
112844,1
72920,1
23366,1
182823,1
97374,1
89226,1
99608,1
44922,1
94001,2
94001,1
346358,1
58930,1
57988,1
271657,1
90667,1
93898,1
61096,1
151547,1
76357,1
332636,2
332636,1
77524,1
73040,1
166377,1
64409,1
44220,1
368116,1
57917,2
57917,1
46114,2
46114,1
351117,1
114006,1
317673,1
100091,1
97191,1
96367,1
77417,1
64181,1
97159,1
114004,1
65290,1
62306,1
79765,1
168011,1
270910,1
61716,1
76094,1
135554,1
72198,1
98020,1
52659,1
134372,1
64733,1
211042,1
170152,1
22649,1
346134,1
162287,1
99022,1
120168,1
298267,1
67302,1
71237,1
90482,1
254759,1
44653,1
211775,1
51445,1
86029,1
107668,1
234973,1
121754,1
78631,1
69437,1
84478,1
166344,1
244347,1
244351,1
244350,1
168936,2
168936,1
151970,1
93539,1
97299,1
119836,1
151963,1
94530,1
79452,1
93764,1
94952,1
84928,1
60111,1
119888,1
82165,1
14819,1
62744,1
94397,1
97153,1
211108,1
536702,1
328393,1
375108,1
89299,1
90901,1
335064,1
532090,1
314715,1
155462,1
344286,1
323015,1
94475,1
534065,1
533660,1
174273,1
96187,1
533301,1
533231,1
258920,1
330950,1
320176,1
378989,1
320177,1
346625,1
537705,1
334939,2
334939,1
224966,1
168935,1
82317,1
135551,1
96433,1
89984,1
515365,1
90377,1
97209,1
98183,1
328421,1
21805,1
14877,1
94529,1
91147,1
375104,1
255681,1
110737,1
50507,1
322350,1
14995,1
14996,1
331799,1
89552,1
329319,1
15009,1
95331,1
92597,1
67290,1
224976,1
224977,1
94624,1
130086,1
101610,1
105748,1
269123,1
15051,1
224979,1
15053,1
322370,1
15058,1
204469,1
93519,1
204471,1
66668,1
100670,1
100671,1
118230,1
15130,1
70946,1
87692,1
21067,1
322398,1
21072,1
15181,1
324988,1
323542,1
83210,1
53081,1
91547,1
21766,1
89507,1
95023,1
69240,1
42117,1
131064,1
15226,1
98405,1
116385,1
124501,2
124501,1
311433,1
311435,1
329337,1
77584,1
101371,1
372653,1
15288,1
287195,1
87104,1
95873,1
100754,1
101372,1
224994,1
15290,1
209911,1
249417,1
249419,1
249420,1
249423,1
249421,2
249421,1
101611,1
91807,2
91807,1
96220,1
15319,1
15321,1
62616,1
15340,1
322446,1
225004,1
153060,1
15376,1
60830,1
97044,1
305664,1
15406,1
15421,2
15421,1
197103,1
15430,1
331812,1
519237,1
15301,1
537784,1
46357,2
46357,1
130413,2
130413,1
332624,1
322448,1
115409,1
62262,1
42143,1
121748,1
140521,1
104038,1
94788,1
124168,1
239134,1
112520,1
273278,1
64845,2
64845,1
92823,2
92823,1
100821,1
58388,1
15551,1
133020,1
151565,1
100828,1
323523,1
15564,1
15569,1
15570,1
323536,1
15578,1
15594,2
15594,1
93470,1
15607,1
45195,1
15648,2
15648,1
94447,1
41324,1
324989,1
323544,1
15682,1
370865,1
125311,1
131969,1
130383,1
62723,1
15727,1
74190,1
90056,1
15767,1
62745,1
41336,1
293022,1
15793,1
255334,1
68152,1
58702,1
241549,1
174070,1
256258,1
210116,1
211031,1
99600,1
78948,1
322493,1
15080,1
98668,1
15245,1
100241,1
500321,1
15544,1
321630,1
325063,1
79868,1
79869,1
66406,1
75977,2
75977,1
15835,2
15835,1
140681,1
15849,2
15849,1
15851,1
15852,1
175302,1
15862,2
15862,1
46163,1
25797,1
15884,1
69067,1
49066,1
140070,1
47848,1
74084,1
116982,1
57940,1
105266,1
50752,1
15885,2
15885,1
521674,2
521674,1
362513,2
362513,1
96197,2
96197,1
210514,2
210514,1
99843,2
99843,1
66407,2
66407,1
85538,2
85538,1
291635,2
291635,1
141438,2
141438,1
99980,2
99980,1
254828,2
254828,1
69031,2
69031,1
305978,2
305978,1
49325,2
49325,1
131297,2
131297,1
225041,2
225041,1
368389,2
368389,1
44410,2
44410,1
15892,1
129070,1
312158,1
77027,2
77027,1
92863,1
21715,1
92107,2
92107,1
92397,1
92598,2
92598,1
98001,2
98001,1
77304,1
50268,2
50268,1
99314,1
124602,1
88831,2
88831,1
159339,2
159339,1
319485,2
319485,1
159333,1
247516,1
197882,2
197882,1
362078,1
131363,1
344760,1
284468,1
362076,2
362076,1
279487,1
159328,1
159325,2
159325,1
128199,2
128199,1
328383,1
92185,1
284377,1
126353,1
332008,1
361020,2
361020,1
60406,1
63174,1
15945,1
79294,2
79294,1
73530,1
87217,2
87217,1
93752,2
93752,1
50688,2
50688,1
39502,2
39502,1
88829,2
88829,1
203375,1
360948,1
352492,2
352492,1
89430,1
165160,1
72946,2
72946,1
80002,1
59312,1
78972,1
237141,1
237143,1
87545,1
51950,1
59572,1
78078,1
76931,1
63008,2
63008,1
237147,2
237147,1
61100,1
69194,1
80655,1
125789,1
96473,2
96473,1
122221,1
39567,1
93000,2
93000,1
93040,1
126246,1
90298,1
360935,2
360935,1
60866,1
139444,2
139444,1
98289,2
98289,1
99356,2
99356,1
59838,2
59838,1
39624,2
39624,1
97735,1
88827,1
94491,1
84381,2
84381,1
91730,2
91730,1
95063,1
122171,1
330794,2
330794,1
95586,1
139443,1
83750,1
49168,1
97747,1
332009,1
93702,1
96807,1
95576,1
119717,1
90990,1
94980,1
231402,1
161044,1
122277,1
291902,1
339837,2
339837,1
80544,2
80544,1
129828,2
129828,1
139397,2
139397,1
127556,1
50425,1
127231,1
57384,1
155446,1
215648,2
215648,1
154944,1
119740,2
119740,1
120524,1
95898,2
95898,1
92535,2
92535,1
138074,1
201639,1
94395,1
119010,1
93638,1
102418,1
94213,1
53025,1
124988,1
121030,1
99741,1
98313,2
98313,1
95981,2
95981,1
98484,1
99832,2
99832,1
175973,1
91354,1
284781,1
507788,2
507788,1
97655,1
119732,2
119732,1
377908,2
377908,1
83237,1
96212,2
96212,1
145194,2
145194,1
91894,2
91894,1
217557,2
217557,1
92073,2
92073,1
96950,1
96961,2
96961,1
95767,1
95768,1
80211,2
80211,1
51296,2
51296,1
125777,1
95534,1
54335,2
54335,1
128236,1
75073,1
112891,1
100089,1
96757,2
96757,1
101413,1
154875,2
154875,1
57601,1
97443,1
40152,1
112648,2
112648,1
248902,2
248902,1
62815,1
91751,2
91751,1
40184,2
40184,1
95641,2
95641,1
98060,2
98060,1
72830,1
16000,1
16001,2
16001,1
40226,1
119013,1
97019,1
57125,2
57125,1
145572,2
145572,1
228357,1
89756,1
125805,1
142600,1
60496,2
60496,1
334877,2
334877,1
95933,1
131349,1
89291,2
89291,1
295612,1
96103,2
96103,1
320108,1
96250,1
67980,1
56088,1
90035,2
90035,1
129471,1
291901,1
360661,2
360661,1
90283,1
311388,2
311388,1
89403,1
96920,1
269188,2
269188,1
137557,1
258240,1
54385,1
77049,1
66552,1
143328,2
143328,1
129147,1
89921,1
244819,1
116291,1
159329,1
165882,2
165882,1
199174,2
199174,1
69994,1
61198,1
161045,1
152752,1
97893,1
295613,1
158934,1
362075,2
362075,1
139486,1
96801,1
92858,1
360674,1
192673,1
158936,2
158936,1
93789,2
93789,1
124610,1
94468,2
94468,1
89166,1
320109,1
215649,2
215649,1
284779,1
89908,2
89908,1
108656,1
70615,1
330795,2
330795,1
339838,2
339838,1
141017,1
126093,1
203374,1
199175,2
199175,1
61657,2
61657,1
136423,2
136423,1
201640,1
196207,2
196207,1
341496,1
284467,1
328382,1
121031,1
362077,1
159326,2
159326,1
281812,1
154036,2
154036,1
507789,2
507789,1
97346,1
88826,1
67581,1
80805,1
323484,1
74208,1
40391,1
49825,1
59902,1
77408,1
33904,1
16015,1
89429,1
16017,2
16017,1
236742,1
33917,1
171839,1
303891,2
303891,1
62113,1
304225,2
304225,1
303887,2
303887,1
22257,1
21239,1
279605,1
33925,1
48527,1
324368,1
166568,2
166568,1
304342,2
304342,1
40481,2
40481,1
322301,2
322301,1
58762,2
140979,2
140979,1
99405,2
99405,1
304180,2
304180,1
192078,1
16040,2
16040,1
215167,2
215167,1
16041,1
101430,1
344190,2
344190,1
16043,2
16043,1
225285,2
225285,1
304178,2
304178,1
19664,1
166571,2
166571,1
39791,1
33951,1
324358,1
304200,2
304200,1
16046,1
89685,1
16047,1
40472,1
16048,1
101613,2
101613,1
92230,1
358863,2
358863,1
16049,1
333584,1
324355,1
303892,2
303892,1
329177,1
329184,2
329184,1
65493,1
56895,1
78577,1
105800,2
105800,1
16055,1
52982,1
81860,2
81860,1
71046,2
71046,1
16056,2
16056,1
317876,2
317876,1
92238,2
92238,1
55538,2
55538,1
237885,2
237885,1
304202,1
324342,2
324342,1
303843,1
304181,2
304181,1
21192,1
16072,2
16072,1
31384,2
31384,1
118713,2
118713,1
303842,1
26387,1
166576,2
166576,1
16078,1
78435,2
78435,1
16079,2
16079,1
48102,2
48102,1
66888,2
66888,1
324334,1
39341,1
19665,2
19665,1
303890,2
303890,1
75312,2
75312,1
304223,2
304223,1
304183,2
304183,1
78184,1
16086,2
16086,1
272885,2
272885,1
225260,1
225264,2
225264,1
39316,1
40477,1
89692,1
96275,1
56881,1
329191,1
42801,1
270425,1
287698,2
287698,1
272690,1
116166,1
153817,2
153817,1
124331,1
205743,1
118893,1
86679,1
16099,1
332329,2
332329,1
315285,2
315285,1
180685,1
199435,2
199435,1
297301,2
297301,1
193593,1
180267,1
118365,1
154798,2
154798,1
173105,2
173105,1
153753,1
219520,1
181199,1
199465,2
199465,1
293007,1
184288,2
184288,1
239773,1
77172,1
82037,1
225305,1
332047,1
357361,2
357361,1
191837,2
191837,1
138576,2
138576,1
57929,1
357408,1
91816,1
112306,1
154675,1
232306,2
232306,1
150940,1
178714,1
137309,2
137309,1
154799,1
329444,1
88317,1
120174,2
120174,1
150825,2
150825,1
226031,1
332330,2
332330,1
50111,1
85294,1
64506,1
54546,2
54546,1
322032,1
72238,1
73549,1
353598,1
75074,2
75074,1
114135,2
114135,1
524303,2
524303,1
524326,2
524326,1
524289,2
524289,1
524332,2
524332,1
524270,2
524270,1
16125,2
16125,1
524277,2
524277,1
524314,2
524314,1
302699,2
302699,1
524317,2
524317,1
318447,2
318447,1
324280,1
119893,2
119893,1
132317,2
132317,1
16128,2
16128,1
87705,2
87705,1
524278,2
524278,1
524329,2
524329,1
524302,2
524302,1
524301,2
524301,1
524268,2
524268,1
524309,2
524309,1
16132,2
16132,1
524331,2
524331,1
322683,2
322683,1
524253,2
524253,1
524288,2
524288,1
524272,2
524272,1
524273,2
524273,1
524299,2
524299,1
524333,2
524333,1
21165,1
524259,2
524259,1
524300,2
524300,1
16141,2
16141,1
524266,2
524266,1
302692,2
302692,1
330683,2
330683,1
524285,2
524285,1
524334,2
524334,1
524262,2
524262,1
524321,2
524321,1
524292,2
524292,1
524265,2
524265,1
524323,2
524323,1
57885,2
57885,1
73551,2
73551,1
524294,2
524294,1
244085,2
244085,1
16149,1
524283,2
524283,1
524269,2
524269,1
90028,2
90028,1
92134,2
92134,1
16150,2
16150,1
58879,2
58879,1
524274,2
524274,1
329152,2
329152,1
524254,2
524254,1
524286,2
524286,1
250595,2
250595,1
16151,2
16151,1
118855,1
84001,1
211224,1
16182,1
67481,1
160975,2
160975,1
77750,2
77750,1
90569,2
310406,2
310406,1
160976,1
85973,1
168943,1
50129,2
50129,1
328866,2
328866,1
324228,2
324228,1
56847,2
56847,1
324219,2
324219,1
164576,2
164576,1
97263,2
97263,1
16268,2
16268,1
302820,2
302820,1
239631,2
239631,1
16229,2
16229,1
150482,2
150482,1
107155,2
107155,1
324269,2
324269,1
16231,2
16231,1
78246,2
78246,1
74544,2
74544,1
152424,2
152424,1
59382,2
59382,1
65730,2
65730,1
344917,2
344917,1
16238,2
16238,1
329147,2
329147,1
16239,2
16239,1
161035,2
161035,1
74102,2
74102,1
59538,2
59538,1
55521,2
55521,1
63414,2
63414,1
351051,2
351051,1
328865,2
328865,1
16255,2
16255,1
140355,2
140355,1
128026,1
255685,2
255685,1
127857,2
127857,1
16261,2
16261,1
328864,2
328864,1
66615,2
66615,1
16270,2
16270,1
44117,2
44117,1
52539,2
52539,1
332334,2
332334,1
83834,1
16275,2
16275,1
16276,2
16276,1
61854,2
61854,1
80806,2
80806,1
328867,2
328867,1
226275,2
226275,1
44279,2
44279,1
329136,2
329136,1
322778,2
322778,1
16285,2
16285,1
153503,1
335683,2
335683,1
84734,2
84734,1
264584,2
264584,1
16301,2
16301,1
285283,2
285283,1
170743,2
170743,1
301975,2
301975,1
16299,2
16299,1
296402,1
119286,1
153600,2
153600,1
41245,2
41245,1
41566,2
41566,1
384001,2
384001,1
384014,1
384018,2
384018,1
384019,2
384019,1
387434,2
387434,1
384088,2
384088,1
386331,1
384091,1
384094,2
384094,1
384111,1
522103,1
521128,2
521128,1
384115,2
384115,1
386333,1
384683,1
384249,2
384249,1
386346,2
386346,1
386350,1
384285,1
386353,2
386353,1
386319,1
386335,1
386359,2
386359,1
386338,1
386344,1
384211,1
386318,2
386318,1
386334,1
386645,2
386645,1
387185,1
368260,2
368260,1
194381,2
194381,1
239095,2
239095,1
180773,2
180773,1
74529,2
74529,1
86833,2
86833,1
332059,2
332059,1
351739,2
351739,1
42791,2
42791,1
61569,2
61569,1
323340,2
323340,1
61744,2
61744,1
177411,2
177411,1
351740,2
351740,1
197772,2
197772,1
197771,2
197771,1
380571,2
380571,1
115668,2
115668,1
330955,2
330955,1
325617,2
325617,1
98399,2
98399,1
328017,2
328017,1
377839,1
377841,1
297306,1
16411,1
351023,1
16430,1
103285,1
253243,1
81378,1
258292,1
66279,1
199565,1
378756,1
97639,1
250275,1
225366,1
19856,1
43896,1
286125,1
225367,1
268172,1
83302,1
68757,1
53246,1
359839,1
79441,1
287385,1
232166,1
107609,1
232167,1
225369,1
87458,1
68414,1
69611,1
87459,1
70435,1
254811,1
46527,1
48302,1
183328,1
225370,1
64703,1
16434,1
87460,1
409307,1
409309,1
254453,1
48076,1
316949,1
314930,1
16452,1
136252,2
136252,1
16453,2
16453,1
233013,1
96073,1
65567,1
323988,1
96875,1
386755,2
386755,1
386753,2
386753,1
135173,1
384002,2
384002,1
50660,1
277984,1
23542,1
66399,1
95357,1
260154,1
16456,1
297187,1
366106,1
333162,1
187978,1
77804,1
354228,1
100352,1
21397,1
45048,1
126156,1
171785,1
193763,1
16467,1
209095,1
116707,1
42688,1
99765,1
89617,1
70957,1
354260,1
376484,1
332138,2
332138,1
73739,2
73739,1
202535,2
202535,1
51817,2
51817,1
70543,2
70543,1
41195,1
16479,2
16479,1
54588,2
54588,1
48768,2
48768,1
43897,2
43897,1
202534,2
202534,1
16484,2
16484,1
16496,2
16496,1
225408,2
71455,2
169824,2
140466,2
140466,1
16692,1
75723,2
92908,2
86835,2
225491,2
92583,2
92583,1
16622,2
16622,1
225527,2
246141,2
91150,2
534548,1
105286,1
268015,1
332622,1
205225,1
16803,1
16805,1
113063,2
113063,1
137109,2
137109,1
329833,2
329833,1
80261,1
136257,1
16806,2
16806,1
101036,2
101036,1
16807,2
16807,1
108603,1
358873,1
141324,1
330497,1
141323,1
301764,1
233020,1
23973,1
65527,2
65527,1
225572,1
119870,1
389094,1
387006,1
308827,1
387008,1
93929,1
387007,1
97461,1
105609,2
105609,1
16883,2
16883,1
152866,2
152866,1
325148,1
377829,1
356919,1
16932,1
85467,1
185343,1
69410,1
84211,2
84211,1
48750,1
17057,2
17057,1
62902,2
62902,1
48737,1
165776,2
165776,1
77943,2
77943,1
82276,2
82276,1
82386,2
82386,1
136331,2
136331,1
178855,1
241260,2
241260,1
211325,2
211325,1
384044,2
384044,1
17066,2
17066,1
17075,2
17075,1
43751,2
43751,1
135229,2
135229,1
281606,2
281606,1
95857,2
95857,1
47612,2
47612,1
90263,2
90263,1
17100,2
17100,1
91604,2
91604,1
17110,1
363546,1
228427,2
228427,1
17164,2
17164,1
17167,2
17167,1
363551,1
107253,1
375220,1
92350,2
92350,1
232214,1
75393,1
360777,1
219055,1
232228,2
232228,1
58367,2
58367,1
80948,2
80948,1
84347,1
21910,1
100953,2
100953,1
17226,1
87783,1
17231,2
17231,1
376445,1
17239,1
133115,1
55474,1
212077,2
212077,1
99449,2
99449,1
515377,2
515377,1
344928,2
344928,1
17274,2
17274,1
215079,2
215079,1
31352,1
94119,1
48657,1
17361,1
249403,1
102996,1
87861,1
322033,1
136113,1
17399,1
297190,1
297191,1
323353,2
323353,1
17401,1
80141,2
80141,1
87090,1
242536,1
299405,1
330177,1
68498,1
151448,1
355989,1
229372,1
334897,1
43525,1
80120,1
99977,2
99977,1
74241,1
94063,1
53626,1
80924,2
80924,1
289513,1
129341,1
91312,1
105807,1
113095,1
241752,1
374272,1
90122,2
90122,1
61267,2
61267,1
247894,1
500225,1
332170,1
87866,1
17410,2
17410,1
92617,1
71372,1
97176,1
17453,1
95590,1
512578,1
150759,1
150760,1
234263,1
272071,1
69829,2
69829,1
73283,2
73283,1
17517,2
17517,1
376897,2
376897,1
376387,2
376387,1
17519,2
17519,1
58235,2
58235,1
215029,2
215029,1
215030,2
215030,1
194751,2
194751,1
68743,2
68743,1
61876,2
61876,1
135561,2
135561,1
272973,2
272973,1
24223,2
24223,1
107184,2
107184,1
68455,2
68455,1
78666,1
17623,1
17628,1
225644,2
225644,1
244345,2
244345,1
130512,2
130512,1
327138,2
327138,1
353104,2
353104,1
529582,2
529582,1
130500,2
130500,1
353105,2
353105,1
307120,2
307120,1
322902,2
322902,1
17639,2
17639,1
301113,2
301113,1
378219,2
378219,1
378220,2
378220,1
365623,2
365623,1
291676,2
291676,1
317174,2
317174,1
286772,2
286772,1
365625,2
365625,1
323929,2
323929,1
17649,2
17649,1
134703,2
134703,1
328055,2
328055,1
17658,2
17658,1
58439,2
58439,1
191246,2
191246,1
24236,2
24236,1
181605,2
181605,1
23532,2
23532,1
87465,2
87465,1
96104,2
96104,1
312889,2
312889,1
46716,2
46716,1
17672,2
17672,1
142466,2
142466,1
92159,2
92159,1
80099,2
80099,1
142467,2
142467,1
54863,2
54863,1
351742,2
351742,1
47597,2
47597,1
527367,2
527367,1
61316,2
61316,1
349614,2
349614,1
378541,2
378541,1
48081,2
48081,1
378536,2
378536,1
57437,2
57437,1
378537,2
378537,1
225653,2
225653,1
378291,2
378291,1
372769,2
372769,1
162419,2
162419,1
351744,2
351744,1
351743,2
351743,1
351745,2
351745,1
378538,2
378538,1
378292,2
378292,1
113037,2
113037,1
104244,2
104244,1
312890,2
312890,1
372768,2
372768,1
378542,2
378542,1
279220,2
279220,1
328056,2
328056,1
17676,2
17676,1
322243,2
322243,1
385153,2
385153,1
381703,2
381703,1
225656,2
225656,1
17687,2
17687,1
54723,2
54723,1
56856,2
56856,1
331605,2
331605,1
104952,2
104952,1
77779,2
77779,1
323872,2
323872,1
323870,2
323870,1
323869,2
323869,1
49685,2
49685,1
286295,1
125951,2
125951,1
17695,2
17695,1
17699,2
17699,1
94157,2
94157,1
96548,2
96548,1
17651,2
17651,1
244340,2
244340,1
291104,2
291104,1
323892,2
323892,1
225649,2
225649,1
131973,2
131973,1
97141,2
97141,1
155693,2
155693,1
151711,2
151711,1
202813,2
202813,1
82075,2
82075,1
149373,1
195595,1
120091,1
287874,1
19582,1
287855,1
17731,1
17732,1
17733,1
162421,1
287877,1
287857,1
287853,1
125735,1
17736,1
287868,1
17737,1
17738,1
341665,1
17739,1
516537,1
285578,1
17744,1
253909,1
253911,1
17748,1
106244,1
253913,1
20040,1
382420,1
327544,1
382422,1
99645,2
99645,1
43659,2
43659,1
17781,2
17781,1
17806,2
17806,1
17828,1
17836,1
341075,1
345390,1
52694,1
238326,1
371610,1
78321,1
101811,1
17842,1
207030,1
344755,1
274456,1
249397,1
343417,1
226161,1
84805,1
315989,2
315989,1
230274,1
274784,1
228794,1
268591,1
112580,1
112581,1
120627,1
112585,1
131630,1
112586,1
112587,1
516365,1
268593,1
112588,1
268594,1
112589,1
323208,2
323208,1
323217,2
323217,1
328118,2
328118,1
328119,2
328119,1
120492,1
323467,2
323467,1
58309,2
58309,1
90232,2
90232,1
17876,2
17876,1
84874,2
84874,1
65301,2
65301,1
76851,2
76851,1
17877,2
17877,1
322168,2
322168,1
132496,2
132496,1
151205,2
151205,1
74016,2
74016,1
98268,2
98268,1
101954,1
17896,1
182570,1
361707,1
254850,1
372536,1
150401,2
150401,1
370042,2
370042,1
178655,2
178655,1
137811,2
137811,1
152886,2
152886,1
247927,2
247927,1
311968,2
311968,1
323770,2
323770,1
196187,2
196187,1
311969,2
311969,1
243675,2
243675,1
336591,2
336591,1
198905,2
198905,1
150359,2
150359,1
202849,2
202849,1
362532,2
362532,1
362531,2
362531,1
362530,2
362530,1
370664,2
370664,1
370662,2
370662,1
370663,2
370663,1
202848,2
202848,1
17919,2
17919,1
17922,2
17922,1
179307,2
179307,1
119000,2
119000,1
119025,2
119025,1
323678,2
323678,1
323723,2
323723,1
536362,2
536362,1
17931,2
17931,1
17933,2
17933,1
235523,2
235523,1
535699,2
535699,1
536432,2
536432,1
92075,2
92075,1
535762,2
535762,1
271700,2
271700,1
220553,2
220553,1
536075,2
536075,1
275981,2
275981,1
89496,2
89496,1
81052,2
81052,1
536261,2
536261,1
157010,2
157010,1
535906,2
535906,1
156601,2
156601,1
118442,2
118442,1
96635,2
96635,1
157011,2
157011,1
179566,2
179566,1
138513,2
138513,1
77002,2
77002,1
226280,2
226280,1
316733,2
316733,1
61529,2
61529,1
17960,2
17960,1
272975,2
272975,1
329066,2
329066,1
69478,2
69478,1
79801,2
79801,1
536122,2
536122,1
304376,2
304376,1
243680,2
243680,1
111495,2
111495,1
80919,1
56696,2
56696,1
212314,2
212314,1
25291,1
329722,1
329719,1
206736,2
206736,1
70874,2
340959,2
340959,1
314752,2
314752,1
385663,2
385663,1
345992,2
345992,1
55791,1
232678,1
74630,1
52836,1
18035,1
233817,1
522647,2
522647,1
315758,1
206132,1
66575,1
70587,1
18060,1
74406,1
18068,1
71186,1
53578,1
56430,1
22726,1
76367,1
360177,1
86777,1
115515,1
25231,1
372635,1
170969,1
182589,1
20658,1
228814,1
308832,2
308832,1
163488,2
163488,1
209311,2
209311,1
343628,2
343628,1
308629,2
308629,1
62598,2
62598,1
292602,2
292602,1
81503,2
81503,1
296733,2
296733,1
165987,2
165987,1
82650,2
82650,1
336071,2
336071,1
55890,2
55890,1
135111,2
135111,1
80079,2
80079,1
343195,2
343195,1
325485,2
325485,1
81940,2
81940,1
256681,1
331902,2
331902,1
102240,2
102240,1
45177,1
81533,2
81533,1
331903,2
331903,1
91964,2
91964,1
180778,2
180778,1
254423,1
101497,1
18176,1
388215,1
125636,1
130804,1
207989,2
207989,1
48890,2
225713,2
225713,1
225714,1
98125,1
272569,2
272569,1
119884,2
121570,1
290513,1
251492,2
306619,1
92917,2
92917,1
42492,2
225715,2
225715,1
225716,1
116985,1
225717,1
49024,2
49024,1
75886,2
75886,1
235985,1
257085,1
277282,1
25583,1
116987,2
116987,1
69904,1
104521,2
104521,1
98267,2
98267,1
225719,1
374118,2
374118,1
301497,1
178665,2
178665,1
180892,1
178667,2
178667,1
178656,2
182242,2
182242,1
135381,2
135381,1
18189,1
225722,2
220596,2
220596,1
75868,1
83821,1
243731,1
98133,2
98133,1
90739,1
59677,2
42416,2
42416,1
96407,1
74385,1
52341,1
152476,2
152476,1
286927,1
182276,1
78232,2
78232,1
72908,1
18191,2
18191,1
161574,2
161574,1
99824,2
99824,1
225724,2
225724,1
140281,2
140281,1
105763,2
105763,1
105762,2
105762,1
98837,1
211918,2
211918,1
131431,1
96267,2
96267,1
140177,2
140177,1
89490,2
89490,1
170642,2
170642,1
120551,2
273666,1
95019,2
95019,1
25586,1
326633,1
55747,2
55747,1
53652,2
53652,1
149134,2
149134,1
149135,1
149136,2
121573,2
121573,1
149138,2
149138,1
290514,1
187192,2
187192,1
124600,2
124600,1
151288,1
153291,2
153291,1
105106,2
105106,1
208541,2
208541,1
89408,1
149140,2
149140,1
187191,2
187191,1
96309,2
96309,1
49023,2
49023,1
277381,2
277381,1
65020,1
273667,2
273667,1
201917,2
201917,1
77670,2
77670,1
89277,2
89277,1
53773,2
53773,1
90194,2
90194,1
48891,2
48891,1
169683,2
169683,1
208637,1
180251,2
180251,1
69695,1
85596,2
85596,1
43281,2
43281,1
178657,2
178657,1
89918,2
208932,2
208932,1
82792,2
149141,2
178658,2
178658,1
87453,2
87453,1
44837,2
44837,1
18213,2
18213,1
59678,2
59678,1
134881,2
134881,1
240004,2
240004,1
370541,2
370541,1
136898,2
136898,1
74389,2
74389,1
255735,1
102263,2
102263,1
104332,2
104332,1
334165,2
334165,1
368864,2
368864,1
239969,1
118601,1
525512,1
18218,1
73986,1
18220,1
59795,1
49798,1
18247,1
335381,1
59472,1
83693,1
52588,1
82586,1
76505,1
61958,1
18249,1
85756,1
261494,1
85121,1
286877,1
84046,1
63998,1
286881,1
69254,1
45872,1
288163,1
326735,1
286887,1
43111,1
350458,1
39099,1
75378,1
83975,1
78747,1
73661,1
53759,1
18258,1
65643,1
57269,1
169752,1
268526,1
226071,1
18282,1
169785,1
297800,1
306744,1
178471,1
512087,1
257155,1
511254,1
210911,1
329623,1
329624,1
329625,1
18287,1
375794,1
302764,1
512535,1
77641,1
93768,1
336593,1
170955,1
90889,1
300360,1
62637,1
18288,1
100978,1
18289,1
18296,1
88884,1
25294,1
23964,1
239961,2
239961,1
18460,1
409666,1
86219,1
327888,2
327888,1
18565,2
18565,1
274605,2
274605,1
180271,2
180271,1
18566,2
18566,1
343228,1
239785,1
18573,1
189902,1
343428,1
380577,1
332206,2
332206,1
21314,2
21314,1
255973,2
255973,1
76137,2
76137,1
364712,1
258503,1
258502,1
231116,1
231117,1
227836,1
231121,1
343418,1
231123,1
231108,1
292072,1
124872,1
206820,1
216440,1
216437,1
57014,1
86334,1
372655,1
216439,1
108696,1
227830,1
269535,1
78234,1
25967,1
36,1
269,2
269,1
268,2
268,1
133269,2
133269,1
102688,2
102688,1
586,2
586,1
652,1
1457,1
1460,1
139012,1
1461,1
1889,1
80461,1
67442,2
67442,1
207703,2
207703,1
3136,2
3136,1
93978,2
93978,1
363963,2
363963,1
89775,2
89775,1
3139,2
3139,1
207704,2
207704,1
108131,2
108131,1
207706,2
207706,1
170663,2
170663,1
3142,2
3142,1
282531,2
282531,1
207709,2
207709,1
166438,1
93770,2
93770,1
77900,2
77900,1
133001,2
133001,1
3294,2
3294,1
95935,2
95935,1
67464,2
67464,1
213492,1
214601,2
214601,1
4387,2
4387,1
214615,2
214615,1
92589,1
92567,2
92567,1
90499,2
90499,1
205672,2
205672,1
92131,2
92131,1
105716,2
105716,1
101338,2
101338,1
101052,2
101052,1
325053,2
325053,1
7138,2
7138,1
7196,1
158814,1
529493,1
529494,1
337987,1
334793,1
41058,2
41058,1
99033,2
99033,1
9499,1
72295,1
9503,2
9503,1
329934,2
9835,2
9838,2
9843,2
9843,1
57396,2
57396,1
175408,2
175408,1
10334,2
10334,1
241242,2
241242,1
241243,2
241243,1
69541,2
69541,1
92105,2
92105,1
241182,2
241182,1
241251,2
241251,1
241249,2
241249,1
241193,2
241193,1
241248,2
241248,1
98319,2
98319,1
45248,2
45248,1
41440,2
41440,1
98806,2
98806,1
177868,2
177868,1
363376,2
363376,1
245371,2
245371,1
10335,2
10335,1
47085,2
47085,1
51398,2
51398,1
325847,2
325847,1
84664,1
96260,1
77915,2
77915,1
331038,2
331038,1
331039,2
331039,1
299511,1
11097,1
87319,1
287675,1
263257,1
375397,1
11557,2
11557,1
11561,1
140708,1
12518,1
360255,2
360255,1
330041,1
12988,1
224551,2
224551,1
13059,2
13059,1
13061,2
13061,1
13071,2
13071,1
330167,1
352132,1
57505,1
133029,2
133029,1
71791,2
71791,1
13094,2
13094,1
331800,2
331800,1
13101,2
13101,1
133031,2
133031,1
93466,2
93466,1
105357,2
105357,1
13119,2
13119,1
13122,2
165977,2
165977,1
115366,2
115366,1
13150,1
79725,2
79725,1
286247,1
329929,1
331882,2
331882,1
66395,2
66395,1
81339,2
81339,1
63557,1
13362,1
13365,1
79695,1
62396,1
13937,1
59913,2
59913,1
331700,2
331700,1
14090,2
14090,1
53879,2
53879,1
14248,2
14248,1
14249,2
14249,1
121101,2
121101,1
93508,2
93508,1
121102,2
121102,1
102145,2
102145,1
80490,2
80490,1
14252,2
14252,1
88412,2
88412,1
92818,2
92818,1
14253,2
14253,1
14279,2
14279,1
318045,2
317436,2
14280,2
14280,1
69287,2
69287,1
181306,2
181306,1
324364,2
324364,1
205754,2
205754,1
23746,2
23746,1
73960,2
73960,1
329158,2
329158,1
14313,2
14313,1
284769,2
284769,1
17252,2
17252,1
360992,2
360992,1
374150,2
374150,1
236465,2
236465,1
328101,2
328101,1
331708,2
331708,1
128320,2
128320,1
22125,1
65862,2
65862,1
142341,1
54823,2
54823,1
500226,2
500226,1
245665,2
245665,1
192899,2
192899,1
176292,2
176292,1
18598,2
18598,1
249853,2
249853,1
94531,2
94531,1
225796,2
225796,1
134274,1
79372,1
329930,1
371441,1
335495,1
138346,1
