71839,7
71839,1
71839,20
379082,7
26083,1
26083,7
76583,11
76583,14
59418,14
59418,11
50593,11
50593,14
80913,11
80913,14
322413,11
322413,14
65552,14
65552,11
351549,14
351549,11
51307,14
51307,11
93024,14
93024,11
67032,14
67032,11
77036,14
77036,11
55434,14
55434,11
336097,11
336097,14
185167,11
185167,14
26215,14
26215,11
120655,14
120655,11
185164,14
185164,11
185166,11
185166,14
507786,15
280246,7
280246,3
285633,7
285633,3
119116,7
178741,7
176700,7
255628,7
721,10
177523,7
722,10
185972,10
523363,10
80980,10
279648,10
105540,10
156134,10
279647,10
279646,10
279645,10
523362,7
523362,10
737,7
737,10
523361,7
523361,10
260682,1
270260,7
211541,7
52621,7
298623,7
168703,7
168703,1
374843,7
170218,7
324876,7
324876,1
324878,7
324878,1
324880,7
298625,7
344837,7
182428,7
339126,7
344131,7
344132,7
344133,7
298626,7
296016,7
42964,7
152930,7
270259,7
152931,7
152931,1
240228,7
240228,1
152932,7
152933,7
240229,7
179188,7
152935,7
349272,7
349272,1
108938,7
111252,7
112203,7
211065,4
334247,4
211313,4
106042,20
106042,4
101270,20
101270,4
312575,20
312575,4
184518,20
184518,4
282043,20
282043,4
214929,20
214929,4
221465,20
221465,4
147978,20
147978,4
184488,20
184488,4
112436,20
112436,4
139328,20
139328,4
368000,20
368000,4
139329,20
139329,4
184524,20
184524,4
220727,20
220727,4
280724,20
280724,4
156521,20
156521,4
184517,20
184517,4
333793,20
333793,4
112442,20
112442,4
112444,20
112444,4
173876,20
173876,4
173881,20
173881,4
148633,20
148633,4
173889,20
173889,4
364778,20
364778,4
148672,20
148672,4
214927,20
214927,4
202885,20
202885,4
112430,20
112430,4
378145,20
378145,4
378146,20
378146,4
378147,20
378147,4
333091,20
333091,4
184525,20
184525,4
241693,20
241693,4
378156,20
378156,4
337141,20
337141,4
112439,20
112439,4
184519,20
184519,4
112443,20
112443,4
375089,20
375089,4
89875,20
89875,4
95918,4
95918,20
26468,4
26468,20
186131,20
186131,4
186134,20
186134,4
517979,4
517341,4
517341,20
337684,4
337684,20
221474,4
221474,20
221494,4
221494,20
831,4
840,4
186210,4
186211,4
186219,20
186219,4
292273,1
292273,20
353623,1
353623,20
349964,1
349964,20
312577,1
312577,20
349969,1
349969,20
112402,1
112402,20
165502,1
165502,20
350035,1
194710,1
217953,1
217953,20
165496,1
165496,20
349980,1
349980,20
112404,1
112404,20
521559,1
165500,1
165500,20
858,4
858,20
196810,4
333795,4
253448,4
282512,4
334256,4
521083,4
78771,20
78771,4
334226,4
521169,4
334249,4
333796,4
226282,4
517750,4
218227,4
218227,7
521171,4
522791,4
334255,4
521326,4
186242,20
186242,4
877,4
877,20
186284,4
186284,20
520210,4
520210,20
156182,7
315296,7
174270,7
259188,7
106044,7
106044,3
200398,7
200398,3
132153,7
142631,7
200395,7
200395,3
304718,7
238930,7
307774,7
142632,7
156196,7
156196,3
186569,7
106045,7
106046,7
186571,7
186572,7
143018,7
237172,7
106047,7
186574,7
186576,7
142633,7
186578,7
105497,7
280976,7
178819,7
175314,1
1104,7
188276,7
344766,20
344766,7
191524,1
190714,1
291463,1
292252,1
121188,7
121188,10
1313,11
1313,1
97932,11
97932,1
65620,7
233129,7
199173,7
215499,7
215394,7
193659,7
199176,7
215451,7
215486,7
190175,7
380437,7
380437,3
380437,1
119443,7
106051,7
233228,7
233230,7
233507,7
233162,7
233178,7
119435,7
215308,7
215311,7
215312,7
233137,7
106052,7
176778,7
140380,7
325179,7
234893,7
389167,7
234891,7
119498,7
246796,7
172570,7
139302,7
199444,7
165507,7
156042,7
226748,3
52447,3
109542,1
26895,1
68576,7
522279,6
524919,7
525088,7
525088,3
1575,2
1575,1
79002,2
79002,1
284003,2
284003,1
114041,2
114041,1
284001,2
284001,1
20903,17
191382,7
526674,7
523088,7
105555,10
277906,10
105559,10
70045,4
70045,1
68713,11
68713,4
156883,7
134180,2
134179,2
55729,17
103867,7
106060,7
127412,7
146647,3
146647,1
306453,3
306453,11
271941,3
43477,14
43477,3
351282,3
237490,3
27734,11
27734,3
296992,3
296992,11
296996,3
296996,11
279711,3
248691,3
248691,11
248691,14
347654,3
347654,14
347654,11
239115,14
239115,11
250148,4
250148,11
250148,3
331044,14
331044,11
48754,3
307183,11
307183,3
292698,3
347912,14
347912,11
347912,3
257075,14
257075,11
257075,3
348088,14
348088,11
348088,3
296970,3
296970,11
302972,11
302972,3
325490,11
325490,3
513784,3
513783,3
348067,3
348067,14
348067,11
253805,4
253805,11
253805,3
292421,4
292421,11
292421,3
176780,3
177888,3
177888,1
347903,3
347903,4
347903,11
164608,3
164608,4
164608,11
348074,3
348074,4
348074,11
203596,3
203584,3
203584,11
84584,14
84584,11
84584,3
75912,3
75912,11
234423,4
261229,4
325535,1
325968,1
132707,1
107279,7
353488,7
234900,7
524962,7
235494,7
353443,1
107280,7
246739,7
107289,7
353444,1
353444,20
107281,7
234899,7
173270,7
206888,7
48143,7
139288,7
353445,7
107282,7
246746,7
278378,7
353446,7
215525,7
246740,7
246734,7
199201,7
353507,7
353505,7
107283,7
353485,7
353508,7
173254,7
246743,7
246744,7
107286,7
173154,7
246737,7
235495,7
173278,7
173256,7
353450,7
107288,7
165061,7
304019,7
318422,7
318423,7
27854,7
318425,7
165063,7
162815,7
139362,7
368796,3
526442,7
525811,7
526599,7
302867,3
353962,3
120895,3
363872,7
528759,7
361804,3
361805,7
525578,7
525464,7
525553,7
298832,3
204032,7
525046,20
525046,1
204413,7
204413,20
57302,1
302176,3
302176,11
311031,3
311031,11
195919,3
195919,11
360304,3
360304,11
303724,3
303724,11
216092,3
216092,11
168876,3
168876,11
168876,7
82637,3
82637,11
82637,7
153697,3
153697,11
29468,3
29468,11
116447,3
116447,11
106063,7
521773,7
304021,7
517369,7
157228,7
204846,7
204849,7
204850,7
277684,7
365945,7
338818,7
280714,7
369969,7
280725,7
362085,7
157186,7
204853,7
184326,7
184327,7
149640,7
252648,7
149657,7
184325,7
139382,7
139381,7
284344,1
281858,1
349892,7
163552,7
206889,7
349894,7
134666,7
517450,7
536988,7
504028,7
135076,7
135092,7
135059,7
349901,7
112390,7
357746,7
241841,7
233039,7
122060,7
246926,7
184541,7
107456,7
346331,7
184533,7
346336,7
246929,7
122188,7
234898,7
346339,7
122189,7
199777,7
119488,7
184538,7
122069,7
246931,7
156545,7
346342,7
279943,7
184536,7
233040,7
367395,7
346345,7
292866,7
241676,7
184547,7
346346,7
172377,7
293284,20
353463,7
293269,7
353470,7
293279,7
529291,7
279579,7
107311,7
176830,7
353475,7
133333,7
107315,7
133404,7
521743,7
246018,7
107320,7
139296,7
529300,7
293283,7
353511,7
293280,7
293289,7
293290,7
353512,7
522181,7
119152,7
119154,7
293273,7
139297,7
353516,7
139298,7
350490,7
241812,7
349853,7
246749,7
349863,7
156345,7
521608,7
156346,7
349856,7
349855,7
517345,7
349848,7
241814,7
241594,7
246759,7
245445,7
521918,7
251818,7
112393,7
381568,7
251820,7
124565,7
119155,7
207346,7
217885,7
217909,7
119135,7
372727,7
119158,7
269246,7
337366,7
199437,7
207339,7
337396,7
233030,7
337996,7
337384,7
119138,7
337997,7
217900,7
119140,7
217899,7
347164,7
106080,7
139301,7
2392,7
106081,7
112514,7
537002,7
360192,7
521734,7
204856,7
157217,7
204857,7
309061,1
303551,1
316083,7
303562,7
303557,7
303564,7
370088,7
370086,7
370105,7
370102,7
207958,7
122199,7
221572,7
221573,7
139387,7
370050,7
388128,7
112513,7
122198,7
106083,7
201459,7
280713,7
2424,7
2424,10
50646,7
104013,7
265695,7
24950,7
157291,7
157291,15
361108,7
353413,7
347335,7
353414,7
353412,7
237825,7
299909,7
143903,7
279712,7
360305,7
360306,7
360308,7
250464,7
378552,7
239355,7
249757,7
143904,7
219409,7
370885,7
361109,7
361107,7
351284,7
347334,7
351285,7
351286,7
157318,7
157319,7
328038,7
168217,7
328037,7
352907,7
206166,7
247182,7
247181,7
217040,7
206160,7
217041,7
247191,7
247186,7
153592,7
205115,7
202703,7
217043,7
238351,7
371881,7
247208,7
247200,7
247201,7
247187,7
247203,7
247206,7
217048,7
247205,7
247204,7
247202,7
247198,7
247209,7
217050,7
368799,7
366016,7
206158,7
247185,7
176611,7
337331,7
247213,7
217053,7
259254,7
247210,7
217054,7
217055,7
217059,7
217061,7
206165,7
238352,7
177526,7
247212,7
536941,7
247197,7
247207,7
247199,7
217064,7
247196,7
304032,7
247195,7
247214,7
382658,7
247215,7
247194,7
88722,7
247193,7
206167,7
237420,7
279267,7
318516,7
327345,7
330507,7
327343,7
362334,7
317783,7
353304,7
308663,7
353303,7
337952,7
520014,7
243511,7
310421,7
229738,7
220979,7
310444,7
298996,7
319764,7
372706,7
311518,7
302488,7
379317,7
291493,7
362344,7
371108,7
362348,7
371105,7
371107,7
371106,7
346089,7
362338,7
351241,7
197920,7
197918,7
302939,7
236362,7
197940,7
302941,7
199680,7
526085,7
525691,7
386136,7
386137,7
362314,7
526409,7
242712,7
362302,7
362300,7
526331,7
362329,7
362327,7
281327,7
281326,7
362328,7
526374,7
362058,7
362062,7
325067,7
253808,7
297225,7
325066,7
338678,7
362333,7
362301,7
362298,7
362475,7
362473,7
525614,7
525566,7
241573,7
310420,7
226814,7
227194,7
362318,7
362317,7
362319,7
362265,7
362268,7
315670,7
325073,7
362264,7
352911,7
334463,7
352913,7
306844,7
525917,7
334465,7
242728,7
362311,7
362312,7
362313,7
525531,7
362296,7
362295,7
362294,7
362293,7
286006,7
362273,7
351288,7
353705,7
344629,7
236375,7
302940,7
197915,7
197943,7
310141,7
197919,7
302942,7
298640,7
362257,7
362343,7
361857,7
362346,7
362342,7
362347,7
310443,7
362262,7
362261,7
363356,7
362341,7
362340,7
362337,7
202027,7
202025,7
520394,7
524793,7
199681,7
211942,7
524792,7
524808,7
525139,7
525265,7
367815,7
156433,7
526675,7
206616,7
248450,7
206619,7
133111,4
344138,4
55173,4
80135,4
44937,4
206519,7
206520,7
157369,7
90822,1
105534,7
259166,7
259166,12
517190,7
517190,12
378119,7
343227,7
71018,12
71018,7
287907,7
236719,7
236719,11
329575,7
319071,7
319071,11
345569,12
345569,7
278248,12
278248,7
270426,12
270426,7
347316,7
347316,12
325164,7
325164,12
329595,7
329595,11
329595,12
534038,7
251801,7
522830,7
522830,12
251803,7
251803,12
345570,7
236718,7
236718,11
346581,12
346581,7
287914,7
371583,11
371583,7
306727,7
306727,11
306727,12
302125,7
346582,7
251806,7
522813,7
522813,12
346583,7
329584,7
346584,7
346584,11
522817,7
522817,12
329591,7
522805,7
522805,12
329585,7
251809,7
522818,7
522818,12
329228,7
329608,7
517159,7
517159,12
329609,7
329609,11
329609,12
378969,7
329599,7
251804,7
354045,12
354045,7
354046,7
273493,7
273493,11
273493,12
297297,12
297297,7
354058,7
354059,7
309231,7
218349,7
218349,11
518121,7
518121,12
354103,7
251808,7
246868,7
106088,7
246853,7
241699,7
241702,7
241703,12
241703,7
106090,12
106090,7
241704,7
241705,7
246863,7
361040,7
241706,12
106092,7
210490,7
210490,11
210490,12
241707,7
246859,7
246864,7
241710,7
241710,12
275170,12
275170,7
241701,7
207112,7
329598,7
329592,7
207116,7
219165,7
219165,12
157404,12
157404,7
157405,7
157405,12
383264,7
210495,12
210495,7
210489,7
207136,12
207136,7
207137,7
207137,12
522006,7
522006,12
517173,7
517173,12
518089,7
518089,12
346586,7
346586,12
346587,7
251815,12
251815,7
371986,7
217771,7
217771,12
346591,7
251814,7
251814,11
307212,7
306745,12
306745,7
217770,12
217770,7
157406,12
157406,7
207141,12
207141,7
119108,7
121158,7
52915,1
3055,1
300994,7
28782,2
28782,7
20782,7
176857,7
176857,15
295470,7
290938,7
290928,7
290933,7
290935,7
290930,7
290931,7
290936,7
290934,7
295280,7
295073,7
295074,7
295072,7
295276,7
295277,7
290939,7
349565,7
342006,7
298137,7
295273,7
295079,7
295078,7
295070,7
295062,7
295066,7
295068,7
295063,7
295064,7
295069,7
295067,7
295075,7
295076,7
295071,7
299492,7
344159,7
106096,7
370796,7
238381,7
371879,7
348385,7
208968,7
209062,7
209068,7
157515,7
174782,7
209074,7
209106,7
209106,1
209106,6
209104,7
209104,1
209104,6
142250,1
109388,7
210112,7
105499,7
210411,7
210411,20
210412,20
210412,7
3722,20
3722,1
157604,7
157604,20
163712,7
163712,20
181608,7
181608,20
285698,7
157618,20
157618,7
140062,20
140062,7
178973,11
178973,1
143418,11
143418,1
285482,11
285482,1
122757,1
122757,11
363373,11
363373,1
376201,1
217806,11
217806,1
229721,1
217788,11
217788,1
217789,1
217789,11
208651,1
208651,11
172430,11
172430,1
143697,11
143697,1
178969,1
178969,11
252359,1
299709,1
299709,11
142134,11
142134,1
143691,11
143691,1
143195,11
143195,1
143323,1
143323,11
143196,11
143196,1
143818,11
143818,1
126283,11
126283,1
178976,11
178976,1
176742,1
176742,11
176737,11
176737,1
135154,11
135154,1
123903,11
143268,11
143268,1
305311,11
305311,1
156112,11
156112,1
359207,11
359207,1
285495,1
313340,11
313340,1
337202,1
337202,11
178986,11
178986,1
143271,1
160820,1
233401,11
233401,1
199007,11
199007,1
374699,11
374699,1
160815,1
160815,11
147376,1
147376,11
124022,1
123623,1
178962,11
178962,1
313336,1
313336,11
176734,1
176735,1
147312,1
147312,11
123260,11
123260,1
135199,1
371082,11
371082,1
157332,11
157332,1
157338,11
157338,1
220560,11
220560,1
135135,11
135135,1
299017,1
299017,11
214407,11
214407,1
147371,11
147371,1
155804,1
155804,11
155404,11
155404,1
221547,11
221547,1
122786,11
122786,1
122616,11
122616,1
257221,1
257221,11
175566,11
175566,1
122619,11
122619,1
122719,1
122719,11
150906,1
150906,11
122514,1
229725,11
229725,1
122872,11
122872,1
229729,11
229729,1
211486,7
157692,7
295461,7
119347,7
119347,20
194680,20
194680,7
194684,7
212550,1
138136,7
138134,7
360994,7
360994,3
247699,7
247699,3
360311,7
360311,3
73965,7
250370,7
250370,3
518907,7
519891,7
519891,3
213334,7
44177,7
71766,7
380630,4
90825,4
89639,4
94635,4
138200,4
282208,4
70009,4
238359,7
25953,7
153666,7
139227,7
280957,7
60836,7
82456,7
281486,7
105511,7
214514,7
214515,7
82742,1
214516,7
60968,7
280981,7
269782,7
269782,20
240058,7
376990,7
376991,7
376989,7
376992,7
376992,3
264550,7
239160,7
212131,7
212131,3
141809,7
142726,7
351242,7
353834,7
353833,7
353832,7
385781,7
133329,7
353863,7
353821,7
353821,3
353822,7
353822,3
353823,7
353823,3
353824,7
353824,3
353842,7
353843,7
353838,7
353839,7
362480,7
353852,7
133327,7
163396,7
323048,7
353848,7
294465,7
353865,7
353853,7
353855,7
353856,7
355787,7
355786,7
353831,7
353849,7
355789,7
142734,7
142733,7
529104,7
353840,7
237456,7
142725,7
142725,3
353860,7
282033,7
365286,7
353858,7
142746,7
351169,7
329917,7
353861,7
354173,7
132450,7
350254,7
287471,7
133323,7
235171,7
353857,7
355788,7
343431,7
174979,7
30720,7
353864,7
142763,7
141807,7
163393,7
141806,7
141806,3
353836,7
122437,7
353828,7
142773,7
525723,7
353948,7
353829,7
311509,7
354177,7
142779,7
163402,7
158205,7
158205,12
105565,7
105565,12
293239,7
293239,12
293236,7
293236,12
199931,12
199931,7
518185,7
518185,12
112426,7
112426,12
297286,7
297286,12
158213,7
158213,12
105568,12
105568,7
378140,7
378140,11
173930,12
173930,7
119336,12
119336,7
139319,11
139319,7
173948,12
173948,7
173947,2
293191,7
388146,7
301559,7
387334,12
387334,7
516567,7
516567,12
517782,7
517782,12
307216,12
307216,7
378137,7
378142,7
378136,12
378136,7
119342,7
293192,7
361002,7
500531,7
500531,12
302126,7
378134,12
378134,7
521605,7
521605,12
293194,7
500543,7
173936,12
173936,7
173946,7
173946,12
378984,7
388253,7
194078,7
388254,7
158218,12
158218,7
199782,7
199801,7
199915,7
237223,7
279953,7
199873,7
327174,7
199875,7
310560,7
199876,7
380389,7
199854,7
199910,12
199910,7
364573,7
246060,7
310559,7
199886,7
199887,7
199895,7
139350,7
199868,7
139378,7
246049,7
286298,7
364548,7
246050,7
203333,7
199853,7
199862,7
199918,7
106106,7
304068,7
265848,7
320734,7
199837,12
199837,7
349227,12
349227,7
124421,7
133280,7
337867,7
311806,7
258689,7
203334,7
233043,7
311754,7
370632,7
199730,7
251828,7
506748,12
506748,7
364570,12
364570,7
199819,7
112370,7
112371,7
133284,7
199812,7
265849,7
251824,7
199811,7
139317,7
311758,7
337904,7
139318,7
318439,7
310557,7
199860,7
297119,7
199839,7
139349,7
337894,7
133285,7
346141,7
199733,7
199773,7
199774,7
387294,7
337878,7
311807,7
307217,7
337912,7
251825,7
337880,7
301818,7
199823,7
330675,7
265855,7
337890,7
347163,7
199834,7
252187,7
199883,7
520203,7
517177,7
251835,12
251835,7
199903,7
112373,7
267553,7
310558,7
388706,7
124424,7
265853,7
265851,7
364549,7
133288,7
311794,7
337893,7
246034,12
246034,7
105584,12
105584,7
72392,7
158243,7
121513,7
158240,7
119184,4
119184,11
119194,11
119194,4
103211,1
180350,1
170165,1
173181,1
328264,1
344411,1
353393,1
42417,1
293216,1
165835,1
282380,1
282382,1
306459,1
300464,1
327387,1
234457,1
173211,1
317641,1
302856,1
320649,1
320672,1
57110,1
173251,1
286395,1
271073,1
249104,1
376631,1
372394,1
197449,1
177686,1
198347,1
338038,1
385613,1
383286,1
216939,1
351579,1
58097,1
327685,1
62200,1
238015,1
290580,1
230672,1
121477,1
180927,1
248700,1
372410,1
372406,1
345425,1
167347,1
192096,1
146132,1
350950,1
352660,1
352662,1
352671,1
352674,1
327273,1
184671,1
307078,1
331220,1
353523,1
298716,1
59748,1
48350,1
249103,1
94897,1
134654,1
213089,1
372420,1
514203,1
77084,1
239039,1
109314,1
350873,1
337651,1
271087,1
306767,1
248790,1
229267,1
504876,1
352978,1
143510,1
170170,1
308032,1
65181,1
72627,1
173443,1
310326,1
248734,1
243512,1
248735,1
360370,1
331211,1
309299,1
250816,1
306535,1
344410,1
58707,1
365009,1
349584,1
349575,1
366101,1
372439,1
78663,1
375279,1
360360,1
523911,1
183092,1
143260,1
50875,1
85704,1
290581,1
345427,1
173520,1
248738,1
269361,1
136691,1
178229,1
293217,1
241159,1
338043,1
67744,1
255376,1
234128,1
306441,1
173581,1
170174,1
368345,1
253430,1
372453,1
307639,1
333804,1
234213,1
197486,1
275878,1
213116,1
353659,1
104188,1
207790,1
325092,1
173632,1
79193,1
173646,1
317643,1
342453,1
317644,1
342447,1
52228,1
80212,1
345432,1
241929,1
233085,1
173665,1
43496,1
43496,3
43497,1
309407,1
94984,1
241485,1
190681,1
297245,1
170175,1
253431,1
372466,1
56240,1
44906,1
263317,1
96897,1
325093,1
184661,1
315726,1
248757,1
116445,1
369039,1
352979,1
273375,1
47748,1
114204,1
62628,1
104132,1
209192,1
274820,1
345575,1
173792,1
271354,1
209193,1
127396,1
372494,1
76337,1
241928,1
353787,1
70521,1
197497,1
173834,1
158048,1
84042,1
43686,1
352782,1
208248,1
338053,1
68772,1
226987,1
309435,1
152615,1
368348,1
317092,1
317093,1
208249,1
173994,1
233734,1
197504,1
289126,1
99455,1
369047,1
338059,1
360890,1
370876,1
344175,1
99606,1
231305,1
56242,1
170180,1
379027,1
307080,1
65564,1
281785,1
309492,1
113833,1
360899,1
327261,1
177502,1
282401,1
372411,1
372407,1
167348,1
317702,1
177894,1
374214,1
255615,1
317712,1
370119,1
367712,1
374212,1
101753,1
352682,1
335803,1
308905,1
342459,1
306600,1
335124,1
176784,1
310327,1
365008,1
350617,1
350618,1
365002,1
504401,1
503787,1
258279,1
239696,1
254479,1
320650,1
320673,1
94183,1
367710,1
344174,1
61336,1
181404,1
20718,1
524193,7
128885,7
130555,7
42495,7
5355,7
142927,7
303162,7
303164,7
246937,7
342102,7
307220,7
307220,12
119325,7
107428,7
534869,7
343709,7
343703,7
343703,12
199438,7
307222,7
342106,7
246943,7
241838,7
343705,7
139299,7
328308,7
199442,7
142929,7
303168,7
142930,7
107442,7
198020,7
303174,7
107446,7
246951,7
219223,7
296470,7
343715,7
219151,7
246952,7
342105,7
246954,7
370630,7
307223,7
246724,7
241840,7
245986,7
370628,7
163929,7
163929,12
158355,7
177563,1
101304,1
25789,7
325172,7
59104,7
74520,1
74520,7
140524,7
5399,1
5399,7
311053,1
311053,7
194176,1
115985,1
115985,11
31239,11
31239,1
105276,11
105276,1
85047,11
105280,11
105280,1
111293,1
111293,11
97096,1
73993,1
59408,11
59408,1
102025,1
44655,11
44655,1
243818,7
243818,3
368676,7
368676,3
352710,7
352710,3
367721,7
367721,3
367722,7
367722,3
317645,7
317645,3
202008,7
202008,3
338949,3
338949,1
380422,3
380422,1
380424,3
380424,1
326825,3
326825,1
276168,3
276168,1
230598,3
230598,1
230600,3
230600,1
214393,3
214393,1
175111,3
175111,1
229778,3
229778,1
298599,3
298599,1
298600,3
298600,1
335305,3
335305,1
360314,3
360314,1
310472,3
310472,1
193296,3
193296,1
230599,3
230599,1
327162,3
327162,1
529203,3
529203,1
230601,3
230601,1
511934,3
511934,1
196425,3
196425,1
248972,3
248972,1
511937,3
511937,1
169362,3
169362,1
202629,3
202629,1
249818,3
249818,1
249797,3
249797,1
359108,3
359108,1
359109,3
359109,1
310845,3
310845,1
500209,3
500209,1
31753,3
31753,1
5758,3
5758,1
228300,3
228300,1
376603,3
376603,1
111393,3
111393,1
117081,3
117081,1
536850,3
537075,3
537064,3
536876,3
536870,3
536922,3
537014,3
536908,3
537012,3
105507,7
5889,7
347718,7
61139,7
25370,1
25370,7
264307,1
6342,10
121217,10
89957,6
158639,7
158655,7
158655,20
73475,7
73475,20
23105,7
360480,7
240038,1
240038,7
337625,1
337625,7
334717,1
334717,7
335807,1
335807,7
363866,1
363866,7
360772,1
360772,7
111052,1
237434,1
237434,7
244098,1
244098,7
351299,1
351299,7
217905,1
217905,7
288841,1
288841,7
169158,1
169158,7
332704,1
332704,7
522608,1
522608,18
187703,7
217472,7
207329,7
207321,7
207326,7
217486,7
217484,7
264308,7
137431,7
207328,7
217544,7
308653,7
217489,7
358817,7
137432,7
173046,7
207784,7
201476,7
308923,7
311058,7
217478,7
103185,7
158765,7
48585,7
158770,7
57197,7
61927,7
320008,7
245119,7
81109,1
158799,7
361935,3
361935,1
199743,20
378128,20
241685,20
378130,20
246768,20
320207,4
304271,4
367741,4
367742,4
367743,4
320209,4
320210,4
351300,4
285801,4
54426,11
54426,4
115674,4
114275,11
114275,4
303181,11
303181,1
7431,4
207641,6
125006,11
125006,6
523203,7
63025,7
235102,7
71504,7
121177,7
263313,7
234124,7
105478,7
158926,7
158926,10
158928,7
158928,10
294467,3
294467,1
7700,3
7700,1
238316,3
238316,1
288861,3
288861,1
23110,8
23110,7
125485,7
7875,7
96913,7
114258,7
27631,7
51285,4
344342,4
344342,1
353886,3
353886,1
504945,3
504945,1
354584,7
354584,3
158994,7
158994,12
218098,7
218098,12
142818,7
121180,7
246291,7
200062,7
139825,7
121944,7
386820,7
387964,7
159145,7
529135,7
503554,7
502735,7
529223,7
502809,7
501580,7
105515,7
346297,7
529254,7
346194,7
346192,7
249756,7
529253,7
346197,7
346197,3
277035,7
165512,7
165512,3
523298,7
165520,7
165520,3
346299,7
238099,7
529106,7
529029,7
357477,7
346304,7
346201,7
165511,7
529034,7
529109,7
528971,7
528992,7
237682,7
197739,7
346309,7
294430,7
529056,7
173112,7
338913,7
338913,3
346263,7
528988,7
529041,7
529068,7
529003,7
528999,7
346220,7
528937,7
346882,7
346325,7
346264,7
346292,7
528977,7
346290,7
529077,7
371573,7
347376,7
346213,7
346277,7
346281,7
346282,7
346268,7
338239,7
168546,7
168546,3
528976,7
165527,7
165527,3
141812,7
346326,7
118725,7
528978,7
528996,7
139234,7
214849,7
304299,7
529146,7
529093,7
529142,7
529124,7
529217,7
529175,7
529164,7
529085,7
529204,7
529040,7
529170,7
371185,7
529199,7
529166,7
529230,7
346307,7
173129,7
173129,3
173107,7
173107,3
69164,1
327896,7
286096,1
334678,1
116608,1
116608,7
85851,4
344833,4
277899,10
277900,10
159259,10
65383,4
65383,11
65383,14
44830,4
44830,11
44830,14
525839,4
525839,11
525839,14
318564,4
318564,11
318564,14
318562,4
318562,11
318562,14
67753,7
301614,7
301613,7
301617,7
159351,7
500426,3
500426,11
500426,14
343786,3
343786,11
343786,14
339287,3
339287,11
339287,14
339071,3
339071,11
339071,14
43771,3
43771,11
43771,14
261464,3
261464,11
261464,14
237999,3
237999,11
237999,14
339103,3
339103,11
339103,14
149101,1
308024,3
308024,11
308024,14
285755,1
336665,1
242269,1
9153,1
118860,1
261526,3
261526,11
261526,14
110933,3
110933,11
110933,14
95402,3
95402,11
95402,14
372136,3
372136,11
372136,14
176787,7
176787,3
285660,1
285660,7
215761,2
106149,7
106149,3
106149,2
9185,11
9185,7
9185,1
367422,1
367422,7
319825,2
290849,1
290849,7
294978,1
294978,7
504951,1
504951,7
299217,1
297740,1
298417,1
298417,7
504948,1
504948,7
306263,2
291804,2
239055,2
292811,2
169853,2
103542,2
291803,7
114278,7
114278,2
515222,2
215375,7
215375,3
215375,2
378504,2
109285,7
109285,2
264240,1
250266,3
523468,7
159461,7
106150,7
517170,7
184468,7
184475,7
305352,7
119355,7
143345,7
119356,7
264482,7
125895,7
119357,7
112409,7
142968,7
171652,7
208404,7
363310,7
119360,7
297270,7
297273,7
119362,7
313432,7
172527,7
264478,7
142971,7
112416,7
142972,7
112417,7
297272,7
119367,20
363325,7
319168,7
517368,7
208400,7
184471,7
309700,7
119371,7
208408,7
353391,7
350042,7
142973,7
363314,7
297274,7
297275,7
297276,7
119374,7
147875,7
142975,7
363330,7
184466,7
309312,7
184467,7
208409,7
319166,7
139326,7
149749,7
172532,7
143346,7
521488,7
349041,7
521561,7
159494,7
532471,7
159495,7
258236,7
321536,2
298933,2
298933,7
341739,7
341739,2
341740,7
341740,2
224052,2
95493,2
507744,2
257610,2
352985,2
507887,2
257600,7
257600,2
259151,2
217177,2
251698,7
251698,2
290774,7
290774,2
199191,7
199191,2
507746,2
507757,2
189331,2
189331,7
507747,2
507765,2
507748,2
507768,2
103537,2
208008,2
119305,7
119305,2
176041,2
523295,7
523295,2
507888,2
507766,2
293741,7
293741,2
333182,7
333182,2
329043,7
329043,2
133196,2
507749,2
236746,2
199192,2
199192,7
507759,2
233254,7
233254,2
208222,7
208222,2
178135,7
178135,2
290773,7
290773,2
248963,2
507770,2
507750,2
328833,7
328833,2
279880,2
279880,7
175709,2
322346,7
322346,2
339189,7
339189,2
507751,2
237846,7
237846,2
165030,2
507771,2
279884,7
279884,2
291406,7
291406,2
194298,7
194298,2
257611,2
166279,2
507758,2
322343,7
322343,2
104805,7
104805,2
178575,2
178575,7
329404,7
329404,2
339240,7
339240,2
329406,7
329406,2
339242,7
339242,2
329405,7
329405,2
339241,7
339241,2
210022,2
204121,7
204121,2
507760,2
507761,2
507752,2
166288,2
507753,2
507767,2
507762,2
507754,2
507754,7
505457,7
505457,2
329410,7
329410,2
367424,7
367424,2
507755,2
45868,2
376678,2
174732,2
507756,2
210023,2
166282,2
166280,2
210027,2
133357,2
133357,7
507763,2
174734,7
174734,2
221379,2
241835,7
199190,7
221382,2
137344,7
137344,2
178158,7
178158,2
517110,2
215433,7
215433,2
339191,2
176029,2
178162,2
178162,7
221385,7
221385,2
217197,2
217197,7
208221,7
208221,2
237669,2
329375,7
329375,2
165456,7
165456,2
341449,2
316153,2
316153,7
335181,7
119291,7
9861,1
113962,1
81095,7
81095,2
324103,7
523856,2
346151,2
346151,7
346152,7
346152,2
523857,2
507792,7
507792,2
346150,2
249750,3
329134,1
10091,1
178087,7
344081,1
153776,7
336017,1
283434,1
75859,7
310926,7
280949,7
252018,7
280587,7
274703,1
336018,7
114782,7
379110,7
235508,16
235509,16
10383,16
191740,7
191740,3
250480,7
250480,3
156937,7
156937,3
176048,7
176048,3
345806,7
345806,3
176128,7
176128,3
142728,7
142728,3
310833,7
310833,3
290639,7
290639,3
269421,7
269421,3
351331,7
351331,3
286014,7
286014,3
319578,7
319578,3
310810,7
310810,3
319642,7
319642,3
351330,7
351330,3
310913,7
310913,3
310809,7
310809,3
306863,7
306863,3
311039,7
311039,3
272148,7
272148,3
285663,7
285663,3
137386,7
137386,3
176790,7
176790,3
176791,7
176791,3
159635,7
10550,7
143417,7
200040,7
200041,7
522423,7
105572,7
102972,7
280588,7
103489,7
159637,7
105481,12
121315,12
265866,12
246839,12
218054,12
163183,12
218055,12
218056,7
122203,12
265863,12
221568,12
112502,12
246829,12
112503,7
291501,12
122204,7
122204,12
265864,12
163167,12
122209,12
221555,12
218058,12
163170,12
163169,12
133273,12
112505,12
122205,12
265860,12
293343,12
265861,12
112507,7
112507,12
265856,7
139385,7
163171,12
133278,12
221567,12
112508,12
246834,12
246836,12
139386,12
246838,7
199928,12
199927,12
219179,7
219179,12
112510,12
122213,12
291094,7
252600,12
148582,7
148582,12
148585,7
148585,12
43377,7
77703,7
136891,7
140124,7
159787,7
327991,7
327992,7
343231,7
343231,11
343231,12
343231,1
25310,7
279600,7
279600,10
235689,7
119886,8
119886,7
119886,1
119886,18
11145,1
11145,18
64380,1
64380,18
159867,1
159867,18
156418,7
11264,4
158000,4
85994,4
87569,4
106188,7
106188,3
213880,7
213880,3
178481,1
245308,4
341692,4
52052,4
61328,4
56048,4
224308,4
45311,4
81551,4
49079,4
101800,4
54718,4
286200,4
224373,4
287394,4
212229,7
212229,2
363873,1
363873,3
388647,1
388647,3
360396,1
360396,3
310768,1
515098,1
515099,1
516691,3
516691,1
236868,3
236868,1
505369,1
505369,3
301080,1
301080,3
301081,3
301081,1
337973,1
337973,3
386927,1
386927,3
349936,1
349936,3
386928,1
386928,3
189963,1
189963,3
189964,3
189964,1
276572,1
276572,3
256961,1
256961,3
505373,1
505373,3
505372,1
505372,3
505365,1
505365,3
505366,1
505366,3
505368,3
505368,1
505374,1
505374,3
363876,3
505371,1
505371,3
308120,3
284088,1
284088,3
284087,3
284087,1
284961,3
284961,1
284090,3
284090,1
363874,1
363874,3
514433,3
514433,1
505367,1
505367,3
237850,7
237850,3
365324,1
365324,3
296755,1
296755,3
383168,1
383168,3
360318,3
360318,1
236866,3
236866,1
388418,1
388418,3
361938,3
361938,1
388669,7
388669,3
179206,1
179206,3
299947,1
299947,3
179208,3
179208,1
323956,1
323956,3
272149,1
272149,3
299948,3
299948,1
253761,1
253761,3
388628,3
388628,1
269956,1
269956,3
388657,3
388657,1
515095,1
388655,1
310767,1
388642,1
376144,1
376144,3
199677,1
199677,3
365325,1
365325,3
361937,3
361937,1
388646,3
388646,1
388668,3
388668,1
334470,1
334470,3
336817,1
336817,3
367595,1
367595,3
367596,1
367596,3
385315,1
385315,3
175831,7
52667,7
68006,7
187710,7
187710,1
184689,7
184689,3
353013,7
353013,1
342675,7
342675,1
525756,7
41818,7
181778,7
136481,7
75069,7
75069,1
202604,7
202604,1
250133,7
250133,1
280845,7
280845,1
207780,7
207780,1
202878,7
202878,1
190181,7
190181,1
106195,7
106194,7
139239,7
138145,7
287476,7
280968,7
379067,7
205117,7
165529,7
165528,7
240048,7
350965,7
212138,7
136295,7
11676,7
320009,7
228585,3
315702,3
308678,3
510434,3
510434,11
308679,3
251699,3
515276,3
515277,3
515278,3
195476,3
319601,3
191855,3
331043,3
331043,11
146896,3
221137,3
290956,3
229935,3
146774,3
270667,3
163321,3
319600,3
371811,3
298638,3
271319,3
169433,3
510600,3
510600,11
239273,3
306563,3
306564,3
317688,3
200866,3
121945,3
134514,3
347518,10
347518,7
522631,10
522631,7
156644,10
156644,7
519032,10
519032,7
520104,10
520104,7
380388,10
380388,7
65666,10
65666,7
63210,7
237823,7
296478,7
49065,7
344261,7
160228,7
296476,7
296477,7
124067,7
385786,7
371880,7
344263,7
217461,7
58799,7
270132,7
334834,7
529256,7
282482,7
320065,7
294448,7
217532,7
217542,7
136483,7
202757,7
165167,7
218231,7
334835,7
217533,7
126201,7
24473,7
293182,7
173852,7
139331,7
173861,7
222128,7
173847,7
362434,7
298135,7
379034,7
112449,7
362461,7
173857,7
120949,11
120949,14
73968,11
73968,14
206885,10
206885,7
247382,10
247382,7
240712,10
240712,7
207819,10
207819,7
105473,7
118211,7
319102,7
319102,20
324565,7
324565,3
310725,7
310735,7
308675,7
525128,7
525128,3
373674,7
156960,7
156960,3
197508,7
197508,3
181611,7
181611,3
199464,7
199464,3
199466,7
199466,3
380212,3
163952,7
166804,7
360329,3
347833,3
525646,7
525646,3
526037,7
526037,3
526052,7
526052,3
386455,7
386455,3
331298,7
370126,7
370126,3
234185,3
234184,3
315677,3
269216,3
269215,3
371987,7
275699,3
275702,3
288561,3
197927,7
303602,3
372704,7
372704,3
198507,3
529349,7
529349,3
156965,7
156965,3
290640,3
121283,3
283473,3
339672,3
353095,7
353095,3
500542,3
386452,7
386452,3
175717,3
191197,7
353094,7
353094,3
354862,3
353091,7
353091,3
338912,7
356081,3
166805,7
372630,7
234562,3
361825,7
361825,3
169527,7
121286,7
131546,7
147180,7
206708,3
231177,3
310208,3
256535,3
171574,3
171575,3
339515,3
297542,7
141087,7
231176,3
121268,3
339517,3
356086,3
353427,3
275695,3
300866,7
290861,1
290861,7
297541,3
302933,3
121274,7
370120,3
526048,7
526048,3
277857,3
276583,1
276583,7
241582,3
234560,3
525945,7
525945,3
525863,7
525863,3
353803,7
353803,3
525762,7
526471,7
526471,3
195551,7
370112,3
370114,3
525804,7
525804,3
361932,7
361932,3
354145,3
525753,7
338911,7
335753,7
306871,7
199601,7
199601,3
525659,7
525659,3
525962,7
525962,3
525402,7
525402,3
354154,7
354154,3
334478,3
166779,7
166792,7
166792,3
197507,7
197507,3
197509,7
197509,3
197511,7
197511,3
197512,7
197512,3
525663,7
525663,3
525647,7
525647,3
351346,7
351346,3
525864,7
525864,3
360326,7
360326,3
367823,3
361847,7
361847,3
317325,3
367818,3
351249,7
351249,3
351250,7
351250,3
335749,3
370176,3
368064,3
249938,7
249938,3
361940,3
367829,3
367827,3
351260,3
367828,3
367830,3
521607,3
383143,7
383143,3
505498,7
505498,3
371988,3
505499,3
294481,7
368815,7
294488,7
179218,3
195542,7
131545,7
361800,7
361800,3
371683,7
371683,3
529348,7
529348,3
349988,7
349988,3
505501,7
505501,3
367824,3
310724,7
310734,7
169991,7
169991,3
372629,7
371239,3
521382,3
361873,7
361873,3
500647,3
263547,1
263547,7
201270,7
201270,3
199605,7
199605,3
276581,1
276581,7
526472,7
526472,3
525129,7
525129,3
238085,3
121281,3
121269,3
525623,7
525623,3
367821,3
367826,3
208669,3
371594,3
281528,7
253622,3
238164,3
208670,3
168864,3
352922,3
121272,3
310218,3
253623,3
255431,3
361501,1
361501,7
310198,1
310198,7
302934,3
168865,3
121275,7
121287,7
141086,7
310211,3
367809,3
120078,3
168866,7
360330,1
360330,7
310200,3
303601,3
525792,7
525792,3
386454,3
363815,3
311965,3
367808,3
121284,3
344641,3
361802,7
361802,3
354142,7
354142,3
264549,7
253057,3
351348,3
281254,7
281254,3
198508,3
168868,7
168868,3
524789,7
524789,3
525413,7
525413,3
120062,3
120062,11
265700,3
273101,3
265703,3
277357,1
277357,7
265698,1
265698,7
120064,3
120064,11
339665,3
355373,3
371051,3
526650,7
526650,3
526637,7
526637,3
526617,7
526617,3
371050,7
371050,3
525142,7
525142,3
525226,7
525226,3
354861,3
303710,7
292019,7
292023,7
308672,7
522771,11
522771,14
522668,11
522668,14
355040,11
355040,14
522512,11
522512,14
314261,11
314261,14
341308,11
341308,14
378867,11
378867,14
378863,11
378863,14
522477,11
522477,14
522536,11
522536,14
522499,11
522499,14
522397,11
522397,14
386146,11
386146,14
386130,11
386130,14
520037,11
520037,14
355437,14
355437,11
520863,11
520863,14
522497,11
522497,14
522451,11
522451,14
522681,11
522681,14
522370,11
522370,14
522502,11
522502,14
522421,11
522421,14
522667,11
522667,14
522596,11
522596,14
522689,11
522689,14
522658,11
522658,14
522376,11
522376,14
168538,11
168538,14
522719,11
522719,14
106215,2
106215,12
112477,2
112477,12
248675,2
248675,12
143433,2
143433,12
328298,2
328298,12
143398,2
143398,12
199790,2
199790,12
112478,2
112478,12
256664,2
256664,12
337129,2
337129,12
337131,2
337131,12
253403,2
253403,12
292718,2
292718,12
142617,2
142617,12
112480,2
112480,12
295018,2
295018,12
143426,2
143426,12
143404,2
143404,12
143429,2
143429,12
143395,2
143395,12
295019,2
295019,12
143406,2
143406,12
112646,2
112646,12
337134,2
337134,12
143379,2
143379,12
105457,2
105457,12
105457,7
521145,7
521145,2
521145,12
112360,2
112360,12
112360,7
229601,7
229601,12
112378,12
112378,7
287310,2
287310,12
287310,7
199447,2
199447,12
199447,7
199448,7
199448,2
199448,12
246016,2
246016,7
252065,7
252065,12
148645,7
148645,12
172392,2
523427,12
523427,7
523427,2
112380,7
112380,12
357804,7
357804,12
378605,7
378605,12
112364,7
378606,7
378606,2
307229,7
307229,12
307229,2
119128,7
119128,12
372351,7
372351,2
372351,12
281451,7
281451,2
281451,12
304950,7
304950,12
112365,7
112365,2
253409,7
253409,12
281449,7
281449,2
281449,12
173919,7
112367,7
112367,2
112367,12
173908,7
173908,12
281450,7
281450,2
139284,7
139284,12
246318,7
246318,12
173902,7
173902,12
347261,7
347261,12
112383,7
112383,12
290105,7
290105,12
148085,7
148085,12
173915,7
173915,12
119131,7
119131,12
521688,7
521688,2
521688,12
526623,2
526623,12
184217,7
184217,12
254807,7
210836,7
202505,7
124162,7
124162,3
256830,7
248772,7
329031,7
73715,7
308230,7
106216,7
165728,7
133362,7
235554,7
215900,7
378980,7
199797,7
163112,7
307228,7
112452,7
346810,7
148409,7
148409,2
122305,7
122305,2
361751,7
361751,12
122306,7
122306,12
347230,7
367793,7
133368,7
293256,7
361756,7
361756,12
133371,7
191771,7
346812,7
346812,12
133373,7
148405,7
163116,7
149925,7
215891,7
112459,12
328575,7
183875,7
348742,7
105456,7
133360,7
378997,7
264567,1
13217,1
264568,1
258685,1
42126,1
13220,1
258684,1
141902,7
119102,7
89642,1
116467,7
245054,7
76183,1
335728,7
60169,7
60169,15
337183,7
387198,7
387208,7
387209,7
159589,7
306895,1
105475,7
333819,7
293661,1
94423,16
94423,18
94423,1
336548,16
336548,18
109634,16
109634,18
14355,16
14355,18
295629,7
105558,7
281127,7
139353,7
281123,7
337246,7
345900,7
199786,7
112469,7
160833,7
337288,7
281126,7
281125,7
194721,7
281128,7
145061,7
387166,1
253217,3
253217,6
67257,6
67257,7
106235,3
106235,6
63006,6
63006,3
253157,3
253157,6
131299,6
131299,3
114213,6
114213,3
181956,7
181956,20
84285,1
71850,18
71850,1
45667,16
45667,18
45667,1
285229,16
285229,18
285229,1
161055,7
161060,7
161061,7
161061,15
276368,7
276368,3
528883,7
238652,7
238652,3
281087,7
281087,3
310654,1
310654,7
281248,7
281248,3
523133,7
63081,7
114401,7
152132,7
103772,7
193807,7
310653,1
310653,7
75364,1
280972,7
280972,3
142602,7
184613,7
184613,3
384907,1
280971,7
280971,3
368088,1
84963,1
156451,7
132273,7
299729,1
137436,7
380381,7
68415,3
68415,1
69612,3
69612,1
526242,7
526242,3
526237,7
526237,3
526159,7
526159,3
217446,7
105523,7
77435,7
244104,7
157229,7
119101,7
524922,8
524922,1
234351,6
105479,7
105479,6
293619,12
307232,12
337813,12
293685,12
529080,7
529080,12
293689,12
505699,7
505699,12
293694,12
338594,12
293697,12
374283,7
374283,12
338561,7
338561,12
529088,7
529088,12
366055,12
325191,12
307234,12
366070,12
320836,12
523288,7
523288,12
344753,12
338562,7
338562,12
293706,12
348874,7
348874,12
504768,7
504768,12
529087,7
529087,12
293710,12
366073,7
366073,12
354853,12
334449,12
375119,7
293725,7
338567,7
338567,12
375116,12
500648,7
293727,12
325195,7
325195,12
304410,12
293863,12
319038,12
293871,12
293872,12
387279,12
293873,12
344765,12
293874,7
293876,12
293878,7
293878,12
293879,12
529160,7
529160,12
293883,12
293887,12
347225,12
387281,12
356401,12
293891,12
337984,12
386622,12
529156,7
529156,12
375115,12
293897,12
529238,7
529238,12
318420,12
318419,12
293907,12
293906,12
307238,12
294120,12
389149,12
327922,12
319033,12
378656,7
293919,12
375117,12
294125,7
294125,12
338575,12
293925,12
293927,12
293932,12
338578,7
338578,12
294130,7
294130,12
346597,12
293949,12
366082,12
304424,12
366084,12
342452,12
374284,12
342313,12
333090,12
371586,12
293957,12
325203,12
304425,12
366087,12
371129,7
293972,7
293972,12
529191,7
529191,12
338582,12
375118,12
304420,12
293978,7
293979,7
293981,12
338583,7
307068,12
366058,12
366094,12
293984,12
293985,12
293989,12
293991,12
338585,1
338250,7
293998,12
294002,12
294003,7
294004,12
294005,12
521088,7
521088,12
379007,7
294011,7
294011,12
325207,12
294013,12
294014,12
294015,7
528929,7
338560,12
521853,7
521853,12
105486,12
105486,11
302084,12
302084,11
199199,12
199199,11
119121,7
370552,12
370552,11
387340,12
387340,11
112358,12
112358,11
370562,12
370562,11
119122,7
119122,12
216536,12
216536,11
218222,7
218222,12
370569,11
370569,12
302124,7
302124,11
65293,7
66889,7
66889,6
106242,7
517352,7
517370,7
148631,7
384055,7
165337,7
298671,7
133347,7
139335,7
343452,7
301266,7
133348,7
149189,7
333783,7
199781,7
165338,7
133344,7
149812,7
149814,7
278381,7
307248,7
307249,7
318500,7
149202,7
309096,7
133351,7
148735,7
149825,7
149827,7
287322,7
309097,7
148617,7
112464,7
292608,7
229377,7
133352,7
199924,7
148731,7
304422,7
112466,7
292610,7
139340,7
133345,7
139344,7
149190,7
505701,7
198017,7
149186,7
199780,7
149854,7
220712,7
139346,7
229642,7
149864,7
133346,7
230999,7
337023,7
105532,7
329081,7
161315,7
102196,7
246183,7
105498,7
281230,7
327828,7
264527,7
184206,7
349257,7
184207,7
163145,7
163144,7
264536,7
281233,7
264539,7
163142,7
264540,7
119418,7
161342,7
119111,7
300419,7
280043,7
280043,3
139256,7
139256,3
371769,7
371769,3
106253,7
106262,7
106262,3
371760,7
371760,3
151629,7
105531,7
105531,3
371783,7
371783,3
371784,7
371784,3
369649,7
369649,3
361918,7
361918,3
371806,7
371806,3
139255,7
371723,7
371725,7
371725,3
371816,7
371816,3
252020,7
354166,7
354166,3
351362,7
351362,3
280014,7
279995,7
279995,3
279994,7
351173,7
233316,7
232327,1
76282,1
522876,7
77152,7
301508,7
275176,2
370540,2
520185,2
518814,2
325502,2
254294,7
253609,7
254291,7
156813,7
85083,7
142254,7
161634,7
309213,7
161643,7
309214,7
74336,7
142255,7
277392,10
277889,7
45516,4
247384,7
247384,3
106275,7
85362,7
85362,2
384065,7
247150,7
111104,7
111104,2
126205,7
126205,2
49878,7
49878,3
234557,7
64998,7
315852,2
315852,7
113589,7
113589,3
105649,7
69964,7
43959,4
375325,4
517924,4
324898,4
176450,4
522076,4
74292,4
297013,4
375326,4
375666,4
535777,4
521772,4
216324,4
147685,4
282486,4
62287,4
62288,4
521249,4
369907,4
333605,4
147725,4
357487,4
49025,4
524701,4
60075,4
291956,4
212053,4
238355,4
533464,4
244824,4
73084,4
239097,4
533389,4
189337,4
217494,4
344571,4
535640,4
521828,4
521507,4
531261,4
376645,4
51125,4
73380,4
511846,4
511839,4
193110,4
521692,4
533275,4
216329,4
207066,4
536562,4
110866,4
247852,4
533346,4
71255,4
383528,4
233314,4
85057,4
281372,4
307797,4
351174,4
536799,4
67055,4
71734,4
369084,4
306519,4
207076,4
240508,4
192018,4
525996,4
524702,4
258073,4
517927,4
322511,4
343132,4
525732,4
333624,4
524703,4
524455,4
521787,4
521360,4
47361,4
349404,4
239099,4
241915,4
155502,4
258079,4
533402,4
233948,4
521279,4
333626,4
50769,4
333820,4
72379,4
155503,4
521179,4
157151,4
343143,4
255408,4
521627,4
525971,4
374961,4
517928,4
517929,4
525763,4
322430,4
517930,4
517931,4
253242,4
48224,4
521834,4
534140,4
524464,4
86347,4
84892,4
154791,4
372646,4
517133,4
322432,4
517932,4
241916,4
55271,4
314456,4
239102,4
157118,4
317135,4
533449,4
517933,4
333635,4
277588,4
535793,4
73381,4
155524,4
271716,4
217452,4
216328,4
359915,4
536311,4
500228,4
155525,4
54291,4
502185,4
67057,4
93729,4
524704,4
59690,4
86601,4
536800,4
536066,4
335631,4
221882,4
119319,4
521322,4
154265,4
292846,4
525739,4
322525,4
524549,4
151525,4
98794,4
258101,4
521531,4
207124,4
519083,4
277820,4
343134,4
333654,4
376904,4
375334,4
524705,4
193703,4
521386,4
50344,4
66781,4
524706,4
535977,4
525743,4
521632,4
334909,4
535727,4
343137,4
517935,4
343740,4
358264,4
225764,4
525871,4
119321,4
322533,4
525807,4
525700,4
52350,4
306522,4
308023,4
517936,4
381497,4
280529,4
536000,4
517937,4
271725,4
517938,4
243068,4
511825,4
501161,4
289546,4
46926,4
155509,4
535804,4
500948,4
517939,4
533764,4
524708,4
69766,4
280531,4
533290,4
368752,4
147729,4
258131,4
157149,4
521146,4
80133,4
533739,4
358266,4
363354,4
62092,4
258133,4
521509,4
533451,4
521774,4
535634,4
343152,4
524709,4
517941,4
353383,4
536305,4
321670,4
66184,4
322549,4
207133,4
75122,4
333687,4
67611,4
535805,4
371044,4
296895,4
517942,4
535503,4
521425,4
524710,4
535715,4
517943,4
226630,4
536345,4
194310,4
287405,4
517944,4
241923,4
536243,4
280533,4
524546,4
345439,4
270630,4
521701,4
85621,4
511745,4
521324,4
360347,4
534650,4
502342,4
182921,4
322575,4
212143,4
535747,4
258174,4
384071,4
64967,4
155515,4
322580,4
534703,4
536819,4
76686,4
347531,4
511620,4
333698,4
535631,4
521805,4
282496,4
536705,4
536112,4
322585,4
524711,4
343138,4
525964,4
240706,4
194312,4
258181,4
216326,4
258182,4
524712,4
534724,4
258186,4
258188,4
353004,4
353005,4
128978,4
278090,4
524713,4
375338,4
155531,4
58340,4
207135,4
351552,4
353382,4
205812,4
87602,4
536698,4
383545,4
526077,4
533950,4
359918,4
192014,4
360348,4
536226,4
278134,4
63800,4
535520,4
368094,4
155533,4
322553,4
536551,4
68396,4
537201,4
276377,4
205794,4
525168,4
95307,4
220672,4
521195,4
157113,4
278196,4
521527,4
314029,4
521229,4
524714,4
333718,4
219428,4
322562,4
249911,4
517947,4
182973,4
238916,4
521449,4
154272,4
322567,4
72247,4
258209,4
535553,4
119318,4
81176,4
67041,4
69533,4
207087,4
521200,4
517948,4
367935,4
299266,4
263344,4
535513,4
517949,4
521397,4
517950,4
221880,4
74772,4
82965,4
258214,4
528764,4
87065,4
271727,4
333695,4
536831,4
525720,4
521719,4
521452,4
287415,4
522877,4
75314,4
260590,4
42238,4
18512,4
225781,4
18513,4
299765,4
27255,4
27254,4
24149,4
27257,4
286205,4
27259,4
522878,4
522879,4
258646,4
522881,4
100389,4
59272,4
367435,4
119107,7
102490,7
132272,7
104825,7
155223,7
67250,7
119537,7
119538,7
57040,7
103894,3
103894,1
388419,3
388419,1
248612,7
248612,3
161805,7
245470,7
105482,7
105463,7
350058,7
107290,7
165661,7
165662,7
165662,12
309081,7
309073,7
107291,7
350059,7
309074,7
107292,7
163106,7
142924,7
107293,7
309082,7
309090,7
309084,7
309092,7
309086,7
107295,7
309088,7
309080,7
107296,7
107296,12
107297,7
142926,7
105462,7
354193,7
82970,7
250087,7
250087,3
184126,7
19178,7
152135,7
171896,7
355311,3
355311,11
309522,11
309522,3
355325,3
355325,11
330204,3
330204,11
308083,11
308083,3
341957,3
341957,11
250043,3
250043,11
213286,11
213286,3
250040,3
250040,11
500658,11
500658,3
363754,11
363754,3
312902,3
312902,11
355317,11
355317,3
327153,3
327153,11
338910,3
338910,11
213288,11
213288,3
341952,3
341952,11
258225,3
258225,11
201517,11
201517,3
341953,11
341953,3
294819,3
294819,11
355309,3
355309,11
355310,11
355310,3
355323,11
355323,3
341964,11
341964,3
355316,11
355316,3
500596,11
500596,3
19191,1
500352,7
105543,7
293103,7
379083,7
209818,7
353667,7
120586,7
209820,7
209821,7
209821,10
293111,7
353669,7
117623,7
293106,7
209824,10
353670,7
307252,7
359458,7
199354,7
199317,7
361532,7
315868,7
315868,3
195935,7
154804,7
163322,7
163322,3
187711,7
195940,7
361798,7
353011,7
335743,7
159688,7
199288,7
199291,7
199297,7
199283,7
195927,7
353009,7
199289,7
199293,7
177556,7
199304,7
199303,7
199305,7
195931,7
195932,7
195933,7
318128,7
359358,7
359359,7
359363,7
359364,7
359365,7
199340,7
199338,7
199348,7
359524,7
359526,7
359526,3
371882,7
359451,7
199310,7
195939,7
359405,7
379172,7
388787,7
214850,7
359412,7
359414,7
359415,7
359417,7
359447,7
199349,7
195930,7
359445,7
199331,7
199329,7
199329,3
359371,7
370011,7
341874,7
359418,7
359420,7
359433,7
359434,7
355575,7
359510,7
359441,7
339122,7
355574,7
339121,7
359511,7
359463,7
359440,7
359464,7
155298,7
212140,7
537168,7
524318,7
362007,6
360297,6
507785,15
500504,7
524445,3
334635,2
334635,11
334635,6
314616,11
146066,6
345625,2
345625,11
345625,6
526313,3
387202,8
387201,8
336410,1
185182,7
243389,4
160231,1
160231,7
213028,1
213028,7
194879,1
194879,7
185357,5
185357,1
185375,1
429,1
109441,1
156108,2
156108,7
19847,2
19847,7
53267,7
66378,7
156110,7
24468,7
316236,7
372600,1
84696,1
163328,7
163328,3
163328,1
135632,7
135632,3
135632,1
315713,3
315713,1
315713,7
169155,7
169155,3
169155,1
525674,3
525674,1
525674,7
127588,1
194282,1
219980,1
388095,11
388102,11
105989,7
105989,3
185954,1
713,1
185964,7
55707,7
55707,1
47005,7
293126,7
185967,7
185967,1
57095,1
183190,1
73923,4
73923,11
73923,1
66646,7
66646,1
525115,7
525115,1
151746,1
767,1
186038,16
156149,7
41250,7
180449,4
233828,4
330744,4
520096,4
512544,4
512544,20
222489,4
221468,4
221468,20
227617,4
334873,4
316847,4
63770,4
252221,4
334878,4
316848,4
345424,4
175895,4
334899,4
306236,4
334901,4
334881,4
203706,4
180452,4
334883,4
334876,4
526003,4
61276,4
228230,4
236699,4
341673,4
257844,4
175896,4
334885,4
500230,4
280603,4
233969,4
196759,4
181325,4
22424,4
26461,4
186089,4
46050,4
138663,4
797,4
326510,4
799,4
243757,4
330667,4
334888,4
351374,4
334890,4
334889,4
375250,4
98702,4
367861,4
186097,4
186098,4
186099,1
186099,20
186104,4
300281,4
186111,4
122425,4
334892,4
186113,4
186113,20
502002,4
186114,4
100346,4
174945,4
807,4
44015,4
147709,4
64096,4
186121,4
814,4
334884,4
186124,4
214930,20
214930,4
119395,20
119397,4
119397,20
139327,20
139327,4
337150,20
337150,4
91617,20
91617,4
521475,20
521475,4
521549,20
521549,4
156520,20
156520,4
311479,20
311479,4
517971,20
517971,4
139357,20
139357,4
173890,20
173890,4
275186,20
275186,4
517749,20
517749,4
521321,20
521321,4
521835,20
521835,4
285290,4
186054,4
186054,20
254867,4
186129,4
186130,4
816,4
23983,4
186138,4
91010,4
823,4
74176,4
186144,4
85577,4
186145,4
91645,4
353092,20
257216,4
257216,20
533549,4
533549,20
221479,4
221479,20
130421,4
130421,20
186166,4
335528,4
186174,4
186175,4
135385,4
135385,20
315908,4
61344,4
186181,4
175129,4
220043,4
130556,4
334853,4
334861,4
124956,4
211681,4
289005,4
72359,4
375572,4
351379,4
367811,4
186185,4
138667,4
186189,4
334893,4
375989,4
23386,4
835,4
59974,4
254465,4
836,4
838,4
26479,4
186205,4
74354,4
186209,4
841,4
141442,4
843,4
334871,4
186214,4
54471,4
26481,4
283811,4
845,4
186217,4
846,4
84710,4
26483,4
120428,4
174947,4
849,4
97189,4
111675,4
26486,20
26486,4
186223,4
27614,4
106043,1
106043,20
349961,1
349961,20
349963,1
349963,20
139322,1
139322,20
199772,1
353156,1
353156,20
199769,1
199769,20
349979,1
349979,20
350765,1
350765,20
165501,1
165501,20
165498,1
165498,20
186227,4
23193,4
86364,4
186236,4
186237,4
101639,4
95440,4
334864,4
101637,4
101638,4
108463,4
298139,4
854,4
375600,4
243756,4
359739,4
170678,4
519090,4
519090,20
520664,4
520664,20
349541,20
349541,1
106290,4
106290,20
520237,4
520237,20
519174,4
351595,4
862,4
316849,4
186246,4
186248,4
47219,4
186259,4
868,4
186260,4
186270,4
186083,4
61964,4
367813,4
285402,4
512232,4
512232,20
511302,4
511302,20
186283,4
881,4
881,20
186289,4
186290,4
84523,4
186294,4
884,4
369175,4
163278,4
226604,4
504029,4
372528,11
372528,14
334188,11
334188,14
136825,11
136825,14
199219,11
199219,7
199219,1
237253,11
237253,7
237253,1
162493,7
162493,3
216766,7
216766,3
301228,7
301228,3
124134,7
124134,3
143016,7
143016,3
327899,7
327899,3
184682,7
184682,3
303986,4
303986,14
186592,4
186592,11
186592,14
186626,11
186626,4
186626,14
1075,3
1075,1
25047,7
255623,7
162388,7
321306,7
78479,7
128447,7
186711,7
255609,1
108991,1
67647,1
67647,7
176705,1
213710,1
91424,1
188193,7
1126,7
51501,1
523367,7
26613,7
188196,7
127673,1
195245,1
188348,1
1238,1
96232,1
78860,1
137762,1
53670,1
337945,7
337945,20
43298,20
43298,7
179189,7
179189,20
50437,7
50437,20
172992,7
172992,20
169927,20
169927,7
220537,7
101821,7
101821,1
109337,7
109337,1
69224,1
59535,7
59535,1
171562,1
1276,1
327488,7
111364,7
111364,1
160104,7
160104,1
318608,1
108456,7
108456,1
26742,11
26742,1
26743,11
26743,1
131108,1
111888,1
47555,1
1344,10
1345,7
1345,20
1346,1
1346,7
368970,1
368970,7
58689,1
124759,1
1366,1
61802,1
237432,1
237432,7
155401,1
155401,7
215449,1
215449,7
153203,1
153203,7
193676,7
308084,1
308084,7
215460,1
215460,7
193677,7
365764,7
500474,1
500474,7
374302,1
374302,7
365688,1
365688,7
242284,1
242284,7
69565,1
350938,1
350938,7
247976,1
247976,7
84010,1
84010,7
281262,1
281262,7
379158,1
379158,7
321308,1
321308,7
215448,1
215448,7
233173,1
233173,7
233170,1
233170,7
233163,1
233163,7
215489,1
215489,7
215319,1
215319,7
215321,1
215321,7
215273,7
181380,1
181380,7
215257,1
215257,7
247431,1
247431,7
193674,1
193674,7
119439,1
119439,7
119442,1
119442,7
247422,1
247422,7
119445,1
119445,7
119446,7
119447,1
119447,7
536930,7
536930,1
352964,1
352964,7
285634,1
285634,7
1371,11
1371,6
91526,11
91526,6
215442,1
215442,7
294464,7
294464,1
215450,1
215450,7
363912,11
363912,14
31421,2
85702,2
188744,7
41552,7
41552,20
153247,7
153247,20
280715,7
280715,20
153661,7
153661,20
175678,7
107450,7
233042,7
119500,7
106053,7
106053,20
389147,7
389148,7
107449,7
165508,7
188745,7
188745,20
188776,1
1404,1
79886,1
74849,1
1408,1
113446,1
70738,1
131117,1
131129,1
188799,8
188799,1
188821,8
188821,1
301123,8
301123,1
188829,8
188829,1
1479,7
1479,20
72809,7
226749,3
188959,7
89915,3
1505,8
189010,7
40924,1
40924,7
235157,3
239901,3
288811,3
269293,3
312068,3
312068,7
312068,6
288812,3
274127,3
312067,3
288808,3
269290,3
288809,3
235162,3
353141,6
280602,3
280192,3
280192,6
280198,3
288814,6
288816,6
288816,7
302165,6
302165,7
309589,3
280207,6
269910,3
311179,3
253802,3
202375,3
199086,3
269288,3
67554,3
201849,3
109596,3
239886,3
120441,3
93719,3
73945,3
292348,3
319026,3
77155,3
367579,3
86435,3
311180,3
311180,6
311172,3
237901,3
263290,3
83851,3
229838,6
229838,7
303037,3
303037,6
283047,3
253803,3
82531,3
78728,3
83590,3
297221,3
297221,6
95811,3
288806,3
288807,3
103249,3
126619,3
146609,3
146609,1
199085,3
210197,3
147225,3
181628,3
192042,3
298544,3
258284,3
220941,3
235160,3
214178,3
91699,3
110318,3
378410,3
378410,6
109087,3
226434,6
226434,7
298546,3
205852,3
310225,3
334708,3
360298,3
360298,6
370838,3
363810,3
363810,6
361778,3
361778,6
311174,3
311173,3
287990,3
352899,6
274988,6
274988,7
261519,3
287994,3
287994,6
290345,6
290346,6
290346,7
374735,6
374735,7
311178,3
311178,1
311178,6
311177,6
311177,7
309590,3
347527,3
347527,6
288001,6
307033,3
307033,6
238075,3
298554,3
317727,3
317724,3
313886,3
317726,3
311169,3
311169,7
311169,6
290343,3
313887,3
237674,3
268424,3
290344,3
268425,3
268423,3
290342,3
290341,3
317725,3
317697,3
311181,3
298557,3
310831,3
310832,3
335668,3
210451,3
201851,3
311165,6
311165,7
311165,3
253736,3
311170,3
80718,3
97458,3
1531,1
347655,3
503952,3
28122,3
250514,6
250514,7
171151,3
27038,3
279816,3
279816,6
27040,3
275087,3
77153,3
231495,3
27042,3
90525,3
83852,3
189154,1
46222,4
46222,11
58171,2
58171,7
26879,8
26879,1
107239,8
107239,1
78953,2
78953,11
156384,2
156384,11
379837,1
503238,1
23094,5
23094,1
323939,1
345123,1
231605,1
231609,1
231616,1
97616,3
52848,1
90433,1
90848,1
93282,1
50310,3
1753,1
286290,1
268775,1
156817,7
54773,1
129891,1
1852,1
1856,1
156835,7
156835,1
84645,7
49757,7
97853,8
126209,1
130517,1
222683,8
222688,8
168167,4
77361,3
202991,1
82415,7
73341,7
190762,3
124222,3
124227,3
338948,3
351281,3
351281,7
351281,11
198066,3
198066,11
220036,3
220036,11
295486,7
295486,3
295487,7
295487,3
351571,3
351571,11
226606,14
226606,3
226606,11
281772,7
281772,3
137219,3
177782,3
177782,11
172907,3
172907,11
297001,7
297001,3
124228,7
124228,3
124229,7
124229,3
333732,3
372627,3
294385,7
294385,3
294385,11
292381,7
292381,3
296983,14
296983,3
296983,11
168558,14
168558,3
168558,11
119459,14
119459,3
119459,11
119460,7
182079,7
168560,3
168560,14
168560,11
371298,3
371298,1
371299,3
371299,1
339029,3
249997,3
249997,11
351564,3
351564,11
124235,7
124235,3
124236,7
124236,3
131113,7
131113,3
119468,7
119468,3
516610,3
249937,3
249937,11
176706,3
176706,11
119469,7
281525,7
281525,3
295463,7
295463,3
295464,7
295464,3
176911,3
371613,3
96166,14
96166,11
295488,7
295488,3
281330,3
125702,3
310376,7
310376,3
298571,7
298571,3
291486,7
291486,3
291203,7
291203,3
333747,3
297105,3
297107,3
234553,7
234553,3
103406,7
292493,7
292493,3
281500,7
281500,3
198065,3
198065,11
281252,7
281252,3
338947,3
371612,3
272515,11
272515,14
272515,3
272694,3
176779,4
176779,1
102287,14
102287,3
102287,11
250887,3
203630,3
263900,7
263900,3
130495,3
345767,3
345768,3
310375,7
310375,3
310377,7
310377,3
351280,7
351280,3
372628,3
372628,1
351238,3
351238,1
351239,3
351239,1
330676,3
229744,7
229744,3
286916,3
286916,11
282825,7
282825,3
322881,7
322881,3
315291,7
315291,3
312070,7
312070,3
310378,7
310378,3
254090,1
254090,3
254090,11
163420,11
163420,14
286299,1
286299,3
286299,11
285247,1
285247,3
285247,11
27711,14
27711,11
25707,3
113536,11
113536,14
258312,14
258312,3
258312,11
46169,3
203629,3
203649,3
203677,3
237430,1
55582,7
55582,3
161116,1
238291,1
142101,3
197815,7
197815,3
322236,1
176781,7
176781,3
315848,1
78874,1
203955,7
203955,20
285696,7
203956,7
203956,20
98644,7
169863,7
139363,7
139363,20
523997,7
139358,7
122457,7
122457,20
165067,7
165058,7
524012,7
27866,7
122458,7
106062,7
106062,20
330320,7
318998,1
116446,7
27935,3
27935,1
27935,7
360301,1
335690,1
353704,1
197959,7
529619,7
348154,1
204028,7
204031,3
204031,1
204031,7
329665,2
329665,11
81766,2
81766,11
116126,2
116126,11
198479,2
198479,11
151086,2
151086,11
115633,14
115633,11
78738,7
526162,1
386628,1
189311,1
87343,1
205486,1
57301,7
57301,20
2350,1
261228,4
2363,10
204660,10
74958,10
74958,1
74352,10
113241,7
143152,7
204842,7
204843,7
157185,7
143093,7
173056,7
135090,7
135049,7
372723,7
332125,1
135053,7
135037,7
135057,7
295423,6
526547,7
525076,7
198987,7
216835,7
216836,7
194726,7
217012,7
194727,7
133405,7
205427,7
172382,7
199787,7
107327,7
370081,7
199204,7
156344,7
349843,7
156347,7
368010,7
107305,7
349850,7
246762,7
217886,7
524995,7
119141,7
106079,7
157190,7
106082,7
303567,7
157219,7
157220,7
204990,10
204991,10
76294,10
204987,10
43858,10
67091,10
254507,4
205012,4
2414,4
102165,4
523606,10
255211,10
255211,1
132729,10
132729,1
205049,10
205049,1
2416,10
2418,10
2418,1
351033,10
351033,1
2422,10
2422,1
2439,2
2439,1
29485,2
29485,1
313702,6
313744,6
376974,6
376976,6
313739,6
313743,6
375976,6
375977,6
383871,6
2553,1
102589,1
24370,1
24958,7
2556,1
215069,1
27876,1
28171,14
290900,3
290900,11
290900,14
89895,14
306454,3
306454,11
306454,14
285366,14
282128,3
282128,11
282128,14
28186,3
28186,11
28186,14
169394,3
169394,11
169394,14
319980,3
319980,11
319980,14
511542,3
511542,11
511542,14
319979,3
319979,11
319979,14
28187,3
28187,11
28187,14
28202,3
28202,11
28202,14
319981,3
319981,11
319981,14
28207,11
28207,14
261507,14
28234,14
2602,10
279612,10
2603,10
279613,10
189549,1
2604,1
129887,1
254916,1
222779,1
124858,1
90041,1
85760,1
28236,1
136918,1
71648,1
205827,1
48118,7
48118,1
143097,14
143097,11
99296,3
99296,11
99296,8
84779,3
84779,11
84779,8
98973,3
98973,11
98973,8
323679,3
323679,11
323680,3
323680,11
323677,3
323677,11
94949,8
94949,11
94949,14
206027,3
206027,11
206027,8
206032,3
206032,11
206032,8
526677,3
526677,11
526679,3
526679,11
526678,3
526678,11
206012,3
206012,11
206012,8
2658,3
2658,11
2658,8
227559,8
227559,11
227559,14
383149,3
383149,11
383149,8
87749,3
87749,1
206131,3
206131,11
206131,8
206134,3
206134,11
206134,8
106084,3
106084,1
2669,8
2669,11
354860,7
354860,3
371593,7
371593,3
354859,7
354859,3
367362,7
367362,3
62350,7
247188,7
190186,7
177767,7
247190,7
358874,7
106085,7
197885,7
197885,3
176783,7
176783,3
121173,16
296473,16
95633,6
99311,6
176077,6
95079,6
96054,6
94038,6
94053,6
93129,6
96294,6
96239,6
89007,6
92975,6
95061,6
29758,6
29761,6
30081,6
89140,6
321501,6
29767,6
29768,6
30086,6
108418,6
99366,6
97170,6
99078,6
28280,7
308053,4
28321,4
323947,4
388546,4
522041,4
114451,4
512563,4
43769,4
366169,4
382611,4
280618,4
98558,4
501162,4
522042,4
522049,4
370052,4
366022,4
102308,4
25507,4
351399,4
114265,4
52106,4
189554,4
217950,4
65272,4
202079,4
228769,8
228769,1
2924,8
2924,7
2932,8
2932,7
206799,8
206799,7
206682,7
206682,1
227420,7
227420,1
153787,7
153787,1
2954,7
2954,1
204502,7
204502,1
296370,8
296370,3
296370,1
504767,8
504767,3
504767,1
74988,1
74988,7
206777,1
206777,7
47363,1
47363,7
152411,1
152411,7
270553,1
270553,7
41753,7
47098,8
47098,7
2979,1
2979,7
2981,8
2981,1
166547,11
166547,1
124071,11
124071,1
46496,11
46496,1
124072,11
124072,1
307777,11
307777,1
108258,11
108258,1
46498,11
46498,18
46498,1
46498,16
42447,11
42447,1
372556,1
372556,11
352467,1
352467,11
294160,7
133392,7
251816,7
207521,16
207521,18
207521,20
87613,1
3066,7
3067,7
328082,7
157416,7
207556,7
157420,7
157424,1
111578,10
3106,11
3106,12
3106,13
3106,1
59353,1
59353,7
81358,1
81358,7
207637,7
65333,7
28835,7
3148,7
3148,20
55640,7
55640,20
370728,1
261486,7
316372,7
208609,2
291494,14
291494,3
157502,3
227198,14
227198,3
308739,3
361913,7
208720,3
208721,3
208722,1
208723,1
125368,7
46174,7
196601,7
238402,1
3375,7
194935,7
387550,7
25046,7
113811,7
113811,3
54495,7
54495,3
3379,1
3379,7
195303,1
195303,7
130592,1
130592,7
167991,1
167991,7
244572,1
244572,7
315808,1
315808,7
103798,7
232699,7
282588,1
54704,1
54704,8
374256,1
374256,8
354014,3
362137,3
525174,1
239972,3
239972,1
29206,1
29206,7
29208,7
29208,1
157583,1
210186,7
157584,1
157584,7
40373,4
140272,4
109880,4
276693,4
101080,4
3741,4
521496,4
335531,4
274510,4
118005,4
3745,4
65303,4
133119,11
133119,14
318673,7
46540,10
123280,3
305213,11
305213,1
326436,11
326436,1
123914,1
123914,3
122658,3
122658,1
371085,1
371085,11
299177,1
123439,1
123372,3
123372,1
123959,1
123959,3
123874,3
123874,1
123367,3
123367,1
122763,1
122763,11
123481,1
123052,1
144952,1
144952,11
122918,1
122918,3
123999,1
150852,1
196847,1
196850,1
217787,11
217787,1
222986,3
222986,11
222986,1
123326,3
123326,1
123083,11
123083,1
123991,1
123707,3
123707,1
122762,3
122762,1
123796,3
123796,1
123961,1
123961,3
123236,1
123236,11
122740,1
122567,3
122567,1
150240,1
150240,3
123976,1
123226,1
123226,3
122581,3
122581,1
122525,1
123207,11
123207,1
235200,1
178985,1
122775,3
122775,11
122775,1
122576,1
122576,3
370791,1
370791,11
336674,11
336674,1
124023,1
123935,3
123935,1
282684,11
282684,1
123336,1
303689,1
123378,1
123378,3
166943,3
166943,1
122977,3
122977,1
177466,3
177466,1
122766,1
122766,11
222987,3
222987,11
222987,1
122608,3
122608,1
123535,3
123535,1
137332,1
137332,3
303691,1
123565,3
123565,1
123221,3
123221,1
143204,3
143204,1
122738,1
242985,11
242985,1
123313,1
123313,3
123180,11
123576,3
123576,1
123633,3
123633,1
123274,1
123274,3
178984,11
123401,11
123401,1
123467,3
123467,1
123403,1
123403,3
123681,11
142871,1
142871,11
122558,1
122942,3
122942,1
124008,1
301909,1
312702,1
312702,11
124015,1
222990,3
222990,11
222990,1
123404,1
150876,1
177471,1
201584,3
201584,1
220559,1
198169,1
160817,11
160817,1
123272,3
123272,1
124001,1
123929,1
123929,3
122696,3
122696,1
137333,1
137333,3
122888,1
122888,3
160818,11
160818,1
124000,1
124006,3
124006,1
122947,3
122947,1
123154,11
123928,11
124021,3
124021,1
178974,11
178974,1
359204,11
359204,1
359205,11
359205,1
359206,11
359206,1
150884,1
143209,11
143209,1
370800,1
370800,3
122645,1
235400,11
235400,1
122711,3
122711,1
221617,1
221617,11
218862,1
218862,11
123460,3
123460,1
123522,3
123522,11
123522,1
122919,11
122919,1
123368,1
122528,3
122528,1
123530,1
123530,3
123375,3
123375,1
123423,1
122842,1
122842,3
122975,1
122975,3
123398,3
123398,1
122678,3
122678,1
143284,3
143284,1
123529,1
123529,3
123270,3
123270,1
123043,3
123043,1
122923,3
122923,1
123266,3
123266,1
122939,1
122939,3
123863,3
123863,1
122561,1
122561,3
123517,1
123517,3
123352,3
123352,1
123559,3
123559,1
122885,3
122885,1
122943,3
122943,1
122985,3
122985,1
123783,3
123783,1
123305,1
123305,3
123399,1
123399,3
122907,3
122907,1
122965,3
122965,1
123864,1
123864,3
123748,1
123748,3
122991,3
122991,1
123742,1
123742,3
122915,3
122915,1
123675,1
142874,1
142874,11
122771,11
122771,1
122847,11
122847,1
122565,1
122565,3
123482,1
123482,3
305863,1
305863,11
137334,3
137334,1
143693,1
143693,11
123050,1
123050,3
359208,11
359208,1
360998,11
360998,1
359209,11
359209,1
359210,1
359210,11
361001,11
361001,1
359211,11
359211,1
359212,11
359212,1
122637,3
122637,1
122683,1
122683,3
123028,11
123028,1
264094,11
264094,1
123789,1
123789,3
143279,1
123799,11
123799,1
123215,3
123215,1
123014,3
123014,1
198025,11
198025,1
123605,11
123605,1
142876,11
142876,1
123471,1
123471,11
123552,3
123552,1
351601,1
123051,1
123051,3
122776,3
122776,11
122776,1
123365,1
123365,3
124041,1
123804,3
123804,1
123232,11
123232,1
123488,11
123488,1
123856,3
123856,1
123377,3
123377,1
122545,3
122545,1
123229,1
123229,3
122582,1
122582,3
123474,3
123474,1
285864,1
285864,11
123741,1
123741,3
122782,3
122782,1
269466,1
142877,11
142877,1
124016,1
143269,3
143269,1
123273,1
123273,3
123330,3
123330,1
122597,3
122597,1
187110,1
187110,3
122961,1
122961,3
122864,1
177475,1
166846,1
122578,1
122774,11
122774,1
160819,11
160819,1
122522,11
122522,1
123980,11
123980,1
124024,3
124024,1
123035,3
123035,1
123394,3
123394,1
123085,3
123085,1
122954,1
122954,3
142880,11
142880,1
122780,1
122780,11
122613,3
122613,1
123553,3
123553,1
123059,3
123059,1
165639,1
123829,1
123829,3
137335,11
137335,1
123988,1
142447,3
142447,11
142447,1
142449,3
142449,1
135144,3
135144,11
135144,1
135147,1
135147,3
135147,11
291019,11
291019,1
155437,3
155437,11
155437,1
155438,3
155438,11
155438,1
135202,3
135202,11
135202,1
135155,1
135155,3
135155,11
135156,3
135156,11
135156,1
155416,3
155416,11
155416,1
135157,11
135157,3
135157,1
122803,3
122803,1
123617,3
123617,11
123617,1
122524,3
122524,1
123230,3
123230,11
123230,1
122584,1
122584,3
122584,11
370792,1
370792,11
370788,11
370788,1
123268,3
123268,11
123268,1
123459,3
123459,11
123459,1
122506,3
122506,11
122506,1
122573,1
122573,3
122573,11
122617,3
122617,11
122617,1
123502,3
123502,11
123502,1
123088,11
123088,3
123088,1
355614,1
210695,7
130396,7
66788,7
3776,1
3777,3
29266,3
184360,7
184360,1
3785,3
29280,1
122925,1
3786,1
69699,7
211449,7
55687,7
122812,8
105502,7
105502,20
295482,7
41554,1
41554,20
247849,1
194685,1
194687,1
81929,1
165716,1
48236,1
378933,7
378933,3
132508,1
132508,7
132508,14
212541,7
212525,1
212525,7
212525,14
176718,1
176718,7
176718,14
328153,1
3840,7
29339,7
29339,1
53915,7
53915,1
56193,7
56193,1
157782,7
77923,7
162124,1
3847,7
84578,7
213007,7
280569,7
110112,7
110112,1
3903,7
3904,7
3904,1
97831,6
97831,2
96112,2
111738,2
3983,2
152840,2
290917,7
290917,3
253811,7
253811,3
106100,7
106100,3
141197,7
141197,3
519074,7
519074,3
518209,7
518209,3
379168,7
379168,3
329115,7
329115,15
524882,7
524882,15
329118,7
329118,15
213336,7
213336,15
213339,7
213339,15
55083,1
29552,1
213411,7
213411,3
109313,2
109313,7
4047,3
4047,2
4056,1
523129,1
4061,21
4061,13
4061,12
4166,4
352916,3
352916,11
352916,14
383632,3
211586,11
211586,3
211586,14
30538,3
30538,11
30549,3
30549,11
30549,14
507140,3
507140,11
213642,11
182289,3
182289,11
507461,3
507461,14
132520,11
507601,11
507601,3
507601,14
507170,11
507170,3
507170,14
507527,3
507527,14
507527,11
507722,3
507144,3
507144,11
507466,11
507466,3
507466,14
507101,11
507101,3
507101,14
507700,3
507700,11
507432,3
507432,14
507432,11
507432,1
507106,3
507106,14
507106,11
507656,3
507656,14
507656,11
507367,11
507367,3
507367,14
507460,3
507460,14
507460,11
507311,3
507311,11
507311,14
507250,3
507250,11
507250,14
507182,3
507182,11
507407,3
507407,11
507407,14
507655,11
507655,3
507655,14
507421,3
507421,14
507421,11
507532,11
507532,3
507532,14
132521,11
273047,1
158044,1
4324,1
214247,7
214247,2
30589,3
162933,1
162933,7
30591,3
4335,3
105536,1
105536,7
106101,7
361254,1
521816,1
301957,1
518216,1
517343,1
201521,1
365754,1
294654,1
99988,7
99988,1
301704,1
520342,1
358099,1
521445,1
130617,1
525787,1
526011,1
525866,1
526004,1
30615,7
30615,1
525490,1
525396,1
525559,1
525612,1
234050,7
234050,3
525855,1
337963,7
337963,20
337967,7
337967,20
337958,7
337958,20
337965,7
337965,20
4371,7
4371,20
299029,7
299029,20
81458,7
81458,20
357465,7
357465,20
337964,7
337957,7
337957,20
110011,7
110011,20
77852,7
77852,20
199929,7
199929,20
253450,7
253450,20
196301,7
196301,1
142727,7
30717,7
264312,7
165718,7
149039,7
70374,7
142766,7
347324,7
142768,7
301938,1
128737,7
233801,7
121169,7
121169,1
329253,7
329253,1
121202,7
105508,7
105508,1
329252,7
329252,1
365700,4
58187,4
256611,4
318007,4
64896,4
140294,4
93293,4
95520,4
258250,4
85445,11
85445,3
85445,14
353584,14
253436,4
253436,14
119195,4
119195,11
119195,14
296534,4
320203,4
96223,8
96223,4
30964,8
30964,4
238825,4
238826,8
238826,4
45630,4
91449,8
91449,4
114854,4
127200,4
30965,4
5141,4
124485,4
153132,4
105181,4
113088,4
30975,8
30975,4
176265,4
176265,11
176265,14
358897,4
358897,11
358897,14
234766,4
234766,11
234766,14
282150,4
282150,11
282150,14
22951,8
22951,4
282487,8
282487,4
105003,7
105003,12
45988,11
45988,10
45988,20
5194,7
115085,7
5196,1
83044,1
83045,7
280806,2
521852,3
521852,1
521328,3
521328,1
359531,1
359531,3
341475,3
341475,1
523121,3
523121,1
530100,3
530100,1
375261,3
375261,1
300282,3
300282,1
187357,3
187357,1
529004,3
529004,1
277521,3
277521,1
350577,3
350577,1
359532,3
359532,1
279543,3
279543,1
383639,3
383639,1
536095,3
536095,1
119199,1
119199,3
523441,3
523441,1
52832,1
52832,3
242117,1
242117,3
43983,3
43983,1
64103,3
64103,1
64104,1
64104,3
515196,1
116480,3
116480,1
171623,1
171623,3
349810,3
349810,1
297239,3
297239,1
187359,3
187359,1
309238,3
309238,1
268750,3
268750,1
111001,3
111001,1
80263,3
80263,1
205481,3
205481,1
237987,3
237987,1
317090,3
317090,1
271071,3
271071,1
163091,3
163091,1
523011,3
523011,1
290250,3
290250,1
336360,3
336360,1
173191,3
173191,1
219268,3
219268,1
82617,1
525072,3
525072,1
163099,3
163099,1
152620,3
152620,1
152622,1
152622,3
143357,3
143357,1
381524,3
381524,1
374120,3
374120,1
350578,3
350578,1
350581,3
350581,1
227171,3
227171,1
88942,3
88942,1
124156,3
124156,1
57001,3
57001,1
282381,3
282381,1
341451,3
341451,1
527723,3
527723,1
530737,3
530737,1
536350,3
536350,1
135242,3
135242,1
523477,3
523477,1
370782,1
370782,3
369471,3
369471,1
171139,3
171139,1
216192,3
216192,1
173231,3
173231,1
173232,3
173232,1
87446,1
87446,3
383285,3
383285,1
46546,1
135579,3
135579,1
372540,3
372540,1
349812,3
349812,1
170166,3
170166,1
170167,3
170167,1
263411,3
263411,1
523112,3
523112,1
372365,1
372365,3
293215,3
293215,1
209085,1
209085,3
209087,1
251412,1
251412,3
209088,3
209088,1
233082,1
233082,3
96238,3
96238,1
209090,1
209090,3
209089,1
209089,3
372371,3
372371,1
535871,3
535871,1
519210,3
519210,1
525537,3
525537,1
46068,3
46068,1
286396,3
286396,1
535718,3
535718,1
170168,3
170168,1
187374,3
187374,1
372393,3
372393,1
298138,3
298138,1
283435,3
283435,1
173263,3
173263,1
536604,3
536604,1
350596,3
350596,1
504808,3
504808,1
237993,1
237993,3
350598,3
350598,1
525563,1
525228,1
230675,3
230675,1
309248,3
309248,1
309249,3
309249,1
242060,3
242060,1
525463,3
525463,1
60908,3
60908,1
278352,3
278352,1
231053,3
231053,1
354428,3
354428,1
167412,3
167412,1
119200,1
119200,3
517284,1
517284,3
336450,3
336450,1
309251,3
309251,1
132890,3
132890,1
507862,3
507862,1
369008,3
369008,1
260902,3
260902,1
263838,3
263838,1
173282,3
173282,1
247696,3
247696,1
338039,3
338039,1
504412,3
504412,1
50819,3
50819,1
514190,1
341474,3
341474,1
536015,3
536015,1
62065,3
62065,1
148434,3
148434,1
62066,1
62066,3
254250,1
254250,3
271078,3
271078,1
536818,3
536818,1
363372,3
363372,1
241239,3
241239,1
173301,3
173301,1
191022,3
191022,1
231934,3
231934,1
535537,3
535537,1
210268,1
210268,3
525318,3
525318,1
133796,3
133796,1
327266,3
327266,1
359693,1
359694,1
114198,3
114198,1
299494,3
299494,1
536788,3
536788,1
52640,3
52640,1
108439,3
108439,1
45816,3
45816,1
233083,3
233083,1
51299,3
51299,1
143625,1
143625,3
143626,3
143626,1
190312,3
190312,1
143627,3
143627,1
271083,3
271083,1
385032,3
385032,1
341464,3
341464,1
522992,3
522992,1
349270,3
349270,1
337928,1
337928,3
341468,3
341468,1
56238,1
535592,3
535592,1
511793,3
511793,1
282417,3
282417,1
504068,3
504068,1
309262,3
309262,1
523903,1
521515,3
521515,1
45165,3
45165,1
165306,3
165306,1
523034,3
523034,1
523130,3
523130,1
350445,3
350445,1
523887,3
523887,1
240312,1
525272,3
525272,1
345251,3
345251,1
173351,3
173351,1
524083,3
524083,1
291025,1
536700,3
536700,1
372408,3
372408,1
361524,3
361524,1
527708,3
527708,1
248950,3
248950,1
352635,3
352635,1
514199,1
324912,1
119201,1
119201,3
341812,1
288707,3
288707,1
111023,3
111023,1
241162,1
57111,1
57111,3
323825,3
323825,1
516517,3
516517,1
170376,1
290148,3
290148,1
282398,1
343254,3
343254,1
526489,3
526489,1
527705,3
527705,1
219270,1
219270,3
522200,3
522200,1
536188,3
536188,1
250280,3
250280,1
511835,3
511835,1
317316,1
317316,3
327262,1
327262,3
535544,3
535544,1
530099,3
530099,1
525511,3
525511,1
353526,3
353526,1
521616,3
521616,1
511720,3
511720,1
271085,1
317473,3
317473,1
525193,1
43463,3
43463,1
525548,3
525548,1
110806,1
110806,3
242115,1
242115,3
109453,3
109453,1
345253,3
345253,1
335998,3
335998,1
536052,3
536052,1
521126,3
521126,1
516571,3
516571,1
351580,3
351580,1
248948,3
248948,1
338300,3
338300,1
177694,3
177694,1
231937,3
231937,1
51300,3
51300,1
110425,3
110425,1
67240,3
67240,1
523111,3
523111,1
173406,3
173406,1
152552,3
152552,1
231939,3
231939,1
231940,3
231940,1
227178,1
227178,3
197463,3
197463,1
383643,3
383643,1
516674,3
516674,1
523873,3
523873,1
343319,3
343319,1
173411,3
173411,1
327270,3
327270,1
341592,1
341592,3
46621,1
46621,3
108447,3
108447,1
507742,3
507742,1
226611,3
226611,1
147823,3
147823,1
517344,3
517344,1
379146,3
379146,1
190315,3
190315,1
117893,1
117893,3
170169,1
368342,3
368342,1
101700,1
101700,3
522160,3
522160,1
521859,3
521859,1
143517,3
143517,1
143521,3
143521,1
143522,1
143522,3
213117,3
213117,1
143523,3
143511,3
143511,1
265443,1
265443,3
143512,3
143512,1
143524,1
143524,3
143518,3
143518,1
312948,3
312948,1
143513,1
143513,3
143514,1
143514,3
241488,3
241488,1
143516,3
143516,1
263316,3
263316,1
103407,3
103407,1
383288,3
383288,1
327830,3
327830,1
104394,3
104394,1
214939,3
214939,1
295496,3
295496,1
155224,3
155224,1
297812,3
297812,1
56630,3
56630,1
369020,3
369020,1
287972,3
287972,1
372426,3
372426,1
58631,3
58631,1
227179,1
271088,3
271088,1
517224,3
517224,1
285285,3
285285,1
285286,3
285286,1
76894,3
76894,1
274247,1
165699,3
165699,1
135237,3
135237,1
372427,3
372427,1
375276,3
375276,1
49042,1
49042,3
42715,3
42715,1
360024,3
360024,1
177697,1
177697,3
309297,3
309297,1
152553,3
152553,1
237756,3
237756,1
265442,1
243432,1
300283,1
249482,3
249482,1
511773,3
511773,1
503765,3
503765,1
535554,3
535554,1
385036,3
385036,1
511658,3
511658,1
334749,3
334749,1
351699,3
351699,1
65166,1
65166,3
81624,1
81624,3
72858,3
72858,1
73223,3
73223,1
108544,3
108544,1
124155,3
124155,1
80102,3
80102,1
369022,3
369022,1
388736,3
388736,1
385037,3
385037,1
383289,3
383289,1
521314,3
521314,1
257517,1
257517,3
360358,3
360358,1
66063,3
66063,1
360025,3
360025,1
116481,3
116481,1
116485,3
116485,1
116489,1
116489,3
116490,1
116490,3
504160,3
504160,1
327256,3
327256,1
327255,3
327255,1
331216,1
331216,3
327260,1
327260,3
327267,3
327267,1
525426,3
525426,1
536697,3
536697,1
315274,3
315274,1
521850,3
521850,1
103651,3
103651,1
351700,3
351700,1
350449,3
350449,1
360031,3
360031,1
132898,3
132898,1
76775,1
76775,3
44157,3
44157,1
524132,3
524132,1
306439,3
306439,1
524146,3
524146,1
523117,3
523117,1
523101,3
523101,1
379137,3
379137,1
48265,3
48265,1
525547,1
525528,1
316851,3
316851,1
326512,3
326512,1
309334,3
309334,1
273363,1
273363,3
321437,3
321437,1
269581,3
269581,1
317091,1
317091,3
143505,1
143505,3
355618,3
355618,1
290238,3
290238,1
350652,3
350652,1
350648,3
350648,1
116475,1
116475,3
309335,3
309335,1
308033,3
308033,1
522192,3
522192,1
536199,3
536199,1
197609,3
197609,1
197610,3
197610,1
170172,1
78235,3
78235,1
69259,3
69259,1
108954,3
108954,1
536221,3
536221,1
522193,3
522193,1
165322,3
165322,1
525154,1
173500,3
173500,1
525861,1
536145,3
536145,1
170173,3
170173,1
80933,1
80933,3
503836,3
503836,1
197476,3
197476,1
388734,3
388734,1
86640,3
86640,1
334750,3
334750,1
514230,3
514230,1
325787,3
325787,1
75660,3
75660,1
126311,3
126311,1
257526,3
257526,1
388735,3
388735,1
375755,3
375755,1
385038,3
385038,1
375756,3
375756,1
360372,3
360372,1
350757,3
350757,1
237729,3
237729,1
237728,3
237728,1
525593,3
525593,1
360035,3
360035,1
241487,1
535680,3
535680,1
524392,3
524392,1
65621,3
65621,1
269363,3
269363,1
285800,3
285800,1
190316,3
190316,1
304887,3
304887,1
173527,3
173527,1
147209,1
231208,1
173530,3
173530,1
67973,3
67973,1
71933,3
71933,1
536619,3
536619,1
249821,3
249821,1
535878,3
535878,1
350452,1
50300,1
50300,3
152556,3
152556,1
55484,3
55484,1
173538,3
173538,1
126313,1
126313,3
65622,3
65622,1
71637,3
71637,1
334751,3
334751,1
314384,1
314384,3
529015,3
529015,1
83873,1
83873,3
331219,3
331219,1
346071,3
346071,1
258391,3
258391,1
338042,3
338042,1
76724,3
76724,1
514235,3
514235,1
536150,3
536150,1
298027,1
523115,3
523115,1
345257,3
345257,1
206477,3
206477,1
522300,3
522300,1
536105,3
536105,1
249483,3
249483,1
368344,3
368344,1
151242,3
151242,1
97826,3
97826,1
510842,3
510842,1
299447,3
299447,1
241940,1
241940,3
139969,3
139969,1
83332,3
83332,1
242540,3
242540,1
368672,3
368672,1
504015,3
504015,1
104925,1
104925,3
59100,1
59100,3
173570,3
173570,1
388737,3
388737,1
173578,3
173578,1
522987,3
522987,1
523272,3
523272,1
341809,3
341809,1
371665,3
371665,1
309357,3
309357,1
119649,1
119649,3
536726,3
536726,1
295493,1
295493,3
152563,3
152563,1
249106,3
249106,1
323254,3
323254,1
361006,1
361006,3
326516,3
326516,1
287973,3
287973,1
522298,3
522298,1
173593,1
522199,3
522199,1
241173,1
241173,3
523904,3
523904,1
155251,3
155251,1
206471,1
525506,3
525506,1
205482,1
205482,3
282771,3
282771,1
126319,3
126319,1
523896,3
523896,1
178254,1
178254,3
530826,3
530826,1
264138,1
234735,1
234737,3
234737,1
268777,3
268777,1
327263,1
327263,3
326519,3
326519,1
525451,3
525451,1
522031,3
522031,1
167351,3
167351,1
172618,3
172618,1
275882,3
275882,1
191585,1
522195,3
522195,1
287984,3
287984,1
372457,3
372457,1
383641,3
383641,1
190417,1
284643,3
284643,1
47505,3
47505,1
523106,3
523106,1
523134,3
523134,1
523126,3
523126,1
382715,3
382715,1
171611,3
171611,1
522189,3
522189,1
525097,1
523001,1
535519,3
535519,1
360892,3
360892,1
522999,3
522999,1
173630,1
173630,3
524079,3
524079,1
47506,3
47506,1
63140,1
526510,3
526510,1
522149,3
522149,1
115088,3
115088,1
241102,1
241102,3
308034,3
308034,1
300467,3
300467,1
257501,3
257501,1
380863,3
380863,1
327694,1
327694,3
353535,3
353535,1
140717,3
140717,1
237162,3
237162,1
173648,3
173648,1
535814,3
535814,1
522700,3
522700,1
136696,1
136696,3
522203,3
522203,1
135595,3
135595,1
152626,3
152626,1
274248,1
535651,3
535651,1
385045,3
385045,1
241143,3
241143,1
282774,3
282774,1
314419,3
314419,1
309402,3
309402,1
313717,1
313717,3
523016,1
535567,3
535567,1
67671,3
67671,1
271098,3
271098,1
368740,3
368740,1
536258,3
536258,1
324827,3
324827,1
248754,3
248754,1
138931,3
138931,1
504602,3
504602,1
327848,3
327848,1
523086,3
523086,1
521730,3
521730,1
286401,3
286401,1
350888,3
350888,1
254322,3
254322,1
324897,1
525299,3
525299,1
157973,3
157973,1
104926,1
104926,3
250399,1
514253,3
514253,1
68424,3
68424,1
73204,1
73204,3
144494,3
144494,1
525477,1
111136,3
111136,1
53441,3
53441,1
331213,3
331213,1
64792,3
64792,1
345312,3
345312,1
530092,3
530092,1
101699,3
101699,1
353544,3
353544,1
523478,3
523478,1
360374,3
360374,1
523471,3
523471,1
371597,3
371597,1
304249,3
304249,1
190903,3
190903,1
69015,1
69015,3
535763,3
535763,1
66186,3
66186,1
523014,1
522194,3
522194,1
280846,3
280846,1
308035,3
308035,1
265845,3
265845,1
525195,3
525195,1
525277,1
522296,3
522296,1
375285,3
375285,1
536465,3
536465,1
534185,3
534185,1
274830,3
274830,1
525505,3
525505,1
49642,3
49642,1
372469,3
372469,1
295507,1
135243,1
135243,3
523036,3
523036,1
535505,3
535505,1
295505,3
295505,1
522997,3
522997,1
511826,3
511826,1
303593,1
187354,3
187354,1
504274,3
504274,1
250415,1
250415,3
511520,3
511520,1
165316,1
255378,1
376638,3
376638,1
52227,1
52227,3
526021,1
309418,3
309418,1
249984,3
249984,1
523108,3
523108,1
241146,1
514261,1
309425,3
309425,1
361409,3
361409,1
535506,3
535506,1
522033,3
522033,1
507849,3
507849,1
237115,3
237115,1
351704,3
351704,1
525114,3
525114,1
47696,3
47696,1
152682,3
152682,1
173820,3
173820,1
522295,3
522295,1
66966,1
66966,3
83346,3
83346,1
86662,1
86662,3
206445,3
206445,1
150817,1
150817,3
525496,1
173840,3
173840,1
530104,3
530104,1
530101,3
530101,1
530103,3
530103,1
530102,3
530102,1
337385,3
337385,1
337387,3
337387,1
337362,3
337362,1
510774,3
510774,1
522988,3
522988,1
522032,3
522032,1
536441,3
536441,1
215130,3
215130,1
536814,3
536814,1
526253,3
526253,1
309430,3
309430,1
374213,1
374213,3
345574,3
345574,1
517783,3
517783,1
341461,3
341461,1
321431,3
321431,1
178561,3
178561,1
325792,3
325792,1
340503,3
340503,1
171096,3
171096,1
525209,3
525209,1
48583,3
48583,1
341586,3
341586,1
139198,3
139198,1
507847,3
507847,1
510690,3
510690,1
134535,3
134535,1
152569,3
152569,1
152569,7
173967,3
173967,1
353077,1
353077,3
202823,1
202823,3
113597,1
113597,3
87730,1
173980,3
173980,1
53061,1
53061,3
271100,3
271100,1
352980,3
352980,1
168966,1
387803,3
387803,1
309445,3
309445,1
250263,1
250263,3
173990,3
173990,1
241237,3
241237,1
287986,3
287986,1
152621,3
152621,1
84012,3
84012,1
219157,3
211513,3
202335,3
202335,1
218166,1
218166,3
291165,3
291165,1
227191,3
227191,1
230684,3
230684,1
250383,3
250383,1
284694,1
289124,3
289124,1
284710,3
284710,1
289125,1
289125,3
284687,1
284687,3
284683,3
284683,1
327695,1
327695,3
338058,3
338058,1
288009,3
288009,1
274867,3
274867,1
338060,1
288007,3
288007,1
338061,3
338061,1
288006,3
288006,1
274863,3
274863,1
274865,1
274864,3
274864,1
274868,3
274868,1
336980,3
336980,1
152623,3
152623,1
300299,3
300299,1
104561,3
104561,1
172946,3
172946,1
503849,3
503849,1
344834,3
344834,1
325793,3
325793,1
385046,3
385046,1
317486,3
317486,1
132695,3
132695,1
152611,1
152611,3
256443,1
256443,3
82310,3
82310,1
102345,1
102345,3
264305,3
264305,1
536913,3
536913,1
48922,3
48922,1
102162,1
102162,3
45015,3
45015,1
54193,3
54193,1
345886,3
345886,1
174038,3
174038,1
536354,3
536354,1
54311,3
54311,1
300469,3
300469,1
341469,1
43430,3
43430,1
255377,1
138618,3
138618,1
525459,1
76794,3
76794,1
345890,3
345890,1
281557,1
281557,3
71697,3
71697,1
282405,3
282405,1
525592,1
315575,1
315575,3
281556,1
281556,3
527089,3
527089,1
372409,3
372409,1
517784,3
517784,1
522159,3
522159,1
521860,3
521860,1
514166,3
514166,1
514168,3
514168,1
344636,3
344636,1
344634,3
344634,1
233522,3
233522,1
374216,1
298710,1
264136,3
264136,1
370689,1
528781,3
528781,1
383287,3
383287,1
298714,3
298714,1
335804,3
335804,1
388739,3
388739,1
519681,3
519681,1
344172,3
344172,1
525539,1
293371,3
293371,1
317319,1
317319,3
527063,3
527063,1
310325,3
310325,1
310329,3
310329,1
327573,1
327573,3
522385,1
504913,1
327572,3
327572,1
337379,3
337379,1
306884,1
306884,3
337374,1
337374,3
297229,1
243431,1
297228,1
270722,3
270722,1
525527,3
525527,1
527122,3
527122,1
526612,3
526612,1
281561,1
281561,3
519821,3
519821,1
173566,3
173566,1
389114,3
389114,1
525745,1
525240,1
525246,1
525197,1
525202,3
525202,1
531177,3
531177,1
525279,3
525279,1
525237,3
525237,1
525697,1
525172,3
525172,1
281564,1
281562,1
281562,3
281566,3
281566,1
281565,1
281563,1
281563,3
281567,3
281567,1
530650,3
530650,1
282403,1
282403,3
282402,3
282402,1
309479,1
361525,3
361525,1
298715,1
368745,3
368745,1
267336,1
267336,3
308652,3
308652,1
87994,3
87994,1
138617,3
138617,1
533198,3
533198,1
521598,1
24469,7
325880,7
360746,7
369895,7
158356,7
325132,15
325134,15
330467,15
322459,15
187396,1
115851,1
315731,1
63251,7
94827,1
109380,1
512411,1
92058,1
186253,1
239045,1
156734,1
103368,1
525849,1
62146,1
344067,1
343788,1
305964,1
239046,1
131832,1
510522,1
505519,1
239148,1
94744,1
316989,1
50463,1
315732,1
131835,1
72187,1
69815,1
131834,1
512309,1
240851,1
115853,1
230844,1
95990,1
253661,1
213119,1
234391,1
240353,1
316310,1
273765,1
94745,1
201115,1
525479,1
511293,1
272835,1
307038,1
324914,1
226252,1
80898,7
211128,1
271103,1
60027,3
85406,1
85406,3
108939,3
108939,1
66775,1
63846,3
63846,1
87156,1
87156,3
84171,3
84171,1
63738,3
63738,1
119170,1
119170,11
68309,1
51825,1
46080,1
46080,3
93575,1
73631,3
73631,11
73631,1
62430,3
62430,1
52762,11
52762,1
91880,1
77719,3
77719,1
119169,3
119169,1
52650,3
52650,1
81463,3
81463,1
87253,1
87253,3
58085,1
58085,11
115405,1
103859,3
103859,1
89388,1
57674,1
57674,3
104196,3
104196,1
102495,1
57077,11
57077,1
119182,3
119182,11
119182,1
104109,1
104109,3
97234,1
86244,3
86244,1
62735,1
64085,1
64085,3
48422,3
48422,1
102432,3
102432,1
119173,1
119173,11
57846,3
57846,11
57846,1
105009,3
105009,1
70428,3
70428,1
71430,3
71430,1
104295,1
104295,3
104295,11
57557,3
57557,1
112168,1
61575,1
61575,3
56101,11
72170,3
72170,1
74379,3
74379,1
59887,1
59887,3
65124,11
65124,1
68002,3
68002,1
65213,1
65213,3
76574,11
103515,1
59682,3
59682,11
59682,1
47181,3
47181,1
95042,1
67805,3
67805,11
67805,1
96170,1
101871,3
101871,11
101871,1
65242,1
59850,3
59850,1
103999,1
103999,3
103999,11
93810,1
105277,3
105277,11
105277,1
86032,1
86032,3
110629,3
110629,1
45336,1
45336,3
93766,1
94795,3
94795,1
47251,3
47251,1
55201,11
85844,11
96941,3
96941,1
68912,3
68912,11
68912,1
108545,1
110880,3
110880,1
67888,3
67888,1
69745,3
69745,11
69745,1
46102,11
46102,1
53014,11
53014,3
53014,1
63739,1
102510,3
102510,1
70174,1
70174,3
63946,3
63946,1
66146,1
43265,1
43265,3
48334,1
48334,3
64908,3
64908,1
109835,3
109835,1
70115,1
70115,3
59710,3
59710,1
51479,3
51479,1
46290,3
46290,1
59590,3
59590,1
47100,1
47100,3
83773,3
83773,1
103624,1
103624,3
69609,1
69609,3
63252,3
63252,1
71223,3
71223,1
45246,3
45246,1
47222,3
47222,1
48756,3
48756,1
80667,3
80667,1
61101,1
61101,3
64916,1
64916,3
45891,3
45891,1
47989,3
47989,1
83906,1
83906,3
79428,1
79428,3
49272,3
49272,1
79263,1
79263,3
46044,3
46044,1
76410,1
119178,11
119178,1
43553,11
43553,1
103806,1
103806,3
68322,1
68322,3
51822,1
51822,3
108099,3
108099,1
109929,1
109929,3
50697,11
50697,1
81090,1
81090,3
81527,11
81527,1
57417,3
57417,1
49918,3
49918,1
73278,11
73278,1
68149,1
68149,11
71034,3
71034,1
51823,1
51823,3
119183,3
119183,11
119183,1
63724,1
63724,3
99393,1
81538,3
81538,1
57977,11
57977,1
68518,11
68518,1
83218,3
83218,1
63963,3
63963,1
103149,3
103149,1
57702,1
57702,3
104215,1
104215,3
68197,3
68197,1
79228,1
79228,3
122414,3
122414,1
96375,1
59851,1
59851,3
62549,3
62549,1
104635,3
104635,1
47904,1
47904,3
44486,1
104135,1
119181,11
119181,1
102355,11
102355,1
90256,11
90256,1
97327,3
97327,1
50932,3
50932,1
64665,3
64665,1
52901,3
52901,1
47645,1
47645,3
119686,1
119686,11
105129,3
105129,1
71043,3
71043,1
51957,3
51957,1
82479,1
82479,3
91212,1
31314,3
31314,1
29281,1
46307,1
32813,8
48034,1
243816,7
114404,1
206430,1
243796,1
289132,1
175743,1
243606,7
243606,1
353706,1
370061,1
377281,1
377280,1
387480,1
379884,1
377279,1
514292,7
514292,3
167777,1
135302,1
359227,1
376665,1
371921,1
367720,1
352707,1
371922,1
204342,1
379885,1
371920,1
286745,8
286745,1
273628,8
273628,1
5698,7
150823,1
105495,7
105495,3
243626,7
243626,3
322202,7
322202,3
31545,7
31545,1
209129,7
209129,3
175719,7
175719,3
209131,7
209131,3
108166,7
108166,3
243593,7
243593,3
288471,7
288471,3
343169,7
343169,3
106112,7
106112,3
284957,7
284957,3
350009,7
350009,3
293836,7
293836,3
194734,7
194734,3
42167,7
42167,3
243478,7
243478,3
512548,1
74267,1
30460,1
70281,1
237212,1
60225,1
308667,3
308667,1
131217,3
131217,1
284444,3
284444,1
529110,3
529110,1
382877,3
382877,1
382878,3
382878,1
529209,3
529209,1
529183,3
529183,1
529119,3
529119,1
376129,3
376129,1
529103,3
529103,1
382879,3
382879,1
184284,3
184284,1
353554,1
294528,3
294528,1
320684,3
320684,1
342027,3
342027,1
529212,3
529212,1
529084,3
529084,1
312719,3
312719,1
504815,3
504815,1
504356,3
504356,1
31758,3
31758,1
529194,3
529194,1
529139,3
529139,1
124471,3
124471,1
529247,3
529247,1
529252,3
529252,1
529218,3
529218,1
529258,3
529258,1
388417,3
388417,1
529082,3
529082,1
529128,3
529128,1
529131,3
529131,1
529089,3
529089,1
529151,3
529151,1
529180,3
529180,1
529232,3
529232,1
306846,3
306846,1
529189,3
529189,1
529159,3
529159,1
529195,3
529195,1
294701,3
294701,1
529162,3
529162,1
529251,3
529251,1
531002,3
531002,1
529229,3
529229,1
114559,3
114559,1
103064,3
103064,1
129003,3
129003,1
248662,1
529249,3
529249,1
68028,7
68028,3
522796,1
105303,2
219360,3
190292,3
533177,3
184598,7
184598,1
184599,7
184599,1
212132,7
212132,11
158417,7
158417,11
118899,7
31815,7
195314,1
221088,7
221089,7
229868,7
180606,7
153772,7
153772,1
153772,9
168541,7
168541,1
168541,9
286049,1
286049,7
96932,7
128040,7
128040,1
336452,1
336452,7
521109,7
505513,7
505516,7
339226,7
339227,7
234281,7
234281,1
505514,1
306950,1
334320,1
181334,7
181334,1
319436,7
211736,7
193128,7
245004,1
384489,1
384489,7
191044,7
191044,1
382530,1
196350,7
180001,1
44604,7
374614,1
182930,1
5855,1
5855,8
53100,7
53100,1
58086,1
58086,7
113839,7
113839,1
187342,1
187342,7
50466,1
254511,1
254511,7
116719,1
116719,7
83484,1
46603,7
46603,1
164593,7
164593,1
156004,1
156004,8
374620,1
374620,8
152726,1
152726,8
5862,7
41905,7
120466,7
529588,7
529588,1
336454,7
336454,1
126013,7
216402,7
216401,7
216400,7
216403,7
339221,7
248793,7
248793,1
339215,1
339215,7
370810,7
353106,7
324556,7
298576,7
324558,7
298577,7
270559,7
270559,1
117200,7
117200,1
339217,1
339217,7
339219,1
339219,7
136477,7
292272,7
531224,7
531224,1
531225,7
531225,1
134835,7
137368,7
339218,7
177362,7
177362,1
294426,7
183828,7
339225,1
339225,7
334322,1
334322,7
96171,7
367727,7
367727,1
367728,7
367728,1
345790,7
345790,1
367725,1
367725,7
345792,1
345792,7
90713,7
320142,1
320142,7
113840,7
113840,1
113840,9
88273,7
101186,7
30886,7
30886,1
339213,7
339213,1
117961,7
117961,1
524474,7
524474,1
63478,7
119589,7
55615,7
55615,1
197364,7
339228,7
172981,7
192452,7
192452,1
521993,7
31812,7
31814,1
505225,1
504851,1
504063,1
382314,1
382314,7
348111,7
348111,1
365022,1
348114,1
348122,7
348122,1
348121,1
348117,1
537058,7
536971,7
5886,1
536880,7
536857,7
537102,7
537100,7
537031,7
536940,7
537003,7
537092,7
537051,7
537024,7
537077,7
536888,7
536867,7
536839,7
537072,7
537035,7
536964,7
536883,7
537005,7
5959,7
51652,7
52854,7
108161,7
67111,7
141814,2
156622,7
156622,15
202327,7
202327,15
163758,7
6131,11
6136,11
6136,18
101332,18
101332,11
22729,11
31937,18
87823,11
171932,2
26904,2
292796,2
6216,2
158881,2
31959,2
376794,1
353707,1
374345,1
342445,1
270204,7
131755,1
174797,7
174797,1
325513,7
325513,1
6290,1
523866,1
141106,7
172359,1
172359,7
6295,7
194228,7
177989,7
177989,6
179920,7
179920,6
52841,7
20774,7
232715,7
158552,1
158552,7
104792,1
104792,7
6298,7
139228,7
318954,7
6299,7
75452,16
6337,16
311507,16
311507,18
280983,7
121176,1
315445,1
23566,6
231902,7
69505,8
6753,1
32534,1
32534,8
168295,1
168295,8
163508,1
163508,8
196809,7
196809,20
367421,7
367421,20
254981,1
282004,1
223405,1
525545,1
218424,1
32554,1
243424,1
24972,1
75998,1
236697,1
376006,1
365027,1
347721,1
521839,1
376686,1
60349,1
307454,1
521338,1
307375,1
505327,1
373773,1
521798,1
370891,1
348097,1
373775,1
253972,1
136953,1
250924,1
91464,1
523301,1
531144,1
521300,1
97758,1
97758,7
518120,1
518120,7
360769,1
360769,7
388428,1
305333,1
531143,1
511763,1
532677,1
318809,1
91227,7
91227,1
531135,1
531136,1
531134,1
360770,1
360770,7
360708,1
360708,7
344195,1
350762,1
531140,1
523300,1
531160,1
378223,1
351733,1
531148,1
218858,1
306253,1
511396,1
531141,1
531157,1
531142,1
505451,1
505452,1
505453,1
517788,1
517788,7
220525,8
220525,1
106117,1
106117,7
89218,1
169157,7
169157,3
217069,1
217069,7
217069,3
219192,7
219192,1
219192,3
106118,7
106118,3
20791,1
380478,1
380480,1
361224,1
380477,1
32565,1
345957,1
358330,1
532380,1
531147,1
531151,1
532113,1
519419,1
531163,1
531150,1
531146,1
531145,1
380479,1
358901,1
380481,1
346038,1
371930,1
76326,1
158661,1
161417,1
161417,7
221566,7
221566,1
281153,7
106121,7
106119,7
106120,7
368690,1
368690,4
517791,7
517792,7
271518,1
32761,1
222340,3
222340,1
530626,3
530626,1
530630,3
530630,1
183888,7
98501,1
361411,1
285122,3
285122,1
229779,3
229779,1
226818,3
226818,1
74306,7
88057,1
88057,14
358045,1
358045,14
216214,14
216214,1
288395,1
288395,14
358046,14
358046,1
323981,1
323981,14
7104,16
57097,7
47854,7
20201,7
344199,7
335129,7
7151,3
32841,3
59971,3
94694,1
94694,3
312318,7
94977,3
76299,3
52347,4
7176,4
268995,10
295462,1
337208,1
354384,1
295892,1
77753,11
77753,14
7231,11
7231,14
43747,20
43747,1
168090,12
32925,12
243528,12
32926,12
32926,1
223483,1
223483,12
344303,12
110403,12
119307,12
94267,12
94267,1
60180,1
72895,12
72895,1
198388,12
198388,1
32918,12
32918,1
305575,1
305575,12
218252,12
218252,1
158865,1
158865,12
537108,12
537023,12
357928,12
210600,12
65240,12
65240,1
187379,12
187379,1
93130,12
93130,1
223488,1
223488,12
117615,12
117615,1
55545,12
42325,1
198389,12
198389,1
7280,1
7280,12
268627,12
171238,12
355215,12
373027,12
353167,1
353167,12
318982,12
69875,12
52827,12
254032,12
315087,12
315087,1
283176,1
283176,12
353168,12
191614,12
297600,12
303258,12
303258,1
81602,12
276556,1
276556,12
304228,12
333125,12
333125,1
238558,12
131735,12
281276,1
281276,12
334904,12
150198,12
340843,1
340843,12
206485,12
334905,12
72774,12
346026,12
45893,12
62260,12
254034,12
70213,12
147429,12
340845,12
355218,12
238329,12
297029,12
219290,12
329323,12
329323,1
239739,12
239740,12
299050,12
184420,12
313401,12
306553,12
58483,12
78122,1
78122,12
309584,12
313394,12
313394,1
313393,12
54694,12
59884,12
272481,12
348567,12
45990,12
45990,1
353171,12
353171,1
318698,12
145830,12
320739,12
320739,1
247590,12
318818,12
84343,12
121613,12
179193,12
48259,12
48259,1
363756,12
334906,12
43234,12
43234,1
348570,1
348570,12
318980,12
106127,12
106127,1
353177,12
65350,1
65350,12
363755,12
46677,12
46677,1
193942,12
343761,12
363098,12
320202,12
167668,11
167668,1
105179,6
99464,6
99464,11
176482,6
176482,11
68313,6
68313,11
103907,6
103907,11
98217,6
156768,6
156768,11
39734,6
39734,11
65814,6
65814,11
77197,6
77197,11
125198,6
125198,11
82732,6
82732,11
241577,6
241577,11
345794,1
45288,7
45288,1
219995,1
294431,1
377011,1
377016,1
377014,1
377013,1
104004,1
117920,1
219315,7
219315,1
304899,1
152412,1
269225,1
158900,7
325094,1
324921,1
225964,1
167889,7
167889,1
51908,1
349950,1
335130,1
190980,1
289168,1
367745,1
360385,1
324926,1
375950,1
345598,1
358910,1
295946,1
286060,1
158911,1
73730,1
152461,1
183490,1
242621,1
211131,1
59302,1
273947,1
317136,3
317136,1
95312,3
95312,1
127439,3
127439,1
294466,3
294466,1
104904,3
104904,1
64482,3
64482,1
119776,3
119776,1
96512,3
96512,1
524794,3
524794,1
358827,3
358827,1
92660,3
92660,1
73293,3
73293,1
276731,3
276731,1
301232,3
301232,1
72688,3
72688,1
247377,3
247377,1
117651,3
117651,1
176816,3
176816,1
368029,3
368029,1
343424,3
343424,1
300813,3
300813,1
176785,3
176785,1
193613,3
193613,1
272132,3
272132,1
69308,3
69308,1
138282,3
138282,1
86144,3
86144,1
119775,3
119775,1
287118,3
287118,1
52466,3
52466,1
389041,3
389041,1
76603,3
76603,1
33386,3
33386,1
7716,3
7716,1
112350,3
112350,1
111025,1
111025,8
525776,8
525776,1
318693,7
234066,7
89097,8
89097,1
143547,7
179980,1
177614,1
252000,7
170983,1
231430,8
231430,1
296656,1
298396,1
223668,8
223668,1
85482,8
85482,1
48862,8
48862,1
223669,8
223669,1
223670,8
223670,1
7890,7
7896,1
7896,11
259162,1
259162,7
259162,11
238688,1
155261,1
7925,7
48015,7
51719,7
71736,1
33512,8
33512,1
262850,8
262850,1
83980,6
184319,1
154877,1
186786,1
268971,1
268971,3
268971,11
256385,1
256385,3
256385,11
256386,3
256386,11
256386,1
306606,11
306606,1
306606,14
346574,3
346574,11
346574,1
347369,1
347369,14
347369,11
361227,14
361227,11
361227,1
298037,11
298037,1
298037,14
371618,11
371618,1
371618,14
268972,1
268972,3
268972,11
250273,1
250273,3
250273,11
250274,3
250274,11
250274,1
306956,11
306956,1
306956,14
339012,3
339012,11
339012,1
355436,14
355436,11
355436,1
371584,11
371584,1
371584,14
347326,1
347326,14
347326,11
139576,4
534269,11
534269,14
115530,7
65334,4
271886,4
271174,4
96371,4
50262,4
317999,4
350479,4
299303,4
136488,4
8020,4
219177,4
282173,4
203202,4
238836,4
170808,4
47900,4
354450,3
354452,3
354454,3
356242,3
356831,3
354460,3
354468,3
354472,3
353873,3
354478,3
354480,3
354476,3
353875,3
354482,3
353877,3
354448,3
354487,3
354489,3
354492,3
353879,7
353879,3
354236,3
353885,3
353943,3
361557,7
361557,3
354770,3
354768,3
353887,3
354718,3
361556,7
361556,3
354585,7
354585,3
361558,1
361558,3
355763,3
353903,3
353903,1
506683,1
506683,3
353905,3
353905,1
361559,3
361559,1
354447,3
354449,3
354451,3
354453,3
356241,3
356833,3
354206,3
354459,3
354467,3
354471,3
353872,3
354477,3
354479,3
354475,3
353874,3
354481,3
354205,3
353876,3
354486,3
354488,3
354490,3
354247,3
361035,3
361035,1
354291,3
354708,3
353900,7
353900,3
354330,7
354330,3
353902,3
353902,1
354767,3
354769,3
355755,3
353918,3
354360,3
354232,7
354232,3
353898,3
353898,1
361036,3
361036,1
354300,3
21173,7
8033,1
8033,7
86745,1
86745,7
306632,1
306632,7
76634,1
76634,7
93496,1
93496,7
91579,7
296646,1
296646,7
43421,7
212490,7
212492,7
71551,1
33607,8
8052,8
8057,2
19969,2
19969,11
33610,2
82032,2
82032,11
187276,7
357227,14
357227,11
326829,11
326829,14
190703,1
43192,11
43192,14
8144,4
370918,8
163272,8
280961,7
319326,7
76146,11
76146,1
20487,4
228596,1
115420,1
226598,1
181607,1
42846,1
351029,1
300286,1
44505,1
205521,1
226601,1
194406,1
205617,1
316385,1
76097,1
202571,1
202572,1
226388,1
255223,1
25702,6
159144,1
344493,7
252897,1
45512,7
255004,1
8488,7
529246,7
529143,7
529226,7
42651,1
362023,7
362023,3
165518,7
165518,3
346294,7
529220,1
529163,1
529184,1
529222,1
529245,1
53768,7
8489,1
529125,7
152403,7
34043,7
256821,1
76796,1
133682,1
46833,7
34044,7
219713,7
165771,1
8487,7
335737,3
335737,1
272489,1
272489,3
52867,7
8527,3
8527,1
73670,1
73670,3
56765,7
98895,1
98895,3
96843,1
96843,3
298858,1
298858,3
300849,1
300849,3
55851,3
55851,1
306856,3
306856,1
95812,3
95812,11
232723,3
232723,11
184359,7
515216,7
378065,1
360388,1
302227,1
282281,1
328112,1
170460,1
303133,1
212771,1
303101,1
334979,1
8681,7
8681,1
78338,7
78338,1
54427,7
54427,1
125490,7
125490,1
352423,1
219362,1
297714,1
219913,1
221899,1
326594,1
218852,1
159215,7
85324,7
40557,1
49692,1
329425,1
329424,1
523672,1
329296,1
523684,1
104971,14
104971,4
104971,11
63784,4
63784,11
63784,14
255878,4
255878,14
273804,4
273804,11
273804,14
347034,4
347034,14
347034,11
371360,4
371360,14
352984,11
352984,4
352984,14
42181,11
42181,4
42181,14
339325,11
339325,4
339325,14
250261,11
250261,4
44080,4
44080,11
44080,14
339326,4
339326,14
339326,11
270021,4
270021,14
108041,4
108041,14
226355,14
226355,4
164057,4
164057,1
164057,14
242848,14
242848,4
83529,14
83529,4
164944,4
164944,14
153485,4
153485,14
153485,11
227530,11
227530,4
227530,14
335552,4
335552,14
344349,4
344349,14
326139,4
326139,14
72900,4
72900,14
240119,4
240119,14
257873,4
85364,4
85364,11
85364,14
79576,4
79576,14
256225,4
256225,14
227539,4
227539,14
227528,4
227528,14
164043,4
164043,14
327525,4
226356,4
226356,14
222075,4
222075,14
8752,4
8752,11
8752,14
271433,4
271433,14
271435,4
271435,14
57580,11
57580,4
57580,14
115679,11
115679,4
115679,14
533377,4
533377,14
315761,16
8768,16
209351,1
90522,1
136776,1
8827,1
40580,1
40772,7
102716,7
102716,3
240502,4
240502,11
240502,14
44889,4
153489,4
153489,11
153489,14
170813,4
170813,11
170813,14
53644,4
53644,11
53644,14
78826,4
78826,11
78826,14
226622,4
226622,11
226622,14
144696,4
144696,11
144696,14
77845,4
77845,11
77845,14
44500,4
44500,11
44500,14
193697,4
193697,11
193697,14
52380,4
52380,11
52380,14
86969,4
86969,11
86969,14
49301,4
49301,11
49301,14
301838,4
301838,11
301838,14
262276,4
262276,11
262276,14
87130,4
87130,11
87130,14
83334,4
83334,11
83334,14
318567,4
226624,4
226624,11
226624,14
146386,4
146386,11
146386,14
61488,4
61488,11
61488,14
71598,4
319428,4
319428,11
319428,14
165760,4
240505,4
240505,11
240505,14
89441,4
91492,4
8989,6
25647,16
25647,18
60155,1
9019,1
311254,16
311254,18
9023,1
55743,1
9029,1
102362,1
114605,1
85660,1
41031,7
41031,3
280944,7
280944,3
177681,7
177681,3
343804,7
343804,3
343805,7
343805,3
310824,7
310824,3
291266,7
291266,3
291264,7
291264,3
290822,7
290822,3
309642,7
309642,3
339492,7
339492,3
339473,7
339473,3
106147,7
106147,3
339096,7
339096,3
177682,7
177682,3
339069,7
339069,3
339105,7
339105,3
339098,7
339098,3
339133,7
339133,3
339135,7
339135,3
339144,7
339144,3
339145,7
339145,3
282071,7
282071,3
309643,7
309643,3
310829,7
310829,3
9151,7
9151,11
9151,3
9151,1
9151,14
54914,7
115115,1
9154,1
250575,7
250575,3
176786,7
176786,3
44784,1
41183,1
139952,1
137231,1
139953,1
139955,1
249904,14
249904,3
249904,7
366049,7
365918,7
45959,2
45959,7
292802,2
292802,7
56562,7
56562,2
117088,2
117088,7
96921,7
87577,1
373832,1
268310,1
268310,18
268310,16
269460,1
300008,1
80438,1
74993,1
121635,1
121635,18
367366,1
367366,18
92139,1
46701,1
85178,1
363542,1
250303,4
293658,4
152643,1
86615,1
525334,1
504637,1
504637,18
51597,1
290633,4
141706,1
141706,18
227957,1
113113,1
47481,1
69553,1
350958,1
350958,18
350958,16
226708,1
226708,18
61029,1
61029,18
140848,1
522035,4
9409,7
130397,7
163364,7
166694,7
353797,4
353778,4
503305,4
124962,7
124962,11
171004,7
171004,11
371579,11
371579,7
371578,11
371578,7
165541,8
54849,4
196775,4
196775,11
85960,4
378209,7
378209,3
353991,7
353991,3
517172,1
9440,7
9470,1
9471,1
300267,1
301236,7
301236,3
194177,2
202622,2
106151,7
119370,7
525182,7
105691,10
152492,10
105566,7
228611,15
49549,15
382579,15
300445,6
95843,11
95843,1
9830,11
9830,1
328048,7
328048,20
328049,7
329251,7
329251,1
120561,2
120561,7
158416,7
158416,2
224051,2
9853,2
102038,2
58158,2
116266,2
99223,2
83413,2
105037,2
25520,7
25520,2
133135,2
133135,7
161415,2
161415,7
177630,7
177630,2
103570,7
103570,2
322344,7
322344,2
124973,7
124973,2
202817,7
202817,2
124974,2
124974,7
184601,7
119601,2
119601,7
196589,7
196589,2
253864,7
253864,2
328841,7
328841,2
142801,2
142801,7
335182,7
329401,3
329401,7
133148,2
133148,7
301889,7
301889,2
346146,2
346146,7
328838,7
346145,7
106152,2
106152,7
329300,7
241829,7
241829,2
311445,7
311445,2
119603,2
119603,7
329324,7
507769,7
507769,2
124975,7
124975,2
124976,2
124976,7
318622,7
318622,2
119292,7
119292,2
328894,7
328894,2
162468,2
162468,7
119303,7
119303,2
119293,2
119293,7
142998,2
142998,7
290445,2
290445,7
137336,7
137336,2
119298,7
119298,2
185798,7
185798,2
175704,2
175704,7
189332,7
189332,2
280626,7
280626,2
183706,2
183706,7
176032,2
176032,7
328832,2
328832,7
119294,2
119294,7
119606,7
119606,2
119608,7
119608,2
302152,7
302152,2
290444,2
290444,7
119295,2
119295,7
124977,2
124977,7
290443,7
290443,2
176034,7
176034,2
133480,7
133480,2
302153,2
302153,7
339194,2
339194,7
277141,2
277141,7
124978,7
124978,2
119299,7
119299,2
347374,2
347374,7
177637,7
177637,2
133735,7
133735,2
200462,2
200462,7
263393,7
263393,2
269884,2
269884,7
119612,2
119612,7
524471,7
524471,2
119613,7
119613,2
124980,7
124980,2
165448,2
165448,7
162291,7
162291,2
233256,7
233256,2
176033,7
176033,2
329384,7
329384,2
142997,2
142997,7
124981,2
124981,7
233252,7
233252,2
143000,7
119304,7
119304,2
244913,7
244913,2
165450,7
165450,2
103356,7
103356,2
142099,7
142099,2
119614,7
119614,2
183712,2
183712,7
236839,7
236839,2
524547,7
524547,2
200269,7
200269,2
119006,7
119006,2
249761,7
249761,2
119300,7
119300,2
202815,2
202815,7
241836,7
241836,2
202816,7
202816,2
329366,7
329366,2
119615,2
119615,7
376679,7
376679,2
165447,7
165447,2
119004,2
119004,7
119301,2
119301,7
524490,7
524490,2
119616,2
119616,7
524541,7
524541,2
176037,7
176037,2
142996,7
176030,7
176030,2
119617,2
119617,7
329381,7
329381,2
214925,7
251702,7
251702,2
175700,7
175700,2
504304,7
504304,2
329373,2
329373,7
244892,7
328849,7
517111,7
517111,2
62339,1
52697,7
292004,7
292004,2
66195,7
66195,2
130997,1
130997,2
126197,1
126197,2
40922,7
524775,1
346148,7
346148,2
177561,7
177561,11
124963,7
124963,11
141228,8
263551,6
231386,6
231386,11
25423,6
25423,11
272142,6
108777,1
202437,1
21850,1
119872,7
125396,1
119254,7
119255,7
119256,7
119257,7
176788,7
178615,1
60742,4
505497,4
159551,1
316210,1
10009,4
351319,8
534887,8
10055,8
10055,1
274651,7
274651,1
284743,1
10090,1
239338,4
75002,4
20720,7
106155,7
332159,7
162116,7
70138,1
83740,1
53164,1
105461,7
48924,3
48924,1
164277,7
115494,1
115494,7
180492,7
180492,3
62232,7
62232,1
99179,7
99179,1
124378,7
124378,1
224151,7
224151,3
224151,1
155842,7
155842,3
155842,1
118185,7
118185,3
118182,1
118182,7
119053,7
119053,1
119071,7
119071,1
137382,7
137382,3
191738,7
191738,3
310802,7
310802,3
270729,7
270729,3
82425,7
82425,1
120348,7
120348,1
52515,1
52515,7
150678,7
150678,3
150678,1
113857,7
113857,3
113857,1
247633,1
247633,7
42050,7
42050,3
176047,7
176047,3
310801,7
310801,3
519595,8
251671,7
251671,3
106162,7
106162,3
106163,7
106163,3
106164,7
106164,3
310904,7
310904,3
310903,7
310903,3
309662,7
309662,3
106165,7
106165,3
310900,7
310900,3
137378,7
137378,3
137383,7
137383,3
116647,7
116647,3
137379,7
137379,3
310896,7
310896,3
137380,7
137380,3
302520,7
302520,3
176789,7
176789,3
272147,7
272147,3
317711,7
317711,3
310834,7
310834,3
84821,8
84821,1
520142,8
518932,8
520225,8
67924,7
67924,3
224156,7
224156,1
180008,7
180008,3
182433,1
182433,7
182434,7
182434,3
83295,8
51051,7
51051,3
51051,1
92384,7
92384,3
92384,1
270711,1
270711,7
247736,1
247736,7
231209,7
231209,3
231209,1
231210,7
231210,3
231211,1
231211,7
231212,7
231212,1
231217,7
231217,1
124133,7
124133,3
377002,7
377002,3
137385,1
137385,7
137390,7
137390,3
137391,7
137391,3
137392,7
137392,3
137393,7
137393,3
192477,2
192477,11
179923,2
10536,6
113858,3
113858,11
99960,1
98034,7
253941,7
131778,7
232930,7
240045,7
153916,7
89962,7
83138,7
55250,7
126532,1
126533,1
237816,1
90760,1
217680,1
219152,1
52142,1
128267,1
128270,1
10571,1
57482,1
140384,1
142120,16
10574,10
224180,7
224180,1
208327,1
55028,1
224181,1
246267,1
10602,7
10602,1
91997,1
81196,7
81196,1
286306,7
286306,1
120455,7
120455,1
85823,7
85823,1
308561,7
308561,1
120944,7
120944,1
100465,7
100465,1
386680,1
51771,1
369114,1
45008,1
269854,7
269854,1
293190,1
91996,1
182435,1
58271,1
318959,7
228332,1
341524,7
156752,7
178129,7
159701,7
352988,7
271891,7
197141,1
197141,7
55734,7
55734,1
507236,1
250935,1
250935,7
177542,1
177542,7
96193,1
96193,7
70002,1
70002,7
305907,1
305907,7
305908,1
305908,7
305906,1
305906,7
389087,1
507309,7
507195,1
507328,7
507651,7
507402,7
507241,7
507648,7
55731,7
55731,1
269603,1
269603,11
232081,7
232081,1
61088,1
118966,7
119259,7
118969,7
118965,7
118970,7
118968,7
247109,7
247106,7
247105,7
247107,7
500461,7
106182,7
247108,7
346698,7
346698,11
247136,7
247136,11
10927,2
10927,7
49151,1
61824,1
241900,1
311023,1
43325,1
135369,1
75701,1
83663,7
105551,1
105551,7
83281,1
83281,7
240503,1
240503,7
353559,1
353559,7
110802,1
352989,20
352989,1
98007,20
98007,1
104587,1
104587,20
90255,20
90255,1
211930,20
211930,1
63599,1
11052,1
161148,20
161148,1
156460,20
156460,1
335062,1
335062,20
155867,1
155867,20
79976,20
79976,1
76117,20
76117,1
150184,20
150184,1
69415,20
69415,1
108057,1
108057,20
145017,1
145017,20
11066,1
159835,7
159835,15
524466,7
524466,15
307045,7
307045,15
378435,11
378435,14
21000,11
21000,7
176792,7
176792,3
176792,18
533308,7
533308,3
533308,18
87320,1
183843,1
142625,2
142625,7
184687,1
184687,7
11160,6
356179,1
349910,1
343015,1
358916,1
49747,7
43383,7
43383,1
72850,8
11214,8
222124,1
222124,3
226326,4
228053,4
277369,4
231441,4
344520,4
316855,4
122390,4
53030,4
99369,4
162683,4
76197,4
75970,4
178475,4
91979,4
70063,4
11258,4
55130,4
67843,4
159930,4
367906,4
131781,4
273594,4
194779,4
224288,4
70107,4
106186,7
106186,3
219247,7
219247,3
229198,7
229198,3
221374,7
221374,1
175580,7
175580,1
270733,7
270733,3
11287,7
11287,1
232744,7
232744,1
41558,1
162013,7
162013,3
259183,7
259183,1
219235,7
219235,1
221375,7
221375,1
388477,4
388459,4
149376,4
120807,4
338852,4
46199,4
207842,4
314755,4
175775,4
388526,4
235664,4
193134,4
87024,4
73450,4
252902,4
73307,4
73308,4
57694,4
529185,4
72234,4
377199,4
44201,4
120727,4
60427,4
369082,4
54998,4
166985,4
292083,4
51667,4
315138,4
230699,4
133495,4
94703,4
68564,4
217925,4
65804,4
65489,4
115685,4
175337,4
67449,4
389019,4
321582,4
43625,4
249913,4
175339,4
193148,4
207854,4
136599,4
77796,4
180364,4
270839,4
110463,4
52855,4
317287,4
84433,4
56112,4
46955,4
108857,4
132800,4
68670,4
203128,4
230713,4
104736,4
529214,4
265433,4
99309,4
65791,4
112033,4
59486,4
371162,4
84434,4
111404,4
46957,4
312018,4
180369,4
49199,4
238963,4
67205,4
529122,4
78688,4
45675,4
217721,4
349508,4
284564,4
288300,4
177840,4
133512,4
55053,4
212163,4
42864,4
294472,4
71350,4
193165,4
67750,4
203398,4
136618,4
177837,4
110485,4
63289,4
177832,4
63290,4
75802,4
111867,4
166999,4
245309,4
529108,4
44218,4
235732,4
78505,4
207878,4
75808,4
52357,4
529213,4
176946,4
306014,4
154302,4
132816,4
100160,4
220758,4
77600,4
282545,4
49012,4
257362,4
179703,4
140194,4
154303,4
79220,4
44733,4
378085,4
109676,4
331275,4
187293,4
51598,4
194307,4
529234,4
175367,4
279412,4
87603,4
280382,4
79197,4
258481,4
200054,4
83843,4
54408,4
60537,4
57383,4
43523,4
353698,4
328952,4
245298,4
87518,4
239081,4
114749,4
297102,4
73469,4
114750,4
97439,4
220713,4
211689,4
71638,4
64219,4
42373,4
336763,4
71316,4
245294,4
80319,4
207907,4
154307,4
226959,4
238869,4
112310,4
286204,4
387830,4
121085,4
108668,4
193204,4
66362,4
78275,4
535609,4
81619,4
315071,4
326372,4
175377,4
291342,4
65826,4
233973,4
62325,4
220707,4
80888,4
86428,4
99878,4
361632,4
41966,4
43962,4
288301,4
51359,4
177843,4
50859,4
77254,4
304158,4
180401,4
338271,4
235114,4
335128,4
284612,4
177839,4
239083,4
86616,4
529096,4
344530,4
43432,4
59960,4
85495,4
344531,4
304162,4
257383,4
536262,4
291362,4
351630,4
111716,4
125860,4
108833,4
98985,4
111717,4
167026,4
108135,4
175758,4
133551,4
306891,4
529877,4
89723,4
363888,4
60696,4
92010,4
315111,4
45733,4
47788,4
370609,4
65444,4
85129,4
175393,4
113523,4
52699,4
42454,4
193219,4
95120,4
211688,4
221564,4
297378,4
101418,4
24054,4
111884,4
374293,4
24041,4
96695,4
24044,4
224337,4
387031,4
11366,4
55965,4
32843,4
279788,4
224350,4
11374,4
224352,4
224356,4
87113,4
207883,4
11375,4
11376,4
207394,4
207394,8
218248,4
229086,4
11382,4
11382,8
98650,4
43895,4
329747,4
11384,4
95085,4
134068,4
76534,4
529914,4
11396,4
96191,4
11401,4
224367,4
272006,4
287390,4
287391,4
287392,4
224374,4
60780,4
73665,4
212230,3
196591,16
196591,18
196591,20
51684,16
51684,18
51684,20
72084,4
360319,1
360319,7
500021,3
500021,1
127444,7
127444,3
500055,3
500055,1
371912,7
371912,1
515097,3
515097,1
352920,1
352920,3
376667,7
376667,1
229691,3
326982,3
326982,1
141476,3
155729,3
155729,1
326980,3
155840,3
155840,1
305009,3
327045,7
327045,1
380172,7
380172,1
311809,7
311809,1
87941,1
87941,3
87941,11
515143,7
515143,3
515143,1
515144,7
515144,3
515144,1
295107,7
295107,3
505375,3
505375,1
371659,7
371659,1
139423,3
139423,1
177508,3
177508,1
286015,7
286015,1
143650,7
143650,3
338951,3
281487,3
388671,3
388671,1
365328,1
365328,7
365326,7
365326,1
212016,1
212016,3
388615,7
388615,3
388615,1
388652,7
388652,3
388652,1
190981,3
269234,7
269234,3
365920,7
365920,1
360316,7
360316,1
190189,7
190189,3
143654,7
143654,3
250008,7
250008,1
379014,7
379014,1
308119,3
308119,1
250010,7
250010,3
380398,3
380398,1
127445,3
127445,1
515273,7
515273,3
515273,1
515274,7
515274,3
515274,1
316656,3
361027,1
361027,7
351243,7
351243,1
388618,3
388618,1
351244,3
351244,1
351245,1
351245,7
356971,7
356971,1
359123,3
359123,1
310556,3
338950,3
388670,1
298445,3
388666,3
388666,1
365329,1
365329,7
365327,7
365327,1
307047,7
307047,1
388659,3
388659,1
367785,7
367785,1
311815,7
311815,1
367783,7
367783,1
201646,1
201646,3
11451,7
11451,3
140209,7
140209,3
11452,3
11452,1
210900,7
210900,1
49165,3
49165,1
54585,7
54585,3
138290,1
138290,3
138290,11
131032,7
131032,3
11455,7
181754,7
181754,1
156467,7
82110,7
533319,1
86045,1
76408,1
106193,7
106193,3
237849,7
237849,3
106192,7
106192,3
272270,7
272270,1
103915,7
103915,1
379111,7
379111,3
69785,7
69785,3
170639,7
170639,3
42579,3
536809,3
50571,3
197009,3
116163,1
116163,3
121186,7
380393,7
143586,7
139240,7
63221,4
116502,1
342117,7
342117,20
155838,7
155838,20
320190,7
320190,20
11649,7
11649,20
319182,7
319182,20
319183,7
319183,20
319210,7
319210,20
319205,7
319205,20
328820,7
328820,20
319198,7
319198,20
283901,7
283901,20
319215,7
319215,20
87285,7
87285,20
319194,7
319194,20
319213,7
319213,20
319212,7
319212,20
319202,7
319202,20
319217,7
319217,20
369465,7
369465,20
63207,7
63207,20
113570,7
113570,20
319207,7
319207,20
347167,7
347167,20
283905,7
283905,20
319208,20
283893,7
283893,20
228404,7
228404,20
240130,7
240130,20
283912,7
283912,20
75671,7
75671,20
201995,7
201995,20
505463,7
505463,20
319184,7
319184,20
319221,7
319221,20
116501,7
116501,20
319195,7
319195,20
136293,7
136293,20
319188,7
319188,20
319211,7
319211,20
521021,7
521021,20
135287,1
226027,7
226027,20
320247,7
320247,20
87286,7
87286,20
64038,7
64038,20
113583,7
113583,20
59962,7
59962,20
43433,7
43433,20
69873,7
69873,20
117467,7
117467,20
505460,7
505460,20
122357,1
121431,7
121431,20
320191,7
320191,20
154321,7
154321,20
50957,7
50957,20
86595,7
86595,20
320192,7
320192,20
320196,7
320196,20
151287,20
321520,7
321520,20
122353,7
122353,20
128582,7
128582,20
115422,1
144466,1
192946,1
86498,7
110888,1
194762,1
522899,7
86499,7
80409,7
159009,7
45503,7
386433,1
386510,1
386487,1
386516,1
271858,1
273522,1
65393,1
105623,7
105624,1
522898,7
522875,7
522874,7
96931,1
69658,1
522873,7
125600,1
111474,1
85442,7
82057,7
263768,4
525024,7
525004,1
525019,1
525126,7
525039,1
525039,7
524983,7
524983,3
525059,7
525059,3
524967,7
525121,1
525121,7
525101,1
525101,7
528886,7
525003,7
525001,1
525001,7
24959,7
301166,7
11933,4
11933,8
233886,4
233886,11
233886,1
11938,4
76409,4
11945,4
11945,8
277406,4
11950,4
11952,4
11952,11
260617,4
11960,4
11960,11
11962,4
71513,1
352991,7
353377,7
370016,7
302591,7
370017,7
375188,7
308680,7
311824,7
312806,7
311825,7
363286,7
271025,3
271025,11
288950,7
323096,7
323095,7
347807,7
361722,7
379021,7
49447,1
528711,7
55887,1
55856,1
353983,7
108480,1
57253,1
52857,1
348101,7
348152,7
351246,7
349987,7
361821,7
528752,7
371662,7
323098,7
323097,7
368055,7
311829,7
312807,7
311828,7
506952,7
351334,7
361823,7
317685,7
362881,7
374019,7
306481,7
379020,7
89048,1
211602,11
211602,14
211602,4
60508,14
60508,4
60508,11
235081,14
235081,4
235081,11
327493,11
327493,14
327493,4
50979,8
50979,4
50979,11
50979,14
195422,8
195422,4
195422,11
195422,14
195422,1
63222,14
63222,4
63222,11
110044,8
110044,4
110044,11
110044,14
42157,8
42157,4
42157,11
503764,11
503764,14
503764,4
12061,1
12090,15
249647,6
31345,1
183989,1
212155,1
255926,7
183993,1
183994,1
224429,1
308708,7
152524,1
152524,7
224431,1
152066,1
366037,1
366124,1
366129,1
366130,1
366132,1
366135,1
366144,1
366148,1
366152,1
366159,1
366198,1
366238,1
366277,7
366304,1
366320,1
366321,1
366325,1
366331,1
366413,1
366453,1
366455,1
366464,1
366489,1
366495,1
366516,1
366553,1
366780,1
366790,1
366796,1
525860,1
526473,1
12223,1
296494,7
25474,7
93873,7
67930,1
307048,7
117015,1
117015,7
12233,7
247104,1
247104,7
241827,7
77482,1
77482,7
137443,7
137443,3
168727,7
168727,3
168728,7
269961,1
269961,7
100504,1
100504,7
116983,7
274774,7
274773,7
97738,7
369311,1
369311,7
12234,1
44312,1
219489,1
78190,1
197317,1
255750,1
52808,1
221598,1
115876,1
154400,1
42178,1
271609,1
50836,7
220909,1
50837,1
84602,7
276686,1
204291,1
64304,1
216915,1
102908,1
268926,1
162014,1
108483,1
326499,1
78804,1
348220,1
154412,1
154413,1
50928,1
320807,1
296832,1
138724,1
169091,1
56687,7
350966,7
184612,7
217466,7
383962,7
217460,7
114400,7
217459,7
178580,1
83997,1
164294,1
153089,1
312144,1
286203,7
327506,11
43151,11
120026,11
339238,11
68186,11
68186,1
171825,3
171825,11
81452,6
225988,6
227779,6
119657,3
119657,14
119657,11
515442,3
515442,14
515442,11
44832,14
44832,11
61014,3
61014,11
61014,14
73969,3
73969,11
73969,14
49560,11
49560,3
49824,11
49824,3
61706,3
61706,11
61706,14
52967,11
52967,3
52967,14
66675,11
52195,3
52195,14
52195,11
57852,11
57852,14
64561,3
64561,14
150277,11
150277,3
150277,14
55591,14
55591,3
55591,11
101428,11
101428,14
101428,3
294041,11
294041,3
47983,3
47983,11
47983,14
351336,3
351336,11
351336,14
51803,6
174999,6
217107,1
361928,11
361928,14
254772,11
254772,3
254772,14
75206,11
75206,14
111497,11
111497,14
54657,3
54657,14
54657,11
61052,1
66420,11
66420,3
66420,14
60576,3
60576,14
86690,3
86690,11
86690,14
297616,3
297616,11
297616,14
86729,3
86729,14
103463,3
103463,11
103463,14
270821,3
270821,11
270821,14
59217,14
59217,3
59217,11
79754,11
79754,3
150278,3
150278,11
150278,14
74166,6
52835,3
52835,14
59395,3
59395,14
59395,11
272908,6
52455,3
52455,14
52455,11
112099,6
109320,11
109320,14
70117,3
70117,11
70117,14
134485,6
298864,3
298864,11
150279,11
150279,14
150279,3
56947,3
56947,11
295437,6
78562,3
78562,14
78562,11
194192,3
194192,11
194192,14
102311,3
102311,11
215848,11
215848,3
43378,3
43378,14
43378,11
70335,6
80314,3
80314,11
80314,14
67323,3
67323,14
61940,3
61940,14
61940,11
42798,11
42798,3
42798,14
515445,3
515445,14
515445,11
129152,6
207449,6
68351,6
79978,3
79978,11
79978,14
46090,3
46090,14
67219,3
67219,11
67219,14
83323,3
83323,11
116239,3
116239,14
83325,3
83325,14
76066,3
76066,14
76066,11
134491,3
134491,11
181551,6
72344,11
72344,1
72344,14
147002,11
147002,3
147002,14
49582,11
49582,3
49582,14
150283,3
150283,11
150283,14
252031,6
87620,3
87620,11
87620,14
251813,3
251813,11
251813,14
63729,14
63729,3
44812,3
44812,14
44812,11
84194,14
84194,11
53301,6
79891,3
79891,11
79891,14
104412,3
104412,14
104412,11
526053,11
526053,1
526053,14
151649,6
241616,3
241616,11
241616,14
44986,3
44986,14
44986,11
66311,6
60900,11
60900,3
60900,14
52061,6
151651,11
151651,3
83793,6
79290,3
79290,11
79290,14
142016,11
142016,14
171822,6
45085,11
45085,1
45085,14
47457,6
108354,6
55122,6
61249,11
61249,3
61249,14
61250,3
61250,14
61250,11
77072,3
77072,14
46444,11
46444,3
86713,11
86713,14
64031,11
68595,3
68595,11
68595,14
225967,11
225967,14
251811,6
388435,11
388435,1
388435,14
76822,6
105735,3
105735,11
105735,14
69425,3
69425,11
69425,14
150280,3
150280,11
150280,14
54677,11
54677,14
56812,6
156950,11
156950,3
156950,14
59718,3
59718,11
59718,14
355294,6
526600,11
526600,1
526600,14
291268,6
363782,6
77226,11
77226,3
77226,14
67406,3
67406,11
67406,14
111653,6
104014,3
104014,11
104014,14
72738,11
72738,14
72738,3
56854,6
194934,3
194934,14
194934,11
137555,6
43275,1
371980,6
86678,6
141976,6
48079,3
48079,11
48079,14
57255,3
57255,14
214871,3
214871,14
214871,11
77491,3
77491,11
77491,14
181558,3
181558,11
67649,6
72210,14
72210,3
72210,11
62032,6
70375,14
70375,3
68632,11
68632,14
68632,3
69572,3
69572,11
69572,14
195942,11
195942,14
272911,1
254779,6
54958,6
195529,6
67995,3
67995,11
67995,14
227772,6
227771,6
60262,3
60262,14
195943,11
195943,14
51934,3
51934,11
51934,14
47745,11
47745,3
179751,3
179751,11
179751,14
107958,3
107958,11
107958,14
53908,14
53908,3
53908,11
67165,6
72256,6
71148,14
71148,3
71148,11
196010,11
196010,1
196010,14
78103,14
78103,3
78103,11
122088,1
70594,3
70594,11
161685,6
195944,11
195944,14
174321,3
174321,11
174321,14
144181,3
144181,11
144181,14
317751,6
363753,14
363753,11
53573,6
57780,14
57780,3
57780,11
53787,14
53787,3
163924,6
77912,3
77912,11
77912,14
174322,3
174322,11
174322,14
87336,3
87336,14
87336,11
110229,3
110229,14
110229,11
79016,6
53241,3
53241,11
53241,14
50881,11
50881,14
50881,3
195945,11
195945,14
344264,6
85847,3
85847,11
195986,6
294378,6
164948,6
151659,3
151659,11
134519,6
343060,6
62442,3
62442,11
62442,14
65144,3
65144,11
65144,14
62373,6
52565,3
52565,11
52565,14
50839,3
50839,11
50839,14
227330,6
106209,14
106209,3
106209,11
215837,3
215837,11
215837,14
82575,6
269133,6
124873,11
124873,3
124873,14
74073,3
74073,14
47302,3
47302,11
47302,14
74430,6
102831,11
102831,3
102831,14
84766,11
84766,14
362026,3
362026,14
362026,11
48559,11
48559,14
48559,3
60952,6
60056,11
60056,1
60056,14
44687,3
44687,11
44687,14
195946,11
195946,14
184691,11
184691,3
61643,6
77231,3
77231,14
77231,11
327447,14
327447,11
327447,3
64563,11
64563,3
64563,14
122242,11
122242,3
122242,14
59806,1
64141,1
299861,3
299861,11
299861,14
194066,6
75789,14
75789,11
85682,11
85682,3
85682,14
78403,6
78404,3
78404,11
78404,14
56786,6
77873,3
77873,11
77873,14
83458,6
70638,3
70638,14
116819,3
116819,14
56346,3
56346,11
56346,14
370833,3
370833,14
370833,11
78753,3
78753,11
78753,14
303474,11
303474,1
303474,14
79851,6
61256,3
61256,11
61256,14
75115,11
75115,1
68761,14
68761,3
144179,3
144179,11
144179,14
45720,3
45720,11
45720,14
87477,11
87477,14
46731,11
150281,3
150281,11
150281,14
70712,14
70712,3
70712,11
181928,11
181928,3
181928,14
215843,11
215843,3
78653,3
78653,11
78653,14
51878,3
51878,11
51878,14
195947,11
195947,14
195948,14
195948,11
59491,3
59491,11
59491,14
42666,3
42666,11
42666,14
82196,3
82196,14
68604,11
68604,14
68604,3
73732,6
81473,14
81473,3
81473,11
50370,14
50370,3
50370,11
253772,8
253772,1
315668,6
66222,11
66222,3
66222,14
150276,3
150276,11
150276,14
166826,11
166826,3
166826,14
102559,6
304354,11
304354,1
304354,14
320717,6
135505,6
524658,11
524658,1
524658,14
524450,11
524450,1
524450,14
525651,11
525651,1
525651,14
524525,11
524525,1
524525,14
57209,11
57209,14
60190,3
60190,11
72506,6
355659,6
526402,11
526402,1
526402,14
355700,6
103854,11
103854,3
103854,14
177449,11
177449,14
325104,14
325104,11
325104,3
327446,14
327446,11
327446,3
50981,11
50981,3
50981,14
292480,6
44384,11
355711,14
355711,11
184690,3
184690,11
363785,6
106211,1
12384,3
12384,11
12384,14
77426,6
41422,6
224455,6
336270,6
43379,6
86807,6
152689,6
194197,3
194197,14
194197,11
76828,6
187931,6
12402,3
12402,11
12402,14
27782,3
27782,11
27782,14
388984,11
388984,1
388984,14
224465,11
224465,1
51420,6
50682,6
251605,6
160287,6
224458,14
224458,3
224458,11
160286,6
228927,3
228927,14
228927,11
320522,10
285764,10
66850,10
279726,10
46761,10
86913,10
307919,10
253204,1
58164,1
315351,1
314477,1
276288,1
276291,1
276289,1
276290,1
340723,1
126235,1
224489,1
196339,1
169974,1
340725,1
340724,1
340721,1
296075,1
340722,1
135103,1
314478,1
324984,1
324985,1
324986,1
324987,1
137434,1
271612,1
128300,1
93160,8
93160,1
221908,7
221908,14
121863,1
121863,7
121863,14
299249,7
299249,14
184027,7
184027,14
184028,7
184028,1
371417,7
371417,14
303635,7
303635,14
276292,7
276292,14
184030,7
184030,14
184029,7
184029,1
299246,7
299246,14
303637,7
303637,14
221909,7
221909,14
299247,7
299247,14
303636,7
303636,14
299252,7
299252,1
299254,7
299254,14
221906,7
221906,14
221907,7
221907,1
303634,7
303634,14
370768,7
370768,14
299250,7
299250,14
55889,7
55889,3
49221,7
49221,3
172993,7
172993,20
41248,7
41248,20
122214,7
122214,20
135855,7
135855,20
122215,7
122215,1
122217,7
122217,20
181929,7
181929,20
104042,7
104042,20
112445,7
112445,20
139330,7
139330,20
104119,7
104119,20
114785,7
114785,20
104726,7
104726,20
41216,7
41216,20
250591,7
250591,20
104064,7
104064,20
308686,7
308686,20
105600,7
105600,20
525761,7
373673,7
119281,7
119281,3
120084,7
120084,3
120498,7
120498,3
120499,7
303687,7
303687,3
303688,7
303688,3
303693,7
303693,3
303715,7
303715,3
303716,7
149054,7
149054,3
149055,7
149055,3
149056,7
149056,3
106213,7
106213,3
106214,7
25141,1
305805,1
132256,7
280580,7
23945,7
370736,14
338812,11
338812,14
327508,14
338813,11
338813,14
328760,11
328760,14
332971,11
332971,14
119644,14
119644,11
12605,14
12605,11
408866,14
408866,11
256660,2
256660,12
143387,2
143387,12
256665,2
256665,12
143381,2
143381,12
505089,15
505089,8
352996,7
224516,8
224516,1
235864,8
235864,1
235869,8
235869,1
235870,8
235870,1
235877,8
235877,1
41996,8
41996,1
238632,7
12712,1
98939,8
98939,1
45767,8
45767,1
73455,7
184692,7
184692,3
373686,7
190045,7
124163,7
176794,7
150954,7
171212,1
307923,1
115904,8
115904,1
74086,8
74086,1
66924,8
66924,1
116712,8
116712,1
78897,8
78897,1
103227,8
103227,1
54051,8
54051,1
81728,8
81728,1
49124,8
49124,1
56257,8
56257,1
72783,8
72783,1
115883,1
127419,1
127419,11
127419,12
134151,11
134151,7
134151,12
87740,1
87740,11
87740,12
286030,1
65455,1
101435,1
308687,1
13029,1
13030,1
327835,7
163114,7
163113,7
163115,7
112457,7
165575,7
145942,1
145942,7
13216,1
13216,7
388690,1
388690,7
154456,1
225998,3
225998,11
220628,3
220628,11
220628,14
238028,3
238028,11
201488,3
201488,11
201488,14
117127,3
117127,1
117127,14
317223,3
317223,11
59954,3
59954,1
59954,14
182288,3
182288,11
282522,3
282522,14
160526,11
194428,3
194428,14
194428,11
116506,1
116506,14
347426,11
13263,3
13263,1
13263,14
268723,1
268723,3
268723,14
61165,11
62828,11
56427,1
517834,1
517834,7
139250,7
139250,3
297299,1
100542,1
301185,1
304947,1
13635,1
304946,1
304870,20
304870,1
13649,20
13649,1
124572,20
124572,1
61690,8
27272,8
27272,1
297380,8
86610,8
182333,8
178755,8
195623,1
195623,20
124251,7
124251,3
124251,1
124252,3
124252,1
124252,7
124253,7
124253,3
124253,1
124254,7
124254,3
124254,1
103845,7
103845,11
104927,7
104927,11
238726,1
166302,1
166302,3
81172,1
73257,8
73257,1
325002,1
325004,1
124256,1
124256,7
124256,3
124257,7
124257,3
124257,1
124261,3
124261,1
124261,7
176795,7
176795,11
176796,7
176796,11
176797,1
368079,1
354028,18
354028,1
101486,1
13802,1
13805,7
13805,11
13805,14
61874,1
131697,11
131697,14
131697,1
131695,11
131695,1
131695,14
78912,14
78912,11
13835,8
192437,8
192437,1
231175,1
13871,18
13871,1
26147,1
506953,1
354060,1
506954,1
120504,1
96578,11
21308,11
21308,5
21308,14
124700,11
124700,5
124700,14
206270,5
206270,11
206270,14
528744,11
528744,5
528744,14
14152,1
236056,4
84470,4
234849,16
62645,16
295901,16
52015,1
295473,16
86955,1
14352,1
359804,1
119099,1
121191,1
295685,16
14358,1
246095,16
14373,1
81742,1
119402,7
119405,7
119407,7
119408,7
14402,1
76221,1
194783,7
194783,1
104815,7
104815,1
273653,7
273653,1
111312,1
45476,1
14437,7
82322,7
64224,7
184358,7
325013,6
85696,8
85696,15
14525,1
14532,2
14532,11
63240,2
63240,11
320843,2
320843,11
63241,2
63241,11
84443,4
84443,11
84443,14
206094,11
206094,14
522892,11
522892,14
160913,7
196487,7
160920,16
160920,18
160920,20
103012,16
103012,18
103012,20
302789,6
97116,6
371667,7
298052,7
337186,3
337186,1
119764,7
205688,7
518782,7
510563,7
512092,1
512346,1
111857,7
525362,7
525362,1
525158,7
525158,1
525285,7
525285,1
335710,3
335710,1
384716,7
351662,3
351662,1
360335,7
504746,1
511930,1
504337,1
500565,1
511917,1
163759,7
58008,1
58008,7
68850,1
68850,7
500534,7
500534,1
357483,7
388079,7
384711,7
384712,7
500655,7
384713,7
363839,7
500641,1
269365,7
281349,7
286222,7
500653,1
500573,7
286813,7
384709,7
384714,7
386849,7
172998,1
172998,7
173000,7
380132,7
100327,7
47500,7
380135,7
384715,7
384710,7
173003,7
237495,7
500614,7
187051,7
503212,7
511213,7
511250,7
510899,7
510922,7
510954,7
501576,7
501751,7
510579,7
502646,7
510458,7
271662,1
271662,7
165944,7
173001,7
363840,7
226391,7
193603,1
193603,7
153500,7
388078,1
237329,7
500560,7
500554,7
500607,7
176493,1
176493,7
163022,1
163022,7
518715,1
518715,7
519433,1
519433,7
519291,1
519291,7
518128,1
518128,7
518569,1
518569,7
172999,1
172999,7
500571,7
510365,7
526467,7
510821,7
351775,1
351775,7
500592,7
139252,1
139252,7
383358,1
383358,7
507883,1
200456,1
103037,1
376020,7
376020,1
297981,1
176798,7
176798,3
202106,7
202106,3
370082,1
216435,7
216435,3
209641,1
119666,7
119666,3
119667,7
119667,3
103965,7
122396,7
536807,7
368264,1
521312,7
500301,11
500301,1
26902,1
181786,7
104456,7
318703,7
137435,1
103858,1
302796,1
258844,1
370245,1
370246,1
370247,1
344289,7
344289,3
109652,1
80822,7
80822,3
102349,1
291575,1
376668,1
375076,1
81577,11
81577,1
371611,6
28974,7
221241,1
44255,1
272971,1
41249,7
113727,7
180018,7
217795,7
131377,7
370228,7
370229,7
166511,7
61748,7
121058,7
131402,1
101887,7
280505,1
280505,3
523541,7
523542,1
523542,3
375083,7
153224,7
106240,7
306876,1
306876,3
523539,1
523539,3
523540,7
182439,7
280970,7
280970,3
79277,2
79277,1
526238,1
351096,1
24957,20
24957,1
76165,20
76165,1
198029,1
198029,7
212238,1
212238,7
245420,1
245420,7
227212,1
227212,7
184693,7
184693,3
374024,1
374024,7
24410,1
16483,20
16483,7
109272,1
16495,4
16495,11
359806,4
359806,11
21664,4
21664,11
250131,1
102294,1
102294,7
108960,1
108960,7
249764,1
135780,1
135780,7
270383,1
313899,1
280996,7
280996,1
174526,1
174526,7
282055,7
282055,1
313900,1
313900,7
280999,1
240054,7
240054,1
350496,1
350496,7
376805,1
376805,7
368282,1
267544,1
267544,7
333022,1
333022,7
350028,1
350028,7
374270,1
374270,7
68299,1
256456,1
256456,7
195058,1
81379,1
251966,1
251966,7
237853,7
237853,1
106241,7
102398,7
118972,7
118972,11
118972,3
161157,7
280974,7
280974,1
280974,3
280974,11
273387,1
154653,1
45049,1
99912,1
370264,4
370285,4
16836,4
16840,4
370271,4
370275,4
370279,4
502409,4
370274,4
344562,4
16911,1
16911,16
64283,8
64283,15
86581,8
86581,15
64878,15
64878,8
77151,15
77151,8
16976,8
16976,15
56213,1
80784,1
271859,1
17005,15
17005,8
274632,15
274632,8
17035,14
17035,11
17055,1
51977,1
359627,3
359627,1
361094,3
361094,1
367752,3
367752,1
176707,7
176707,3
104106,7
104106,3
245759,1
161209,1
71279,7
17238,14
385478,14
110374,7
110374,1
27299,7
24482,7
24482,1
24982,7
24982,1
17271,7
17271,10
153464,1
529618,1
368291,1
368292,1
517902,1
90101,1
518022,1
518069,1
161254,7
280590,7
518096,7
518096,1
518061,7
518061,1
518014,7
518014,1
518011,7
518011,1
518114,7
518114,1
518098,7
518098,1
43647,1
518110,1
518064,1
518076,1
176680,1
67030,1
17343,1
293431,1
98038,1
518059,1
17359,7
137397,11
137397,7
137397,14
137398,11
137398,7
137398,14
176799,14
176799,11
17364,11
17364,1
272188,14
272188,11
300944,7
316065,1
82232,1
318367,1
17434,7
17435,7
17451,2
17451,1
57516,2
515463,6
42062,7
362922,7
148755,7
516793,7
327634,7
133353,7
381121,7
240692,4
50965,7
50965,11
52620,8
80559,11
80559,3
80559,14
202975,3
202975,14
202975,11
260928,3
310668,3
310668,14
310668,11
60448,3
60448,11
310667,3
310667,14
310667,11
132509,11
220854,3
220854,11
87292,11
294787,11
294787,3
294787,14
386606,3
168354,3
168354,11
255676,11
255676,3
255676,14
72555,11
72555,3
72555,14
70079,3
70079,11
68043,3
68043,14
68043,11
68043,1
269938,3
269938,14
269938,11
119826,3
119826,14
119826,11
308676,11
308676,3
308676,14
353103,3
353103,11
353103,14
85527,3
85527,11
85527,14
349986,3
349986,11
349986,14
297235,11
297235,3
297235,14
306773,11
306773,3
306773,14
105522,1
65923,7
110500,4
110500,11
22441,4
22441,11
166592,4
166592,11
58906,11
58906,4
190294,1
190294,7
206571,1
206571,7
44166,1
44166,7
53428,1
53428,7
115251,14
115251,11
328423,14
328423,11
516568,14
516568,11
522893,7
52884,1
19858,7
202054,1
53713,1
109100,1
371663,1
360135,14
360135,11
351849,14
217883,14
217883,11
343970,14
336156,14
336156,11
325955,11
325955,14
325957,11
325957,14
300159,14
374592,11
374592,14
311325,11
311325,14
343973,14
351860,11
351860,14
350222,11
350222,14
316638,14
316638,11
203550,11
203550,14
272191,11
272191,14
360140,11
360140,14
256094,14
256094,11
281521,3
228638,3
288160,3
103997,3
286031,3
60061,7
60061,1
60062,7
60062,1
374984,1
184694,7
184694,3
280034,7
280034,3
280038,7
280038,3
106270,7
106270,3
280037,7
280037,3
280036,7
280036,3
151627,7
151627,3
177359,7
177359,3
176840,7
176840,3
106246,7
106246,3
279925,7
279925,3
106250,7
106250,3
106251,7
106251,3
106252,7
106252,3
106256,7
106256,3
106257,7
106257,3
106263,7
106263,3
106264,7
106264,3
106265,7
106265,3
106266,7
106266,3
106269,7
106269,3
279937,7
279937,3
279926,7
279926,3
197967,1
195027,1
232331,1
329127,1
161521,7
373165,1
269629,1
18097,1
66108,2
66108,11
176714,2
176714,11
177476,2
177476,11
291828,7
378501,2
378501,11
507855,1
362025,1
507856,1
18219,1
344306,7
74374,7
318418,7
87678,7
160090,7
20792,8
18280,3
18280,11
18280,1
18280,7
156419,7
156419,11
522212,11
522212,14
522211,11
522211,14
517595,11
517595,14
517723,11
517723,14
534426,11
534426,14
522086,11
536479,11
536479,14
517603,11
517603,14
530559,11
530559,14
533946,11
533946,14
526651,11
526651,14
522218,11
522218,14
517656,11
517656,14
517731,11
517731,14
517613,11
517613,14
517630,11
517630,14
517698,11
517698,14
517685,11
517685,14
517644,11
517644,14
140077,11
517692,11
517692,14
517626,11
517626,14
517732,11
517732,14
534149,11
534149,14
517679,1
517679,15
517679,11
517679,14
517679,3
517615,1
517615,15
517615,11
517615,14
517615,3
534671,11
534671,14
517736,1
517736,15
517736,11
517736,14
517736,3
534844,11
534844,14
534823,11
534823,14
18299,11
18299,14
517917,11
517917,14
517918,11
517918,14
275982,11
275982,14
293231,11
293231,14
18305,1
534927,11
534927,14
517919,11
517919,14
517734,11
517734,14
517920,11
517920,14
521889,11
521889,14
517921,11
517921,14
517922,11
517922,14
517923,11
517923,14
524416,11
524416,14
517651,11
517651,14
517664,11
517664,14
517662,11
517662,14
517617,11
517617,14
534531,11
534531,14
517614,11
517614,14
517629,11
517629,14
304463,11
304463,14
86017,11
82385,7
82385,20
374660,7
537119,7
82054,1
76701,7
244857,7
98431,8
121167,7
121167,1
85344,1
232342,7
232342,1
91062,4
18438,4
234080,4
226003,7
226003,2
370793,7
55686,3
234556,7
106276,7
69956,7
69956,2
87494,1
285799,1
115258,1
271684,1
87723,1
45301,1
126755,1
18482,4
18482,1
202248,1
18483,1
115970,1
222097,4
222097,1
219585,1
82725,4
82725,1
136991,4
240747,4
56814,4
225752,4
351542,4
277414,4
322417,4
45151,4
226381,4
277415,4
229384,4
333603,4
80637,4
46934,4
343133,4
290607,4
285430,4
76910,4
282485,4
292055,4
270348,4
72932,4
182804,4
60923,4
343518,4
70368,4
75225,4
525748,4
79912,4
68328,4
207055,4
322421,4
375668,4
333610,4
359893,4
147553,4
48222,4
44129,4
249914,4
155522,4
370832,4
304520,4
280123,4
72660,4
73083,4
86346,4
343135,4
258038,4
343156,4
48223,4
155500,4
136988,4
333614,4
84891,4
115686,4
51166,4
333615,4
526108,4
62022,4
69379,4
154811,4
357488,4
147680,4
218922,4
226629,4
194308,4
104294,4
322503,4
249715,4
240803,4
302918,4
327042,4
346666,4
322313,4
155501,4
526013,4
241924,4
307795,4
526042,4
119309,4
84745,4
333620,4
154286,4
192016,4
307796,4
147556,4
103433,4
351543,4
67640,4
226382,4
277501,4
207062,4
64225,4
344573,4
147558,4
344572,4
345438,4
353001,4
322507,4
367932,4
50189,4
84686,4
119323,4
98666,4
44130,4
79882,4
221879,4
307798,4
389080,4
520711,4
71674,4
58109,4
269311,4
300304,4
277559,4
189908,4
54979,4
367933,4
62251,4
298141,4
533204,4
78678,4
58266,4
219408,4
289547,4
306527,4
344815,4
48995,4
333628,4
82694,4
258088,4
193700,4
285436,4
239101,4
50015,4
56815,4
155505,4
75480,4
333821,4
104473,4
50666,4
335630,4
240810,4
307800,4
240811,4
333630,4
62023,4
69380,4
78592,4
52602,4
358268,4
389074,4
97391,4
389081,4
277586,4
219427,4
275434,4
322436,4
55403,4
239103,4
193976,4
42239,4
258093,4
333641,4
44151,4
50089,4
95689,4
277805,4
220413,4
239104,4
59480,4
154264,4
84687,4
67056,4
333643,4
194311,4
265874,4
77814,4
75315,4
239105,4
79883,4
277810,4
389076,4
71675,4
389073,4
155526,4
258097,4
339533,4
525624,4
382276,4
280530,4
50770,4
56658,4
80282,4
72380,4
91474,4
525274,4
154266,4
384068,4
389075,4
240703,4
273388,4
205810,4
147642,4
147682,4
56816,4
286209,4
84270,4
280165,4
194042,4
322527,4
258102,4
525670,4
343934,4
294473,4
154288,4
280532,4
128430,4
349896,4
193699,4
84854,4
359917,4
64866,4
243079,4
64867,4
358269,4
271723,4
81048,4
47336,4
96988,4
59574,4
207080,4
359818,4
383302,4
524707,4
51204,4
307801,4
58720,4
121592,4
322315,4
526028,4
525751,4
194056,4
389082,4
283551,4
151524,4
333674,4
349482,4
58625,4
58626,4
104243,4
155507,4
333823,4
197864,4
69894,4
44742,4
244206,4
70021,4
333677,4
63552,4
155508,4
389077,4
65788,4
345996,4
69765,4
241919,4
258125,4
333679,4
48038,4
64092,4
308038,4
72591,4
322546,4
323743,4
333682,4
48039,4
271726,4
154290,4
79285,4
197865,4
280164,4
333684,4
56799,4
273399,4
525897,4
359821,4
277958,4
384069,4
360346,4
74898,4
48019,4
338759,4
277961,4
298142,4
154267,4
53579,4
73032,4
239107,4
76001,4
52149,4
56357,4
389083,4
154291,4
182809,4
66281,4
74226,4
44522,4
45098,4
58009,4
67612,4
58352,4
80459,4
258163,4
77523,4
368093,4
45713,4
157111,4
389084,4
227956,4
243077,4
74419,4
355945,4
244277,4
275433,4
372843,4
147726,4
194787,4
217495,4
77444,4
193706,4
358267,4
72480,4
524453,4
45510,4
85071,4
333824,4
61718,4
258170,4
306524,4
221450,4
526038,4
72369,4
84028,4
333693,4
68618,4
119316,4
70766,4
43762,4
50562,4
104780,4
375818,4
84029,4
525178,4
322574,4
167194,4
182920,4
383542,4
336765,4
85622,4
43763,4
50563,4
322577,4
258211,4
511752,4
63617,4
76832,4
278079,4
225771,4
155514,4
289693,4
525357,4
300305,4
372845,4
92114,4
282505,4
76685,4
211683,4
102718,4
278081,4
270627,4
147727,4
333700,4
72909,4
87177,4
253203,4
42924,4
333701,4
322584,4
379093,4
249444,4
379094,4
322589,4
533470,4
322591,4
294474,4
389078,4
375340,4
157117,4
81323,4
383305,4
66436,4
280632,4
211682,4
258193,4
333706,4
154269,4
147672,4
73434,4
68111,4
70743,4
375341,4
280124,4
157114,4
84081,4
98684,4
155532,4
322600,4
315426,4
211684,4
76614,4
87845,4
282498,4
370091,4
194063,4
87846,4
333711,4
86102,4
54994,4
278191,4
154270,4
316495,4
258200,4
239120,4
81418,4
333714,4
74501,4
238913,4
194541,4
322561,4
66332,4
194542,4
207084,4
55924,4
375344,4
212056,4
282118,4
273396,4
383547,4
207098,4
42179,4
350684,4
68143,4
81750,4
370665,4
74184,4
389079,4
147678,4
226633,4
278211,4
307802,4
258210,4
151526,4
347532,4
286409,4
145073,4
333727,4
82966,4
45545,4
92731,4
211686,4
322312,4
220534,4
238356,4
239098,4
120684,4
182808,4
322542,4
18488,4
41515,4
18490,4
18493,4
62402,4
225777,4
18496,4
18497,4
18498,4
238892,4
41520,4
96940,4
237484,4
271712,4
272889,4
237245,4
238893,4
40461,4
64128,4
91640,4
18506,4
244198,4
18509,4
18510,4
225778,4
225779,4
225780,4
286206,4
225783,4
88068,4
225784,4
33614,4
225785,4
88069,4
18515,4
237246,4
114823,4
244153,4
106306,4
69885,4
43114,4
238898,4
82696,4
18520,4
240705,4
27256,4
225788,4
27258,4
94833,4
18523,4
18524,4
244169,4
18526,4
75831,4
79455,4
54117,4
237330,4
55496,4
177302,4
290606,4
43460,4
87360,4
100981,4
100982,4
18528,4
70758,4
346046,4
100983,4
57477,4
258644,4
80565,4
61877,4
238908,4
255413,4
272605,4
67509,4
18539,4
18541,4
18543,4
41988,4
18545,4
165056,4
18549,4
18552,4
64284,4
244191,4
18554,4
244338,4
68218,4
55039,4
343926,4
18563,1
273649,4
273649,11
167929,1
18607,1
161741,7
18629,14
18629,18
18629,11
18633,14
18633,18
18633,11
523193,16
75805,18
18751,8
18751,1
42350,1
42350,7
311047,7
311047,1
63481,1
46852,1
182912,7
111086,7
219507,1
46489,1
62005,1
62005,7
18796,1
163097,1
319128,7
22617,7
253070,7
75956,7
85645,1
253097,1
253097,7
53417,1
53417,7
116102,1
256181,1
253162,1
22483,1
177991,1
337050,7
337050,1
61474,7
61474,1
18799,1
114239,1
18802,7
18803,1
225803,1
225803,7
202569,7
202569,1
101500,1
138108,1
68652,7
22411,7
48886,1
136365,7
243499,3
243500,3
288036,3
295053,3
248546,3
284849,3
280708,3
258983,3
248543,3
164650,3
164642,3
276910,3
164640,3
248544,3
198860,3
309314,3
258975,3
192504,3
278542,3
177505,7
177505,3
199167,3
137692,7
137692,3
208673,3
360337,3
360337,1
227955,3
321240,3
138819,7
138819,3
199166,3
199150,3
58528,3
231451,3
294061,3
239109,1
195119,7
195119,3
190411,7
190411,3
43410,1
43410,3
383267,3
383267,1
383267,7
298884,3
350030,1
298636,3
298636,1
93487,1
93487,3
211612,3
211612,1
74726,3
74726,1
42949,3
42949,1
199151,3
307069,3
239660,3
239661,3
257160,3
260935,3
319959,3
248540,3
319908,3
257161,3
258984,3
210471,3
153717,3
258379,3
319911,3
164641,3
153716,3
304465,3
258380,3
258976,3
191220,3
319912,3
259001,3
244923,3
205843,3
177507,7
177507,3
102529,7
102529,3
249322,3
249322,1
199152,3
199168,3
199171,3
199153,3
344645,3
256317,3
307950,1
176851,7
176851,3
18815,3
18815,1
46339,1
18816,1
519152,1
317500,1
75493,3
75493,1
245791,1
60552,7
60552,3
60552,1
238638,1
241863,1
517001,1
254591,1
248614,1
125925,3
125925,1
125925,7
159485,7
159485,3
71417,7
71417,3
71417,1
161784,3
275609,1
320005,7
18831,1
161815,7
57216,8
46377,8
85336,1
225812,1
66245,1
128289,1
154647,1
329562,1
285629,1
254070,1
124823,1
358461,1
114023,1
124824,1
95409,1
105766,1
68233,1
18961,1
517041,1
517044,1
517052,1
515488,1
515490,7
515490,3
142118,7
142118,3
350973,1
279587,7
259828,1
323916,1
529536,1
515491,7
529537,1
142123,1
142125,7
142125,3
142126,3
184697,7
184697,3
529535,1
323896,7
323896,3
105006,7
105006,3
142121,1
529781,1
142124,1
176912,3
517036,1
517046,1
517069,1
517033,1
517034,1
517048,1
517072,1
517053,1
517064,1
21403,1
47327,8
47327,1
67405,1
21126,1
22019,8
22019,15
19017,7
19017,1
337082,7
337082,3
337089,7
337089,3
269057,7
269057,3
519798,7
519798,3
521883,7
521883,3
315680,1
520893,7
520893,3
370197,7
370197,3
175718,7
175718,3
281511,7
281511,3
360339,7
360339,3
321367,7
321367,3
307072,1
56768,7
56768,3
281304,7
281304,3
239265,7
316241,7
131415,7
131408,7
162039,7
184125,7
184148,7
196570,7
132730,10
132730,1
184696,7
359416,7
359404,7
353008,7
359421,7
359421,3
359432,7
374203,3
374203,6
368794,3
368794,1
368794,6
386135,3
386135,6
378411,3
378411,6
384895,3
384895,6
378412,3
378412,6
520921,1
519787,1
403241,11
403241,14
378956,7
378957,7
323505,13
99177,13
158955,13
139902,6
117102,6
95223,6
135311,6
176691,6
138969,6
136352,6
251217,6
176692,6
2,6
176693,6
234770,6
234771,6
138974,6
524447,6
69637,6
138975,6
6,6
176690,6
151444,6
100036,6
59195,6
317515,6
146335,6
89319,6
138946,6
85009,6
54485,6
161030,6
95272,6
117103,6
138829,6
9,2
9,6
178036,19
329341,19
329341,13
307439,19
307439,13
25974,19
25974,6
65772,19
65772,8
222400,19
222400,6
92764,19
92764,6
133024,19
133024,6
46588,19
46588,6
135321,19
135321,6
192626,19
334695,19
334695,13
168034,19
238658,19
238658,13
93016,19
93016,6
89811,19
89811,6
25968,19
25968,6
211063,19
521129,19
521129,13
220144,19
270461,19
209255,19
62987,19
62987,13
165950,19
165950,13
103083,19
180099,19
178019,19
314725,19
314725,13
136380,19
150778,19
150778,13
335070,19
335070,13
115347,19
115347,13
25971,19
25971,13
180101,19
150780,19
43883,19
73538,19
73538,13
170192,19
53992,19
53992,13
297696,19
297696,13
168038,19
57888,19
57888,13
168037,19
168037,13
92919,19
92919,6
336042,19
336042,6
382864,19
43011,19
192630,19
209257,19
25973,19
25973,6
136384,19
136384,13
195006,19
68113,19
167181,19
165219,19
165219,13
314730,19
343190,19
358672,19
81443,19
81443,13
62,19
284475,19
382865,19
309050,19
26007,11
26007,6
85,3
85,11
85,6
98274,11
98274,3
98274,6
46078,11
46078,6
184903,3
184903,11
184903,6
272649,13
23323,6
23323,11
306917,6
306917,13
103073,6
92,6
92,13
111851,6
111851,13
24107,11
24107,6
59416,11
59416,6
74925,13
74925,6
163194,11
163194,6
48810,13
184924,13
184924,6
20034,13
20034,6
102,13
316255,13
316255,6
91596,6
91596,11
269542,6
269542,13
62447,13
62447,6
78273,6
78273,13
149057,6
149057,13
129,11
129,6
184960,11
184960,6
184961,11
184961,6
143807,11
143807,6
227911,11
227911,14
227911,6
133,11
133,14
133,6
184999,6
147,6
185006,6
150,15
150,14
26630,6
502508,13
502597,13
341671,13
379155,13
47131,13
211019,6
198512,13
503419,13
529708,13
502248,13
338099,13
128257,13
361270,6
361270,13
294553,6
294553,13
296790,6
185049,13
163,13
197147,13
267948,13
312280,13
306171,13
116422,13
166,13
53893,13
281571,13
368933,13
57303,13
231292,13
159481,13
522255,13
345820,13
165953,13
57304,13
65487,13
70060,13
59923,13
102731,13
167912,13
169,13
121915,13
24762,13
175,13
278413,13
177,13
20306,13
361271,13
297056,13
374610,6
374610,13
298473,13
77213,6
77213,13
185056,6
185056,13
181,13
22126,6
22126,13
182,13
96529,6
96529,13
325161,13
56801,13
56801,6
42431,13
96518,13
332834,13
159479,13
71978,13
181578,13
317018,13
332835,13
222410,13
152401,6
65876,13
185067,13
185069,13
190,13
46768,13
171036,13
171036,6
25154,6
25154,13
23237,6
23237,13
198,13
201,13
185074,13
185074,6
26052,13
185076,13
26053,13
22273,13
22273,6
138332,6
138332,13
95808,6
95808,13
117753,13
75882,6
75882,13
86397,13
238662,13
116946,13
45400,6
45400,13
366858,6
366858,13
99152,6
99152,13
97645,13
138546,6
138546,13
185082,13
185082,6
185083,13
185083,6
149980,13
207,13
118524,13
118524,6
26063,13
110331,6
110331,13
185097,6
185097,13
212,13
185116,13
267951,13
42682,13
216,13
185077,13
185100,13
21660,13
321386,13
217,13
84728,13
182342,13
72864,13
55230,13
90571,13
96997,13
327547,13
227439,13
198121,13
185098,6
185098,13
141797,13
98709,13
220,13
222,13
185105,6
185105,13
26065,13
26066,13
185106,6
185106,13
131107,13
26067,13
26067,6
183234,13
24486,6
24486,13
50913,13
50913,6
232426,13
225,13
67216,13
222258,13
311450,13
50817,13
134933,6
134933,13
371582,6
371582,13
58723,6
58723,13
366873,13
90961,13
114940,13
98438,6
98438,13
124212,13
307358,6
46877,6
46877,13
61252,6
61252,13
70223,6
70223,13
124211,13
209950,13
209950,6
249998,6
335296,13
90785,6
58791,13
62336,6
108677,6
358710,6
358710,13
68779,6
68779,13
78387,13
91365,6
91365,13
238663,6
238663,13
227268,6
227268,13
172706,6
172706,13
90980,6
283114,13
237808,6
94912,6
91829,6
230,6
222419,13
222419,6
60359,13
60359,6
222420,6
222420,13
228,6
82502,6
229,6
229,13
87721,6
87721,13
26131,13
96149,13
171037,6
293699,6
70218,13
103288,6
88936,6
88936,13
191897,6
131413,13
50781,6
366907,13
306730,6
306730,13
51073,6
336047,13
336047,6
81813,13
350662,13
93437,6
93437,13
231,6
231,13
241647,13
196332,13
518008,6
518008,13
294029,6
84789,13
84789,6
99191,6
99191,13
63560,6
63560,13
526414,13
65271,6
65271,13
524487,13
76902,13
52648,6
52648,13
366965,6
197674,13
125984,13
125984,6
114145,13
84387,6
84387,13
227280,6
227280,13
45036,13
181360,13
181360,6
288795,6
297807,6
297807,13
298487,13
168911,13
150334,13
150334,6
61624,6
61624,13
152361,6
111422,6
363860,6
363860,13
54021,13
61506,6
99485,13
60709,6
117758,6
117758,13
138547,6
138547,13
84889,6
84889,13
78769,6
78769,13
194996,6
194996,13
326203,13
114942,13
196323,13
197681,13
57217,13
194723,13
83779,6
194997,6
194997,13
535989,13
98675,13
367043,13
367043,6
279716,13
110066,13
374703,13
150336,13
171038,13
56417,6
56417,13
79514,13
91611,6
153617,6
181370,13
89742,6
89742,13
82233,6
82233,13
105091,6
151145,13
26153,6
26153,13
99974,6
99974,13
90253,13
307360,13
307360,6
99981,6
517241,6
517241,13
248823,6
248823,13
70885,6
70885,13
53266,6
194368,6
303833,6
125986,6
315752,13
315752,6
48429,6
48429,13
190709,13
298696,13
298696,6
197524,13
68387,6
191092,6
226092,13
26157,6
26157,13
73424,6
73424,13
73425,6
73425,13
283123,6
283123,13
287831,6
287831,13
74254,6
44602,13
92504,6
241648,6
241648,13
74196,6
74196,13
181373,6
181373,13
236947,13
104009,6
150338,6
150338,13
43617,13
131410,13
75155,13
91703,13
235,13
26137,13
527742,13
97935,6
371580,6
371580,13
517981,6
517981,13
82180,13
536128,13
293604,6
341693,13
131763,13
285977,13
113900,6
113900,13
210315,6
210315,13
152181,6
211825,6
211825,13
242,13
185111,6
185111,13
185112,13
296135,6
296135,13
294457,6
294457,13
243,13
26159,13
334349,13
109595,13
268261,13
306836,13
185119,13
375047,13
312412,13
198225,13
185115,13
46362,13
517472,13
375048,13
89004,13
185120,13
517385,13
25065,6
25065,13
501985,13
503473,13
172339,13
126383,6
126383,13
72318,13
117422,13
103571,13
275595,13
316975,13
374704,13
45777,13
251037,13
49982,13
47664,13
139011,13
90171,13
321554,13
267558,6
267558,13
297897,13
279,13
232447,13
45671,13
319754,13
283,13
283,6
278429,13
374609,13
21085,13
21085,6
197526,13
190710,13
222441,6
222441,13
74926,13
74926,6
126384,6
126384,13
284,13
284,6
285,13
111373,6
111373,13
95559,13
87160,13
286,13
26182,13
44964,13
288,13
288,6
211083,13
211084,13
60858,13
60858,6
297898,13
325184,13
44966,6
44966,13
185042,13
297129,13
185140,13
292,13
116423,13
116423,6
25067,13
25067,6
185030,13
167918,13
51905,13
239017,13
113348,13
159727,13
159723,13
159726,13
159725,13
159724,13
53157,13
161955,6
161955,13
449,5
56166,6
56166,13
130329,15
130329,11
387587,14
387587,15
387587,11
344970,14
344970,15
344970,11
358943,15
358943,11
185693,15
185693,11
504,15
504,11
387570,14
387570,15
387570,11
346092,14
346092,15
346092,11
83865,14
83865,15
83865,11
185686,15
185686,11
185702,15
185702,11
185706,15
185706,11
524926,15
524926,11
77251,15
77251,11
185710,15
185710,11
574,13
574,6
82043,13
328099,13
328099,6
49626,6
49626,13
589,6
110686,6
110686,13
79449,13
110582,13
92153,13
96127,6
96127,13
372366,15
507784,15
357541,15
357541,11
275741,15
275741,11
517362,15
517362,11
372375,15
372387,15
372389,15
372368,15
372379,15
529176,15
383605,15
383605,11
372373,15
503905,15
95075,15
92322,15
92322,11
110222,15
237790,15
237790,11
63416,15
171679,15
130332,15
130332,11
74255,15
522779,15
522779,11
78328,15
82755,15
185852,15
185852,11
528916,15
528916,11
528916,14
670,15
670,11
273483,15
273483,11
515163,15
515163,11
671,15
185884,15
185884,11
74256,15
74256,11
185885,15
185885,11
82756,15
82756,11
218772,15
218772,11
155297,15
74079,15
74079,11
69880,15
69880,11
285124,15
285124,11
69881,15
69881,11
253144,15
253144,11
517730,15
517730,11
237795,15
237795,11
517558,15
517558,11
677,15
677,11
218777,15
218777,11
26432,15
26432,11
26432,14
185891,15
185861,15
185861,11
522169,15
522761,15
512585,15
512539,15
139920,15
139920,11
154746,15
154746,11
517246,15
517246,11
683,15
683,11
684,15
684,11
273488,15
171713,15
171713,11
155064,15
155064,11
182186,15
182186,11
218789,15
218789,11
154449,15
83120,15
83120,11
196074,15
196074,11
249854,15
388677,15
511804,15
687,15
687,11
218795,15
185870,15
185870,11
388999,15
388999,11
518963,15
518963,11
55613,15
55613,11
333066,15
333066,11
281831,15
281831,11
66845,15
66845,11
332482,15
332482,11
65932,15
65932,11
137710,15
137710,11
218749,15
218749,11
190893,15
190893,11
112211,15
112211,11
192419,15
192419,11
168373,15
168373,11
249855,15
249855,11
218747,15
218747,11
50123,15
50123,11
115538,15
115538,11
691,15
691,11
250213,15
119423,15
119423,11
72684,15
693,15
693,11
275755,15
170644,15
170644,11
185905,15
185905,11
185907,15
185907,11
59497,15
59497,11
185914,6
185914,11
321651,13
248872,15
248872,11
22129,6
22129,13
272193,6
272193,13
208065,13
26447,13
226694,13
374782,6
374782,13
360967,6
360967,13
346835,13
206754,13
255494,13
255494,6
242385,6
239730,13
317616,13
258154,6
258154,13
360286,6
360286,13
361644,6
361644,13
346834,13
77621,13
222482,13
374783,6
374783,13
96564,11
51507,13
51507,6
47841,13
186343,13
186343,6
19608,13
19608,6
24808,13
235983,13
526324,11
526324,14
139943,11
139943,14
186371,11
186371,14
131675,15
131675,11
108621,15
108621,11
61291,11
61291,15
114288,15
110070,15
110070,11
310345,15
186533,6
365603,6
365603,13
365603,12
211066,6
211066,13
167959,6
167959,13
167959,12
167960,6
167960,13
167960,12
183807,6
183807,13
183807,12
1052,6
1052,13
1052,12
366345,6
366345,13
150309,6
150309,13
150309,12
26599,6
26599,13
26599,12
1059,6
1059,13
1059,12
358779,6
358779,13
358779,12
318372,6
318372,13
318372,12
327087,6
327087,13
327087,12
220717,6
220717,13
220717,12
186660,6
186660,13
186660,12
261742,6
261742,13
261742,12
245365,6
245365,13
245365,12
383353,6
383353,13
179279,6
179279,13
179279,12
334576,6
334576,13
334576,12
245366,6
245366,13
245366,12
261736,6
261736,13
261736,12
186662,6
186662,13
186662,12
261739,6
261739,13
261739,12
186663,6
186663,13
186663,12
261738,6
261738,13
261738,12
222499,6
222499,13
222499,12
186667,6
186667,13
186667,12
186674,6
186674,13
186674,12
1067,6
1067,13
1067,12
186678,6
186678,13
186678,12
325185,6
325185,13
325185,12
179281,6
179281,13
179281,12
179282,6
179282,13
179282,12
170725,6
170725,13
170725,12
155167,6
155167,13
155167,12
179283,6
179283,13
179283,12
186679,6
186679,13
186679,12
26602,6
26602,13
26602,12
124418,6
124418,13
124418,12
26603,6
26603,13
26603,12
332966,6
332966,13
332966,12
87868,6
87868,13
87868,12
1068,6
1068,13
1068,12
179286,6
179286,13
179286,12
186689,6
186689,13
186689,12
186693,6
186693,13
186693,12
103428,6
103428,13
103428,12
85116,6
85116,13
85116,12
179515,6
179515,13
179515,12
118765,6
118765,13
118765,12
118766,6
118766,13
118766,12
118767,6
118767,13
118767,12
117423,6
117423,13
117423,12
99114,6
99114,13
99114,12
188054,6
188058,6
188059,6
26138,6
188061,6
188062,6
188063,6
305592,13
305592,12
305591,13
305591,12
331652,6
331657,6
187572,6
156237,6
156237,13
188382,6
188382,13
158533,6
158533,13
188384,6
188384,13
188689,6
188689,8
1450,6
1450,13
188849,6
188849,13
312432,6
312432,13
1453,6
1453,13
131672,11
131672,14
131672,6
188865,6
188879,6
188882,6
251991,6
84100,6
188890,6
188894,6
188894,13
139009,13
139009,6
1471,13
1471,6
188918,13
188918,6
188925,13
188925,6
188927,13
188927,6
1473,13
1473,6
153810,6
153810,13
226566,13
226566,6
48040,13
281642,13
281642,6
94930,13
94930,6
1470,13
1470,6
360779,6
360779,13
312433,13
312433,6
311000,6
189160,6
189160,13
189160,12
182531,17
273053,6
1715,11
1715,14
89228,14
89228,11
296082,11
296082,14
27197,14
27197,11
315307,1
27434,6
27434,13
20423,15
20423,11
1878,11
1878,15
1880,15
1880,11
26272,6
148757,6
27581,6
27582,6
95525,6
48117,6
331040,6
82008,6
76121,6
96862,6
256696,6
252649,6
63094,6
63095,6
165659,6
98986,6
27584,6
90778,6
1927,6
52084,6
76696,6
239732,6
334488,6
189316,6
211710,6
508057,13
151771,6
328124,6
328125,6
522021,6
331938,6
328143,6
249151,6
383775,6
328149,6
328152,6
328165,6
329364,6
1931,6
65893,6
72786,6
1933,6
1937,6
184186,6
184186,13
50327,6
1952,6
1972,17
156874,17
366103,6
366103,13
323218,6
323218,13
21701,6
21701,13
203745,6
203745,13
203748,13
276433,6
21271,6
99570,6
108933,6
97612,6
27838,6
333265,6
27841,6
57647,6
109006,6
2105,6
27773,6
136568,6
2133,6
523283,6
73937,6
217800,6
43620,6
240959,6
78167,6
99973,6
353296,6
222727,6
357462,6
352788,6
226438,6
90145,6
240970,6
51924,6
91926,6
22310,6
2192,6
203795,6
203789,6
321977,6
99456,6
68066,6
222719,6
91840,6
91440,6
93438,6
307886,13
205670,13
387348,13
92994,13
332153,13
299483,13
374787,13
345465,13
150119,13
238070,13
298455,13
175533,13
336113,13
525485,13
387191,13
111661,13
255954,13
171282,13
167910,13
517204,13
522366,13
522556,13
387189,13
2254,6
21739,13
21739,6
2255,6
385625,6
226887,13
387212,13
365753,13
131897,13
283103,13
288823,13
357447,13
2273,6
2273,13
133746,13
44677,13
387123,13
387139,13
524355,13
386982,13
386985,13
386991,13
313626,13
316859,13
308239,13
360780,13
308240,13
104485,13
359096,13
27920,13
195869,13
213737,13
362395,6
204084,2
21330,11
21330,5
22159,5
204326,11
204326,5
131179,5
131178,5
204448,15
204448,11
187609,13
204549,15
204556,15
204564,15
204564,11
78331,2
78331,11
76156,2
76156,11
139433,2
139433,11
2359,2
2359,11
159641,6
28010,11
28010,6
28010,13
28010,14
387596,6
387596,13
358757,6
358757,13
115998,11
115998,6
115999,11
115999,6
240170,6
240170,13
189464,11
189464,6
115966,11
115966,6
228825,6
228825,13
324728,11
324728,6
226517,6
226517,13
381974,11
381974,6
381974,13
205129,11
205129,6
195760,11
195760,6
73486,6
73486,13
238904,6
238904,13
54590,11
54590,6
56940,11
56940,6
49563,11
49563,6
198572,6
198572,13
74262,11
74262,14
74262,6
99796,11
99796,14
99796,6
2441,6
2444,6
2444,13
93594,6
93594,13
197180,21
28123,21
116026,6
2568,6
49533,6
226399,6
2579,6
2579,13
49765,6
128263,6
28139,6
57392,6
131143,6
28128,6
49629,6
82497,6
226419,6
227442,6
194731,6
83119,6
74434,6
2598,11
2598,6
19624,6
19624,11
206193,6
206193,13
332154,6
206201,6
96060,6
127451,6
127451,11
42434,6
42434,11
287733,6
292081,6
216098,6
178527,6
200602,6
200602,11
219333,6
287734,6
2687,6
2687,11
178518,6
99397,6
99397,11
116674,6
117952,6
117952,11
2689,11
2689,6
2691,6
2693,6
20638,6
2694,13
2694,6
200594,6
97936,6
97936,11
321516,19
321516,13
206422,6
2819,6
246277,6
332225,6
228653,6
45914,6
211074,6
78011,6
222865,6
222865,13
43366,6
55245,6
254793,6
98651,6
222867,6
20703,6
20704,6
283133,6
222868,6
117660,6
136525,6
370886,6
97372,6
115914,6
40944,6
93350,6
68764,6
285988,6
222870,6
179545,6
73892,6
67801,6
194139,6
222871,6
78428,6
65759,6
33961,6
33961,13
72846,6
67935,6
93911,6
306050,6
89783,6
221386,6
28618,6
103950,6
228671,6
136527,6
99332,6
71162,6
50008,6
28619,6
99920,6
49142,6
49261,6
28622,6
333268,6
168178,6
166616,6
299656,6
306738,6
57659,6
111806,6
49650,6
28627,6
65680,6
82176,6
245597,6
73185,6
228683,6
129355,6
328868,6
92881,6
79033,6
237189,6
283146,6
71009,6
279764,6
105225,6
67050,6
87149,6
70663,6
52386,6
382173,6
151085,6
94535,6
179757,6
179761,6
279767,6
206584,6
279766,6
206522,6
60130,6
2840,6
206585,6
374324,6
312581,6
74064,6
206586,6
167814,6
46232,6
74115,6
335095,6
283136,6
105110,6
167815,6
167817,6
73186,6
47579,6
206587,6
2845,6
49188,6
196144,6
62404,6
335081,6
97654,6
112609,6
2846,6
67086,6
28331,6
28331,13
78645,6
92066,6
345674,6
2847,6
28338,6
72977,6
57463,6
114767,6
57102,6
56789,6
48077,6
48077,13
73112,6
334346,6
62038,6
237187,6
67764,6
47896,6
228065,6
299443,6
239033,6
151920,6
93089,6
335101,6
97589,6
89315,6
55486,6
125327,6
54472,6
42961,6
98023,6
50172,6
517432,6
517432,13
92447,6
86335,6
80817,6
86203,6
69054,6
227986,6
97717,6
55416,6
85714,6
59799,6
98463,6
28354,6
51062,6
249504,6
86298,6
228664,6
28357,6
65966,6
85378,6
75208,6
322331,6
28361,6
317632,6
28360,6
80041,6
67485,6
241722,6
59665,6
2842,6
84606,6
97390,6
137771,6
92091,6
86589,6
86270,6
95065,6
241649,6
79922,6
522090,6
322333,6
52912,6
153070,6
72651,6
28376,6
28379,6
28380,6
367130,6
52353,6
89819,6
192462,6
42882,6
95483,6
42883,6
84003,6
46796,6
46936,6
54739,6
64083,6
63931,6
70032,6
156034,6
77831,6
64195,6
27182,6
28389,6
28390,6
114456,6
124865,6
517412,6
92239,6
28394,6
93045,6
28395,6
103528,6
109395,6
91658,6
45305,6
89491,6
227474,6
97290,6
227475,6
28417,6
64888,6
221388,6
194706,6
287908,6
76526,6
95485,6
82201,6
69493,6
97074,6
97061,6
98329,6
328021,6
328022,6
68881,6
2853,6
84004,6
78792,6
52933,6
46797,6
137004,6
96714,6
64197,6
95912,6
109116,6
2854,6
74776,6
124867,6
317633,6
71163,6
210369,6
517429,6
55371,6
99373,6
62185,6
114770,6
63344,6
272898,6
54358,6
91768,6
334716,6
28017,6
82202,6
93447,6
98850,6
93448,6
228675,6
124868,6
90998,6
98851,6
83911,6
28453,6
64793,6
98618,6
85170,6
99256,6
210371,6
55450,6
92860,6
90898,6
241430,6
96030,6
111693,6
51612,6
58953,6
228679,6
76007,6
182737,6
285989,6
333269,6
80332,6
53439,6
28468,6
99420,6
534580,6
81250,6
77844,6
114771,6
517367,6
517367,13
49908,6
65354,6
169564,6
60668,6
222884,6
94311,6
194270,6
239034,6
106983,6
67244,6
61457,6
28358,6
66705,6
73568,6
245318,6
46798,6
322452,6
90328,6
135383,6
367135,6
70301,6
153073,6
216988,6
194272,6
221389,6
117947,6
222347,6
42180,6
48029,6
96762,6
96762,13
43711,6
322473,6
62619,6
74540,6
79994,6
81287,6
124529,6
28502,6
97142,6
68798,6
57751,6
155560,6
153074,6
58838,6
326375,6
315596,6
95337,13
66086,6
70606,6
57405,6
522089,6
382870,6
153813,6
91033,6
283134,6
534847,6
49260,6
74698,6
48057,6
279260,6
91585,6
206588,6
45495,6
279769,6
206589,6
2862,6
28514,6
222888,6
222889,6
249507,6
222891,6
28621,6
52991,6
215280,6
194006,6
521284,6
28522,6
28523,6
41021,6
237191,6
28525,6
95712,6
106465,6
387458,6
78416,6
104878,6
352633,6
42532,6
316374,6
111170,6
328012,6
151077,6
89149,6
96782,6
191252,6
64889,6
93650,6
151090,6
110487,6
70747,6
383356,6
58827,6
44789,6
194713,6
299487,6
108992,6
237283,6
109012,6
110580,6
109401,6
328158,6
28532,6
88732,6
334720,6
108285,6
28534,6
194719,6
69325,6
28535,6
285992,6
97112,6
270926,6
168941,6
387461,6
2865,6
2865,13
2867,6
228826,6
2868,6
282113,6
300601,6
64461,6
67886,6
2871,6
2871,13
117712,6
237190,6
51031,6
89931,6
61130,6
28544,6
28545,6
92376,6
92396,6
94229,6
44857,6
69055,6
28554,6
92152,6
98478,6
97484,6
166266,6
28558,6
98088,6
97489,6
98067,6
45072,6
91278,6
55133,6
60211,6
165430,6
99190,6
96637,6
54245,6
28566,6
92393,6
28570,6
98436,6
43998,6
92554,6
92785,6
94678,6
99919,6
96713,6
48892,6
98106,6
210375,6
2836,6
54032,6
49102,6
46902,6
42601,6
81596,6
63343,6
200499,6
87195,6
325552,6
68920,6
270927,6
92584,6
47666,6
57672,6
85104,6
96041,6
43599,6
75082,6
317636,6
82156,6
72446,6
72502,6
51502,6
57525,6
71528,6
55465,6
28600,6
139707,6
238795,6
48028,6
97058,6
28604,6
46722,6
94193,6
62541,6
28608,6
299488,6
328895,6
2993,2
3015,6
94775,6
94775,13
297737,6
297737,13
207167,6
256954,6
256954,13
3135,6
89414,6
28828,6
344171,13
91769,13
375226,13
271351,13
345337,13
358761,13
375225,13
334239,13
273151,13
207695,13
312591,13
336715,13
207696,13
23541,13
3159,6
3159,11
28843,6
28843,11
208257,11
208257,6
208257,14
89355,8
89355,6
3173,8
3173,6
381873,13
208441,13
94762,13
226097,13
208445,13
175622,6
380417,6
208581,6
97563,6
122016,6
302801,6
169886,6
145724,6
322753,6
139094,6
143318,6
271164,6
271052,6
99077,6
3286,13
28928,13
241758,13
241758,19
208596,13
208596,19
62081,19
96449,13
96449,19
49119,13
49119,19
91507,13
91507,19
45482,13
45482,19
115350,19
115350,13
96664,13
96664,19
270472,13
270472,19
208621,2
208621,6
3307,2
3307,6
98640,2
101010,2
28947,13
3350,13
351290,6
372648,6
331108,6
372649,6
372650,6
331107,6
305864,19
305864,6
209331,19
209331,6
209330,19
209330,6
3403,13
134578,13
124219,13
346050,13
346050,6
88938,13
77430,13
343130,13
343130,6
139117,13
211080,13
95578,6
95578,13
137095,13
211180,13
301698,6
301698,13
361041,13
343901,13
273429,6
273429,13
301699,6
301699,13
360237,13
267556,13
118772,13
313941,6
313941,13
28982,6
28982,13
62222,6
62222,13
178041,6
178041,13
87270,6
119583,13
209472,6
209472,13
209617,15
209617,11
3458,11
3458,6
78199,6
78199,13
78199,12
3472,15
3472,11
268677,15
268677,11
46373,19
46373,13
90695,19
90695,13
93790,19
93790,6
150782,19
150782,13
358673,19
358673,13
70601,6
90200,6
90200,19
137757,19
137757,13
222960,19
222960,6
280438,19
280438,13
98546,19
98546,13
153794,19
153794,6
92938,19
92938,6
95513,19
52219,6
52219,19
192754,19
196401,19
196401,6
96730,19
96730,6
83559,19
83559,13
250075,19
250075,6
85866,19
85866,13
380897,19
380897,6
103904,19
103904,13
90323,19
90323,6
120447,19
120447,13
81779,19
81779,13
51664,19
86951,19
86951,13
43807,19
43807,6
319968,19
319968,6
180105,19
180105,6
85444,19
85444,6
95894,19
95894,6
237047,19
237047,13
65454,19
65454,6
93659,19
93659,6
93098,19
93098,6
115352,19
115352,6
226103,19
226103,6
43611,19
43611,6
363859,19
95165,19
95165,6
120448,19
120448,6
89776,19
89776,6
89256,19
89256,6
97903,19
97903,6
99348,19
99348,6
59209,19
59209,6
29174,19
29174,6
44523,19
44523,6
52186,19
52186,6
72086,19
72086,13
29185,11
29185,14
29185,21
29186,11
29186,21
210046,11
210046,14
210046,21
46437,11
46437,21
3694,6
109663,11
109663,21
162568,21
129122,11
129122,21
151735,11
151735,21
155786,11
155786,21
62627,6
210415,15
210415,11
210415,14
82278,6
226780,6
29214,6
29215,6
114776,6
97272,6
98024,6
79254,6
118072,6
141200,6
29219,6
3732,6
312648,13
333270,6
378711,6
378712,6
210610,6
3766,6
151144,6
112601,6
380898,6
380900,6
130539,6
55627,6
222985,6
124398,6
130603,6
141880,6
380901,6
130604,6
112602,6
380899,6
96024,6
29235,6
142613,6
144467,6
3770,6
3770,13
118008,17
212513,6
212513,11
352857,11
352857,6
383412,6
383412,11
187786,11
187786,6
187786,12
226696,11
226696,6
226696,12
254508,11
254508,6
360201,11
360201,6
360201,12
243579,6
243579,11
143108,6
143108,11
143108,12
129220,6
129220,13
129220,12
102172,6
102172,13
102172,12
212966,12
212966,11
212966,13
212967,11
212967,6
3889,11
3889,6
320578,12
320578,11
320578,13
212968,12
212968,11
212968,13
83394,11
83394,6
83394,12
109957,11
109957,6
109957,12
212941,12
212941,11
212941,13
51489,11
51489,6
51489,12
157881,11
157881,12
157881,6
157881,13
384894,6
384894,11
384894,12
212971,6
212971,11
212971,12
130542,11
130542,6
130542,12
3891,11
3891,6
282570,11
282570,12
282570,6
29388,11
29388,12
29388,6
212951,12
212951,11
212951,13
111448,12
111448,11
111448,13
212972,6
212972,11
111304,12
111304,11
111304,13
136064,6
136064,11
287133,11
287133,6
111666,6
111666,11
55274,11
55274,6
86014,11
86014,6
73386,12
73386,11
73386,13
178275,11
178275,12
178275,6
110367,6
110367,11
212976,6
212976,13
3894,6
3894,11
104488,6
104488,11
104488,12
212965,12
212965,6
212965,13
110355,12
110355,6
110355,13
3887,12
3887,11
3887,13
75362,12
75362,11
75362,13
320476,11
320476,6
320485,12
320485,11
320485,13
320486,12
320486,11
320486,13
320524,6
320524,11
320460,11
320460,6
157868,6
157868,11
157868,12
3888,12
3888,11
3888,13
212970,12
212970,11
212970,13
320515,12
320515,6
320515,13
320515,11
320513,12
320513,6
320513,13
320513,11
21997,12
21997,6
21997,13
48650,11
48650,6
143110,11
143110,6
212945,11
212945,6
212945,12
29386,11
29386,6
29386,12
90013,11
90013,12
90013,6
212948,11
212948,12
212948,6
91243,6
91243,11
91243,12
320533,6
320533,13
320533,12
157876,6
157876,11
157876,12
3890,11
3890,6
3890,12
112976,6
112976,11
112976,12
239709,11
239709,6
239709,12
29391,11
29391,6
29391,12
212952,11
212952,6
97929,11
97929,6
320550,11
320550,6
320550,12
94361,6
94361,11
129293,11
129293,6
3896,13
3896,11
3900,11
3900,13
213015,11
213015,13
213016,11
213016,13
3901,6
3901,11
3901,12
213021,6
213021,11
213021,12
213056,15
88887,15
88887,11
361377,6
119054,6
119054,11
180628,6
180628,11
157945,6
157945,11
93155,6
93155,11
29218,6
29218,11
29544,2
29544,11
90440,6
121916,6
227695,6
227695,13
98467,6
323029,6
65158,6
98775,6
213362,6
4014,6
334762,6
213364,6
4015,6
213371,6
20919,6
323088,6
24118,6
86033,6
30553,6
30571,6
213783,6
213790,6
42507,6
81363,6
246109,11
246109,6
143327,6
256747,11
256747,6
95884,6
95884,11
239286,11
239286,6
90939,11
90939,6
238656,11
238656,6
355935,13
153869,21
153869,6
153869,13
285997,21
285997,6
285997,13
114299,21
114299,6
114299,13
181193,13
124687,21
124687,13
124687,6
294651,21
294651,6
294651,13
358323,13
287995,21
287995,6
287995,13
282074,21
282074,6
282074,13
124688,11
124688,21
281331,21
281331,6
281331,13
523305,21
523305,13
523305,6
523306,21
523306,13
523306,6
334285,21
334285,6
334285,13
307392,21
307392,6
307392,13
4360,13
254249,13
219209,13
220561,13
194918,21
194918,6
194918,13
286759,21
286759,6
286759,13
103108,21
103108,6
103108,13
323110,13
323110,6
350934,13
182467,13
56359,21
56359,13
56359,6
352648,13
284989,21
284989,6
284989,13
49554,11
49554,21
285996,21
285996,6
285996,13
61447,11
61447,21
386608,21
386608,6
386608,13
296742,21
296742,6
296742,13
263226,21
263226,6
263226,13
378963,21
378963,6
378963,13
30602,13
30602,6
334175,13
151406,13
151406,6
364940,21
364940,6
364940,13
364941,21
364941,6
364941,13
214458,11
214458,21
4364,11
4364,21
221984,21
221984,6
221984,13
178380,13
178380,6
90677,6
382874,6
382874,13
382873,6
382873,13
382875,6
382875,13
283344,6
283344,13
521044,6
521044,13
212954,6
212954,13
170441,6
170441,13
177981,6
177981,13
30663,6
30654,6
197748,6
197748,13
519362,6
519362,13
534741,6
534741,13
517780,6
517780,13
533268,6
533268,13
4382,6
4382,13
97401,6
500413,6
500413,13
204388,6
204388,13
89069,6
244280,6
244280,13
270475,6
270475,13
244278,6
244278,13
326217,6
326217,13
120461,6
120461,13
258440,6
258440,13
155716,6
155716,13
4385,6
4385,13
198690,13
270476,13
270476,6
308615,6
308615,13
179791,6
179791,13
81215,13
98945,13
252939,6
252939,13
374638,6
374638,13
374639,6
374639,13
152092,6
152092,13
170776,6
170776,13
95510,6
95510,13
198304,6
198304,13
79314,6
79314,13
49144,6
49144,13
242615,6
121917,6
121917,13
53147,6
53147,13
79172,6
79172,13
285161,6
285161,13
151431,6
151431,13
124265,13
30640,6
30640,13
529870,6
529870,13
191985,6
191985,13
198305,6
198305,13
192974,13
350663,6
350663,13
285164,6
285164,13
239417,6
239417,13
324502,6
324502,13
204397,6
204397,13
178921,6
178921,13
133748,6
133748,13
233353,6
233353,13
366111,6
366111,13
278136,6
278136,13
150345,6
150345,13
73105,6
222296,6
222296,13
146005,6
385742,6
385742,13
272619,6
272619,13
298458,6
298458,13
306618,6
306618,13
294647,6
294647,13
204401,6
204401,13
269544,6
269544,13
261727,13
150346,6
150346,13
192977,6
192977,13
124297,6
124297,13
117426,6
117426,13
529872,6
325314,6
325314,13
211187,6
211187,13
192978,6
192978,13
30644,6
30644,13
206665,6
206665,13
30664,13
30645,13
134942,13
372548,6
372548,13
359097,6
359097,13
239418,6
239418,13
91338,6
124266,6
124266,13
269157,6
269157,13
222299,6
222299,13
79721,6
79721,13
325315,6
325315,13
165962,13
42926,13
251042,6
251042,13
151433,6
316578,6
316578,13
179569,6
204398,6
204398,13
372549,6
372549,13
198581,6
198581,13
90704,6
90704,13
96780,6
96780,13
84394,6
84394,13
287115,6
287115,13
272919,6
272919,13
521877,6
521877,13
66733,6
66733,13
4395,13
4397,13
152372,6
152372,13
140475,6
521518,6
521518,13
4398,6
4398,13
4399,6
48171,6
81459,6
81459,13
30648,6
30648,13
72122,6
72122,13
191987,6
191987,13
333271,6
113902,6
113902,13
52421,6
214616,6
214616,13
214617,6
4402,13
90314,6
68692,13
30653,6
30653,13
71735,6
33952,6
30661,13
30661,6
289116,13
318552,13
372651,6
372651,13
160621,6
160621,13
139996,6
139996,13
139998,6
139998,13
160622,6
160622,13
212956,6
212956,13
179790,6
179790,13
183804,6
183804,13
372652,6
372652,13
334688,6
334688,13
134945,6
134945,13
183521,6
183521,13
183806,6
183806,13
108678,6
108678,13
108345,6
108345,13
139997,6
139997,13
134944,6
134944,13
110067,6
110067,13
4417,6
4419,6
30669,6
120463,6
214642,6
180754,6
98759,6
53148,6
65789,6
4499,6
251706,6
75688,6
25687,6
334931,6
4501,6
96316,6
91246,6
323285,6
323284,6
4506,6
85552,6
92278,6
74258,6
4507,6
4508,6
4509,6
30700,6
214705,6
366757,6
366757,12
270233,6
270233,13
255203,6
255203,13
97648,6
305611,6
94011,6
94011,13
172191,6
172191,13
30706,6
42669,6
79652,6
79652,12
139175,6
79628,6
79628,12
72619,6
72619,12
60445,6
60445,12
59657,6
92005,6
80634,6
324337,13
4522,13
214725,21
214729,21
333272,6
275577,6
333273,6
194171,6
337917,6
263243,6
73005,6
329197,6
272718,6
47934,6
214230,6
177982,6
333413,6
231054,6
370181,6
256079,6
248647,6
84392,6
97746,6
329198,6
153075,6
97310,6
368547,6
177983,6
4553,6
101121,6
194168,6
323298,6
248646,6
30728,6
131692,6
131692,13
323328,6
30781,6
302254,6
4570,6
20351,6
323301,6
4582,6
60214,6
246422,6
302094,6
344865,6
4593,6
4598,6
21694,6
4602,6
4602,13
54185,6
54185,13
97692,6
30752,6
4620,6
315709,6
4624,6
4629,6
310586,6
310586,13
30760,6
4666,6
67253,6
323345,6
50328,6
20362,6
4678,6
162567,6
162567,13
175522,6
143313,6
30770,6
30773,6
95571,6
95571,13
4556,6
4556,13
96278,6
68945,6
4563,6
370853,15
370853,14
73457,15
73457,14
73457,11
194071,15
194071,14
194071,11
102616,13
228764,13
25849,13
55457,6
55457,13
30800,13
227984,13
4762,13
25876,13
25876,6
80217,13
136569,6
136569,13
144024,6
144024,13
4774,6
4774,13
312998,6
312998,13
4775,13
97783,13
89041,6
107611,13
107611,6
323468,13
57462,13
57462,6
4776,6
174696,13
516668,13
93119,13
323466,13
323466,6
25846,6
25846,13
143119,13
138336,13
235477,13
111331,6
111331,13
158137,6
158137,13
158137,12
247303,13
30840,13
30840,6
25813,6
25813,13
296065,13
30807,13
4765,6
4765,13
305580,13
96099,13
95691,6
95691,13
323456,13
516629,13
66437,6
66437,13
516633,6
516633,13
387323,13
516645,13
97242,13
4790,6
179794,6
382515,6
4791,6
334772,19
116316,19
284971,19
91949,19
91949,6
99166,19
76800,19
314733,19
57064,19
57064,6
334773,19
168040,19
168040,6
307617,19
307617,6
126626,19
130634,19
329694,19
329694,6
210670,19
254014,19
254014,13
69812,19
69812,13
59552,19
360926,19
360926,6
71612,19
58392,19
58392,6
358675,19
99976,19
99976,13
90068,19
90068,13
137186,19
284974,19
284974,13
85768,19
137476,19
137476,13
137477,19
137477,13
246008,19
246008,13
5074,19
5074,13
75923,19
75923,6
75923,13
68593,19
68593,6
68593,13
137481,19
137481,13
95073,19
95073,13
69967,19
69967,13
86457,19
86457,13
133025,19
133025,13
98146,19
98146,13
329734,19
329734,13
321515,19
321515,13
214896,12
214896,6
214896,13
163224,12
163224,6
163224,13
332127,12
163227,12
163227,6
163227,13
121648,12
121648,13
57491,12
57491,6
57491,13
269024,13
269024,12
316987,12
316987,6
316987,13
75108,12
75108,6
75108,13
223160,12
163225,12
163225,6
163225,13
5160,12
5160,6
5160,13
62460,12
62460,13
172954,6
172954,13
172954,12
305579,12
305579,6
305579,13
333260,15
85635,6
218286,13
57866,11
57866,6
57866,14
69154,11
69154,6
69154,14
5306,6
93842,6
353083,6
228223,6
280818,6
269160,6
238451,6
350952,6
349071,6
154125,6
323815,6
97343,6
254233,6
369346,6
369347,6
93813,6
5316,6
5316,8
323807,6
323818,6
158338,6
146072,6
56421,6
31151,6
151213,6
280105,6
219927,6
376030,6
281971,6
65096,6
309919,6
75577,6
49195,6
81847,6
102958,6
5340,8
5340,6
5343,6
101168,8
101168,6
80883,6
99724,6
95920,6
534957,6
156364,6
324056,6
5345,6
128393,6
25208,6
187814,6
187814,13
320277,1
31162,11
31162,6
5367,6
69289,2
24457,6
323853,6
101173,6
48447,6
31781,14
31781,11
97168,6
5928,6
5968,6
226105,6
5978,6
5978,19
106113,15
106113,11
106113,14
31847,11
31847,14
31847,6
137617,11
137617,6
6014,11
6014,6
304076,11
304076,14
304076,6
58174,11
58174,14
58174,6
79003,11
79003,6
43918,11
43918,21
304077,11
304077,14
304077,6
176656,14
176656,11
31916,14
31916,11
44432,6
44432,13
96839,11
96839,14
96839,6
305849,6
137199,6
6253,15
6253,11
6265,15
6265,11
31628,15
31628,11
86001,6
350665,6
368687,6
151456,6
169196,6
43314,6
169198,6
221587,6
31997,6
522716,6
6314,6
93598,6
361204,6
26707,6
528709,6
6346,6
6346,13
49759,6
49759,13
314417,6
89269,6
226107,6
226108,6
226109,6
238681,6
97226,6
73487,6
328169,6
6395,6
239351,6
188021,11
523281,1
523281,11
6397,11
118143,11
113912,11
91403,2
91403,11
91403,14
381890,14
381890,11
381890,2
32104,2
32104,11
32104,14
318579,6
293440,6
223357,6
83101,6
66556,6
94614,6
89372,6
59387,6
6599,6
92599,6
99092,6
23556,6
333326,11
333326,6
333327,11
333327,6
69703,11
69703,6
6677,6
6705,11
6705,6
6732,6
6732,8
51971,6
51971,8
162426,6
210449,6
334781,6
334781,13
113911,6
113911,11
310253,15
310253,14
379179,11
379179,6
6876,13
6876,6
241761,13
65995,13
158704,13
32640,13
19676,13
313942,13
90809,6
90809,13
20053,6
20053,13
6878,13
158710,13
167932,13
19679,13
19679,6
505315,13
86320,13
158714,13
19957,13
324309,13
32644,13
6885,13
6886,13
6888,13
285914,6
285914,13
282149,13
287681,6
287681,13
377012,13
121876,13
263244,6
263244,13
374994,13
6889,13
6890,13
21834,13
82652,13
6892,13
521465,6
521465,13
6893,13
6894,13
46894,13
6901,13
96849,13
374763,13
6906,13
144912,13
6907,13
20051,13
120239,13
120239,6
6912,6
329225,13
103001,13
6939,13
6943,13
136664,6
136664,13
169760,6
169760,13
223431,2
223431,6
6969,6
280088,6
89363,6
158762,6
158762,13
210160,6
104322,6
211192,6
169704,6
169704,13
165249,6
165249,13
321528,6
6977,6
59825,6
59825,13
324785,6
324785,13
99750,6
169706,6
169706,13
134312,6
134312,13
56154,6
56154,13
97545,2
97545,6
51080,6
85825,6
85825,2
90419,6
90419,2
119850,2
119850,6
178922,6
6991,6
332174,6
331455,6
331455,13
22135,6
205851,6
205851,13
137097,6
194747,6
194747,13
181192,6
191990,6
205862,6
134951,6
102836,6
55774,6
90465,6
97265,6
324802,6
109689,6
7005,6
187391,6
503138,6
503138,13
7007,6
7008,6
7014,6
7015,6
205886,6
354543,6
32712,6
7016,6
324819,6
32714,6
7022,6
349314,6
95499,6
82614,6
82614,11
248780,6
248780,11
7029,6
7029,11
23496,6
23496,11
323292,6
323292,11
323292,14
7035,15
7035,14
7035,11
115157,15
115157,11
158768,15
48584,15
48584,11
7062,14
7062,15
7062,11
32739,11
32739,14
32739,6
239575,6
239575,11
239575,14
7072,14
7072,6
7072,11
249093,6
249093,11
249093,14
204582,6
204582,11
204582,14
7075,14
7075,15
7075,11
7076,15
7076,14
7076,11
32755,14
32755,6
32755,11
131510,15
247489,15
7102,6
7102,13
51090,6
234084,6
44266,6
223450,13
334240,6
334240,13
170874,13
206727,13
88381,13
52230,13
95609,13
83213,13
360551,13
93166,13
95176,13
85086,17
137830,17
7147,6
168469,6
198563,6
381477,6
90742,6
182563,6
185322,6
185322,11
374127,6
7149,6
7164,15
106124,15
106124,11
106124,14
7165,15
7165,14
7165,11
106125,15
106125,14
106125,11
7174,15
7174,11
7174,14
251988,6
251988,11
251988,14
504080,12
504080,6
371934,14
7197,14
7197,11
270005,11
270005,6
270005,14
270005,13
255315,6
255315,11
255315,14
97233,11
97233,14
97233,6
7198,14
7198,11
7198,13
124216,14
124216,11
56327,12
56327,6
62891,12
62891,6
227521,12
227521,6
505223,12
505223,6
505223,13
332964,12
332964,6
332964,13
333252,12
333252,6
333252,13
48059,12
48059,6
48059,13
504099,12
504099,6
504099,13
504879,12
504879,6
504879,13
324033,6
324033,12
251117,6
251117,12
306898,12
306898,6
507854,12
507854,13
507854,6
324605,6
324605,12
529332,12
529332,6
243116,6
243116,12
505224,6
505224,12
179353,6
179353,12
85181,12
85181,6
228582,12
228582,6
49469,12
49469,13
49469,6
324030,6
324030,12
79273,12
79273,6
79273,13
196734,12
196734,6
308410,12
308410,6
308410,13
42778,12
42778,6
104298,12
104298,6
104298,13
103262,12
103262,13
103262,6
220396,6
220396,12
103785,12
103785,6
103785,13
279358,6
279358,12
306550,12
306550,6
306550,13
73467,6
73467,12
57305,12
57305,13
57305,6
49419,6
49419,12
7199,6
7199,13
7199,12
286053,6
286053,12
387720,12
387720,13
387720,6
503989,12
503989,6
7200,11
7200,6
95720,14
95720,11
187847,14
187847,11
192114,14
192114,11
32853,14
32853,11
7202,14
7202,11
104585,11
104585,13
536509,14
536509,11
70444,13
77243,14
77243,11
304267,14
304267,11
120472,14
120472,11
7207,11
93080,11
164300,14
164300,11
273475,14
273475,11
7213,14
7213,13
158819,11
158819,14
158819,13
187848,14
187848,11
93984,14
93984,11
536202,14
536202,11
109569,11
109569,6
109569,12
7265,11
7265,6
7265,12
45001,11
45001,6
45001,12
108119,11
108119,6
108119,12
136547,6
325229,6
7267,6
279516,6
21629,13
43207,13
43207,6
21700,13
116948,6
89514,6
20724,6
162563,11
162563,6
7478,11
7478,6
69270,11
69270,6
106130,11
106130,6
234978,11
234978,6
83243,11
83243,6
33037,11
33037,6
7609,2
7609,6
95309,6
7612,6
87554,6
95692,6
7654,6
23789,6
83312,6
51833,6
169711,6
56305,6
182509,6
114516,6
104204,6
114517,6
102219,6
81499,6
105720,6
54813,6
68554,6
7723,6
65679,11
65679,6
65679,14
317334,13
352805,13
48996,13
48996,6
166031,13
166031,6
271349,19
59527,13
515086,13
532581,19
321655,13
283864,6
283864,13
325233,13
90133,11
90133,6
150399,11
150399,6
328085,11
328085,6
178500,6
124669,11
124669,6
114664,11
114664,6
114304,6
84336,11
84336,6
126442,11
126442,6
180997,11
180997,6
21680,6
254519,6
74495,6
154768,11
154768,6
8115,11
8115,6
33626,11
33626,6
79917,11
79917,6
345478,11
345478,6
33627,6
110163,6
202558,2
202558,13
202558,11
202558,6
8117,2
8117,13
8117,11
8117,6
8123,6
90215,6
8125,6
87800,6
8124,6
290499,6
307108,6
100045,6
24592,6
122323,6
122323,11
8211,11
8211,6
8217,11
8217,6
269824,6
94192,13
94192,6
170872,6
270615,6
270618,6
270618,13
270619,13
270619,6
227244,6
33709,6
169190,6
227243,6
227243,13
226114,6
226114,13
271438,6
270857,6
271444,6
271522,6
271460,6
271538,6
271481,6
271475,6
271516,6
8243,6
99992,6
270444,6
170879,6
170879,13
270442,6
271141,6
33699,13
33699,6
269880,6
269880,13
271574,6
252297,6
252297,13
33700,6
269882,6
269882,13
270859,6
270859,13
8246,6
270575,13
270575,6
130519,6
91927,13
91927,6
98430,6
179806,13
179806,6
154032,6
198649,6
198649,13
94441,6
130089,6
55086,6
33702,13
33702,6
33703,6
8249,6
270128,13
270128,6
270692,6
273235,6
270561,6
83489,6
33704,6
33704,13
107216,6
270694,6
271411,6
202324,6
202324,13
271544,6
271552,6
271561,6
271453,6
271447,6
8250,6
238693,6
270572,6
89605,6
98246,6
270574,6
205514,6
96085,6
270706,6
21628,6
271423,6
252245,6
252245,13
271429,6
271434,6
271450,6
271426,6
271563,6
270858,13
270858,6
33684,6
138348,6
270443,6
87634,6
341707,6
154013,6
33686,13
33686,6
251724,13
251724,6
177316,13
177316,6
290522,6
270037,13
270037,6
251725,13
251725,6
89444,6
270038,6
341708,6
8240,6
270363,6
271050,6
95310,6
270039,6
117643,13
117643,6
57579,6
355077,6
355077,13
341709,6
341688,6
86747,6
270616,6
270617,6
99236,6
205490,6
205490,13
154028,13
154028,6
114521,6
138357,6
270124,6
270125,6
315605,6
315605,13
205493,6
270127,6
138352,13
138352,6
227632,6
153255,6
154029,6
138350,6
99046,6
270130,6
90268,6
205500,6
117645,6
42452,6
33688,6
355078,13
355078,6
89037,13
89037,6
33690,6
270172,6
94963,6
169185,6
92720,6
270349,6
154030,6
77881,6
521978,6
53206,13
53206,6
59102,6
130091,6
138355,6
270347,6
154031,6
154011,6
8241,6
89523,6
138356,6
205507,6
130090,6
96357,6
169187,6
33695,6
68467,6
68467,13
117646,13
117646,6
116949,6
69522,6
138358,6
271418,6
371554,2
33856,2
43091,2
91194,2
78463,6
206728,6
27516,2
27529,2
87644,2
358354,2
8445,6
40254,6
75426,6
516845,11
516845,6
516845,13
516845,14
516868,6
516868,11
516868,14
48070,2
48070,11
8730,2
8730,11
327170,6
137447,6
137448,6
323864,6
40522,6
40530,6
45958,6
99789,6
271432,6
175833,6
287732,6
176913,6
346683,6
93785,6
325729,6
239743,6
353409,6
89566,6
40539,6
86781,6
340889,6
346688,6
126741,6
346682,6
346673,6
70488,6
199822,6
346671,6
288735,6
340887,6
40542,6
294698,6
153374,6
153377,6
114547,6
212325,6
81131,6
132882,6
90118,6
346687,6
214485,6
308903,6
322014,6
65460,6
80395,6
346689,6
71943,6
85323,6
263472,6
361014,6
226254,6
346675,6
138240,6
316564,6
307643,6
346674,6
138241,6
352809,6
132846,17
93257,6
124726,13
124726,6
40566,13
40566,6
8766,13
330956,13
135608,13
135608,6
135609,13
135609,6
124725,13
124725,6
93256,6
125664,6
125664,13
239293,6
239293,13
23759,13
8773,6
70329,13
95880,13
93232,6
93232,13
8843,13
8852,14
8852,2
8852,11
241215,13
368954,6
510599,2
254416,2
191139,2
97624,2
248873,2
325295,2
327439,2
326898,6
63034,6
326897,6
342468,6
305896,6
305958,6
372622,6
372603,6
8905,6
342077,6
93952,6
57945,6
321556,6
41745,6
95526,6
81201,6
95907,6
67181,6
223899,6
510594,2
510973,2
510530,2
510671,2
510402,2
249633,6
510544,2
510429,2
529186,2
511221,2
529123,2
510513,2
510874,2
510449,2
76586,2
8948,2
388040,2
388038,2
40828,6
24757,6
8950,6
329654,2
8951,2
8955,2
323887,6
8956,6
510688,2
8957,6
8965,15
8969,6
150772,6
82407,6
82407,13
9025,6
94913,6
48960,6
345366,6
93687,6
112042,6
112042,13
160780,6
67889,13
47294,13
97772,6
97772,13
155715,6
155715,13
93110,6
93110,13
89484,6
89484,13
99561,6
99561,13
57817,6
57817,13
82108,6
82108,13
92757,13
223962,13
254836,6
254836,13
97146,6
115575,6
115575,13
99648,6
99648,13
336354,6
336354,13
50975,6
50975,13
96612,6
96612,13
125533,6
125533,13
89248,6
89248,13
41070,6
41070,13
41071,6
41071,13
82260,6
82260,13
65162,6
65162,13
69595,6
69595,13
75559,13
154440,6
154440,13
41075,6
41075,13
140135,6
140135,13
96613,13
100049,13
220564,6
77543,6
77543,13
41077,6
41077,13
115577,6
115577,13
269035,6
269035,13
98305,6
98305,13
154442,13
94507,6
41080,6
41080,13
9110,6
9110,13
210246,6
210246,13
41081,13
91956,6
91956,13
220565,6
220565,13
90142,6
90142,13
96308,6
96308,13
41086,6
41086,13
94007,6
94007,13
41088,6
138225,6
100059,6
100059,13
41090,6
41090,13
135405,6
135405,13
268763,13
268763,6
48797,13
58404,6
41095,6
323619,6
93845,6
93845,13
323618,6
135406,6
9122,6
9122,13
96159,6
96159,13
365901,6
135408,6
118546,6
64961,6
331173,6
92477,6
333890,6
326952,6
326952,13
318694,6
43464,6
43464,13
95423,6
135412,6
48097,6
68418,6
94283,6
94283,13
90905,6
125665,6
325173,6
325173,13
84893,6
20984,6
41110,6
41110,13
9131,6
9131,13
374033,13
182615,13
221226,6
80865,6
254045,13
269360,6
269360,13
9134,6
9134,13
323930,6
323930,13
182614,13
182616,13
182616,6
82826,13
82826,6
9135,6
9135,13
286227,6
25819,6
154510,6
21905,13
21905,6
105724,13
327920,6
101021,6
81273,13
81273,6
256546,6
118793,6
118793,13
256547,6
256547,13
41129,6
41129,13
91367,6
91367,13
88037,6
88037,13
94113,6
94113,13
90148,13
95618,6
95618,13
99006,6
99006,13
258280,13
258280,6
118355,13
118355,6
118356,13
118356,6
60462,6
223965,6
211097,6
87123,6
223966,6
223967,6
288737,6
171795,6
171794,6
245154,6
207484,6
213175,6
287164,6
177153,6
118353,6
54463,6
117328,6
98140,6
73372,6
252059,6
160781,6
90556,6
41025,6
41025,13
118629,6
234035,6
19894,6
500234,6
9420,6
118050,6
94938,6
114146,6
102002,13
74035,13
9429,13
507791,13
507790,13
215762,13
9435,6
9451,2
9451,11
42475,2
42475,11
69022,13
69022,12
108942,12
108942,13
335076,19
335076,6
329854,19
329854,6
292048,19
292048,6
329780,19
329780,13
53075,19
53075,6
9542,19
9542,6
99220,19
99220,13
62695,19
62695,6
9557,19
9557,6
53683,19
53683,6
298444,19
60301,6
60301,19
94349,19
94349,6
98325,19
98325,6
99993,19
99993,6
47624,19
47624,6
9566,19
9566,6
9567,19
9567,6
134563,19
134563,6
94947,19
94947,6
137666,19
137666,6
9573,19
9573,6
153266,19
153266,6
87338,19
87338,6
9575,19
9575,6
9576,19
9576,13
20493,6
57904,19
57904,6
98406,19
98406,6
70440,19
70440,6
69056,19
69056,6
84389,6
111506,19
139990,19
139990,6
160782,19
160782,6
298885,19
298885,6
64519,19
64519,6
68803,19
68803,6
76048,19
76048,6
78034,19
78034,6
160783,19
160783,6
43558,19
43558,6
20982,19
20982,6
9582,19
9582,6
329875,19
329875,6
246044,19
246044,6
292047,19
292047,6
9595,19
9595,6
224022,19
224022,6
61389,19
61389,6
143233,19
143233,6
83497,19
83497,6
92385,19
92385,6
224023,19
224023,6
64616,19
64616,6
50233,19
50233,6
329838,19
329838,6
9625,19
9625,6
74874,19
74874,6
80744,19
80744,6
99002,19
99002,6
82346,19
82346,6
80428,19
80428,6
43236,19
43236,6
356489,19
356489,6
97713,19
97713,6
91249,19
91249,6
319967,19
319967,6
110634,19
110634,6
144323,19
144323,6
9629,19
9629,6
83646,19
83646,6
78755,19
78755,6
137147,19
137147,6
329864,19
329864,6
352129,19
138590,19
138590,6
224017,19
224017,6
329868,19
329868,6
224021,19
224021,13
329927,19
329927,6
9584,19
9584,6
78035,19
78035,6
74919,19
329865,19
92726,19
92726,6
133028,19
133028,6
9704,6
77501,6
361189,8
361189,6
9708,6
287165,6
67748,6
297573,6
56794,6
83655,6
101671,6
101671,11
205673,13
93138,13
87530,13
359897,13
84902,13
309836,6
309846,6
319824,6
309851,6
309851,13
375364,13
309857,6
309859,6
309859,13
309863,6
363764,6
309847,6
309847,13
363793,6
363793,13
363763,6
341351,6
363761,6
312778,6
312780,6
312779,6
363786,6
314157,6
363758,6
360392,6
363766,6
363771,6
302513,6
363757,13
363760,6
286084,6
360393,6
363789,6
363779,6
363759,6
363791,6
363774,6
363787,6
361021,6
363772,6
363767,6
374457,19
75993,6
75993,19
153264,19
332686,19
331050,19
135107,19
70531,19
9872,13
9872,6
9873,13
9873,6
324123,8
324123,6
236023,13
100450,8
100450,6
383698,15
504569,15
184382,15
184382,14
332270,6
192607,6
9967,6
63584,6
515238,6
515238,11
9985,13
224081,6
112840,6
10023,6
317777,6
167720,6
106153,6
10028,6
95597,6
98316,6
10101,6
153623,6
77549,6
59890,6
255962,6
324958,6
324958,13
69040,6
69040,13
194417,6
194417,13
47818,13
47818,6
240085,6
91966,6
91966,13
87364,6
78015,6
352737,6
70867,6
10108,6
105996,13
105995,6
167791,6
167791,13
57073,6
383384,6
245964,13
53447,13
222312,13
268919,13
75842,13
54406,13
245370,13
145957,13
89178,13
134954,13
241241,13
174708,13
195879,13
94540,13
52817,13
366848,13
59805,13
146042,13
134955,13
124381,13
239425,13
241244,13
307744,13
237350,13
237355,13
98807,13
193455,15
193455,11
224159,6
254015,6
281122,6
187420,6
270341,6
21317,6
10477,6
308078,6
367309,6
324214,6
367310,6
367325,6
10488,6
10488,13
10499,6
78340,6
124775,6
10509,6
367940,6
367308,6
10512,6
54843,6
281098,6
281098,11
10531,6
10531,13
23484,6
138245,11
138245,6
136551,6
381196,6
381196,11
288037,6
288037,11
245959,6
89320,6
89320,11
61422,6
10658,6
10658,13
177859,13
178924,13
178924,6
81963,6
155051,13
46578,13
58435,13
257583,13
257583,6
181749,6
181749,13
92463,6
109230,13
140607,13
140607,6
241659,13
324991,13
324991,6
94778,13
204191,13
370235,13
43335,13
517495,13
517495,6
97569,13
97569,6
121414,13
121414,6
140615,13
181750,13
121925,6
121925,13
368717,13
368717,6
140732,6
140732,13
93009,13
522649,13
209678,13
209678,6
524788,6
524788,13
301640,6
301640,13
303797,13
387470,6
387470,13
387471,13
387471,6
196343,13
154297,13
154297,6
155053,13
47918,13
154295,13
154295,6
284815,13
54163,6
54163,13
517496,13
517496,6
88252,13
154341,6
154341,13
524728,6
524728,13
63953,13
334937,13
309047,13
154344,13
154345,13
125426,6
90547,6
325773,6
325773,13
50740,13
46873,6
346030,13
209680,13
269170,13
155193,13
155193,6
235046,13
235046,6
524815,6
524815,13
125963,13
375159,13
141183,6
141183,13
76927,6
76927,13
99540,13
99540,6
299318,13
299318,6
178925,13
178925,6
517491,13
524831,6
524831,13
83245,13
83245,6
154347,13
154347,6
517538,6
517538,13
318068,6
318068,13
346029,13
346029,6
342434,13
342434,6
67119,13
524349,13
300637,13
300637,6
254256,13
254256,6
134763,13
59066,13
214962,13
125964,13
76717,13
184340,6
184340,13
184341,6
184341,13
367145,13
367145,6
70129,6
133753,6
133753,13
140769,13
63852,13
63852,6
181747,13
181747,6
235798,13
235798,6
217850,13
217850,6
44407,13
44407,6
352608,6
352608,13
325317,13
254258,13
235796,13
272675,13
235799,13
329500,13
329500,6
69140,6
69140,13
78323,13
385722,6
195074,13
69141,6
69141,13
317007,13
78324,13
178926,13
178926,6
524807,6
524807,13
254260,13
257584,6
257584,13
241669,13
241669,6
62340,13
522500,13
521675,13
284816,6
284816,13
176163,13
176163,6
74490,6
74490,13
269176,13
269176,6
287510,13
287510,6
195802,6
195802,13
118867,13
118867,6
325807,13
325807,6
367146,13
367146,6
58385,13
526484,6
526484,13
375162,13
375162,6
278324,13
278324,6
301643,6
504712,13
504712,6
272206,6
272206,13
521967,13
284050,13
284050,6
62131,13
41990,13
272678,13
272207,13
272207,6
316224,6
316224,13
343773,13
343773,6
342435,13
342435,6
524521,13
343774,13
517467,6
517467,13
235041,13
235041,6
124271,13
270500,13
120020,13
251865,6
333056,13
333056,6
284814,13
284814,6
150392,13
284572,6
284572,13
284618,13
284618,6
136586,13
334506,13
157486,13
157486,6
84663,13
515396,13
10694,13
211249,13
42582,13
254016,13
152347,13
198872,6
198872,13
346084,13
344244,13
143316,13
368379,6
368379,13
138334,6
284533,6
284533,13
284562,6
284562,13
337961,13
284496,6
284496,11
381518,6
381518,11
10696,13
10696,6
517299,6
517299,13
198040,13
118811,13
77938,6
77938,13
195069,13
373670,13
373670,6
375040,13
375040,6
77939,13
90428,13
57231,13
239932,13
65554,13
198041,13
515146,13
515146,6
336914,13
184295,13
184295,6
184294,13
184294,6
107260,13
107260,6
343392,13
55829,6
294733,13
343391,13
137294,6
65428,13
105342,6
105342,13
10702,13
363388,13
312794,13
524818,6
524818,13
298501,13
511712,13
113354,13
177857,13
250732,13
256371,13
298502,13
10703,13
324336,6
526621,6
526621,13
386963,6
386963,13
370015,6
370015,13
525805,6
525805,13
10704,6
95584,6
10707,13
139125,13
138523,13
136589,6
46775,13
136588,13
140324,13
140778,13
140778,6
136587,6
85793,6
10709,13
121926,13
284039,13
528896,13
23721,13
140643,13
125968,13
10711,13
99150,13
159708,13
10713,13
178465,13
178465,6
154682,13
154682,6
177638,13
177638,6
269173,13
269173,6
176152,13
176152,6
154680,13
154680,6
256387,6
106171,13
106171,6
140651,13
140651,6
357410,13
357410,6
517500,13
10721,6
72553,6
250539,6
117431,6
117431,13
150356,13
41024,6
50247,6
107265,6
61904,6
65432,6
177861,6
269174,6
75578,6
254532,13
45238,6
233360,6
137324,13
137324,6
10725,6
517539,13
517539,6
524306,13
524306,6
524290,13
524290,6
138295,6
138520,13
130968,13
130968,6
269164,13
385470,13
227598,13
75881,6
75881,13
147826,13
150078,6
62148,13
119226,6
119226,13
256348,6
256348,13
46874,13
49007,13
49007,6
533199,6
154360,6
154360,13
74812,13
60020,6
60020,13
254017,6
254017,13
69738,6
73097,6
73097,13
517497,13
517497,6
58160,6
58160,13
62941,6
83444,6
83444,13
86596,6
86596,13
51161,6
46057,6
49220,6
49220,13
254019,13
140668,6
140668,13
79688,6
79688,13
105101,6
143317,13
96509,13
59844,13
178466,13
117187,6
10727,6
117188,6
373995,6
373996,6
373997,6
21297,6
80901,6
209770,6
226123,6
313395,6
64079,6
313426,6
332647,6
10734,6
177828,6
77123,6
86740,6
187255,6
313399,6
10735,6
308671,6
44137,6
218431,6
218431,13
314114,6
198449,6
232633,6
331472,6
337632,6
376026,6
313425,6
24680,6
131472,6
57192,6
98703,6
113528,6
92614,6
177829,6
77124,6
77125,6
71336,6
224197,6
224198,6
138380,13
169622,13
84178,13
158301,12
158301,13
368040,13
368040,12
388121,13
377067,13
85932,13
238787,13
379825,13
311148,12
311148,13
375604,13
328341,13
49607,13
108631,13
237270,13
124623,13
231522,13
91065,13
211743,13
116626,13
388122,13
50623,13
65368,13
171023,13
224203,13
197956,13
306356,13
67684,13
237193,12
237193,13
124642,13
224205,13
237279,13
220430,12
220430,13
194748,13
300966,13
255965,13
379035,13
238791,13
206732,13
367689,12
367689,13
105128,13
360266,13
67469,13
147506,13
147506,12
319063,13
228334,13
215094,13
332235,13
158962,13
191741,12
191741,13
51494,13
25845,13
190901,13
206733,13
307644,12
307644,13
84629,13
56963,13
146751,12
146751,13
269082,6
269082,13
388204,13
75668,13
104053,13
308657,13
177846,12
146750,12
146750,13
63411,13
254827,13
78516,13
104171,13
104274,13
54278,13
88597,13
156001,13
518338,13
518338,12
376077,13
315460,13
516383,13
299501,13
379036,13
69783,13
169623,13
231523,13
387710,13
136977,13
306359,13
363817,12
363817,13
57764,13
301530,13
85931,13
276524,13
224212,13
331508,13
84903,13
331521,13
361168,12
361168,13
346362,12
346362,13
139148,12
139148,13
43575,12
43575,13
346363,12
346363,13
505728,13
505728,12
86648,12
86648,13
520661,13
520661,12
55555,12
55555,13
169769,12
169769,13
81479,12
81479,13
87271,12
87271,13
333092,12
333092,13
338208,12
48760,12
48760,13
297718,12
297718,13
505266,12
505266,13
233673,12
233673,13
63088,12
63088,13
55360,12
55360,13
524646,12
524646,13
51774,12
51774,13
122463,12
102558,12
102558,13
51701,12
51701,13
67221,12
67221,13
362105,12
362105,13
304110,12
304110,13
304104,12
304104,13
336058,12
336058,13
151674,12
151674,13
295558,12
295558,13
247680,12
247680,13
150445,12
150445,13
70592,12
70592,13
374793,12
374793,13
69103,12
69103,13
179447,12
179447,13
178311,12
178311,13
133956,12
133956,13
57972,12
57972,13
116263,12
116263,13
101768,12
101768,13
113648,12
113648,13
140266,12
140266,13
76597,13
76597,12
180038,13
180038,12
132541,12
132541,13
520683,13
520683,12
43989,12
83214,13
83214,12
66558,12
66558,13
105308,12
105308,13
79219,12
79219,13
70773,12
304105,13
304105,12
346372,12
346372,13
132331,12
132331,13
346376,12
346376,13
267574,12
267574,13
85191,12
85191,13
68404,12
68404,13
328625,12
328625,13
48411,12
48411,13
346377,12
346377,13
59515,12
59515,13
103839,12
103839,13
59516,12
59516,13
102514,12
102514,13
45628,12
45628,13
342982,12
342982,13
57778,12
57778,13
86832,12
86832,13
46442,12
46442,13
224219,12
224219,13
69639,12
69639,13
77745,12
77745,13
105310,12
105047,12
105047,13
142366,13
142366,12
132747,12
132747,13
87347,12
70630,12
70630,13
142369,12
142369,13
134057,12
134057,13
105048,12
105048,13
130109,12
130109,13
87382,12
87382,13
113253,12
113253,13
190734,12
190734,13
87384,12
87384,13
113254,12
113254,13
84977,12
84977,13
132370,12
132370,13
346382,12
346382,13
137030,13
71073,12
71073,13
271018,12
271018,13
515118,13
515118,12
103253,13
103253,12
63303,12
63303,13
133977,12
133977,13
132372,12
132372,13
122465,12
122465,13
133997,12
133997,13
45855,12
45855,13
247669,12
247669,13
134000,12
134000,13
524647,12
524647,13
73746,12
73746,13
42465,12
42465,13
116268,12
116268,13
150134,12
150134,13
50396,12
50396,13
66641,12
66641,13
178318,12
178318,13
520646,13
520646,12
524650,12
524650,13
102075,12
102075,13
524651,12
524651,13
87386,12
87386,13
199488,12
199488,13
71075,12
71075,13
103492,12
103492,13
177227,12
177227,13
63304,12
63304,13
45527,12
45527,13
57083,12
57083,13
122469,12
42895,12
42895,13
122470,12
103254,12
103254,13
47730,13
47730,12
54997,12
43766,12
43766,13
193272,12
193272,13
255286,12
255286,13
82248,12
82248,13
113259,12
113259,13
42466,12
42466,13
76972,12
76972,13
346397,12
346397,13
158684,12
158684,13
85591,12
113260,12
113260,13
165428,12
102032,12
102032,13
43797,12
43797,13
49926,12
49926,13
342402,12
342402,13
42833,12
42833,13
263863,12
263863,13
84995,12
84995,13
65522,12
77979,12
77979,13
338777,12
338777,13
338782,12
338782,13
194603,12
194603,13
53448,12
53448,13
59421,12
59421,13
49288,12
49288,13
121580,12
121580,13
83029,12
83029,13
60041,12
60041,13
224221,12
224221,13
142373,12
142373,13
158698,13
158698,12
72343,12
72343,13
104762,12
104762,13
102217,12
102217,13
55993,12
55993,13
103416,12
103416,13
211018,13
211018,12
60992,12
60992,13
346399,12
346399,13
102750,12
102750,13
218525,12
218525,13
338735,12
338735,13
69435,12
69435,13
171224,12
171224,13
142375,12
142375,13
211020,12
211020,13
347464,12
347464,13
203173,12
203173,13
372830,12
372830,13
138490,12
138490,13
522155,13
522155,12
236177,12
236177,13
73926,12
73926,13
346415,12
346415,13
317142,12
317142,13
83621,12
83621,13
377903,12
377903,13
164107,12
164107,13
49048,12
49048,13
132562,12
132562,13
211021,12
211021,13
136976,12
136976,13
46760,12
46760,13
87551,12
87551,13
165429,12
116112,12
116112,13
279760,12
279760,13
101805,12
101805,13
346418,12
346418,13
346419,12
346419,13
139178,12
139178,13
113272,12
113272,13
224225,12
224225,13
78627,12
78627,13
113273,12
113273,13
72705,12
72705,13
49064,12
194602,12
194602,13
211742,12
132777,12
132777,13
132778,12
132778,13
44425,12
44425,13
346431,12
346431,13
346432,12
346432,13
346356,12
346356,13
324609,12
324609,13
72956,12
72956,13
78702,12
78702,13
211024,12
211024,13
190741,12
190741,13
46367,12
46367,13
210613,12
210613,13
61216,12
61216,13
361172,12
361172,13
74613,12
74613,13
140877,12
140877,13
71369,12
71369,13
87072,12
87072,13
343358,12
343358,13
64318,12
64318,13
110282,12
110282,13
113277,12
113277,13
343124,12
343124,13
71799,12
71799,13
113667,12
113667,13
240417,12
240417,13
324608,12
324608,13
518486,13
518486,12
114668,12
114668,13
83375,12
83375,13
378998,12
378998,13
56027,12
341746,12
341746,13
226467,12
226467,13
369763,12
369763,13
248572,13
248572,12
524558,12
524558,13
306021,12
306021,13
67912,12
67912,13
369757,12
369757,13
320187,12
320187,13
10770,13
10774,13
86917,13
151503,13
159705,13
202470,13
10779,13
49939,13
218236,13
379040,13
329139,13
10786,13
10787,13
183982,13
103579,13
10789,13
151502,13
62389,13
363816,13
329142,13
139213,13
227644,6
227644,13
78835,13
210458,13
88603,13
50195,13
111619,13
10792,13
128044,13
45652,13
81881,13
254021,13
56983,13
71793,12
71793,13
78647,13
80946,13
135402,13
84784,13
10781,13
515249,13
515249,12
63260,13
77664,13
77665,13
515248,13
515248,12
91630,13
331057,13
45895,13
55898,13
136642,13
25804,13
65624,13
118461,13
241672,6
241672,13
205183,13
205183,6
337962,13
141792,2
141792,11
141792,14
111547,6
111547,13
62784,6
86426,13
337000,13
337000,12
231986,6
231986,13
231986,12
361672,13
361672,12
232659,12
232659,13
79489,12
79489,13
70548,12
70548,13
257520,6
329955,18
329955,19
329955,13
299746,18
299746,19
299746,13
137099,18
137099,19
137099,13
382787,18
382787,19
382787,13
368719,13
368719,6
152225,6
152225,13
64677,6
64677,13
64748,6
64748,13
11105,6
11105,11
512568,6
512568,11
174727,6
174727,11
234642,6
234642,13
11110,6
11110,19
211211,2
11166,2
11166,6
522958,2
522958,11
522958,14
247867,2
247867,11
247867,14
156662,2
156662,11
156662,14
528885,2
528885,11
528885,14
528856,2
528856,11
528856,14
520520,11
520520,14
520520,2
90394,2
90394,11
11192,6
11192,11
523020,2
523020,11
523020,14
523052,2
523052,11
523052,14
25104,2
25104,11
25104,14
388863,11
388863,14
388863,2
388862,2
388862,11
388862,14
386880,2
386880,11
386880,14
388865,2
388865,11
388865,14
46790,13
49780,6
184050,1
184050,11
304336,11
56394,1
56394,11
65866,1
65866,11
63391,11
20942,1
20942,11
184111,1
184111,11
11237,1
11237,11
118191,1
118191,13
88996,1
88996,11
24320,6
78182,6
11295,6
370597,14
11304,6
68115,6
224289,6
113815,6
51020,6
51020,13
11311,6
75605,6
74329,6
52498,6
64899,6
64900,6
59207,6
44913,6
219622,6
221234,6
224290,6
11316,6
241851,6
307376,6
11327,6
317525,6
317662,6
368550,6
241673,6
247419,6
202129,6
318062,6
322841,6
326289,6
344248,6
350962,6
317661,6
318330,6
320173,6
198891,6
336530,6
121295,11
121295,14
121295,21
112579,15
112579,14
256988,6
256988,13
248132,15
248132,14
248132,11
119921,15
119921,14
331593,11
331593,6
537237,11
537237,6
159988,11
159988,6
54429,6
255940,11
255940,6
83437,6
57250,6
57250,11
98456,11
98456,6
202473,6
202473,11
193555,11
193555,6
273478,6
61895,13
22130,6
329446,6
329446,13
219133,6
155868,13
273547,13
524441,13
11750,6
329524,6
209772,6
136552,6
11760,6
11771,6
47791,6
53096,6
59488,6
73419,6
11779,6
11779,13
49656,6
516779,6
516779,13
516783,6
119765,6
89265,6
168374,15
168374,12
523069,15
523069,11
11871,15
11871,11
333072,15
333072,11
332448,15
332448,11
535558,15
535558,11
11880,15
11880,11
11881,15
11881,11
11883,15
11883,11
11886,15
11886,11
141243,15
154751,15
154751,11
523059,15
523059,11
534868,15
11908,15
524287,15
141235,15
329526,6
11980,6
11982,6
11983,6
314916,6
58298,6
58298,13
11985,6
11988,6
62357,6
84456,6
234921,6
94432,6
116640,6
224406,6
47145,6
63956,6
91896,6
41474,6
98291,6
82816,6
49232,6
11994,6
11995,6
11996,6
11996,13
89015,6
82815,6
378112,6
378112,12
329527,6
329527,12
329528,12
329528,6
78365,15
78365,11
522065,6
522063,6
522061,6
12119,6
48369,6
186966,6
138124,6
92573,6
104798,6
182410,6
116685,6
70890,6
369993,6
219135,11
219135,14
106203,11
12217,13
39100,11
521260,13
329544,6
329544,13
12342,6
12342,13
239764,13
240067,13
240066,13
238341,13
84088,6
84088,11
12545,6
120477,6
120478,6
41475,6
120481,6
21291,11
21291,14
21291,6
43413,6
43413,13
174726,6
174726,13
386591,15
515350,15
515350,14
12627,13
75199,6
91771,6
329557,6
79251,6
224509,6
55593,6
224513,6
12659,6
12631,6
28098,6
12668,6
12668,13
12670,6
12670,13
94765,6
94765,13
386882,1
126599,14
126599,11
500040,1
386883,1
12672,11
12672,6
389093,11
389093,14
304371,6
304371,11
12684,11
12684,6
200018,14
200018,11
151076,6
151076,11
334862,11
334862,21
91178,6
94527,6
211312,6
224529,6
12791,6
25404,6
12797,6
12799,6
12800,6
100518,6
45056,6
45056,13
329784,6
329784,13
12804,6
329786,6
98113,6
78651,6
533985,6
132239,6
87677,6
103988,6
12811,6
353403,6
353403,13
351503,6
351503,13
369395,6
369395,13
329798,6
329798,13
12813,6
12813,13
297180,6
297180,13
99292,6
272851,6
272851,13
91374,6
377215,6
375001,6
278325,6
269025,6
505069,6
349927,6
349927,13
94829,6
210906,6
47146,6
334836,6
369394,6
320144,6
320144,13
257506,6
253774,6
253774,13
323355,6
323355,13
50944,6
50944,13
331600,6
331600,13
20904,17
64843,17
60193,17
48955,17
115982,17
79229,17
332100,17
20915,17
153988,17
99875,6
66614,6
90634,19
67970,19
131258,19
140956,19
140956,6
108681,19
108681,6
90592,19
90592,6
348240,19
116034,19
319969,19
319969,6
47324,19
47324,13
314738,19
314738,13
108670,19
108670,13
363128,19
363128,13
217791,19
217791,13
367148,19
224537,19
224537,13
59793,6
142049,19
142049,13
329993,19
329994,19
329994,13
85797,19
85797,13
103766,19
103766,13
90319,19
90319,6
136403,19
136403,6
42634,19
42634,13
66446,19
66446,13
96049,6
84378,6
174707,6
70734,6
95172,6
12994,6
224545,6
196453,6
124101,6
142867,6
96210,6
224546,6
12995,6
175400,6
128954,6
12996,6
99424,6
78587,6
23708,6
13000,6
41805,6
90119,6
162461,6
165971,6
81515,6
331610,6
64958,6
81516,6
93623,6
96221,6
117190,6
82424,6
191109,6
76144,6
68304,6
89974,6
252862,6
49550,6
92004,6
13004,6
275489,6
52300,6
66346,6
68237,6
31923,6
95484,6
77818,6
224547,6
96510,6
53120,6
68477,6
93632,6
87748,6
25151,6
55310,6
320616,6
107249,6
105437,6
13019,2
142650,13
142650,19
184006,6
184006,19
147799,6
147799,19
353020,6
353020,19
43808,13
43808,19
375549,6
375549,19
72388,13
72388,19
55340,6
55340,19
13072,19
13072,13
83200,6
83200,19
66166,6
66166,19
13076,6
13076,19
75432,13
75432,19
62395,19
220549,19
326314,6
326314,19
103474,6
103474,19
80710,6
80710,19
227712,19
227712,6
326315,6
326315,19
298437,19
326316,19
207307,6
207307,19
253666,6
253666,19
385696,6
385696,19
78795,6
78795,19
344281,6
344281,19
61003,6
61003,19
385700,6
385700,19
79939,6
79939,19
226143,6
226143,19
109209,6
109209,19
98403,13
98403,19
49154,13
49154,19
43957,6
43957,19
238719,6
238719,19
515495,6
515495,19
142736,6
142736,19
76778,6
76778,19
48800,6
168050,6
168050,19
57022,6
57022,19
46617,6
46617,19
66912,6
66912,19
71624,6
71624,19
334841,6
334841,19
238722,19
63382,19
63382,6
361088,13
361088,19
224567,19
253669,6
253669,19
327552,6
327552,19
97278,13
97278,19
150796,19
19718,11
19718,6
202348,6
271627,6
167713,6
98343,6
54124,6
102364,14
102364,6
202346,6
270177,6
270178,6
13186,6
13186,13
13187,6
13187,13
13188,6
13188,13
13191,6
13191,13
94908,11
94908,6
140567,6
140567,13
218432,6
218471,6
140573,6
140575,6
13195,6
122327,13
13202,6
77208,11
77208,6
272769,6
134268,6
220210,11
220210,6
13201,6
75059,6
246352,6
45314,6
124409,6
235505,6
51277,6
68494,6
241419,6
367797,6
75374,6
46330,6
53823,13
153941,6
77301,6
71308,6
59953,6
84756,6
221604,6
140577,6
140577,13
13205,14
13205,6
61258,6
61258,11
92045,14
92045,6
134267,6
251120,6
251120,13
44434,11
44434,5
13234,11
13234,5
516937,11
516937,14
516937,6
48343,11
48343,6
82050,11
82050,6
94126,11
82066,19
82066,6
113758,19
113758,6
113758,13
113759,19
305825,19
305825,6
205684,19
192758,19
192758,6
192758,8
152072,19
152072,6
152072,8
74252,19
170978,19
170978,6
170978,8
254047,19
254047,6
224574,19
249136,6
249136,13
249136,19
335100,19
335100,13
13355,19
13355,6
13355,13
184316,19
184316,6
184316,8
13357,19
13357,6
13357,13
13360,19
13360,6
179764,19
179764,6
74841,19
74841,6
74841,8
167187,19
167187,6
167187,8
251287,19
297742,19
254049,19
254049,6
254049,8
54702,19
54702,13
224578,19
224578,13
58147,19
58147,13
167190,19
127460,11
127460,14
283859,6
283859,13
13499,6
13499,13
331864,13
94236,13
53018,13
58464,13
13534,15
13534,6
13534,14
385280,15
385280,14
237715,15
237715,14
237714,15
237714,14
187949,15
187949,14
173333,6
173333,13
241856,6
254544,6
77355,6
43183,6
206313,6
13927,6
256641,6
334843,6
334845,6
302082,13
53972,6
23349,6
84127,13
372592,13
205676,13
324399,13
103637,13
328363,13
172406,13
96370,13
57783,13
323236,6
25767,13
162439,13
361598,13
322913,13
86801,13
90697,13
25768,13
301907,13
94450,13
322909,13
168801,6
64496,13
226508,13
245376,13
171109,13
377032,13
25786,13
334001,13
76220,13
99409,13
66852,13
237299,13
95899,13
44879,13
58875,13
60277,13
89980,13
92498,13
332693,13
64401,13
93588,13
89234,13
67715,13
105618,13
64223,13
309116,13
258153,13
66900,13
77727,13
62797,13
369409,13
328390,13
86753,13
86753,12
151372,13
160700,6
160700,13
13949,13
13949,12
336267,12
336267,13
51279,12
51279,13
334930,13
62523,12
131851,12
131851,13
60608,6
111294,13
111294,12
160703,6
160703,13
323239,13
323239,12
246431,13
299171,12
299171,13
63464,12
63464,13
163408,12
163408,13
50948,12
50948,13
163407,12
163407,13
281065,13
281065,12
385266,12
385266,13
70917,13
70917,12
85972,12
85972,13
13964,13
13964,12
218949,13
62524,13
196454,13
196454,12
129066,13
129066,12
21482,13
318137,13
13972,6
13972,13
111742,6
111742,13
200787,13
70925,13
179814,13
58396,13
109282,13
87048,12
87048,13
57371,12
57371,13
534230,13
534203,13
534460,13
534893,13
42827,6
94561,6
198466,6
103122,13
151445,6
151445,13
57808,6
57808,13
331787,6
331787,13
67538,13
14006,13
25783,13
55101,13
275153,13
84190,13
83032,13
107592,13
325249,13
57938,13
334059,6
334059,13
117483,13
331780,13
378445,13
69180,13
85052,13
378446,13
49864,13
323021,13
76571,13
156648,13
156648,12
269018,13
269018,12
331788,13
331773,13
224732,13
332156,13
333425,13
208575,13
87684,13
14031,13
151402,13
66260,13
61819,13
151360,13
14034,13
331728,13
256254,13
14026,13
331725,13
331735,13
331727,13
331719,13
331720,13
323023,13
331732,13
75793,6
84314,6
132288,13
64642,13
132844,13
132844,12
75304,13
75304,12
47608,6
48331,6
211793,6
246427,13
331772,13
311376,13
13971,13
96005,13
237913,13
237916,13
237918,13
237918,12
237919,13
237919,12
323036,13
66396,13
14040,13
104687,13
25784,13
94841,13
331781,13
337010,13
94024,13
96579,13
120506,13
44404,13
82253,13
90730,13
57291,13
88612,13
118821,13
160724,13
85695,6
85695,13
85695,12
334858,6
343725,6
80679,6
46035,13
63239,13
24753,6
14077,13
24129,6
24129,13
325012,6
335103,19
335103,13
45283,19
45283,13
267570,6
133756,6
81174,11
81174,6
81174,13
21375,6
21375,13
21375,11
87389,11
87389,6
87389,13
524138,6
524138,13
14189,6
14189,11
150406,6
150406,13
143144,6
150323,6
150323,13
67011,6
14195,1
97931,11
120958,6
120960,6
165982,6
42617,6
66901,6
320087,6
70048,6
286940,6
224755,6
54331,6
80987,6
79022,6
23529,6
324391,6
73598,6
14212,6
63757,6
88609,13
88609,6
44314,12
44314,13
57099,12
57099,13
58489,12
58489,13
84654,12
84654,13
75640,12
75640,13
44925,12
44925,13
64799,12
64799,13
229846,12
229846,13
61467,12
61467,13
48288,12
48288,13
51013,12
51013,13
42936,12
42936,13
71483,12
71483,13
132021,12
132021,13
60629,12
54649,12
54649,13
75242,12
75242,13
50486,12
50486,13
65237,12
65237,13
43209,12
43209,13
50151,12
50151,13
84152,12
84152,13
132072,12
132072,13
57280,12
57280,13
360399,12
360399,13
74331,12
74331,13
247681,12
247681,13
230984,12
230984,13
344466,12
344466,13
171636,12
171636,13
375612,12
375612,13
63354,12
63354,13
75488,12
75488,13
171244,12
171244,13
60148,12
60148,13
71154,12
71154,13
57162,12
57162,13
79866,12
79866,13
85419,12
85419,13
49097,12
49097,13
332294,12
332294,13
307115,12
307115,13
226319,12
226319,13
216808,13
216808,6
80716,13
80716,6
305581,13
378083,13
144029,13
144029,6
151505,13
151499,13
194750,13
56864,13
56864,12
58610,13
58610,12
117484,13
117484,12
162354,12
162354,13
160790,13
151515,13
133910,13
133910,12
111333,13
105397,13
46287,13
98749,13
121125,13
306893,13
137520,13
14277,13
163223,11
163223,6
14404,11
14404,13
341696,15
198049,13
334509,13
14452,6
14452,13
317670,6
208183,6
14464,6
62762,6
198469,6
254422,6
69406,6
522921,15
106229,15
106229,14
98435,6
66272,6
66140,6
14867,6
110258,6
99391,6
60795,6
83331,6
110237,6
79394,6
138502,6
100606,6
80964,6
96299,6
25848,6
46558,6
131071,6
254051,6
45981,6
97773,6
65544,6
72937,6
153053,6
103753,6
82917,6
95610,6
47213,6
108256,6
81877,6
91911,6
58683,6
101773,6
56997,6
99304,6
92754,6
94156,6
52081,6
33954,6
91155,6
42425,6
138865,6
71930,6
94238,11
94238,6
91138,6
92442,6
90124,6
89485,6
142468,6
68686,6
43270,6
99083,6
72549,6
54182,6
287188,6
84323,6
66928,6
119810,6
382158,6
374758,6
224926,6
50014,6
153928,6
43146,6
100030,6
92031,6
153898,6
101347,6
101347,11
61579,6
45274,6
57172,6
91149,6
46116,6
90371,6
89571,6
75618,6
43475,6
316228,6
97409,6
135531,6
45284,6
254755,6
80033,6
328395,6
67121,6
350667,6
350669,6
275722,6
315774,6
68134,6
91309,6
326215,6
75580,6
180265,6
95754,6
90438,6
83103,6
273262,6
94646,6
96351,6
55108,6
94499,6
49213,6
107667,6
81213,6
85950,6
81388,6
524603,6
70485,6
203462,6
44697,6
131076,6
91867,6
62829,6
78016,6
94335,6
51936,6
84998,6
77496,6
86684,6
55738,6
184399,6
87525,6
70686,6
166369,6
52790,6
99978,6
33992,6
159795,6
72227,6
290741,6
82529,6
174093,6
49006,6
74405,6
174072,6
98975,6
71068,6
86935,6
84526,6
62472,6
346032,6
65526,6
88990,6
75473,6
116978,6
104767,6
75826,6
75790,6
107156,6
323585,6
82790,6
70102,6
48268,6
92835,6
119847,6
68867,6
74182,6
48220,6
94400,6
170511,6
48221,6
93402,6
85687,6
15457,6
254758,6
537147,6
243609,6
89798,6
56678,6
254263,6
63199,6
92109,6
95040,6
524556,6
97694,6
43977,6
217720,6
48563,6
280189,6
95430,6
220639,6
93076,6
96601,6
138911,6
54806,6
177049,6
81616,6
90216,6
230985,6
62089,6
86447,6
105155,6
97012,6
63019,6
117694,6
48480,6
151344,6
95173,6
98613,6
110524,6
90113,6
379184,6
45216,6
174076,6
62305,6
89606,6
92458,6
323584,6
14806,6
98855,6
49957,6
93899,6
86872,6
91191,6
55723,6
92448,6
94145,6
45696,6
119890,6
374498,6
524841,6
44451,6
65136,6
524602,6
56224,6
89303,6
70604,6
97129,6
90649,6
228003,6
51444,6
299556,6
97976,6
152863,6
60905,6
82301,6
174055,6
151989,6
94809,6
119809,6
321290,6
119811,6
151939,6
90652,6
22056,6
71239,6
119838,6
94103,6
85810,6
153410,6
95575,6
81919,6
97947,6
51868,6
51868,13
91933,6
20732,6
20732,13
99716,6
90271,6
97863,6
95798,6
119846,6
83650,6
71109,6
99673,6
130402,6
119651,6
48113,6
78468,6
78053,6
49648,6
119891,6
119892,6
106987,6
70198,6
343777,6
92675,6
328396,6
234511,6
93781,6
73412,6
94310,6
196879,6
90223,6
323598,6
321402,6
97919,6
315775,6
90188,6
89755,6
96304,6
368385,6
90398,6
306900,6
322335,6
14885,6
331920,6
84438,6
97516,6
14924,6
14927,6
132802,6
14944,6
14944,13
199000,6
100418,6
100418,13
14990,6
363153,6
15001,6
100435,6
322371,6
322372,6
171329,6
322373,6
181917,6
351455,6
265708,6
15134,6
100683,6
100683,13
138889,6
234969,6
95180,6
15193,6
15203,6
89956,6
80229,6
76662,6
89482,6
100715,6
15249,6
15263,6
56149,6
81175,6
20921,6
107007,6
15295,6
15298,6
95018,6
95018,13
524681,6
15330,6
331817,6
53637,6
15348,6
15348,11
151779,6
15357,6
15368,6
96623,6
15369,6
368384,6
180614,13
81454,6
324892,6
329365,6
162491,6
162491,13
15432,6
15432,13
15437,6
95917,6
15439,6
90882,6
118282,6
239382,6
15445,6
15455,6
329275,6
324924,6
201939,6
15467,6
100798,6
23688,6
108893,6
15523,6
191257,6
100819,6
15533,6
100610,6
96628,6
15549,6
15557,6
15562,6
21493,6
89788,6
93426,6
94894,6
15576,6
90404,6
15654,6
55023,6
15669,6
15670,6
156024,6
156024,13
15683,6
125281,6
15685,6
15699,6
233022,6
46803,6
46803,13
41335,6
15775,6
85585,6
126734,6
15792,6
15799,6
251888,6
241550,6
170662,6
212333,6
15401,6
93380,6
211045,6
15805,6
94373,6
523500,6
15199,6
138863,6
225007,6
130386,6
322632,6
152798,6
81455,6
42731,6
160892,6
160892,13
44778,13
19610,13
15838,6
15838,13
20902,6
211111,13
105810,6
104389,6
237275,6
237275,13
251727,6
251727,13
263253,6
263253,13
211112,13
15839,6
226553,13
15840,13
15870,6
52123,6
152525,6
227604,13
115920,13
91229,6
500134,6
220718,13
220718,6
53307,13
84791,13
192880,13
192882,13
99172,13
163411,13
45937,13
227316,13
251121,13
251121,6
117962,13
88640,13
255971,13
63283,13
66658,13
66658,6
16014,9
16014,2
304644,9
304644,2
329175,9
329175,2
51425,9
51425,2
16177,6
525295,6
94401,6
16178,6
16180,6
137018,6
42257,6
355211,6
22605,21
204023,21
74998,13
99454,6
99454,13
225327,6
225327,13
81411,6
81411,13
53577,6
53577,13
324230,6
324230,13
73413,6
48301,6
48301,13
171114,6
171114,13
151003,6
151003,13
178074,13
330687,13
324256,13
148267,6
148267,13
16236,6
16236,13
374036,6
374036,13
96687,13
98433,6
226240,6
239633,6
134884,6
134884,13
95487,6
16247,6
16252,6
69569,6
69569,13
48840,6
48840,13
87665,6
87665,13
66597,6
66597,13
191351,6
191351,13
16257,6
45196,6
45196,13
16258,6
16259,6
239635,6
16264,6
73043,6
73043,13
221178,6
221178,13
16267,6
16267,13
330685,6
330685,13
99720,6
148273,6
225338,6
225338,13
129948,6
129948,13
324196,6
50030,6
49803,6
95836,6
97778,6
78399,6
148278,6
72648,6
244596,6
16289,6
16290,6
49117,6
324241,13
324237,6
324237,13
61047,6
61047,13
155942,6
155942,13
40653,6
40653,13
81798,13
351041,6
16391,6
50844,6
72162,6
328016,6
196308,6
225360,6
113986,6
49337,6
352905,6
135880,6
368089,6
50846,6
120270,6
333374,6
139890,6
86834,6
324184,6
304560,6
63760,6
95845,6
370002,6
370003,6
277982,6
344123,6
93624,6
277983,6
170066,6
16795,11
16795,6
16795,13
16795,14
58935,6
58935,11
58935,14
51882,11
51882,14
51882,6
325460,2
382343,2
367555,2
367556,2
16815,2
279504,2
508275,2
504245,2
315261,2
155330,2
110847,2
98672,2
16816,2
354661,2
104928,2
67854,2
67854,11
67854,14
379157,6
379157,13
83033,6
83033,11
77357,6
77357,11
76096,19
76096,6
335187,6
335187,13
17376,6
153900,6
178286,6
300058,6
149972,6
43752,6
351644,6
252271,6
327126,6
60945,6
247898,6
76359,6
93427,6
164816,6
209455,6
54402,6
369516,6
265786,6
341913,6
92892,6
130312,6
324604,6
364300,6
296809,6
94155,6
94665,6
100243,6
296810,6
327259,6
369446,6
344301,6
336584,6
171041,6
252877,6
94994,6
17408,6
87490,6
17411,6
322887,6
120175,6
85295,6
17400,6
130503,6
70283,6
124397,6
125089,6
233234,6
233234,13
17504,6
53347,6
53347,13
330022,6
220720,6
332389,6
271387,6
271387,13
17510,6
131465,6
17512,6
330021,6
20500,6
17516,6
323357,6
78925,6
334900,13
171400,13
272679,13
152802,13
61717,13
25811,13
252161,6
252161,13
252161,12
369615,13
60024,13
111503,13
210934,13
99266,13
48634,13
150218,13
132494,13
118425,6
118425,13
212612,13
518737,13
24215,6
24215,13
171403,13
17538,13
332263,13
229661,13
46923,13
87400,13
89018,13
195874,13
256262,13
209817,13
90645,13
93183,13
69955,13
324057,6
324057,13
171466,13
171465,13
171410,13
238578,13
369448,13
380648,13
238573,13
17545,13
109626,13
17546,6
17546,13
125204,13
89255,13
171469,6
171469,13
238526,6
238526,13
53789,13
17558,13
238575,13
238575,6
88678,13
43259,13
43259,6
25884,13
238571,13
88675,13
176886,6
176886,13
241783,13
164163,13
93324,13
97026,13
256265,13
17562,13
121065,13
62378,13
332073,13
95316,13
324041,13
113710,13
17568,13
17568,6
24222,13
24222,6
21695,13
21695,6
17572,6
17572,13
17576,6
17576,13
103470,13
114658,13
24217,13
17587,13
184438,13
332062,13
17590,13
17591,6
238631,13
244507,13
17594,13
17596,13
239780,13
271694,13
332360,13
24218,13
212613,13
24219,13
17608,13
334902,13
25365,13
225640,13
103934,13
97559,13
86756,11
86756,6
93388,6
322241,6
86922,6
323960,6
325812,6
22834,6
48082,6
57438,6
176024,6
43495,6
112321,6
76395,6
17724,6
149372,6
226158,6
258568,6
85941,6
175276,6
141112,6
17752,6
524885,6
226160,6
226160,13
17753,6
17754,6
17784,2
17784,11
17784,14
141791,2
141791,11
141791,14
63460,6
63460,13
17792,13
137297,6
137297,13
197945,6
197945,13
21550,6
153654,6
152895,6
22241,11
22241,1
22241,14
306832,11
306832,1
306832,14
82161,11
82161,1
82161,14
17807,11
17807,1
17807,14
115143,11
115143,1
115143,14
112539,11
112539,1
112539,14
136264,6
136264,13
112838,13
353066,13
382902,13
198062,13
350972,13
315995,13
315995,6
17863,6
17863,11
323215,6
323215,13
328104,6
328104,13
378522,13
378522,6
17873,6
90622,6
328084,6
291677,6
73030,6
51263,6
374325,13
374325,6
351253,6
351253,13
271699,6
113702,6
113702,13
113705,6
65545,6
253340,6
309553,6
357865,6
343779,6
343780,6
329056,6
329056,13
62925,6
197776,6
72424,6
119028,6
202850,6
89543,6
91384,6
69044,6
51366,6
70202,6
165064,6
165064,13
17925,6
264468,6
254059,6
119022,6
119023,6
17927,6
272629,6
272629,13
184117,6
184117,13
279360,6
279360,13
323729,6
17930,6
17930,13
99011,6
358919,6
46264,13
323701,6
323701,13
58779,6
45481,6
304379,6
99884,6
323720,6
326260,6
95595,13
192893,6
96089,6
118435,6
118435,13
373956,6
255320,6
118437,6
89771,6
47942,6
99353,6
93497,6
93497,13
99842,6
92027,13
179565,6
179565,13
357417,6
357417,13
90062,6
60621,6
95108,13
225689,13
93233,13
138510,6
138510,13
334940,6
56003,6
118443,6
85422,6
21292,6
95080,6
97984,6
322914,6
67828,6
152892,6
50436,6
344304,6
161482,6
161482,13
323106,6
161481,6
161481,13
56738,6
56738,13
323108,6
323108,13
256191,6
256191,13
61673,6
61673,13
329041,6
329041,13
47174,6
47175,6
105035,6
58409,6
43217,6
43217,13
19293,13
322006,6
322007,6
81157,19
81157,13
271705,19
271705,6
271705,13
72516,19
72516,6
72516,13
99023,19
109716,19
109716,6
111785,19
111785,13
140424,19
140424,6
91406,19
91406,6
72228,6
125090,19
125090,6
18005,19
18005,6
18005,13
144184,19
331757,19
331757,6
331757,13
117279,19
518671,19
518671,6
58398,6
58398,13
24115,11
24115,6
161506,13
18046,13
344118,13
323472,6
300604,6
106272,15
106272,14
106272,11
121249,15
121249,14
121249,11
25230,15
25230,14
18106,13
331893,19
331893,13
374009,19
374009,6
331891,19
331891,13
181625,19
181625,6
68725,19
68725,6
241059,19
331762,6
331762,19
225704,19
225704,6
83755,6
220110,19
320226,6
91497,6
91497,19
75683,19
75683,6
53371,19
53371,6
18154,19
18154,13
44836,19
220111,19
346406,19
346406,6
20376,13
98005,13
161917,13
357130,13
357131,6
357131,13
154892,13
138610,2
138610,11
281830,11
281830,21
281830,13
524425,11
524425,21
524425,13
515385,11
515385,21
515385,13
83023,21
323508,6
161623,6
323507,6
271456,6
271458,6
271497,6
271500,6
271502,6
271519,6
271513,6
271489,6
331927,19
331927,6
80973,19
80973,6
45399,19
45399,6
54156,6
54156,19
308703,6
18575,6
85508,6
66359,6
99745,6
323249,13
113709,13
118840,6
118840,13
131918,13
53124,13
345488,13
193085,13
51663,13
231112,6
231112,12
295272,6
231114,6
231114,12
231113,6
216493,12
216493,6
287114,12
287114,6
258501,6
258501,12
216491,6
216491,12
231119,6
286824,6
360695,6
275111,6
216497,6
18645,6
18645,12
251901,6
251901,12
72481,6
72481,12
231118,6
324666,12
324666,6
82189,6
109409,6
109409,12
131841,6
160233,12
160233,6
292621,6
131842,12
131842,6
110296,12
110296,6
83229,6
64215,6
64215,12
292622,6
292622,12
115588,6
267047,6
292937,6
74672,6
107850,6
239712,6
511134,12
511134,6
18670,12
18670,6
18672,6
216496,12
216496,6
41533,6
41533,12
15186,12
15186,6
18683,12
18683,6
42144,6
323272,6
49208,6
49208,12
18694,6
18694,12
161755,12
161755,6
18699,6
18699,12
18701,6
18704,6
18707,12
18707,6
30707,12
30707,6
86731,12
86731,6
332209,6
332209,12
18720,12
18720,6
18734,12
18734,6
323277,6
96895,6
180779,6
225815,6
225816,6
300334,6
315807,6
89221,6
332213,6
219267,6
219267,13
170085,6
170085,13
500104,6
41446,6
18886,6
89716,6
18889,6
18890,6
218441,6
20901,6
18892,6
100355,6
100354,6
74890,6
18899,6
89643,6
95380,6
166039,6
18904,6
41461,6
22606,6
100999,6
121204,6
18912,6
63049,6
321531,6
250366,6
18915,6
41469,6
41469,13
506613,6
89609,6
171197,6
171197,13
166284,6
166284,13
41473,6
500275,6
500275,13
344121,6
344121,13
115921,6
194433,6
194433,13
346015,6
18919,6
60569,6
89417,6
89418,6
45677,6
41482,6
89969,6
93368,6
18922,6
213852,6
232561,6
213842,6
254552,6
213844,6
353385,6
233357,6
92212,6
225818,6
213845,6
76852,6
213846,6
213847,6
69137,6
98611,6
41485,6
249279,6
286937,6
225820,6
211237,6
222317,6
60590,6
49764,6
326866,6
274974,6
270525,6
96350,6
90326,6
252011,6
59110,6
347328,6
258919,6
41490,6
325261,6
94896,6
76853,6
73825,6
324524,6
170457,6
324170,6
237273,6
358667,6
347327,6
329960,6
18923,6
18925,6
18926,6
18929,6
18936,6
166041,6
91000,6
70552,6
60701,6
41496,6
67829,6
67829,13
79525,6
18950,6
96126,6
98856,6
349888,6
91825,6
92200,6
302763,6
339539,6
75085,6
94339,6
117136,6
41500,6
90551,6
152841,6
60958,6
380578,6
41504,6
153171,6
18952,6
18956,6
92788,6
96182,6
99308,6
91214,6
91671,6
99144,6
91378,6
89766,6
89767,6
332404,6
108045,6
332405,6
343419,6
19027,2
19030,2
75957,11
75957,21
91668,6
124102,6
97890,6
93517,6
225840,6
61915,6
86744,6
82848,6
65568,6
83486,6
331119,6
370009,6
368050,6
338107,6
124103,6
343379,6
77235,6
19088,6
374007,6
19091,6
75532,6
91392,6
19093,6
54864,6
128254,6
19098,6
329016,6
106281,15
19103,15
258471,2
155312,2
112134,2
127191,2
127190,2
127187,2
155314,2
230012,2
104722,2
155302,2
21014,2
319835,2
134611,2
211784,2
237663,2
140091,2
140092,2
145008,2
132191,2
363931,2
329617,2
19123,2
75759,2
134773,2
166434,2
329634,2
50931,2
316889,2
201432,2
56228,2
226514,2
115591,2
118843,2
155308,2
165857,2
227654,2
316968,2
103434,2
318348,2
363930,2
66833,2
118845,2
72353,2
104543,2
155350,2
99665,2
134613,2
99666,2
336601,2
45069,2
317679,2
82824,2
50969,2
117508,2
80113,2
155377,2
155336,2
117511,2
59365,2
329637,2
259625,2
231105,2
80404,2
117488,2
370288,2
356884,2
117509,2
127188,2
364624,2
356885,2
138197,2
372711,2
155307,2
63064,2
375466,2
94290,2
116216,2
142507,2
375472,2
175584,2
19125,2
375471,2
267551,2
267552,2
134616,2
88984,2
329855,2
60670,2
329853,2
45254,2
19126,2
117514,2
65887,2
319840,2
332168,2
114148,2
66931,2
243187,2
155303,2
134619,2
134621,2
155435,2
43419,2
75147,2
84032,2
139262,2
375474,2
375061,2
356886,2
155313,2
356834,2
43943,2
249281,2
115592,2
43944,2
329851,2
103019,2
102735,2
155376,2
127189,2
81934,2
102077,2
363933,2
102076,2
258472,2
117513,2
118564,2
155310,2
76878,2
82068,2
356835,2
363932,2
356882,2
375221,2
356880,2
19138,6
43364,6
245484,6
19160,11
19160,6
19161,6
19161,11
44108,6
44108,11
231104,6
231104,11
47865,6
125870,6
125870,11
19164,6
44109,6
168496,6
213735,6
114316,6
89304,6
65726,6
114317,6
68112,6
19168,6
42710,6
114318,6
65193,6
305406,6
274607,6
19171,6
115542,13
258347,6
329114,6
329109,6
372802,6
329938,6
329938,13
80955,6
19196,6
19196,13
121583,6
88697,6
299757,13
55294,13
179828,6
168329,6
149361,13
279263,13
170974,13
50912,12
50912,6
50912,13
50912,11
84105,12
84105,6
84105,13
84105,11
52900,12
52900,6
52900,13
52900,11
108633,6
108633,11
212907,12
212907,6
212907,13
212907,11
85089,13
20708,19
20708,13
93907,19
93907,13
273107,19
273107,13
223146,19
223146,13
93908,19
93908,13
57673,19
57673,13
75852,19
75852,13
5048,19
5048,13
66934,19
66934,13
63566,19
63566,13
71105,19
71105,13
93844,19
93844,13
190606,19
190606,13
283686,19
283686,13
283690,19
283690,13
301544,19
301544,13
283728,19
283728,13
283737,19
283737,13
522256,19
522256,13
283743,19
283743,13
283747,19
283747,13
301545,19
301545,13
283756,19
283756,13
51972,2
51972,14
51972,6
67002,6
115567,6
264520,6
70895,6
84175,6
79636,6
333040,14
333040,6
283672,6
283672,13
321517,19
321517,13
44038,6
305582,13
372367,15
507783,15
372376,15
372388,15
372391,15
372369,15
372380,15
529196,15
372374,15
504552,15
240995,6
240995,11
77221,6
90187,8
90187,6
136650,8
136650,6
290601,6
176861,6
135269,6
135269,13
135269,12
382901,6
382901,13
382901,12
329794,6
329794,13
17805,6
17805,13
264452,1
121753,4
26590,4
26589,4
237950,4
47920,4
118665,4
304175,1
261200,4
755,4
755,1
764,4
764,1
175894,4
307881,4
175130,4
388427,4
186091,4
186092,4
186092,20
524575,4
186106,4
26463,4
804,4
186120,4
186120,20
808,4
98234,4
809,4
26469,4
120600,4
61274,4
26470,4
186126,4
98130,4
821,4
186148,4
186149,4
827,4
186172,4
186173,4
186173,20
186178,4
119088,4
186206,4
186206,20
186207,4
88483,4
26480,4
842,4
186218,4
186218,20
186220,4
186230,4
186231,4
186231,20
186232,4
186232,20
186233,4
855,4
186244,4
186244,20
859,4
859,20
87737,4
186252,4
336204,4
153402,4
193131,4
186272,4
878,4
186285,4
186583,4
186583,11
186610,11
186610,4
332216,11
332216,4
186645,4
186645,11
1102,1
264151,1
25351,8
25351,11
25351,1
89205,8
89205,11
89205,1
1147,8
99889,8
99889,1
188292,8
188292,1
102910,8
294262,8
294262,1
98988,8
98988,1
294261,8
294261,1
49988,8
49988,1
53629,8
259786,4
389068,4
328966,1
26807,1
188787,1
90004,8
90004,1
1410,1
90306,1
208997,1
49599,8
49599,1
98394,1
189126,4
328664,8
298338,8
27106,8
130624,5
1732,5
324823,1
203713,4
94326,1
152849,15
203902,15
203902,11
24712,4
204594,4
143554,5
204972,4
204972,11
204972,1
2403,4
121630,4
205005,4
205006,4
205006,11
205006,1
21619,4
21619,1
28029,4
28029,11
28029,1
153615,4
81550,4
88077,4
88077,1
298574,4
2475,4
2475,1
70025,8
90646,6
368351,6
269119,8
269119,1
2973,8
2973,1
97255,1
130018,1
97067,6
209590,15
141396,15
141396,11
3739,4
3740,4
100347,4
3747,4
152857,4
3751,11
50207,11
50207,4
3902,8
211172,2
238044,2
203554,2
124460,4
95401,4
380619,4
310124,4
237688,4
202876,4
93121,4
89869,4
4190,4
90654,4
30264,4
91267,4
228075,4
98098,4
92111,4
213586,4
213586,1
45922,4
287057,4
287057,1
286581,4
286581,1
4222,4
4222,1
92234,4
97550,4
119210,4
213618,4
213618,1
4182,4
4202,4
214063,15
214069,11
214069,15
214069,14
176641,15
176641,11
176641,14
214076,11
214076,15
214076,14
214090,15
214094,15
214094,11
214094,14
176644,15
158043,15
214103,11
214103,15
214103,14
214108,15
214108,11
214108,14
214109,11
214109,15
214109,14
158042,11
158042,15
158042,14
214114,15
214114,11
214114,14
214119,15
214120,11
214120,15
214120,14
214123,11
214123,15
214123,14
176645,15
214128,11
214128,15
214128,14
214174,15
214174,11
214174,14
214026,15
214187,15
214188,15
214048,15
214411,4
30687,4
4454,4
163834,1
505252,8
505252,4
95011,1
95011,4
169577,4
87716,1
324820,4
324820,1
30891,1
317520,4
317520,1
215276,4
50480,1
95338,4
258538,4
258538,8
223116,4
97953,4
97953,8
258543,4
29594,4
328419,4
318104,8
318104,4
249892,4
301597,4
43300,4
223118,4
258533,4
286210,4
27640,4
256794,8
256794,4
116329,8
116329,4
318111,4
258527,4
94628,4
256768,4
63325,4
334666,4
29668,8
29668,4
257246,4
318118,4
43429,4
29669,8
29669,4
256607,4
202898,4
258245,4
258522,4
318122,4
29673,8
29673,4
318125,4
223121,4
274512,4
306458,4
72687,4
93513,4
29561,4
29563,4
4836,4
4837,4
4837,8
256587,8
256587,4
258899,4
61262,4
61262,11
74990,4
29567,4
4840,8
4840,4
258512,4
63594,4
95729,4
96095,4
89911,4
4853,4
29574,8
29574,4
4866,4
92743,4
4868,4
91409,4
198380,4
4873,4
4874,4
96122,4
96122,8
97143,4
90327,4
30308,8
30308,4
91856,4
89252,4
211059,4
375747,4
89486,4
367878,4
91967,4
96836,4
98567,4
211061,4
374886,4
29584,4
97661,4
30316,4
95921,4
93896,4
97124,4
24145,4
4882,4
27323,4
97385,4
4888,4
92449,4
256624,4
4890,8
4890,4
4893,4
86629,4
72437,4
101140,4
98141,4
29598,8
29598,4
93049,4
279425,4
29601,8
29601,4
4898,8
4898,4
98245,4
20145,8
20145,4
93439,8
93439,4
4904,4
4904,8
91656,4
134606,4
4906,4
29610,4
4907,4
254329,4
227008,4
124201,4
4908,4
4909,4
4909,8
140999,4
306367,4
306367,8
29612,4
101150,8
101150,4
4912,4
4914,4
97901,4
359753,4
29614,4
97107,4
29648,4
4924,4
119541,4
25058,4
29619,4
29619,11
4929,4
238822,4
112639,4
44406,4
50897,4
56987,4
56987,11
64917,4
4937,4
86630,4
71772,4
98261,4
240831,4
343936,4
343936,8
92088,4
112637,4
98142,4
216809,4
4941,4
96894,4
29638,4
90426,4
91349,4
98303,4
95056,4
4948,4
4947,4
383083,4
30438,4
30438,8
29643,4
29643,8
49090,4
25699,4
258064,4
97770,4
90502,4
46963,4
258065,4
92214,4
99342,4
77013,4
63256,4
4953,4
29659,4
63740,8
63740,4
51027,4
91200,8
91200,4
82391,4
89554,8
89554,4
83216,4
92662,8
92662,4
87595,4
94239,8
94239,4
81975,4
120476,4
90989,4
223138,8
223138,4
4958,4
50985,4
97108,4
29664,8
29664,4
318107,4
318054,8
318054,4
318117,8
318117,4
318120,8
318120,4
367882,4
86557,4
82389,4
94031,4
120464,4
316915,4
180575,8
180575,4
5131,8
5131,4
5132,4
5134,4
5133,8
5133,11
5133,1
5135,4
110272,4
375869,4
30968,4
238827,4
30969,4
114033,4
115561,4
5138,8
5138,4
94140,4
98751,4
117889,4
80405,4
30970,4
5143,8
5143,4
114450,8
114450,4
74644,8
74644,4
22532,4
23564,8
23564,11
23564,1
5148,4
98634,4
5152,8
5152,4
5153,4
5155,8
5155,4
106107,4
106107,8
5157,8
5157,4
317582,4
307191,8
307191,1
112182,8
112182,1
5215,8
5215,1
95116,4
387880,8
387880,1
21556,4
136752,4
30995,4
106295,4
5230,4
5230,11
129404,1
61264,8
61264,1
83826,8
176623,8
176623,1
5696,8
5696,1
70070,8
70070,1
104980,8
31558,8
31558,1
5731,8
5731,1
26714,4
26714,1
5785,4
5785,11
5785,1
20438,4
20438,1
5786,11
31802,11
209645,11
341538,8
124093,8
171317,8
149255,8
5896,8
118284,8
382330,15
382330,14
106115,15
290716,15
290716,11
290694,15
290694,11
6284,15
209593,15
372072,15
261201,4
206244,4
261199,4
218572,4
168294,4
41736,4
6540,4
134143,4
134142,4
132792,4
85946,4
26715,4
168888,4
32116,4
6733,8
77709,1
77709,8
99997,1
99997,8
205139,1
205139,8
239532,4
94422,4
102830,4
316754,4
239495,4
54246,4
103724,4
306347,4
309317,4
98409,4
102073,4
89327,4
137126,4
254513,4
57078,4
104600,4
223416,4
309336,4
6806,4
6810,4
309283,4
237069,4
95032,4
6813,4
6814,4
103364,4
45892,4
251588,4
89810,4
62259,4
99186,4
99187,4
6822,4
6823,4
283872,4
101231,4
223419,4
6835,4
32586,4
117301,4
273438,4
115681,4
6834,4
375884,4
6839,4
6838,4
131495,4
242617,6
103353,15
69507,15
176659,15
45880,10
521262,1
500562,1
337255,1
368486,1
337258,1
368487,1
83787,1
368509,1
500623,1
368511,1
337289,1
337296,1
337472,1
368514,1
97800,1
141421,11
141421,15
141421,14
378561,4
378561,1
308064,4
308064,1
378562,4
378562,1
382523,4
382523,1
223496,8
223496,11
223496,4
389086,4
389086,1
382304,4
382304,1
382527,4
382527,1
335547,4
335547,1
389085,4
389085,1
7333,4
90495,4
91511,8
91511,11
91511,4
7351,4
7351,1
282110,4
282110,1
97596,4
7361,4
308065,4
308065,1
526394,4
526394,1
51547,4
51547,1
517290,4
517290,1
30464,4
7403,4
180021,4
94847,4
119868,4
7411,4
7422,4
90097,4
250231,4
250231,1
351454,4
351454,1
360342,4
360342,1
131928,4
359762,4
359762,1
378564,4
378564,1
7427,4
33007,4
7437,4
7437,1
382303,4
382303,1
7439,4
7439,1
24174,4
7443,8
7443,4
7444,4
66953,6
66953,11
245761,4
7536,4
536796,4
273599,4
7538,4
372243,4
96904,4
94362,4
172930,4
30445,4
517729,4
535598,4
52007,4
517533,4
81782,4
187121,4
367954,4
536540,4
536011,4
536091,4
517674,4
324929,4
126690,4
235790,4
110622,4
360564,4
170657,4
283062,4
117702,4
172928,4
117703,4
170658,4
536118,4
518083,4
517264,4
517333,4
367481,4
517433,4
367482,4
517443,4
367483,4
517455,4
367484,4
517336,4
517335,4
517356,4
517426,4
30368,4
521535,4
521779,4
126692,4
517648,4
324262,4
324263,4
208044,4
208045,4
126670,4
306377,4
517735,4
517435,4
272373,4
300595,4
517354,4
517342,4
89203,4
517454,4
536563,4
506929,4
315583,4
517632,4
216758,4
48068,4
90746,4
536620,4
83348,4
119794,4
131249,4
517690,4
48669,4
170660,4
7551,4
90689,4
119795,4
360345,4
91257,4
358789,4
536227,4
30386,4
517406,4
60331,4
529936,4
517697,4
522216,4
519266,4
194575,4
273601,4
152265,4
24750,4
7556,4
359565,4
367886,4
536079,4
208726,4
369749,4
169897,4
194344,4
372254,4
316318,4
517628,4
306380,4
350678,4
276494,4
375176,4
272309,4
375178,4
372309,4
126685,4
521427,4
278944,4
245028,4
521369,4
255458,4
272371,4
521732,4
182243,4
113949,4
184428,4
7558,4
285413,4
7561,4
155597,4
97292,4
100596,4
21509,4
7563,4
21171,4
208012,4
93881,4
143893,4
30374,4
30406,4
22533,4
73712,4
52464,4
208030,4
7568,4
194337,4
7570,4
521457,4
96672,4
533786,4
64582,4
223614,4
145708,4
7574,4
223616,4
93442,4
173115,4
257512,4
533564,4
101346,4
207970,4
197933,4
90921,4
57607,4
7578,4
91296,4
126653,4
519578,4
119785,4
170365,4
138037,4
216760,4
194555,4
276479,4
198412,4
30470,4
124107,4
98410,4
179702,4
287082,4
113950,4
302042,4
114164,4
194564,4
536338,4
525430,4
187428,15
187428,11
187428,14
140195,15
140195,11
140195,14
260743,15
131785,15
131785,11
131785,14
7639,15
166384,1
7822,8
7822,1
7848,8
43088,8
178010,1
90888,1
103674,8
180966,1
169833,1
182516,1
110074,1
33488,1
33488,8
166508,1
133563,4
319932,4
60133,4
127395,4
187383,4
68471,4
369063,4
65335,4
171765,4
89544,4
92954,4
80878,4
347355,4
90474,4
365358,4
325086,4
211413,4
133729,4
26242,4
7997,4
93456,4
60033,4
89297,4
8008,4
182096,4
33554,4
370780,4
33561,4
248800,15
297093,8
297093,1
332437,15
8146,15
97057,8
97057,1
57500,8
57500,1
8163,8
8163,1
33658,4
33658,11
33659,4
33659,11
8193,4
8193,11
8194,4
8194,11
8195,4
8195,11
136858,11
136858,4
8281,15
8281,14
8284,15
8284,14
120568,15
120568,11
8286,15
8286,11
103603,15
103603,11
504809,15
504809,14
504102,15
504102,11
96282,6
96282,8
195335,1
226869,1
169114,1
87988,1
90111,1
195395,1
504259,1
504635,1
503896,1
503640,1
8645,8
8645,1
98636,8
98636,1
95839,8
95839,1
97896,8
97896,1
20128,8
20128,1
117303,8
117303,1
270324,15
63393,4
63393,11
76495,4
76495,11
50739,4
50739,11
57208,1
298659,15
268557,15
253899,15
175162,4
223886,4
8882,4
25518,4
170811,4
117710,4
170812,4
8887,4
53654,4
8890,4
8891,4
89598,4
60381,4
85566,4
153490,4
153490,11
153490,14
318559,4
318559,11
318559,14
226621,4
226621,11
226621,14
257880,4
257880,11
257880,14
262274,4
262274,11
262274,14
62630,4
62630,11
62630,14
318558,4
318558,11
318558,14
226623,4
226623,11
226623,14
86812,4
86812,11
86812,14
52593,4
52593,11
52593,14
318561,4
318561,11
318561,14
349497,4
349497,11
349497,14
276219,4
276219,11
276219,14
235500,4
235500,11
235500,14
54698,4
54698,11
54698,14
318569,4
318569,11
318569,14
69096,4
69096,11
69096,14
389053,4
389053,11
389053,14
389055,4
389055,11
389055,14
389056,4
389056,11
389056,14
226625,4
226625,11
226625,14
82514,4
82514,11
82514,14
115682,4
115682,11
115682,14
318556,4
318556,11
318556,14
66096,1
179289,8
179289,1
200055,4
91798,4
9182,4
94582,4
240814,4
9183,4
96528,4
133429,4
526144,1
335555,4
306634,4
94298,4
326525,4
92008,4
91368,4
351618,4
326526,4
150507,4
59378,4
367379,4
92316,4
93391,4
164888,1
164888,4
94962,4
85998,4
90427,4
67722,4
376738,4
170971,4
141600,4
526034,1
80611,4
360901,4
351604,4
100076,4
135395,4
93514,4
335575,4
351620,4
56564,4
55767,4
344619,4
351621,4
75665,4
75665,1
344958,4
91965,4
67694,1
54630,4
9213,4
9218,4
9229,1
9235,4
9266,4
361569,4
150041,4
20386,4
76501,4
89653,4
168297,4
9297,4
168300,4
9314,4
171758,4
21176,4
9341,4
9342,4
221633,4
26716,4
23314,4
9343,4
9345,4
9346,4
20389,4
9347,4
23313,4
9349,4
44458,4
9406,4
78750,4
25692,4
69794,4
510672,4
32980,4
32980,1
231068,4
231068,11
339588,4
242247,11
242247,4
208324,11
208324,4
242245,4
242245,11
94249,4
94249,11
45114,4
86706,4
86706,11
168476,4
168476,11
54917,4
54917,11
62217,11
62217,4
339587,4
339587,11
56772,4
56772,11
75472,8
75472,4
75472,11
86707,8
86707,4
86707,11
327528,4
339578,4
339578,11
284133,4
284133,8
242185,4
242185,11
171904,4
171904,11
40468,4
40468,11
33982,4
33982,11
339580,11
339580,4
40467,4
40467,11
231088,4
231088,11
107869,4
107869,11
72787,4
75902,4
328957,1
328969,1
75801,1
328967,1
9924,8
9924,1
218589,1
353775,8
353775,1
362479,8
362479,1
362478,8
362478,1
132852,11
132852,4
24491,11
24491,4
10003,4
119801,4
10006,4
10012,4
362024,8
10035,8
10054,8
10346,1
10357,15
10357,14
20002,15
20002,14
131615,15
10363,15
150650,15
20001,15
20001,14
271553,15
271553,14
10368,15
10368,14
10368,11
10370,15
10370,11
10370,14
150628,15
150628,14
10373,15
10373,14
10375,15
10375,14
10375,11
10389,4
107355,15
107355,11
106168,15
106168,11
106169,15
106169,11
106173,15
106173,14
10919,4
10919,11
259850,4
259850,1
303793,4
303793,11
303790,4
303790,11
11205,4
11205,11
80042,11
80042,4
11206,11
11206,4
224278,8
58272,8
524113,4
529141,4
529138,4
269604,4
529426,4
515252,4
524116,4
515253,4
343394,4
270844,4
529255,4
251103,4
529153,8
529153,4
255405,4
524125,4
11247,4
351483,4
238859,4
375853,4
351484,4
351485,4
351487,4
505403,4
256298,4
42745,4
258026,8
258026,4
337648,4
131700,4
218206,4
11252,4
195343,4
194799,4
255403,4
11253,4
326527,4
162681,4
58446,4
30943,4
11259,4
11262,4
162575,4
11268,4
170676,4
243522,4
11271,4
196695,4
22536,4
30955,4
224287,4
168890,4
80189,4
96914,4
311996,4
92568,4
281018,4
55011,4
292079,4
355960,4
109673,4
65280,4
55396,4
288572,4
93930,4
61508,4
235703,4
370244,4
344523,4
269262,4
90231,4
68672,4
96318,4
120931,4
280380,4
46581,4
136603,4
114745,4
120928,4
95558,4
82141,4
89431,4
167001,4
96737,4
224306,4
83688,4
96484,4
71707,4
257543,4
71708,4
47423,4
389020,4
94689,4
375324,4
97788,4
108646,4
90112,4
43541,4
112865,4
359790,4
89401,4
120938,4
281410,4
82666,4
82666,11
82666,14
60230,4
92062,4
46048,4
46048,1
45323,4
112121,4
294183,4
346927,4
51516,4
177303,4
221231,4
220752,4
76712,4
183629,4
89835,4
344527,4
341691,4
310107,4
75670,4
96192,4
109851,4
79999,4
315103,4
304163,4
68906,4
52833,4
93336,4
124202,4
315233,4
76761,4
28787,4
110953,4
90317,4
367990,4
167036,4
121718,8
121718,4
121718,11
162669,8
162669,4
162669,11
120986,8
120986,4
120986,11
11346,4
114478,4
11349,4
11348,4
233991,4
74848,4
71856,8
71856,4
189324,8
189324,4
189324,11
11353,4
11352,8
11352,4
132760,4
112634,4
24048,4
205896,4
224338,4
11362,4
224340,4
224341,4
224342,4
224343,4
224344,4
11363,4
280092,4
523685,4
286199,4
224351,4
224353,4
224354,4
11373,4
264590,4
72498,4
284653,4
11380,4
74758,4
74758,11
74758,14
48820,4
48820,11
48820,14
11385,4
259159,4
259160,4
11388,4
11394,4
71874,4
100488,8
100488,4
100488,11
89019,8
89019,4
89019,11
190359,4
11404,4
129351,4
224368,4
224369,4
110352,4
110352,11
110352,14
11409,4
106419,4
11413,4
11417,18
11417,1
347349,14
284053,4
299448,4
106619,4
332557,4
69024,4
106727,4
207950,4
106967,4
211722,4
253902,4
106841,4
284200,4
224379,4
154641,4
192275,4
271037,4
61894,4
520802,4
191247,4
11514,4
96738,4
339034,4
384401,4
196546,4
298770,4
284060,4
128492,4
280918,4
332558,4
297924,4
325603,4
378184,4
359886,4
115212,4
387442,4
218675,4
98076,4
102584,4
238873,4
255058,4
297289,4
284069,4
269693,4
98077,4
378183,4
284073,4
171900,4
332583,4
270549,4
144907,4
297290,4
284078,4
250814,4
269607,4
238874,4
283052,4
144906,4
255225,4
338993,4
387443,4
61331,4
317892,4
315347,4
387441,4
96245,4
339005,4
201574,4
332592,4
344649,4
11518,4
151112,4
269783,4
284092,4
182282,4
77220,4
321378,11
321378,4
77060,11
77060,4
126556,4
324978,4
41645,4
387438,4
290755,4
226533,4
65445,8
65445,1
78447,8
78447,1
224394,8
224394,1
224395,8
224395,1
286854,8
286854,1
11841,1
105595,1
264458,1
235051,1
525054,8
525054,1
115215,4
115215,11
244740,4
11942,4
11944,4
127939,4
127939,8
93265,8
93265,4
222353,4
222353,8
89096,8
89096,4
89096,11
127625,8
127625,4
111911,4
111911,8
332076,8
332076,4
86414,8
86414,4
82724,8
82724,4
326009,1
12224,8
12224,1
109345,8
109345,1
328936,8
328936,1
101844,8
101844,1
55677,8
55677,1
12229,8
12229,1
12230,8
12230,1
109386,8
109386,1
72810,8
72810,1
45366,8
45366,1
83998,8
83998,1
23054,8
65964,8
12311,8
12327,18
12327,1
12328,18
12328,1
60241,8
60241,1
68074,14
12878,8
12878,1
64844,8
64844,1
79550,1
19788,14
13038,18
171810,14
183849,14
13046,18
13046,1
106217,15
106217,11
106217,14
131621,11
131621,15
306963,8
45904,8
45904,1
13409,1
293749,4
177777,4
177777,8
59078,4
13550,1
13568,1
168596,11
168596,8
168596,1
239874,11
239874,8
239874,1
99198,11
99198,8
99198,1
53477,11
53477,8
53477,1
243524,11
243524,8
243524,1
103043,11
103043,8
103043,1
298256,11
298256,8
298256,1
521956,1
95897,11
95897,8
95897,1
42498,11
42498,8
42498,1
248568,11
248568,8
248568,1
231115,11
231115,8
231115,1
13676,1
61177,11
61177,8
61177,1
117815,11
117815,8
117815,1
370983,1
371695,1
73080,8
73080,1
75288,11
75288,8
75288,1
51009,11
51009,8
51009,1
64067,11
64067,8
64067,1
71481,11
71481,8
71481,1
52519,11
52519,8
52519,1
344797,1
72398,1
111993,11
111993,8
111993,1
90153,8
90153,1
102829,11
102829,8
102829,1
83349,1
68538,11
68538,8
68538,1
149263,8
149263,1
104296,11
104296,8
104296,1
101872,11
101872,8
101872,1
102160,11
102160,8
102160,1
84957,11
84957,8
84957,1
84408,8
84408,1
169039,1
306106,1
112979,1
76405,1
168093,1
53262,1
86797,1
319958,11
319958,8
319958,1
282212,1
87058,1
87004,1
170712,11
170712,8
170712,1
196043,1
241282,1
237224,1
268855,1
62643,1
519885,1
359471,1
181153,1
345449,1
70651,1
87266,1
179075,1
110128,1
76406,1
80214,1
517835,1
136216,1
82999,1
272944,1
288142,1
179079,1
125881,1
136877,1
313915,1
174365,1
82342,1
144827,1
174373,1
250953,1
284169,1
284171,1
297821,1
307747,1
44307,1
521358,1
521296,1
57709,1
78135,1
521472,1
136074,1
179149,1
282225,1
313988,1
268863,1
345462,1
268864,1
284182,1
250320,1
517252,1
224669,1
521672,1
49762,1
66196,1
517661,1
71595,1
44774,1
169054,1
111457,1
112995,1
300197,1
67312,1
112982,1
250321,1
196044,11
196044,8
196044,1
268869,1
48824,1
196989,1
174398,1
112983,1
84090,1
113015,1
57654,1
174403,1
517684,1
113018,1
308908,1
268880,1
180861,1
226293,1
250324,1
72604,1
82218,1
73795,1
43320,1
242048,1
72142,1
284219,1
134721,1
350024,1
237940,1
125884,1
118183,1
178948,1
115584,1
174427,1
118186,1
79984,1
110991,1
521601,1
180542,1
209522,1
211576,1
250963,1
250964,1
99675,1
144845,1
326387,1
43058,1
521162,1
44023,1
127846,1
308912,1
76978,1
227338,11
227338,8
227338,1
76837,1
227668,1
73453,1
298164,1
306120,1
74369,1
113001,1
286376,11
286376,8
286376,1
268874,1
237232,1
174473,1
42478,1
69179,1
179199,1
74175,1
193916,1
136078,1
59547,1
299521,1
211579,1
237234,1
57170,1
113025,1
300202,1
211729,1
180862,1
136080,1
69272,1
178949,1
521456,1
114483,1
251924,1
179216,1
74484,1
298168,1
60080,1
83157,1
113026,1
179221,1
113004,1
250331,1
298170,1
66918,1
81660,1
250971,1
117350,11
117350,8
117350,1
510952,11
510952,8
510952,1
268813,1
69003,1
350810,11
350810,8
350810,1
108858,1
126747,1
359228,1
180863,11
180863,8
180863,1
65777,11
65777,8
65777,1
86403,11
86403,8
86403,1
322031,1
231161,11
231161,8
231161,1
13753,8
13753,1
13760,8
13760,1
131275,8
131275,1
224687,1
13774,11
13774,8
13774,1
240862,1
169268,11
169268,8
169268,1
79447,11
79447,8
79447,1
99240,11
99240,8
99240,1
51891,11
51891,8
51891,1
101487,11
101487,8
101487,1
72009,11
72009,8
72009,1
171756,11
171756,8
171756,1
86817,11
86817,8
86817,1
345284,11
345284,8
345284,1
325874,11
325874,8
325874,1
521689,1
521689,8
65508,11
65508,8
65508,1
119043,11
119043,8
119043,1
272960,11
272960,8
272960,1
133875,1
231139,1
303281,1
94816,1
231136,1
13892,1
44924,1
318591,11
318591,8
318591,1
335285,1
13901,1
92034,1
76492,8
69477,11
69477,8
69477,1
182487,8
118094,11
118094,8
118094,1
53711,11
53711,8
53711,1
46536,11
46536,8
46536,1
99818,11
99818,8
99818,1
99582,11
99582,8
99582,1
76349,11
76349,8
76349,1
90436,11
90436,8
90436,1
84631,11
84631,8
84631,1
72025,11
72025,8
72025,1
224654,11
224654,8
224654,1
285478,1
65456,11
65456,8
65456,1
368623,11
368623,8
368623,1
359802,11
359802,8
359802,1
82916,11
82916,8
82916,1
86720,11
86720,8
86720,1
93544,8
13882,11
13882,8
13882,1
377785,11
375858,4
522869,4
14073,4
367918,4
198658,1
294264,8
294264,1
14183,8
14183,1
224752,4
14190,4
92745,4
14327,8
14348,8
14348,1
89446,1
49203,1
138651,1
74005,1
254367,1
30518,1
218382,15
106222,15
119928,15
119928,14
119934,15
269091,15
269091,14
84397,8
84397,1
48018,8
181621,8
197167,1
197167,8
71357,8
381635,8
381635,1
108563,8
108563,1
349919,8
349919,1
367679,8
142527,8
197171,1
197171,8
220850,1
220850,8
173296,8
112837,1
112837,8
334171,1
334171,8
72889,8
97047,1
97047,8
90761,8
306517,8
271658,1
271658,8
241858,1
241858,8
15809,8
15809,1
225030,8
225030,1
15810,8
182313,8
269211,8
85586,8
85586,1
153840,1
153840,8
196707,1
196707,8
84372,8
269214,8
15812,1
15812,8
52122,8
269149,8
98169,1
98169,8
72029,1
72029,8
87918,1
87918,8
15829,15
15829,11
313684,9
179635,9
69751,9
180558,9
313685,9
84024,11
84024,15
60432,11
60432,15
41751,1
41751,20
285275,1
285275,20
94837,8
94837,1
91884,18
91884,11
91884,14
179269,8
225391,8
99479,8
225393,8
45298,8
104323,8
225397,8
61415,8
225415,8
94638,8
98968,8
76502,8
75251,8
212210,1
183201,8
81389,8
153759,8
225448,8
90070,8
82140,8
225457,8
89421,8
112661,8
57772,8
87227,8
225472,8
47963,8
112706,8
74531,8
225477,8
41588,8
98871,8
16623,8
72376,8
51695,8
225507,8
16555,8
16558,8
47214,8
225511,8
227015,8
16604,8
152926,8
225522,8
64323,8
225539,8
225540,8
225486,8
225499,8
99194,8
102488,8
226860,4
27853,8
27853,4
57426,4
22542,4
16834,4
16835,4
93625,4
162948,4
16838,4
16838,1
99934,4
26085,4
277407,4
16839,4
370266,4
165116,4
16845,4
54795,4
16850,4
370277,4
370267,4
25956,4
104828,8
104828,4
45771,4
210517,4
51818,4
16863,4
238884,4
368261,4
16867,4
16868,4
98765,4
31383,4
89243,4
359809,4
261198,4
16873,4
90067,4
16918,8
16918,15
67893,8
67893,15
51223,8
51223,15
69729,8
69729,15
16936,15
87463,8
87463,15
45299,8
45299,15
52408,8
52408,15
16962,15
272256,15
51565,8
51565,15
85548,15
85548,8
66449,8
66449,1
66449,15
529381,8
529381,15
529380,8
529380,15
344843,8
344843,15
17085,8
17085,15
528871,8
528871,1
528871,15
93735,8
93735,1
93735,15
64966,1
180034,1
17388,8
17388,1
17389,8
17389,1
41795,8
41795,1
175321,8
175321,1
17459,8
17705,11
17705,4
17764,1
238885,4
17789,4
375651,4
17788,4
273487,4
532641,15
533267,15
161395,15
176673,15
112582,15
112582,14
112583,15
112583,14
522554,15
522554,14
268592,15
268592,14
382653,15
382653,14
522904,15
522904,14
514483,15
514483,14
242554,8
242554,4
372064,8
372064,4
242555,8
242555,4
105804,8
105804,4
99000,8
99000,4
105005,8
105005,4
94374,8
94374,4
18036,8
18036,4
141063,8
141063,4
93864,11
93864,4
272213,11
272213,4
522890,4
522889,4
18405,1
65436,4
65533,4
26720,4
226862,4
226862,1
124484,4
18431,4
227021,4
117498,4
117498,1
101878,4
101878,1
43638,4
43638,1
297999,4
18432,4
42001,4
96450,4
244152,4
80519,4
100980,4
92262,4
239119,4
106303,4
95550,4
23315,4
18555,4
254213,18
182437,1
119511,4
119511,11
19213,4
19215,11
19215,4
269143,11
269143,4
42843,4
42843,11
165922,4
165922,11
20457,11
20457,4
244211,4
19217,4
93194,4
225033,8
225033,1
350937,8
350937,1
139740,8
139740,1
79,11
79,14
120645,11
120645,14
139869,11
139869,14
387197,1
387197,8
227799,1
222446,8
222446,1
94981,8
94981,1
143603,5
143611,5
120173,5
127545,5
76636,5
57963,5
134692,5
57964,5
142882,15
185495,15
462,15
185797,8
42233,8
21702,8
536656,1
536137,1
535518,1
536310,1
69456,15
69456,11
69456,14
176633,15
176633,11
176633,14
26570,8
90025,11
90025,8
55512,8
1170,8
1176,8
139137,8
1183,8
100755,8
155548,8
508044,8
508083,11
508083,8
155553,8
1193,8
1197,8
124457,11
124457,8
1200,8
80768,8
94888,1
108867,1
118305,1
222530,1
1256,1
1257,1
315305,1
64227,1
234639,1
188351,1
1271,1
127876,1
344948,1
201413,8
201413,1
188533,8
188533,1
188534,8
1321,8
1321,1
120430,8
188536,8
188536,1
188535,8
188535,1
91072,8
188544,8
114230,8
27537,8
188550,8
188552,8
188552,1
26754,1
26754,20
218303,8
218303,1
60636,8
303275,1
112688,8
112688,7
102607,8
102607,7
87133,8
87133,7
81330,8
81330,1
74828,8
74828,1
48762,8
105670,8
270889,1
270889,8
27019,8
318593,8
285981,8
285981,1
1676,8
1680,1
339600,8
362637,1
63705,8
287535,8
275202,8
361654,8
275203,8
275204,8
529241,1
317591,8
334459,8
383613,1
334460,8
152522,8
61757,8
272988,1
92379,1
63774,8
262203,8
228958,8
79067,8
79305,8
241898,8
521492,8
521763,1
521696,1
92795,8
155119,1
334696,8
521087,8
116653,1
84647,8
61547,3
61547,1
61547,7
228423,8
228423,1
46419,8
90914,8
76622,8
141834,1
154905,1
153128,8
153128,1
316735,8
386750,1
386747,1
284955,8
317119,8
334712,1
317626,8
317118,8
367695,8
334713,8
284954,8
287983,8
521951,1
139850,1
370857,8
520880,1
385311,1
385312,1
521239,1
521115,1
375942,8
171120,8
57887,8
1909,8
502346,1
359285,1
100927,8
222685,8
306882,1
173141,1
374191,8
299480,8
299481,8
374193,8
255726,8
179039,8
1921,8
41650,8
41650,1
1923,1
222689,8
347493,8
310368,8
1994,4
2502,11
62105,16
62105,1
69538,16
69538,1
318968,16
318968,1
96456,6
98356,6
95060,6
89139,6
192909,6
368907,6
92059,6
44170,6
72913,6
364878,6
500319,6
93478,6
90497,6
94785,6
45252,6
99238,6
2749,6
97109,6
47569,6
30018,6
98517,6
93083,6
41914,8
41914,1
95429,8
95429,1
114098,8
114098,1
2891,8
2891,1
78484,8
78484,1
97387,8
97387,11
222897,1
182475,8
206762,8
206762,1
2905,8
56662,1
2914,8
48346,8
48346,1
206641,8
228043,1
334466,1
138624,1
72806,8
72806,1
82689,1
86384,8
102307,1
206788,8
206792,8
206792,1
28670,8
2925,8
2925,1
48915,8
48915,1
96804,8
96804,1
89061,8
89061,1
260919,1
85424,1
93725,8
222908,1
99146,1
2964,8
335693,1
136848,1
153256,1
95198,1
300192,1
99779,8
99779,1
2965,8
2965,1
345421,8
345421,1
96254,8
96254,1
115317,8
2967,8
2967,1
283825,8
321343,8
321343,1
43045,8
206707,8
206707,1
58648,8
58648,1
62931,8
62931,1
68088,10
68088,1
3315,1
94884,1
94884,20
157585,15
157585,1
157586,15
157586,1
86146,4
44100,1
125475,8
91504,8
4691,1
371803,15
371803,14
4718,15
382328,15
382328,14
89703,15
89703,14
56367,8
30961,8
30961,1
5103,8
87495,15
87495,11
169895,4
79852,4
5142,4
194077,4
194077,1
293543,4
102421,4
236661,4
236661,1
90036,4
90036,1
127874,4
127874,1
127955,4
5149,4
5156,4
30985,1
57492,1
59149,1
84011,1
117062,1
315815,15
315815,11
315815,8
339250,15
181222,8
181222,15
181222,11
327587,15
327587,11
327587,8
285767,8
285767,11
285767,15
285768,8
285768,11
285768,15
346054,15
324830,15
324830,11
324830,8
383873,15
181223,8
181223,15
181223,11
345422,15
334692,15
317593,15
239040,15
346111,15
306104,15
347713,15
356021,15
347715,15
336856,15
364710,15
350953,15
357474,15
344177,15
345596,15
318023,15
318023,8
318023,11
317447,15
317447,8
317447,11
279814,8
279814,11
279814,15
22314,15
202360,11
202360,14
121934,1
203493,8
203493,1
256345,8
256345,1
103749,8
103749,1
85659,1
87828,8
87828,1
274989,8
126262,8
137784,1
89472,1
63796,8
63796,1
82091,1
297660,8
297660,1
162600,1
46504,8
64715,1
80944,8
80944,1
168068,1
230845,1
294497,8
43065,8
43065,1
95972,8
92506,8
92506,1
56836,8
288643,8
290496,8
198931,1
273604,8
288912,1
110304,8
110304,1
288642,8
5713,8
5713,1
60763,8
63896,8
63896,1
5728,8
5728,1
58061,8
58061,1
94868,8
78825,8
78825,1
130044,8
130044,1
91589,1
5893,11
5893,14
131605,11
131605,14
131606,11
131606,14
6045,8
117280,8
6062,8
6063,8
90815,8
301551,8
73524,8
94770,8
31940,8
174722,8
174723,8
104032,15
104032,11
6225,11
6225,14
6225,15
6226,14
6226,15
6226,11
284418,15
284418,11
284418,14
6237,14
6237,15
6237,11
346720,8
346720,11
346720,15
31998,8
31999,8
86272,11
118664,11
59171,4
89647,6
128926,6
240558,8
92566,8
98652,8
32542,8
50628,8
120470,8
115320,8
79272,8
42777,8
382734,8
81968,8
368332,8
7073,8
7073,1
521238,1
521442,1
521574,1
521609,1
521189,1
521564,1
337268,1
90698,1
302260,14
302260,11
302259,14
302259,11
249059,14
249059,11
90098,4
44782,4
30418,4
139815,4
307968,4
194343,4
30439,4
137716,15
7620,15
176660,15
192134,1
192134,8
88583,1
88583,8
33445,1
33445,8
201589,1
201589,8
243150,1
243150,8
243151,8
243151,1
243152,1
243152,8
111942,8
111942,1
201590,1
201590,8
88746,1
88746,8
56094,1
56094,8
7753,8
201592,8
201592,1
197092,1
197092,8
255116,8
255116,1
201591,1
201591,8
271987,1
271987,8
109499,8
109499,1
47366,8
47366,1
195367,8
195367,1
152789,1
152789,8
46871,8
46871,1
314705,1
314705,8
357512,1
357512,8
286068,8
286068,1
73054,1
73054,8
150430,1
150430,8
46738,8
81870,8
81870,1
7807,1
7807,8
68933,8
7830,8
7830,1
64980,1
64980,8
45685,1
45685,8
284644,1
284644,8
114470,1
114470,8
237098,1
237098,8
182780,8
182780,1
177416,8
177416,1
177418,8
177418,1
92806,8
92806,1
94933,1
94933,8
100033,8
100033,1
33526,8
33526,1
502222,1
50284,8
50284,1
33452,1
64331,1
223671,1
7871,8
7871,1
309409,8
309409,1
33489,8
241466,1
61367,1
41772,1
231952,8
231952,1
318594,8
8166,1
8166,8
72095,1
72095,8
33645,8
8173,8
8173,1
45497,8
351062,8
344492,8
94383,8
293481,1
293481,8
8278,15
327523,15
168709,6
170222,6
178353,6
282197,6
345106,8
345106,6
8462,6
75511,6
8463,8
8463,6
373026,6
96043,8
96043,6
311353,8
311353,6
518106,8
293184,8
293179,8
195598,8
195598,1
91696,8
91696,1
201546,8
8649,1
8649,8
278444,1
326219,1
237391,1
272339,1
334583,1
525442,1
252326,1
270295,1
222214,1
127167,1
222218,1
208888,1
251402,1
64134,1
251406,1
313794,1
180740,1
159286,15
156645,15
143295,16
143295,1
239153,16
239153,1
118025,16
118025,1
149100,16
149100,1
8960,16
8960,1
356895,15
356895,1
356895,8
357111,1
357111,15
357063,8
356896,8
356896,1
534071,1
534071,15
141321,1
141321,15
377833,15
377833,1
377833,14
356955,15
356955,1
356955,14
378218,15
378218,1
378218,14
377842,15
377842,1
377842,14
525995,8
525995,1
57325,8
57325,6
105192,8
105192,6
9024,6
9024,8
179288,8
179288,1
228578,4
9181,4
99819,4
227009,4
280648,4
248557,4
273951,8
125376,8
44003,15
9492,8
9492,15
9492,11
9492,14
9492,21
109084,1
56552,1
76226,1
66569,3
66569,15
66569,11
64747,3
64747,15
64747,11
142171,8
122486,8
54271,8
115948,1
286928,8
206601,8
138742,8
122048,8
404489,11
30467,8
30467,1
86169,1
63331,1
80993,1
45688,1
74036,1
140114,1
134909,1
351647,15
351648,15
351649,15
351650,15
327529,15
121237,15
507801,4
507801,1
507801,11
195288,8
195288,4
195288,11
10918,4
10918,8
10918,11
525436,8
525436,4
525436,11
525372,8
525372,4
525372,11
11074,1
11077,1
61681,1
59331,1
159833,15
76327,1
224260,8
224260,1
135251,8
135251,1
49979,8
49979,1
49399,8
49399,1
70498,1
70498,8
48450,4
381494,4
90151,8
90151,1
11915,8
11915,1
11979,3
11979,15
11979,11
160181,1
91490,8
91490,4
113825,8
113825,11
160292,11
71487,1
74744,8
74744,6
94257,8
94257,6
120167,1
41979,1
171231,8
61055,1
113927,14
65005,8
12573,8
253133,8
253134,8
219513,8
219513,11
219367,8
219367,11
240258,8
12583,1
12583,8
209158,8
512566,8
512566,1
505093,15
505091,15
505091,1
505090,15
505090,8
505092,1
235847,8
235847,1
235857,8
235857,1
12710,1
85221,8
76865,1
90892,1
290682,8
290682,1
235887,8
83046,8
83046,1
93603,1
53385,8
53385,1
224521,8
228463,1
91821,8
128939,8
62122,1
41701,8
41701,1
90660,8
90660,1
51538,8
51538,1
376155,1
85075,8
97889,1
13024,5
13024,16
13024,18
291780,5
291780,16
291780,18
59463,1
13547,8
288333,1
368104,1
13561,1
76913,8
13566,1
23256,1
305561,1
13621,8
53001,8
305566,1
288334,1
305568,1
53424,1
374628,8
374628,1
58123,8
58123,1
58003,8
58003,1
73748,1
13666,1
61397,1
97804,1
95321,8
95321,1
63154,1
74095,1
44715,1
81738,1
87963,1
90583,1
533353,1
531255,1
532734,1
152023,8
152023,1
533195,1
526476,1
127951,1
111913,8
111913,1
21338,8
13790,1
95871,1
535697,8
535697,11
535697,1
75169,8
75169,1
13817,8
13817,1
131934,8
131934,1
224709,1
13906,18
13906,1
147712,8
147712,1
214773,8
214773,1
13844,1
13847,1
28164,8
28164,1
99987,8
99987,1
14323,8
49485,8
270150,1
66573,1
84000,1
100603,8
100604,8
14387,8
14391,8
165446,1
165446,8
44128,1
44128,8
52929,15
115769,8
115769,1
108995,8
108995,1
263717,15
16109,8
16109,1
16109,15
64488,8
64488,1
64488,15
85024,1
85024,8
78129,1
78129,8
383169,1
383169,8
370997,1
370997,8
70509,1
70509,8
300171,14
16203,14
16203,11
16214,14
16214,11
500220,6
500220,8
16253,6
16287,6
16287,8
243192,8
91557,8
16440,8
16440,1
21222,8
21222,1
234635,8
234635,1
99388,8
21360,14
21360,11
16460,14
16460,11
163967,1
163967,20
41775,6
41775,20
16488,6
16488,20
240260,8
240260,1
191306,8
191306,1
191311,8
191311,1
95925,8
45509,8
225382,8
64857,8
521686,8
25162,8
94664,8
195374,1
325234,8
133317,8
512057,8
87250,8
83563,8
97585,8
74283,8
103783,8
128942,8
225431,8
117000,8
99616,8
56259,8
280335,8
195379,8
40379,8
63842,8
368277,8
89829,1
344814,8
375971,8
375972,8
225459,8
56377,8
91079,8
86763,8
55918,8
97334,8
157039,8
62897,8
375970,8
225479,8
225484,8
108758,8
302044,8
16554,8
16556,8
16565,8
246150,8
246151,8
16574,8
246148,8
116214,8
328884,1
155536,8
16644,8
225533,8
98569,8
195391,8
16727,8
16730,8
225485,8
180269,8
66280,8
66280,1
68758,8
68758,1
104164,4
370261,4
16887,1
195824,1
75529,1
75529,8
306877,15
306877,11
45911,8
45911,15
350043,8
350043,15
225576,15
225576,1
256713,8
256713,15
87307,8
87307,1
16920,15
83286,8
66085,8
78384,8
16925,15
16925,8
82836,8
82836,15
524877,8
524877,15
526453,8
526453,15
526638,8
526638,15
524921,8
524921,15
376025,8
376025,15
60435,8
60435,15
70039,8
70039,15
256679,8
256679,15
257242,8
257242,15
256680,8
256680,15
69337,8
69337,15
16931,15
16931,8
87660,15
87660,8
42609,7
42609,15
301918,8
301918,15
82159,8
82159,15
16933,8
78649,15
78649,1
78649,8
45242,1
45242,15
46180,15
47991,15
325581,8
324879,1
114382,7
114382,15
16951,8
16951,15
308211,8
308211,15
306881,15
306881,11
61418,8
61418,1
16957,15
16958,15
16959,15
317173,8
317173,15
47528,15
95964,15
84785,8
84785,15
16964,8
46932,8
46932,1
64282,1
16965,1
16965,15
43953,15
43953,11
43953,14
289512,14
289512,8
195290,15
195290,11
195290,14
350044,8
350044,15
350045,8
350045,15
301988,8
301988,15
97277,8
97277,15
171931,7
171931,15
256693,8
256693,15
109427,15
524690,8
524690,15
85630,15
85630,8
16974,8
16974,15
47291,15
47291,8
105757,15
105757,8
16979,8
16979,1
353550,15
353550,11
77793,8
77793,15
511823,8
511823,15
350047,8
350047,15
16986,8
16986,15
528727,8
528727,15
336821,15
336821,11
80785,8
80785,15
64652,15
64652,8
75901,8
75901,15
369573,8
369573,15
115655,8
115655,15
16996,1
16996,15
51475,15
51475,1
51475,14
16997,15
16997,1
16997,14
16998,8
75476,8
75476,3
524693,8
524693,15
91168,8
91168,1
85814,15
85814,7
524694,8
524694,15
526465,8
526465,15
17001,8
17001,3
79656,8
79656,15
256715,15
256715,8
79568,15
79568,8
101770,15
101770,1
89136,8
89136,1
93223,15
93223,8
307939,15
307939,8
67435,15
67435,8
74284,15
74284,8
46031,15
46031,8
117391,15
117391,1
17010,15
17010,8
168079,15
168079,8
58466,1
45750,1
211143,8
211143,1
95790,15
95790,1
58719,15
58719,8
168522,8
168522,15
326334,8
326334,15
87306,8
87306,15
44194,8
44194,15
54962,8
54962,1
66137,8
66137,15
74498,14
74498,11
232439,14
232439,11
103264,1
52619,15
90261,8
90261,1
90261,15
57435,15
44822,15
48751,15
44196,15
89542,15
178848,15
122077,15
46166,15
359017,15
220544,15
211509,15
62904,15
60437,15
77944,15
342861,15
374058,15
46615,8
46615,1
46615,15
68170,15
81293,8
81293,1
208907,15
64530,15
68416,15
72180,7
72180,15
334387,15
386397,15
66448,15
72181,15
73647,15
82277,15
81874,15
45920,15
54851,15
83223,15
59744,15
374072,15
283626,15
374073,15
80905,15
386390,15
59257,15
45006,15
56590,15
49612,8
49612,1
49612,15
382393,15
44735,15
152106,15
170598,15
382395,15
254378,15
71122,15
71605,15
76830,15
47173,15
116074,15
74801,15
76948,15
229596,15
342889,15
80814,15
84675,15
373886,15
61631,15
219688,15
53115,15
374084,15
116077,15
56986,15
63983,15
48769,15
196108,15
64233,15
42937,15
83667,15
314067,15
334407,15
56379,15
44280,15
45266,15
170613,15
76831,8
76831,15
76831,11
76831,14
76831,21
314070,15
526379,15
152114,15
42368,15
194811,15
253314,15
254380,15
182819,15
376509,15
152116,15
314077,15
62199,15
522610,15
522040,15
384035,15
382845,15
384037,15
384038,15
384039,15
384040,15
384042,15
515375,15
382847,15
384045,15
384046,15
520492,8
520492,15
373440,8
373440,15
519075,8
519075,15
47611,15
211957,15
126239,8
126239,1
126239,15
70513,8
70513,15
505385,15
519702,8
519702,15
373441,8
373441,15
518465,8
518465,15
136453,15
64996,7
64996,15
44689,8
44689,15
131464,15
70992,15
73484,15
156343,8
156343,15
92145,8
92145,15
57506,15
80904,8
80904,15
80904,11
80904,14
80904,21
92367,15
83724,15
17141,15
52100,15
74455,15
70090,8
70090,15
87690,15
17289,8
17289,1
17314,1
86362,1
360259,1
100956,8
86486,8
112142,8
234612,8
234612,1
17345,8
293180,8
85303,8
47503,8
102549,8
249132,1
318960,1
377622,14
377794,14
377794,11
17912,1
245460,1
166604,1
23297,1
18065,8
18087,1
522883,1
42639,14
42639,11
530211,14
120553,14
373500,14
104546,14
114378,14
114378,11
80478,14
101927,14
304458,14
18331,15
18331,11
18500,4
18534,4
284544,4
290414,1
290414,8
147748,12
231111,12
45995,12
251812,8
181738,8
272606,8
85450,1
506104,6
18855,8
117502,8
102434,8
181622,8
54910,8
94459,8
94459,1
293635,8
65863,8
216553,8
506359,1
299891,1
299891,8
67270,1
63148,1
215144,1
82731,1
42429,1
18983,1
18983,8
194829,1
57565,1
19001,1
91862,1
240247,1
117319,1
54755,1
19006,1
19012,1
101004,1
63609,1
19015,1
520177,1
19022,8
46360,8
61856,8
29228,4
168881,8
168881,1
139739,8
139739,1
357439,8
357439,1
169367,8
169367,1
138131,8
138131,1
296590,6
387205,8
387205,1
387206,8
387206,1
52704,1
185029,1
338095,1
338096,1
327246,1
376732,1
110357,1
184278,1
361290,1
297705,1
238401,1
151231,1
77358,1
249724,1
108217,1
334699,1
325816,1
324871,1
320526,1
325064,1
375128,1
361289,1
26193,8
26193,1
52987,1
500318,1
185144,1
302,1
106401,1
327832,1
336607,1
297703,1
347378,1
347379,1
354027,1
353058,1
377188,1
376754,1
504210,1
258420,1
297699,1
380447,1
375016,1
178334,1
297701,1
274490,1
238216,1
258428,1
297425,1
256119,1
373754,1
372016,1
372017,1
503739,1
503868,1
350978,1
343954,1
343953,1
354026,1
350979,1
135867,1
44718,1
77963,1
296025,1
191321,1
318,1
54640,1
54641,1
41919,1
281479,1
206879,16
206879,1
206879,10
176027,16
176027,10
176027,1
89047,1
89047,10
89047,16
526560,1
526559,1
207813,16
207813,1
207813,10
182692,16
182692,10
182692,1
117878,16
117878,18
117878,10
96541,18
96541,10
96541,16
185354,5
185354,1
185359,5
185365,18
185365,1
100451,18
100451,1
185368,1
405,18
405,1
81244,18
81244,1
33913,1
222461,18
222461,1
407,1
254857,1
185369,18
185369,1
408,18
408,1
71245,18
71245,1
156097,1
185440,1
185440,8
363517,1
363517,8
26278,1
26278,8
26279,1
26279,8
434,1
50171,1
50171,8
171678,5
23998,5
76167,5
54853,5
54853,11
54853,14
185482,5
59406,5
20650,5
20650,11
20650,14
62413,5
62413,11
62413,14
47736,5
48624,5
156106,5
156106,11
156106,14
77099,5
213543,1
92909,1
500148,1
458,1
193120,15
465,15
386582,15
536810,15
536810,11
536810,14
319438,11
319438,3
319438,15
319438,14
338880,14
338880,3
338880,15
338880,11
368458,3
368458,15
368458,11
368458,14
515161,3
515161,15
515161,11
515161,14
522171,15
522171,11
522171,14
522174,15
522174,11
522174,14
530553,15
530553,11
530553,14
379006,3
379006,15
379006,11
379006,14
311069,3
311069,15
311069,11
311069,14
336457,15
336457,11
369341,15
369341,11
370249,15
370249,11
185695,14
185695,15
185695,11
63396,14
63396,15
63396,11
152146,15
152146,11
152146,14
99112,8
222471,8
22926,8
100651,8
349493,1
353080,1
285359,1
332720,1
155204,1
310030,1
179926,1
332728,1
343581,1
272856,1
168022,1
370231,1
526122,1
532927,1
535543,1
194891,1
339259,1
300254,1
314383,1
341792,1
332732,1
93340,1
93787,1
501776,1
343595,1
343596,1
332737,1
90189,1
298007,1
160528,1
343603,1
51904,1
344129,1
117881,1
368326,1
343606,1
343605,1
242219,1
151732,1
299110,1
384135,1
343611,1
339270,1
349772,1
132278,1
209335,1
135631,1
343615,1
313753,1
71769,1
221228,1
71770,1
323500,1
270716,1
524501,1
324448,1
64012,1
102154,1
332749,1
117077,1
196611,1
136962,1
370635,8
370635,1
313809,1
367532,8
367532,1
325881,1
236822,1
532521,1
367531,8
367531,1
297963,1
367533,1
158286,1
533229,1
524894,1
336861,1
335518,1
26343,1
283775,1
52260,1
114383,1
114384,1
297680,1
339260,1
26350,1
26353,1
133920,1
90887,1
138009,1
96822,1
49946,1
168916,1
185816,1
151728,1
209417,1
315657,1
333015,1
226159,1
526002,1
526060,1
350001,1
383606,14
383606,11
388760,11
388760,14
254464,14
520338,11
520338,14
518409,11
518409,14
92017,14
92017,11
520630,11
520630,14
519984,11
519984,14
518927,11
518927,14
520525,11
520525,14
287740,14
287740,11
704,14
704,11
120656,14
120656,11
187731,14
187731,11
185965,8
185965,1
272993,15
272993,11
272993,14
44542,15
44542,11
44542,14
279630,10
114966,1
166321,1
228421,1
234101,1
301679,1
175581,1
134888,1
740,1
200794,1
218332,1
177997,1
195061,1
118690,1
135633,1
179996,1
286735,1
228228,1
306939,1
69895,1
96133,1
174980,1
186909,1
134893,1
378357,1
377232,1
378358,1
374128,1
502083,1
130125,8
130125,4
524903,8
524903,4
762,8
762,4
351027,1
61531,1
766,8
500063,1
186014,1
105378,1
26453,1
522691,1
334453,1
186015,1
186016,1
113052,1
186019,1
774,1
776,1
45972,1
298071,1
516803,1
63069,1
70096,16
330904,16
186041,1
186041,18
186041,16
284494,4
331016,4
343927,4
512354,4
353954,4
137777,4
387358,4
315303,4
211281,4
511412,4
186087,4
316846,4
75887,4
71762,4
186125,4
263328,4
95167,4
522263,4
174946,4
832,4
167250,4
131208,4
377192,4
64050,4
186229,4
100677,4
522569,4
368722,20
197214,20
109457,4
109457,20
92585,20
111998,20
238554,20
91013,20
97949,20
867,4
359740,4
229585,4
269914,4
70052,4
26956,4
871,4
132573,4
874,4
124925,4
285398,4
27616,4
272242,4
275144,4
124114,4
270424,4
517751,4
65496,4
257840,4
306941,4
136801,11
136801,14
517752,14
517752,11
297436,11
297436,14
354306,11
354306,14
226431,14
371060,15
371060,11
371060,14
344041,15
344041,11
273715,15
273715,11
273715,14
368968,15
368968,11
368968,14
87858,15
525837,15
525837,11
26530,15
26530,11
26530,14
215698,15
215698,11
215698,14
953,15
953,14
953,11
110071,15
110071,11
110071,14
321449,15
321449,11
321449,14
517753,15
517753,11
517753,14
20061,15
20061,11
365563,15
365563,11
365563,14
385479,15
385479,11
201319,1
292305,1
80443,1
115042,1
368355,1
157539,1
320748,1
141820,1
374129,1
273622,1
180849,1
361636,1
146434,1
515169,1
229836,1
334345,1
339576,1
328217,1
364015,1
334342,1
327130,1
307599,1
290617,1
327129,1
301034,1
243577,1
182954,1
293006,1
269948,1
297220,1
180807,1
152936,1
334329,1
241023,1
202305,1
180808,1
180809,1
180848,1
358742,1
316431,1
108428,1
228339,1
180812,1
103302,1
273707,1
510847,1
257086,1
270880,1
221486,1
510367,1
113363,1
113380,1
171889,1
146401,1
216049,1
113368,1
221487,1
301042,1
334340,1
353059,1
301037,1
301038,1
339574,1
525943,1
353096,1
339575,1
364000,1
308778,1
369980,1
525991,1
308784,1
359356,1
308780,1
517673,1
337096,1
288799,1
350492,1
525952,1
525767,1
510441,1
525721,1
301040,1
510790,1
508231,1
525910,1
364001,1
511137,1
301044,1
190923,1
522545,1
373765,1
288125,1
221484,1
346108,1
287961,1
308789,1
242688,1
337337,1
386744,1
290621,1
301045,1
288127,1
288128,1
369968,1
275443,1
522727,1
368491,1
368492,1
368493,1
368495,1
368496,1
104943,1
322880,1
272540,1
299650,1
227033,1
334334,1
360968,1
241022,1
322073,1
368969,1
334337,1
322074,1
307094,1
334339,1
350980,1
299654,1
291177,1
299655,1
375252,1
510897,1
525594,1
351926,1
375253,1
351927,1
307601,1
369285,1
525611,1
307602,1
517754,1
358741,1
307603,1
517388,1
336803,1
303578,1
299684,1
508034,1
350003,1
525736,1
367688,1
299693,1
291180,1
516806,1
48552,1
286427,1
113369,1
338004,1
122422,1
500035,1
286428,1
307605,1
118576,1
247732,1
216399,1
336416,1
385310,1
263544,1
152383,1
299696,1
286430,1
286431,1
121932,1
243754,1
194662,1
269530,1
113381,1
511142,1
510998,1
525702,1
525040,1
525865,1
189858,1
260929,3
260929,11
370826,8
1032,8
112677,8
26568,8
94995,8
156188,8
1039,8
1040,8
273588,8
297973,8
369286,8
88188,8
218985,6
218985,20
186565,1
535796,4
535796,1
186601,4
186601,1
25350,1
72957,1
299467,1
188147,1
188151,15
188152,1
360076,8
381178,8
85069,8
165295,11
287124,11
96070,1
112591,1
1122,1
92859,1
26611,1
377824,8
377824,1
45000,1
188194,1
26621,8
26621,6
503412,1
503263,1
336402,1
502042,4
226834,1
525781,1
273590,1
522017,4
522017,1
512100,1
180019,1
510464,1
26656,8
26656,1
294276,8
294276,1
26657,1
1214,1
27335,1
110782,1
110782,4
97279,1
25512,1
206958,1
206958,4
85579,1
222519,1
222519,4
91698,1
196537,1
375719,1
366280,1
98981,1
90635,1
124283,1
124283,4
97771,1
97771,4
88424,1
64352,1
98508,1
92488,1
239110,1
160929,1
220130,1
86513,1
108378,1
370827,1
317617,1
317618,1
317619,1
370828,1
25509,1
25511,1
511893,1
255370,1
222522,1
286855,4
65288,4
25510,1
210962,1
333799,4
112679,1
54758,1
91632,1
95644,1
82538,1
82538,4
98998,1
69244,1
69245,1
153331,1
56938,1
26664,1
324882,1
324883,1
324881,1
138560,1
25669,1
294167,1
294168,1
294169,1
343007,1
1227,1
352786,1
345827,1
70216,1
294608,8
294608,1
1229,1
294170,1
188337,1
90213,1
525979,1
222525,1
26683,1
26682,1
298879,1
211120,1
89680,1
134989,1
272575,1
1239,1
145719,1
98804,1
95138,1
112560,1
374107,1
19940,1
155772,1
154419,1
238042,1
72958,1
1243,4
137761,4
137761,1
43036,1
165007,1
26686,4
26686,1
286287,1
57356,1
61590,1
65838,1
128137,1
69928,1
44439,1
26688,1
517631,4
517631,1
90010,1
47895,1
93886,1
127143,1
51567,4
51567,1
336418,1
219510,1
234541,1
207184,1
43201,1
65852,1
241949,1
180467,1
65093,1
253792,1
65094,1
253793,4
253793,1
72843,1
227310,1
44134,1
344965,1
92481,4
92481,1
96029,1
99504,1
343828,1
270189,1
154098,1
94034,4
94034,1
96660,1
97495,1
137971,1
43285,1
271033,1
336374,1
50604,1
170387,1
1248,1
1247,4
1247,1
114155,1
88446,4
1250,1
519785,1
324127,1
175061,1
26696,1
23148,1
1252,4
1253,4
188345,1
89688,8
523286,1
1260,1
42540,1
256779,1
46845,8
46845,1
268825,1
135638,1
26702,1
101589,1
86301,1
91117,1
504699,1
501631,1
153202,1
307287,1
127878,1
360231,1
48655,1
526126,1
115310,1
206364,1
344943,1
26735,1
27612,1
220842,1
152030,1
90197,1
114176,18
102648,14
102648,11
523027,5
523027,1
298528,6
284066,6
400099,11
400099,14
400206,11
400206,14
47830,1
47830,8
60635,1
60635,8
310353,8
91922,20
91922,1
126339,1
49778,1
198099,14
198099,11
226213,11
226213,14
167061,14
167061,11
363336,11
363336,14
364834,14
364834,11
313256,14
313256,11
313293,14
313293,11
363337,11
363337,14
252603,14
252603,11
372594,14
372594,11
250108,14
250108,11
252604,11
252604,14
1349,14
1349,11
361697,11
361697,14
372529,14
372529,11
254482,14
254482,11
250109,14
250109,11
254489,11
254489,14
84264,11
84264,14
25099,14
25099,11
169483,5
1360,11
1360,14
319304,1
131119,1
131752,1
134802,1
137982,1
130507,1
158939,1
237373,1
50961,1
131121,1
131123,1
60533,1
187234,1
187692,1
517554,1
504054,1
518868,1
522003,1
65706,1
352953,1
125530,1
187237,1
187235,1
187693,1
175066,1
201993,1
180296,1
175067,1
187479,1
306566,1
237444,1
504024,1
517763,1
517445,1
522010,1
71392,1
55126,1
187480,1
211121,1
199277,1
286041,1
199278,1
217634,1
199276,1
316875,1
167859,1
188780,1
1399,1
188782,8
188782,1
161993,8
161993,1
113556,1
367691,1
180960,1
70527,1
60534,1
138475,1
24697,1
26809,8
26809,1
134809,8
134809,1
129882,8
129882,1
71267,1
134795,8
134795,1
269660,8
269660,1
26811,1
78138,1
188788,1
1416,8
1416,1
188792,1
188793,1
1421,1
103646,1
188796,1
1423,8
1423,1
1425,1
183665,1
47561,1
127436,1
306242,1
273935,1
273936,1
316876,1
273937,1
273938,1
109194,1
86779,1
118897,1
168662,1
273654,1
168665,1
359178,1
217646,1
510527,8
510527,1
300788,8
270888,1
106055,8
49800,8
1430,8
222550,8
222552,8
104458,8
81638,8
180072,8
377194,8
377193,8
344046,8
344046,1
168704,8
343166,8
343008,8
358096,8
358096,1
142589,8
112684,8
62415,8
370836,8
377195,8
43830,8
45725,8
188817,8
1432,8
1432,1
511108,8
511108,1
275440,1
510394,8
510394,1
1435,8
1436,8
26844,8
1437,8
180613,8
26842,8
26842,1
283774,5
351179,5
269563,5
318585,6
318584,6
1491,6
99909,6
379240,8
180984,8
273939,8
374173,8
379241,8
525990,4
381416,1
1569,1
80352,1
389090,15
389090,11
389090,14
500798,15
500798,11
500798,14
375941,8
155780,8
151197,8
193255,8
108325,8
108325,1
1594,8
370839,8
285980,8
285980,1
370840,8
525043,8
47106,8
324886,8
324887,8
324114,8
324115,8
115053,8
115053,1
524909,8
44341,8
44341,1
352227,8
352227,6
358755,8
314701,8
314701,6
325981,8
380452,8
380449,8
380451,8
1608,1
1614,11
47006,10
152434,10
125527,1
90237,1
504599,8
75118,8
105671,1
90978,8
81777,8
27126,8
1640,8
97590,1
388030,8
522012,1
100505,1
63065,1
28569,1
64781,1
78978,1
49894,1
27139,1
52135,1
233831,1
155649,1
1654,1
1655,1
1658,4
286762,4
91733,4
91466,4
92886,4
75112,1
87192,1
162862,4
1660,1
54447,1
286289,1
182594,1
387736,1
374040,1
387735,1
1663,18
1663,1
172511,18
172511,1
85462,1
217802,1
130646,1
189389,1
26878,1
241689,1
241689,8
28198,11
28198,14
191052,14
284824,14
189548,5
25922,5
25922,1
189684,5
189684,1
27204,5
27204,1
27205,5
27205,1
189722,5
189722,1
3460,5
3460,1
189728,5
73571,5
73571,1
48025,5
67138,5
1730,5
365823,5
27212,5
100919,5
336808,1
196135,1
196136,1
121425,1
162505,1
241267,1
300345,1
231632,1
298567,1
229514,1
231646,1
335499,1
367693,1
503862,1
231644,1
372030,1
196141,1
231622,1
317621,1
306598,1
298568,1
298569,1
241268,1
1745,1
103473,1
112693,1
134735,1
75386,1
169262,1
52128,1
64683,1
96378,1
135947,1
231603,1
74863,1
27881,1
27225,1
93709,1
128963,1
288100,1
504327,1
153919,1
520635,1
211544,1
367694,1
210094,1
240517,1
151203,1
210095,1
317501,1
211545,1
221080,1
94763,1
229787,1
27349,1
59853,1
75489,1
58204,1
96597,1
255344,1
255345,1
46516,1
155278,1
336428,1
315877,1
96242,1
77047,1
27426,1
72635,1
44510,1
99888,1
98242,1
52850,1
81355,1
227693,1
79900,1
305910,1
334711,1
65137,1
90242,1
226813,1
112717,1
27394,1
96317,1
255350,1
44659,1
108441,1
89133,1
317238,1
1776,1
42334,1
315313,1
109879,1
46334,1
171705,1
98589,1
1787,1
179998,1
93087,1
260915,18
260915,1
317622,18
317622,1
317623,18
317623,1
260914,18
260914,1
260916,18
260916,1
68526,18
68526,1
93741,18
93741,1
90688,18
90688,1
280768,18
280768,1
525428,18
525428,1
109690,18
109690,1
299807,18
299807,1
59323,1
68958,18
68958,1
344443,18
344443,1
226572,18
226572,1
311498,1
311498,18
171090,18
171090,1
333006,18
333006,1
324543,1
324543,18
280790,1
280790,18
174931,1
174931,18
27464,1
27464,18
352903,18
352903,1
97102,18
97102,1
160505,18
160505,1
53437,18
53437,1
99628,18
99628,1
27440,18
27440,1
222631,18
222631,1
108661,18
108661,1
93253,18
93253,1
299808,1
287971,18
287971,1
298971,1
298971,18
287975,18
287975,1
291445,18
291445,1
291442,18
291442,1
327580,18
327580,1
291444,1
291444,18
291443,18
291443,1
172174,18
172174,1
106353,18
106353,1
43665,1
244954,1
180137,1
174932,1
99329,18
99329,1
284996,18
284996,1
118676,18
118676,1
115627,18
115627,1
139016,18
139016,1
117107,18
117107,1
198301,18
198301,1
284993,18
284993,1
298972,1
298972,18
298969,18
298969,1
298968,18
298968,1
324544,18
324544,1
370844,18
370844,1
370845,1
370845,18
287977,18
287977,1
298967,18
298967,1
115997,18
115997,1
69260,18
69260,1
284014,1
284014,18
174930,18
174930,1
197536,18
197536,1
109128,18
109128,1
110345,18
110345,1
190894,18
190894,1
54603,18
54603,1
78956,18
78956,1
194583,18
194583,1
95707,18
95707,1
52540,18
52540,1
95706,18
95706,1
280752,18
280752,1
137967,18
137967,1
210608,18
210608,1
105234,18
105234,1
1841,18
1841,1
27466,18
27466,1
222652,18
222652,1
94756,1
94756,18
117696,18
117696,1
95336,18
95336,1
98049,18
98049,1
65512,18
65512,1
164615,1
180785,1
326211,1
222658,1
74741,1
80250,1
209053,1
333007,1
124793,1
99255,1
71759,1
1875,1
154274,1
24947,1
220840,5
92298,5
227839,5
25932,5
1893,5
100925,5
91028,5
28809,5
28809,1
27562,5
27562,1
27563,5
1898,5
1898,1
124625,5
206268,5
271378,5
89520,5
271375,5
92151,5
208468,5
369320,5
168822,5
25912,5
62728,1
362638,1
350612,1
275201,8
57847,8
152848,8
317627,8
521151,1
529178,1
529168,1
529097,1
26319,8
79307,8
104537,8
377004,8
85510,8
112796,8
69503,8
529129,8
523358,4
523358,11
67978,8
1942,8
1947,4
517215,15
1960,1
1960,18
1960,16
97004,6
365844,6
1966,3
1966,1
154632,1
269306,14
269306,11
137211,11
137211,14
336103,14
336103,11
81992,1
81992,11
81992,14
25609,11
25609,14
191072,1
191072,11
111534,14
196656,14
196656,11
91151,14
130651,14
181476,11
181476,14
109519,14
109519,11
241118,14
241118,11
257067,14
229799,11
229799,14
331045,3
331045,11
331045,14
88455,11
88455,14
88458,14
88458,11
306841,14
306841,11
88459,11
88459,14
220039,14
220039,11
88460,11
88460,14
272183,14
101658,11
101658,14
112175,11
112175,14
503975,3
503975,11
503975,14
185241,14
185241,11
181763,1
181763,11
181763,14
111834,11
111834,14
65835,14
298145,11
298145,14
269305,11
269305,14
101659,14
101659,11
241119,14
241119,11
251378,11
251378,14
60375,14
113353,14
113353,11
286917,11
286917,14
42264,11
42264,14
94769,11
94769,14
72255,14
278140,1
135186,14
135186,11
27743,14
27743,11
228267,11
228267,14
27709,11
27709,14
228268,11
228268,14
105605,11
105605,14
109119,11
109119,14
177770,11
177770,14
125871,14
125871,11
529144,3
529144,11
529144,14
120111,11
65123,11
65123,14
101657,14
101657,1
317544,11
317544,1
253472,14
191071,11
191071,1
205285,1
205285,11
84035,1
84035,11
84035,14
376563,1
376563,11
376563,14
51097,1
228140,1
27692,1
208899,1
27698,14
203618,14
110196,11
110196,14
256296,1
256296,11
352447,1
95775,1
63727,1
368145,1
191070,1
345464,1
251265,1
53776,1
53776,11
53776,14
251201,1
251201,11
251201,14
109513,1
109513,11
109513,14
88463,11
88463,14
254958,11
254958,14
378231,1
378231,11
203627,14
65548,14
272460,14
203628,14
47849,11
47849,14
2022,11
2022,14
272702,14
272702,11
203458,11
203458,14
253960,11
253960,14
153362,1
153362,11
153362,14
47826,14
29079,14
239113,14
239113,11
27706,11
27706,14
25610,11
25610,14
27707,11
27707,14
25606,11
25606,14
103027,14
103027,11
101666,14
101666,11
2044,11
2044,14
203563,3
203563,1
135649,1
255919,14
255919,11
27744,14
27744,11
524402,11
524402,14
2049,11
203682,14
27720,1
27720,14
143085,14
203608,14
57789,1
203734,1
203734,14
203734,11
203909,8
45973,1
96547,1
81381,1
175786,1
180582,1
77786,1
27849,1
150921,1
112699,1
259035,1
44729,1
53413,1
104381,1
298575,1
67090,1
64421,1
92505,1
73120,1
57364,1
48270,1
52252,1
137069,1
349775,1
124340,1
42405,1
349776,1
52150,1
209800,1
325969,1
168503,1
210883,1
92935,1
362394,1
345641,1
259037,1
112797,1
336660,1
299978,1
244097,1
195110,1
182597,1
315317,1
259053,1
76330,1
259054,1
296605,1
352577,1
71198,1
335567,1
308103,1
90555,1
112606,1
27855,1
148138,1
48770,1
124857,1
259052,1
64763,1
171298,1
86788,1
175787,1
315318,1
271010,1
181832,1
99850,1
58257,1
57403,1
307885,1
186763,1
68408,1
93354,1
242400,1
325440,1
346713,1
50441,1
525099,1
112798,1
112607,1
104224,1
208286,1
103600,1
260683,1
43081,1
27858,1
317257,1
86145,1
201320,1
222732,1
77485,1
63709,1
113325,1
96802,1
89581,1
536966,1
86004,1
67089,1
135652,1
27844,1
45974,1
2207,1
203874,1
203875,1
151159,1
97416,1
174765,1
226428,1
294519,1
197017,1
272073,1
262322,1
135270,1
203879,1
2210,1
203877,1
86869,1
98122,1
73803,1
135651,1
49437,1
114345,1
198921,1
113675,1
173020,1
203968,1
55540,1
42053,1
169554,1
2212,1
93595,1
369178,1
219441,1
181293,1
107246,1
42870,1
365906,1
2216,1
507892,1
284099,1
96877,1
186764,1
89784,1
2214,1
529289,1
92469,1
178378,1
173009,1
27862,1
203947,1
27863,1
203949,1
186765,1
203950,1
41828,1
29321,1
377725,1
377715,1
377716,1
505102,1
377718,1
368798,1
368798,3
513790,8
513790,1
513794,1
513874,1
513874,18
347384,11
347384,5
347383,11
347383,5
2310,5
2310,1
255691,5
255691,1
30312,5
30312,1
400305,11
204349,11
53610,11
2323,11
80876,1
351137,11
2348,1
204497,1
204685,1
338607,11
338607,14
368009,11
368009,14
2428,6
100021,6
214846,1
2433,1
79280,1
97494,1
76231,1
76232,1
274495,1
324620,1
121449,1
345060,1
295962,1
216557,1
260687,1
325971,1
208289,1
385340,1
382279,1
524970,4
205165,6
205195,11
205195,15
205195,14
165100,11
28112,11
341736,11
2499,11
372476,11
363697,11
88527,11
69676,1
129888,1
372035,1
372036,1
84162,1
2619,1
2619,11
59883,14
68591,14
206173,7
327971,1
206175,1
165894,1
112293,1
327970,1
206168,1
327972,1
143674,1
25653,6
95188,6
349556,6
215950,6
93924,6
93925,6
99892,6
90207,6
57220,6
91929,6
322286,6
94243,6
97678,6
89006,6
173101,6
28286,6
29695,6
280770,6
90647,6
318738,6
127596,6
29700,6
2714,6
318740,6
92580,6
93882,6
215952,6
96864,6
89287,6
307700,6
162666,6
192907,6
96823,6
156680,6
99514,6
109782,6
97673,6
94039,6
93516,6
30047,6
380745,6
91662,6
128918,6
96253,6
218389,6
92649,6
146670,6
29719,6
218390,6
30050,6
89621,6
174531,6
99903,6
192908,6
29722,6
89793,6
358127,6
162665,6
30054,6
30055,6
30058,6
94801,6
318739,6
93094,6
183913,6
174532,6
156681,6
34147,6
94427,6
96519,6
30060,6
89796,6
30063,6
96649,6
218392,6
25654,6
29727,6
94430,6
99807,6
235362,6
328858,6
368328,6
92679,6
128919,6
156678,6
96721,6
93710,6
89842,6
156679,6
30068,6
215953,6
90267,6
156045,6
111816,6
337975,6
199699,6
96224,6
29743,6
307701,6
99731,6
28297,6
173086,6
45996,6
82437,6
93926,6
30075,6
99893,6
29750,6
90208,6
174099,6
30077,6
97013,6
215955,6
177085,6
215956,6
96457,6
318753,6
97679,6
30080,6
93849,6
90339,6
95634,6
241927,6
29764,6
215957,6
92581,6
108094,6
93883,6
96865,6
199700,6
502796,6
215958,6
89141,6
74606,6
96825,6
63106,6
235363,6
349553,6
171382,6
99840,6
30090,6
30091,6
96590,6
30092,6
110204,6
325686,6
92006,6
26088,6
183915,6
92007,6
98470,6
94488,6
93507,6
96815,6
89701,6
97135,6
2726,6
92416,6
92417,6
96996,6
28310,6
108793,6
30094,6
338788,6
156055,6
113430,6
96984,6
89888,6
90139,6
95771,6
364876,6
69558,6
215960,6
100320,6
294567,6
331059,6
93680,6
333436,6
83995,6
329069,6
90064,6
90786,6
92547,6
156675,6
98825,6
97423,6
98826,6
96989,6
99149,6
199702,6
94633,6
156056,6
318754,6
30104,6
90483,6
97743,6
95594,6
98655,6
30108,6
380751,6
95541,6
172109,6
222803,6
54370,6
93302,6
93758,6
94304,6
56384,6
95973,6
291736,6
128920,6
92956,6
96421,6
99717,6
128821,6
344137,6
318756,6
313310,6
368339,6
95241,6
98155,6
90940,6
92776,6
110243,6
128523,6
92959,6
313308,6
171385,6
96422,6
99718,6
30118,6
95242,6
90941,6
93326,6
93327,6
94306,6
98374,6
80746,6
92286,6
94094,6
96892,6
99370,6
99371,6
171384,6
91795,6
95200,6
96052,6
92747,6
332289,6
369951,6
89664,6
215965,6
41809,6
98916,6
98917,6
90906,6
43704,6
30124,6
174537,6
87953,6
91936,6
275819,6
112724,6
318742,6
30126,6
368350,6
99643,6
30127,6
349554,6
358129,6
87951,6
254833,6
95684,6
358130,6
168757,6
328518,6
93008,6
96325,6
199704,6
146669,6
199705,6
177086,6
235364,6
174539,6
99109,6
113431,6
95840,6
156558,6
380755,6
34149,6
30130,6
92348,6
103114,6
98294,6
94581,6
275821,6
325689,6
30133,6
73232,6
29881,6
318743,6
380744,6
364871,6
349555,6
174542,6
95329,6
90959,6
89988,6
313309,8
313309,6
95745,6
199706,6
143914,6
364872,6
291734,6
313307,6
304848,6
91940,6
98959,6
288661,6
2740,6
91806,6
364877,6
333440,6
218395,6
91568,6
30138,6
92658,6
173137,6
98097,6
108310,6
30139,6
380747,6
174544,6
388812,15
388812,11
388812,8
388812,14
388809,15
388809,11
388809,8
388809,14
388813,15
388813,11
388813,8
388813,14
357440,8
357440,1
152009,8
152009,1
96793,6
107585,15
107585,11
107585,14
522738,15
522738,11
522738,14
522442,15
522442,11
522442,14
521975,15
521975,11
521975,14
522469,15
522469,11
522469,14
522290,15
522290,11
522290,14
522294,15
522294,11
522294,14
522482,15
522482,11
522482,14
280891,15
280891,11
280891,14
327503,14
327503,11
327501,11
327501,14
40908,8
40908,1
99367,1
240552,1
240555,1
221898,1
504377,1
219678,1
281268,1
286105,1
219310,1
273917,1
300322,1
308452,1
308451,1
369168,1
254786,1
375154,1
163137,1
369166,1
379589,1
221902,1
221903,1
336357,1
297739,1
326224,1
336356,1
369165,1
326223,1
163136,1
352433,1
316842,1
268823,1
384333,15
384333,11
384333,14
107891,11
107891,14
261428,14
261428,11
107908,11
28025,11
28025,14
341360,11
341360,14
273287,11
273287,14
87915,11
87915,14
27671,11
27671,14
353071,4
337067,4
337066,4
337064,4
343221,4
186536,14
368047,11
368047,14
327494,11
327494,14
82106,14
82106,11
225851,14
225851,3
522764,3
522764,14
126713,8
126713,6
90488,1
66264,8
66264,6
72784,8
72784,6
19198,8
19198,6
19193,11
19193,14
46876,11
46876,14
97250,1
97250,18
258231,3
258231,11
229682,3
229682,11
341944,3
341944,11
312906,1
341946,3
341946,11
308859,1
341960,3
341960,11
355332,11
355332,3
371666,11
371666,3
309523,1
325264,1
308855,3
308855,11
525645,3
525645,11
525645,14
355321,11
355321,3
350202,3
350202,11
350202,1
289573,1
71779,3
71779,11
76725,3
76725,11
355326,3
355326,11
355326,14
368300,1
357552,1
349633,3
349633,11
349633,1
349626,3
349626,11
158374,1
355339,3
355339,11
355318,3
355318,11
221885,3
221885,11
274899,3
274899,11
250042,1
312904,11
312904,3
363021,3
363021,11
250036,3
250036,11
250036,1
66068,3
66068,11
365747,11
365747,3
299982,8
19181,1
522459,4
193708,1
67816,5
285299,6
263239,6
220461,6
161989,6
72972,11
72972,4
19068,1
61504,11
61504,14
103197,14
371585,11
355307,14
355307,11
518024,1
518085,1
518056,1
43996,1
161880,1
517959,1
517958,8
293124,8
250182,1
136283,1
161851,1
296630,1
316657,1
210259,1
170434,1
86875,1
273143,1
46676,1
126215,1
46675,1
205107,1
135273,1
70458,1
19014,1
76488,1
98441,1
19008,1
63161,1
335672,1
86865,1
94767,1
89968,1
189974,1
240757,1
145711,1
86866,1
179141,1
250799,1
250792,1
250787,1
99231,1
179134,1
101003,1
179860,1
511991,1
194766,1
153090,1
58399,1
71784,1
153168,1
18997,1
517195,1
134176,1
89010,1
84633,1
101000,1
196714,1
116324,1
154103,1
350498,1
124826,1
95508,1
344816,1
64837,1
521888,1
212174,1
170745,1
511892,1
126347,1
63149,1
522978,1
154102,1
137825,1
124825,1
88361,1
70708,1
18990,1
255279,1
18984,1
350032,1
307071,1
307070,1
361462,1
368298,1
72196,1
368299,1
368297,1
115835,1
65636,1
154284,1
77261,1
180769,1
58813,1
360527,1
75202,1
181728,1
522091,1
78952,1
90071,1
57521,1
215141,1
361461,1
87702,1
369585,1
218941,1
103883,1
250801,1
75201,1
53467,1
114434,1
59001,1
87746,1
48280,1
49753,1
179144,1
180772,1
42380,1
151830,1
66524,1
52163,1
115445,1
77695,1
73894,1
54628,1
82840,1
83510,1
77516,1
305924,1
305923,1
83141,1
189297,1
93180,1
171495,1
180774,1
116169,1
78489,1
67743,1
83792,1
310598,1
83544,1
181401,1
134164,1
105016,1
74573,1
51395,1
51395,7
85632,1
322455,1
82434,1
54457,1
237633,1
62074,1
85646,1
68902,1
169180,1
55414,1
215145,1
215145,7
52505,1
292891,1
45267,1
58835,1
196597,1
152134,1
347333,1
226684,1
62930,1
338986,1
285545,1
72527,1
114433,1
171701,1
98763,1
49139,1
337084,1
49138,1
46066,1
115448,1
215146,1
62773,1
179138,1
43881,1
86348,1
377089,1
371128,1
126334,1
59281,1
363820,1
180765,1
25541,1
43898,1
48648,1
68664,1
179136,1
66422,1
82410,1
69362,1
179143,1
43639,1
83171,1
87093,1
180755,1
84349,1
161845,3
161845,11
297682,1
343937,1
359198,1
343741,1
303215,1
366742,1
506481,1
124692,8
18872,8
194789,1
115759,1
18867,1
64939,1
357490,1
65955,1
374400,1
376807,1
254395,1
117504,1
103959,1
368296,1
357514,1
67204,1
238234,1
49283,1
42646,1
74788,1
505872,1
60926,8
506521,1
43272,8
71320,8
18858,8
506475,1
388412,6
388261,1
528950,1
506487,1
506462,6
506311,6
384765,1
511372,1
511315,1
296874,1
330429,1
330430,1
225809,1
366839,1
506379,1
388366,6
55814,1
49815,1
18839,1
351504,1
109601,1
18837,1
64938,8
115772,4
18832,1
505854,6
506164,6
506018,6
505911,1
505911,8
506367,1
83727,8
129310,8
64913,1
51477,1
48808,1
56728,1
96980,1
225808,1
225807,1
225806,1
63043,1
361310,1
361308,1
360625,1
380567,1
361306,1
361304,1
360668,1
506454,6
505774,6
78462,1
388397,6
506368,6
99557,1
18823,1
221403,1
298525,1
505790,6
361311,1
361309,1
360622,1
361307,1
361305,1
360955,1
358104,1
505957,6
506239,6
506303,6
18822,1
237209,1
226863,1
124953,1
506029,6
380566,1
221262,1
297683,1
361560,1
508299,1
89457,3
89457,1
18798,6
168201,1
245493,1
142504,1
226332,1
211145,1
212030,1
90055,1
237207,1
209586,1
50090,8
50090,1
50090,6
245487,1
18781,4
18781,11
101499,4
101499,14
101499,11
20148,4
20148,11
217216,4
217216,11
18780,4
18780,11
18779,4
18779,14
18779,11
18713,12
20668,1
18637,1
207831,1
116170,10
166725,10
281448,10
298447,10
310920,10
18608,10
297887,10
353592,15
353592,8
382769,15
382769,8
353590,8
501170,15
501170,11
501170,14
70768,4
273491,4
18556,4
49771,4
20411,4
18529,4
375814,4
18519,4
237248,4
239118,4
194048,4
92264,4
18518,4
18503,4
114819,4
18501,4
41514,4
265875,4
84249,4
74071,4
18484,4
18480,8
18480,11
18479,8
18479,11
273058,4
273058,11
308723,4
308723,11
110307,4
110307,11
287151,11
287151,4
18456,8
18456,18
18456,1
18448,1
18448,18
33255,1
80590,4
367112,4
343739,4
307948,4
252227,4
335017,4
505715,4
345437,4
83091,1
165349,1
98184,1
18408,1
88359,1
77196,1
18404,1
18398,1
18396,1
18394,1
59181,1
140458,1
283276,1
283277,1
109897,1
18388,1
18386,1
18385,1
335826,1
179914,1
172939,1
18382,1
18380,1
59457,1
120677,1
103006,1
18375,1
131010,1
67180,1
347509,1
134743,1
358920,1
124961,1
326027,1
175583,1
88720,1
309306,1
52266,1
374025,1
18364,1
194765,1
286131,1
175814,1
290335,1
227149,1
284152,1
288783,1
270604,1
57628,1
135988,1
84237,1
57773,1
115256,1
70801,1
84971,1
135987,1
108856,1
66707,1
57743,3
57743,14
52224,11
79881,14
79881,3
79575,3
79575,14
225741,1
62467,1
118459,3
118459,14
103970,1
305972,1
18298,11
174585,1
174585,15
174585,11
174585,14
174585,3
71508,3
71508,14
18297,1
18297,15
18297,11
18297,14
18297,3
103432,1
103432,15
103432,11
103432,14
103432,3
269630,1
269630,15
269630,11
269630,14
269630,3
517641,1
517641,15
517641,11
517641,14
517641,3
92332,1
92332,11
92332,14
92332,15
92332,3
304464,11
304464,14
304464,15
56226,3
56226,14
387692,11
152341,1
143908,1
299789,1
152337,1
152335,1
152334,1
189814,1
152331,1
152307,1
521236,1
152296,1
152292,1
152176,1
151223,1
152172,1
270602,1
188004,3
188004,14
304461,11
182486,1
182486,15
182486,11
182486,14
182486,3
135791,1
152156,1
126395,1
58508,11
58508,1
58508,14
51869,11
51869,1
51869,14
73414,11
73414,1
73414,14
64274,11
64274,1
64274,14
350465,11
350465,14
329353,14
304444,11
304444,14
18217,1
41875,1
274724,1
324428,1
103893,1
274722,1
18215,1
93795,1
360749,1
219973,1
346481,1
361026,1
240574,1
286107,1
101746,1
253778,1
166320,1
285628,1
108122,1
176933,1
167275,1
116964,1
249473,1
285941,1
135486,1
162019,1
164066,1
135789,1
380576,1
346480,1
135786,1
229381,1
254812,1
182512,8
182512,20
522051,20
522051,6
73934,8
73934,20
290763,8
290763,20
344844,8
344844,20
62118,8
62118,20
170497,8
170497,20
170497,6
521961,20
521961,6
131387,8
131387,20
517914,20
517914,6
160707,8
160707,20
160707,6
131384,8
131384,20
290515,8
290515,20
140090,1
182319,1
18095,1
18094,1
20086,1
43684,1
18086,1
18085,1
300878,1
76382,1
48128,1
86378,1
43873,1
18070,1
358778,1
306012,1
512165,1
297418,1
44569,1
50313,1
68045,1
18061,6
128988,1
100971,1
346097,1
346097,6
18056,6
344859,1
344859,6
79346,1
106271,11
18049,11
299888,1
115253,1
178716,1
131292,1
99568,1
99568,20
382431,1
382431,20
114993,1
114993,20
63558,1
17986,20
17986,1
94879,8
94879,6
90755,1
48994,15
48994,8
17914,1
17913,1
345391,1
17909,1
388108,1
17908,1
17907,1
17907,8
41902,1
71519,1
51590,1
25667,1
128307,1
50830,1
78866,1
92452,1
98135,1
90658,1
340705,1
340806,1
354036,1
340088,1
340087,1
340500,1
340489,1
340463,1
340425,1
340416,1
340405,1
340373,1
340358,1
340309,1
360472,1
340307,1
340294,1
340291,1
340276,1
341669,1
341668,1
340808,1
340172,1
354034,1
340147,1
340116,1
340115,1
340114,1
340107,1
340080,1
340075,1
340072,1
340065,1
340698,1
340638,1
340637,1
370055,1
368664,1
353633,1
353632,1
363776,1
363775,1
354029,1
132289,1
132289,8
168325,1
30314,5
30314,1
135571,1
139769,1
178632,1
17816,11
17816,14
308175,11
308175,14
534825,1
74244,11
74244,14
199241,11
199241,14
63429,11
63429,14
338881,11
338881,14
58859,11
58859,14
286925,14
48630,11
48630,14
308173,11
308173,14
63428,11
63428,14
329900,11
329900,14
281283,14
349096,11
349096,14
286924,14
286924,11
316637,11
316637,14
67179,14
67179,11
146068,11
146068,14
63572,14
63572,11
293001,11
293001,14
46369,11
46369,14
374591,1
374591,11
374591,14
110125,11
110125,14
377330,11
377330,14
79345,11
79345,14
249432,14
263375,11
263375,14
263374,11
263374,14
87138,14
87138,11
63792,11
63792,14
63791,11
63791,14
316633,14
316633,11
316632,14
316632,11
300158,14
300158,11
101511,14
101511,11
286922,11
286922,14
195167,14
195167,11
81519,11
81519,14
249115,14
249115,11
329222,14
329222,11
251110,14
45316,11
45316,14
523350,14
523350,11
300157,11
300157,14
202331,11
202331,14
57508,11
57508,14
211418,14
211418,11
146063,14
146063,11
113543,1
113543,11
113543,14
59349,11
59349,14
180123,11
180123,14
146062,11
146062,14
384829,1
321559,11
321559,14
325953,11
325953,14
534425,1
101508,11
101508,14
329895,14
82930,14
82930,11
68456,11
68456,14
318334,1
287887,1
79454,1
132972,1
135784,1
384758,1
326256,1
104194,1
187003,1
196428,1
88835,1
47340,1
126343,1
297023,1
325242,10
162290,10
17777,11
17777,14
48842,1
318645,1
318647,8
318647,1
318646,1
202740,1
161352,1
134921,1
360525,1
504960,1
202744,1
56579,1
181753,1
169670,1
210716,1
297882,1
27286,1
97400,1
76228,1
84020,1
51313,1
175018,1
202541,6
328059,6
202542,6
204703,1
202450,1
17624,1
85698,1
323980,14
147540,11
147540,14
364745,11
364745,14
17589,6
367928,6
17583,6
106243,14
88994,11
88994,1
88994,14
62264,1
62264,11
62264,14
51164,1
51164,14
51164,11
72754,11
72754,14
17470,8
17467,8
272003,8
181712,11
181712,14
181712,6
86055,11
86055,14
86055,6
522896,1
79951,1
298269,8
298269,10
66522,1
47778,1
168625,1
113808,8
113808,10
267335,8
267335,10
220531,8
220531,10
41991,8
41991,10
98877,8
98877,10
118421,8
118421,10
118423,8
118423,10
118560,8
118560,10
119029,8
119029,10
82308,8
82308,10
178360,1
100958,18
100958,10
317540,18
317540,10
17386,18
17386,10
241521,10
17384,1
17383,8
17383,10
41983,8
41983,10
47577,1
50141,1
320216,8
320216,10
215235,8
215235,10
79271,1
83937,8
83937,10
240771,1
79468,8
79468,10
127494,8
127494,10
103420,1
62607,1
53945,8
53945,10
85251,10
283630,8
283630,10
372644,1
67522,15
67522,14
17356,8
17353,8
17353,1
93432,8
293122,1
78146,8
78146,1
47504,1
104993,8
104993,1
59446,1
117393,8
117393,1
74210,8
74210,1
61443,8
61443,1
81298,8
293123,8
85250,8
71999,8
17348,8
254068,1
225607,1
225606,1
225605,8
225605,1
225604,8
225604,1
90566,8
518003,1
518082,1
518082,8
293120,8
293120,1
518053,1
319313,1
174582,1
17321,1
293135,8
344300,1
55507,8
24419,1
24419,8
146859,1
120556,1
120556,15
120556,11
120556,14
120556,3
120555,1
120555,15
120555,11
120555,14
120555,3
308131,1
308131,15
308131,11
308131,14
308131,3
74599,10
525825,10
297886,10
353568,1
87428,1
17266,1
82026,1
121207,15
17235,1
77975,1
207983,15
133131,7
133131,15
133131,11
133131,1
120646,15
371161,11
371161,6
17203,15
327543,15
86715,15
371011,15
371011,11
371011,14
77856,8
77856,1
77856,15
94165,8
94165,1
94165,15
72377,8
72377,1
72377,15
128876,8
128876,15
17182,8
17182,1
17182,15
42726,8
42726,1
42726,15
205691,8
205691,15
62018,8
62018,15
93198,15
93198,8
75531,8
75531,15
17157,8
17157,1
17157,15
17153,8
17153,1
17153,15
50545,8
50545,1
50545,15
17149,8
17149,15
97587,8
97587,1
97587,15
152110,8
152110,1
152110,15
17118,8
17118,1
17118,15
124576,15
124576,8
124574,8
124574,15
17114,8
17114,15
17104,8
17104,15
87044,8
87044,1
87044,15
98573,8
98573,1
98573,15
57436,8
57436,1
57436,15
96682,8
96682,15
17092,8
17092,1
17092,15
72048,8
72048,1
72048,15
60581,8
60581,15
225592,15
225592,8
63843,15
63843,8
178344,8
178344,1
178344,15
517895,15
17074,15
17074,8
517896,15
50164,8
50164,15
70991,15
384043,15
384032,8
384032,15
150390,8
150390,1
150390,15
53273,8
53273,1
53273,15
61301,8
61301,1
61301,15
202984,8
202984,1
202984,15
52458,15
52458,8
74572,8
74572,15
373902,8
373902,1
373902,15
164603,8
164603,15
368122,8
368122,15
45147,15
45147,8
60564,8
60564,15
44421,8
44421,1
44421,15
44420,8
44420,1
44420,15
87707,8
87707,1
87707,15
51281,15
51281,8
48269,8
48269,15
46995,15
46995,8
54400,15
54400,8
62285,8
62285,15
84497,15
84497,8
66496,8
66496,1
66496,15
521144,15
288049,8
288049,15
62258,8
62258,1
62258,15
75477,15
75477,8
240870,8
240870,15
55746,8
55746,1
55746,15
374086,15
374086,8
373891,8
373891,1
373891,15
211997,8
211997,1
211997,15
57185,8
57185,1
57185,15
17064,8
17064,1
17064,15
211996,8
211996,15
521565,15
99170,8
99170,1
99170,15
521552,15
81913,8
81913,15
65810,8
65810,15
521255,8
521255,15
521255,11
521255,1
521255,14
76947,8
76947,1
76947,15
80664,8
80664,15
517898,15
70232,8
70232,15
84599,15
84599,8
70884,8
70884,1
70884,15
72649,8
72649,1
72649,15
82446,8
82446,1
82446,15
52394,15
52394,8
112199,8
112199,1
112199,15
93245,8
93245,15
58563,8
58563,15
116068,8
116068,15
80057,15
80057,8
46538,8
46538,15
44734,8
44734,1
44734,15
96376,8
96376,15
49611,15
49611,8
56589,15
53638,8
53638,15
155089,15
48789,8
48789,15
57726,8
57726,1
57726,15
171640,8
171640,1
171640,15
128520,8
128520,1
128520,15
61630,15
61630,8
64383,8
64383,15
82406,8
82406,1
82406,15
63693,15
63693,8
212028,15
212028,8
254377,15
254377,8
211982,8
211982,15
382846,8
382846,15
170592,8
170592,15
517897,15
299871,15
299871,8
127565,8
127565,15
130273,8
130273,1
130273,15
86893,8
86893,1
86893,15
79931,8
79931,1
79931,15
59385,8
59385,1
59385,15
53723,8
53723,15
86190,8
86190,1
86190,15
42296,8
42296,1
42296,15
58641,8
58641,1
58641,15
521593,15
68153,8
68153,1
68153,15
76700,8
76700,1
76700,15
74195,8
74195,15
84142,8
84142,15
517548,15
517440,15
517428,15
521517,15
518820,15
520242,15
285690,1
105291,11
87252,15
16987,1
236190,1
62900,15
62900,8
171221,1
194597,1
81234,1
115770,1
240246,1
256708,1
256701,1
275636,1
298744,1
53107,1
307867,1
225585,1
319882,1
256365,1
299731,1
378651,8
378651,1
378652,8
378652,1
61032,8
61032,15
17012,8
17012,1
87456,8
87456,15
17011,15
17011,11
17011,14
381074,15
381074,8
381073,15
381073,8
524586,8
524586,15
55568,8
55568,15
524734,8
524734,15
317537,1
275631,1
212026,1
246450,1
67610,1
108478,1
70381,1
69009,1
284873,1
43322,1
17003,1
299735,1
257334,8
257334,15
85738,8
85738,15
83564,8
83564,15
16991,8
16991,15
65192,1
96517,15
63213,15
63213,8
528767,15
114372,8
114372,15
56214,15
56214,8
344298,15
344298,8
524691,8
524691,15
73068,15
73068,8
528846,15
528846,8
367522,15
367522,8
344296,15
344296,8
197118,15
197118,8
514608,15
514608,8
387713,15
387713,8
218437,15
226374,1
345457,15
16983,15
16983,8
16984,15
16984,8
194810,15
194810,8
176831,1
301917,8
301917,15
16980,1
78424,1
78424,8
117388,1
117388,8
101944,1
101944,8
256684,15
16977,15
23853,15
23853,8
62329,8
62329,15
512579,14
512579,15
60015,14
60015,15
51189,8
51189,15
16971,15
506699,15
506699,14
16969,15
16969,14
59031,15
74122,15
64035,15
263542,1
526449,8
526449,15
77150,8
77150,15
118399,15
60115,6
72623,8
72623,15
16949,15
118592,15
100951,8
100951,15
235090,1
235090,8
235091,1
235091,8
16942,1
16942,8
16942,15
178822,1
178821,1
524589,8
524589,15
73168,6
301915,15
16935,15
241859,1
241859,8
54661,1
170466,1
53106,15
53106,14
105081,8
105081,15
84741,15
84741,8
16930,15
110493,8
110493,15
63084,8
63084,15
87189,1
115246,1
301914,15
301914,8
81892,1
63449,1
16923,1
288028,1
198953,1
505476,1
151061,1
95051,1
346814,1
505470,1
51524,1
171014,1
171014,8
318870,1
113333,1
504640,1
300127,1
240891,1
246478,1
525255,8
525255,15
387385,15
505473,1
336182,1
202846,1
362399,6
368910,6
94750,6
94751,6
93831,6
30142,6
99614,6
342348,6
199707,6
91222,6
349558,6
90246,6
358125,6
92890,6
183790,6
215967,6
93393,6
250650,6
30146,6
2742,6
215968,6
168758,6
29904,6
73820,6
73287,6
166025,6
30149,6
91502,6
89239,6
94876,6
96697,6
94073,6
100057,6
89413,6
218396,6
368911,6
30152,6
199709,6
99239,6
30154,6
91503,6
89240,6
94877,6
112725,6
92879,6
94074,6
96698,6
30155,6
258364,6
96201,6
65503,6
68164,6
170417,6
87954,6
96752,6
172108,6
90000,6
84390,6
215969,6
89076,6
92163,6
191558,6
368912,6
79708,6
94367,6
338713,6
174546,6
30166,6
91548,6
30168,6
174547,6
29933,6
30170,6
341982,6
89764,6
98919,6
92558,6
64726,6
96704,6
99763,6
90258,6
96489,6
113432,6
29942,6
180694,6
92176,6
77783,6
89332,6
192911,6
313313,6
307085,6
29945,6
30184,6
96349,6
98744,6
98745,6
236392,6
30178,6
89213,6
174548,6
96157,6
368913,6
100007,6
128822,6
358131,6
29956,6
93806,6
172112,6
99821,6
99822,6
91097,6
380752,6
215972,6
287109,6
130093,6
29965,6
43788,6
96788,6
30187,6
96789,6
98554,6
93075,6
192912,6
380743,6
333438,6
30189,6
307084,6
30190,6
99301,6
89350,6
29969,6
89582,6
313317,6
87955,6
92531,6
164221,6
304851,6
313319,6
108376,6
325687,6
304850,6
30197,6
98331,6
183914,6
192913,6
94334,6
174550,6
93724,6
388785,6
294568,6
349557,6
89077,6
97285,6
30201,6
242732,6
168759,6
97367,6
192915,6
99814,6
94724,6
92272,6
349560,6
192917,6
174551,6
313320,6
108756,6
99426,6
313318,6
97368,6
30204,6
336368,6
89505,6
92183,6
99815,6
291735,6
29991,6
110060,6
174552,6
174553,6
218397,6
94726,6
90380,6
94725,6
130094,6
95013,6
89651,6
95885,6
29998,6
93690,6
318757,6
30000,6
168760,6
87960,6
98465,6
91069,6
174554,6
291739,6
171387,6
60793,6
97784,6
96037,6
215975,6
76868,6
93606,6
199714,6
91581,6
95095,6
93626,6
92333,6
117716,8
117716,6
94821,8
94821,6
30214,8
30214,6
30019,6
172113,6
30216,6
174555,6
92372,6
215979,6
235365,6
30218,6
109636,6
215981,6
199717,6
99055,6
291737,6
318758,6
318759,6
215984,6
103795,6
110560,6
25656,6
345415,6
130095,6
96812,6
30221,6
93084,6
97966,6
93636,6
94616,6
95371,6
30224,6
91450,6
95530,6
92593,6
102332,6
191559,6
180696,6
99115,6
52130,6
364874,6
318741,6
358124,6
275817,6
303225,6
358123,6
275820,6
358122,6
44845,6
255987,6
98411,6
173136,6
166012,6
96199,6
114426,6
71808,6
98647,6
173095,6
206412,16
206412,18
206412,1
206413,16
206413,18
206413,1
270622,18
270622,1
206414,18
206414,1
28282,1
28282,16
28282,18
95570,16
95570,18
95570,1
2801,18
2801,1
2803,1
2803,16
2803,18
176253,1
2805,18
2805,1
2805,16
73678,1
206416,16
206416,18
206416,1
97658,16
97658,18
97658,1
206417,16
206417,18
206417,1
206418,18
206418,1
206419,18
206419,1
117055,11
117055,8
343887,4
108880,4
304035,1
370888,1
2889,8
304036,1
168826,1
298021,1
254133,1
254134,1
220594,8
220594,1
220593,1
367626,1
503704,1
2897,7
2897,8
2903,7
2903,1
24372,8
24372,1
114489,8
114489,1
102297,8
102297,1
61061,8
61061,1
227429,1
75542,8
75542,1
117380,1
368905,1
333011,1
350005,1
369288,1
104321,1
522743,1
60800,8
60800,1
56661,1
45644,1
114490,1
28657,1
204285,1
46543,8
46543,1
67972,1
370889,1
141217,1
2921,1
206794,1
206794,11
92508,8
92508,1
241818,1
287311,8
309953,1
206795,1
47189,1
28682,1
28682,11
99345,8
28683,8
57221,1
212523,1
60150,1
86402,1
28694,8
28694,1
63287,1
75775,1
78304,1
83949,1
111692,1
376595,1
256907,1
256909,1
206806,1
25642,8
25642,1
198585,1
253928,8
345915,1
364880,8
364880,1
345916,1
71211,8
358098,1
364891,8
364891,1
372038,1
341598,1
374514,1
370890,1
361776,1
52876,8
25482,8
198586,1
170164,1
180962,1
271970,1
175789,1
226981,1
64189,1
315490,1
196234,1
135124,1
138612,1
152126,1
344158,1
271846,1
127963,1
2969,1
260918,1
183826,1
206809,1
25038,8
25038,1
2986,1
204505,1
204505,8
360290,11
360290,1
360291,3
360291,1
360291,11
360292,1
360292,11
360294,3
360294,1
360294,11
360295,11
360295,3
360295,1
177932,1
85156,11
85156,1
370657,15
353579,15
3051,1
3052,1
3054,1
207524,1
207525,1
94085,1
3056,1
251220,10
212828,10
372916,1
372916,10
3068,10
42449,10
195450,10
139696,10
367812,10
222920,10
222920,1
192039,10
183698,10
237439,10
237439,1
108564,10
281170,10
262829,10
262829,1
192040,10
372917,1
372917,10
239380,10
114492,10
194498,10
176280,10
176280,1
85773,10
52167,10
155788,10
281213,10
281213,1
90254,10
361729,10
28785,10
270931,10
139091,10
193946,10
170373,10
367524,10
95867,10
137021,10
79429,10
80433,10
222923,10
152286,10
109511,10
222924,10
222924,1
211803,10
195143,10
316665,10
181267,10
151576,10
61409,10
339919,10
337195,10
285369,10
28788,10
66570,10
135663,10
369289,10
361043,10
359900,10
91307,10
152201,10
124344,10
124344,1
136123,10
171739,10
115067,10
75063,10
48373,10
54557,10
153263,10
45191,10
334724,10
302850,10
345671,10
325541,10
342437,10
361042,10
361042,1
300949,10
121416,10
359898,10
359898,1
281494,10
52916,10
136210,10
82225,10
82225,1
207576,10
530359,10
530360,10
530361,10
74341,10
47388,10
177975,10
177975,1
92987,10
170363,10
274983,10
274983,1
154070,10
151045,10
212841,10
530368,10
207579,18
207579,10
207579,16
176638,15
3174,8
3174,6
299592,8
299592,6
208332,8
208332,6
291727,8
291727,6
97469,8
97469,6
208406,1
21620,1
308940,1
98105,3
98105,11
216638,11
106095,11
3210,11
3210,14
378992,11
378992,14
175818,1
3322,8
3341,1
120260,8
115947,1
84048,1
28952,1
70109,1
307335,1
69034,1
124348,1
350006,1
138616,1
58190,1
118070,1
3410,1
150050,5
150050,1
209872,5
209872,1
89098,6
94987,6
198227,6
29189,20
29189,1
91879,1
239971,1
29196,5
29196,1
42506,5
42506,8
42506,11
29200,8
29200,11
29200,5
29202,1
61277,1
3724,8
47694,15
47694,8
54786,15
54786,8
154908,15
154908,8
29212,8
85867,8
182765,4
83422,4
3742,4
136013,1
127005,1
343229,11
343229,14
185379,11
185379,14
217936,14
217936,11
29241,8
29241,1
344847,1
228959,1
138565,1
359225,1
214376,1
160813,1
210684,1
211171,8
211365,1
95516,8
95516,1
3783,8
3783,1
29268,8
29268,1
335114,1
29275,1
132524,7
29282,20
29282,1
222993,1
3791,18
3791,1
212464,18
212464,1
88844,1
212465,18
212465,1
212466,18
212466,1
212467,18
212467,1
3793,18
3793,1
212468,18
212468,1
212469,18
212469,1
3825,11
119501,11
29336,11
387737,14
273089,8
273089,6
515183,14
248247,1
336439,1
215575,1
378591,1
287963,1
379002,2
379002,6
378590,1
215576,1
379001,2
379001,6
241276,1
360243,1
385865,1
382776,1
315647,1
127405,1
360989,1
360277,1
211253,1
537664,11
537664,14
4036,14
4036,11
104508,11
104508,14
253881,11
253881,14
4039,11
4039,14
171979,11
171979,14
4040,11
4040,14
4097,1
4097,4
4112,14
4112,11
99607,4
240120,4
95199,4
63265,4
45210,4
4174,4
95960,4
4178,4
91650,4
116976,4
94636,4
529847,4
213583,4
4197,4
30265,4
4206,4
213595,4
4212,4
4212,1
529866,4
529866,1
67006,4
67006,1
213598,4
213598,1
213601,4
116977,4
58848,4
4232,4
30278,4
30282,4
517163,4
517163,1
76993,4
76993,1
529862,4
517202,4
213590,4
213591,4
4237,4
529861,4
30542,1
30542,14
30542,11
213640,11
213640,14
240297,11
240297,14
115637,11
115637,14
175834,1
175834,14
175834,11
188020,1
188020,11
188020,14
213643,11
213643,14
507343,1
507343,14
507343,11
507231,1
507231,11
507231,14
507131,11
507131,1
507131,14
97131,14
4258,11
4258,6
176639,14
377798,14
213775,11
213775,6
4327,1
79054,1
254933,1
94800,1
277154,1
92375,1
77635,1
112965,1
72036,1
55040,1
53171,1
147691,1
22932,1
107773,1
117706,1
361223,1
361819,1
360278,1
245133,1
320683,1
297329,1
291252,1
352649,1
350007,1
125474,1
301959,1
297332,1
301703,1
245126,1
285588,1
89930,1
228294,7
228294,1
367705,1
272618,1
359261,1
181205,1
373771,1
352233,1
285131,1
271885,1
301963,1
345236,1
285381,1
237779,1
281255,1
245128,1
285382,1
248511,1
352239,1
49408,1
359103,1
352235,1
359104,1
117707,1
359102,1
254140,1
254140,7
298390,1
364943,1
364945,1
112300,1
240739,1
104467,1
364944,1
325312,1
112331,1
364946,1
358923,1
361818,1
102296,1
238472,1
272717,1
114498,1
221252,1
68194,1
96493,1
125059,1
348584,1
61505,1
373770,1
81224,7
81224,1
202553,7
202553,1
237443,1
364951,1
249927,1
221083,1
115079,1
256918,1
256918,7
360313,1
130616,1
130615,1
364952,1
44554,1
182332,1
214473,1
245131,1
245129,1
237091,1
71026,1
106103,7
106103,1
371953,1
243472,1
371954,1
371955,1
256125,1
317462,1
4370,1
250225,1
312649,1
238810,1
85133,1
253717,1
226841,8
226841,4
504812,1
110164,1
248515,1
243148,8
243148,1
299737,1
182179,1
374042,1
219371,1
183329,1
216830,1
101114,4
95201,4
95201,8
4457,1
238429,1
30691,8
30691,4
110254,1
4463,1
23474,1
138860,8
138860,1
131185,1
23530,8
23530,1
367842,8
367842,1
57103,8
57103,1
91366,8
91366,1
384933,1
134634,8
134634,1
214690,4
101674,4
221912,1
4471,1
45244,4
45244,8
22864,1
335605,1
4476,1
53856,1
28401,1
72190,1
242408,1
254629,1
272074,1
30695,4
23475,8
23475,4
226690,8
226690,1
255374,4
255374,8
218559,4
218559,8
238812,1
299739,1
238815,1
68714,8
68714,1
127891,4
127891,8
77105,4
77105,8
95041,8
95041,4
4490,8
4490,1
131188,8
131188,4
168291,4
168291,8
168306,4
168306,8
238813,8
238813,1
223067,8
223067,1
303598,1
228458,8
228458,4
112793,8
112793,1
101679,8
101679,4
101680,4
4498,8
72885,10
237811,1
364729,1
357586,1
289121,1
240035,1
351291,1
518436,1
4689,16
4689,18
4689,1
529553,15
529553,11
529553,14
59250,15
30789,15
64534,8
57952,8
212744,15
4712,8
58412,8
327923,15
327923,14
247492,15
327514,15
387739,15
387739,14
269525,15
269525,14
253328,15
253237,15
4720,15
4720,14
247493,15
247493,14
81368,16
385408,15
30791,15
30791,11
30791,14
227828,15
227828,11
227828,14
370831,15
4735,15
4735,11
4735,14
66548,15
66548,11
66548,14
253063,15
4738,15
4738,14
368948,15
368948,11
368948,14
138286,15
242023,15
242023,11
242023,14
141075,15
387599,15
387599,14
85056,16
284109,15
284109,14
4789,1
294387,4
345441,1
322456,4
322456,1
309917,4
297381,4
256922,4
322203,4
322203,1
27641,8
27641,4
91286,8
91286,4
170391,8
170391,4
60450,8
60450,1
537151,15
537151,11
537151,14
353572,15
353573,15
386818,15
353581,15
353519,1
353519,14
353519,11
104393,1
104393,14
104393,11
132141,11
132141,4
132141,14
132142,4
132142,11
132142,14
132143,4
132143,11
132143,14
132144,4
132144,11
132144,14
132132,4
132132,11
132132,14
132133,1
132134,14
132134,4
132135,4
132135,11
132135,14
119191,11
119191,4
119191,14
119192,4
119192,11
119192,14
119193,4
119193,14
282544,4
5130,14
5130,4
5130,11
135468,4
85131,4
152842,4
78756,14
78756,11
78756,4
5147,11
101163,14
101163,11
101163,4
521708,8
521708,4
521708,11
521708,14
119185,4
119185,11
119185,14
142792,4
142792,11
142792,14
119186,4
119186,11
119186,14
119187,4
119187,11
119187,14
119188,4
119188,11
119188,14
529612,4
168934,8
168934,4
168934,11
168934,14
124048,8
124048,4
124048,11
124048,14
521650,8
521650,4
521650,11
521650,14
518084,4
518084,11
518084,14
368023,4
368023,11
368023,14
130552,8
130552,4
130552,11
130552,14
41152,11
23399,11
341630,11
218242,1
5200,10
126391,10
126391,18
360341,1
359605,1
371075,1
337028,1
117068,1
203277,1
317571,1
320312,1
317573,1
359614,1
203275,1
203276,1
249334,1
284510,1
371076,1
91754,1
136751,1
50696,1
49632,1
66514,4
30998,4
62766,5
22782,5
109593,5
68693,5
5236,5
5236,1
5237,5
205350,5
280823,6
106108,6
31018,6
195618,6
182468,6
228838,6
229490,6
336369,6
331209,6
107696,6
97018,6
69755,6
180699,6
94179,6
97608,6
43478,6
223169,6
112727,6
62150,6
94247,6
31067,6
71667,6
97136,6
91054,6
336906,6
333416,6
318760,6
360838,6
92052,6
215977,6
223171,6
93108,6
93721,6
84197,6
360837,6
199711,6
78802,6
119058,6
215959,6
192919,6
119064,6
218398,6
119065,6
119066,6
119068,6
318583,6
42464,6
387483,6
387484,6
93799,6
387478,6
56904,6
84627,6
91142,6
5291,4
5291,1
66762,4
60316,1
114596,4
206712,1
206712,4
352667,1
264548,1
312947,1
335805,1
243178,1
5309,6
5346,11
5346,1
5370,1
322457,15
375946,15
322461,15
371587,15
86658,15
177900,15
121632,1
327500,14
327500,11
5512,11
5512,14
5542,11
5542,14
259134,11
259134,14
5543,11
5543,14
5473,11
66532,1
25668,1
79171,1
56890,1
194491,10
89726,10
288129,1
290272,10
341814,1
341814,10
344180,1
344180,10
286117,1
256749,1
359980,10
226587,1
133848,1
71621,1
121935,1
102554,1
135431,1
218256,1
68987,1
97297,1
162226,1
137485,1
524449,1
233471,1
97667,1
121936,1
55125,8
55125,1
99866,1
77308,1
121937,1
84255,1
45079,1
76842,8
76842,1
42324,8
42324,1
94015,1
137487,1
74266,1
54826,1
217857,1
119207,1
98955,1
54284,1
31600,1
98091,1
265815,1
33969,1
299513,1
58872,1
83687,1
130165,1
44412,1
52642,1
73359,1
299183,1
374224,1
132148,1
73360,1
301342,1
119204,1
76201,1
52679,1
242213,1
283677,1
242130,1
220395,1
242215,1
44332,1
374330,1
242126,1
143131,1
143141,1
160515,1
160514,1
103704,1
44333,1
242122,1
278251,1
66369,1
339052,1
291859,1
176624,1
68114,1
288906,1
328135,1
242210,1
93943,8
93943,1
31611,1
344182,1
522747,7
522747,1
522979,8
522979,1
73695,1
49675,1
343789,1
274990,1
274991,1
274992,1
49773,1
63917,1
194925,1
115406,1
53618,1
93086,1
74171,1
204341,1
47715,1
375151,1
281380,8
281380,1
117044,1
77508,1
90523,1
109613,8
109613,1
197561,8
197561,1
122075,8
122075,1
53279,1
102305,1
85350,1
50650,1
80363,1
96155,1
87815,1
96154,1
58247,1
31638,8
31638,1
370069,1
347359,1
97736,1
92880,1
70968,1
515201,1
243610,1
75265,1
31650,1
137504,1
105146,1
96614,1
257323,1
81490,1
60767,1
339944,1
290946,1
94006,1
79717,1
220410,1
153998,1
99260,1
76078,1
219221,1
143134,1
167787,1
56313,1
64640,1
183251,8
183251,1
66232,1
44489,1
143264,1
121588,1
68547,1
141971,8
60768,1
31681,1
52068,1
525696,8
525696,1
137931,1
70503,1
57499,8
57499,1
42564,8
42564,1
237328,1
93742,8
93742,1
115010,1
117456,1
136441,1
115006,1
108274,1
109726,1
292857,1
237431,1
237431,11
92225,1
86108,1
99634,1
167782,1
241872,1
172291,1
73091,1
43261,8
43261,1
67296,1
130296,1
241820,1
298077,1
64230,1
69806,8
69806,1
85453,7
85453,3
217613,1
374232,1
285896,8
66956,1
71502,1
282411,1
93675,1
66813,1
87254,1
128945,1
95976,1
306316,1
177345,8
132149,1
75064,1
344141,1
227128,1
251849,1
83153,8
83153,1
218001,1
108729,1
119208,1
234187,1
374237,1
65467,1
339945,1
179005,1
124154,1
101701,1
277336,1
75496,1
105298,1
170939,1
163502,8
163502,1
68020,1
339050,1
46378,1
53805,8
53805,1
532213,1
97674,1
196419,1
54416,8
54416,1
338089,1
276131,1
277333,1
288964,1
318749,1
62385,1
252224,1
53793,1
75761,8
75761,1
94522,1
97723,1
66605,1
92306,1
276164,1
276165,1
288957,1
276128,1
276129,1
276130,1
243228,1
339051,1
277335,1
288653,1
277334,1
301344,1
301362,1
321006,1
338092,1
338091,1
346649,1
346651,1
346650,1
346646,1
346645,1
346648,1
346652,1
387010,1
500771,1
378593,1
524256,1
526113,8
526113,1
102603,1
91106,1
97995,1
294496,1
301359,1
301357,1
301353,1
301355,8
297641,1
344777,1
344778,1
515200,1
344781,1
344783,1
301341,1
507779,1
385321,1
344776,1
217614,1
137503,1
177349,1
105300,8
105300,1
378592,1
231518,1
321007,1
237643,1
301361,1
137500,1
265814,1
532633,1
242216,1
301352,1
517393,1
338090,1
258532,1
243614,1
517446,1
288995,1
237644,1
288648,1
317125,1
177256,8
176025,1
344779,1
526203,8
526203,1
289771,1
242209,1
369290,1
273606,1
288951,1
344780,1
300473,1
320225,1
500874,1
143132,1
283673,1
300474,1
328134,1
242957,1
318704,1
301354,8
289770,1
301356,1
301358,1
254510,1
301343,1
278249,1
326844,1
344782,1
273607,1
293587,1
306602,1
347358,1
314450,1
369952,1
190976,1
278253,1
150934,1
139586,1
31541,1
5697,8
5697,1
31547,8
31547,1
5704,1
237093,1
293759,1
5711,8
5711,1
181960,8
181960,1
93620,8
93620,1
168892,1
168892,8
74131,8
74131,1
115908,8
115908,1
112153,8
112153,1
31551,8
31551,1
151341,8
151341,1
42929,1
5722,8
5722,1
76557,8
76557,1
94005,8
94005,1
301000,8
301000,1
5727,1
293493,8
293493,1
5729,8
5729,1
5730,8
5730,1
42914,8
42914,1
171376,8
171376,1
31562,8
31562,1
21602,8
21602,1
5734,1
271851,1
190129,1
19962,8
19962,1
5739,7
5739,1
30461,8
30461,1
5743,1
218508,8
218508,1
95396,1
270558,1
80492,1
529090,3
529090,1
368802,1
383650,3
383650,1
383651,3
383651,1
109923,1
102221,1
68989,1
131218,1
57057,1
111165,1
69898,1
86353,1
89132,1
67430,1
5755,8
5755,1
98721,1
92457,1
48167,1
108305,1
159486,3
159486,1
337956,3
337956,1
377009,3
377009,1
308666,3
308666,1
91505,1
108100,1
91263,8
91263,1
334468,3
334468,1
306845,3
306845,1
374711,3
374711,1
5757,1
110356,1
153685,8
153685,1
31752,1
163302,1
179322,1
5759,1
81774,1
5763,1
5765,1
335308,1
335309,1
293040,1
55571,1
281490,1
166443,1
50756,1
90247,1
94120,1
387410,1
198594,1
44562,1
74561,1
42544,1
31760,1
5771,1
316520,1
103691,1
43947,1
82312,1
115857,1
167945,1
253166,1
97424,1
88548,1
23341,1
5835,4
5835,1
31796,1
31796,4
297518,1
302802,1
293365,1
31805,1
536985,1
537011,1
537304,1
536959,1
537010,1
537287,1
537359,1
531133,1
529948,1
529948,3
5888,1
537103,1
537103,3
537032,1
537032,3
530935,7
529996,1
529990,1
529989,1
530936,7
326682,11
326682,14
158441,1
303828,1
70567,1
219228,1
249616,1
29272,1
218423,1
209005,1
317234,1
74280,1
5989,1
310118,1
135366,8
135366,1
183253,8
183253,1
47521,8
47521,1
21108,8
21108,1
6006,8
6006,1
6008,8
6008,1
72943,8
72943,1
45740,1
45740,8
525874,8
525874,1
218569,8
218569,1
169582,8
169582,1
117519,8
117519,1
31851,8
31851,1
180344,8
180344,1
76398,8
76398,1
58478,8
58478,1
118142,8
118142,1
25060,8
25060,1
20683,8
20683,1
290823,8
290823,1
367730,8
367730,1
103146,8
103146,1
87536,8
87536,1
24700,8
24700,1
231320,8
231320,1
279733,1
279733,8
298098,1
170646,1
64330,1
522656,1
195632,5
195632,1
307418,5
145998,5
145998,1
158512,5
158512,1
61646,5
525410,8
525410,15
525410,11
389092,8
389092,15
389092,11
240471,1
374906,1
189838,15
189838,14
117272,14
117272,15
226328,15
226328,11
226328,14
46948,15
314101,15
64829,15
517287,15
380623,15
380623,14
534829,15
268564,15
268564,11
268564,14
240478,15
6230,3
6230,15
6230,11
200188,15
103614,15
522974,15
517091,15
517091,11
517091,14
517092,15
517092,11
517092,14
518276,15
519010,15
519979,15
6243,15
268574,15
268574,11
268574,14
377739,3
377739,15
377739,11
377740,11
377740,15
76835,3
76835,15
76835,11
296469,11
296469,15
140034,3
140034,15
140034,11
226329,15
187830,15
6229,15
104387,15
104387,11
345342,1
525795,1
254610,1
364439,1
511669,1
349539,1
526447,1
336462,1
506626,1
345343,1
525484,1
336466,1
316737,1
353807,1
365024,1
377074,1
256620,1
522922,1
374394,1
384497,1
382805,1
385347,1
514313,1
526092,1
532796,1
361424,1
526269,1
530332,1
525904,1
526152,1
525718,1
525806,1
526095,1
530333,1
345324,1
371265,1
315330,1
342449,1
357381,1
506688,1
371273,1
331257,1
362015,1
359663,1
362017,1
511584,1
371266,1
345326,1
371267,1
533205,1
349534,1
326338,1
345347,1
511696,1
505288,1
505289,1
505290,1
371268,1
511680,1
352084,1
521214,1
525998,1
535853,1
536248,1
505284,1
507868,1
507866,1
371274,1
535899,1
511339,1
377076,1
505287,1
528879,1
355908,1
535918,1
505299,1
517424,1
514312,1
525497,1
531291,1
361425,1
505304,1
352314,1
505286,1
306250,1
374124,1
533305,1
526006,1
505308,1
536737,1
505300,1
521458,1
342448,1
518025,1
528907,1
517787,1
517993,1
519700,1
521728,1
521408,1
368684,1
525821,1
360226,1
521557,1
521178,1
521330,1
521094,1
530331,1
530330,1
505309,1
512640,1
525878,1
349703,1
356008,1
271270,1
271106,1
269585,1
296675,1
303249,1
271107,1
301459,1
206881,1
249880,1
285393,1
527663,1
371275,1
285394,1
343473,1
359665,1
317252,1
380868,1
349702,1
505305,1
369358,1
527013,1
298719,1
274595,1
372474,1
372473,1
372472,1
119919,15
32023,14
32023,11
261430,11
261430,14
41202,1
301831,8
301831,6
528806,8
528806,6
193426,1
220216,1
125571,1
256108,1
280171,1
139006,1
180027,1
321697,1
92123,1
256110,1
278313,1
255455,1
107040,1
316315,1
323061,1
125990,1
269665,1
298030,1
370753,1
299497,1
194718,1
182123,1
517262,1
357530,1
42160,1
382781,1
313940,1
314387,1
344142,1
47797,1
256111,1
370752,1
197261,1
40954,1
304656,1
6480,1
32068,1
124117,1
124118,1
166894,1
6483,1
233223,1
41313,1
116857,1
138541,1
136019,1
150424,1
124120,1
168647,1
6486,1
368155,1
304624,1
155009,1
304628,1
195962,1
197875,1
60287,1
138266,1
168648,1
375213,1
275892,1
180028,1
169660,1
179895,1
97119,1
129081,1
226721,1
33977,1
32073,1
90367,1
140818,1
56041,1
180964,1
349449,1
32072,1
138543,1
40956,1
142064,1
63809,1
223352,1
138545,1
170118,1
114352,1
114353,1
6491,1
6492,1
97838,1
83268,1
125574,1
124123,1
114354,1
6494,1
302098,1
124124,1
336922,1
104580,1
41317,1
85119,1
197958,1
150427,1
107041,1
93397,1
304638,1
168652,1
93073,1
256757,1
99349,1
99350,1
93404,1
259353,1
94565,1
6501,1
169662,1
101552,15
101552,14
101552,11
286585,4
258248,4
96311,6
90106,6
99427,6
94691,6
350602,6
96359,6
307093,6
352289,6
66499,6
98999,6
89392,6
307705,6
336371,6
89925,6
218399,6
97053,6
293430,6
89393,6
72415,6
49687,6
173097,6
94783,6
66531,6
96573,6
100322,6
58874,6
89384,6
57159,6
67703,6
108627,6
308094,6
93480,6
350603,6
100113,6
98273,6
94489,6
96443,6
96444,6
100088,6
96352,6
98778,6
64317,6
90911,6
56955,6
89039,6
92063,6
95438,6
77329,6
345419,6
345420,6
328521,6
49889,6
89390,6
71569,6
97351,6
90949,6
97724,6
97725,6
94108,6
96180,6
128826,6
317158,6
128922,6
99465,6
69799,6
111202,6
174094,6
103905,6
76113,6
90091,6
47432,6
68273,6
53538,6
47262,6
99707,6
365985,6
89389,6
104945,6
72414,6
99737,6
47571,6
91931,6
128921,6
93455,6
128824,6
91837,6
96972,6
95221,6
293229,6
192922,6
95542,6
98452,6
337336,6
231432,6
51768,6
95543,6
96965,6
98453,6
93754,6
34148,6
98070,6
98978,6
291745,6
97317,6
42086,6
324238,6
338791,6
91181,6
59819,6
121293,6
128828,6
318761,6
368394,6
368395,6
368398,6
368400,6
6682,6
100324,6
99902,6
96656,6
6690,6
58721,6
32458,6
32447,6
90516,6
50783,6
96440,6
98066,6
349701,6
369950,6
84807,6
183791,6
321513,6
92629,6
199708,6
199716,6
192927,6
328179,6
51335,6
90130,6
317865,6
96655,6
97557,6
90600,6
100325,6
108904,6
97928,6
112154,6
98832,6
99416,1
323374,1
326564,1
263575,1
150286,1
41997,1
322020,1
334654,1
221090,1
163026,8
163026,1
114524,8
114524,1
122440,8
122440,1
77925,1
77925,8
504993,1
343736,1
32544,1
32544,8
153207,1
153207,8
124851,1
6763,1
6763,8
121981,8
121981,1
6767,1
6767,8
25696,1
186949,1
186949,8
178717,1
178717,8
32527,1
6770,8
243420,8
81302,8
98735,1
32535,8
32535,1
163751,8
163751,1
58992,1
58992,8
51715,8
51715,1
180073,1
180073,8
171035,8
171035,1
32561,1
301274,1
133838,1
6780,1
525977,1
73759,1
135671,1
134738,1
207545,1
228067,1
114505,1
104003,1
248909,1
387005,1
81895,1
372772,1
529565,1
334052,1
181329,1
152161,1
91465,1
343790,1
183486,1
66150,8
66150,1
99467,1
99467,7
199218,1
272173,1
309921,1
229797,1
523299,1
298442,1
170182,1
81483,1
6799,1
31407,1
22228,1
232496,1
505062,1
522568,1
505061,8
505061,1
311032,4
253644,4
46666,4
48980,4
87806,4
514316,4
6819,4
130791,4
283871,4
6829,4
25061,4
6830,4
234386,4
65437,4
102443,4
344071,4
339350,4
339351,4
301055,4
301055,11
255398,4
255398,11
63542,4
63542,1
273781,4
273781,11
359185,4
359186,4
170395,4
170395,11
181701,4
181701,11
32653,4
231327,4
6919,4
63685,4
368689,4
367947,4
367947,11
326792,4
326792,1
125710,4
154668,4
6925,4
183592,4
183592,11
226170,11
226170,4
84672,4
231324,4
231324,11
374126,6
140097,1
211195,1
211195,6
202678,1
222349,1
253745,1
530584,1
278293,1
222350,1
135873,1
7037,1
383325,1
32725,1
211196,1
332113,1
332103,1
332115,1
332109,1
176926,1
296819,1
115159,15
245183,1
93910,1
24037,1
105713,1
191857,1
105714,1
46564,1
90038,1
137530,1
84330,1
75331,1
44239,1
7087,1
90919,1
253744,1
226441,1
336813,1
254027,1
340801,1
340802,1
340641,1
7156,1
28157,1
271363,10
74322,10
52187,10
112608,10
102420,10
359845,10
312319,10
104179,10
102492,10
367740,10
102218,10
114508,10
83461,10
298840,10
56971,10
7181,10
7185,10
7186,10
193948,10
7189,10
158810,10
158812,10
166395,10
71782,10
32847,10
60545,10
81086,10
337112,10
260686,10
130014,14
327831,1
60350,1
84077,11
84077,14
7229,11
7229,14
106126,11
106126,14
334691,11
334691,14
70762,16
335252,1
7350,4
129118,4
7366,4
92033,6
68895,6
68895,11
52663,6
95612,6
315010,11
315010,6
526155,11
526155,6
91659,6
58192,6
58192,11
87553,6
87553,11
58966,11
58966,6
57923,11
57923,6
349407,6
349407,11
373513,6
349408,6
349409,6
137543,6
137543,11
349410,6
349410,11
349411,6
349411,11
349412,11
349412,6
111132,6
347729,6
373048,6
378722,6
78581,11
78581,6
350079,11
350079,6
526440,11
526440,6
43733,11
43733,6
94698,6
222063,6
52706,6
52706,11
96050,11
96050,6
297211,6
297211,11
89195,6
315645,6
315645,11
55925,6
77918,11
77918,6
93761,6
79077,11
79077,6
58472,11
58472,6
54840,6
170842,11
170842,6
46584,11
46584,6
69779,6
69779,11
54108,6
242943,6
75745,6
75745,11
102401,6
342505,6
342505,11
91281,6
240390,6
240390,11
353422,6
353422,11
74781,11
74781,6
59920,6
59920,11
93220,6
182217,6
182217,11
96835,11
96835,6
90117,6
90117,11
66475,6
526295,11
526295,6
43622,6
105183,6
105183,11
33165,6
33165,11
58074,11
58074,6
167401,11
167401,6
281160,11
281160,6
258243,6
258243,11
109725,6
109725,11
55619,11
296203,11
363837,6
537774,6
46895,6
57999,6
57999,11
526177,11
526177,6
92175,6
80012,6
80012,11
297208,6
297208,11
50721,6
121563,6
121563,11
91335,11
91335,6
47285,6
47285,11
47369,11
47369,6
197402,6
197402,11
96102,11
96102,6
46211,6
46211,11
98426,11
98426,6
96891,11
96891,6
82921,6
82921,11
97727,6
282440,6
282440,11
333499,6
333499,11
111320,6
111320,11
95225,11
95225,6
69721,11
69721,6
66948,6
353416,6
302407,6
48359,6
68300,6
526401,11
526401,6
94533,11
94533,6
96820,6
96820,11
93998,6
93998,11
536375,6
113630,6
113630,11
76520,6
50392,6
50392,11
57739,6
57739,11
192398,6
192398,11
336561,6
336561,11
94815,6
94815,11
364191,6
364191,11
180399,11
180399,6
83233,6
281607,11
281607,6
69561,6
315046,6
315046,11
103039,6
103039,11
93025,11
93025,6
75041,6
98670,6
114929,11
114929,6
353430,6
353430,11
99706,6
72933,6
72933,11
353431,6
353431,11
57244,6
353418,11
353418,6
136119,6
136119,11
305948,6
305948,11
49061,11
49061,6
281609,11
281609,6
82831,6
82831,11
92240,11
92240,6
154823,11
154823,6
99346,6
33318,6
170859,11
170859,6
170860,11
170860,6
250589,11
250589,6
183460,6
183460,11
78393,11
78393,6
310477,6
351302,3
351302,11
351302,12
351302,6
517291,6
537872,6
348093,6
376951,6
120473,11
120473,6
296648,4
62589,1
245746,4
77754,1
152474,1
334783,1
33344,1
114513,1
368691,1
82034,1
284965,1
234000,1
114011,1
365044,1
219996,1
234001,1
370912,1
345599,1
360384,1
350935,1
216755,4
315577,4
189957,4
517462,4
367748,4
138569,4
7541,4
93563,4
139573,4
90288,4
130972,4
90567,4
156170,4
358784,4
278065,4
227495,4
306372,4
126693,4
315581,4
90289,4
306374,4
350675,4
278066,4
99575,4
99576,4
126694,4
131250,4
335837,4
184348,4
169452,4
97864,4
7542,4
232648,4
7543,4
223607,4
291695,4
241374,4
194558,4
138568,4
93935,4
208025,4
241133,4
30456,4
517726,4
350650,4
30358,4
97886,4
119792,4
97188,4
343514,4
136448,4
119800,4
517414,4
92400,4
311952,4
216759,4
372087,4
198444,4
306383,4
198404,4
127905,4
155989,4
131731,4
324266,4
310334,4
255459,4
153105,4
365351,4
72330,4
302040,4
324267,4
56104,4
517348,4
367989,4
126674,4
307972,4
153107,4
520920,4
30424,4
126682,4
89933,4
155592,4
96582,4
30394,4
359764,4
155810,4
315593,4
167661,4
232928,4
306375,4
113948,4
194426,4
170364,4
375177,4
300594,4
236215,4
290748,4
350680,4
182603,4
155604,4
212088,4
194425,4
208023,4
134063,4
335548,4
194423,4
167663,4
138622,4
335549,4
126651,4
127675,4
97394,4
367950,4
136445,4
208063,4
290616,4
92126,4
223613,4
97232,4
139572,4
208047,4
165653,4
97575,4
238833,4
7582,4
194345,4
301262,4
321441,4
369849,4
95866,4
198394,4
198398,4
198399,4
172787,4
346013,4
99277,4
126686,4
131733,4
126655,4
81540,4
359765,4
7584,4
517457,4
7553,4
198421,4
178928,4
517671,4
340805,1
7596,1
248801,14
248801,15
248801,11
346121,1
299499,1
240996,1
250158,1
181333,1
143575,1
340857,1
340858,1
346122,1
376219,1
336580,1
333427,1
346116,1
346117,1
350014,1
298603,1
242620,1
317397,1
302132,1
309924,1
344848,1
365051,1
350499,1
350015,1
381318,1
344205,1
344207,1
344204,1
334787,1
334788,1
334786,1
297430,1
338977,1
294673,1
294673,8
229045,8
229045,1
197090,8
197090,1
177419,8
177419,1
254518,1
254518,8
217082,1
217082,8
7810,8
7810,1
7814,1
7825,8
7825,1
521752,1
223662,1
73636,1
226722,8
226722,1
110700,1
227603,1
33523,1
228049,1
176070,1
187652,1
179824,1
327128,1
217983,1
80929,1
252826,8
252826,1
98464,1
282670,1
48863,1
113679,1
79820,1
104786,1
117371,1
125484,1
236528,1
177618,1
306605,1
517627,1
374043,1
172943,8
172943,1
221590,1
359850,1
131111,1
182447,1
520640,1
117997,1
110415,1
209055,1
517355,1
512122,1
33527,1
186785,1
194559,1
361709,1
361010,1
361077,1
361079,1
361076,1
361081,1
279221,1
191134,1
168976,1
140052,1
140052,8
226693,1
269664,1
208639,1
250976,1
242424,1
166050,1
272927,1
115613,1
268912,1
151200,1
180971,1
226848,1
227631,3
227631,11
112830,1
373777,1
142512,1
194563,8
194563,1
142494,8
142494,1
262697,8
262697,1
262701,1
310183,1
353026,1
353073,1
353027,1
271973,1
175747,1
200165,1
243430,1
243430,8
360274,1
359570,1
349800,1
360275,1
351143,1
359571,1
352419,1
349801,1
359572,1
359573,1
262700,8
262700,1
384598,1
320147,1
279662,1
217985,1
101364,1
64192,1
268932,1
274713,1
173103,1
503509,1
503509,8
7866,8
7866,1
65097,1
94610,8
94610,1
152534,8
152534,1
244128,8
244128,1
115570,1
239704,1
242951,1
242951,8
194180,8
194180,1
96118,8
96118,1
134598,1
134598,8
65098,1
274714,1
99926,1
7881,1
102759,1
95865,1
7883,1
71788,1
7884,1
52525,1
104482,1
98058,1
94020,1
358911,1
90484,1
60296,1
22873,1
226644,1
197026,1
221591,1
79850,1
47667,1
247629,1
57944,1
33463,1
23899,1
357476,1
326141,1
91125,1
520518,1
296391,1
251615,1
92369,1
167589,1
520542,1
69280,1
521121,1
221592,1
105661,1
226647,1
180968,1
511366,1
76102,1
7897,1
7898,7
200867,1
7900,1
297593,1
299831,1
136311,1
197271,1
204263,1
51606,1
66920,1
66921,1
89569,1
95302,1
71022,8
71022,1
526179,1
130829,1
79057,1
115617,1
521411,1
113951,1
105658,1
176981,1
187648,1
101155,1
300252,1
360712,1
195577,1
238475,1
350992,1
233871,1
68070,1
191323,1
353109,1
521625,1
519716,1
44383,1
44612,1
131709,1
343797,1
511002,1
151047,1
244150,1
350016,1
304591,1
136479,1
191793,1
144905,1
166152,1
183594,1
351773,1
194554,1
124383,1
247632,1
23113,1
76666,1
273391,1
7924,1
182538,1
111812,1
270565,1
116517,1
155262,1
22949,1
7926,1
62451,1
127113,1
68904,1
172105,1
136944,1
102712,1
197273,1
90678,1
204290,1
236173,1
63165,1
99410,1
127114,1
208921,1
56826,1
127554,1
194427,1
85308,1
93578,1
141223,1
155674,1
94407,1
336503,1
336503,8
127115,1
155677,1
97850,1
41835,1
124167,8
124167,1
210854,1
212176,1
245147,1
172576,1
197530,1
90942,8
90942,1
33499,8
33499,1
97849,8
97849,1
89025,8
89025,1
84335,8
84335,1
360507,1
278445,1
278445,8
56435,1
56435,8
43634,1
518478,1
181256,1
227334,1
157994,1
120688,1
90448,8
90448,1
218250,1
197705,1
197705,8
85759,1
317159,1
7937,1
254804,1
177477,1
179050,1
101162,1
272737,1
242952,1
7943,1
269832,1
84371,1
245149,1
92273,1
337419,1
343924,1
127487,1
512219,1
536644,1
120692,1
336743,1
91260,1
195407,8
195407,1
237024,1
202621,1
65708,1
537786,1
151245,1
178548,1
68513,1
197529,1
307723,1
525582,1
96379,1
103471,1
59200,1
170246,1
537770,1
236226,1
55016,1
353309,11
353309,1
357610,11
357610,1
346559,11
346559,1
370108,11
370108,1
361232,11
361232,1
377913,11
377913,1
359187,11
359187,1
351309,11
351309,1
342934,11
342934,1
374247,11
374247,1
367753,11
367753,1
136883,1
361147,1
293384,1
333196,1
84947,1
368996,1
170777,1
299542,1
94705,1
242428,1
336379,1
325517,1
361988,1
211934,1
49542,1
307170,1
273555,1
334919,1
324049,1
307814,1
90504,1
324050,1
316477,1
316478,1
361149,1
307815,1
284015,1
117411,1
315333,1
343955,1
261470,1
175022,1
324052,1
7955,1
334669,1
219998,1
307014,1
270115,1
179962,1
130809,1
99612,1
284271,1
299336,1
83337,1
61266,1
226655,1
377077,1
517405,1
319936,1
306954,1
283490,1
75065,1
134739,1
316480,1
299547,1
192721,1
65802,1
117570,1
361145,1
126341,1
370182,1
355594,1
307177,1
368873,1
521554,1
137752,1
182863,1
351088,1
254588,1
325836,1
65803,1
195131,1
273392,1
79217,1
334923,1
99419,1
299549,1
299551,1
347510,1
361141,1
361142,1
361992,1
273215,1
194944,1
334924,1
281306,1
361143,1
307178,1
384611,1
316507,1
316482,1
376797,1
386894,1
386923,1
334926,1
368444,1
519705,1
361148,1
210751,1
382517,1
374397,1
354444,1
385130,1
386924,1
68091,8
68091,1
136431,1
7958,1
220000,1
223682,1
228312,1
315648,1
219470,1
307106,1
271159,1
350993,1
115454,1
211133,1
220908,1
7970,8
7970,1
241467,1
7976,1
7976,8
153199,1
7979,1
99719,1
195789,1
227949,1
136177,1
90048,1
227950,1
239952,1
136954,1
170914,1
169160,1
193194,1
315858,1
7984,1
221593,1
96515,1
286930,1
521368,1
227389,4
208770,4
324268,4
226618,4
386795,8
386795,6
386799,6
386799,8
354311,3
354311,1
8034,1
82893,8
8051,8
304026,14
304026,11
357202,14
33621,1
33621,18
312681,14
275902,14
275902,11
146369,14
356539,14
356539,11
312682,14
8142,11
8142,14
355301,14
268652,15
8148,15
77117,5
77117,1
125486,1
114520,1
90710,1
104441,1
155895,8
155895,1
80300,1
378655,8
378655,1
378654,8
378654,1
91308,1
33653,1
159113,1
159113,4
60013,8
8189,8
8200,4
8200,11
8200,14
8202,4
8202,11
175158,11
175158,14
175158,4
33668,10
285918,10
47928,10
124355,10
168840,10
214488,10
198566,10
179827,10
368101,10
104491,10
255000,10
255001,10
317269,10
306904,10
44146,10
366172,10
33711,8
8255,8
297266,14
297266,15
297266,11
8268,15
103130,15
8267,15
8271,14
8271,15
8271,11
8272,15
333382,15
333382,14
345640,15
345640,11
345640,14
8273,15
8273,11
8273,14
506853,15
506853,11
506853,14
8275,15
176662,15
176662,11
176662,14
506628,14
506628,15
506628,11
504241,15
506750,15
503904,14
503904,15
503904,11
504897,15
506758,15
506758,14
506769,15
506769,11
506769,14
506557,15
506557,11
506557,14
503971,15
124537,6
69122,6
363768,6
326965,6
101799,6
75653,6
161970,6
92631,6
326972,6
48181,6
8335,6
194522,6
370529,2
370529,14
69320,2
69320,11
69320,14
58743,2
58743,14
344881,6
195643,2
195643,11
69929,2
69929,11
195648,2
195648,14
85748,11
85748,14
80208,2
80208,14
84080,14
84080,2
92495,2
92495,11
92495,14
270812,2
270812,14
96886,11
96886,14
70914,11
70914,14
155682,1
384613,1
360153,1
369293,1
384614,1
384615,1
138263,1
351638,1
324936,1
355182,1
343798,1
116734,18
99362,8
99362,6
79127,6
91395,6
97118,8
98548,8
98548,6
34015,8
55186,8
43832,8
43832,6
77469,8
77469,6
205740,6
205740,8
53457,6
238974,8
238974,6
91673,6
91673,8
65729,6
65729,8
92285,8
92285,6
360618,8
360618,6
78337,8
78337,6
209579,8
209579,6
194953,8
194953,6
154376,8
154376,6
206634,8
83756,6
83756,8
98151,6
92663,8
92663,6
253648,8
253648,6
67113,8
34024,6
34024,8
73141,8
73141,6
94959,6
94959,8
194955,8
194955,6
154377,8
238985,8
238985,6
81070,8
81070,6
56782,6
182210,8
182210,6
85506,8
85506,6
524341,8
524341,6
324220,8
324220,6
511959,8
511959,6
351310,8
351310,6
238016,6
238016,8
95366,6
95366,8
92853,6
92853,8
88587,8
88587,6
78395,6
78395,8
99004,8
99004,6
204296,8
204296,6
34033,8
34033,6
62314,6
62314,8
59025,6
59025,8
79309,8
79309,6
115903,8
115903,6
90011,6
90011,8
98443,8
98443,6
69979,6
69979,8
56339,8
56810,8
56810,6
63504,8
63504,6
528993,8
528993,6
311352,8
311352,6
8466,8
8466,6
8473,6
223765,8
223766,6
223766,8
8467,8
8467,6
8476,6
8476,8
8468,8
8468,6
223769,6
223769,8
43973,8
43973,6
254908,8
254908,6
179483,8
179483,6
85634,8
85634,6
175663,7
320141,7
143573,1
114542,1
34081,1
48554,1
213162,1
164023,1
8505,8
8505,1
8510,6
367757,1
334792,6
345328,1
518042,8
518074,1
300351,6
300351,3
300351,11
127415,3
127415,6
127415,11
103716,3
103716,6
103716,11
370698,1
370697,1
211882,1
180988,1
39162,1
328470,1
514339,1
363901,1
363903,1
363905,1
500978,1
500979,1
500591,1
501733,1
308783,1
308785,1
347057,1
515218,1
237812,1
377081,1
377078,1
388263,1
377080,1
377082,1
355187,1
270365,1
227664,1
387397,1
358838,1
251261,1
319545,1
291685,1
353363,1
328471,1
518415,1
368700,1
228068,1
297728,1
521614,1
378066,1
301470,1
277298,1
384612,1
297713,1
271394,1
271394,14
286286,1
284551,1
285233,1
237689,1
164350,1
271395,1
521455,1
374411,1
374413,1
361011,1
511349,1
511397,1
374414,1
374415,1
307009,1
368702,1
374416,1
286076,1
300898,1
302851,1
500818,1
385014,1
385015,1
500749,1
363900,1
363902,1
363904,1
511941,1
362134,1
326959,1
528826,1
284539,1
169666,1
285134,1
101199,1
157787,1
182539,1
138118,1
271212,1
298140,1
8572,1
344482,1
336512,1
336513,1
344483,1
385049,1
287343,1
94957,1
91688,1
94863,1
188714,1
351164,1
8575,1
227987,1
347041,1
308788,1
302817,1
308786,1
308787,1
302312,1
528822,1
346735,1
271393,1
301460,1
251253,1
287157,1
88275,1
211136,1
272751,1
307632,1
352726,1
534382,1
359578,1
285133,1
67823,1
186790,1
363895,1
335151,1
347123,1
301461,1
301463,1
301462,1
326962,1
91124,1
316650,1
100392,1
53922,1
220812,1
269853,1
238324,1
231938,1
226724,1
220813,1
226353,1
97552,1
101214,1
74777,1
74778,1
127824,1
86398,1
124387,1
124389,1
124390,1
124391,1
96871,1
50679,1
136355,1
124392,1
138257,1
124314,1
124316,1
118928,1
120165,1
101211,1
39150,1
135856,1
104276,1
99929,1
103979,1
128169,1
88305,1
88363,1
101217,1
140004,1
68684,1
8581,1
24575,8
24575,1
20230,1
101221,1
8583,1
300825,1
319549,1
318860,1
325764,1
339320,1
300613,1
300614,1
335137,1
301466,1
335148,1
327183,1
56783,1
254020,1
319550,1
318857,1
337988,1
337621,1
240983,1
285921,1
501330,1
350610,1
132735,1
186960,1
522730,1
285920,1
250812,1
301464,1
334802,1
334798,1
326961,1
352723,1
389004,1
124882,1
39155,1
340871,1
180239,1
219307,1
162965,1
300617,1
351167,1
343623,1
298405,1
366530,1
333837,1
335150,1
298406,1
357478,1
298407,1
352315,1
242633,1
500980,1
511780,1
163543,1
351168,1
298408,1
209439,1
344211,1
344214,1
344215,1
168774,1
184279,1
534884,1
534227,1
337990,1
363889,1
363891,1
378054,1
378070,1
365132,1
501333,1
500878,1
324585,1
163607,1
334801,1
168116,1
205168,1
177499,1
360315,1
163622,1
324586,1
352983,1
197616,1
300352,1
333838,1
333839,1
333840,1
163634,1
521533,1
182655,1
162967,1
163644,1
160073,1
536026,1
311116,1
181338,1
181857,1
183595,1
118887,1
536861,1
160086,1
537025,1
39156,1
238263,1
271396,1
273120,1
335817,1
298443,1
335813,1
335814,1
249802,1
308116,1
238689,1
326376,1
335816,1
238691,1
238692,1
316651,1
317649,1
271398,1
326377,1
333842,1
209440,1
163564,1
226444,1
163565,1
335819,1
163567,1
240984,1
163568,1
180594,1
322021,1
271402,1
271414,1
271410,1
271415,1
271417,1
344219,1
361045,1
271421,1
271401,1
192497,1
88897,1
345682,1
345685,1
363893,1
346817,1
335141,1
342462,1
358839,1
301475,1
301471,1
367629,1
517157,1
389003,1
389007,1
380170,1
243231,1
367761,1
227497,1
298180,1
207506,1
344216,1
163614,1
191235,1
360046,1
207501,1
163559,1
163661,1
163660,1
163663,1
346818,1
49954,1
277436,1
325766,1
337989,1
325767,1
240985,1
300616,1
208850,1
186791,1
335142,1
327184,1
327185,1
91517,1
319181,1
89850,1
124126,1
67193,1
521402,1
279851,1
124317,1
99203,1
182961,1
384107,1
127801,1
352163,1
270092,1
102691,1
384530,1
64706,1
114369,1
104330,1
87989,1
222319,1
102884,1
77716,1
270978,1
174591,1
138731,1
230155,1
136764,1
110322,1
195966,1
181136,1
108481,1
358500,1
85967,1
250926,1
39226,1
182353,1
121461,1
373585,1
70765,1
57703,1
296615,1
325346,1
111532,1
384540,1
256338,1
111720,1
39238,1
89983,1
94543,1
102042,1
67308,1
95887,1
109931,1
39266,1
92681,1
48173,1
214105,1
76604,1
44267,1
90405,1
84983,1
79483,1
110116,1
220815,1
253851,1
384575,1
58979,1
43382,1
300353,1
380902,1
104103,1
110158,1
380903,1
175588,1
8637,5
537028,8
537028,1
24258,8
24258,1
252433,1
342535,8
342535,1
40496,8
40496,1
39093,8
39093,1
90543,8
90543,1
134085,8
134085,1
165038,8
165038,1
262323,8
262323,1
277876,8
277876,1
8664,8
8664,1
147459,1
503912,1
504905,1
168842,1
129701,1
308444,1
376240,1
332706,1
128250,1
347762,1
347764,1
360616,1
353947,1
340877,1
327319,1
327327,1
135818,1
340872,1
316832,1
307851,1
376241,1
526412,1
360687,1
300325,1
175796,1
504463,1
366828,1
334575,1
308446,1
284959,1
376242,1
138481,1
325648,1
512282,1
352106,1
286093,1
307905,1
256763,1
272078,1
376616,1
142657,1
169865,1
249808,1
315607,1
129083,1
135695,1
219309,1
345733,1
530792,1
530793,1
530790,1
530794,1
111442,1
332707,1
118687,1
352425,1
526288,1
132575,1
300311,1
375152,1
521617,1
112835,1
235443,1
316833,1
248768,1
326206,1
376617,1
360688,1
376670,1
142714,1
66450,1
230610,1
285924,1
521119,1
316835,1
87085,1
219363,1
379585,1
379586,1
214456,1
286095,1
300312,1
525831,1
316836,1
292725,1
89223,1
99030,1
132577,1
355021,1
520985,1
345629,1
369158,1
300433,1
369366,1
326207,1
251784,1
180219,1
142686,1
326209,1
268818,1
316837,1
235444,1
300313,1
336348,1
526111,1
526116,1
526431,1
526140,1
352107,1
241821,1
316838,1
343474,1
385132,1
132576,1
521530,1
255023,1
241732,1
521751,1
376248,1
368246,1
504493,1
293568,1
109258,1
167860,1
526289,1
118686,1
345736,1
219475,1
96716,1
525724,1
525779,1
379587,1
525891,1
522406,1
522560,1
525704,1
526010,1
368706,1
511565,1
376251,1
172162,1
376775,1
526344,1
302429,1
376253,1
114546,1
205190,1
293059,1
335515,1
308447,1
355025,1
135703,1
268819,1
205185,1
187206,1
269844,1
308466,1
295435,1
249809,1
248517,1
269912,1
293580,1
142634,1
334676,1
369113,1
187208,1
293057,1
198988,1
352429,1
180153,1
316839,1
248513,1
345635,1
306562,1
376260,1
308467,1
241891,1
326214,1
135708,1
54877,1
326581,1
385319,1
360729,1
333014,1
512134,1
272752,1
284420,1
115112,1
285926,1
285405,1
80346,1
186794,1
167861,1
525444,1
219476,1
124808,1
287944,1
142658,1
47541,1
241887,1
352430,1
352432,1
95993,1
135968,1
316841,1
521841,1
521653,1
300317,1
132580,1
338878,1
293579,1
346479,1
326583,1
166446,1
521884,1
135712,1
211532,1
54428,1
23597,1
268821,1
219969,1
293058,1
315608,1
512191,1
352729,1
108492,1
135713,1
108009,1
322086,1
256529,1
293581,1
362027,1
326220,1
172170,1
308468,1
326589,1
384635,1
384636,1
268822,1
221900,1
221901,1
275906,1
365139,1
356533,1
379582,1
347765,1
361003,1
340878,1
503780,1
360389,1
360731,1
168515,1
135715,1
187210,1
525925,1
375956,1
315337,1
135717,1
369164,1
376262,1
124809,1
335809,1
526296,1
528690,1
352422,1
525993,1
70937,1
526277,1
347768,1
347766,1
345742,1
345743,1
345745,1
358101,1
365140,1
526293,1
57719,1
525920,1
526200,1
526428,1
360714,1
218851,1
135701,1
105723,1
500603,1
500621,1
504190,1
500589,1
251785,1
326597,1
326577,1
369112,1
377046,1
218853,1
525760,1
360723,1
376258,1
500624,1
526275,1
351195,1
75221,1
504666,1
526083,1
525956,1
525921,1
219951,1
253603,1
374398,1
8701,1
136432,1
126393,1
64929,1
142695,1
40506,1
241254,1
81130,1
59236,1
244734,1
8715,1
254040,1
118685,1
66220,1
256767,1
101224,1
8719,1
92695,1
375955,1
344849,1
360715,1
117935,1
169386,1
40513,1
211140,1
115799,1
254269,1
155704,1
104324,1
54610,1
8725,1
167612,1
240888,1
253716,1
256814,1
256769,1
142699,1
139930,1
25674,1
187292,1
245317,10
49366,10
164941,4
164941,1
255887,4
255887,1
153487,4
153487,1
368034,4
368034,1
164939,4
164939,11
164939,14
237559,4
237559,1
237559,11
367892,4
367892,1
350957,4
350957,1
257865,4
257865,1
51981,4
51981,1
229517,4
229517,1
255879,4
255879,1
187575,4
187575,1
8762,1
166628,10
85400,10
8781,10
108801,1
237389,1
116494,1
180721,1
306659,1
517709,1
83038,1
192985,1
82704,1
297939,1
180722,1
343544,1
351780,1
313761,1
334577,1
153039,1
321460,1
297940,1
332853,1
81251,1
517619,1
281922,1
45583,1
208880,1
306665,1
522050,1
376170,1
321465,1
116771,1
47532,1
299450,1
372739,1
69388,1
349784,1
305126,1
137022,1
167620,1
67353,1
299451,1
281928,1
116773,1
209348,1
127156,1
281929,1
167622,1
44888,1
332857,1
251186,1
209350,1
524526,1
167624,1
88355,1
109403,1
316712,1
315955,1
343209,1
314155,1
251194,1
366335,1
110669,1
332861,1
281938,1
251197,1
372744,1
222181,1
251200,1
192991,1
118031,1
167628,1
281941,1
222183,1
222186,1
64107,1
343552,1
222187,1
332867,1
368828,1
520753,1
237394,1
93970,1
116781,1
92441,1
137163,1
332874,1
299453,1
286548,1
524642,1
306683,1
321473,1
74010,1
272353,1
385219,1
272354,1
334581,1
334582,1
209360,1
298798,1
313770,1
93708,1
97270,1
374767,1
81876,1
96811,1
152391,1
501602,1
270284,1
511463,1
251293,1
525608,1
517565,1
344469,1
97216,1
68940,1
49262,1
306687,1
311454,1
524393,1
524360,1
517566,1
524348,1
517573,1
222359,1
270285,1
193002,1
238128,1
286550,1
167633,1
251303,1
251304,1
167634,1
210816,1
209364,1
305147,1
94742,1
332887,1
298800,1
522054,1
193010,1
117305,1
306690,1
184060,1
209377,1
196470,1
349790,1
222202,1
297945,1
298803,1
517543,1
251320,1
195807,1
222205,1
238139,1
167637,1
167638,1
299458,1
222210,1
298804,1
222211,1
316716,1
102993,1
89368,1
366338,1
81584,1
251029,1
229114,1
376040,1
92800,1
151882,1
298805,1
270296,1
217090,1
306695,1
80778,1
102526,1
525598,1
74720,1
40962,1
517578,1
315610,1
314154,1
137168,1
233565,1
306696,1
503610,1
169372,1
316811,1
111223,1
193261,1
151884,1
298806,1
351784,1
524347,1
503110,1
332900,1
321482,1
370784,1
216555,1
127164,1
343561,1
47170,1
365705,1
82484,1
326504,1
239638,1
306699,1
281964,1
343563,1
90230,1
374776,1
272412,1
222366,1
137170,1
281967,1
127168,1
237405,1
316719,1
350691,1
176093,1
222216,1
103703,1
222217,1
71169,1
193015,1
525561,1
180154,1
64081,1
524493,1
69571,1
332905,1
238148,1
49150,1
251360,1
193017,1
175406,1
281969,1
116801,1
167643,1
71767,1
270306,1
237408,1
270307,1
228954,1
60819,1
162011,1
326505,1
251371,1
83701,1
77207,1
334588,1
370789,1
368832,1
252343,1
69358,1
71881,1
525577,1
518052,1
54971,1
96991,1
42955,1
208887,1
209111,1
272430,1
237412,1
297938,1
270310,1
351788,1
524565,1
315611,1
299463,1
55302,1
115338,1
85671,1
306712,1
359507,1
43105,1
251397,1
365978,1
360411,1
251399,1
334590,1
350693,1
176092,1
316724,1
176800,1
321496,1
524540,1
305168,1
237418,1
332927,1
222225,1
315888,1
525418,1
321497,1
359508,1
136781,1
51004,1
198950,1
142470,1
525534,1
69644,1
136782,1
525591,1
270317,1
296563,1
517582,1
524488,1
270318,1
153044,1
78204,1
52672,1
127714,1
127715,1
151892,1
116811,1
118021,1
281995,1
137789,1
376394,1
222232,1
47936,1
47935,1
117307,1
209393,1
251437,1
95655,1
316812,1
98967,1
222235,1
525491,1
525488,1
343573,1
99783,1
99939,1
42284,1
66129,1
99305,1
51451,1
137262,1
8804,1
93069,1
8819,1
8840,1
110821,1
40634,1
114177,18
8851,14
8851,11
66804,14
66804,11
8865,15
265782,4
265782,11
265782,14
286746,4
286746,11
286746,14
73269,4
73269,11
73269,14
257882,4
257882,11
257882,14
389049,4
389049,11
389049,14
318568,4
318568,11
318568,14
349494,4
349494,11
349494,14
389050,4
389050,11
389050,14
55715,4
55715,11
55715,14
344954,4
344954,11
344954,14
512396,4
512396,11
512396,14
79548,4
79548,11
79548,14
165141,4
165141,11
165141,14
293656,4
293656,11
293656,14
72767,4
72767,11
72767,14
46699,4
46699,11
46699,14
62476,4
62476,11
62476,14
278308,4
278308,11
278308,14
511742,4
511742,11
511742,14
257891,4
257891,11
257891,14
512310,4
512310,11
512310,14
389052,4
389052,11
389052,14
318445,4
318445,11
318445,14
176095,4
176095,11
176095,14
62726,4
62726,11
62726,14
379910,4
379910,11
379910,14
389054,4
389054,11
389054,14
389057,4
389057,11
389057,14
330076,4
330076,11
330076,14
350256,4
350256,11
350256,14
370014,6
510725,1
376894,6
376381,6
368372,6
386878,6
248571,6
166153,6
66072,1
171472,1
384739,15
384739,8
361633,1
357104,1
357106,1
365172,1
357108,1
357064,1
357067,1
356937,1
505326,1
357079,1
357082,1
377090,1
357088,1
356918,1
356926,1
356932,1
376898,1
356949,1
356913,1
361639,1
382518,1
357095,1
357096,1
376608,1
159310,15
357109,1
361631,1
357071,1
357072,1
223906,1
223906,8
223906,15
357078,1
357078,8
188148,1
356954,1
159311,1
356996,1
357000,1
361635,1
356959,1
356963,1
356966,1
217935,1
356989,1
356987,1
357036,1
365173,1
357046,1
356907,1
357059,1
357004,1
357010,1
357026,1
357021,1
357024,1
357028,1
356905,1
357053,1
357054,1
522595,1
522377,1
8979,1
41788,6
41788,8
8999,8
8999,6
70204,8
70204,6
40893,8
40893,6
57350,8
42262,8
42262,6
86042,8
71265,8
59980,8
59980,6
43305,8
56461,8
43098,8
76888,8
76888,6
223946,8
101250,8
101250,6
202093,1
202093,6
202093,14
202093,11
120238,14
120238,11
176460,1
176460,6
309441,1
309441,6
320197,1
305967,1
305967,6
69936,8
69936,1
169017,1
53072,1
9061,1
9066,8
9066,1
229070,1
229070,6
297978,1
297978,6
369296,1
369296,6
357124,1
181259,1
383119,1
203709,1
194586,10
41168,10
97902,10
94352,10
48494,1
41181,1
89996,4
323504,4
172558,4
130050,4
310798,3
310798,11
310798,14
310797,3
310797,11
310797,14
141483,1
133144,1
172245,1
55573,1
112166,1
217333,1
57933,1
65023,1
52399,1
64692,1
259645,1
172229,1
285151,1
72952,1
227504,1
125103,1
158307,1
117732,1
45835,1
103195,1
183779,1
128593,1
227506,1
53294,1
250712,1
67059,1
77846,1
316501,1
172257,1
317656,1
525569,1
104631,1
525526,1
50323,1
86282,1
231149,1
172230,1
70858,1
521693,1
53236,1
79583,1
112281,1
517351,1
62984,4
172252,1
73155,1
47070,1
175939,1
64962,1
64182,1
231150,1
159305,1
54464,1
78786,1
70855,1
163495,1
143560,1
78287,1
73458,1
61519,1
231158,1
179471,1
47548,1
262591,1
172249,1
42511,1
285170,1
79406,1
143553,1
76014,1
79457,1
87676,1
56441,1
103698,1
132472,1
51784,1
60228,1
102272,1
521699,1
80046,1
140339,1
172260,1
141614,1
61821,1
317967,1
64061,1
140341,1
342522,1
172235,1
155718,1
525793,1
142471,1
375960,1
83578,1
74403,1
518366,1
119591,1
102803,1
269826,1
368584,1
384654,1
119638,1
308090,1
217510,1
265633,1
519280,1
172263,1
181031,1
125113,1
103431,1
56070,1
46678,1
57690,1
102804,1
124113,1
47533,1
242884,1
74712,1
102350,1
101707,1
283818,1
172228,1
227571,1
52655,1
67667,1
107738,1
105121,1
66032,1
75940,1
94850,1
267784,1
140343,1
80535,1
163496,1
172225,1
147603,1
124697,1
115165,1
105285,1
282199,1
323732,1
9222,18
9222,1
89442,1
128041,1
96505,1
253331,1
103144,1
140391,1
141736,1
9253,1
306803,1
9258,1
56232,1
9263,1
236967,1
54613,1
297482,8
297482,1
131199,1
9279,1
9281,1
94861,1
9287,1
9293,1
9298,1
141602,1
9306,1
9318,1
141757,1
167946,1
78798,1
9331,1
345845,1
42337,1
269653,4
269653,1
65471,1
90379,1
89233,1
134932,1
73405,1
124811,1
9374,1
72606,1
307908,1
231521,1
9382,1
292247,1
81829,8
81829,1
24998,1
58745,1
101398,1
98853,1
63881,1
96829,1
141780,1
47263,1
9395,1
252365,18
86332,18
31797,1
31797,4
84609,1
114608,1
103467,1
58218,1
62956,1
134906,1
9456,6
9475,15
45717,15
70912,8
70912,15
70912,11
224010,15
76708,15
9496,15
9497,8
9497,15
9515,18
9515,10
95794,10
95794,16
95794,18
121616,10
121616,16
121616,18
132876,10
132876,16
132876,18
217441,15
217441,11
217441,14
66915,15
66915,14
66915,11
78810,11
78810,14
78810,15
310184,15
310184,11
310184,14
327526,15
327526,11
327526,14
368956,15
368956,11
368956,14
9691,11
9691,15
9691,14
9692,14
9692,15
9692,11
165642,15
165642,11
165642,14
9694,14
9694,15
9694,11
9699,14
9699,15
9699,11
25238,15
25238,11
25238,14
369990,15
369990,11
369990,14
368038,15
368038,11
368038,14
105290,1
285595,1
9732,15
500570,11
500570,6
500536,11
500536,6
9733,15
9741,15
180972,1
299981,1
536460,1
293828,1
320732,1
504339,1
526290,1
526325,1
331284,1
386938,1
331305,1
384666,1
194778,1
9757,1
283220,1
9771,10
104905,14
74934,14
146716,11
146716,1
256081,11
256081,1
103534,14
66622,4
66622,11
327527,11
327527,4
45115,4
45115,11
107851,8
107851,4
107851,11
339583,4
339583,11
280482,10
9810,1
276843,1
136567,1
56554,1
272140,1
9818,1
86841,1
296806,15
317659,15
52154,15
70829,15
334982,1
112338,1
116306,1
9867,1
61244,1
182879,1
249716,1
180314,1
47078,1
81097,1
166898,1
81096,1
191230,1
536727,6
117596,6
229363,6
229357,6
229360,6
41570,6
135972,6
218859,6
153815,6
138591,6
224057,6
95547,6
134569,6
45483,6
196838,6
203270,6
186267,6
382858,6
251255,6
227001,6
196840,6
332688,6
99935,6
345824,6
380502,6
533252,6
204073,6
95364,6
340916,6
180595,6
118333,6
9877,6
238999,6
82263,6
140136,6
102684,6
253452,6
140138,6
287692,6
70902,6
191047,6
190956,6
285804,6
328307,6
258838,6
237675,6
370969,6
334657,6
330082,6
517808,6
329916,6
113872,6
65306,6
9879,6
228782,6
504786,6
504757,6
504574,6
503772,6
287930,6
228778,6
277045,6
45606,6
45607,6
155994,6
155797,6
90292,6
81514,6
9888,6
525404,6
170507,6
52749,6
346182,6
359894,6
228247,6
43559,6
335520,6
172133,6
241886,6
520304,6
247594,6
268262,6
176616,6
269228,6
504265,6
504775,6
504869,6
503877,6
197115,6
201387,6
370966,6
227995,6
320149,6
364205,6
361053,6
134789,6
134790,6
172134,6
517807,6
337174,6
335523,6
335524,6
57116,6
57116,11
41781,6
9884,6
356130,6
241286,6
361916,6
350996,6
252560,6
252560,11
228633,6
179946,6
318751,6
276199,6
124545,6
124545,11
340922,6
356134,6
533359,6
252559,6
254525,6
221307,6
280627,6
533340,6
319573,6
250897,6
182913,6
250898,6
270542,6
85161,6
352735,6
253326,6
528788,6
326596,6
370972,6
345809,6
521503,6
521432,6
521461,6
521663,6
521426,6
521700,6
263235,6
250029,6
251739,6
528913,6
528849,6
528941,6
528912,6
263236,6
212013,6
194380,6
229476,6
69266,6
384227,6
360044,6
218197,6
111263,6
523294,6
523293,6
257090,4
80503,4
280024,4
43170,4
114474,1
133487,1
224069,6
59985,6
55862,8
55862,1
174855,8
275093,1
369299,1
324108,1
270579,1
237427,1
224073,1
117277,1
251258,1
182045,1
282054,1
226312,1
363704,1
9996,8
47002,8
47002,1
271482,1
151870,1
88985,1
132523,7
327837,20
327837,1
116295,1
105158,1
86370,1
269955,1
369795,1
211811,1
373123,1
319431,1
253755,1
275565,1
328302,1
331265,1
71718,1
72483,1
224075,1
352120,1
382538,1
380555,1
345672,1
334820,1
322093,1
58920,1
270580,1
293833,1
43118,1
90412,1
182310,1
307911,1
270116,1
328301,1
373124,1
342441,1
111479,4
382753,4
10001,8
10001,1
287268,5
28849,1
224083,8
94525,8
311035,8
209001,8
86371,8
345162,8
136738,8
10041,8
255732,8
195121,8
351321,8
224092,8
96012,8
183830,8
152883,8
10044,8
10050,8
372608,8
100455,8
54956,8
10057,8
95102,8
96981,8
285928,8
387152,8
387153,8
387158,8
104727,1
83847,1
10062,1
68759,1
10072,1
322310,4
322310,1
371654,4
371654,1
348221,4
348221,1
374926,4
374926,1
344367,4
344367,1
367778,4
367778,1
110614,4
110614,1
351609,4
351609,1
196159,4
196159,1
324594,4
324594,1
58327,4
58327,1
124526,4
124526,1
97300,4
97300,1
289293,4
289293,1
317787,4
317787,1
371136,1
252589,4
359914,4
359914,1
98000,4
98000,11
10282,8
10282,1
505384,1
505384,8
505383,1
505383,8
54161,1
10295,1
84531,8
127970,8
10316,1
116296,1
103415,1
114475,1
72096,1
48923,1
10339,1
116297,10
103341,10
80075,10
500303,10
197587,1
29457,1
71687,1
54361,10
10344,1
52828,1
111957,1
224143,1
91878,1
108555,10
70043,1
307586,10
288023,10
228329,10
74693,1
194455,1
56842,10
107050,10
299793,1
97235,10
285119,10
10345,1
22490,10
139112,10
49240,10
97326,8
97326,6
48275,6
48275,8
273582,1
78115,1
120490,8
120490,6
120491,6
120491,8
224147,6
224147,8
59706,1
324185,1
148374,8
148374,6
283384,1
106167,15
10545,11
10545,14
126531,1
358915,1
126535,1
78040,1
55076,1
25027,1
128264,1
128273,1
102968,1
104282,1
224176,10
80586,10
66734,10
298070,10
66967,10
10583,11
275829,1
293549,1
10597,8
224182,8
56143,8
219411,1
196968,8
344084,1
10606,8
10606,1
53077,1
53077,8
113464,1
180009,1
25204,1
66352,1
105306,1
52023,1
91167,1
257009,1
10613,1
10613,18
58864,4
58864,11
277138,1
269036,1
10632,1
505491,1
526552,1
505489,1
10750,15
531306,6
531302,6
529696,6
355591,15
310126,15
522862,1
10849,1
253102,1
207624,11
207624,1
56852,11
56852,1
91332,11
183283,14
183283,11
240191,6
61448,6
233102,6
81050,1
10871,1
10915,11
159770,7
206004,7
87619,20
87619,1
100470,1
10988,1
241134,1
522863,8
522863,1
224244,8
11030,10
57467,1
57467,20
90083,1
90083,20
52009,1
52009,20
186820,1
175751,1
189962,1
189962,20
11048,18
11048,1
128434,18
128434,1
80483,1
80483,20
59137,18
59137,1
81670,1
171807,1
171807,20
381661,1
381661,20
145937,1
145937,20
41864,1
41864,20
166201,1
166201,20
519992,1
519992,20
318613,6
83960,6
41253,1
46789,1
43515,15
11103,1
523592,1
523592,8
218217,1
72445,1
57621,1
91154,10
168213,10
83235,8
83235,1
11147,1
42744,1
165576,8
165576,1
520553,10
520584,10
65048,10
239391,10
385322,10
81061,10
47257,10
11171,1
11174,1
92815,1
384892,1
526479,1
312304,1
371195,1
365321,20
365321,1
350495,1
356178,1
381645,1
307461,1
380166,1
380167,1
380168,1
380169,1
385146,1
386383,1
350999,1
249822,20
249822,1
344494,1
350022,1
361717,1
382807,1
360742,1
360743,1
360744,1
381642,1
381643,1
360745,1
374044,20
374044,1
386676,11
386676,1
386676,14
378565,11
378565,1
378565,14
254026,4
11286,1
318962,1
67046,16
67046,1
67046,18
344485,16
344485,18
344485,1
63104,1
11292,16
11292,1
11292,18
195622,16
195622,18
195622,1
76864,16
76864,18
76864,1
87102,4
526460,4
309898,4
235120,4
297071,4
74179,4
287729,4
66654,4
64666,4
103292,4
340504,4
269827,4
50599,4
85002,4
82413,4
63687,4
88136,4
60392,4
65572,4
76570,4
58177,4
291935,4
84013,4
85058,4
104588,4
136510,4
48466,4
99984,4
128879,4
523485,4
120142,4
100492,4
257344,4
257345,4
375323,4
108015,4
54638,4
125742,4
92158,4
324464,4
170823,4
97526,4
96042,4
99650,4
60505,4
355929,4
173150,4
120921,4
166993,4
78893,4
326042,4
180365,4
363379,4
65908,4
60442,4
255119,4
359517,4
277375,4
372323,4
45320,4
62052,4
183621,4
271521,4
132805,4
76960,4
353015,4
120139,4
11333,4
11334,4
282030,4
170827,4
92368,4
70318,4
58146,4
317291,4
525715,4
379290,4
54152,4
43067,4
43976,4
333849,4
84755,4
50955,4
99396,4
55052,4
193162,4
98831,4
102226,4
95523,4
71472,4
81715,4
86389,4
94538,4
46147,4
508090,4
136511,4
61922,4
69623,4
90505,4
235109,4
515258,4
378228,4
91610,4
48098,4
508237,4
79163,4
80371,4
290503,4
508136,4
207881,4
280303,4
280304,4
69012,4
524093,4
70579,4
64707,4
362355,4
97485,4
387829,4
217726,4
218914,4
282511,4
125116,4
379295,4
90720,4
85283,4
99951,4
525635,4
363357,4
264493,4
82981,4
27682,4
350346,4
110349,4
74691,4
508119,4
120935,4
167011,4
120141,4
87517,4
245303,4
131681,4
49306,4
56028,4
226948,4
103525,4
78534,4
307387,4
508148,4
379300,4
508162,4
73025,4
91006,4
243373,4
338814,4
379301,4
92269,4
111543,4
51240,4
173149,4
218915,4
60231,4
86373,4
119277,4
320635,4
60772,4
218199,4
167014,4
218910,4
69818,4
63141,4
341690,4
108385,4
277405,4
294182,4
48777,4
86674,4
74949,4
104704,4
62323,4
53696,4
55821,4
90143,4
47034,4
121083,4
66962,4
362032,4
131682,4
74039,4
297072,4
167018,4
99940,4
63888,4
363649,4
70331,4
62000,4
111917,4
340505,4
291355,4
136512,4
97568,4
269261,4
331271,4
91350,4
117237,4
120920,4
120929,4
354182,4
99355,4
167022,4
508124,4
205662,4
52892,4
62565,4
291952,4
508158,4
75275,4
45358,4
57234,4
170837,4
67283,4
67284,4
87256,4
304174,4
60695,4
276259,4
360364,4
350963,4
76190,4
98681,4
47789,4
53095,4
104265,4
59487,4
70412,4
136609,4
219225,4
99613,4
229160,4
136513,4
257392,4
224332,4
227593,4
72258,4
368304,4
361577,4
91369,4
113084,4
55010,4
66778,4
281626,4
25842,4
119629,4
47087,4
224339,4
224345,4
11365,4
27672,4
264587,4
11369,4
224349,4
269843,4
224355,4
302368,4
114826,4
238866,4
205907,4
207392,4
95313,4
54409,4
11381,4
67385,4
172041,4
132825,4
193186,4
269848,4
120715,4
92209,4
500138,4
258794,4
84463,4
97871,4
97002,4
132433,4
11403,4
66455,4
11406,4
264588,4
287393,4
11408,4
11410,4
43937,4
132867,4
286405,4
46434,4
76251,10
327473,10
93757,11
80504,14
355302,14
355304,14
350406,14
355305,14
335380,14
522859,14
355306,14
76432,14
76432,11
76432,1
59347,1
190011,1
363360,1
369986,1
384684,1
299449,1
134886,1
336531,1
317008,1
237442,1
363361,1
53531,1
317009,1
224376,1
11492,1
368054,1
195274,1
328795,1
169668,1
134885,1
11500,1
170951,1
177544,1
51961,1
251915,1
134984,1
68135,1
129199,1
78616,1
115875,1
71006,1
297719,1
46012,1
46013,1
298519,1
55055,1
362758,1
162385,1
367662,1
62642,1
362759,1
362760,1
76648,1
517116,1
517117,1
138720,1
52221,1
127972,1
284449,1
354445,1
174892,1
345384,1
190012,1
505046,1
316312,1
317455,1
329942,1
362762,1
210480,1
195421,4
106854,4
106854,11
106857,4
106857,11
106879,4
66970,4
66970,11
227382,4
381011,4
376196,4
378180,4
269606,4
387440,4
387526,4
315346,4
304592,4
275942,4
69636,4
51244,11
51244,4
334993,11
334993,4
206081,11
206081,4
282140,4
282140,11
239086,4
126566,4
126566,11
261427,14
11553,15
11553,11
11553,14
335516,1
118904,1
25663,1
82687,1
386503,1
386672,1
386686,1
386688,1
386691,1
386428,1
386429,1
386552,1
386715,1
386720,1
386508,1
386727,1
386512,1
386437,1
386518,1
386737,1
386448,1
386738,1
386716,1
386721,1
386687,1
386692,1
386689,1
386728,1
386553,1
346123,1
70730,8
70730,1
344620,8
344620,1
11732,8
11732,1
118888,1
369590,1
99748,1
120362,1
110000,1
115581,1
47413,1
134658,1
11785,1
85130,1
135485,1
68973,1
11789,1
11789,8
93193,1
92546,1
353742,11
353742,14
387346,14
387346,11
88890,11
88890,14
522872,4
522871,4
64553,8
64553,1
64554,1
64554,8
43502,1
138637,10
318356,10
318356,1
303933,10
303933,1
52214,10
52214,1
108542,10
108542,1
118626,10
118626,1
290370,1
11832,10
11832,1
113968,10
113968,1
336207,10
336207,1
68141,1
378939,10
378939,1
11837,10
11837,1
118625,10
118625,1
195796,10
195796,1
97468,10
97468,1
124359,10
124359,1
138416,10
138416,1
114669,10
114669,1
136860,10
136860,1
376400,10
376400,1
11839,10
11839,1
272763,1
377774,1
118627,10
118627,1
147694,1
93120,1
327046,1
285929,1
63068,10
63068,1
74444,4
74444,1
243708,4
243708,1
11905,1
101584,1
114850,1
263766,1
263766,4
263774,1
263774,4
92958,8
92958,1
75157,6
75157,20
73177,1
194937,1
194937,20
64950,6
68476,1
78081,1
78081,20
76278,1
76278,20
224401,20
224401,1
373805,20
373805,1
41793,1
204350,1
204350,20
518453,1
518453,20
505207,1
62487,1
508257,1
380173,1
367520,1
60561,1
60561,20
11916,1
167899,1
167899,20
11917,6
11917,20
11918,1
79410,1
54016,1
129852,1
180568,1
180568,20
11920,8
11920,1
376108,1
376108,8
376108,20
11922,1
122296,1
122296,20
58755,1
58755,20
89773,20
89773,1
81791,1
81791,20
88993,1
88993,20
516366,1
516366,20
83043,20
83043,1
83806,1
83806,20
369090,1
369090,20
521341,20
521341,1
69216,20
69216,1
204352,1
204352,20
298254,1
298254,20
367604,1
308217,1
326601,15
46015,15
160161,1
61888,1
90573,1
179325,1
279730,7
371968,7
348195,1
72674,1
317161,1
373202,1
363279,1
366054,1
366054,3
87840,1
200319,7
228586,1
228586,3
117122,1
55857,1
139083,1
347803,7
382811,7
83438,3
83438,1
66838,1
294420,7
294418,7
227784,1
227784,3
86478,1
62939,1
120190,1
68622,1
365921,1
365921,3
366764,1
100152,1
525443,1
524854,1
525381,1
310761,7
210800,7
348099,7
57423,1
126709,1
81006,1
161603,7
49446,1
366297,1
119079,1
119081,1
50939,7
12015,1
250936,4
250936,14
250936,8
387845,4
387845,11
387845,14
387845,8
180974,11
180974,14
180974,4
12040,4
12040,1
118285,4
118285,1
118285,14
115220,4
115220,1
115220,14
25407,4
25407,1
25407,14
140153,4
140153,1
140153,14
68052,4
68052,8
183327,4
183327,1
305827,8
305827,4
305827,11
305827,14
178739,8
178739,4
178739,11
178739,14
272979,8
272979,4
272979,11
272979,14
87822,4
87822,8
48100,4
48100,1
77011,11
77011,1
12058,8
12058,4
12058,11
12058,14
515286,4
515286,11
515286,14
515286,8
105733,6
12085,15
12085,14
12117,1
353719,1
138153,1
74441,1
113970,1
196175,1
366133,1
366268,1
12225,1
296645,1
12228,1
154143,1
119970,1
231699,1
12242,1
44416,1
79115,1
79115,8
378987,11
327505,11
327505,14
327505,1
163242,11
163242,14
217683,11
217683,14
119641,11
184831,11
184831,14
87896,11
408477,11
408477,14
408477,1
23139,11
23139,14
12253,11
12253,14
12254,11
12254,14
20150,11
20150,14
20150,1
407552,11
407552,14
407599,11
407599,14
12257,11
12257,14
12259,11
22908,11
22908,14
24432,11
12262,11
12265,11
12265,14
12265,1
12270,11
39121,11
408543,11
165243,11
12281,11
136296,1
153096,6
202687,6
87435,6
12299,6
320220,6
151440,6
77338,6
323399,6
12315,1
65965,1
283634,1
12318,1
12323,1
283461,14
387738,14
128742,1
47999,1
12369,1
60892,3
60892,14
63514,3
63514,14
294517,6
250184,3
250184,11
77200,3
77200,14
108623,11
108623,14
108623,3
42560,3
42560,14
74081,3
74081,11
147606,1
109724,3
109724,11
102890,11
102890,14
69598,1
343626,3
343626,11
343626,14
51572,11
51572,14
76785,3
76785,11
57223,3
57223,11
49837,14
49837,11
252231,3
252231,11
82533,6
192229,3
192229,11
72212,3
72212,14
72212,11
67013,14
67013,11
67013,3
54834,11
54834,14
110630,11
110630,14
66227,3
66227,14
169954,6
43637,1
75616,3
75616,14
168782,3
168782,11
168782,14
155906,6
112075,6
146856,6
240903,6
194058,6
119643,3
119643,14
119643,11
111945,11
111945,14
75161,14
75161,11
512570,14
512570,11
134552,1
70302,11
70302,14
46345,11
46345,14
195984,1
164947,14
164947,11
53730,6
53730,1
86211,14
86211,11
317056,1
124914,3
124914,11
124914,14
101976,11
101976,14
288967,3
288967,11
80423,11
80423,14
79962,1
119279,11
119279,14
82069,14
82069,3
82069,11
83316,14
83316,11
286270,1
62682,3
62682,14
213223,3
213223,11
317322,3
317322,11
125924,6
109444,14
109444,11
308920,3
308920,11
74032,11
74032,14
227331,1
130370,1
229581,3
229581,11
324352,3
324352,14
84731,3
84731,11
83869,14
83869,11
67650,14
67650,11
180691,3
180691,11
129210,3
129210,11
70598,3
70598,11
268933,3
268933,11
62711,3
62711,11
78966,3
78966,11
78966,14
101738,3
101738,11
83467,6
256974,3
256974,11
355658,6
112243,3
112243,14
199373,3
199373,11
351339,3
351339,11
355661,3
355661,11
355667,3
355667,11
355623,3
355623,11
85247,3
85247,11
120950,6
84222,6
84222,1
224457,6
224457,1
12393,1
12394,1
240359,6
12396,3
12396,11
12396,14
376017,1
12406,1
360602,3
360602,14
74534,1
57311,6
57311,1
12410,5
12413,1
108918,10
108918,1
154514,10
380560,1
52161,1
253205,1
346135,1
76333,1
300257,1
270593,1
331612,1
72813,1
344265,1
361475,1
361477,1
361483,1
361689,8
361689,1
83971,1
84565,1
48112,1
504497,1
504436,1
504524,1
504332,1
512200,1
363341,1
285683,1
503816,1
504503,1
504258,1
504252,1
511309,1
363344,1
380561,1
208132,8
208132,1
361476,1
361478,1
361484,1
154659,1
61872,1
253561,8
44075,1
12444,1
183825,8
183825,1
79042,1
501498,1
503587,1
323393,1
75127,6
153306,1
56688,1
202832,1
139979,1
63957,1
336540,1
53367,1
12464,1
12471,8
12471,1
99125,1
99125,8
323582,8
323582,1
42706,8
42706,1
125123,8
125123,1
95183,6
224498,1
72815,1
184496,8
184496,1
182125,8
182125,1
363086,14
380207,15
380207,11
380207,14
304364,14
522849,15
522849,11
522849,14
362960,14
20617,14
19968,14
19968,11
12494,14
103707,14
304363,14
20612,14
20612,11
87514,14
183165,14
20598,15
247490,14
522850,15
522850,11
522850,14
68075,11
68075,14
12506,15
12506,11
12506,14
388112,11
388112,14
84069,14
48060,11
48060,14
12514,14
368057,14
368057,11
12515,14
20624,14
377211,14
12517,14
12517,11
47970,11
47970,14
20613,14
63225,14
301107,6
300648,6
522138,1
77933,8
77933,1
152088,1
116286,1
116286,18
12596,11
12596,14
368066,11
368066,14
370732,11
370732,14
370733,11
370733,14
361611,11
361611,14
320814,11
320814,14
304997,11
304997,14
372810,11
372810,14
370730,11
370730,14
356863,11
356863,14
522381,11
522381,14
327507,11
327507,14
372319,14
372319,11
168525,11
168525,14
249868,11
249868,14
142885,11
142885,14
361856,11
361856,14
244646,11
244646,14
311044,11
311044,14
201599,11
201599,14
372722,14
372722,11
356853,11
356853,14
372318,11
372318,14
244969,11
244969,14
372479,11
372479,14
332967,11
332967,14
372493,11
372493,14
332968,14
332968,11
87887,11
87887,14
119645,11
119645,14
12610,11
12610,14
318719,11
318719,14
12618,11
12618,14
106442,11
106442,14
318721,11
318721,14
263735,8
263735,15
243089,8
243089,15
305934,15
305934,8
47824,6
12665,6
345644,14
383977,14
386884,5
383979,5
60856,1
217436,1
156990,1
156992,1
301109,1
301108,1
239891,8
235856,8
235856,1
235863,8
369648,1
254808,1
235866,8
235866,1
41945,8
41945,1
210902,1
130027,1
137985,1
524883,1
253641,1
235876,8
235876,1
235881,8
284147,1
520348,1
351058,8
290684,1
290684,8
382813,1
162921,1
47440,8
47440,1
162923,1
300652,1
300653,1
97404,1
64744,1
64744,8
270273,8
72313,1
90909,1
100517,1
367597,1
111289,1
86856,1
86857,1
80054,1
117204,1
79910,1
79910,8
77171,8
77171,1
81372,8
81372,1
139812,8
233313,8
67311,8
67311,1
98368,8
169364,8
139249,1
353557,1
163045,8
163045,1
227837,8
227837,1
152022,1
152022,8
169014,8
169014,1
12731,8
12731,1
12733,1
502673,1
511173,1
517830,1
522521,1
519673,1
319826,8
156988,1
153581,1
302334,1
525261,1
248771,1
270753,1
209669,1
147583,1
248765,1
209675,1
209672,1
265999,1
285884,1
522207,1
353405,1
361690,1
521910,1
353407,1
370646,1
384698,1
360604,1
521971,1
518081,1
521962,1
360332,1
337434,1
525328,1
502310,1
510440,1
504731,1
517583,1
162922,1
522157,1
519233,1
337435,1
315613,1
325499,1
352267,1
352272,1
352270,1
315618,1
12751,1
186842,1
56648,1
130028,1
130029,1
97337,8
84215,8
341154,8
341153,8
255733,8
97211,8
47323,8
47323,1
56951,8
115905,8
75702,8
189986,8
189986,1
114560,8
114560,1
189984,8
189984,1
387419,8
387419,1
380522,8
380523,8
380523,1
380524,8
380524,1
211496,8
43353,8
43353,1
140057,8
140057,1
300649,8
300649,1
349806,8
349806,1
102901,8
12758,8
197253,8
98008,8
72865,8
285956,8
363780,8
80748,8
97389,8
252006,1
252006,8
359164,8
344279,8
359165,8
367521,8
380525,8
380525,1
380526,8
380526,1
184225,1
12834,8
12834,1
249899,1
249899,6
320891,6
207823,1
207823,6
211769,1
211769,6
213686,1
213686,6
320892,6
211527,1
211527,6
202694,1
202694,6
42140,5
12855,6
331601,6
139782,1
525175,6
525333,6
74299,1
321357,7
46550,1
46550,8
12890,1
24404,7
13009,14
371588,14
224548,14
13012,11
13012,14
59546,14
247862,14
536957,14
374968,1
47637,14
49384,14
374970,1
519993,14
521359,14
13018,11
13018,14
523229,1
178272,1
149227,14
81170,14
13171,16
227423,1
227424,1
13246,1
55955,8
55955,1
192902,1
209582,1
98942,1
243408,8
243408,1
97182,1
240860,1
138779,14
138779,11
177312,14
177312,11
132247,3
132247,11
202299,11
117884,11
117884,14
181708,11
181708,14
142061,14
142061,11
86153,8
86153,14
86153,11
88442,8
88442,11
13274,8
13274,11
120501,8
120501,11
13286,8
13286,11
82444,8
82444,11
54272,1
271570,10
13342,10
233431,1
127269,1
174904,1
275840,1
55060,1
25662,1
46474,1
504797,1
294549,1
62651,1
117561,1
94727,1
226795,1
152417,1
124818,1
181314,1
126211,1
45566,1
80465,1
124771,1
57624,1
125126,1
217099,1
255079,1
62827,1
13392,8
13392,1
44806,1
51659,1
180011,1
69562,1
88445,1
170064,1
136367,1
71613,1
337155,1
78012,1
13423,8
13423,1
269617,5
244381,5
248017,5
248017,1
84115,5
196336,5
67342,5
81716,5
116717,5
96048,5
118212,5
81595,5
234865,5
224623,5
100527,5
113841,5
275102,5
25913,5
169722,5
136279,5
138172,11
138172,4
48906,1
72333,1
349807,1
73323,1
182346,1
297298,1
181618,1
224631,1
112114,1
54003,1
530818,1
152216,1
181922,1
383885,8
383885,1
226737,1
90747,1
13551,1
13556,1
115952,1
224640,1
95893,1
301069,1
118344,1
73174,1
212100,1
324417,1
152288,8
152288,1
67797,1
209173,1
13615,8
13615,1
180146,1
78926,1
152060,1
118346,1
68008,1
528869,1
72823,1
54432,1
90812,1
57958,1
48968,1
13637,1
104293,1
13648,1
57875,1
72559,1
53826,1
115781,1
97578,8
97578,1
270093,1
131020,18
131020,1
508219,1
75230,1
240245,1
51540,1
270625,8
270625,1
66152,1
525622,1
533347,1
533178,1
532047,1
248960,1
149476,8
149476,1
63586,1
170499,1
60698,1
86924,1
521125,1
57486,1
286100,1
57724,1
370960,1
170432,8
170432,1
349887,1
371697,1
531228,1
236235,1
105421,1
66585,1
224653,1
280239,1
342784,1
77323,1
131940,1
57806,1
352439,1
374265,1
89590,1
351103,1
131497,1
532704,1
531219,1
532320,1
377238,1
342618,1
506532,1
274799,1
274803,1
507393,1
386951,1
505087,1
506791,1
506533,1
274800,1
526007,1
274802,1
334275,1
334276,1
537006,1
506565,1
532313,1
525742,1
525716,1
525782,1
49736,1
98264,1
531288,1
13673,8
13673,1
317568,1
237944,8
237944,1
370941,1
100010,1
324151,1
369401,1
98166,1
359192,1
521470,1
525649,1
532618,1
525636,1
525657,1
325001,1
325005,1
64069,1
322275,1
76732,1
370946,1
218976,11
218976,8
97756,1
372004,1
371696,1
371699,1
371702,1
367799,1
525626,1
307863,1
62011,1
44261,1
135761,1
375986,1
46951,1
128986,1
521340,1
301492,1
334479,1
116046,8
116046,1
333018,1
388570,1
220054,1
350026,1
525358,1
254156,1
220051,1
370971,1
388573,1
370974,1
220055,1
352437,1
220052,1
388572,1
531112,1
333019,1
531104,1
534646,1
531105,1
322324,1
41356,1
534843,1
250483,1
531114,1
101459,1
47349,1
531106,1
525932,1
531115,1
525817,1
525869,1
370967,1
370973,1
388575,1
524869,1
531113,1
388576,1
248961,1
535886,1
101479,1
370948,1
13681,1
91016,1
91805,1
131268,18
131268,1
92149,18
92149,1
92643,1
83535,11
83535,8
350721,8
359303,8
359303,1
192710,11
192710,8
85021,8
85021,11
126746,11
126746,8
73821,11
73821,8
115924,11
115924,8
171012,1
49921,8
49921,1
237226,8
237226,11
149463,8
149463,11
65236,8
65236,11
133900,8
133900,1
78127,8
78127,1
136073,1
179074,8
179074,11
49493,11
49493,8
531109,1
174358,8
174358,11
536545,1
133936,11
133936,8
284168,8
284168,11
350829,8
350725,8
350725,11
228940,8
228940,11
133901,1
179086,8
179086,11
531102,1
531103,1
73872,8
73872,11
297820,8
297820,1
76060,8
76060,11
169051,8
169051,11
220119,8
220119,11
179151,8
179151,11
533763,1
535799,1
369855,1
533191,1
508297,1
293612,8
293612,11
180859,8
180859,11
136217,1
109199,11
109199,8
42800,8
42800,11
105243,8
105243,11
136218,8
136218,11
174396,1
130579,8
130579,11
68380,11
68380,8
68381,8
68381,11
103700,8
103700,11
127843,1
144836,11
144836,8
306768,1
67709,11
67709,8
268881,8
268881,11
133903,8
133903,1
524671,8
524671,11
150713,11
150713,8
70333,11
70333,8
124908,11
124908,8
533435,1
78326,8
78326,11
47117,8
47117,11
47117,1
84538,8
84538,11
533283,1
220125,8
220125,11
322396,8
322396,11
76838,8
76838,11
113414,8
113414,11
45297,11
45297,8
61411,8
61411,11
534469,1
179185,11
179185,8
350025,8
350025,11
85872,8
85872,11
284241,8
284241,11
46220,8
46220,11
72718,8
72718,11
534592,1
71792,11
71792,8
211578,1
533670,1
81703,8
81703,11
533190,1
136222,8
136222,11
533473,1
46740,8
46740,11
313960,8
313960,11
64143,8
64143,11
109945,11
109945,8
174498,8
174498,11
360520,8
360520,11
531111,1
62303,11
62303,8
56734,8
56734,1
13705,8
13705,1
179174,8
179174,11
13711,18
13711,1
227544,1
227545,1
359798,1
336583,1
100550,1
100550,18
89770,1
13728,1
13728,18
525470,8
525470,1
227222,1
76754,18
76754,1
194408,1
194408,18
180322,1
180322,18
27307,1
27307,18
13740,18
13740,1
128306,18
128306,1
89187,1
224683,18
224683,1
92295,18
92295,1
96744,1
91009,1
91009,18
99972,1
99972,18
60748,18
60748,1
238040,1
238321,1
242038,1
242040,1
13747,1
187115,8
187115,1
13755,8
13755,1
308129,1
20545,1
20545,7
95403,18
95403,1
70481,18
70481,1
48146,1
48146,18
98741,1
98741,18
13785,18
13785,1
13791,1
61873,1
525393,8
525393,1
212145,1
66144,1
66144,18
224692,1
96213,8
96213,1
83468,8
83468,1
13806,8
13806,1
139224,8
139224,1
505085,8
505085,1
519843,8
519843,1
512600,8
512600,1
231138,1
151019,18
151019,1
13830,8
13830,1
42027,8
42027,1
13837,8
13837,1
520611,8
520611,1
518923,8
518923,1
512554,8
512554,1
13841,18
13841,1
72682,1
13842,1
90965,8
90965,1
92244,18
92244,1
99365,1
13863,8
13863,1
208089,1
23987,1
56258,1
368171,1
322971,1
221428,1
325663,1
226369,1
85547,1
66665,1
299665,1
72854,1
226370,1
50522,1
345506,18
345506,1
299666,1
277173,1
368198,1
13877,1
322985,1
370123,1
299679,1
91708,1
368216,1
284216,1
81858,18
81858,1
322987,1
518154,1
368221,1
54236,1
368231,1
214915,1
224703,1
149182,1
370984,1
224704,1
134917,1
382552,1
323958,1
192723,1
13896,1
13896,18
42021,1
42021,18
13900,1
60954,1
334155,1
333020,8
333020,1
334156,1
334157,1
224706,1
335678,1
521107,1
224707,1
337086,1
337087,1
274801,1
59754,1
224708,1
336724,1
344489,1
257156,1
334159,1
354941,1
224710,1
314200,1
314201,1
522726,1
13904,1
42019,18
42019,1
97512,18
97512,1
344552,18
344552,1
224691,1
388578,1
13793,1
113807,1
13846,1
94403,1
117229,1
318043,1
318042,1
318046,1
272677,14
272677,11
386913,1
351708,1
50576,1
13944,1
334661,1
517845,3
517845,1
71488,1
60042,1
253589,1
252614,5
132238,5
132238,14
77691,5
77691,14
49738,5
67404,5
240129,5
30292,11
30292,14
220820,1
62605,1
136924,1
314202,1
90767,1
175804,1
88436,1
270597,1
61178,1
154961,1
151053,1
135762,1
41310,1
93860,1
186847,1
94000,1
109651,1
136722,1
115224,1
129587,1
41275,1
92192,1
194888,1
46672,1
119026,1
326225,1
165908,1
136887,1
44666,1
90932,1
212309,1
375969,1
292564,1
137190,1
204868,1
151060,1
136717,1
134090,1
46238,1
54752,1
104289,1
14147,1
217004,1
55194,1
116959,1
180026,1
96761,1
47351,1
14148,1
47514,1
90805,1
102863,1
128960,1
41303,1
57974,1
14153,1
256212,1
286946,1
83886,1
41307,1
41291,1
93181,1
99583,1
95848,1
125011,1
103320,1
117333,1
90437,1
120572,1
104134,1
97945,1
14155,1
87071,1
135984,1
78937,1
535539,1
285146,1
286505,1
14156,1
98771,1
139757,1
82286,1
247729,1
369130,1
78775,8
78775,1
183276,8
183276,1
97572,8
97572,1
51010,8
51010,1
67376,1
211507,8
14171,8
14171,1
125231,8
93092,8
93092,1
76866,8
76866,1
14181,1
41860,8
41860,1
14184,8
92427,8
92427,1
326605,1
352878,1
71379,8
101797,1
116974,1
343941,1
96017,1
352764,1
352765,1
352765,8
352766,1
88973,8
88973,1
117959,1
60933,1
237217,1
97573,8
80923,1
126275,1
94660,1
115472,8
118090,8
29243,8
29243,1
29269,8
29269,1
128969,1
236642,1
326255,1
14341,1
90792,1
293662,1
383296,1
293664,1
174716,1
174715,1
353643,1
359803,1
14345,1
14374,7
14374,16
14375,8
14379,8
144240,15
514485,15
514485,11
514485,14
140986,15
140986,14
55064,1
268009,1
334161,1
378993,14
378993,11
360635,1
14468,1
140841,15
181895,8
306965,8
306967,8
84315,8
306280,1
316398,8
41739,8
41739,1
367800,8
367800,1
234061,8
234061,1
15819,8
15819,1
120557,1
15929,1
141038,9
137537,9
139759,9
214971,9
214971,6
227648,9
249824,9
249824,6
125755,9
125755,6
119768,9
129797,9
129797,6
129859,9
195690,9
102756,9
90209,9
139818,9
131330,9
119759,9
228005,9
86714,9
86714,6
139417,9
105004,9
142405,9
126761,9
119697,9
119697,6
43614,9
150363,9
128047,9
297374,9
129399,9
118225,9
308722,9
353375,9
129571,9
138945,9
129805,9
145487,9
145487,6
129266,9
176226,9
128212,9
128212,6
287515,9
333367,9
50433,9
303031,6
290505,9
122397,9
70154,9
145144,9
192203,9
125823,9
144925,9
256852,9
330248,9
339419,9
129783,9
269203,9
373399,9
511604,9
228007,9
214889,9
62234,9
116260,9
121830,9
139566,9
128839,9
118156,9
129960,9
198947,9
142264,9
170483,9
47313,6
47313,9
57373,6
57373,9
90929,9
90929,6
121829,9
162263,9
162263,6
127988,9
352491,9
51632,9
160267,9
160267,6
103846,9
48469,9
48469,6
511317,9
373401,9
284651,9
94433,9
94433,6
341407,9
82597,9
129230,9
147241,9
249823,9
249823,6
385103,9
214970,9
214970,6
254832,9
330303,9
341431,9
366253,9
80097,9
54502,9
333592,9
191401,9
505183,9
92977,9
92977,6
192741,9
180282,9
108164,9
138532,9
129235,9
98906,9
175656,9
150530,9
218152,9
91608,9
67129,9
190983,6
237155,9
90312,9
341481,9
254839,9
198948,9
209930,9
85318,9
85318,6
129806,9
86521,9
157812,9
46685,9
94268,9
269196,9
215527,9
129875,9
74301,9
129798,9
129798,6
84472,9
84472,6
98490,9
90609,9
272969,9
56495,9
307117,9
307118,9
193774,9
312223,9
92512,1
152048,1
96047,1
165233,1
167270,1
311191,1
360041,1
303349,1
303350,1
320074,1
303354,1
165234,1
227961,1
320075,1
303348,1
16089,1
202078,1
96917,1
16090,1
503863,1
16091,1
325452,1
16092,1
319262,1
59166,1
318411,1
192388,1
148158,1
49539,1
270778,1
318409,1
318410,1
255102,1
131571,1
296909,1
182953,1
140451,1
316769,1
16093,1
16094,1
521036,1
203545,1
372114,1
265713,1
313511,1
159791,1
166331,1
311189,1
88140,1
150009,1
229790,1
16095,1
167274,1
300876,1
272776,1
365445,1
168744,1
195433,1
162695,1
317975,1
378950,1
324277,1
195014,1
197953,1
345151,1
515088,1
324603,1
368868,1
303345,1
334494,1
140449,1
83681,1
21533,1
270598,1
272002,1
181911,1
275556,1
281056,1
117860,1
197334,1
16096,1
16097,1
296063,1
351635,1
167271,1
296060,1
296062,1
25322,6
245758,6
25323,6
357364,6
192478,6
100907,15
49406,15
521592,12
522982,12
385151,12
362447,12
370676,1
517396,1
207781,1
368985,1
512307,1
521130,1
272777,1
306281,1
522621,1
503756,1
333835,1
170742,1
253590,1
517337,11
517337,5
517337,14
80563,11
80563,14
87682,6
87682,8
51124,6
51124,8
255199,6
255199,8
99677,6
99677,8
127751,6
44766,6
375155,1
361504,1
361512,1
361506,6
361508,6
380543,6
505565,7
505565,1
361514,6
380547,7
380547,1
506971,1
380138,1
322097,6
504996,1
504995,1
254612,7
254612,1
131882,1
362291,1
137210,1
285616,1
359833,6
361535,1
272970,6
383714,6
251260,1
226667,1
237625,1
343475,6
536515,1
225344,1
272684,1
524772,7
524772,1
137849,1
180804,6
526392,1
134146,1
117110,1
503957,1
504994,1
383725,6
524743,7
524743,1
380139,1
372008,1
85526,6
16309,6
63299,1
16313,1
199724,6
286660,1
16326,11
16326,1
69546,6
281253,6
386644,6
361067,6
169859,6
138249,1
368272,6
275628,6
368267,6
368270,6
121813,1
361505,1
361507,6
361513,1
361509,6
361511,6
505588,7
505588,1
361515,6
380548,7
380548,1
251591,6
69170,1
87735,6
59646,6
383523,6
304195,1
519935,3
519935,1
360736,6
208831,1
214504,1
214506,6
135570,6
379640,6
204355,6
16351,6
207942,1
523673,1
182689,1
360333,1
512549,1
150683,1
505571,1
387382,1
384906,1
194596,7
194596,1
359904,1
374680,1
526561,1
275962,1
346129,1
526365,1
346130,1
361292,1
361302,1
346127,1
215137,1
526206,1
526174,1
352770,1
84354,1
526322,1
325158,1
169439,1
307932,1
307933,1
308928,1
78346,1
523519,1
523520,1
196999,1
254120,1
69231,1
119288,1
521567,1
132930,1
80823,1
116167,1
384731,1
384732,1
122046,1
273958,1
241749,1
522754,1
505235,1
374687,1
374263,1
374108,1
361032,1
212316,1
210907,1
535740,1
505237,1
505551,1
526245,1
103050,1
360658,1
178569,1
523512,1
523513,1
297022,1
299721,1
361536,1
522108,1
297303,1
297304,1
299723,1
361291,1
361301,1
344291,1
298739,1
506724,1
297433,1
127389,1
83262,6
83262,20
54154,6
54154,20
127449,6
127449,20
48279,20
48279,1
150943,6
150943,20
45291,6
45291,20
524594,20
524594,1
524594,7
97906,6
97906,20
81578,6
81578,20
319142,1
365999,1
307061,1
307062,1
361591,1
249878,1
300358,1
219527,1
251985,1
299640,1
16379,1
374690,1
521212,1
523848,1
523747,1
523847,1
523748,1
523845,1
523850,1
138169,1
387219,6
299728,1
104558,1
225356,1
16375,1
319966,1
327470,1
217129,1
384727,1
182915,1
113681,1
227385,1
105652,1
133942,1
342566,6
357884,1
386310,1
76545,1
116993,1
104072,1
389165,1
523751,1
169513,7
169513,1
388562,1
357883,1
341055,1
500806,1
194524,1
161284,1
337037,1
53308,1
56726,1
517126,1
125627,1
66376,1
63876,1
518451,1
360601,1
350027,1
87436,1
517125,1
383145,1
153227,1
226857,1
16398,1
16399,1
225364,1
66599,1
56035,1
505006,1
343017,1
336383,1
183840,1
263272,1
76164,1
370622,14
350968,14
16428,14
251898,6
288166,6
65994,8
121120,1
121120,8
82956,8
333170,18
333170,11
333170,14
354227,18
354227,11
354227,14
354258,18
354258,11
354258,14
137208,18
137208,11
137208,14
354255,18
354255,11
354255,14
315832,18
315832,11
315832,14
264544,18
264544,11
264544,14
327539,18
327539,11
327539,14
132416,18
132416,11
132416,14
354254,18
354254,11
354254,14
131604,18
131604,11
131604,14
181974,18
181974,11
181974,14
376468,18
376468,11
376468,14
376469,18
376469,11
376469,14
193760,18
193760,11
193760,14
150618,18
150618,11
150618,14
16471,18
16471,11
16471,14
355308,18
355308,11
355308,14
16472,18
16472,11
16472,14
237905,18
237905,11
237905,14
48249,18
48249,11
48249,14
114998,18
114998,11
114998,14
16474,18
16474,11
16474,14
139141,18
139141,11
139141,14
214852,18
214852,11
214852,14
16476,18
16476,11
16476,14
97353,18
97353,11
97353,14
89993,18
89993,11
89993,14
152272,18
152272,11
152272,14
354250,18
354250,11
354250,14
82355,18
82355,11
82355,14
174521,18
174521,11
174521,14
76668,18
76668,11
76668,14
293388,18
293388,11
293388,14
333164,18
333164,11
333164,14
333149,18
333149,11
333149,14
116713,18
116713,11
116713,14
90897,6
90897,20
92198,6
92198,20
218670,6
218670,20
98369,8
82608,8
328870,1
310923,8
16589,8
154434,8
83719,8
525629,1
517678,1
134659,1
135777,1
179270,1
16511,8
82835,8
170240,8
92253,8
195376,1
56866,8
87461,8
153958,8
153958,1
279290,8
225395,8
80796,8
255734,8
328878,1
134109,8
225400,8
70077,8
273959,8
174131,8
525862,8
363168,8
287233,1
72366,1
72366,8
525630,8
165197,8
306148,8
64651,8
136255,1
51081,8
155678,8
120537,8
95238,8
91841,8
134781,8
328882,1
204222,8
227213,8
207298,8
182830,8
96144,1
98553,8
522106,8
522106,1
69057,8
284803,8
134105,8
54660,8
69547,1
216428,8
358918,8
371817,8
294527,8
287792,8
287791,8
95360,8
120538,8
105013,8
96307,1
16525,8
51428,8
328588,8
328590,8
353502,8
341059,8
341058,8
341057,8
347548,8
380218,8
522723,1
522336,1
522510,1
522338,1
525243,1
520937,1
522594,1
328887,1
367672,1
80624,8
75722,8
254369,1
219498,1
216427,8
16583,8
182793,8
517609,1
517688,1
517640,1
252010,1
66135,8
349273,1
196547,11
196547,8
196547,1
89358,11
89358,8
89358,1
225461,8
53309,8
55103,8
55103,1
95703,8
74269,8
74269,1
225469,8
91882,8
225471,8
63982,1
137748,1
61416,8
91080,8
133173,8
525166,1
84210,8
84210,1
48926,8
77277,8
345566,8
371814,8
371005,8
343207,8
79655,8
97785,8
317676,8
317677,8
172923,8
92308,8
215621,8
215667,8
522335,8
352282,8
368278,8
368279,8
368276,8
522329,8
135776,1
518294,1
522132,1
525365,1
522034,1
522133,1
522337,1
522136,1
525773,8
511305,8
337612,8
337613,8
210932,8
148163,1
368280,8
333519,8
359749,8
112556,8
225480,8
88164,8
225483,8
225490,8
246156,8
16551,8
16551,1
214590,8
16562,8
244788,8
16571,8
85465,8
85465,1
225513,8
16582,8
168553,8
168553,1
16588,1
16588,8
521376,8
521376,1
16592,8
16592,1
16593,1
16593,8
16602,8
131922,8
16615,8
16615,1
136494,1
138757,1
16620,8
16620,1
95096,8
352772,1
352772,14
121634,8
161137,8
16670,8
172088,8
225535,8
225541,8
225543,8
16681,1
16681,8
16684,8
171818,8
42747,8
16693,8
161144,8
92249,8
16731,8
16732,1
16732,8
67822,1
67822,14
16745,1
16745,8
302785,8
180503,8
98506,1
98506,14
16752,8
49914,8
186740,8
47527,8
60245,8
210063,8
180268,8
271669,8
48927,8
84358,8
227018,8
77276,8
98248,1
98248,8
89318,8
128987,8
253579,8
134920,8
134920,1
297311,1
368284,1
245492,1
140073,1
529102,1
380148,1
517894,1
151754,1
115890,1
299506,1
66606,1
304927,1
281840,1
50020,1
529118,1
367375,1
380574,1
360408,1
285688,1
72836,1
350497,1
304928,1
368283,1
169440,1
201321,1
92638,1
286056,1
216354,1
169441,1
221101,1
350029,1
211715,1
219311,1
16774,1
80072,1
20666,1
348155,1
79139,1
323377,1
244103,1
16776,1
182258,4
182258,11
182258,14
370282,4
16843,4
114934,4
27290,4
47777,4
16849,4
257091,4
179884,4
179884,11
124393,4
16860,4
94182,4
368286,4
286325,4
360449,4
344561,4
16875,4
58082,18
59021,10
59021,16
59021,18
48929,1
54468,1
41928,1
25476,1
364689,8
215234,8
505475,15
505475,8
202933,1
59588,1
250942,1
505480,1
110619,1
336181,1
246604,1
369443,1
347502,1
505479,1
67800,1
350969,1
300450,1
270599,1
190637,1
211610,1
375060,15
369444,1
250088,1
522011,1
116851,1
112671,1
277897,1
105622,1
352223,1
155551,1
95560,1
59367,1
124786,1
82166,1
83240,1
124787,1
124788,1
73216,1
49975,1
181520,1
99771,1
131905,1
125918,1
115015,1
138949,1
92712,1
77962,1
277944,1
131885,1
110135,1
86028,1
59096,1
79243,1
61530,1
113053,1
93547,1
107981,1
41564,1
135496,1
26195,1
270255,1
175867,1
208780,1
311,1
26197,1
26203,1
131890,1
177522,1
97048,1
166043,1
258409,1
258410,1
258411,1
258413,1
258414,1
258416,1
258417,1
258418,1
258419,1
58901,1
44577,1
166045,1
258425,1
94371,1
297704,1
297702,1
381636,1
381637,1
381638,1
381639,1
131895,1
155004,1
170991,1
324872,1
141042,1
516360,1
52649,1
108704,1
107992,1
150665,1
140273,1
153458,1
107982,1
185165,11
185165,1
368780,1
93255,1
44044,1
363,1
154630,1
373760,1
365,1
151261,1
217574,1
180983,1
178348,1
194890,1
186904,1
185556,1
199039,1
151069,1
26253,1
257141,1
101787,1
257139,1
270257,1
171087,1
186748,1
152300,1
185295,1
293668,1
179243,1
178349,1
185205,1
222455,1
143008,1
257134,1
258399,1
185558,1
26260,1
404,1
347519,1
178352,1
348060,1
500282,1
334572,1
368302,1
517747,1
42803,1
304346,1
46118,1
432,1
185444,1
536373,15
536373,11
536373,14
531222,15
531222,11
531222,14
368518,15
319268,14
319268,15
319268,11
329062,15
329062,14
329062,3
329062,11
531021,15
531021,11
531021,14
296290,3
296290,15
296290,14
296290,11
185692,15
185692,11
185692,14
185696,15
185696,11
185696,14
506,15
58566,15
58566,11
58566,14
127587,15
127587,11
127587,14
185707,15
185707,11
185707,14
185708,15
185708,11
185708,14
249097,11
249097,14
568,11
568,14
526,11
526,14
185784,11
185784,14
185779,11
185779,14
543,11
543,14
73944,11
73944,14
559,11
559,14
560,11
560,14
567,11
567,14
562,11
562,14
73422,11
73422,14
565,11
565,14
370232,1
294256,1
324257,1
94690,1
367851,1
343574,1
341791,1
168016,1
343575,1
343576,1
343577,1
195239,1
101269,1
349767,1
275618,1
332719,1
335559,1
26365,1
300337,1
343579,1
117019,1
517748,1
268739,1
213567,1
26367,1
168106,1
126390,1
307876,1
613,1
26370,1
284941,1
221227,1
315573,1
163765,1
504146,1
49377,1
221983,1
308135,1
521811,1
100083,1
43535,1
91971,1
316700,1
168018,1
385186,1
90020,1
117820,1
287315,1
181282,1
341790,1
531201,1
104035,1
26377,1
343583,1
202387,1
112676,1
535532,1
198992,1
518010,1
521916,1
535595,1
308098,1
132268,1
253980,1
194501,1
117020,1
206745,1
98921,1
227359,1
135630,1
172211,1
343585,1
325897,1
343589,1
339269,1
297915,1
194543,1
339278,1
319239,1
325898,1
297679,1
152942,1
26397,1
317153,1
172221,1
343591,1
206749,1
294257,1
108932,1
98922,1
305117,1
300339,1
194836,1
264715,1
273925,1
349769,1
137463,1
517448,1
343592,1
343594,1
26403,1
307877,1
236139,1
172222,1
251139,1
46436,1
323495,1
269554,1
373267,1
343597,1
287317,1
231276,1
350929,1
343598,1
528790,1
273329,1
381615,1
48874,1
323496,1
26388,1
339273,1
219698,1
311326,1
285843,1
117021,1
386111,1
257837,1
343599,1
169026,1
343600,1
519476,1
280942,1
176953,1
343601,1
168028,1
227361,1
307878,1
220763,1
112569,1
345666,1
343604,1
513775,1
92934,1
93577,1
77122,1
323497,1
323498,1
339267,1
343607,1
151350,1
118953,1
255364,1
291199,1
299845,1
308141,1
115844,1
343608,1
239994,1
127140,1
168031,1
343609,1
89124,1
343610,1
26412,1
190689,1
385118,1
170077,1
169725,1
343612,1
280943,1
194535,1
343613,1
299843,1
180905,1
26414,1
299844,1
164018,1
198043,1
299846,1
313751,1
313752,1
349773,1
349774,1
316391,1
524465,1
510839,1
103649,1
231048,1
332743,1
168032,1
332744,1
170163,1
270190,1
125048,1
332745,1
255425,1
206751,1
242223,1
381618,1
168969,1
46659,1
255335,1
323501,1
385796,1
517526,1
316641,1
316639,1
316640,1
207816,1
287319,1
251144,1
316642,1
176272,1
108578,1
115845,1
339255,1
521917,1
372018,1
198911,1
381611,1
536110,1
43536,1
172215,1
386380,1
372599,1
370403,1
385798,1
219706,1
72183,1
270874,1
139913,1
372733,1
367547,1
181292,1
350487,1
517983,1
42574,1
382855,1
521553,1
368967,1
176470,1
505407,1
501717,1
65201,1
270872,1
618,1
65202,1
217978,1
114007,1
116816,1
98052,1
46051,1
135628,1
168123,1
104261,1
68172,1
104027,1
117819,1
166440,1
79224,1
339256,1
365698,1
187434,1
156018,1
298783,1
228151,1
251141,1
221559,1
511010,1
352612,1
325900,1
154386,1
185813,1
168026,1
201529,1
242258,1
77453,1
502702,1
138586,1
380705,1
503092,1
502293,1
185814,1
140253,1
198583,1
376719,1
529100,1
182071,1
386115,1
313009,1
315656,1
109004,1
316687,1
382796,1
67593,1
151737,1
286280,1
345667,1
345668,1
343731,1
342653,1
355956,1
342654,1
358738,1
374392,1
195241,1
285580,1
171088,1
299906,1
294386,1
286281,1
302854,1
155294,1
346619,1
503848,1
529149,1
370759,1
500569,1
45790,1
26430,1
182847,1
210306,1
212189,1
113328,1
77314,1
47316,1
190130,1
26431,1
164191,1
272834,1
336413,1
210339,1
210338,1
218193,1
108381,1
210303,1
361695,1
361694,1
185922,1
185927,1
529723,11
529723,14
303979,11
303979,14
185939,14
185939,11
707,14
707,11
67615,10
79008,10
185978,15
185978,11
185978,14
246078,10
278466,10
292373,8
292373,4
222092,8
222092,4
186039,16
97910,16
49933,4
334903,4
374849,4
115897,4
237661,4
53832,4
91746,4
177771,4
124957,4
285395,4
222487,4
194897,4
330665,4
149019,4
26460,4
186107,4
802,4
811,4
26953,4
218844,4
82668,4
186127,4
186128,4
186139,4
26473,4
26473,20
119400,4
119400,20
186154,4
186158,4
186160,4
186161,4
104259,4
57088,4
186213,4
186215,4
844,4
273407,4
26488,4
186238,4
82799,4
95236,4
20407,4
59709,4
870,4
180957,4
195244,4
115818,4
882,4
188330,4
60555,4
522393,15
522393,11
522393,14
381559,15
381559,11
381560,15
381560,11
20130,15
20130,11
521380,15
521380,11
521380,14
156172,10
105545,10
989,10
334323,1
180805,1
168803,1
248838,1
270877,1
334324,1
521540,1
112187,1
334325,1
104356,1
103945,1
316451,1
359384,1
101992,1
229835,1
307598,1
104442,1
276508,1
228341,1
180814,11
180814,1
254360,1
146341,1
180813,1
87041,1
243591,1
115044,1
182343,1
522284,1
111129,1
254468,1
102358,1
47766,1
180845,1
120254,1
113365,1
360528,1
156525,1
318449,1
135426,1
359366,1
517559,1
377000,1
377001,1
369981,1
517635,1
316464,1
191449,1
102464,1
376756,1
109937,1
227032,1
521291,1
306945,1
315669,1
376757,1
118260,1
104386,1
358743,1
517228,1
373764,1
517398,1
375256,1
375258,1
367359,1
358745,1
517223,1
1013,1
67996,1
195737,1
308370,1
88083,1
1019,1
164020,1
180958,1
46694,1
26541,1
186635,14
186635,4
186635,11
285582,1
137924,1
188111,1
1096,1
46168,1
1105,11
62685,11
188175,11
188178,11
27339,1
66164,1
89231,1
26614,1
1136,13
1136,6
188240,13
188240,6
33975,1
352075,1
511788,1
382595,1
526143,1
525915,1
153786,1
331542,1
380709,1
194582,1
380707,1
511322,1
510554,1
526332,1
525570,1
281271,1
136854,1
526594,1
501470,1
386381,1
386382,1
362634,1
66590,1
519501,1
525778,1
379221,1
386717,1
270261,1
42902,1
525902,1
379222,1
522015,1
526593,1
384405,1
510336,1
382798,1
382799,1
517610,1
510549,1
138937,1
138927,1
207817,1
1259,18
1259,1
252302,1
360685,1
1261,1
350983,1
54231,1
108342,1
99862,1
62145,1
47292,1
95915,1
350193,1
307607,1
305917,1
84030,1
102330,1
104888,1
124790,1
112682,1
101703,1
387078,1
350982,1
334704,1
120863,1
89883,1
1272,1
236247,1
179927,1
251571,1
211345,11
211345,1
347382,11
347382,1
96611,1
1336,1
1337,1
216989,1
119989,1
99433,1
188578,1
156267,4
156267,1
188610,4
188610,1
346022,1
343223,1
319302,1
319294,1
82775,1
131753,1
134800,1
26823,1
134805,1
131754,1
171512,1
135357,1
201269,1
99387,1
272299,1
158937,1
124683,1
252892,1
99954,1
152031,1
180602,1
275148,1
237833,1
158938,1
82155,1
270263,1
365769,1
273511,1
50923,1
197862,1
197861,1
199287,1
126010,1
138260,1
187700,1
131127,1
112683,1
63126,1
94289,1
187231,1
334455,1
334456,1
334457,1
352568,1
187233,1
187232,1
217636,1
104043,1
131134,1
89424,1
79095,1
71322,1
83477,1
89040,1
365771,1
1397,1
96038,1
188779,1
168424,1
1400,1
367690,1
365768,1
188785,1
1402,1
166835,1
211392,1
66230,1
125886,1
222543,1
344324,1
134899,8
134899,1
217635,1
50524,1
226720,1
1418,1
188794,1
188795,1
76171,1
226432,1
90541,1
129260,1
188797,1
100859,1
76758,1
113447,1
127548,1
270358,1
102083,1
217619,1
217637,1
102283,1
112596,1
94677,1
521979,1
138467,1
57865,1
273035,1
136353,1
58071,1
170645,1
26822,1
92199,1
70593,1
100875,1
59420,1
101673,1
61063,1
101709,1
217643,1
269949,1
85898,1
131116,1
116115,1
111511,1
131118,1
316910,1
113448,1
113449,1
93994,1
231525,3
52448,6
59841,3
82760,6
27024,3
27024,1
95931,3
95931,1
1544,4
1572,1
195107,1
20685,1
1601,20
1601,1
171710,1
1621,1
135501,1
138675,1
1625,1
1625,20
101981,1
96270,1
1632,20
1632,1
27124,1
217003,1
50719,1
41862,1
189234,20
189234,1
135566,1
222578,1
1648,11
1648,1
269100,1
94127,1
94973,1
162490,1
57813,11
174756,18
174756,1
137522,4
137522,1
114455,18
114455,1
43609,3
43609,11
42514,1
28199,11
41557,20
41557,1
27186,11
23020,1
1712,1
1713,1
189469,1
24369,1
70391,1
259196,1
189471,1
175139,14
182415,14
152305,14
152305,1
151236,14
170039,14
170039,1
351396,14
351396,1
309156,14
309156,1
351397,14
521489,14
153971,14
267898,14
115056,14
327489,14
164123,11
164123,14
517480,14
373908,14
325544,14
517542,14
175141,14
117822,14
267896,14
164122,14
366596,14
517767,14
512278,14
366597,14
521304,14
517277,14
517645,14
325545,14
517670,14
517686,14
517392,11
517392,14
517149,11
517149,14
186761,14
517196,14
517724,14
521190,14
521297,14
517154,14
124336,5
57814,5
55243,5
105050,5
94251,1
27912,1
97068,1
285982,1
27427,1
27918,1
231633,1
27930,1
127486,1
208285,1
92177,1
231613,1
196140,1
231617,1
231640,1
231636,1
300296,1
138069,1
315298,1
52849,1
110022,1
64760,1
93599,1
526405,1
112696,1
104200,1
90434,1
210322,1
68333,1
231635,1
93600,1
156398,1
125391,1
43484,1
194753,1
27233,1
92009,1
96474,1
64370,1
95452,1
79024,1
58476,1
92243,1
27240,1
1761,1
48314,1
94764,1
231642,1
306792,1
285833,1
135951,1
323056,1
210422,1
153632,1
323941,1
86735,1
74974,1
77372,1
73726,1
68116,1
93240,1
92796,1
171031,1
89263,1
97656,1
95395,1
42227,1
91677,1
95437,1
92833,1
130455,1
71540,1
44626,1
89370,1
255349,1
78927,1
76029,1
156399,1
183820,1
75406,1
181831,1
143083,1
340745,1
340625,1
340746,1
369287,1
283819,1
139834,1
79488,1
93410,1
1758,1
93411,1
112697,1
86322,1
71820,18
71820,1
261469,18
261469,1
112600,18
112600,1
130626,18
130626,1
27436,18
27436,1
63575,18
63575,1
53224,18
53224,1
27474,18
27474,1
274493,18
274493,1
94205,18
94205,1
46410,18
46410,1
317260,1
317260,18
181504,1
181504,18
215399,1
215399,18
1800,18
1800,1
195891,18
195891,1
222624,18
222624,1
95205,18
95205,1
1802,18
1802,1
98215,18
98215,1
112734,18
112734,1
27437,18
27437,1
358895,1
244948,18
244948,1
70698,18
70698,1
241682,18
241682,1
66994,18
66994,1
244921,18
244921,1
112736,18
112736,1
89741,18
89741,1
226225,1
226225,18
1813,1
1813,18
90861,1
90861,18
27448,1
27448,18
112766,18
112766,1
228781,18
228781,1
130140,18
130140,1
250922,18
250922,1
217072,1
217072,18
1846,18
1846,1
103161,1
103161,18
92639,18
92639,1
94693,18
94693,1
284068,18
284068,1
176978,1
96340,18
96340,1
1819,1
91524,1
348420,1
180816,18
180816,1
139008,18
139008,1
80554,18
80554,1
112765,18
112765,1
27485,18
27485,1
95005,18
95005,1
89340,18
89340,1
91823,18
91823,1
62539,18
62539,1
27442,18
27442,1
98550,18
98550,1
249457,18
249457,1
256292,18
256292,1
171089,18
171089,1
227939,18
227939,1
368554,18
368554,1
227942,1
1832,18
1832,1
47943,18
47943,1
210913,1
152171,1
315796,1
351136,1
226835,1
217075,1
299477,1
210915,1
256204,1
327490,1
171399,1
256205,1
177871,1
27542,1
73684,1
64774,1
1870,1
208898,1
250467,1
42197,1
374014,1
323943,1
62713,1
279758,1
168502,1
333800,1
54716,1
1871,1
370855,1
218453,1
283444,1
317259,1
254902,1
272658,1
316689,1
68220,1
352455,1
206999,1
193257,1
124187,1
317258,1
272660,1
90309,1
365838,1
151351,1
243331,1
294578,1
299026,1
345669,1
325819,1
96169,1
238665,1
99937,1
526671,1
227216,1
358899,1
53322,1
58752,1
47807,1
70408,1
114008,1
1881,1
191121,5
79123,5
169361,1
22641,2
22641,11
22641,6
203007,1
327838,1
203008,1
521378,1
195294,1
256512,1
521090,1
272664,1
272665,1
248926,1
85945,1
317629,1
182443,1
102147,1
51273,1
275572,1
278109,1
102748,14
529831,3
529831,11
529831,14
530955,3
530955,11
530955,14
525469,3
525469,11
525469,14
526233,3
526233,11
526233,14
529833,3
529833,11
529833,14
56803,11
56803,14
181785,14
181785,11
525546,3
525546,11
525546,14
374574,14
374574,3
374574,11
87911,1
92696,14
92696,11
351810,3
351810,11
351810,14
108733,14
108733,11
108799,11
108799,14
71867,14
71867,11
529830,3
529830,11
529830,14
529832,3
529832,11
529832,14
530877,3
530877,11
530877,14
530878,3
530878,11
530878,14
530885,3
530885,11
530885,14
530914,11
530914,14
64098,1
64098,11
64098,14
203582,14
203582,11
102278,11
102278,14
236250,1
236250,3
236250,11
112196,11
112196,14
272792,11
272792,14
257060,11
257060,14
187742,11
187742,14
108379,11
108379,14
58825,11
58825,14
99116,11
99116,14
112222,14
112222,11
2029,11
2029,14
20098,11
20098,14
71337,11
71337,14
143362,11
143362,14
272800,11
272800,14
272812,11
272812,14
257064,11
257064,14
257062,11
257062,14
272784,11
272784,14
257063,11
257063,14
181811,11
181811,14
257061,11
257061,14
2054,1
303921,1
191039,1
284161,1
141226,1
367697,1
98233,1
362393,1
27846,1
298698,1
384145,1
222373,1
151238,1
203946,1
27869,1
151208,1
203959,1
377721,1
377729,1
377732,1
124649,1
377707,1
525984,1
50098,1
513811,1
513857,1
204197,18
204197,1
156539,6
198276,6
198275,6
368856,20
368856,1
239995,10
2406,10
2406,1
217655,10
271681,10
271681,1
157261,14
157261,15
157261,11
205202,15
124184,15
2472,1
24949,1
205336,1
28114,1
104238,16
104238,18
104238,1
512382,11
512382,14
90908,11
90908,14
129802,10
93664,10
97597,1
75751,1
28255,14
368944,14
28244,14
28244,11
28247,14
28247,11
205937,14
182543,14
95506,14
226078,14
176636,14
101282,14
2638,14
318581,6
2712,6
93848,6
270922,8
270922,6
333437,6
318755,6
99598,8
99598,6
313312,6
318745,6
242731,6
94539,6
313311,6
339300,6
241576,6
308039,4
2826,4
219703,4
25513,4
121631,4
103718,4
306455,4
273354,4
113936,4
105677,4
169866,4
347322,4
2830,4
206517,4
243417,1
91219,1
367699,7
500332,1
179956,1
94303,1
134761,1
51112,1
342418,1
85551,1
219953,1
327491,1
374207,1
374209,1
217077,1
124342,1
341597,1
304038,1
92993,1
281842,1
270552,1
339086,1
206602,1
2895,1
70984,1
206759,1
206764,1
2906,1
204486,7
204486,1
206243,1
344763,1
345788,1
203357,1
206674,1
374306,1
98271,1
2937,1
64301,1
97303,1
206798,1
28687,1
96408,1
135660,1
209903,1
198328,1
45325,1
206677,1
50853,1
95589,1
93512,1
240032,1
96778,1
80596,1
28691,1
90552,1
119992,1
206802,1
29191,7
206688,7
206688,1
2956,1
98227,1
254918,1
50299,1
70261,1
85755,1
241690,1
366825,1
72984,1
48595,1
65874,1
75929,1
181152,1
228981,1
219443,1
76799,1
222909,1
180986,1
111766,1
237930,1
226837,1
120442,1
120443,1
120445,1
120446,1
198336,1
171270,1
180952,1
181521,1
219444,1
168464,1
77412,1
2968,1
206808,1
190008,1
206810,1
51128,1
206812,1
2983,1
206779,1
66661,1
116033,1
182956,1
309899,1
51527,1
206814,1
2987,2
2987,11
2987,6
127301,1
127301,11
127301,3
166567,1
166567,11
308436,1
308436,11
28761,11
28761,1
94336,3
94336,1
94336,11
300809,1
177926,11
177926,1
138809,11
138809,1
308442,1
308442,11
228827,3
228827,1
228827,11
28751,3
28751,1
28751,11
372553,1
372553,11
372555,1
372555,11
378422,1
378422,11
378423,1
378423,11
372554,1
372554,11
378419,1
378419,11
361841,1
361841,11
352463,1
352463,11
352464,1
352464,11
352465,1
352465,11
352466,1
352466,11
352461,11
352461,1
352469,1
352469,11
3049,1
222919,10
222919,16
222919,18
227237,10
281209,10
281209,1
46499,10
226177,10
209483,10
89736,10
89736,16
89736,18
115791,10
115791,16
115791,18
3086,10
3092,10
3092,1
104111,10
153563,10
121614,10
121614,16
121614,18
3100,10
3100,16
3100,18
28793,10
28793,16
28793,18
86916,10
86916,16
86916,18
153887,10
208449,1
24141,1
98609,1
270933,1
183193,1
194773,1
82052,1
3233,1
28868,1
119904,1
98965,1
169178,1
307095,1
58326,1
272916,1
516737,1
75483,3
75483,1
3367,1
182824,7
182824,1
93739,7
93739,1
170635,7
170635,1
93520,7
93520,1
135504,7
135504,1
315766,1
24968,1
97111,1
210072,1
210074,1
210083,1
193092,1
3702,4
3702,1
257857,4
257857,1
210120,4
210120,1
210104,4
210104,1
45715,10
279239,1
3711,1
20494,1
513893,1
513894,1
106365,1
3715,1
77732,1
368019,1
227863,10
253990,1
277303,1
240737,1
123597,1
123389,1
325543,1
123600,1
370805,1
122761,1
123588,1
60702,1
210698,1
29251,1
233046,1
327871,1
211382,1
3782,1
61278,1
120486,1
200173,1
222992,1
120487,1
3784,1
94146,1
157678,1
211453,1
211476,1
212456,5
212458,5
212458,14
61781,1
210825,1
3839,1
3846,1
29362,6
168246,1
250611,1
226840,1
317639,2
317639,6
350368,2
504575,2
136044,1
211256,1
140310,2
140310,6
211257,1
342963,1
116315,2
116315,6
342656,1
504153,2
349474,2
317638,2
317638,6
3946,1
113782,1
287332,1
150669,1
135831,1
118431,1
165549,1
367583,1
195960,1
44904,1
115809,1
56617,1
326080,1
218981,1
194856,1
327135,2
327135,6
322228,2
322228,6
4022,1
213396,1
521826,11
521826,14
521281,11
521281,14
521160,11
521160,14
521112,11
521112,14
521829,11
521829,14
521526,11
521526,14
521365,11
521365,14
521740,11
521740,14
521709,11
521709,14
521142,11
521142,14
521782,11
521782,14
521294,11
521294,14
521247,11
521247,14
521080,11
521080,14
521707,11
521707,14
213417,1
72772,20
72772,1
51907,6
51907,14
150915,1
150915,14
150915,11
187795,1
187795,14
187795,11
507670,14
507670,11
507670,1
507119,1
507119,14
507119,11
507265,14
507411,1
507411,11
507411,14
507450,1
507450,14
507450,11
507154,11
507154,1
507154,14
507109,1
507109,14
507109,11
507342,1
507342,14
64828,14
97463,14
30562,14
213718,14
4305,1
43653,1
311205,1
320786,1
154651,1
99710,1
82741,1
195307,1
4369,1
72121,1
52420,1
89827,1
171245,1
208813,1
58807,1
211493,1
20544,7
4529,1
153698,1
529315,1
529314,1
54178,1
194170,1
218454,1
518719,1
4710,1
81197,1
517421,15
370029,15
368947,15
357259,4
241104,1
520066,1
239356,1
93366,4
169485,4
169485,1
30863,4
115630,1
115630,4
30867,4
30867,1
170367,1
170367,4
105620,1
307957,4
88095,4
88095,1
76626,4
76626,1
109118,4
109118,1
30870,1
79621,4
79621,1
49393,4
49393,1
212068,4
196337,1
196337,4
30871,1
30871,4
240178,4
240178,1
30872,4
30872,1
64668,4
64668,1
196616,4
196616,1
30874,1
154650,4
154650,1
128468,4
128468,1
48033,4
30875,4
30875,1
53500,4
53500,1
95344,1
194173,1
25737,4
25737,1
117814,4
117814,1
30881,1
30881,4
270543,4
168290,4
168290,1
51626,1
344385,4
344385,1
226348,1
242409,4
344386,1
344387,4
344387,1
170654,4
72131,4
72131,1
108111,4
378943,4
316747,4
236953,4
236953,1
300810,1
300810,4
152718,1
272864,1
95890,1
64385,1
271136,1
344388,4
344388,1
298708,4
298708,1
117830,4
117830,1
236954,1
171094,1
168509,4
168509,1
95162,4
352718,1
349779,4
349779,1
351170,4
351170,1
270557,1
352719,1
311327,4
94372,4
94372,1
25590,1
25590,4
30894,1
95163,1
53928,4
53928,1
53929,1
68511,1
66172,1
79047,4
79047,1
30895,8
30895,4
30895,1
90740,4
90740,1
48459,4
48459,1
231559,4
325131,4
325131,1
286363,4
286363,1
117123,4
93796,1
30898,4
30898,1
521934,4
521934,1
275544,1
275544,4
83436,4
217219,4
217219,1
271068,1
271068,4
117991,4
117991,1
135063,4
135063,1
350383,4
350383,1
142614,4
118138,4
118138,1
4823,1
133926,1
133926,4
88928,1
149124,1
108416,1
108416,4
253860,1
253859,4
76132,1
215277,1
215256,1
131440,1
118012,1
109592,1
57802,1
512599,1
255214,4
181716,4
231556,4
231556,10
92445,4
92445,1
117804,1
135058,1
135058,4
126645,4
170344,4
170344,1
84257,4
89746,1
89746,4
95168,1
117953,4
139194,1
231549,4
231549,1
167903,1
167903,4
4826,4
109469,1
109469,4
117965,4
117965,1
135050,4
135050,1
521651,1
117966,4
117966,1
64912,1
64912,4
272719,4
272719,1
155290,4
155290,1
56402,1
103688,4
103688,1
500004,4
101729,4
101729,1
103507,4
103507,1
228395,4
228395,1
215275,1
70622,4
70622,1
79043,4
79043,1
118082,1
118082,4
174793,4
174793,1
95717,1
67277,1
67277,4
215278,4
215279,1
51939,1
102789,4
102789,1
138472,1
137783,4
137783,1
87212,4
87212,10
117810,4
117810,1
103223,1
103223,4
118010,4
118010,1
110418,1
110418,4
117811,1
79787,4
79787,1
141459,8
141459,4
141459,1
43789,8
43789,4
43789,1
118014,4
118014,1
117812,4
334958,4
251940,4
251940,10
135052,4
215268,4
117979,4
117979,1
91552,1
91552,4
306799,4
370856,14
370856,11
134426,1
134426,11
134426,20
5091,1
5091,11
5091,20
353578,15
377094,15
341637,11
20363,11
50876,18
50876,10
50876,14
30990,10
158275,10
63995,18
63995,10
63995,14
68305,10
91044,10
54705,10
320311,1
334133,1
284503,1
5225,1
60928,14
60928,4
60928,11
82287,14
82287,4
82287,11
69036,14
69036,4
69036,11
5285,4
5285,1
5286,4
5286,1
5287,4
5287,1
105264,4
105264,1
368341,1
233084,1
317700,3
317700,1
143919,1
374709,1
143921,1
136686,1
136686,3
275880,1
263364,1
280915,1
196872,1
241150,3
241150,1
504465,1
504465,3
250279,1
77518,1
241153,3
241153,1
241484,1
241263,3
241263,1
306536,1
270721,1
344065,1
344066,1
137112,1
511544,1
511637,1
525788,1
256246,1
214469,1
183435,1
531294,1
167985,1
256242,1
379479,1
69233,1
511310,1
525524,1
531298,1
511351,1
211805,1
256249,1
371961,1
58058,1
23679,1
73161,1
64480,1
73224,1
116159,1
72701,1
318714,11
318714,14
158384,1
104193,10
114430,10
317021,10
297976,10
69769,10
5640,10
5681,1
256748,1
256748,10
227807,1
227807,10
345340,10
155917,11
108751,11
108751,1
176248,1
117441,1
307756,11
307756,1
180834,11
180834,1
193784,1
209688,1
193785,1
234040,1
193791,1
219218,1
195949,11
292524,11
292524,1
109093,11
109093,1
180837,1
180837,11
115020,1
115020,11
78954,1
66231,11
66231,1
157919,1
304373,11
304373,1
347525,11
194239,11
194239,1
234734,1
234734,11
143263,1
113185,11
113185,1
190507,1
265807,11
296411,1
361843,1
175324,1
103900,1
103900,11
252493,11
115029,11
115029,1
74429,1
161130,1
157920,1
161129,1
143266,1
157924,1
132150,1
113186,11
113186,1
72780,1
304372,11
304372,1
135668,1
324310,11
361842,1
298673,1
304374,11
304374,1
5707,1
252496,11
252496,1
297654,11
21600,1
49277,1
271849,1
85511,1
5799,1
182469,1
100137,1
504882,1
212097,1
176855,1
5800,1
99768,1
240652,1
157444,1
171268,1
28611,1
62715,1
228301,1
22601,1
229937,1
186945,1
147412,14
147412,11
191632,14
191632,11
71017,14
71017,11
297725,1
297725,4
5822,4
5826,1
5826,4
51638,4
51638,1
5829,1
5829,4
5831,1
5836,4
5836,1
129292,1
129292,4
374242,1
367724,1
359111,1
86119,1
362483,7
273579,1
378964,7
216986,1
340836,1
50896,1
348124,1
368681,1
348116,1
320152,1
370226,1
300495,1
44603,1
57854,1
61132,1
5856,1
64656,1
31809,1
5857,1
30581,1
20080,1
42026,1
113605,1
130168,1
5859,1
29564,1
194142,1
5861,1
319453,1
293747,1
55541,1
33042,1
31807,1
97206,1
150196,1
154916,1
348107,1
348125,1
376666,1
348109,1
348110,1
348113,1
319427,1
348123,1
344184,1
339206,1
319426,1
320153,1
370224,1
361693,1
5929,1
303824,1
98915,1
523181,14
523181,11
514303,14
514303,11
152039,1
168646,1
5982,1
48611,1
138265,1
5985,1
197258,1
118648,1
124304,1
6009,1
6009,8
41697,1
41697,8
241495,1
171667,14
31920,1
168293,1
59824,1
74751,1
52747,1
66691,4
66691,11
195633,5
270362,5
223284,5
73733,5
247591,5
25911,5
198014,5
179018,1
374905,1
240462,1
117960,1
525955,1
253850,1
273014,1
316311,1
364438,1
386934,1
376795,1
370700,1
370109,1
370701,1
364440,1
354187,1
317848,1
327462,1
350500,1
318744,1
353065,1
379487,1
353088,1
331255,1
380440,1
384451,1
519227,1
291144,1
336459,1
336464,1
353806,1
317255,1
336468,1
316738,1
356009,1
322204,1
353808,1
236523,1
218857,1
511797,1
511608,1
236512,1
299826,1
226845,1
368504,1
359552,1
323539,1
344850,1
250226,1
280222,1
316525,1
511727,1
511699,1
284878,1
355913,1
376792,1
376793,1
511714,1
514314,1
511896,1
355912,1
370183,1
382620,1
341825,1
298512,1
281353,1
506547,1
506809,1
525789,1
525983,1
536431,1
536424,1
387497,1
535875,1
376796,1
511533,1
345344,1
298392,1
384453,1
382281,1
382283,1
319813,1
524953,1
333866,1
291249,1
360494,1
315659,1
243583,1
349587,1
242601,1
500162,1
345325,1
357382,1
336470,1
318015,1
506630,1
357379,1
341816,1
336473,1
505306,1
374245,1
359664,1
378558,1
362019,1
505302,1
384499,1
362016,1
211129,1
374395,1
247663,1
307893,1
368901,1
317031,1
256127,1
207836,1
209583,1
212177,1
203358,1
237576,1
211394,1
358808,1
322079,1
354660,1
518118,1
240827,1
384500,1
322497,1
306758,1
317429,1
336475,1
307897,1
252157,1
234979,1
336477,1
299827,1
269586,1
521573,1
283437,1
208849,1
280229,1
307895,1
322081,1
505301,1
334667,1
258672,1
519024,1
359112,1
320143,7
320143,3
320143,1
355910,1
316206,1
351191,1
315600,1
350010,1
354186,1
316392,1
323826,1
236525,1
361241,1
505298,1
355911,1
367732,1
374243,1
374344,1
357383,1
374244,1
511330,1
367736,1
372607,1
324273,1
386742,1
364623,1
505281,1
350988,1
350011,1
315603,1
379488,1
518073,1
517998,1
380441,1
317503,1
505283,1
519406,1
384501,1
521504,1
525604,1
368685,1
367733,1
367734,1
368686,1
367735,1
505285,1
358809,1
525423,1
360225,1
374246,1
536152,1
358810,1
521320,1
384502,1
358811,1
526209,1
374346,1
511381,1
360495,1
358812,1
236524,1
521685,1
387734,1
357391,1
526230,1
505297,1
521184,1
174796,1
85689,1
253052,1
222173,1
152732,1
79523,1
256928,1
307891,1
166970,1
308100,1
228303,1
533188,1
223332,1
365025,1
312612,1
343909,1
364443,1
192522,1
219460,1
240655,1
355907,1
355906,1
211130,1
270364,1
300307,1
302882,1
363672,1
255215,1
297428,1
321446,1
143800,1
135670,1
56732,1
266170,1
97560,1
374266,1
291254,1
252055,1
318456,1
318458,1
184084,1
251963,1
285591,1
353811,1
269147,1
280593,1
317253,1
198559,1
206924,1
283060,1
307894,1
285237,1
189815,1
316551,1
211737,1
179548,1
170775,1
129741,1
228306,1
175792,1
221110,1
182537,1
321447,1
219461,1
306251,1
253677,1
241760,1
270112,1
526193,1
140036,1
176980,1
285913,1
511418,1
216907,1
179551,1
69049,1
379496,1
98455,1
116492,1
505307,1
179552,1
384452,1
318457,1
317646,1
249928,1
249170,1
252056,1
56891,1
31972,1
206882,1
207737,1
238313,1
31983,1
31984,1
121788,1
124860,1
127508,1
195964,1
52840,1
139497,1
105703,1
186732,1
98351,1
194025,1
31982,1
192278,1
122388,1
305894,10
54735,10
6410,6
6474,1
53728,1
142251,1
22014,1
42307,1
183796,1
136018,1
284951,1
168651,1
124125,1
6504,1
32097,1
263345,1
101535,15
101535,11
101535,14
101547,15
101547,11
101547,14
90699,6
333262,6
102357,1
112605,1
92352,1
79614,1
223393,1
6729,1
127096,1
298032,1
192446,1
361540,1
226162,1
240753,1
272534,1
119503,1
109744,1
525382,1
322082,1
279361,1
254104,1
525521,1
80020,7
80020,1
6778,1
50050,1
210851,1
525606,1
50051,1
525575,1
85244,1
70443,1
77242,1
286034,1
6779,1
274709,1
129742,1
110490,1
169827,1
309505,1
6785,7
6785,1
64575,1
6787,1
152344,7
152344,1
101815,1
249929,1
111678,1
53897,1
347720,1
373004,1
243426,1
80021,1
370887,1
348096,1
25532,1
524846,1
537066,1
529543,1
529691,1
536955,1
529567,1
529712,1
537128,1
529726,1
529609,1
32559,1
95846,1
285396,1
525433,1
371572,1
505219,1
110994,1
149973,1
525452,1
163701,1
308766,1
525556,1
79026,1
525424,1
521790,1
237577,1
289156,1
381186,1
520468,7
520468,16
520468,18
520468,1
63015,11
63015,4
6915,11
6915,4
194497,4
194497,1
317509,4
317509,1
300515,4
300515,1
238315,4
238315,1
307898,4
6920,4
197903,4
361738,4
361738,1
254611,4
254611,1
151243,4
151243,1
308281,4
274710,4
274710,1
51546,4
164070,4
193295,6
361652,6
252158,6
309796,6
93200,6
324801,6
361653,6
357502,1
357494,1
116990,1
227946,1
112598,1
54703,1
246129,1
23077,1
32740,1
151724,1
172368,1
44046,1
65183,1
151726,1
7088,1
89825,1
194885,1
212098,1
46103,1
223446,1
223447,1
354041,1
340640,1
209648,11
209648,1
74723,11
74723,1
183340,11
183340,1
111068,11
111068,1
181459,11
181459,1
120471,11
120471,1
502551,10
521665,10
32846,10
7180,10
306604,1
79319,1
75999,1
32864,1
90953,1
105452,1
338093,1
77722,1
76000,1
53898,1
7218,1
64363,1
7224,1
64372,1
75800,1
7226,1
7227,1
57716,1
57717,1
71137,1
183210,1
7292,1
294389,1
93123,1
206993,1
33018,4
308063,4
64121,1
64121,4
7364,4
69772,4
90389,4
201726,4
228310,4
7384,4
153133,4
7423,1
7423,4
361008,4
360343,4
133297,6
133297,11
82205,11
82205,6
366180,11
366180,6
70085,6
70085,11
98551,6
86719,6
86719,11
383584,6
383584,11
86852,6
86852,11
61461,11
61461,6
94900,11
94900,6
536784,6
90717,11
90717,6
175720,6
228701,6
44214,6
69780,6
76633,6
76633,11
526443,11
526443,6
63052,6
94864,11
94864,6
283383,11
283383,6
99790,6
52411,6
52411,11
526119,11
526119,6
93921,6
168146,6
87155,6
69112,6
69112,11
92738,6
92738,11
526114,11
526114,6
95832,6
95832,11
193044,6
193044,11
97847,11
97847,6
535876,6
307063,6
50791,6
50791,11
62179,6
62179,11
33200,11
33200,6
45060,6
45060,11
68796,6
526118,11
526118,6
78157,6
78157,11
78207,11
78207,6
135183,6
135183,11
107015,6
107015,11
69560,6
237211,11
237211,6
89399,6
168945,6
116940,6
47883,6
91023,11
91023,6
33314,11
33314,6
73107,6
73107,11
73108,6
73108,11
46744,11
46744,6
72664,6
95393,6
92630,6
92630,11
387464,6
387464,11
282602,6
282602,11
120474,11
120474,6
120475,11
120475,6
340710,1
354031,1
7598,4
113555,4
7601,4
210774,1
307825,1
369897,1
46021,1
336579,1
312723,1
312722,1
361708,1
303255,1
252514,1
282053,1
277859,1
273634,1
335640,1
63441,1
282052,1
334053,1
252153,1
237998,1
202680,1
338976,1
7765,1
279908,1
82761,1
90029,1
90029,8
294677,1
359925,1
239340,1
101916,1
59501,1
97417,1
136943,1
207964,1
385027,1
138689,1
294678,1
73963,1
105248,1
7878,1
7895,1
192449,1
7908,1
272561,1
355533,1
178559,1
268707,1
271974,1
285043,1
97634,1
236962,1
70954,1
344941,1
298375,1
47885,1
110482,1
273054,1
174811,1
317247,1
291876,1
95384,1
345149,1
382973,1
119805,1
93963,1
94021,1
65850,1
99770,1
7911,1
57229,1
97229,1
7919,1
44738,1
63918,1
7921,1
24091,1
97052,1
91748,1
247333,1
226653,1
96015,1
105634,1
151199,1
179984,1
51605,1
247337,1
111198,1
70682,11
70682,1
323395,1
152734,1
334574,1
90115,1
241300,1
79827,1
52119,1
236858,1
286070,1
7987,1
7989,1
535839,4
525530,4
525478,4
271163,4
219291,4
297262,4
325071,4
133580,4
525449,4
297263,4
525580,4
80877,4
536058,4
284674,4
54596,4
525801,4
323574,4
152241,4
152241,1
178768,4
525425,4
148441,4
525590,4
525618,4
33579,4
198201,4
289226,4
66923,4
48936,4
525555,4
290585,4
193680,4
525380,4
66782,4
525378,4
536639,4
525613,4
525552,4
525589,4
525475,4
97195,4
525564,4
93826,4
48988,4
351590,4
64973,4
8000,4
8016,4
8025,4
76826,4
357162,14
357162,11
357182,14
357217,14
357219,14
357224,14
357192,14
357240,14
355300,14
25219,15
56123,11
8204,11
46406,1
223732,2
359842,2
56869,2
78650,2
43304,2
77021,2
47380,2
53794,2
97592,2
97592,14
97592,11
55074,2
202844,2
49766,2
49766,14
111125,2
111125,11
111125,14
53071,2
53071,14
50142,1
64441,1
352427,1
220810,1
90846,1
361826,1
322085,1
205587,1
194405,1
89456,1
180512,1
92537,1
237113,1
252896,1
127493,1
323827,1
257550,1
126137,1
45030,1
237092,1
194407,1
218279,1
152206,1
205594,1
194248,1
33994,1
238476,1
8455,1
255219,1
255220,1
255221,1
226323,1
325137,1
529022,7
177512,7
39133,1
8558,1
517375,1
384879,1
80934,1
69962,1
82763,1
155692,1
39132,1
93197,3
93197,6
93197,11
8569,1
165374,1
125488,1
42034,1
322044,1
101208,1
140005,1
271419,1
127826,1
344656,1
352152,1
352153,1
323116,1
298358,1
52786,1
182129,1
373710,1
358470,1
127799,1
162365,1
127800,1
314492,1
82024,1
65580,1
298133,1
335286,1
83399,1
182957,1
314493,1
79266,1
384520,1
346076,1
272799,1
253003,1
373574,1
227658,1
300759,1
111803,1
212633,1
344659,1
251059,1
237623,1
306047,1
145963,1
270976,1
344660,1
314494,1
182960,1
179294,1
369187,1
314495,1
195333,1
48684,1
358471,1
306801,1
195091,1
358472,1
352156,1
249344,1
209339,1
220141,1
249345,1
323117,1
182963,1
314496,1
384521,1
274003,1
250848,1
324547,1
335873,1
285772,1
314497,1
87976,1
52256,1
83976,1
325326,1
299951,1
79423,1
250980,1
373711,1
335874,1
344661,1
283981,1
149062,1
256316,1
358474,1
384524,1
369188,1
344662,1
358475,1
358476,1
140009,1
249346,1
127802,1
141186,1
333867,1
384427,1
149063,1
93151,1
181131,1
198397,1
171451,1
45692,1
208371,1
317369,1
87831,1
298147,1
49321,1
323838,1
335875,1
367154,1
171018,1
170133,1
335876,1
384108,1
108128,1
369189,1
314501,1
270986,1
335877,1
127803,1
352159,1
503401,1
358477,1
358478,1
270977,1
169095,1
270091,1
325838,1
39191,1
140331,1
316467,1
285736,1
114365,1
59072,1
344664,1
182975,1
250984,1
299957,1
78932,1
270205,1
68893,1
250849,1
193310,1
182978,1
182696,1
228879,1
358480,1
110483,1
335878,1
102046,1
227659,1
102047,1
274005,1
384112,1
358481,1
151021,1
316552,1
43872,1
183848,1
344665,1
335879,1
227660,1
317097,1
170522,1
39194,1
335880,1
352160,1
138729,1
88058,1
95690,1
344666,1
352161,1
83735,1
226785,1
358482,1
300707,1
344667,1
166290,1
384525,1
71118,1
39195,1
352162,1
109667,1
104268,1
503737,1
114367,1
179832,1
297986,1
323123,1
369191,1
170134,1
344668,1
343851,1
97860,1
342918,1
122343,1
228880,1
307351,1
325883,1
42138,1
42129,1
39199,1
39200,1
109341,1
111882,1
325328,1
352164,1
317522,1
89113,1
358483,1
108687,1
335882,1
206966,1
220143,1
384526,1
206968,1
79500,1
352165,1
358484,1
352166,1
206969,1
352167,1
138730,1
228882,1
352168,1
285337,1
344670,1
369192,1
180304,1
180439,1
226445,1
359289,1
98030,1
182983,1
314509,1
504559,1
292049,1
250850,1
154508,1
153378,1
352169,1
299961,1
269381,1
90725,1
174590,1
297020,1
325332,1
169015,1
273864,1
269045,1
344671,1
369193,1
373576,1
149064,1
146216,1
326449,1
352170,1
110091,1
292050,1
358487,1
249347,1
343241,1
384527,1
384528,1
124801,1
352171,1
384529,1
369194,1
342524,1
170569,1
307969,1
285821,1
352172,1
352173,1
93868,1
298174,1
358488,1
384116,1
248785,1
300760,1
344672,1
369195,1
76683,1
55458,1
333976,1
212638,1
344673,1
369197,1
369199,1
369203,1
384118,1
296614,1
122344,1
213134,1
228883,1
335885,1
183294,1
335886,1
352174,1
316739,1
344674,1
88045,1
313647,1
344675,1
369201,1
358701,1
352175,1
195095,1
282298,1
153313,1
253067,1
369204,1
315532,1
358490,1
124802,1
358491,1
103874,1
373577,1
300725,1
299962,1
282300,1
317370,1
344676,1
325335,1
60574,1
109428,1
242472,1
246262,1
127804,1
358493,1
285773,1
208372,1
384531,1
352176,1
300708,1
344677,1
74733,1
373713,1
76072,1
252422,1
373578,1
335887,1
373714,1
384120,1
373579,1
501947,1
168514,1
137117,1
51783,1
47435,1
344221,1
502153,1
335888,1
335889,1
300761,1
220146,1
63489,1
333109,1
222320,1
352177,1
149065,1
226452,1
352178,1
174824,1
250989,1
134664,1
335890,1
99343,1
241472,1
314520,1
325338,1
138733,1
335891,1
373715,1
282301,1
249348,1
351074,1
343852,1
335892,1
306570,1
238409,1
314521,1
170135,1
344678,1
255992,1
323131,1
344679,1
270987,1
298179,1
181134,1
93549,1
70426,1
306574,1
328111,1
352179,1
177311,1
87210,1
325339,1
50383,1
111762,1
206970,1
250991,1
181135,1
373716,1
170524,1
335893,1
307141,1
335894,1
83665,1
373581,1
67514,1
369207,1
373582,1
207357,1
384533,1
323134,1
250851,1
350018,1
335895,1
384534,1
90777,1
180440,1
352180,1
352181,1
369209,1
226868,1
335896,1
314532,1
195098,1
210801,1
343853,1
300721,1
241473,1
73642,1
249349,1
135963,1
300762,1
137138,1
43755,1
182352,1
116251,1
129299,1
109071,1
137139,1
43756,1
88048,1
109650,1
250853,1
50810,1
137118,1
151201,1
108241,1
116252,1
193313,1
292066,1
63434,1
344680,1
352182,1
384124,1
344681,1
94482,1
300763,1
104724,1
71871,1
195394,1
182965,1
60741,1
169105,1
83126,1
335897,1
333110,1
299963,1
269671,1
250992,1
138736,1
343854,1
282302,1
43701,1
325342,1
250854,1
85099,1
344682,1
335898,1
138734,1
306576,1
227661,1
182968,1
352183,1
335899,1
384130,1
210802,1
113898,1
250855,1
343855,1
81081,1
343259,1
352184,1
149066,1
358495,1
384535,1
369210,1
170543,1
299505,1
384536,1
352185,1
137119,1
503039,1
85965,1
501954,1
298185,1
63633,1
352186,1
170187,1
73234,1
352187,1
212647,1
249350,1
238178,1
352189,1
115863,1
250856,1
373717,1
90983,1
242476,1
352188,1
62847,1
373583,1
369212,1
240880,1
124638,1
111010,1
238179,1
182977,1
503007,1
503113,1
228387,1
358499,1
314538,1
298367,1
344683,1
153144,1
182656,1
63178,1
63634,1
73235,1
369213,1
282671,1
352190,1
103536,1
79804,1
220149,1
238410,1
358501,1
134724,1
358502,1
352191,1
369215,1
352192,1
25678,1
344684,1
101771,1
335900,1
352193,1
111397,1
138297,1
240881,1
384131,1
169113,1
65463,1
373718,1
344685,1
299968,1
384537,1
352194,1
282307,1
39227,1
171444,1
373584,1
344686,1
368642,1
344687,1
358504,1
169115,1
207359,1
250857,1
174595,1
335901,1
238411,1
88044,1
250858,1
170570,1
250859,1
521441,1
177487,1
373586,1
228885,1
250860,1
250861,1
270210,1
250862,1
368450,1
50878,1
297987,1
335902,1
250863,1
250864,1
250865,1
352197,1
384133,1
369217,1
170919,1
103069,1
323429,1
111309,1
384538,1
204810,1
284126,1
127807,1
206972,1
335903,1
335904,1
373587,1
369220,1
179833,1
75460,1
373719,1
49525,1
91102,1
238301,1
307190,1
373588,1
369221,1
501693,1
269385,1
373589,1
352198,1
369222,1
333869,1
384134,1
352199,1
369223,1
314547,1
270096,1
358507,1
352201,1
358505,1
358506,1
62731,1
242478,1
273868,1
352200,1
503417,1
373590,1
270864,1
208375,1
179834,1
521288,1
135688,1
181195,1
83925,1
114967,1
108402,1
58661,1
103041,1
254571,1
384137,1
113062,1
316289,1
212653,1
298192,1
368555,1
154052,1
250928,1
352202,1
137120,1
384539,1
367160,1
282312,1
170571,1
343856,1
358510,1
300717,1
207360,1
87978,1
323839,1
208374,1
231457,1
376290,1
323431,1
111557,1
174597,1
249352,1
195100,1
316468,1
323147,1
298193,1
358511,1
195967,1
254573,1
197866,1
194650,1
180345,1
369225,1
325347,1
55564,1
86221,1
299972,1
195101,1
502043,1
153379,1
238413,1
325348,1
325349,1
179835,1
170525,1
270211,1
86222,1
325350,1
169097,1
369226,1
384140,1
285824,1
223791,1
134726,1
323432,1
358512,1
358513,1
127808,1
358514,1
241566,1
352203,1
316470,1
194651,1
373721,1
325351,1
149067,1
103993,1
384428,1
270098,1
137121,1
240882,1
352204,1
138300,1
207363,1
300766,1
182990,1
95734,1
212661,1
252423,1
180441,1
502902,1
195396,1
352205,1
344690,1
502950,1
314556,1
325839,1
352206,1
352207,1
314557,1
335906,1
298369,1
358516,1
373592,1
384541,1
352208,1
242481,1
212662,1
170226,1
326452,1
174599,1
316471,1
343265,1
44739,1
517669,1
166291,1
352210,1
384143,1
325357,1
335908,1
207365,1
94098,1
53034,1
193320,1
194658,1
521150,1
321452,1
344692,1
373595,1
73939,1
314569,1
59084,1
323157,1
207366,1
299992,1
89652,1
111821,1
384149,1
358526,1
307642,1
307149,1
384547,1
342525,1
373596,1
335918,1
127812,1
323159,1
358535,1
307150,1
358536,1
373597,1
103347,1
358537,1
169595,1
48792,1
96810,1
314589,1
344695,1
65076,1
149070,1
195149,1
270214,1
344697,1
369237,1
384550,1
358541,1
369238,1
222323,1
325364,1
384161,1
369239,1
244022,1
344701,1
96549,1
335335,1
343275,1
122345,1
181138,1
284358,1
358548,1
206976,1
335929,1
282672,1
314609,1
253073,1
269390,1
358551,1
61753,1
297991,1
274702,1
335934,1
244025,1
55711,1
8600,1
325841,1
325371,1
325370,1
228896,1
249358,1
92201,1
116763,1
352265,1
146223,1
352269,1
94314,1
39265,1
109653,1
103568,1
92940,1
207402,1
210807,1
169099,1
190018,1
335939,1
228899,1
352279,1
298231,1
325380,1
99538,1
69988,1
344710,1
335942,1
249360,1
220174,1
183012,1
50584,1
335946,1
384557,1
53445,1
282325,1
358579,1
109736,1
214219,1
214218,1
160399,1
207415,1
344712,1
369244,1
369245,1
300224,1
352298,1
358582,1
207420,1
384173,1
92421,1
324429,1
168786,1
138309,1
170552,1
175221,1
53035,1
183026,1
344713,1
343290,1
358591,1
333115,1
344715,1
91388,1
124803,1
300455,1
99052,1
121918,1
153151,1
166292,1
335347,1
333871,1
335957,1
249363,1
138313,1
283976,1
352319,1
94431,1
314678,1
195156,1
358601,1
373615,1
384568,1
180444,1
328113,1
352325,1
136766,1
314683,1
166293,1
197282,1
39285,1
138316,1
537121,1
257066,1
344723,1
344724,1
64933,1
314688,1
108243,1
352331,1
369255,1
373736,1
335961,1
384573,1
521218,1
213340,1
237629,1
226354,1
298295,1
98037,1
170555,1
272809,1
285344,1
129699,1
314771,1
297904,1
358611,1
228911,1
250932,1
236772,1
284127,1
42130,1
103282,1
154140,1
314779,1
298300,1
270222,1
181143,1
100014,1
323437,1
87985,1
104051,1
358704,1
222332,1
244046,1
298306,1
108682,1
215019,1
373742,1
220177,1
47592,1
298308,1
113899,1
352342,1
183073,1
252428,1
211531,1
140011,1
103747,1
78189,1
129301,1
170533,1
249369,1
323844,1
358623,1
127151,1
104725,1
129313,1
367158,1
177484,1
153159,1
335978,1
183048,1
314797,1
358627,1
99494,1
183050,1
250880,1
358630,1
89090,1
108558,1
181209,1
373633,1
149079,1
325412,1
169117,1
81861,1
300753,1
325413,1
228917,1
201499,1
153153,1
359298,1
63952,1
384212,1
108728,1
358638,1
358639,1
314811,1
110009,1
314812,1
219635,1
253082,1
314837,1
517413,1
384587,1
369275,1
344741,1
300754,1
314815,1
358649,1
207434,1
47944,1
300755,1
328115,1
335990,1
196723,1
365134,1
373073,1
365135,1
366099,1
386759,1
505228,1
373074,1
505226,1
505227,1
253083,1
352379,1
334672,1
282350,1
344748,1
502037,1
39303,1
358658,1
71574,1
352387,1
178336,1
300037,1
373641,1
102975,1
344750,1
270226,1
181151,1
352391,1
212765,1
244073,1
350708,1
69930,1
504042,1
384620,1
384621,1
365133,1
504513,1
380640,1
384623,1
384624,1
384625,1
365136,1
181210,1
52255,1
146356,1
8618,1
8621,1
92888,1
161046,1
214185,1
325645,1
101935,1
8628,1
115202,1
375064,8
375064,1
187874,14
516867,14
516867,11
516874,14
516874,11
516876,14
142724,1
142724,11
303117,1
361623,1
303118,1
361624,1
345063,1
303121,1
212767,1
303127,1
303130,1
303131,11
303131,1
316924,1
303144,1
368978,1
303148,1
303151,1
361625,1
303156,1
314449,1
159195,1
292724,1
102200,1
93627,1
8691,1
127474,1
8723,1
105628,1
121650,1
109382,1
48513,1
92280,1
369161,1
43573,1
113777,1
505240,1
8707,1
82279,1
178355,1
124768,1
44979,1
187291,1
40511,1
8793,10
40577,1
91999,1
67486,1
252178,1
45834,1
95289,1
222196,1
105136,1
42916,1
67124,1
81656,1
136775,1
50137,1
137173,1
93227,1
326501,1
22655,1
112961,1
91513,1
294827,6
522591,6
269033,6
376893,6
376379,6
506772,6
357098,1
356916,1
356921,1
356925,1
356928,1
356946,1
357001,1
356911,1
357093,1
217002,1
159312,1
357048,1
357056,1
357032,1
361638,1
357051,1
357055,1
357060,1
522362,1
40852,4
40852,11
179646,1
233559,6
233559,18
25705,10
113408,1
9159,1
102094,1
68096,1
101836,1
24731,1
526097,1
70720,1
519303,1
227501,1
49031,1
140189,1
108386,1
526091,1
525968,1
174283,1
45212,1
166688,1
212240,1
152636,1
89183,1
141489,1
173135,4
173135,1
119235,1
210737,1
272901,1
187211,1
128993,1
79404,1
212241,1
326095,4
326095,1
525958,1
196508,1
181617,1
109166,1
110053,1
46592,1
352881,1
336216,1
352883,1
83340,1
372699,1
378477,1
378475,1
316609,1
64415,1
360281,1
269461,1
66025,1
352884,1
103574,1
259787,1
352885,1
66026,1
336217,1
76013,1
336218,1
368924,1
300006,1
316610,1
316611,1
300007,1
349802,1
360282,1
141506,1
141508,18
141508,1
519019,1
194143,1
56185,1
161120,1
85455,1
180476,1
128592,1
197923,1
97411,1
44226,4
44226,1
166081,4
166081,1
42988,1
202509,1
156688,1
526076,1
161125,1
315998,1
519290,1
195836,1
78076,1
46354,1
102784,1
42558,1
299614,1
164849,1
46138,1
56267,1
128594,1
94586,1
65606,1
260337,1
260337,18
70429,1
374300,4
374300,1
48432,1
63510,1
526039,1
172258,1
133442,1
53635,1
141523,1
99135,1
367367,18
367367,1
260620,18
260620,1
260699,1
270573,1
183782,1
151435,1
141356,1
83030,1
121636,1
362281,1
525734,1
379010,1
519963,1
228480,1
525264,1
378187,1
109109,1
43295,1
141532,18
141532,1
172274,1
66006,1
181084,1
525830,1
175325,1
80357,1
151430,1
263461,1
361019,1
158840,4
158840,1
141533,1
119236,1
521720,1
261146,1
268168,1
261215,1
75752,1
520670,1
227518,1
55744,1
129008,1
75980,1
525973,1
261357,1
49801,1
521657,1
151459,1
176351,4
176351,1
328370,1
78695,1
316149,1
181010,1
518062,1
228491,1
261573,1
94807,1
69937,1
228492,1
65800,1
106033,1
261604,4
141543,1
93655,1
137266,1
50193,1
84339,1
525241,1
151671,1
140190,1
231566,1
231578,1
242887,1
525291,1
261818,1
101706,1
162547,1
163491,1
103697,1
170292,1
103208,1
44855,1
124764,1
141562,18
141562,1
58823,1
520769,1
302036,1
47955,1
521556,1
151153,1
151153,4
262024,1
269686,1
132471,1
69655,1
526050,1
161128,1
525814,1
525711,1
228503,1
519089,1
525152,1
141570,1
141571,1
217374,1
175954,1
78124,1
176054,1
74885,1
525338,1
195846,1
307515,1
525770,1
262360,1
526070,1
212079,1
140338,1
182967,4
182967,1
131235,1
129019,1
87649,1
262427,1
141576,1
76153,1
206537,1
520740,1
218875,1
250896,1
81574,1
262514,1
351123,1
314636,1
526098,1
64612,1
518949,1
228512,1
81277,18
81277,1
316015,1
526025,1
61157,1
262603,1
141581,1
316016,1
111613,1
140375,1
109654,1
77937,4
77937,1
155717,1
52140,1
227552,1
61287,1
307521,1
525898,1
520376,1
141586,1
91073,1
163494,1
525872,1
324635,1
283766,1
86516,1
90511,1
151485,1
525959,1
324636,1
102271,1
262949,18
262949,1
161121,1
79758,1
525749,1
526014,1
221994,1
263083,1
80439,1
137269,1
263119,18
263119,1
316019,1
197924,1
71870,1
83019,1
139631,1
263624,18
263624,1
257900,4
257900,1
236623,1
285174,1
231529,1
74896,1
176578,1
87640,1
47330,1
240602,1
218878,1
510837,1
525710,1
241072,1
319498,1
75294,1
72703,1
181098,1
518437,1
525812,1
525755,1
132470,1
50126,1
84302,1
176009,1
175326,1
59503,1
316023,1
264849,1
518534,1
525682,1
162399,1
228199,1
518018,1
183559,1
181649,1
163492,1
141624,1
71367,1
163493,1
517458,1
518606,1
82542,1
522022,1
521213,1
519126,1
250304,4
250304,1
525800,1
126029,1
328365,1
525352,1
64989,1
367646,1
119007,1
84729,1
520933,1
525234,1
286497,1
179476,1
141637,1
228534,1
378995,1
265267,18
265267,1
84319,1
525922,1
521649,1
518414,1
525818,1
525845,1
285184,1
83579,1
180211,1
209136,1
107940,1
141642,1
525686,1
151486,1
318176,1
58538,1
44034,1
70222,1
57247,1
265463,1
108742,1
228537,1
65690,1
141647,1
77285,1
119237,1
525772,1
521363,1
75803,1
265621,1
112277,1
343012,1
56058,1
526130,1
212269,1
360902,1
168124,1
119238,1
63785,1
231573,1
181108,1
42458,4
42458,1
79578,1
140342,1
141657,1
383236,1
42840,4
42840,1
147787,1
69321,1
181109,1
525701,1
198610,1
70446,1
81316,1
231571,1
333810,4
333810,1
62632,1
87750,1
378188,1
151689,1
266220,1
266235,1
323541,1
526046,1
161127,1
158156,1
54465,1
119249,1
180218,1
96128,1
96128,18
518920,1
110636,1
119250,1
266408,1
266408,18
85476,1
228546,1
92241,1
92241,18
250891,1
83956,1
44859,1
316036,1
318185,1
324641,1
329273,1
266482,1
525775,1
52536,1
52536,4
43002,1
307545,1
525907,1
228549,1
286527,1
48449,1
119240,1
141460,1
333963,1
119242,1
141680,1
249459,1
250770,1
526063,1
141682,1
170989,1
525673,1
150842,1
76211,1
53074,1
57596,1
525685,1
71932,1
119251,1
141687,1
103575,1
95698,1
128608,1
266897,18
266897,1
107739,1
536312,1
520722,1
176579,1
241464,1
65110,1
108975,1
59764,1
525926,1
74900,1
308050,1
525884,1
318188,1
178886,1
337428,4
337428,1
378994,1
85491,1
102444,1
520227,1
65529,1
59215,1
83135,1
109810,1
362286,1
51503,1
84824,1
525949,1
44671,1
526186,1
521336,1
525203,1
54112,1
65001,1
42219,1
104716,1
267309,1
137272,1
112276,1
353930,1
79343,1
285203,1
110612,1
44356,1
59122,1
67668,1
181118,1
525981,1
87833,1
521742,1
152650,1
383251,1
525901,1
525309,1
227575,1
525719,1
195861,1
43257,1
316044,1
212276,1
378221,1
46816,1
102717,1
77300,1
65557,1
49820,1
519413,1
111877,1
111807,1
520546,1
228569,1
65311,1
205683,1
84759,1
80536,1
141716,18
141716,1
75781,1
273614,1
525847,1
186806,1
81071,1
67826,4
67826,1
141719,1
49002,1
105794,4
111570,1
78797,1
264249,1
344359,1
9205,1
159383,1
46667,1
271472,1
9226,1
253163,1
9239,1
9240,1
101968,1
54375,1
228465,1
228465,18
349400,1
197135,1
48881,1
48881,18
109101,18
109101,1
521738,1
103648,1
103648,18
104616,1
384639,18
384639,1
384641,18
384641,1
525520,1
368558,1
196282,1
103638,1
521804,1
112236,18
112236,1
170575,1
99649,1
103361,18
103361,1
114621,1
114621,18
67060,18
67060,1
119243,1
253680,1
138704,1
351921,1
209650,1
153513,1
89250,18
89250,1
119244,1
109664,18
109664,1
109971,1
108473,18
108473,1
141800,18
141800,1
148145,18
148145,1
54037,1
113578,18
113578,1
104246,1
367771,18
367771,1
192383,18
192383,1
82262,1
82262,18
34133,1
34133,18
119245,18
119245,1
324062,1
34119,18
34119,1
113575,18
113575,1
117528,18
117528,1
60189,1
113576,18
113576,1
48635,1
48635,18
277875,1
277875,18
155595,18
155595,1
166477,18
166477,1
151694,1
151694,18
151695,18
151695,1
250192,18
250192,1
329230,1
329233,18
329233,1
195855,18
195855,1
307873,18
307873,1
155596,18
155596,1
109190,18
109190,1
77188,18
77188,1
88944,18
88944,1
60464,1
52574,1
52574,18
99775,18
99775,1
192384,18
192384,1
22914,1
9250,1
93688,18
93688,1
141739,18
141739,1
58091,1
9256,1
238318,1
169497,1
306804,1
226176,1
228158,1
209048,1
306805,1
223988,1
292251,1
92900,1
9268,4
223989,4
223989,1
9271,1
9273,1
20229,1
73951,1
66028,1
9289,1
9294,18
9294,16
9294,1
231293,18
231293,1
97450,1
97450,18
90754,1
138705,1
138705,4
302067,1
101241,1
9319,1
66611,1
95372,1
121458,1
9324,1
142603,1
9326,1
58239,1
95600,1
92302,1
9328,1
95370,1
198420,1
141761,1
22340,18
22340,1
368580,1
110748,1
110748,18
9352,1
118605,1
9355,1
84937,1
112242,1
120567,1
130991,18
130991,1
181321,1
92024,1
61146,1
67754,1
155143,1
112972,1
58101,1
158158,1
98339,1
61158,1
112974,1
81113,1
228265,1
77451,1
91014,1
69922,1
196996,1
384647,18
384647,1
94076,1
55421,1
382708,1
156514,1
119247,1
119248,1
241368,1
68794,1
93029,1
83202,1
71253,1
220905,1
81808,1
267314,1
92284,18
92284,1
272536,1
111222,1
116155,1
113957,1
9366,1
94160,1
117749,1
97490,1
91360,1
9380,1
44899,1
9387,1
9397,16
9397,18
9397,1
139963,1
323547,1
97508,18
97508,1
102406,18
102406,1
179484,16
179484,18
166486,18
166486,1
101400,1
103340,1
9405,18
9405,1
154520,4
154520,1
522036,4
522036,1
303206,1
117777,1
280371,10
9674,14
9674,15
9674,11
109735,15
9702,15
75013,1
186808,1
207487,1
138635,1
53810,1
42485,1
523474,15
284128,1
526020,1
61000,1
350994,1
244928,1
110161,1
172458,1
314039,1
83783,1
367773,1
59812,1
73148,1
504580,1
70316,1
283381,1
47141,1
47142,1
77224,1
85050,1
61980,1
283358,1
58384,1
521721,1
316998,1
108283,1
259064,1
316741,1
210889,1
243486,1
183198,1
99489,1
216356,1
358852,1
208318,1
90830,1
322091,1
78532,1
89833,1
316999,1
108244,1
521569,1
81817,1
194963,1
384668,1
322092,1
317398,1
316742,1
536125,1
384667,1
536812,1
296757,1
334812,1
384669,1
155068,1
91489,1
279104,1
327993,1
216028,1
83293,1
98075,1
142546,1
51397,1
331285,1
376995,1
365183,1
377234,1
100146,1
221943,1
370956,1
331306,1
313896,1
365184,1
375961,1
103967,1
178357,1
87671,1
236188,1
253852,1
100350,1
112061,1
291154,1
43405,1
211634,1
247936,1
314037,1
82334,1
368923,1
83784,1
22899,1
9765,1
67763,1
134907,1
137797,1
9767,1
220558,1
9778,11
9779,11
9779,1
85947,11
85947,1
337985,11
93959,1
68151,1
89214,1
9860,1
75050,1
198437,6
101693,6
292845,6
196420,6
327551,6
166697,6
229309,6
197138,6
175774,6
175774,11
287693,6
100239,6
287931,1
287931,6
201925,6
319572,6
117183,6
324109,6
269229,1
269229,6
306994,6
329312,6
163301,6
163301,11
61298,6
61298,11
150725,6
150725,11
69265,6
69265,11
180353,6
169619,6
48571,6
48571,11
153814,6
153814,11
201593,6
209513,6
97556,6
48239,6
59016,6
363673,6
210795,6
76707,6
218196,6
536484,6
523343,6
62534,6
335639,6
379486,6
253643,1
299834,1
307110,1
335738,1
291704,1
74281,1
296397,1
157679,1
327874,1
218051,1
100453,1
197620,1
218052,1
32804,1
42887,1
64858,1
316692,1
194797,1
192867,1
84815,1
327304,1
325143,1
356293,1
298104,1
73156,1
116271,1
105038,1
63102,1
382540,1
94524,1
511294,1
57080,1
94658,4
10004,4
296595,6
268906,10
169504,1
224095,1
103054,1
306471,1
10064,1
87127,1
56246,1
84510,1
106356,1
51130,1
211595,1
254787,1
297866,1
251884,1
10071,1
197218,11
197218,1
196544,11
196544,1
190988,11
190988,1
190987,11
190987,1
10096,11
10096,1
197732,11
197732,1
268829,1
10099,1
359784,4
359784,1
343928,4
343928,1
506936,4
506936,1
342392,4
342392,1
328299,4
252580,4
252580,1
229137,4
229137,1
98752,4
98752,1
297347,4
297347,1
224103,4
224103,1
375290,4
375290,1
333811,4
333811,1
331282,4
331282,1
90782,4
363352,4
363352,1
371648,4
328808,4
260642,4
260642,1
500609,4
500609,1
331281,4
355355,4
371104,4
371104,1
371147,4
371147,1
133048,4
383380,4
374927,4
374927,1
90707,4
90707,1
257740,4
50367,4
50367,1
311036,4
344501,4
344501,1
312565,4
371137,4
360559,4
374929,4
374929,1
62581,4
278068,4
278068,1
375298,4
375298,1
367779,4
367779,1
506937,4
506937,1
90726,4
221595,4
221595,1
351611,4
351611,1
375300,4
375300,1
375301,4
375301,1
375303,4
375303,1
375305,4
375305,1
275332,4
308812,4
308812,1
275335,1
275335,4
326496,4
326496,1
67232,4
67232,1
344507,4
344507,1
115579,4
115579,1
85718,4
85718,1
113837,4
369301,4
369301,1
178231,4
178231,1
275568,4
269873,4
269873,1
313016,4
313016,1
257985,1
257985,4
377003,4
377003,1
374931,4
374931,1
375962,4
375962,1
257739,4
257739,1
371191,4
355216,4
107018,4
107018,1
351626,4
351626,1
345436,4
344511,4
344511,1
305057,4
179907,4
238022,4
297282,4
297282,1
213979,4
213979,1
177176,4
147489,4
147489,1
340925,4
340925,1
182725,4
209138,4
209138,1
367780,4
351328,4
351328,1
275387,4
275387,1
235374,4
326101,4
326101,1
375318,4
375318,1
371669,4
112945,4
112945,1
258015,4
258015,1
337464,4
337464,1
252590,4
311455,4
241771,4
241771,1
375321,4
375321,1
258019,4
258019,1
358856,4
358856,1
356275,4
356275,1
45453,4
135235,4
135235,1
371103,4
371103,1
371148,4
371148,1
355354,4
359175,4
10151,4
10151,1
92383,4
92383,1
212565,4
255040,4
107186,11
107186,4
10201,4
358773,4
10216,4
361048,4
22865,4
10234,4
10234,1
10253,4
23037,4
23037,1
224135,4
224135,1
10267,4
94149,4
10280,1
534871,1
534157,1
10284,1
10285,1
286944,1
120604,1
71750,1
85500,1
299918,1
10291,1
55263,1
58211,1
319295,1
159598,1
82859,18
82859,1
60974,1
212183,1
53342,1
58463,18
58463,1
270584,1
190584,1
96062,1
242441,18
242441,1
199961,1
191843,1
179064,1
67724,1
85914,1
197303,1
90393,1
86643,1
60865,1
522360,1
10394,18
10394,1
229769,18
229769,1
336523,18
336523,1
352454,18
352454,1
231206,18
231206,1
152142,1
119988,18
119988,1
64200,18
64200,1
92412,1
154431,1
25633,1
118460,1
519257,1
384676,1
168680,1
128253,1
90532,1
113394,18
113394,1
195578,1
25671,1
198439,1
81030,1
280912,1
375964,18
375964,1
231199,1
231204,1
231205,1
256822,1
231207,1
359116,1
345066,1
231198,1
229761,1
231214,1
231184,1
506719,1
506572,1
506623,1
26076,1
384677,1
384678,1
135360,1
229763,1
345065,1
242187,1
506686,1
506545,1
505406,1
10555,1
248688,1
237815,1
85006,1
149030,1
126534,1
529147,1
193243,1
237818,1
94101,1
202272,1
178146,1
110034,1
202273,1
175173,1
86359,1
45712,1
50311,1
251479,1
373163,1
339513,1
324022,1
511380,1
525980,1
24038,7
197736,1
194178,1
159640,7
128275,1
212865,1
10577,1
54087,10
58046,1
51793,10
138522,1
87304,10
196545,1
195900,7
195900,1
10600,1
219764,1
56144,1
126034,1
359380,1
19807,7
19807,1
88271,7
88271,1
10603,7
10603,1
116327,7
116327,1
62435,1
293209,1
10605,1
215135,1
216347,1
194188,1
138716,1
293207,1
71559,4
71559,11
294263,4
294263,11
26093,16
26093,18
26093,1
314617,16
314617,18
314617,1
229904,1
227785,1
76986,1
137440,1
77007,1
239687,1
60229,1
45228,1
25466,1
113966,1
91828,1
61125,1
136655,1
226851,1
10642,1
102703,1
97898,1
44122,1
81686,1
135423,1
180795,1
111066,1
51160,1
84209,1
84209,18
22219,1
220064,1
325435,1
106172,1
268970,1
10797,1
193653,1
90820,1
253378,6
238293,6
82711,1
48284,1
118975,1
194225,1
334147,1
175001,1
174993,1
240754,1
153112,1
286273,1
194492,1
294753,1
294752,1
337998,1
111201,1
108810,1
102187,1
81570,1
139004,1
293210,1
64377,10
205465,10
388788,10
273900,10
11040,1
11040,20
241024,1
189961,1
69278,1
319017,1
136893,1
136893,20
100475,1
100475,20
319018,1
159816,20
159816,1
523599,1
11143,7
11143,16
11143,18
11143,1
46734,1
533419,10
86198,10
279653,10
11170,10
187256,10
270588,10
241096,10
86082,10
80050,1
69183,1
525192,1
89264,1
344247,1
75448,1
524476,1
524519,1
176983,1
118742,1
118190,1
110115,1
372780,1
372781,1
70207,1
46984,1
54221,1
79680,1
103605,1
116634,1
524561,1
52264,1
61537,1
104430,1
85669,1
74042,1
116636,1
120203,20
120203,1
52990,1
67779,20
67779,1
249891,1
249891,20
120204,1
120204,20
11181,1
11181,20
11184,1
224277,1
180337,1
169166,1
195779,1
195779,20
120209,20
120209,1
367356,1
352118,1
336044,1
120210,1
120210,20
120217,1
120217,20
154320,1
120225,20
120225,1
187271,4
187271,1
11203,4
11203,11
301062,4
301062,11
11211,1
170542,10
91092,4
120922,4
74664,4
108645,4
511600,4
89387,4
180372,4
218918,4
136619,4
120767,4
294236,4
120934,4
280381,4
167008,4
87332,4
109293,4
307659,4
77868,4
67975,4
183633,4
52581,4
120147,4
165764,4
11344,4
324481,4
504328,10
202303,10
167935,10
302109,11
302109,14
237566,11
307337,1
226778,1
242641,1
254590,1
174891,1
360284,1
362678,1
72558,1
11497,1
113331,1
61067,1
335462,1
66115,1
345383,1
66178,1
518517,1
11502,1
359931,1
326001,1
212043,1
58041,1
11504,1
112239,1
67737,1
270994,1
271527,1
249806,1
219160,1
243646,1
108725,1
152753,1
57765,1
135003,1
179933,1
210479,1
274084,4
274084,11
126570,4
126570,11
56079,4
56079,11
503796,4
103187,4
103187,11
387439,4
303937,4
303937,11
11573,11
11573,4
11724,1
270589,1
82519,1
170073,1
76938,1
104768,1
43240,1
58730,1
82520,1
116639,1
131077,1
102429,1
386421,1
386423,1
386427,1
386695,1
386698,1
386700,1
386729,1
386711,1
386443,1
386444,1
386447,1
386725,1
386701,1
386696,1
386699,1
386712,1
386730,1
62868,1
25533,1
25145,1
125377,1
91381,1
124690,1
524327,10
309454,1
68206,1
41899,1
41899,6
49538,10
49538,1
60428,10
60428,1
67512,4
67512,1
67222,4
67222,1
71956,4
71956,1
51677,4
51677,1
360047,1
121891,1
121891,20
41749,1
41749,20
79411,1
11919,20
11919,6
11919,1
76433,1
76433,20
116722,1
116722,20
89180,1
89180,20
118290,1
118290,20
512602,4
308218,1
53721,1
11976,11
11976,1
67738,10
280048,10
11999,5
11999,18
56146,4
56146,1
56146,14
70266,4
70266,1
70266,14
284882,4
284882,1
284882,14
80525,2
80525,11
332141,2
332141,11
196520,1
316049,1
150807,1
316056,1
327482,1
55058,1
53636,1
55364,1
111341,1
316051,1
56093,1
219589,1
72668,1
219611,1
307697,1
67125,1
134911,1
53570,1
59832,1
12179,1
285434,10
315252,10
366636,10
366636,1
366637,10
271608,10
47941,10
359087,10
368056,10
368056,1
366115,1
366219,1
366228,1
366270,1
366373,1
366388,1
517817,1
366454,1
366499,1
366507,1
366528,1
366533,1
366789,1
366793,1
364742,1
73109,1
216529,1
115877,1
226734,1
221599,1
50405,1
47333,1
83221,1
55308,1
253197,1
50943,1
298412,1
53140,1
12288,1
12304,1
12351,1
206069,1
82273,1
59357,3
59357,11
59357,14
79890,6
116237,6
83501,3
83501,11
119280,11
119280,14
190310,3
190310,11
190310,14
101431,11
101431,14
12387,3
12387,11
12387,14
224453,3
224453,11
224453,14
67676,11
67676,3
67676,14
58518,1
211711,3
211711,11
43532,11
43532,3
84982,16
84982,18
43919,16
43919,18
52980,16
52980,18
129843,16
129843,18
271611,10
271611,1
99809,1
226740,1
46091,1
69152,1
57805,1
54748,1
53326,1
66297,1
186836,1
271892,1
359467,1
73585,1
190291,1
306960,1
346911,1
142987,1
109796,1
55164,1
58395,1
89434,1
221098,1
94480,1
59076,1
96560,1
316395,1
112739,1
44518,1
53574,1
59077,1
226741,1
504918,1
260764,1
226541,1
324596,1
226742,1
300256,1
97126,1
58280,1
98542,1
54280,1
380515,1
380517,1
380518,1
226542,1
224475,1
50157,1
152354,1
96971,1
109020,1
84025,1
286108,1
371674,1
318941,1
57085,1
124520,1
57086,1
42268,1
51319,1
65884,1
77352,1
253206,1
69856,1
195829,1
91204,1
226743,1
226744,1
55251,1
109585,1
253207,1
57049,1
62970,1
79703,1
297350,1
252019,1
60827,1
387379,1
83799,1
93100,1
320871,1
310706,1
78944,1
227800,1
196177,1
152998,1
191191,1
191192,1
152999,1
287101,1
227801,1
153002,1
227802,1
153004,1
153005,1
153006,1
197729,1
227803,1
227804,1
339764,1
318543,1
153010,1
162416,1
191193,1
162406,1
298382,1
191194,1
339774,1
162414,1
194313,1
162404,1
163860,1
153012,1
227805,1
316744,1
42185,1
128951,1
91495,1
224487,1
324844,1
44142,1
105193,1
331613,1
52998,1
68073,1
61638,1
65885,1
275950,1
80875,1
47310,1
49363,1
54078,1
87793,1
140038,1
67036,1
42948,1
79704,1
79705,1
89778,1
95781,1
81945,1
75884,1
298383,1
95191,1
253208,1
248656,1
258801,1
298384,1
90054,1
113469,1
224490,1
345237,1
196338,1
325147,1
226745,1
65754,1
73880,1
211553,1
169971,1
231316,1
142547,1
135098,1
135099,1
154760,1
310705,1
322030,1
380516,1
306892,1
380519,1
84904,1
12434,1
12440,1
224492,1
94702,1
12449,1
367669,1
139980,1
279246,1
47812,1
501778,1
502580,1
171691,1
66754,1
77364,1
224493,1
224494,1
271613,1
33479,8
33479,1
12465,1
72814,1
70121,8
70121,1
99178,1
224497,1
33480,1
12460,1
311847,14
342386,6
342937,6
376264,1
345008,1
351092,1
116282,1
514450,1
255724,1
136313,1
376306,1
50281,18
50281,1
64992,1
47092,1
49200,1
351842,1
224502,4
64701,1
531192,11
531192,14
368067,11
368067,14
12617,11
12617,14
119647,11
119647,14
259201,1
216995,1
279659,10
12689,5
12689,14
212457,5
279624,10
522887,10
279623,10
12691,10
210152,1
504839,1
12709,1
319888,1
252005,1
296643,1
306961,1
273524,1
521167,1
521149,1
153784,1
12711,1
85220,1
49019,1
97818,1
101720,1
175184,1
150435,1
225997,1
105104,1
100095,1
116708,1
57949,1
137058,1
64593,1
95328,1
70997,1
343803,1
339524,1
70752,1
184195,1
184197,1
72974,1
91405,1
50917,1
248773,1
298520,1
316555,1
135980,1
91520,1
298148,1
336285,1
124816,1
102108,1
47711,1
184213,1
53476,1
309935,1
103892,1
510747,1
74314,1
525642,1
44787,1
270754,1
211840,1
138494,1
92188,1
62805,1
272939,1
49659,1
343378,1
54046,1
265992,1
115888,1
68986,1
56967,1
294051,1
359137,1
306910,1
306908,1
358733,1
43782,1
265993,1
184220,1
209144,1
98606,1
120500,1
503762,1
503762,6
504075,1
504075,6
504120,1
504120,6
504224,1
504224,6
504393,1
504393,6
504491,1
504491,6
503884,1
503884,6
504442,1
504442,6
504369,1
504369,6
51156,1
286945,1
219766,1
12881,1
134799,1
116942,1
168483,1
101796,1
254538,1
60174,1
102370,1
46891,1
96263,1
80533,1
116720,1
86717,1
280018,10
280019,10
13262,1
13262,14
228773,1
201926,1
69482,1
108868,1
59462,1
55061,1
13380,1
130509,1
104892,1
213912,1
59294,1
117560,1
343630,1
343204,1
47859,1
96346,1
105239,1
169930,1
100522,1
59434,1
44658,1
13391,1
122460,1
363800,1
214960,1
115423,1
182797,1
13405,1
73765,1
42568,1
13406,1
171646,1
219494,1
274659,1
101437,1
88952,1
13415,1
51919,1
84179,1
175269,1
44819,1
127348,1
117317,1
44820,1
226855,1
334492,1
13420,1
251956,1
241413,1
42562,1
263327,1
114674,1
168740,1
45722,1
64357,1
242807,1
45884,1
134914,1
13442,18
13442,1
13447,1
93035,5
93035,14
13453,5
95736,5
224611,5
220835,1
300435,1
300435,18
56032,18
56032,1
42600,18
42600,1
58701,18
58701,1
273137,18
273137,1
83001,18
83001,1
20076,18
20076,1
207824,18
207824,1
285805,18
285805,1
285059,18
285059,1
13772,1
13772,18
13779,1
13779,18
75168,18
75168,1
126542,1
168396,18
168396,1
271636,1
271636,18
212593,18
212593,1
211819,18
211819,1
505086,1
505086,8
90564,1
90564,18
116049,1
116049,18
23854,1
23854,18
115728,1
115728,18
13860,18
13860,1
91331,1
91331,18
534068,8
534068,1
219639,1
219639,18
100581,1
20808,1
20808,18
13909,18
13909,1
251460,1
181961,1
112744,1
151408,1
195780,1
180490,1
271304,1
14335,1
97224,1
122352,1
50360,1
233587,1
64389,1
205742,1
102020,1
73869,1
217981,1
295560,1
135764,1
153945,10
322712,9
145334,9
319434,9
376918,9
284368,9
139702,9
203426,9
386956,9
118515,9
126496,9
126938,9
44891,9
377667,9
218459,9
127716,9
348010,9
150744,9
39648,9
500666,9
147174,9
171327,9
203373,9
203367,9
275263,6
309882,9
337755,9
94576,9
67093,9
162456,9
127667,6
127667,9
126979,9
120565,9
120565,6
505137,9
376956,9
376956,6
129584,9
218076,9
139474,9
61587,9
322801,9
283499,9
306049,9
306049,6
339377,9
357994,9
176176,6
176176,9
347555,9
518346,9
518346,6
519617,9
519617,6
527335,9
527335,6
520734,9
520734,6
519927,9
519927,6
145583,9
519618,9
519618,6
500664,9
312184,9
502436,9
176178,9
127671,9
128764,9
92605,9
118585,9
128172,9
119878,6
119878,9
248831,6
120968,9
179663,9
179658,9
127539,9
128775,9
300678,9
15981,9
330717,9
203216,9
361059,9
378162,9
500674,9
333362,9
330738,9
301283,9
127066,9
164141,9
302713,9
145159,9
118492,9
348308,9
118401,9
130007,9
118489,9
164495,9
285544,9
89143,9
360987,9
346230,9
97179,9
228008,9
129591,9
90548,9
302678,9
311331,9
321840,9
346214,9
250346,9
318078,9
214584,9
263285,9
98491,9
73027,9
219850,9
287497,9
247596,9
145595,9
139627,9
286827,9
286827,6
120973,9
281370,9
281370,6
360054,9
312185,9
332037,9
322803,9
360060,9
218131,9
388174,9
376270,9
280497,9
157632,9
162254,9
203429,9
127929,9
133823,9
113121,9
103386,9
370813,9
370813,6
376957,9
376957,6
218460,9
201638,6
201638,9
345541,9
137889,9
384802,9
218124,9
347569,9
91324,9
330718,9
118587,9
376273,9
388279,9
161150,9
95951,9
309247,9
218077,9
349020,9
522454,9
168013,9
104402,6
104402,9
91049,9
332003,9
359937,9
349136,9
133963,9
96040,9
347567,9
39807,9
112924,9
330739,9
118586,9
130353,9
530426,9
322730,9
312186,9
139525,9
501179,9
347568,9
508025,9
139518,9
271811,6
360988,9
247597,9
280833,9
90880,9
308221,9
308221,6
360678,9
316584,9
164496,9
95962,9
113316,9
322796,9
98723,9
316264,9
118493,9
113123,9
388278,9
292859,9
120560,9
120560,6
322802,9
311330,9
330769,9
202749,9
212334,9
323993,9
99642,9
139463,9
215770,9
219849,9
376287,9
45797,9
148254,9
345554,9
519064,9
519064,6
518196,9
518196,6
518236,9
518236,6
527198,9
527198,6
104962,9
209931,9
209932,9
202111,9
249332,9
120974,9
113319,9
388283,9
181535,9
319435,9
203365,9
388275,9
388276,9
231375,9
95828,6
95828,9
348011,9
333589,9
141051,9
177604,6
177604,9
203371,9
536597,9
382937,9
517882,1
255100,1
376239,1
170465,1
517883,1
282635,1
358800,20
358800,6
242011,20
242011,6
334879,20
334879,6
307119,20
307119,6
115172,12
347370,12
347373,12
347372,12
347371,12
142293,1
359381,1
370674,1
98948,1
25146,1
359382,1
367803,1
16156,1
298522,1
510942,1
517682,1
136951,1
375218,1
163666,1
58880,1
225321,1
180325,1
44596,1
182541,1
285289,1
16170,1
210908,1
521323,1
526381,1
352030,6
287896,6
369438,6
306318,1
382792,6
386877,6
310650,1
368939,6
380569,6
299637,6
373927,1
373927,6
256879,1
521148,1
526548,6
333511,1
333511,6
526262,1
526524,1
526524,6
526525,6
518310,6
371574,1
351156,1
382660,6
334886,6
306974,6
301186,1
139835,6
314622,6
336738,6
272689,1
272689,11
227321,1
45289,1
203961,1
227242,1
360227,6
321695,6
353108,1
376708,3
376708,1
353085,3
353085,1
521676,1
517890,6
517892,6
375931,6
517893,6
211920,1
135568,1
211919,6
137093,6
180979,1
376618,6
333199,1
345331,3
345331,1
300447,1
376135,1
376135,6
383994,6
376136,6
518751,6
16310,1
77410,11
77410,1
16315,11
16315,1
16316,1
308302,6
375072,6
16317,11
16317,1
16320,1
153514,1
215213,1
16328,11
16328,1
92763,1
92763,11
128446,1
128446,6
124766,1
124766,6
142599,1
517145,1
16333,1
285938,6
334646,1
334646,6
227716,1
521713,6
374616,6
526271,7
526271,1
526224,7
526224,1
368265,6
165786,1
79855,1
134918,1
176723,1
166315,1
150682,1
231244,1
214891,1
505579,6
226673,1
226674,6
49424,1
60176,1
284967,1
147585,1
269850,1
132931,1
521176,1
86129,1
78745,1
117545,1
117545,6
91515,3
91515,1
16364,1
245906,1
119289,1
75720,1
300264,1
190480,1
195018,1
235376,1
273639,1
286338,1
273637,1
100935,1
16365,1
74360,1
209049,1
16367,1
384076,20
384076,6
384192,20
384192,6
386351,20
386351,6
386656,20
386656,6
16368,11
16368,1
500071,1
500071,11
317058,1
301134,1
301134,7
523543,7
523543,1
299516,1
16376,1
69251,1
94072,1
43562,1
121061,1
383697,6
383699,6
523789,1
523852,1
134570,6
522268,1
342565,6
526249,1
290702,6
521909,1
521909,6
304975,6
336573,1
336573,6
304973,6
121815,6
304974,6
320200,6
215219,1
215218,6
521624,1
342442,6
181790,6
96907,1
48547,1
113680,1
86212,1
116997,1
215220,1
44585,1
217102,1
318232,1
368428,1
316696,1
369000,1
511889,1
368904,1
164127,1
228361,1
521639,1
166635,1
175445,1
299797,1
297307,15
297307,11
297307,14
297305,15
297305,11
297305,14
368986,15
368986,11
368986,14
16432,14
16441,1
171821,1
66191,1
87539,1
311045,18
311045,11
311045,14
333165,18
333165,11
333165,14
342083,18
342083,11
342083,14
303911,18
303911,11
303911,14
111431,18
111431,11
111431,14
101467,18
101467,11
101467,14
139268,18
139268,11
139268,14
126158,18
126158,11
126158,14
16470,18
16470,11
16470,14
96343,18
96343,11
96343,14
16475,18
16475,11
16475,14
52822,18
52822,11
52822,14
45599,18
45599,11
45599,14
376475,18
376475,11
376475,14
349386,18
349386,11
349386,14
149105,1
320199,1
181510,1
186858,1
103129,1
51023,1
316389,1
97845,1
286941,1
16772,1
25147,1
53249,1
76374,11
51752,11
523658,10
280007,14
280007,11
70437,14
254549,14
254549,11
280005,14
225566,11
225566,1
209402,1
502595,1
178756,1
16817,1
16817,11
77136,1
76437,1
221258,1
16818,1
352926,1
195139,1
52823,1
82356,1
200031,1
176877,1
94123,11
94123,1
190706,1
62635,1
87481,1
96106,1
76669,1
134607,1
151089,1
24355,4
359808,4
121619,1
121619,18
82610,1
82610,18
16904,1
16904,18
80657,1
80657,18
68377,1
42076,1
113987,1
89708,1
270087,1
256364,1
44635,1
220769,1
111050,1
275023,1
209802,1
103544,1
113332,1
106354,1
256516,1
117384,1
56378,1
263713,1
301980,1
161201,1
118891,1
226376,1
42658,1
194763,1
17013,1
108580,1
119001,1
80943,1
17014,1
255130,1
118907,1
253769,1
275630,1
64514,1
246448,1
110421,1
17017,1
269642,1
254084,1
137962,1
208733,1
142100,1
24474,1
65936,8
65936,1
65936,15
47381,15
363544,15
363544,11
363544,14
298421,15
17237,15
315875,1
24960,1
167976,1
71003,10
44935,10
65501,10
81144,1
238233,1
68571,1
89406,1
76047,1
71986,1
51671,1
91928,1
17304,1
225599,1
179057,1
517907,1
518055,1
518088,7
518088,1
518065,7
518065,1
105493,1
17328,1
293208,1
293121,1
517995,1
387428,1
518048,1
97851,1
174529,1
100957,1
48408,1
17371,11
17371,1
58053,18
58053,10
17387,18
17387,10
98040,18
98040,10
17398,1
17418,1
17419,1
22008,1
17422,1
17425,1
52587,14
52587,11
52587,1
53291,1
53291,11
53291,14
57175,1
57175,14
57175,11
72950,1
72950,14
72950,11
211562,14
80168,11
80168,1
80168,14
81747,1
81747,14
81747,11
83433,1
83433,14
96480,1
68863,1
17496,1
344939,1
99171,1
388761,11
388761,14
304426,14
221442,11
221442,14
387388,1
302687,1
525661,1
79223,1
57920,1
382185,1
359812,1
17715,1
151414,1
115894,1
91593,1
50675,1
129751,1
202746,1
17719,1
202743,1
62530,1
17722,1
85114,10
69499,10
353703,10
161388,10
114935,10
70693,10
137952,10
87148,10
174577,10
58857,10
105696,10
17803,10
82985,1
70173,1
115252,1
191859,1
151156,1
281161,1
275731,1
19870,11
19870,14
180510,1
17832,1
178633,1
17837,1
17838,1
66602,1
290544,1
17856,1
253870,1
122370,1
159808,1
238482,1
17881,7
17881,1
340478,1
345881,1
340826,1
340634,1
340755,1
340644,1
340646,1
340647,1
340648,1
340765,1
354038,1
340650,1
340053,1
340056,1
339974,1
339977,1
339981,1
340018,1
340059,1
340071,1
340092,1
340104,1
340602,1
340141,1
340149,1
340170,1
341670,1
340226,1
340229,1
340232,1
340296,1
340328,1
340396,1
340419,1
340428,1
340466,1
340467,1
340563,1
340564,1
340483,1
340707,1
340668,1
17968,1
17968,20
325903,1
17980,1
111128,1
97515,1
75467,1
127323,1
116323,1
50489,1
58428,1
17985,1
17990,1
83765,1
255254,1
18039,1
99045,1
43582,1
100136,1
42054,1
44956,1
368987,1
373705,1
374648,1
373704,1
373571,1
208778,1
81729,1
68487,1
504800,1
103058,1
117489,1
42196,1
221111,1
18079,1
88031,1
377820,1
18090,1
77636,1
68901,1
374958,1
129089,1
255294,1
299889,1
310159,14
18270,1
18275,1
127402,1
153456,1
152298,1
152301,1
152332,1
152338,1
18308,1
18304,1
334191,14
64044,1
81522,1
43761,1
77570,1
239564,1
169192,1
194764,1
70547,1
255229,1
82045,1
18350,1
113682,1
195140,1
18351,1
134853,1
82046,1
152011,1
154383,1
87176,1
18368,1
48388,1
18377,1
170083,1
81350,1
18383,1
70616,1
61192,1
18415,1
18416,1
21026,1
340665,1
321978,1
283305,1
283379,1
283269,1
283377,1
283297,1
319064,1
283375,1
305971,1
305970,1
18444,18
18444,1
334056,18
334056,1
153219,1
225746,1
225746,18
18445,18
18445,1
25537,1
25537,18
54725,1
54725,18
125213,1
125213,18
18449,18
18449,1
106274,18
106274,1
18454,1
18454,18
42226,18
42226,1
57361,1
57361,18
79446,1
84184,1
84184,18
315949,1
57362,18
57362,1
61452,18
61452,1
22049,2
22049,11
208150,2
208150,11
386896,4
511838,4
332140,2
332140,11
18568,16
18568,10
18568,1
59167,10
18636,1
113990,1
191229,1
524888,1
53724,1
67021,7
67021,1
59724,7
59724,1
18749,14
18749,4
18749,11
283311,1
168192,1
168194,1
181610,1
177520,1
247994,1
209217,1
161765,1
202963,1
212046,1
191863,1
168199,1
194010,1
182908,1
25524,1
78507,1
216358,1
82551,1
351005,1
351005,7
153459,1
522087,1
180995,1
526503,1
526264,1
322463,1
525769,1
80750,1
50967,1
299267,1
228379,1
167885,1
47057,1
126144,1
260920,1
71710,1
80548,1
18843,1
47056,1
181958,1
315368,1
135801,1
183366,1
343935,1
153465,1
220102,1
75849,1
78291,1
506264,1
100995,1
270606,1
154797,1
110717,1
226512,1
142607,1
284714,1
176467,1
115912,1
72599,1
85570,1
192414,14
380228,11
380228,14
380229,11
380229,14
19052,11
385138,4
19074,11
19074,4
20468,11
20468,4
345677,4
19142,11
19142,14
19148,10
363857,11
363857,14
364189,11
364189,14
368045,11
368045,14
355328,3
355328,11
201518,3
201518,11
355312,11
355312,3
349627,11
349627,3
330202,3
330202,11
341958,3
341958,11
330200,3
330200,11
355331,11
355331,3
355335,3
355335,11
158375,11
158375,3
300880,3
300880,11
527936,3
527936,11
527936,14
243618,3
243618,11
331121,3
331121,11
328485,3
328485,11
349629,3
349629,11
158370,3
158370,11
158370,1
349636,3
349636,11
355322,3
355322,11
285693,3
285693,11
341970,1
341968,3
341968,11
355314,3
355314,11
526774,3
526774,11
526774,14
19233,11
19233,1
111299,1
341662,11
327510,11
300930,1
286104,1
300931,1
328346,14
328348,11
328348,14
327504,11
327504,14
59579,1
107561,1
270344,1
80717,1
156517,1
72358,1
182741,1
209081,1
209083,1
90009,1
89282,1
109955,1
185216,1
52687,1
299732,1
242751,1
270256,1
182742,1
99571,1
185226,1
125467,1
185289,1
190965,1
172189,1
378,1
109148,1
52639,1
202021,1
379,1
380,1
222458,1
26255,1
23675,1
26256,1
381,1
207647,1
79152,1
382,1
95378,1
384,1
83572,1
83573,1
58016,1
42058,1
185296,1
153562,1
185224,1
26247,1
96594,1
219976,1
170242,1
88186,1
165592,1
156095,1
156095,18
255723,1
195237,1
306935,1
197961,1
361976,1
67280,1
57816,1
431,1
351661,1
272574,1
284774,11
284774,14
372729,1
242383,1
339254,1
97243,1
242211,1
332739,1
264699,1
194840,1
376790,1
528627,1
301678,1
344752,1
332740,1
170079,1
273927,1
343614,1
215707,1
112050,1
206750,1
321454,1
98900,1
316645,1
55893,1
342013,1
527203,1
300343,1
351059,1
270379,1
619,1
96569,1
620,1
581,1
529266,1
343590,1
332747,1
372601,1
25485,1
26357,1
242257,1
205606,1
375246,1
270985,1
115403,1
154950,1
128433,1
210307,1
33739,1
210310,1
210309,1
67338,1
103151,1
117894,1
759,4
759,11
759,1
58292,4
112043,4
111328,4
104260,4
196739,4
182463,4
330666,4
26465,4
186143,4
26476,4
167654,4
367814,4
186195,4
212318,4
204861,4
89862,4
387330,4
381869,4
873,4
82372,4
243758,4
243759,4
334868,4
243755,4
43845,10
186471,11
26536,11
186480,11
26961,11
299648,1
103018,1
119424,1
62737,1
25698,1
65279,1
89665,1
1267,1
138932,1
99602,1
44175,1
171692,1
24513,11
233772,1
52070,4
52070,1
58184,4
58184,1
189073,4
62352,4
1565,4
56419,18
56419,1
67136,18
67136,1
106056,1
172916,1
319393,1
269532,1
239708,1
139830,1
1708,1
1709,1
189470,1
27195,1
198293,1
70572,1
27896,1
90874,1
68289,1
241004,1
63879,1
296026,1
102342,1
99451,1
58973,1
67695,1
138604,1
76112,1
53057,1
210418,1
27346,1
226728,1
82987,1
227356,1
29698,1
182347,1
87790,1
239438,1
336426,1
99261,1
504164,1
112712,1
153631,1
227932,1
109079,1
45050,1
48315,1
287956,1
81678,1
93109,1
44213,1
56818,1
63880,1
183818,1
143030,1
27416,1
98592,1
24542,1
138677,1
117260,1
117260,18
101966,18
101966,1
92852,18
92852,1
222646,18
222646,1
158260,18
158260,1
158261,18
158261,1
112790,18
112790,1
89593,18
89593,1
99108,18
99108,1
247863,2
247863,11
389132,1
204458,1
204460,1
344973,6
106078,1
204859,1
380469,6
149399,16
149399,18
149399,1
2567,16
2567,18
74564,16
74564,18
74564,1
234778,6
298700,4
175620,4
226344,4
114266,4
112855,4
88747,4
100145,4
118992,4
206787,1
2936,1
125878,1
104644,1
316828,1
353082,1
97388,1
212047,1
54616,1
89081,1
2944,1
54170,1
206801,1
28706,1
157383,2
157383,1
2996,2
2996,1
195926,11
195926,1
192498,1
192498,11
161583,1
161583,11
108825,11
108825,1
166551,1
166551,11
192550,11
192550,1
98584,11
98584,1
92724,11
92724,1
127299,1
127299,11
97640,1
97640,11
192571,11
192571,1
92297,11
92297,1
152141,1
152141,11
94337,11
94337,1
96587,11
96587,1
59049,1
59049,11
192601,11
192601,1
93407,1
93407,11
77677,1
77677,11
190387,11
190387,1
189321,1
189321,11
228608,11
228608,1
328269,1
157422,1
42450,1
3363,1
69965,1
226839,1
29328,1
3810,1
3810,18
91681,1
3813,1
3813,18
220808,1
24730,1
349797,1
137929,1
328154,1
73051,1
3842,1
342479,1
328155,1
75413,1
89285,1
352961,1
322201,1
361220,1
350944,1
171371,2
171371,1
352450,1
380813,2
504378,2
386144,2
280744,1
380814,2
285900,1
504648,2
382791,2
213131,1
213139,1
382775,1
213143,1
3972,1
211047,1
89518,1
178396,1
49555,1
90527,8
90527,6
328157,1
176648,14
176649,14
43794,14
47850,14
4365,14
360490,1
90456,4
90456,11
95886,4
95886,11
97014,4
97014,11
112811,4
112811,11
270459,4
270459,11
269576,4
269576,1
279266,4
117989,4
64207,4
64207,1
4830,4
4830,1
231458,4
231458,1
104544,4
104544,1
226287,4
212096,4
212096,1
30956,4
30956,1
301707,10
5283,10
235615,10
235616,10
235617,10
271619,10
375267,1
210705,1
210705,3
277506,3
277506,1
313718,3
313718,1
277531,3
277531,1
317485,3
317485,1
276127,1
254635,1
500160,1
84504,1
130644,1
79311,1
162484,1
77110,1
219153,1
71742,1
149129,1
168672,1
512021,1
153645,1
108223,1
70570,1
63116,1
183919,1
43472,1
84045,1
525693,1
101308,1
525900,1
143249,1
504867,1
239044,1
125531,1
256289,1
61800,1
5686,1
379070,1
378948,1
94547,1
94547,11
71888,11
71888,1
210724,1
210724,11
115024,11
115024,1
115038,11
115038,1
297653,11
297653,1
306345,1
368637,10
368637,1
307890,1
307890,4
313754,1
313754,4
268791,1
268791,4
193993,1
193993,4
177950,1
177950,4
208301,1
526166,10
526166,1
526418,10
526418,1
139598,1
139598,4
5830,1
5830,4
274725,1
5838,4
5838,1
93116,4
93116,1
226843,1
226843,4
196814,1
196814,4
180342,1
180342,4
5840,1
90637,1
90637,4
139595,4
139595,1
272722,1
272722,4
5844,4
5844,1
137619,10
137619,1
5850,1
166543,1
234797,6
41734,1
234799,6
6097,11
6097,14
296913,1
63244,1
41568,1
168145,1
157519,1
298622,1
92067,1
84445,1
136980,1
375870,1
219241,4
263279,4
263279,1
370729,4
370729,1
239541,1
239542,1
125919,1
7091,1
81325,20
81325,1
272033,20
272033,1
7179,10
158808,10
101057,1
86997,1
76203,1
96034,1
49891,20
49891,1
7383,4
69773,4
201718,4
201722,4
92363,4
99133,4
95027,4
32989,4
78614,4
95212,4
95211,4
56544,4
70084,4
326252,6
326252,11
109147,6
109147,11
33562,4
33564,4
121838,4
325070,4
312725,4
525414,4
133598,4
536204,4
318000,4
178759,4
167376,4
43865,4
300302,4
345433,4
52388,4
81631,4
69808,4
325078,4
340861,4
369059,4
71777,4
187314,4
535589,4
48537,4
356521,4
60135,4
525499,4
292422,4
339507,4
536239,4
302425,4
133721,4
522292,4
154238,4
215771,4
43089,4
8006,4
159006,4
99493,4
182018,4
78355,4
379031,4
20933,1
33636,1
48567,2
48567,14
325136,1
98664,1
300284,1
92668,1
102934,1
300285,1
54674,1
115860,1
99269,1
115861,1
135961,1
175728,1
8449,1
78055,1
175725,1
49543,1
116012,1
33993,1
194245,1
8450,1
347175,1
118720,7
528682,7
39134,1
58249,1
163844,1
184168,1
112298,3
112298,6
91160,3
91160,6
373573,1
299949,1
358469,1
282286,1
344657,1
291988,1
323897,1
384106,1
299950,1
352155,1
358473,1
384522,1
92197,1
384523,1
352157,1
384109,1
352158,1
384110,1
502904,1
298165,1
373712,1
96396,1
384114,1
109998,1
270207,1
67598,1
358485,1
358486,1
502868,1
98393,1
502679,1
282299,1
501813,1
209908,1
197204,1
384532,1
170523,1
336235,1
373580,1
358494,1
501829,1
242473,1
384122,1
384126,1
300452,1
384128,1
299964,1
299965,1
85966,1
358498,1
212649,1
282306,1
358503,1
352195,1
352196,1
369219,1
39211,1
299969,1
138298,1
308337,1
93450,1
373591,1
79044,1
284356,1
170136,1
373720,1
358515,1
501736,1
325355,1
503468,1
109788,1
314574,1
352228,1
65075,1
358539,1
373598,1
333113,1
373601,1
55095,1
111572,1
384176,1
307616,1
352312,1
197211,1
242488,1
60203,1
53780,1
328114,1
103351,1
352355,1
314816,1
98458,1
270278,1
299396,6
381418,6
525916,1
338011,1
525854,1
76587,1
228473,1
525765,1
77644,4
108459,1
140374,1
53073,1
307667,1
202827,1
525717,1
25486,18
25486,1
129020,1
526145,1
228511,1
318165,1
195847,1
141028,1
102324,1
324637,1
228530,1
48156,1
525842,1
318179,1
251140,1
526208,1
318180,1
62767,1
56098,1
517364,1
266628,1
318187,1
228561,1
526263,1
217869,1
318196,1
108329,1
9237,1
143558,18
143558,1
62315,18
62315,1
9248,1
120623,1
195612,18
195612,1
72898,1
72897,1
9357,1
220865,1
220867,1
144326,1
174280,1
99407,1
220926,1
238497,1
178578,18
178578,1
74641,18
74641,1
30320,6
46146,1
139846,1
9742,1
98471,1
82865,1
75287,1
331114,1
253682,1
9862,1
358732,1
10063,1
103721,1
10094,1
524834,1
22413,1
316307,1
344235,4
344235,1
257902,4
257902,1
348222,4
348222,1
143530,4
259623,4
319432,4
77861,4
77861,1
367776,4
367776,1
231261,1
231261,4
367777,4
367777,1
47602,4
375291,4
375291,1
171943,4
324959,4
324959,1
191704,4
191704,1
319433,4
323578,4
323578,1
221594,4
221594,1
330371,4
330371,1
330372,4
377007,4
377007,1
234700,4
234700,1
370775,4
370775,1
133040,4
133040,1
80306,4
80306,1
371095,4
136493,4
136493,1
344236,4
344236,1
317115,4
317115,1
250581,4
250581,1
327310,4
370776,4
362256,4
311037,4
280614,4
196160,4
196160,1
311038,4
170817,4
170817,1
342935,4
342935,1
113104,4
113104,1
251414,4
251414,1
367775,4
367775,1
313011,4
326099,4
324966,4
324966,1
279598,4
279598,1
355352,4
285425,4
285425,1
187417,4
187417,1
367902,4
367902,1
68156,4
68156,1
351624,4
351624,1
120488,4
313470,4
308677,4
284411,4
284411,1
351607,4
351607,1
334824,4
334824,1
33981,4
370077,4
370077,1
302099,4
371169,4
271492,4
271492,1
258001,4
258001,1
171006,4
171006,1
177198,4
177198,1
257741,4
257741,1
313012,4
182720,4
182720,1
313014,4
305053,4
364133,4
364133,1
306507,4
306507,1
344504,4
344504,1
313015,4
71190,4
165707,4
165707,1
371110,4
371110,1
171942,4
348857,4
351627,4
329497,1
329497,4
113551,4
219320,4
219320,1
346615,4
346615,1
231254,4
231254,1
347385,4
84878,4
84878,1
252565,4
252565,1
342941,4
342941,1
238857,4
238857,1
258024,4
258024,1
370815,4
370815,1
362367,4
355438,4
230177,4
177177,4
45452,4
70679,4
70679,1
250647,4
351323,4
351323,1
351324,4
351324,1
42234,4
302100,4
169161,4
169161,1
61747,4
375315,4
375315,1
330960,4
330960,1
330961,4
351325,4
351325,1
221146,4
221146,1
237725,4
300487,4
300487,1
10158,4
10158,1
316221,4
316221,1
47661,4
47661,1
10162,4
10166,4
271768,4
271768,1
10170,4
10170,1
118264,4
10181,4
55017,4
91726,4
19924,4
10194,4
167750,4
167750,1
287705,4
287705,1
171104,4
171104,1
164377,4
164377,1
383488,4
338946,4
339842,4
302139,4
10205,4
105299,4
10235,4
10235,1
271782,4
271782,1
10249,4
10248,4
128983,4
10255,4
10255,1
105301,4
83634,4
83634,1
97611,4
97611,1
95861,4
113463,4
176500,4
271784,4
88257,4
82226,4
71916,1
231186,1
79630,1
10645,1
10647,1
116301,1
85936,1
315408,1
47331,1
224230,1
215203,1
239150,1
308375,1
285970,1
196969,1
294756,1
178680,1
176694,1
153111,1
153113,1
282105,1
174995,1
168986,1
69132,1
10969,1
311025,1
127346,1
169007,1
224236,1
224242,1
117847,1
89752,1
90461,1
175003,1
64376,10
373185,10
154636,10
155555,10
72206,10
45513,10
239390,10
49857,10
116633,1
522617,1
101875,1
102468,1
116635,1
53674,1
59450,1
67626,1
11185,1
120214,1
120222,1
329091,1
307027,4
96507,4
96508,4
242804,1
195495,3
195495,1
159992,3
159992,1
332087,1
25480,1
84694,1
337404,1
64951,3
64951,11
64951,14
111627,1
177549,1
111558,1
180851,1
194024,1
360154,1
521344,14
226082,14
219580,5
12707,1
504476,1
212308,1
43783,1
64592,1
50575,1
341768,1
137945,1
316064,1
45208,1
13413,1
89364,1
84773,16
84773,18
75821,16
75821,18
245030,16
245030,18
237361,1
342789,1
152290,1
347329,1
343916,1
70860,3
70860,1
79351,3
79351,1
236453,9
236453,6
236452,9
236452,6
329145,12
242467,12
252185,12
72079,1
200455,1
45616,1
376442,1
376442,6
307058,1
16324,3
16324,11
16324,1
176717,1
70170,1
245897,1
125440,1
204883,1
255656,1
359272,1
343838,1
370075,1
226858,1
197335,1
370066,1
369383,1
370076,1
304860,1
16403,1
307935,1
325566,1
211536,1
72055,1
167972,1
193030,1
16407,15
16407,11
16407,14
349765,15
349765,11
349765,14
353034,15
353034,11
353034,14
16429,14
289270,1
140167,1
21167,1
120675,1
175199,1
115307,1
68017,1
518075,1
283910,1
262036,1
17498,2
17498,11
329090,1
65610,1
526131,1
340822,1
340829,1
345875,1
345879,1
340614,1
340619,1
340685,1
340778,1
342582,1
340622,1
340781,1
339968,1
339972,1
339973,1
339979,1
339983,1
339984,1
359280,1
339999,1
347320,1
342579,1
340007,1
340028,1
340030,1
340043,1
340046,1
354032,1
340076,1
340709,1
534093,1
372169,11
372169,14
372169,2
153344,1
275398,1
18071,1
56533,1
73814,1
272787,1
347946,1
131734,1
152327,1
18077,1
79443,1
307478,1
272641,1
316058,1
217615,1
153129,1
44616,1
18082,1
125212,1
73044,1
98203,1
359630,1
296487,1
272838,1
18088,1
57656,1
115946,1
105651,2
105648,2
105648,11
92736,1
18788,1
236337,1
190993,1
190931,1
168196,1
168195,1
168197,1
18795,1
142604,1
87693,1
48472,1
96442,1
128480,1
124951,1
225804,1
505444,1
175210,1
525957,1
109243,1
124822,1
88135,1
18847,1
335703,1
204884,1
308028,1
511863,1
135989,1
50603,4
44473,4
44473,11
48943,4
326130,4
113362,4
19078,4
336768,4
73295,1
202383,1
26250,1
92739,1
100649,1
256003,1
128037,1
202024,1
351716,1
240625,1
26258,1
170034,1
257143,1
153308,1
96389,1
196051,1
212038,1
212085,1
212086,1
829,4
130648,2
130648,11
27185,2
27185,11
98212,18
98212,1
131744,18
131744,1
185200,11
27725,11
95467,11
129124,11
92625,11
92625,14
256981,11
79744,11
508105,2
508105,11
204482,2
204482,11
2344,2
2344,11
204478,2
204478,11
96468,2
96468,11
27961,2
27961,11
204479,2
204479,11
166533,11
166533,1
195812,1
195812,11
164031,1
164031,11
76640,1
76640,11
76640,18
76640,16
76206,11
76206,1
76206,16
76206,18
300871,1
300871,11
175428,1
175428,11
288094,1
288094,11
285672,1
285672,11
139684,1
206912,1
206912,11
3001,1
3001,11
255589,1
255589,11
146872,1
146872,11
54526,11
54526,1
177887,1
177887,11
376198,1
376198,11
206913,1
206913,11
309817,1
309817,11
286220,1
286220,11
20999,11
20999,1
207663,6
209723,14
55797,1
70492,1
290408,2
91289,4
91289,1
111179,4
174730,1
174743,1
51534,1
175570,1
312066,1
282669,1
6093,14
284345,14
249374,11
249374,14
249374,6
24472,20
24472,1
59691,6
165863,1
217608,1
159141,1
181312,1
346198,7
237681,7
169096,1
373575,1
253103,1
325893,1
8656,7
8656,1
202829,1
176015,1
64426,1
292903,1
313986,1
9747,1
59932,1
283332,1
285422,4
76565,4
76565,1
251609,4
251609,1
251658,4
251658,1
371858,4
371858,1
107373,4
371859,4
371859,1
119431,4
119431,1
148150,4
89541,4
10221,4
10224,4
228966,4
228966,1
212305,1
81707,10
11280,2
11280,11
12438,1
24480,1
153946,10
225308,12
225308,6
226554,12
76281,12
76281,6
242599,12
115173,12
242493,12
115171,12
87734,12
86851,12
195937,12
73917,12
47620,12
47620,6
59126,12
242512,12
201386,12
226503,6
226503,12
129074,12
526274,6
517320,6
515371,6
265981,1
242560,1
182861,1
370064,1
129750,1
196711,1
16404,1
285623,1
263268,1
56274,2
56274,14
109140,2
109140,11
308830,11
308830,14
269107,1
221893,1
74143,1
226656,1
185347,1
127316,1
18791,1
18807,7
325308,1
286749,1
42079,1
241592,1
198798,1
130278,1
325570,1
19057,1
19057,11
376588,1
273029,1
273030,1
358960,2
358960,11
204480,2
204480,11
40499,2
40499,11
40499,14
40499,6
40499,13
90409,4
268698,4
64602,2
64602,11
64602,14
212848,2
212848,11
212848,14
61639,2
121368,2
74765,2
121369,2
114111,1
516846,6
516846,13
10183,4
16794,2
16794,11
16794,14
16794,6
16794,13
261426,6
261426,13
308696,6
306913,6
372764,6
320319,6
331095,6
347278,6
372765,6
319898,6
347279,6
331094,6
343766,6
95671,6
95671,3
95671,11
25983,6
25983,3
25983,11
82149,6
75348,8
75348,1
81628,1
69526,8
69526,1
500296,8
500296,1
41844,8
41844,1
23796,1
124280,8
124280,1
117,8
117,1
51029,1
104501,1
124,8
124,1
93817,8
93817,1
242377,1
254852,1
300872,1
26019,1
185014,1
26020,1
134160,1
97164,1
44043,1
185017,1
154,1
182461,1
67596,1
109754,1
83088,1
299561,1
326202,1
185018,1
253704,1
156,1
185021,1
185023,1
185026,1
208280,1
157,1
100642,1
185028,1
244323,1
105200,1
68388,1
113036,1
222445,1
86956,1
131891,1
61092,1
113928,1
51966,1
94493,1
111672,1
93958,1
194578,1
132717,1
60417,1
306934,1
98974,1
226826,1
297706,1
90152,1
307979,1
161151,1
301676,1
326782,1
277905,1
119036,1
80070,1
140205,1
107468,1
90798,1
52383,1
91601,1
84544,1
51965,1
113869,1
258407,1
76090,1
258408,1
258421,1
258423,1
50528,1
56958,1
258424,1
74651,1
161992,1
193347,1
43893,1
324808,1
324809,1
324810,1
180328,1
196398,1
258426,1
314,1
152117,1
342438,1
381640,1
85311,1
54852,1
100646,1
26586,10
168799,10
274643,10
26587,10
182306,1
170973,1
236170,1
189080,1
202382,1
368,1
269264,1
80788,1
139840,1
256004,1
75973,1
369,1
185267,1
171722,1
171723,1
72777,1
243574,1
174635,1
316976,1
33788,1
149093,1
57357,1
265843,1
185291,1
185293,1
111014,1
114259,1
386,1
156086,1
317987,1
369597,1
185299,1
156089,1
325272,1
98152,1
185300,1
185303,1
227663,1
185587,1
56897,1
396,16
396,1
300092,1
336411,1
219977,1
163337,18
163337,1
249446,1
165605,1
165595,1
351717,1
165600,1
214585,1
165612,1
165614,1
165597,18
165597,1
165609,1
270863,1
227224,1
165617,1
300847,1
316544,1
166899,1
165625,1
183586,1
165615,1
166702,1
141203,1
56053,5
56053,11
56053,14
57965,5
97520,5
231042,5
231042,11
231042,14
257327,14
257327,11
261442,11
261442,14
20934,11
227610,11
227610,15
227610,14
523624,15
523624,11
523624,14
536046,15
536046,11
536046,14
338879,15
314094,11
314094,15
517536,15
517536,11
517536,14
107582,15
107582,11
107582,14
507,15
507,11
507,14
185704,15
185704,11
185704,14
383604,11
383604,14
518285,11
518285,14
519298,11
519298,14
566,11
566,14
308134,1
351550,1
351551,1
367529,1
160935,1
137674,1
44601,1
282137,1
214847,1
96183,1
127133,1
151529,1
332721,1
231043,1
176251,1
250810,1
524454,1
360632,1
343580,1
334701,1
95345,1
194532,1
236777,1
285838,1
319940,1
244813,1
100231,1
137458,1
365517,1
369089,1
360150,1
281620,1
26374,1
168019,1
168020,1
127135,1
25685,1
26376,1
524538,1
300338,1
172219,1
118933,1
502665,1
227461,1
168021,1
313750,1
198247,1
176252,1
343584,1
339279,1
287316,1
332727,1
339272,1
321453,1
251137,1
372731,1
381612,1
381613,1
365696,1
376908,1
207814,1
152941,1
227360,1
191043,1
534723,1
343587,1
343588,1
285842,1
349768,1
137677,1
368782,1
308136,1
336864,1
281907,1
166046,1
161778,1
61122,1
137919,1
233586,1
353163,1
332735,1
137462,1
339274,1
231262,1
242212,1
286474,1
273326,1
308138,1
332736,1
168025,1
300340,1
511218,1
308139,1
110134,1
300342,1
245579,1
233583,1
373761,1
341741,1
135267,1
214126,1
190582,1
339275,1
242221,1
194534,1
320061,1
308142,1
161780,1
536740,1
227367,1
75173,1
282136,1
367530,1
365695,1
367528,1
231067,1
370402,1
536756,1
363687,1
339276,1
339280,1
270258,1
283771,1
152076,1
210316,1
283768,1
101840,1
26347,1
196533,1
117821,1
622,1
365699,1
285746,1
222170,1
222169,1
170272,1
149094,1
55976,1
26887,1
115673,1
226335,1
26358,1
625,1
242260,1
222171,1
376907,1
114388,1
114389,1
26888,1
531039,1
342014,1
359499,1
297681,1
49528,1
153931,1
26360,1
185817,1
74141,11
320205,1
299975,1
254063,1
363689,1
364776,1
49099,1
82491,1
388087,4
388087,1
142837,1
257101,1
257109,1
185923,1
144536,11
144536,14
62748,10
185957,10
246170,10
241331,10
279650,10
105125,10
61545,10
725,10
279649,10
185993,1
278494,1
298422,1
222475,1
521155,1
178182,1
521375,1
301680,1
272652,1
521152,1
521182,1
309915,1
521582,1
239827,1
89997,1
26435,1
30302,1
91364,1
134892,1
742,1
101734,1
522009,1
94495,1
236853,1
302373,1
313600,1
89313,1
96488,1
89998,1
180956,1
512237,1
56690,1
48292,1
61916,1
61917,1
65092,1
745,1
103502,1
113427,1
521198,1
91336,1
211147,1
522008,1
142820,1
142822,1
62155,1
44395,1
142821,1
142823,1
142819,1
26442,1
195055,8
195055,4
383148,7
383148,1
57087,7
521988,7
521988,1
324873,7
324873,1
324875,7
324875,1
315086,7
315086,1
298624,7
298624,1
320361,7
320361,1
152934,7
152934,1
152723,1
186023,1
156142,1
76540,1
49043,1
327415,1
24246,4
186282,4
879,4
322414,11
322414,14
320204,11
320204,14
215089,14
215089,11
193061,14
193061,11
215090,14
215090,11
503866,14
503866,11
372019,11
372019,14
105786,14
105786,11
915,14
915,11
504110,14
504110,11
126584,14
126584,11
281824,11
281824,14
131678,11
131678,14
522537,11
522537,14
136827,11
136827,14
141187,15
137715,15
137715,11
379148,15
379148,11
379148,14
52057,11
1009,1
1009,6
302849,1
105206,1
254358,1
221488,1
135424,1
376685,1
201479,1
229950,1
180846,1
276509,1
283812,1
248905,1
64621,1
254359,1
120264,1
334454,1
345145,1
364010,1
355020,1
303573,1
376224,1
154900,1
311959,1
375255,1
351636,1
375257,1
104465,1
196804,1
139951,1
79522,1
195763,1
183834,1
1023,1
186529,1
87168,7
73608,10
280115,10
235905,1
181731,1
66204,1
352638,1
367510,1
188168,11
1106,11
188173,11
188174,11
1116,1
1121,1
57997,1
188259,11
188259,10
188259,20
286285,10
374035,1
84419,10
253687,10
188275,10
188275,1
311253,6
45201,1
33974,1
349796,1
331023,1
131645,1
372862,1
380710,1
372863,1
194581,1
331591,1
380711,1
372861,1
384404,1
372865,1
1231,1
362992,1
1230,1
334702,1
76813,1
94662,1
386722,1
272654,1
334703,1
270262,1
352567,1
99160,1
92948,1
511323,1
384406,1
140201,1
151365,1
89634,1
324814,1
138934,1
95202,1
287985,1
112681,1
278114,1
363103,1
56959,1
500188,1
500187,1
285130,1
222528,1
222529,1
147574,1
26680,4
26680,1
74724,1
188342,1
174671,1
171956,1
26700,1
23548,1
100489,1
97144,1
26730,1
138466,1
133113,1
49053,1
358747,1
75076,1
95098,1
112594,1
151777,1
274492,1
51083,1
192415,1
94849,1
99841,1
138933,1
94079,1
26675,1
305918,1
26732,1
99806,1
26677,1
1235,1
1236,1
386709,1
117011,1
92748,1
249585,1
188375,1
188375,7
175229,1
175229,7
526319,7
526319,1
510683,1
188488,11
1297,11
188489,11
188490,11
335003,6
293347,6
505244,6
1298,6
317438,6
351677,6
297438,6
525405,6
525482,6
344971,6
109110,6
111180,6
26746,1
26746,8
44865,1
44865,8
188545,1
1324,1
1324,8
26749,1
26749,8
188553,1
250979,1
222535,1
155174,1
156262,7
88180,8
88180,1
26753,8
26753,1
96328,8
96328,1
85700,1
19863,1
120178,1
98124,1
118896,1
120177,1
120176,1
66498,1
296833,1
1339,1
294524,11
294524,14
322843,11
322843,14
517761,11
517761,14
200102,11
200102,14
364813,11
364813,14
370835,11
370835,14
383610,11
383610,14
517758,11
517758,14
363335,11
363335,14
334198,11
334198,14
383611,11
383611,14
322878,11
322878,14
350175,11
350175,14
357971,11
357971,14
361696,11
361696,14
184828,11
184828,14
250627,11
250627,14
250628,11
250628,14
26761,11
26761,14
53630,8
319306,1
328965,1
26827,1
256034,1
93304,1
117916,1
188778,1
1398,8
1398,1
82935,1
188786,1
168263,1
1412,1
1413,1
24709,1
1420,1
105212,1
100873,1
188798,8
188798,1
286046,1
1428,1
222551,8
68086,8
106054,8
137312,11
137312,1
21087,11
21087,1
100382,11
100382,1
174748,11
174748,1
126965,11
126965,1
142654,1
75824,1
154450,1
327916,1
328027,1
1622,1
369650,6
368003,6
189226,6
1627,6
189227,6
41752,20
41752,6
217000,20
217000,6
217001,20
217001,6
59900,1
71498,1
1634,1
167586,1
270265,1
505014,1
100891,1
90615,1
41676,1
48020,1
1636,1
89012,1
41677,1
119455,1
1637,6
311412,6
1639,1
27134,1
27135,1
1644,1
1646,1
114759,11
114759,1
66469,1
174753,1
128979,1
42845,1
42845,18
101882,1
101882,18
195625,1
112691,1
112691,18
1665,18
1665,1
77045,1
77045,18
45828,18
45828,1
154698,1
181249,1
181249,18
189290,1
27152,18
27152,1
171475,1
189371,10
189372,10
156356,10
73286,10
25096,10
99535,10
189373,10
189376,10
189381,10
27176,7
27176,2
27176,11
1677,1
267581,1
1678,1
126987,1
385216,1
140054,1
103830,18
103830,1
129056,1
1692,14
130647,1
173043,1
79155,14
189501,11
189501,5
189501,14
189533,5
189560,5
1735,1
222595,1
124337,1
300095,1
231598,1
196137,1
500129,1
99950,1
183785,1
179778,1
231624,1
297592,1
387787,1
231634,1
297984,1
525698,1
73606,1
183786,1
231619,1
315798,1
194906,1
83314,1
27220,1
146868,1
1742,1
190005,1
251722,1
92915,1
27424,1
90917,1
239437,1
85970,1
321979,1
27228,1
66350,1
24153,1
45672,1
226339,1
109406,1
135643,1
27343,1
85155,1
208189,1
108824,1
70573,1
134736,1
296357,1
27350,1
91173,1
335565,1
92356,1
94398,1
99477,1
182348,1
195212,1
323940,1
117324,1
179786,1
199744,1
78464,1
115057,1
101961,1
234761,1
57826,1
90079,1
81184,1
70180,1
74159,1
54215,1
314411,1
52861,1
64810,1
1768,1
50184,1
226340,1
49193,1
254896,1
54120,1
99869,1
90772,1
83991,1
274645,1
249465,1
172183,1
81190,1
231653,1
27405,1
126332,1
29824,1
27408,1
111231,1
93744,1
95555,1
95556,1
29822,1
340624,1
340628,1
340629,1
206921,1
68723,1
243179,1
316376,1
27417,1
27418,1
27421,1
98260,1
82116,1
20119,1
183660,1
183660,18
81412,1
81412,18
228594,1
228594,18
97571,1
97571,18
137019,18
137019,1
275445,18
275445,1
275449,1
275449,18
95723,18
95723,1
27435,1
27435,18
42596,18
42596,1
220045,18
220045,1
86226,18
86226,1
232224,1
232224,18
241757,1
241757,18
343784,18
343784,1
232165,18
232165,1
333194,18
333194,1
318313,18
318313,1
290371,18
290371,1
226223,1
226223,18
112733,18
112733,1
103584,18
103584,1
226224,18
226224,1
1798,18
1798,1
350984,1
350984,18
131137,18
131137,1
137020,18
137020,1
222622,18
222622,1
138470,18
138470,1
67471,18
67471,1
244953,18
244953,1
1799,18
1799,1
55183,18
55183,1
181159,18
181159,1
104267,18
104267,1
112735,18
112735,1
222626,1
91788,1
367360,18
367360,1
308606,18
308606,1
98875,18
98875,1
83734,18
83734,1
27480,18
27480,1
99526,18
99526,1
163628,18
163628,1
306946,1
306946,18
153560,18
153560,1
65520,1
65520,18
96331,18
96331,1
58057,18
58057,1
232344,18
232344,1
244692,18
244692,1
94757,18
94757,1
308607,18
308607,1
139000,18
139000,1
85896,18
85896,1
180815,18
180815,1
298943,18
298943,1
103365,18
103365,1
91817,18
91817,1
226227,18
226227,1
244920,18
244920,1
244934,1
244934,18
112738,18
112738,1
232172,18
232172,1
232354,18
232354,1
27482,18
27482,1
91566,18
91566,1
53438,18
53438,1
298970,18
298970,1
232360,18
232360,1
97412,18
97412,1
270894,18
270894,1
270893,1
270893,18
81536,18
81536,1
63491,18
63491,1
97456,18
97456,1
65218,18
65218,1
227938,18
227938,1
1825,18
1825,1
248766,1
248766,18
68551,1
68551,18
70782,1
70782,18
297222,18
297222,1
1844,1
1844,18
1831,18
1831,1
238217,1
238217,18
227940,18
227940,1
227941,18
227941,1
1836,18
1836,1
1837,18
1837,1
1838,18
1838,1
222650,1
222650,18
232016,18
232016,1
159437,18
159437,1
525600,18
525600,1
254585,1
254585,18
222657,1
222657,18
181505,18
181505,1
286348,18
286348,1
90687,18
90687,1
237810,1
237810,18
25548,18
25548,1
153886,1
168408,1
206922,1
217837,1
343830,1
323946,1
375022,1
384414,1
298019,1
255341,1
287933,1
374174,1
1869,1
282719,1
360276,1
277153,1
209827,1
254899,1
524280,1
524320,1
384424,1
384425,1
99713,1
99714,1
367361,1
272661,1
386532,1
386392,1
272662,1
504083,1
503046,1
521292,1
386533,1
367580,1
384413,1
47993,1
109872,1
177875,1
153596,1
27547,1
93809,1
529207,1
298767,1
525157,1
525351,1
529111,1
525988,1
502287,1
52218,1
64697,10
279629,10
114762,10
318582,6
1962,1
1964,1
521183,1
344785,10
521122,1
349216,1
349214,1
343785,1
368005,1
349213,1
349215,1
387502,1
368006,1
349212,1
179788,1
349217,1
198308,1
1980,1
351070,1
61143,1
255640,1
203071,1
203072,1
34153,1
33410,1
382730,1
203073,1
41218,1
203075,1
349218,1
65443,1
88449,11
88449,14
130660,11
130660,14
124654,11
124654,14
181757,14
181757,11
120116,1
153356,14
153356,11
234890,14
234890,11
241793,14
241793,11
169290,11
169290,14
109539,14
109539,11
81869,11
81869,14
135184,11
135184,14
111007,11
111007,14
135185,11
135185,14
120123,14
120123,11
210087,11
210087,14
360086,3
360086,11
360086,14
374861,11
374861,1
344625,11
344625,1
310061,1
310061,14
310061,11
236706,1
236706,14
236706,11
306842,1
306842,14
306842,11
48783,1
368144,1
170935,1
77558,1
203432,1
307480,1
2014,14
2014,11
143436,14
143436,11
169809,14
169809,11
203440,14
203440,11
272823,14
272823,11
369917,1
369917,11
272832,14
272832,11
2023,11
2023,14
296756,14
296756,11
296756,1
272821,14
272821,11
88464,1
88464,11
88464,14
374841,11
374841,1
374841,14
315993,1
315993,11
195299,1
195299,11
272828,14
272828,11
272814,14
272814,11
136154,1
202586,14
202586,11
255495,14
255495,11
255495,1
272818,14
272818,11
374859,14
374859,11
272830,14
272830,11
2075,2
343767,6
341801,6
64420,1
259158,1
243041,1
198374,1
27850,1
161998,1
55244,1
56202,1
383178,1
135952,1
186919,1
375023,1
93596,1
342439,1
72444,1
90441,1
179999,1
93491,1
335568,1
87408,1
153045,1
171728,1
325970,1
135650,1
2209,1
152124,1
89222,1
197020,1
59854,1
133923,1
227694,1
355963,1
382608,1
374021,1
384842,1
386960,1
377730,1
377733,1
526546,1
377714,1
377719,1
27933,1
163931,1
368421,1
109248,1
112192,1
2293,2
2293,11
49101,2
49101,11
521110,18
521110,1
389131,1
204189,1
513808,18
513808,1
513809,1
389141,18
389141,1
513818,1
513820,18
513820,1
513807,1
513807,18
513821,1
389137,1
389137,18
513830,1
513832,1
513833,1
513833,18
389138,1
389133,18
389133,1
513837,1
513837,18
513838,1
513839,1
513843,1
513844,1
513845,1
528932,1
513803,18
513803,1
389134,1
513842,1
513846,1
513847,1
389143,1
513849,1
513805,18
513805,1
389140,1
513854,1
513855,1
513855,18
513860,1
389145,1
513864,1
513867,1
389142,1
513802,18
513802,1
513804,18
513804,1
513806,1
513806,18
328000,1
513868,1
204196,1
320645,1
513876,18
513876,1
2311,11
2311,5
236662,5
236662,11
91916,1
74022,1
178250,1
117049,1
238195,1
510759,1
73727,1
227122,1
227123,1
48872,1
204464,1
327495,14
327495,11
322447,14
322447,11
351825,6
327466,6
270957,10
56296,10
205031,11
205031,14
334665,1
504577,1
90195,1
295952,1
96758,1
295957,1
172201,1
387407,1
360550,1
284625,1
322075,1
351184,1
186920,1
319812,1
295949,1
375149,1
89230,1
182598,1
359181,6
359182,6
360381,6
357463,6
361660,6
316222,6
504601,6
360382,6
313742,6
313721,6
504516,6
254449,6
376973,6
320171,6
360917,6
360919,6
313737,6
313741,6
504026,6
375975,6
350941,6
521921,6
521927,6
521919,6
521920,6
518105,6
520272,6
379005,6
379004,6
521278,6
525617,6
521203,6
521735,6
518037,6
521851,6
521305,6
520134,6
353060,6
377226,6
205334,1
48508,1
239996,10
205792,10
153020,10
129801,10
157530,10
205793,10
198923,10
72074,10
2605,1
304025,11
304025,14
318727,11
318727,14
304031,14
304031,11
28243,14
205982,14
51113,14
2633,14
176990,11
176990,14
119564,11
119564,14
206172,6
379305,1
379307,1
379306,1
379308,1
338608,11
338608,14
20094,14
20094,11
517649,14
517649,11
65249,18
65249,1
62104,18
62104,1
174530,6
218388,6
368327,6
95607,6
218391,6
99147,6
99399,6
96650,6
94848,6
92678,6
97937,6
94420,6
98326,6
92060,6
93927,6
93862,6
98357,6
96824,6
90340,6
171380,6
92582,6
174533,6
29775,8
29775,6
89288,6
98622,6
222794,6
171383,6
174103,6
325688,6
93459,6
172107,6
100321,6
95500,6
89292,6
92829,6
174104,6
168755,6
90806,6
98820,6
98821,6
174535,6
174536,6
168756,6
95133,6
174538,6
41810,6
30132,6
171381,6
96355,6
91939,6
30134,6
99476,6
97117,6
293754,6
30147,6
95086,6
105130,6
345414,6
30161,6
29926,6
171386,6
171378,6
30162,6
92162,6
94560,6
96504,6
29934,6
30173,6
98717,6
89759,6
95294,6
93891,6
92606,6
30180,6
90183,6
79070,6
29963,6
74653,6
30186,6
96310,6
92530,6
174549,6
192914,6
92270,6
2754,6
92271,6
90691,6
99425,6
89954,6
112726,6
98191,8
98191,6
92343,8
92343,6
96909,6
30011,6
97407,6
91017,6
97426,6
98711,6
90902,6
30222,6
92592,6
108658,6
109913,6
2765,8
2765,6
2807,16
2807,18
2807,1
28283,16
28283,18
28283,1
76161,16
76161,18
76161,1
181288,16
181288,18
181288,1
105708,16
105708,18
105708,1
143538,1
272027,1
255342,1
166319,8
166319,1
126089,1
300105,1
43260,1
204495,1
155100,1
96441,1
206651,1
342423,1
342424,1
110459,1
206770,1
251996,1
64095,1
61023,1
367701,1
94502,1
344633,1
335299,1
298346,1
81987,1
46569,1
2931,1
309950,1
206803,1
94261,1
2966,1
227431,8
227431,1
93869,1
166538,11
166538,1
166545,1
166545,11
162670,1
162670,11
352460,11
352460,1
166557,1
166557,11
324431,1
324431,11
70887,11
70887,1
318917,1
318917,11
209846,11
209846,1
46144,11
46144,1
110899,1
110899,11
209848,11
209848,1
87880,1
87880,11
195813,1
195813,11
109643,11
109643,1
71015,11
71015,1
286752,11
286752,1
175429,11
175429,1
360293,1
166591,11
166591,1
181285,1
181285,11
151239,11
151239,1
166599,11
166599,1
28766,11
28766,1
101856,11
101856,1
169400,11
169400,1
209858,11
209858,1
299144,11
299144,1
192707,11
192707,1
130335,1
130335,11
207684,1
207684,11
191041,11
191041,1
138774,11
138774,1
114496,11
114496,1
166671,11
166671,1
56136,11
56136,1
208291,11
208291,1
110330,1
110330,11
49343,11
49343,1
523886,1
523886,11
137372,1
137372,11
46497,11
46497,1
360296,11
360296,1
169408,11
169408,1
233315,11
233315,1
95854,11
95854,1
45389,11
45389,1
68087,11
68087,1
255570,1
255570,11
111106,11
111106,1
333659,1
333659,11
79063,11
79063,1
109798,1
109798,11
109798,16
109798,18
298849,1
324433,1
324433,11
237546,1
237546,11
285001,1
285001,11
207682,1
207682,11
90931,11
90931,1
226346,3
226346,1
226346,11
500124,1
500124,11
85740,1
85740,3
85740,11
80432,11
80432,1
117705,11
117705,1
137373,1
137373,11
299145,11
299145,1
136058,11
136058,1
192702,1
192702,11
228829,11
228829,1
3002,1
189305,11
189305,1
206910,1
28755,11
28755,1
241862,11
241862,1
98223,11
98223,1
64542,1
64542,11
206914,1
206914,11
92942,6
28781,1
183206,1
25666,1
3050,1
108790,1
47387,1
515399,6
328150,1
237440,10
212826,10
251219,10
251219,1
139088,1
139088,18
139088,10
139090,10
139090,1
208294,10
241877,10
3074,10
300955,10
237441,10
273624,10
375943,10
128685,10
3081,10
285760,10
113788,10
3082,10
255603,10
255603,1
79064,10
79064,1
81080,10
207573,1
207573,18
207573,10
3085,16
3085,18
3085,10
227680,10
207574,16
207574,18
207574,10
99270,10
375198,10
84119,1
103067,10
374210,10
374750,10
69184,10
69184,16
69184,18
281547,10
281547,1
3094,16
3094,18
3094,10
171051,16
171051,18
171051,10
55875,16
55875,18
55875,10
3095,16
3095,18
3095,10
77714,10
77714,1
207570,10
207570,1
60798,10
209484,10
153031,10
124346,10
63832,10
63832,1
83677,10
299910,10
3102,10
3102,1
274497,10
239983,6
184499,6
189894,6
259629,6
357909,6
195615,6
353319,6
191832,6
375140,6
349303,6
207936,6
25368,6
178351,6
202304,1
3311,8
523339,10
523435,10
299491,1
207835,1
98427,1
328358,1
53176,1
42260,1
3364,1
285374,1
280324,1
228397,1
154955,1
28956,1
98256,1
43178,1
3370,1
328511,1
328361,1
91612,1
28968,1
241006,1
135338,1
3382,1
65739,1
3409,6
209760,14
209760,15
209760,11
209775,14
209775,15
209775,11
74288,14
74288,15
74288,11
209793,14
209793,15
209793,11
3451,14
3451,15
3451,11
3688,6
3697,6
3697,8
3735,10
50390,10
62852,10
281284,6
261101,6
221394,10
29236,10
29236,1
285480,1
123875,1
306245,1
253639,1
305305,1
123775,1
227065,1
123344,1
308371,1
122855,1
260942,1
123994,1
335110,1
335112,1
308567,1
122862,1
125473,1
123513,1
123249,1
123163,1
290703,1
375752,1
123267,1
168350,1
123873,1
268686,1
504567,1
165394,1
273944,1
166942,1
221579,1
303702,1
123277,1
315300,1
210687,1
29262,1
157673,1
352969,1
220539,1
99459,1
211429,18
211429,1
211437,1
29286,18
29286,1
122802,1
193127,1
102727,1
29319,1
29319,8
367937,1
174786,1
241651,1
170785,1
167941,1
181740,1
310019,1
241653,1
3808,1
22698,18
22698,1
101081,18
101081,1
24732,1
501695,1
149982,1
30506,1
29332,1
148139,1
51666,1
3811,1
3814,1
147688,1
297427,1
3815,1
241652,1
168831,1
209128,1
120449,1
212500,1
149047,1
212499,1
96524,1
96481,1
143107,1
94295,1
101082,1
136168,1
328151,1
121159,1
58591,1
3844,1
29340,1
212847,15
212847,11
3854,15
3854,11
72690,14
72690,11
106000,6
523767,6
523766,6
174115,6
45977,6
322963,6
29377,6
184240,6
29248,6
145172,6
500145,6
212884,6
119038,6
20867,6
24133,6
43179,6
3867,6
90184,6
139124,6
43180,6
162697,6
3880,6
281246,6
89049,6
116000,6
220715,6
29369,6
59616,6
130518,6
212857,6
304813,6
98685,6
209691,6
163509,6
223004,6
93715,6
91672,6
29360,6
322996,6
146847,6
523776,6
523775,6
523779,6
93118,6
523778,6
327556,15
327512,15
306482,2
91373,2
210274,2
116220,2
138391,2
248443,1
80890,1
80890,2
207213,2
211455,2
65570,2
314136,2
314136,1
60369,2
43511,2
182867,2
50259,11
50259,2
151310,2
336810,2
336812,2
155101,1
105769,11
105769,2
50895,2
83478,2
83478,1
93783,2
57460,2
375762,2
194371,1
98389,2
181514,2
211339,1
96207,2
332962,2
327250,2
327250,1
515184,2
135829,2
515185,2
96082,2
236557,1
150059,8
348161,2
97605,2
96860,2
523309,2
537765,2
529575,2
529477,2
197716,2
197716,6
243487,2
197711,2
197711,6
220387,2
197714,2
197714,6
240438,2
215543,1
215545,1
215547,1
275088,2
215549,2
215551,2
215554,2
215568,2
340970,2
215571,2
213958,2
215573,2
284700,2
309232,2
300852,2
215579,2
301887,2
240395,2
272608,2
284699,2
275541,2
300956,2
324343,2
355939,2
337343,2
326135,2
343478,2
300925,2
317066,2
351731,2
349092,2
320194,2
317064,2
341785,2
360993,2
324344,2
353323,2
317065,2
337341,2
326137,2
337342,2
337344,2
353322,2
353152,2
380811,2
369974,2
369973,2
370058,2
376987,2
326136,2
370059,2
378589,2
388453,2
121384,2
121363,2
192952,1
209596,2
176002,2
173014,2
241013,2
194369,1
242737,2
80121,2
82290,2
243832,2
81821,2
183803,1
45601,2
191879,2
191879,1
194378,2
194378,6
209600,1
143123,2
29428,2
331402,6
331402,2
138409,2
194375,2
194375,6
331776,2
280095,2
337074,2
342007,2
165897,1
198413,2
29426,2
198414,2
96731,2
218959,2
248287,2
68257,2
67999,2
59159,2
218958,2
155028,2
155028,1
292816,2
89078,2
45411,2
379003,2
89349,2
99627,2
328373,2
57365,2
269518,2
382777,2
80498,2
181518,2
181518,1
93840,6
292734,2
75185,2
59035,2
210084,2
210084,1
337073,2
92156,2
133895,2
133895,1
138429,2
68258,2
194373,1
378205,2
138433,1
96722,2
44842,2
218960,2
141173,2
59413,2
46501,2
86388,2
76353,2
76353,1
49945,2
375766,2
71896,2
57420,2
515186,2
227089,2
96069,2
227090,2
331400,8
331400,6
86938,2
536881,2
536881,1
223010,2
133890,2
328375,2
59702,2
29478,2
121408,2
46801,2
55115,2
383625,2
118677,2
86075,2
71691,2
248376,2
210954,2
210871,2
248378,2
138443,2
81182,2
272918,2
187138,2
66955,2
95160,2
124310,2
250375,2
194372,2
194372,6
76126,2
54459,2
133891,1
317069,2
349435,2
345660,2
70118,2
210020,2
48084,2
48084,1
50038,2
138448,2
86175,2
269524,2
287461,2
515187,2
53221,2
102957,2
153342,2
58282,2
168210,2
326508,2
367142,2
382780,2
78281,2
243737,2
99793,2
99851,2
94458,2
96302,2
92572,2
110029,2
52716,2
126164,2
336176,2
83374,2
70114,2
42541,2
378206,2
357518,2
369961,2
350038,2
346018,2
384474,2
357519,2
531032,2
534410,2
314030,2
314030,1
317071,2
231284,1
337462,2
295059,2
295059,1
295060,2
295060,1
165961,1
275448,2
314386,2
29510,2
307075,2
121409,2
315258,2
297895,2
313747,2
313747,1
215550,2
357422,2
121364,2
317068,2
530673,2
382280,2
319897,2
238048,2
43868,11
43868,2
63782,2
207214,1
504704,2
215552,2
529731,2
215569,2
343469,2
322220,2
282535,2
215546,1
238045,2
341784,2
336023,2
215572,2
292737,2
292737,1
297115,2
282536,2
507636,2
281493,2
281493,1
334758,2
537849,2
238047,2
334759,2
322221,2
533192,2
270842,2
244661,6
244661,2
218968,2
215548,1
322223,2
357423,2
298706,2
197712,2
197712,6
197713,2
197713,6
239580,2
351732,2
162614,1
380812,2
324425,1
269514,2
372816,2
349475,2
368499,2
215544,1
258585,2
258585,1
352596,2
114533,2
334757,2
343468,2
352592,2
370851,2
215555,2
121385,2
194377,2
91068,2
248370,2
238377,1
239581,1
238378,1
367513,2
313904,2
258237,2
297516,2
368500,2
343470,2
197715,2
197715,6
349091,2
334760,2
322225,2
367703,2
297517,2
378207,2
248390,2
533297,2
322227,2
315259,2
215580,2
367704,2
521444,2
215574,2
378588,2
328005,2
531037,2
352601,2
358806,2
315260,2
248344,2
213065,2
223017,2
95824,2
89092,2
269520,6
239579,2
80497,1
170486,1
179958,2
136936,1
72691,2
115810,1
151313,1
3950,1
66295,1
93261,1
254815,2
61311,2
51767,2
23290,2
29445,2
213304,2
91233,1
115602,1
3974,2
251869,2
109366,2
58954,2
170212,2
180464,2
138254,2
164240,1
166389,2
183857,1
29467,2
251906,2
29470,2
248409,11
248409,2
29471,2
248412,2
227095,2
368667,1
29477,2
274739,2
272844,2
89876,2
3993,2
29482,2
104889,1
110901,2
238582,1
238583,1
207216,1
238584,1
91305,1
213087,2
167886,1
97329,1
213395,1
191575,6
4011,6
29557,6
231567,6
213415,1
163280,8
163280,1
112990,8
112990,1
115989,8
115989,1
113031,8
113031,1
507449,6
507449,3
507632,3
507632,6
507066,11
521159,11
521159,14
299562,11
299562,14
281825,11
281825,1
281826,11
281826,14
521231,11
521231,14
307779,11
154478,11
526009,11
504208,11
504208,14
322460,11
374635,11
374635,14
515188,11
515188,14
292899,11
292899,14
536485,11
536485,14
285377,11
285377,14
307780,11
307780,14
126589,11
126589,14
359375,11
115078,11
219644,11
375944,11
375944,14
296297,11
284347,11
284347,1
284348,11
284348,14
536007,11
536007,14
536275,11
536275,14
511667,11
511667,14
536646,11
536646,14
197182,11
197182,14
306739,11
306739,14
282416,1
142616,11
142616,14
44949,11
44949,6
75151,11
75151,6
158021,18
243582,5
327492,5
263323,1
69446,10
69446,1
4331,1
195921,6
158060,1
510891,6
510949,6
510613,6
176647,14
176650,11
176650,14
282764,1
217078,1
342583,1
316205,1
30610,1
219214,1
343734,1
168851,6
214671,10
318308,1
318309,1
257548,1
19636,11
324868,1
520080,1
518985,1
519784,1
4698,1
137243,4
137243,11
130632,4
130632,11
4804,4
4804,11
130631,4
130631,11
325130,4
325130,1
141840,1
131195,4
131195,1
223103,4
223103,1
517527,1
117941,4
519815,1
521483,1
128486,4
128486,1
208715,4
208715,1
135061,4
223105,4
223105,1
77960,4
77960,1
103902,1
374987,1
372207,1
372207,4
374988,4
374988,1
117807,1
80183,4
269578,4
269578,1
521290,1
520372,1
317507,4
317507,1
103744,1
132933,1
132933,4
236956,4
236956,1
109095,4
109095,1
117831,4
117831,1
255213,1
135060,4
135060,1
30862,4
30862,1
94704,1
30899,1
30899,4
73539,4
73539,1
102892,1
4831,4
101886,4
101886,1
62573,1
4824,4
4824,1
126646,1
117808,4
30861,4
30861,1
83593,1
388781,11
388781,14
388781,6
350761,5
328429,1
341639,11
401897,11
107473,11
105878,11
23413,11
107475,11
341627,11
280055,11
105935,11
105843,11
107482,11
105908,11
383027,11
401988,11
41192,11
171483,11
105879,11
327496,11
346877,11
107490,11
402095,11
383032,11
107494,11
402163,11
402163,14
402164,11
327497,11
107534,11
105815,11
42099,11
119548,11
233670,11
280064,11
162835,11
23395,11
105848,11
366104,11
112518,11
107525,11
107526,11
105902,11
41155,11
119530,11
128611,11
40938,11
105819,11
280059,11
5169,11
401935,11
5171,11
105828,11
105813,11
201466,11
5173,11
5174,11
240442,11
64718,11
5177,11
105859,11
5179,11
402429,11
402553,11
5186,11
22170,11
22170,10
22170,20
79573,1
30989,11
30989,18
30989,10
177308,11
177308,18
177308,10
74116,10
74116,18
177307,11
177307,18
177307,10
94731,11
94731,16
174710,11
174710,16
5204,11
5204,18
5204,10
56264,11
56264,18
56264,10
5206,11
5206,10
5206,18
5207,11
5207,16
72447,11
72447,16
528694,4
295893,4
287069,4
256002,6
5235,5
22791,5
228839,6
228837,6
223168,6
286961,6
173089,6
95433,6
26091,6
223170,6
90594,6
74895,6
96990,6
171388,6
97507,6
98149,6
89858,6
44079,6
89391,6
215951,6
370409,6
89536,6
90273,6
119063,6
228840,6
387479,6
71464,6
309235,1
231843,1
237118,1
111383,1
173307,1
173307,3
173315,1
526531,1
368734,1
526521,1
180939,1
173419,1
168960,1
360371,1
369479,1
146089,1
43443,1
353558,1
141109,1
337940,1
173660,1
242097,1
83188,1
143920,1
242160,1
255701,1
237111,1
303588,1
327856,1
329462,1
165303,1
371614,1
338339,1
165311,1
197962,1
197962,3
371591,1
20451,1
5296,1
5307,10
5347,18
5347,1
92473,18
92473,1
242033,18
242033,1
529327,8
529327,15
524982,8
524982,15
115089,8
115089,15
67143,15
67143,11
344978,15
344978,11
5379,8
529328,8
529328,15
529329,8
529329,15
59103,1
179043,1
89527,1
256263,1
256264,1
256266,1
256268,1
256269,1
256270,1
504406,1
116160,1
52432,1
144642,1
97701,1
54055,1
89870,1
243175,1
48157,1
279244,1
523043,1
99181,1
115773,1
242994,1
177793,1
65818,1
69970,1
96530,1
65924,1
379477,1
69813,1
256248,1
334774,1
256247,1
275089,1
109120,1
160999,1
93228,1
510763,1
514289,1
504835,1
504184,1
525797,1
89860,1
31199,1
89086,1
347714,1
174990,1
271848,1
93995,1
97023,1
255626,1
270111,1
253049,1
239654,1
229670,1
175037,1
306949,1
191392,1
162485,1
162478,1
143276,1
207053,1
31207,1
334775,1
70569,1
143275,1
43498,1
97251,1
161360,1
183195,1
334776,1
167983,1
525437,1
167984,1
334777,1
226440,1
167986,1
103484,1
94046,1
79377,1
275579,1
341813,1
271105,1
147390,1
84310,1
84311,1
94262,1
168669,1
249515,1
177500,1
256283,1
324915,1
31218,1
256245,1
275090,1
234662,1
97383,1
250973,1
90206,1
333043,1
71242,1
375150,1
92377,1
116162,1
90575,1
113178,1
98923,1
45783,1
133216,1
239146,1
66630,1
291865,1
167758,1
50464,1
191091,1
75535,1
83866,1
58660,1
131838,1
48967,1
201245,1
101296,1
101297,1
44259,1
306947,1
379478,1
101302,1
511951,1
504674,1
510806,1
503995,1
525493,1
510820,1
278139,1
101306,1
52839,1
162917,1
101324,1
223181,1
5398,1
256277,1
137824,1
256278,1
256280,1
284725,1
251465,1
191089,1
256281,1
256282,1
256284,1
272230,1
256285,1
207803,1
69932,1
151204,1
286003,1
286004,1
256287,1
84267,1
80275,1
62963,1
43926,1
92549,1
44275,1
69539,1
58704,1
55552,1
59659,1
84125,1
59981,1
157674,1
31313,1
116122,1
232280,1
5638,1
31502,1
117717,1
91512,1
114437,1
197021,1
197021,10
62337,1
102008,1
381860,6
371917,6
135618,6
223199,1
102651,1
114439,1
58330,1
99169,1
202613,1
345697,1
299821,1
362402,1
285912,1
299823,1
299824,1
376621,1
31761,1
101180,1
5773,1
180300,1
181294,1
93308,1
293039,1
5782,1
94084,1
503982,1
145645,1
521101,1
315885,1
517786,1
256023,1
68160,1
96172,11
96172,14
177949,4
177949,1
374901,4
374901,1
114241,4
114241,1
40914,4
40914,1
126098,4
126098,1
140909,1
108813,4
108813,1
5843,1
5843,4
353064,6
350954,6
317986,6
44628,1
5885,1
530000,1
529902,6
5890,1
523654,11
523654,6
136964,1
5960,1
286218,1
286217,1
181207,1
339309,1
339309,11
236279,1
305876,1
31841,1
89628,1
340677,1
368858,2
368858,11
47768,2
47768,11
202626,2
202626,11
114440,1
138255,1
99826,1
73225,1
6024,1
31893,1
6026,1
84935,1
6025,1
6027,1
96551,1
86906,1
31897,6
193418,6
127362,6
6115,1
31930,6
6149,8
6149,1
223264,5
223264,1
6180,5
6180,1
134083,5
87557,5
6191,5
6191,1
158514,5
158514,1
182583,5
82838,5
6192,5
113094,5
182585,5
377041,5
374182,5
153230,5
223327,5
31950,1
511247,1
6213,7
6213,2
6213,11
308914,1
316990,1
202635,1
340841,1
353813,1
331254,1
349586,1
379489,1
379491,1
380552,1
340842,1
380550,1
343721,1
243491,1
227130,1
353810,1
343472,1
300328,1
218623,1
281501,1
386746,1
364441,1
341815,1
322078,1
356006,1
313606,1
377075,1
154634,1
325135,1
301457,1
345224,1
216530,1
316207,1
269334,1
350989,1
307892,1
240037,1
298513,1
326507,1
349538,1
356007,1
364445,1
526433,1
371263,1
343769,1
521217,1
521168,1
320851,1
241414,1
364442,1
313905,1
319788,1
353809,1
345346,1
349537,1
324832,1
307896,1
306559,1
317395,1
526128,1
316234,1
526366,1
306951,1
269102,1
349535,1
241724,1
234980,1
511573,1
505292,1
371276,1
505291,1
386745,1
505294,1
505282,1
349540,1
236526,1
521399,1
521513,1
526157,1
505303,1
273013,1
354185,1
368503,1
323538,1
375948,1
345323,1
371277,1
505296,1
384495,1
505293,1
520126,1
518998,1
521711,1
521355,1
227131,1
371264,1
526435,1
206438,1
239703,1
360383,1
505295,1
322080,1
526202,1
350012,1
379492,1
315602,1
353035,1
379490,1
315604,1
380551,1
380553,1
507859,1
507858,1
367737,1
31969,1
193129,1
72550,1
253195,1
228305,1
220610,1
216589,1
379493,1
300329,1
124796,1
227227,1
301458,1
315601,1
238954,1
206923,1
216585,1
222174,1
367516,1
168108,1
296074,1
279829,1
179817,1
256168,1
301708,1
285143,1
317254,1
368683,1
364444,1
289150,1
379494,1
241320,1
379495,1
331256,1
78524,1
243416,1
384496,1
352714,1
369963,1
31981,1
31985,1
44211,1
114273,1
105663,1
132463,1
45997,1
350990,1
273633,1
59261,1
223334,1
105702,1
6283,1
168970,1
285042,11
285042,6
227350,6
114302,7
114302,6
305889,10
124760,10
305893,10
305893,1
79486,10
45778,10
6352,6
6352,12
6408,6
304711,1
127558,1
336921,1
114351,1
118452,1
106294,1
27648,1
109348,1
170981,1
375214,1
150426,1
114465,1
93756,1
77617,1
194792,1
41320,1
91441,1
360428,1
87042,1
278661,15
198657,15
198657,14
198657,11
191424,15
191424,11
191424,14
191420,15
191420,11
191420,14
6516,14
6516,11
6517,14
6517,11
71063,1
71063,6
294275,16
294275,18
103560,16
103560,18
177800,16
177800,18
6527,16
6527,18
373651,16
373651,18
158623,16
158623,18
281846,16
281846,18
131504,18
6532,10
6532,18
182280,10
86011,10
155010,10
180242,10
151922,10
73403,10
187308,4
187308,1
181503,1
186778,1
136982,1
176751,1
54169,1
116003,1
111347,1
242270,1
101664,1
223355,1
524634,1
187310,1
170369,1
287755,1
300062,1
327851,1
28925,1
6547,1
6548,1
32120,4
62450,1
84954,1
178446,1
81951,1
168383,1
63817,1
6643,6
91930,6
90090,6
99447,6
95891,6
99448,6
94341,6
105073,6
75000,6
99709,6
97134,6
98059,6
173138,6
48757,6
43066,6
173139,6
307706,6
51149,6
51150,6
97319,6
97921,6
96925,6
62387,6
78642,6
93888,6
318763,6
96948,6
96869,6
98979,6
70297,6
99291,6
68754,6
223383,6
82902,6
239344,6
89689,6
95121,6
74099,6
318580,6
77590,6
78292,6
32435,6
6693,6
98096,6
98346,6
97764,6
61751,6
62353,6
300271,6
334284,6
32448,6
90819,6
46025,6
95988,6
99496,6
93334,6
97000,6
43315,6
92651,6
105236,6
96827,6
32437,6
97384,6
32442,6
6698,6
90981,6
89326,6
173102,6
94487,6
6628,6
156684,6
199718,6
215964,6
293427,6
102508,6
300274,6
291747,6
91317,6
98093,6
93179,6
300273,6
218403,6
307719,6
82613,6
102509,6
99864,6
55608,6
98838,6
91624,6
168767,6
128829,6
115659,1
102006,1
114442,1
97429,1
66706,8
105771,1
109456,1
114502,1
114504,1
104257,1
67456,1
154071,1
67773,1
114009,8
74722,1
63524,1
49830,1
95608,8
49573,8
300501,8
113798,8
324918,8
32487,1
226383,1
170637,1
6725,1
208784,1
523323,1
195456,1
64816,1
6777,1
75520,1
500299,1
97796,1
6784,1
243425,1
32557,1
132462,1
6792,1
353689,1
156168,7
156168,1
244808,7
244808,1
168111,1
53933,1
371931,1
94780,1
269830,1
32570,1
101336,1
308061,1
308061,4
100204,4
100204,1
387039,4
387039,1
234554,4
6922,4
361737,4
361737,1
164068,4
164068,1
58286,6
306349,6
89679,6
95125,6
304250,6
85742,6
68655,6
95418,6
342662,1
242418,18
242418,1
158764,1
112011,1
270952,1
208000,1
208000,18
273045,1
253788,1
248598,1
248598,18
115493,1
115493,18
71433,1
248600,1
248600,18
298621,1
181252,1
181252,18
240789,1
270953,1
248485,1
130177,1
7028,1
195958,1
195958,18
206925,1
206925,18
285879,1
126484,1
126133,1
126133,18
253791,18
253791,1
306222,1
253158,1
270897,1
270897,18
7030,1
72758,1
7031,1
7031,18
153888,1
153888,18
42650,1
108798,1
108798,18
80975,1
80975,18
130800,1
130801,1
130801,18
254414,18
254414,1
199223,1
109437,1
216807,1
270946,1
248669,1
248669,18
231919,1
7032,1
105643,1
134625,1
124797,1
80739,1
248486,1
174989,1
169663,1
180792,1
169030,1
168513,1
522354,1
7034,1
300583,1
256132,1
256132,6
270191,1
142488,1
109472,1
66216,1
98990,1
309922,1
309922,6
309923,1
309923,6
351734,1
124798,1
124799,1
181253,1
256130,1
67452,1
363778,1
363778,6
201508,1
240815,1
95791,1
75196,1
102905,1
53834,1
320333,1
320333,6
32732,1
169488,1
127747,1
81924,1
163023,1
7053,1
332105,1
332111,1
332101,1
99740,1
7056,1
99556,1
72613,1
89512,1
51337,1
7058,1
250643,1
101237,1
101236,1
7078,1
7078,18
32745,1
279667,1
60050,1
129295,1
287362,1
239957,1
118306,1
118307,1
90192,1
285397,1
194504,1
240657,1
312316,1
312316,6
320332,1
254803,1
254803,6
361082,1
361082,6
274889,1
274889,6
521815,1
264742,1
264742,6
358818,1
358818,6
340635,1
500923,1
501157,1
501157,18
501158,1
500796,1
500796,18
248226,1
500931,1
501174,1
501174,18
500737,18
500737,1
501173,1
388561,1
500739,1
500739,18
248229,1
501176,1
500915,1
209647,18
209647,1
113070,1
63631,1
162463,17
358819,17
352610,17
254984,11
170211,11
101714,1
24471,1
45037,1
104793,1
76506,10
521718,12
521718,13
521718,6
147427,14
226351,1
226351,18
7221,1
7221,18
81896,1
81896,18
95088,1
95088,18
32871,18
32871,1
95847,1
77737,1
43739,1
152402,1
158862,1
158862,20
342411,6
516742,1
138101,1
180005,1
125042,1
223487,1
128049,1
98308,1
268789,1
7291,1
286152,1
7418,4
7429,4
114677,6
114677,11
315011,6
315011,11
309773,6
309773,11
51315,6
92610,11
92610,6
127639,6
91153,6
84196,6
84196,11
46708,6
46708,11
174160,6
174160,11
330459,6
347730,6
182081,6
96830,6
96874,6
97344,6
97344,11
150705,11
150705,6
67106,6
96464,6
75873,6
75873,11
58473,6
145694,6
145694,11
315022,6
306297,6
306297,11
182216,6
220700,11
220700,6
222062,6
222062,11
521187,6
521187,11
95591,6
53101,6
373045,6
373045,2
93014,6
93014,11
59787,6
59787,11
238937,6
238937,11
87543,6
87543,11
52317,6
65197,6
65197,11
64779,11
64779,6
82023,6
521400,6
521400,11
269208,6
269208,11
219356,6
315034,6
315034,11
115199,6
115199,11
66370,6
66370,11
91030,6
91030,11
91990,6
91990,11
169256,6
169256,11
89489,6
33201,6
197576,6
197576,11
198529,6
198529,11
98840,6
84426,6
63266,6
526241,6
526241,11
521462,6
521462,11
58417,6
58417,11
87708,6
87708,11
77468,6
77468,11
47563,6
105242,11
105242,6
97087,6
90535,6
90535,11
92387,6
166638,6
166638,11
93772,6
93772,11
72176,6
72176,11
73302,6
73302,11
526214,11
526214,6
526304,6
526304,11
59205,6
113631,6
113631,11
63164,11
63164,6
101344,6
101344,11
99701,6
99701,11
94376,6
244898,6
518266,6
182324,6
99572,6
99572,11
95077,6
104623,6
104623,11
369155,6
83472,6
83472,11
70136,6
70136,11
162474,6
162474,11
80662,6
317035,6
117247,6
56204,6
179028,6
179028,11
102752,6
67132,6
316125,6
316125,11
373538,6
347325,6
347325,2
504061,6
504061,11
90244,6
101089,6
101089,11
7479,6
7479,11
162573,6
92570,6
92570,11
238936,6
238936,11
376439,6
376439,11
159011,6
159011,11
354804,6
321397,6
189971,6
223599,6
33035,6
33036,6
125920,6
193738,6
82107,6
49135,6
167544,6
101092,6
7514,11
7514,6
296211,11
296211,6
7516,6
7524,6
7524,11
175861,6
195463,6
195463,11
89307,6
89307,11
104806,6
47390,6
371127,1
67388,1
340673,1
97425,1
25547,1
51832,1
134904,1
23749,1
60332,1
134974,1
33346,1
31420,1
7591,1
7594,1
301207,6
301208,6
67076,6
270563,1
33382,1
381313,1
231328,1
125065,1
125483,1
178008,1
213366,1
290260,1
197023,1
183491,1
298725,1
7733,6
100053,6
29193,6
29193,8
7743,6
7793,1
23531,1
46850,1
319810,1
504387,1
167105,1
510451,1
370913,1
133839,1
316393,1
315419,1
289170,1
97252,1
138261,1
97345,1
249461,1
196715,1
323953,1
301594,1
83567,1
269103,1
226867,1
206989,1
306953,1
218005,1
255756,1
122408,1
141923,1
363695,1
77627,1
194421,1
33525,1
175220,1
239962,1
49279,1
94611,1
226847,1
128502,1
247320,1
284943,1
510919,1
298514,1
316992,1
59776,1
272623,1
247309,1
137507,1
84056,1
84056,8
249447,1
127482,1
104699,1
272733,1
91735,1
297594,1
298395,1
73838,1
56436,1
58862,1
248767,1
218006,1
137509,1
33530,1
240022,1
216239,1
510630,1
241922,1
239048,1
153768,1
190687,1
50209,1
171757,1
24086,1
168914,1
72719,1
129889,1
7860,1
168411,1
116663,1
381644,1
158991,1
7877,1
43939,1
33456,1
120483,1
97719,1
7885,1
518252,1
172701,1
79341,1
104493,1
194121,1
136888,1
7886,1
66826,1
7887,1
7891,1
94759,1
93462,1
97811,1
195210,1
97812,1
110223,1
116969,1
85474,1
165373,1
74692,1
60740,1
7893,1
117373,1
63663,1
89995,1
33469,1
186784,1
178912,1
179044,1
535759,1
54875,1
250662,1
367942,1
272731,1
317250,1
325826,1
271004,1
136882,1
7904,1
7905,1
95015,1
149132,1
236959,1
137301,1
45261,1
180969,1
236961,1
236740,1
234270,1
227795,1
226352,1
181281,1
180970,1
104359,1
105079,1
179982,1
92154,1
49540,1
49541,1
202405,1
114013,1
7914,1
7915,1
226120,1
503071,1
384607,1
357419,1
269670,1
103346,1
236042,1
343011,1
191045,1
99080,1
203360,1
169692,1
147576,1
130806,1
99081,1
111303,1
504179,1
503968,1
120917,1
122459,1
7917,1
78171,1
73319,1
286768,1
94591,1
73320,1
113708,1
241535,1
219997,1
7918,1
77676,1
307902,1
172103,1
217794,1
242421,1
58917,1
136942,1
181337,1
33667,1
92120,1
87078,1
166973,1
51853,1
154648,1
202404,1
503792,1
66710,1
33508,1
65521,1
92716,1
97978,1
94266,1
7941,1
98216,1
251622,1
307584,1
236965,1
516380,1
503804,1
328465,1
307336,1
256134,1
300606,8
300606,1
241728,1
375951,1
356164,1
7944,1
151403,1
269320,1
194430,1
245146,1
313402,1
92274,1
86952,1
325834,1
254115,1
72563,1
70260,1
95458,1
95989,1
521544,1
86765,1
248000,1
170787,1
82235,1
247335,1
42555,1
99605,1
58284,1
226111,1
169110,1
153564,1
92753,1
235064,1
136881,1
96754,1
358969,1
59564,1
197528,1
50738,1
102389,1
358834,1
47660,1
44513,1
82118,1
344480,1
227793,1
127489,1
350017,1
116027,1
93902,1
136940,1
345359,1
55128,1
55129,1
91252,1
7903,1
134842,1
236216,1
236229,1
97705,1
79386,1
360709,1
46806,1
91085,1
322083,1
168839,1
517338,1
383007,1
7960,1
7961,1
83338,1
272746,1
535926,4
353881,1
107803,1
8071,6
49605,6
322934,1
231961,1
231961,6
357155,14
386631,14
357191,11
357191,14
177478,1
370500,5
522302,15
522302,11
522302,14
522369,15
522369,11
522369,14
522363,15
522363,11
522363,14
75466,5
156750,11
156750,14
33641,14
33641,11
33642,14
33642,11
299200,1
138571,1
114783,1
139746,1
79617,1
97861,1
95502,1
114518,1
103654,1
63624,1
269032,1
374554,6
382882,6
53919,6
209435,6
268693,6
298099,6
227635,6
500157,6
518050,6
293226,6
268691,6
502933,6
518030,6
293224,6
268694,6
268692,6
271199,6
61809,6
50017,2
67051,2
371558,2
60980,14
81092,2
51884,2
51884,14
42409,2
115798,2
115798,14
325291,1
87496,1
68335,1
8425,1
227921,1
8427,11
8427,1
190075,11
190075,1
22657,11
8432,1
227924,1
344792,1
115859,1
81353,1
93771,1
237026,1
170372,1
103938,1
103422,1
78054,1
184709,1
56756,1
87079,1
203361,1
55534,1
66774,1
99462,1
307609,1
283492,1
94886,1
184710,1
154918,1
8451,1
336033,1
336034,1
350376,1
345673,1
255217,1
255218,1
321973,8
321973,6
95796,6
95796,8
97979,8
59821,6
59821,8
238975,6
238975,8
244809,6
244809,8
368805,6
368805,8
206635,6
206635,8
524377,8
524377,6
244718,6
244718,8
8471,8
34004,6
34004,8
61168,1
154425,1
269593,1
298042,1
53769,1
79853,1
137007,1
99914,1
203934,1
96273,1
346193,7
34041,1
113871,1
43469,1
23595,1
376298,1
8494,1
165738,1
75409,1
169234,6
8501,1
182329,6
34062,1
169611,6
202894,6
322935,1
91924,6
8536,1
99522,6
8545,1
8545,6
55949,1
8555,10
155707,1
249463,1
285403,1
325316,1
8557,1
8559,1
227952,1
517230,1
117112,1
104099,1
253126,1
75843,1
299945,1
104100,1
300115,1
227954,1
517620,1
155705,1
163754,1
55883,1
209893,1
163835,1
374257,1
360600,1
504462,1
504749,1
114544,1
67592,1
517373,1
251078,1
226385,1
114545,1
211135,1
178913,1
50393,1
83874,1
347759,1
302225,1
368697,1
502760,1
377079,1
307007,1
374412,1
503022,1
8565,1
149997,1
378101,1
126064,1
59822,1
110742,1
70224,1
300824,1
252904,1
273949,1
41349,1
306311,1
271400,1
367758,1
319554,1
268757,1
308117,1
300618,1
238690,1
317650,1
336024,1
277435,1
88740,3
88740,11
88740,14
53983,1
237717,1
89935,1
39193,1
174589,1
358489,1
97834,1
170225,1
317371,1
182992,1
91426,1
99212,1
93264,1
501607,1
501773,1
501892,1
503605,1
503685,1
193319,1
503074,1
503196,1
174602,1
501535,1
21469,1
69079,1
501922,1
502802,1
335915,1
503442,1
503342,1
502794,1
503131,1
502220,1
502009,1
501668,1
503036,1
502691,1
502610,1
151782,1
537415,1
502692,1
52233,1
135964,1
81326,1
102917,1
504733,1
335930,1
98330,1
298847,1
94697,1
503643,1
93841,1
503674,1
503142,1
501533,1
212685,1
502294,1
501725,1
501441,1
300219,1
504411,1
501710,1
502411,1
520392,1
502968,1
103015,1
501819,1
501796,1
74603,1
68215,1
502039,1
503330,1
212695,1
501765,1
102998,1
228902,1
174612,1
222325,1
503622,1
504685,1
502408,1
502832,1
503518,1
503649,1
501878,1
501722,1
89831,1
502927,1
501930,1
501515,1
61027,1
503093,1
251016,1
501788,1
350705,1
501823,1
503205,1
502160,1
503280,1
501857,1
198942,1
501762,1
503694,1
504814,1
502383,1
501621,1
111799,1
503625,1
78840,1
503345,1
504050,1
503257,1
86276,1
87789,1
138856,1
111427,1
183045,1
502462,1
131687,1
502084,1
502627,1
502190,1
78579,1
502961,1
501891,1
502887,1
153160,1
502109,1
502349,1
502457,1
501669,1
253084,1
169101,1
537414,1
8616,1
115201,1
39179,1
8622,1
67839,1
39183,1
47208,1
8632,1
46940,1
40501,1
307724,1
280856,1
352428,1
360627,1
297269,1
360721,1
248769,1
211139,1
382316,1
212181,1
512063,1
361715,1
334679,1
360689,1
40504,1
336391,1
178487,1
167041,1
78310,6
294672,1
359846,1
50176,1
296144,1
306923,1
306924,1
306927,1
360698,1
361083,1
296148,1
296148,6
49653,1
296155,1
363371,14
363371,11
382309,1
382309,6
515219,15
8755,4
8779,10
115330,1
116766,1
118029,1
313759,1
263471,1
297757,1
332848,1
349782,1
182116,1
152390,1
209341,1
517249,1
357429,1
328110,1
194043,1
169872,1
70522,1
376031,1
251158,1
376032,1
127153,1
94408,1
45679,1
148447,1
68385,1
85432,1
183963,1
321458,1
251161,1
376033,1
180723,1
510470,1
238107,1
321459,1
127154,1
238108,1
99430,1
368926,1
75241,1
40664,1
70590,1
89694,1
95503,1
238111,1
112056,1
297759,1
69236,1
238112,1
104462,1
95375,1
252311,1
343546,1
332855,1
343547,1
255689,1
96584,1
524620,1
198403,1
298786,1
96567,1
209108,1
305846,1
56733,1
281927,1
251182,1
209346,1
343548,1
272332,1
104937,1
306667,1
76476,1
201512,1
368826,1
43603,1
251185,1
217086,1
316711,1
298787,1
68072,1
332859,1
326490,1
321468,1
375544,1
281935,1
237393,1
524373,1
298789,1
251190,1
136768,1
44296,1
209352,1
305130,1
196466,1
73472,1
102822,1
298790,1
45620,1
169519,1
196467,1
300333,1
125913,1
111098,1
209110,1
192989,1
217088,1
254268,1
53485,1
191794,1
263357,1
100020,1
316807,1
89394,1
137261,1
64028,1
40686,1
73603,1
127158,1
332863,1
251202,1
57497,1
111213,1
238120,1
253089,1
372745,1
209355,1
180730,1
316713,1
209010,1
343551,1
210814,1
136769,1
222188,1
306677,1
524523,1
381623,1
332868,1
332869,1
222190,1
56691,1
306679,1
102561,1
182422,1
291276,1
40689,1
71683,1
90814,1
252189,1
154859,1
93235,1
237396,1
73074,1
251206,1
306682,1
237397,1
193254,1
332876,1
524365,1
209359,1
40629,1
43150,1
81654,1
81655,1
176094,1
82812,1
89145,1
524486,1
222194,1
127159,1
54942,1
64451,1
78811,1
321474,1
238123,1
114982,1
148451,1
66620,1
245944,1
524570,1
105120,1
357433,1
115334,1
151878,1
237400,1
281949,1
124518,1
367630,1
251295,1
332880,1
52738,1
272365,1
372749,1
526129,1
372751,1
517575,1
372752,1
56341,1
84608,1
524345,1
332884,1
66721,1
251305,1
299454,1
75686,1
222197,1
251306,1
306689,1
269540,1
45064,1
51481,1
248930,1
167636,1
93490,1
217089,1
332888,1
95806,1
270290,1
176982,1
524391,1
238132,1
501566,1
116793,1
209385,1
222362,1
222199,1
298801,1
169239,1
222201,1
222203,1
193256,1
222206,1
305186,1
305188,1
251327,1
272392,1
370786,1
251333,1
193012,1
180738,1
182423,1
332895,1
151883,1
365967,1
332897,1
202547,1
251337,1
299460,1
111763,1
313783,1
115335,1
78764,1
306366,1
167641,1
46328,1
196833,1
180291,1
306698,1
251343,1
344470,1
58568,1
290831,1
196834,1
116797,1
96131,1
151885,1
98247,1
136774,1
208886,1
222213,1
222365,1
148454,1
209389,1
209390,1
332903,1
82485,1
281965,1
237404,1
270304,1
127165,1
286554,1
286555,1
300623,1
524513,1
184072,1
64893,1
251351,1
66046,1
92830,1
251353,1
44783,1
526051,1
116798,1
96616,1
99863,1
93212,1
332904,1
524390,1
109078,1
316808,1
251362,1
196835,1
305588,1
251363,1
270305,1
84712,1
222367,1
315975,1
373669,1
238149,1
252336,1
334804,1
115336,1
116802,1
315976,1
169882,1
182424,1
193019,1
272422,1
504197,1
45420,1
184051,1
270308,1
63985,1
180155,1
184061,1
127708,1
75292,1
383349,1
104469,1
343568,1
91937,1
332913,1
47479,1
524439,1
140106,1
272427,1
62334,1
196474,1
116805,1
129367,1
332914,1
298817,1
47200,1
97610,1
70177,1
127170,1
306709,1
349792,1
114987,1
517265,1
291709,1
525599,1
524512,1
524346,1
332917,1
524532,1
332919,1
343569,1
334656,1
77477,1
115337,1
97688,1
382491,1
149017,1
238154,1
372756,1
212303,1
316722,1
251396,1
350692,1
239644,1
316723,1
237414,1
365708,1
50136,1
85672,1
281986,1
102320,1
99523,1
504149,1
332926,1
239646,1
299465,1
127711,1
180752,1
270314,1
92669,1
136780,1
116807,1
283448,1
222223,1
237417,1
98629,1
196475,1
299466,1
252218,1
374778,1
222227,1
332929,1
209392,1
332930,1
239647,1
238158,1
137026,1
526385,1
501691,1
237422,1
365710,1
381632,1
98780,1
94923,1
48868,1
222230,1
365713,1
212791,1
254805,1
251358,1
524468,1
343572,1
78177,1
332932,1
281994,1
524530,1
238163,1
376178,1
91244,1
366046,1
351025,1
251427,1
166270,1
40754,1
46218,1
115339,1
103466,1
167610,1
272446,1
251433,1
70664,1
76898,1
81465,1
57980,1
72209,1
169238,1
69151,1
57528,1
223844,1
95992,1
78658,1
48526,1
65631,1
67622,1
193777,1
94931,1
91303,1
222222,1
149012,1
180735,1
175444,1
70178,1
223863,1
108594,1
8829,1
195150,1
113086,1
8803,1
8805,1
8807,1
126008,1
523901,1
73531,1
64064,1
64109,1
69718,1
55713,1
48869,1
223870,1
8813,1
336621,1
97035,1
50823,1
8815,1
40609,1
8818,1
40614,1
40621,1
8821,1
129315,1
530741,1
46814,1
58129,1
8823,1
209828,1
99289,1
195605,1
85092,1
223875,1
40643,1
56770,1
42597,1
81909,1
89658,1
81884,1
8838,1
155427,1
40652,1
62141,1
84220,1
251944,1
113867,1
40633,1
112271,1
40635,1
8830,1
220816,1
305885,8
8842,16
8842,18
8842,1
133263,16
133263,1
133263,18
90526,16
90526,18
90526,1
125492,16
125492,18
125492,1
90257,16
90257,1
137936,16
137936,18
137936,1
101803,18
101803,16
101803,1
125577,16
125577,18
125577,1
40764,16
40764,1
133841,16
133841,1
133841,18
85860,16
85860,18
85860,1
81284,18
81284,16
81284,1
8871,9
8871,6
220528,2
208535,2
338884,6
365152,6
176518,6
176517,6
285446,6
338885,6
376887,6
376361,6
517106,6
171312,6
151346,6
44501,6
192167,6
307590,6
327475,6
307591,6
351312,6
139936,6
90491,6
209101,6
211817,6
41560,6
78075,6
219212,6
54699,6
361720,6
381355,6
358846,6
383683,6
383686,6
374250,6
356498,6
294939,6
160517,6
209442,6
211760,6
296749,6
296748,6
340894,6
45614,6
326918,6
328295,6
280234,6
139938,6
180569,6
139937,6
361719,6
294425,6
363803,6
381356,6
387744,6
376896,6
219366,6
385204,6
346060,6
387785,6
387756,6
387757,6
387758,6
506800,6
387749,6
387750,6
387751,6
387753,6
387752,6
387754,6
387755,6
365171,6
386586,6
360966,6
345737,6
383692,6
360539,6
388606,6
387773,6
387763,6
387762,6
387766,6
387764,6
387761,6
387770,6
387765,6
387772,6
387771,6
345759,6
387786,6
387784,6
375037,6
376383,6
361018,6
273061,6
316898,6
211203,6
275589,6
221150,6
245189,6
523297,6
502864,6
308251,6
133988,6
523296,6
501941,6
275591,6
273066,6
143296,16
143296,1
357105,1
357107,15
357092,15
357094,15
357084,1
357097,1
357042,1
522574,1
522446,15
522787,15
364379,6
373084,6
348590,6
375248,6
89832,6
227245,6
219910,6
194415,6
230543,6
230539,6
61269,6
273669,6
380499,6
368955,6
374022,6
378982,6
8987,6
115271,6
134782,6
121974,6
70475,6
223914,6
132862,6
124384,6
8997,6
331251,6
100043,6
238695,6
296567,6
375189,6
318329,6
40888,6
311260,1
125423,6
309440,6
309439,6
9021,1
75395,6
328566,6
353140,6
305544,6
305346,6
357671,6
333830,6
115250,6
178180,6
277041,6
263233,6
230544,6
358686,6
328567,6
230540,6
350655,6
305543,6
333829,6
255604,6
89802,6
272932,6
349741,6
320189,6
308123,1
9155,1
9155,11
369542,1
369542,11
326263,1
326263,11
9156,1
118047,1
118047,11
232013,7
87020,7
79806,1
9170,1
9171,1
9172,1
9173,1
190939,1
9176,1
41187,2
41187,11
69124,2
69124,11
212353,2
212353,11
226045,2
76498,2
76498,11
208965,2
208965,11
310796,3
310796,11
310796,14
238650,3
238650,11
238650,14
43900,3
43900,11
43900,14
43900,7
43900,1
41191,11
264264,1
43848,1
525038,1
176549,4
176549,1
73511,1
371577,1
86281,1
217350,1
526087,1
79028,1
180181,1
141522,1
525985,1
525982,1
147638,1
164862,1
58315,1
141556,18
141556,1
58709,1
124557,1
98796,1
318209,1
369625,18
369625,1
80234,1
525709,1
151492,1
333930,1
524497,1
525815,1
82241,1
162548,1
525190,1
69551,1
131200,1
104657,1
210573,1
71550,18
71550,1
64287,1
170815,4
170815,1
51275,1
54346,1
48216,1
526056,1
318178,1
76770,1
337424,1
525965,1
42148,1
103916,1
104205,16
104205,18
104205,1
266236,1
526019,1
525938,1
525730,1
263462,1
105631,1
102052,1
220920,1
77747,1
103513,1
371575,1
264270,1
141031,1
162544,1
242346,1
242254,1
231580,1
316150,1
59121,1
384881,1
150841,1
267786,1
50551,1
172712,1
264206,1
183260,1
115141,1
267567,1
267567,18
104730,1
9233,1
77546,18
77546,1
218340,1
80685,1
80686,1
9257,1
369629,1
84612,8
84612,1
47762,1
47762,18
207511,1
207511,18
315898,16
315898,18
315898,1
141764,1
141764,18
47763,1
47763,18
9336,1
236723,1
21175,1
255154,1
71966,1
47295,18
47295,1
92671,1
223997,18
223997,1
384649,18
384649,1
384656,1
119246,1
65310,1
9362,1
162539,1
9375,8
9375,1
76930,1
76930,18
46071,18
46071,1
155214,18
155214,1
311370,16
311370,18
311370,1
119587,6
517161,7
517161,1
124673,6
9430,6
244112,6
255997,6
255998,6
255999,6
127462,6
9432,6
9433,1
9517,18
9517,10
53283,10
237438,10
234191,10
9520,10
268060,10
59504,6
69692,6
256174,11
63926,1
9651,2
9651,11
315339,1
28154,1
285594,1
193263,1
361196,6
180419,1
9729,1
9728,1
353999,1
59930,1
89897,1
67749,1
517605,1
155732,1
85051,1
235124,1
168895,1
115119,1
54264,1
103627,1
275412,1
196053,1
293682,1
296951,1
135728,1
51741,1
72005,1
43954,1
116014,1
89834,1
42983,1
247937,1
68817,1
82335,1
292943,1
59984,1
259070,1
64139,1
55283,1
246325,1
292990,1
104391,1
59931,1
294393,1
226830,1
61001,1
115125,1
75711,1
211664,1
65161,1
313983,1
216384,1
125447,1
9751,1
178496,1
294395,1
294394,1
194962,1
97720,1
9753,1
283086,1
72006,1
9755,1
283166,1
283167,1
211633,1
283170,1
283177,1
213855,1
306216,1
9756,1
283226,1
283235,1
81043,1
91833,1
283242,1
98604,1
115126,1
9764,1
304579,1
129328,1
189322,1
125730,1
54706,1
211647,1
283258,1
211625,1
9759,1
514382,18
514382,1
59705,2
59705,11
195120,1
121221,1
121225,1
307102,1
159513,1
31424,1
300935,1
72666,1
58985,1
93299,1
138066,1
112207,1
9812,1
51742,1
98954,1
139756,1
307909,1
56553,1
62585,1
89934,1
189437,1
62586,1
61544,1
296624,1
90876,1
125071,1
293049,1
293051,1
384463,1
293050,1
312637,1
343625,1
511679,1
386139,1
512224,1
299979,1
368980,1
336890,6
280114,10
500126,10
61662,2
81171,1
48530,1
48530,2
500132,6
143508,6
197137,6
154254,6
114784,6
171337,6
171337,11
102095,6
224055,6
143253,6
269954,6
214892,6
214892,11
112836,6
121858,6
143252,6
143252,11
9878,6
224056,6
143254,6
225995,6
175773,6
138243,6
224058,6
165968,6
209784,6
93234,6
228771,6
103385,6
181157,6
103631,6
189898,6
330081,6
159826,1
159826,6
50856,1
50856,6
367368,6
287460,6
67017,6
182431,6
96353,6
296823,6
295408,6
45459,6
178588,6
322103,6
112022,6
116721,6
99904,6
120606,6
166621,6
178590,6
239000,6
117184,6
162629,6
42824,6
138090,6
260645,6
281020,6
282089,6
9880,6
9880,11
378937,6
239747,6
239747,11
60876,6
60876,11
72564,6
72564,11
108219,6
108219,11
9881,1
9881,6
212225,6
9883,6
9883,11
241885,6
231665,6
231665,11
226011,6
500316,6
116831,6
24039,6
521383,6
151673,6
192434,6
278256,6
212226,6
212226,11
322028,6
287697,6
117267,6
220595,6
41930,6
41930,11
379710,6
41929,6
93937,6
93937,11
121860,6
318853,6
251862,6
209445,6
124546,6
124546,11
239755,6
239758,6
521317,6
374732,6
73305,6
73305,11
196842,6
9886,6
184589,6
128414,6
46748,6
61784,6
209514,6
120605,6
66304,6
66304,11
226537,6
380267,6
386174,6
386170,6
380266,6
380268,6
380269,6
178484,6
197122,6
344274,6
124933,6
124933,11
533248,6
225994,6
106372,6
110059,6
515236,6
356137,6
363674,6
363675,6
45869,6
338067,6
197139,6
74019,6
55964,6
337170,6
229295,6
359092,6
201924,6
44035,6
181158,6
160534,6
536029,6
351531,6
334815,6
363783,6
334816,6
44515,6
322105,6
335522,6
361004,6
139853,6
194008,1
361091,6
358854,6
66305,1
24487,1
73623,1
84881,1
9940,1
9943,6
290519,6
56674,1
22409,6
58195,6
118420,6
9993,18
9993,1
314038,1
324038,1
332833,1
316211,1
128981,1
61421,18
61421,1
98781,1
57020,1
316209,1
154281,1
237090,1
162012,1
224074,1
211812,1
86436,1
317730,1
322498,1
107270,1
345376,1
373125,1
511691,1
333309,1
141837,1
351039,1
180315,1
85624,1
77687,1
373126,1
315674,1
75550,8
75550,6
241273,6
109141,1
246623,5
52559,1
10030,20
10030,1
61886,10
57081,1
248921,1
269913,1
190407,1
10066,1
23471,1
341777,1
341773,1
10067,1
10068,1
349237,1
10069,1
249456,1
249455,1
236033,1
50199,1
341772,1
221771,18
221771,1
99394,18
99394,1
221770,1
284744,1
368653,1
86178,18
86178,1
83179,1
115651,1
78582,1
10083,1
89107,18
89107,1
273635,1
167792,1
255128,1
90290,1
368982,1
209094,18
209094,1
23892,18
23892,1
238847,18
238847,1
99437,1
118995,1
162475,1
76660,18
76660,1
188451,18
188451,1
224102,4
224102,1
177199,4
177199,1
324515,4
324515,1
371206,1
306493,1
334987,4
334987,1
58461,4
58461,1
258007,4
258007,1
372161,4
271770,4
271770,1
89734,4
89734,1
10261,4
10293,1
306806,1
94680,1
10303,6
383385,6
65820,1
74338,1
146013,1
317140,1
281774,1
116101,6
116101,1
10407,1
204274,1
506642,1
506861,1
288035,1
350021,1
343013,1
506658,1
506684,1
10421,6
537773,10
537847,10
129344,6
10471,2
45804,2
367316,6
53380,6
138715,2
288063,2
286758,2
23449,6
53568,2
181408,2
44861,7
44861,2
44861,11
291834,7
372766,6
372767,6
135736,6
245955,6
195473,11
195473,3
53381,11
53381,6
309331,1
80172,6
197925,6
130635,6
53382,1
75141,1
309330,1
57652,16
57652,18
57652,1
243725,16
243725,18
243725,1
149024,1
359117,1
273952,1
345249,1
178067,1
175171,1
72322,1
181278,1
104186,1
315846,1
315847,1
512402,1
512471,1
512022,1
512322,1
512440,1
84968,1
343912,1
156103,1
307913,1
505277,1
176495,1
512124,1
101412,1
57956,1
525933,1
526033,1
239009,1
318544,1
10573,1
227337,1
234078,1
125099,1
358865,1
46652,10
115653,1
265859,7
265859,12
10629,1
270732,1
103682,1
139123,1
47321,1
372606,1
504101,1
10634,1
10636,18
10636,1
10637,1
10643,1
73153,1
505490,1
298920,6
297900,6
294564,6
10748,1
131022,1
65967,1
194589,1
22851,1
23752,1
24175,1
324977,1
507376,6
507100,6
10796,1
69790,1
81733,1
507369,1
10799,1
146760,1
110775,1
332167,6
131019,1
128292,1
10874,5
10874,16
291777,5
291777,16
184716,1
240676,1
47911,5
10926,7
10926,2
10926,11
294754,1
345852,1
285972,1
177869,1
237941,1
247635,1
176696,1
11031,10
11031,1
74809,10
11042,1
270955,1
270955,20
369628,20
369628,1
116500,20
116500,1
360280,20
360280,1
166960,20
166960,1
169023,20
169023,1
219314,20
75995,18
75995,20
75995,1
145927,18
145927,1
150183,20
150183,1
344996,20
344996,1
343906,20
343906,1
121879,20
121879,1
150202,20
150202,1
155859,20
155859,1
272084,1
272084,20
41243,20
41243,1
331643,1
102199,1
121888,20
121888,1
59138,20
59138,1
218842,20
218842,1
369463,20
44984,20
344999,1
344999,20
169163,20
169163,1
253435,20
253435,1
155861,20
155861,1
155862,20
145938,20
145938,1
319081,18
319081,20
319081,1
155860,20
155860,1
138941,18
138941,1
166195,1
166195,20
140130,20
140130,1
132229,20
132229,1
135284,20
135284,1
104608,20
104608,1
104628,1
104628,20
381666,1
381666,20
150185,1
150185,20
354446,1
354446,20
62732,6
325018,5
251695,5
55098,11
55098,6
125100,11
125100,6
326142,8
326142,16
326142,1
11144,11
11144,6
81058,11
81058,6
11156,1
11156,7
280994,7
280994,1
212867,10
212868,10
184093,10
33976,10
252420,10
359529,10
155419,10
352744,10
175634,10
175634,1
11157,10
140139,10
285762,10
285762,1
116018,10
118188,10
518426,10
104385,10
111158,10
111158,1
272758,10
373189,10
163836,10
73460,10
154637,10
118737,10
80383,10
154638,10
177291,10
181226,10
359902,10
63387,10
63119,10
137370,10
137370,1
528138,10
367784,10
189436,10
189436,1
54584,10
369126,10
224270,10
155479,10
224271,10
271977,10
102670,10
86196,10
74617,10
74617,1
81059,10
316297,10
372179,10
519222,10
76328,10
99154,10
170737,10
108680,10
357500,10
153123,10
90406,10
212873,10
87808,10
11169,10
115804,10
239392,10
48168,10
59229,10
78820,10
78272,10
62132,10
300063,10
129087,10
317187,10
118189,10
63236,10
70206,10
84795,1
116632,1
116629,1
382290,1
11183,1
104429,1
251574,1
251489,1
74037,1
176763,1
45229,1
350772,1
168686,1
504324,1
345382,1
67712,1
57233,1
210325,1
193276,1
168925,1
381649,1
381649,20
118745,1
116630,1
151338,1
64957,1
298926,1
73885,1
47116,1
105730,1
54222,1
196500,1
349804,1
387951,1
248973,1
379765,1
379765,20
120049,1
196306,1
187272,4
255056,1
194348,10
194033,10
11285,1
107606,1
46121,1
11303,20
11303,1
512144,6
101416,6
73449,6
353068,6
350961,6
511386,6
212231,1
212231,2
318630,18
318630,1
324098,16
324098,11
95546,11
95546,14
84380,11
84380,14
11444,11
11444,14
57664,11
57664,14
57665,11
57665,14
67511,11
67511,14
326813,11
326813,14
172554,11
172554,14
380557,1
323957,1
191883,1
362679,1
325600,1
345710,1
179401,1
44467,1
351090,1
217093,1
226779,1
11491,1
322096,1
351091,1
81198,1
79562,1
134887,1
221236,1
113967,1
516929,1
516930,1
295410,1
11498,1
336046,1
131448,1
212042,1
138642,1
362799,1
48633,1
53403,1
11503,1
362753,1
115211,1
520660,1
180796,1
219487,1
74642,1
114397,1
220192,1
360438,1
522073,1
204075,1
166318,1
380559,1
522084,1
367786,1
511674,1
505048,1
327589,1
350023,1
224378,1
324526,1
505047,1
511311,1
26079,1
58296,11
58296,5
58296,1
58296,14
304353,11
304353,5
304353,1
304353,14
283373,1
283372,1
67591,16
500127,16
117765,16
96475,16
526291,16
100066,16
138201,16
97205,16
90608,16
90180,16
95293,16
167616,16
48821,16
64146,16
92044,16
90395,16
137688,16
89650,16
11627,16
160021,16
522708,11
522708,5
11643,11
11643,14
11644,11
256792,11
315863,1
315863,18
315863,16
195627,1
195627,18
195627,16
160040,18
160040,1
224387,1
224387,18
224387,16
85496,1
85496,18
85496,16
218722,18
218722,1
11725,1
336819,1
129497,1
103918,1
116637,1
82688,1
386670,1
386441,1
386548,1
386546,1
386413,1
386671,1
386549,1
386547,1
229845,1
226507,1
224389,1
523653,5
99699,6
11820,7
11834,10
11834,1
11835,10
11835,1
175258,10
175258,1
20593,10
20593,1
60746,11
60746,10
120496,11
120496,10
256139,6
178001,1
178001,20
54017,1
171119,1
171119,20
160130,1
160130,20
11923,20
11923,1
521484,20
521484,1
183502,1
183502,20
61723,1
61723,20
11998,5
63319,1
75739,1
67961,1
50940,1
224413,1
87841,1
269958,1
57146,1
46928,6
75740,1
74060,1
126285,1
85723,1
12084,1
181263,6
12104,1
124580,1
137988,1
63688,1
342470,1
219550,1
137989,1
178427,1
336036,1
514437,1
376299,1
178426,1
235083,1
335193,1
250938,1
46276,1
256827,1
251714,1
61523,1
315854,1
506850,1
335195,1
53510,1
382454,1
286170,1
156070,1
212281,1
78856,1
58808,1
219551,1
208128,1
80257,1
169144,1
383257,1
273201,1
519452,1
183597,1
47682,1
198602,1
327481,1
78855,1
273212,1
156069,1
102456,1
345453,1
247608,1
519429,1
343435,1
285213,1
235959,1
369198,6
64147,1
351131,1
333881,1
183355,1
255137,1
25379,1
235804,1
78429,1
336407,1
251712,1
226127,1
334768,1
344254,1
351132,1
106302,1
333883,1
239698,1
344255,1
286188,1
518240,1
227592,1
506701,1
351014,1
103128,1
285214,1
114974,1
243054,1
504589,1
336692,1
103061,1
273200,1
286190,1
285215,1
367789,1
72217,1
243055,1
219555,1
286192,1
178429,1
218455,1
270590,1
517741,1
351230,1
307694,1
137995,1
345744,1
169142,1
107680,1
359125,1
344258,1
55375,1
317607,1
506760,1
150812,1
235805,1
345572,1
211212,1
375126,1
235806,1
286196,1
334770,1
504697,1
95686,1
376304,1
366850,1
367667,1
317210,1
382464,1
352756,1
116257,1
54832,1
504236,1
368890,1
178431,1
59610,1
351134,1
178432,1
506787,1
81993,1
325662,1
255704,1
324843,1
124595,1
345456,1
219559,1
219612,1
219609,1
219587,1
78439,1
150565,1
180549,1
264474,1
255427,1
137403,1
12118,1
22774,1
345221,1
92423,1
301189,1
377750,1
377771,1
72726,1
12121,1
90181,1
201461,1
217023,1
12122,1
105784,1
12123,1
71657,1
44414,1
56447,1
336404,1
48822,1
67669,1
326760,1
140143,1
345814,1
86572,1
72303,1
197312,1
169125,1
77696,1
104753,1
196522,1
180817,1
336405,1
94402,1
90494,1
307648,1
91110,1
66816,1
351055,1
56127,1
196521,1
256304,1
270591,1
46277,1
48954,1
345713,1
343433,1
316553,1
299624,1
212021,1
170739,1
97030,1
317190,1
273204,1
97776,1
345720,1
240890,1
525768,1
90182,1
50106,1
48823,1
74480,1
96414,1
255142,1
98148,1
307670,1
77697,1
83829,1
49707,1
219564,1
169133,1
98117,1
180010,1
273209,1
83446,1
95323,1
219565,1
182524,1
86444,1
91631,1
86445,1
172172,1
273080,1
257119,1
55162,1
345180,1
219605,1
374551,1
241083,1
76308,1
51794,1
55980,1
209581,1
353710,1
75088,1
367788,1
69149,1
93628,1
82281,1
353718,1
62802,1
72669,1
78973,1
338295,1
70684,1
74381,1
526222,1
228340,1
219590,1
307681,1
353715,1
48361,1
326771,1
58001,1
46555,1
65050,1
252899,1
353720,1
307683,1
65744,1
219613,1
196174,1
48228,1
52193,1
65673,1
62462,1
77576,1
44277,1
526187,1
44759,1
182392,1
353714,1
118291,1
66292,1
307684,1
50713,1
151353,1
387689,1
182528,1
64841,1
178579,1
182529,1
299436,1
68321,1
194122,1
74716,1
307690,1
81360,1
43053,1
105107,1
175181,1
77614,1
52895,1
526329,1
68207,1
48747,1
333017,1
98527,1
182396,1
179879,1
345728,1
360270,1
74883,1
151354,1
324982,1
324656,1
353717,1
526347,1
343438,1
91077,1
514440,1
54831,1
79798,1
219596,1
99303,1
138723,1
182907,1
526427,1
526393,1
70808,1
76779,1
333886,1
50553,1
525638,1
219599,1
526368,1
86673,1
50075,1
335206,1
316055,1
299633,1
99787,1
73214,1
55698,1
112006,1
221282,1
276488,1
221349,1
228456,1
196172,1
12155,1
117522,1
272879,1
80440,1
138125,1
12159,1
97880,1
64591,1
76397,1
12162,1
12163,1
12164,1
377827,1
377760,1
62633,1
12165,1
41555,1
79111,1
69200,1
91269,1
46400,1
99395,1
377761,1
82946,1
94318,1
91813,1
70928,1
12172,1
101426,1
47681,1
92520,1
114173,1
12184,1
113467,1
30913,1
12186,1
138156,1
95905,1
149090,1
370216,1
370219,1
370215,1
228342,1
112341,1
254124,10
154643,10
226852,10
256971,10
504931,10
71459,10
168516,10
103968,10
190013,10
73745,10
168517,10
151251,10
54562,10
47192,10
167944,10
65667,10
154394,1
154397,1
366038,1
366039,1
366143,1
366202,1
366223,1
366240,1
366252,1
366263,1
366267,1
366293,1
366295,1
62243,1
366382,1
366421,1
366432,1
366439,1
366479,1
366526,1
366779,1
12226,1
115223,1
215384,1
52777,1
86453,1
177519,1
117529,1
119971,1
105131,1
43341,1
53650,1
119973,1
82443,1
119972,1
77446,1
297925,1
78636,1
86697,1
67601,1
90445,1
81954,1
113883,1
68936,1
196356,1
90926,1
114399,1
61951,1
207011,1
335167,6
12302,6
65975,2
65975,12
54515,11
54515,14
138793,11
138793,14
196002,6
196002,1
73256,6
73256,11
59300,14
59740,6
59740,1
12404,6
46730,11
46730,14
12407,11
12407,14
120465,18
120465,1
41605,18
41605,1
54153,10
270958,10
226853,10
270118,10
377823,10
220768,10
152375,10
154652,10
335637,1
352125,10
352125,1
43921,10
358372,10
124814,10
206280,10
269612,10
74219,10
82409,10
66851,10
180619,10
70387,10
286503,10
352759,10
148123,10
175183,10
297293,10
219230,10
275324,10
252305,10
287829,10
124815,1
342460,1
367794,1
342444,1
342471,1
342446,1
331608,1
12420,1
357800,1
169213,1
230693,1
72803,1
71081,1
209638,1
126896,1
511813,1
162405,1
162411,1
108181,1
181781,1
338228,1
85008,1
86031,1
153664,1
154660,1
520444,1
226313,1
12479,1
211890,1
12486,1
80589,1
80589,6
12538,11
120479,6
93157,6
113482,6
272061,6
285603,6
193571,6
12557,6
382856,1
286110,6
128953,6
374260,6
228635,6
135978,6
526310,1
371678,6
12559,6
307114,1
325217,1
331067,1
181707,1
277086,1
227588,1
227588,18
65281,1
75763,16
75763,18
75763,1
96291,18
96291,1
351723,1
42825,18
42825,1
255072,1
269613,18
269613,1
131255,1
131255,18
127367,1
194464,1
194464,18
241008,1
298051,1
272766,1
272766,18
378691,1
125923,18
125923,1
85609,1
85609,18
280692,1
197323,1
290508,1
303222,1
349529,1
322501,1
378694,18
378694,1
378692,1
227901,1
370467,1
317217,1
378696,1
297890,1
289036,18
289036,1
272767,1
324993,1
254119,1
47239,1
47239,18
324549,1
285604,1
317218,18
317218,1
521885,1
521885,18
152215,1
325879,1
378695,1
378693,18
378693,1
279840,18
279840,1
54730,1
54730,18
60829,1
54731,1
61373,18
61373,1
56675,1
75232,18
75232,1
50280,18
50280,1
514444,1
61968,1
514446,1
514447,1
514448,1
514449,1
514451,1
378689,1
152665,1
152666,8
152666,1
516934,8
516934,1
260261,1
198567,1
297746,1
179854,1
180347,1
290134,1
284213,1
254537,1
115227,1
136500,1
327890,1
31413,1
124363,1
12592,10
370734,11
370734,14
330231,11
330231,14
522501,11
522501,14
259202,1
63940,5
70149,5
12621,2
12621,11
12624,5
12624,1
505239,11
505239,14
55453,11
55453,14
69147,2
69147,11
69147,14
69147,6
521192,11
521192,14
521192,6
522955,11
522955,14
505567,11
505567,14
363926,11
363926,14
505569,11
505569,14
325017,5
325017,14
62471,6
86218,1
108679,6
32999,1
193574,6
47685,6
12705,1
12706,1
72387,1
365342,1
30469,1
504627,1
504483,1
504581,1
156991,1
504193,8
521744,8
517501,8
368075,1
374744,1
368076,1
368077,1
351159,1
115230,1
153783,1
198574,1
76459,1
300118,1
248770,1
129581,1
162920,1
369388,1
369389,1
504392,1
504871,1
51655,1
65254,1
127495,1
137061,1
77354,1
221402,1
12736,1
297961,1
270751,1
184194,1
342472,1
364324,1
373252,1
373251,1
386581,1
364328,1
364329,1
86095,1
323082,1
274789,1
274788,1
273504,1
243651,1
83962,1
53534,1
66975,1
352761,1
378879,1
95904,1
272626,1
180977,1
168754,1
127975,1
271617,1
135620,1
302645,1
302644,1
302642,1
319455,1
339525,1
302336,1
302337,1
521628,1
115977,1
66128,1
133946,1
201130,1
68294,1
61049,1
184212,1
76550,1
365344,1
157540,1
53756,1
265983,1
79413,1
265905,1
324598,1
83648,1
189910,1
116710,1
103438,1
194802,1
265931,1
352923,1
116258,1
116711,1
102676,1
137060,1
45853,1
126537,1
135981,1
169699,1
345386,1
521511,1
137804,1
70595,1
239939,1
124194,1
124195,1
182483,1
109797,1
124493,1
103092,1
368876,1
61163,1
307597,1
81181,1
78121,1
522164,1
272938,1
265996,1
266000,1
138707,1
211841,1
132316,1
265998,1
344278,1
352924,1
297720,1
178583,1
180317,1
85237,1
126149,1
102609,1
265961,1
107669,1
44750,1
323548,1
374355,1
302648,1
47632,1
63893,1
282539,1
522161,1
184228,1
137059,1
180338,1
135983,1
359135,1
360603,1
294052,1
336541,1
337439,1
293364,1
108730,1
374717,1
359129,1
359130,1
382547,1
359138,1
359131,1
359132,1
359133,1
369801,1
48001,1
53119,1
297431,1
337440,1
306907,1
337438,1
306909,1
306911,1
306783,1
275011,1
265997,1
271355,1
337446,1
337447,1
315614,1
335207,1
333874,1
376802,1
325497,1
345271,1
325498,1
369387,1
335208,1
358734,1
315616,1
315617,1
337450,1
337454,1
242448,1
48786,1
118317,1
306942,1
184224,1
302917,1
135032,6
92561,1
181743,6
296131,6
196496,6
194514,6
110096,6
139777,6
50814,6
95494,6
191817,6
239766,6
111761,6
105627,6
202704,6
312816,6
279230,1
182572,6
64059,6
282072,6
263228,1
533583,6
224528,6
12789,6
224530,6
104392,6
136359,6
69760,6
12792,1
228860,6
378946,6
241259,6
135026,6
12796,6
88989,6
327060,1
198064,6
198064,1
240243,1
240243,6
238095,1
238095,6
253050,1
253050,6
60191,1
229219,6
229219,1
178006,6
178006,1
169773,6
135878,6
211766,1
211766,6
211767,1
211767,6
208003,1
208003,6
207822,1
207822,6
211768,1
211768,6
213681,1
213681,6
213683,1
213683,6
213685,1
213685,6
80983,1
49912,1
140496,6
224532,6
107226,1
97696,1
136024,6
67810,1
239768,6
239768,1
178043,6
211526,1
211526,6
204171,6
204171,1
211922,6
211922,1
271624,1
271624,6
89633,1
53953,1
195409,6
195409,1
198063,6
198063,1
202691,1
202691,6
202692,1
202692,6
202693,1
202693,6
12840,1
12872,1
307924,1
195428,1
67602,1
275613,1
92728,1
128171,1
271625,1
44249,1
336543,1
12882,1
61622,1
374967,1
374973,1
69398,8
69398,6
331667,8
331667,6
13027,8
13027,6
73547,1
13033,1
374947,1
386376,6
382519,6
196605,3
196605,14
196605,11
196605,1
353150,3
353150,11
353150,1
353150,14
362266,3
362266,11
362266,1
362266,14
361060,3
361060,11
361060,1
361060,14
103696,6
103696,3
142963,3
142963,6
139791,3
139791,6
134283,3
134283,14
134283,11
134283,1
282520,3
282520,11
282520,1
282520,14
62003,11
166961,11
166961,6
142903,11
49223,11
105029,11
105029,3
178713,11
178713,3
103522,10
115234,1
13373,1
355000,4
355000,1
343943,4
343943,1
23177,1
98849,1
20664,1
22599,1
66375,1
52427,1
142051,1
142051,18
180012,1
13422,1
245049,16
245049,18
245049,1
13433,18
13433,1
13426,18
13426,1
13432,1
13432,18
245048,1
245048,18
88101,1
88101,18
13435,1
13436,18
13436,1
13437,18
13437,1
245060,1
13440,1
235972,16
235972,18
235972,1
351223,5
152139,5
112205,5
21323,5
86886,5
280300,5
280300,1
13467,5
196348,5
361682,5
25900,5
75490,5
42341,5
526455,5
190904,5
25908,5
286115,5
99438,5
240127,5
131430,5
131276,5
92030,5
46445,5
235462,5
263577,5
54002,5
239601,5
100526,5
100538,5
91521,5
257115,1
65505,1
226736,1
51071,1
68007,1
99907,1
53825,1
290516,1
224635,6
104401,1
97436,1
50341,1
13558,1
224639,1
224643,1
331838,1
13572,1
285877,1
372993,1
308601,1
177957,1
517318,1
72665,1
99143,6
371998,1
517317,1
308602,1
50371,1
21883,1
25565,1
224645,1
88745,1
13627,18
382437,1
76178,1
246615,1
237358,1
526024,1
525666,1
525883,1
13701,18
13701,1
13703,18
13703,1
43043,8
43043,18
43043,1
62749,8
62749,18
62749,1
211894,18
211894,1
131274,8
131274,18
131274,1
13725,1
13725,18
342469,1
180014,18
180014,1
13757,18
13757,1
208812,1
208812,18
90294,18
90294,1
94874,18
94874,1
94875,18
94875,1
199491,8
199491,18
199491,1
28147,1
84276,8
84276,18
84276,1
89056,8
89056,18
89056,1
131269,18
131269,1
73832,1
318041,1
13938,1
79865,1
85418,1
78703,1
137142,1
206638,1
273955,1
514475,8
514475,1
514474,8
514474,1
514476,8
514476,1
517839,1
246628,5
67248,1
135069,1
136886,1
80191,1
232776,1
84941,1
14154,1
270270,1
57554,1
210097,1
89189,1
46537,1
68227,1
63980,1
272774,1
75121,1
43173,1
380405,1
380407,1
380409,1
14364,16
14364,18
14364,1
50188,16
50188,18
50188,1
14436,7
346610,10
353996,1
92170,1
74170,1
88793,1
88757,1
88780,1
14471,18
14471,1
368081,1
224814,1
370001,1
88792,1
209744,1
126771,1
118337,1
88784,1
88806,1
118338,1
82565,1
140198,1
241741,1
87687,1
88773,1
206819,1
115167,1
118342,1
70672,1
90601,6
111116,6
15827,14
15827,11
90679,1
227436,12
227436,6
201062,6
201062,12
201108,12
201108,6
201126,12
201126,6
201194,6
201194,12
533792,6
533792,12
45982,6
45982,12
136975,6
136975,12
74152,12
74152,6
142387,12
142387,6
101737,6
101737,12
154972,6
154972,12
361589,1
135071,1
135071,18
333021,1
217100,18
217100,1
299784,1
176766,1
165759,1
217101,1
56722,1
41732,1
273595,1
78837,1
530551,1
92650,1
220836,18
220836,1
170065,1
70103,18
70103,1
180017,1
15922,1
82667,1
70111,1
70111,18
209145,1
46263,1
169034,1
330688,6
330688,9
153027,9
153027,6
263284,9
295595,9
225069,9
194037,9
194037,6
530419,9
530419,6
98002,9
77305,9
352484,9
93372,9
268811,9
225070,9
225070,6
225071,9
126439,9
97335,9
225072,9
56724,9
97980,9
225073,9
154871,9
48937,9
249247,9
182650,9
98425,9
90851,9
249248,9
90626,9
80961,9
69651,9
127627,9
127627,6
129649,9
171608,9
95394,6
95394,9
93573,9
385159,9
83411,9
311466,9
365398,9
55837,9
146456,2
146456,9
146456,6
142562,9
142562,6
278484,9
278484,6
197881,9
187173,9
187173,6
127514,9
127514,6
127514,2
328379,9
328379,6
122279,9
284459,9
284459,6
234433,9
234433,6
126714,6
126714,9
139208,9
128510,9
128510,6
112566,9
311385,6
311385,9
126885,9
122147,9
118572,9
150372,9
378512,9
378512,6
175910,9
175910,6
284463,9
284463,6
142409,9
142409,6
219921,9
219921,6
127552,9
175914,9
175914,6
171742,9
202444,9
279490,9
279490,6
159337,9
129261,9
238533,6
238533,9
175908,9
175908,6
302147,9
302147,6
130432,9
127532,9
128712,9
279489,9
279489,6
131341,9
131341,6
142271,9
142271,6
128117,9
128117,6
129763,9
129763,6
341441,9
341441,6
112567,9
128766,6
128766,9
319486,6
319486,9
319492,9
319492,6
284465,6
284465,9
200913,9
200913,6
187169,9
187169,2
187169,6
302161,9
302161,6
346445,6
346445,9
353932,9
353932,6
321933,9
321933,6
129557,6
129557,9
247519,9
319488,9
319488,6
128792,9
505143,9
121823,9
128583,9
159335,6
159335,9
302149,9
302149,6
311187,9
311187,6
129846,9
247520,9
247520,6
247517,9
247517,6
128158,6
128158,9
126512,9
126512,6
129988,9
129988,6
129484,9
120975,9
238271,9
238271,6
217498,9
217498,6
175906,6
175906,9
167449,9
302145,9
202440,6
202440,9
353936,9
175916,9
175916,6
139485,9
129996,9
150374,9
150374,6
280524,6
280524,9
129934,9
129934,2
129934,6
118488,9
358388,6
358388,9
338882,6
338882,9
167447,9
121472,9
128658,9
67663,9
249250,9
98835,9
233267,6
175779,9
175779,6
99499,9
104557,9
95135,9
127784,9
511572,9
300821,6
300821,9
215567,9
353118,9
128261,9
327444,9
243578,9
284371,9
284376,9
300820,9
293318,9
320297,9
320250,9
320250,6
302115,9
157588,9
319508,9
353867,9
328817,9
328817,6
339839,9
320301,9
139342,9
139342,6
352939,9
157592,9
377691,9
377691,6
512187,9
512187,6
512187,2
512230,9
512230,6
512321,9
512321,6
127792,9
124605,6
124605,9
157594,9
142548,9
121466,9
92321,9
89947,9
89947,6
384800,6
172269,9
172269,6
79619,9
366247,9
47875,9
82433,9
119699,9
119699,6
154872,9
67266,9
72639,9
60619,9
386830,9
522535,9
293584,9
86933,9
287790,6
287790,9
183321,9
71408,9
121955,6
121955,9
129777,9
139659,9
94521,9
91060,9
195679,9
195679,6
50409,9
357983,9
94481,9
57990,9
49299,9
83116,9
387573,9
387573,6
357263,9
119726,9
119726,2
353131,9
353131,6
183682,9
333000,6
333000,9
522224,2
522224,9
534623,2
534623,9
357334,9
327397,9
128232,9
128232,2
320254,9
522411,9
522411,2
196032,9
239091,9
239091,6
175977,9
175976,9
175976,6
96075,9
256375,9
256375,2
119687,9
119687,6
119742,6
119742,9
118246,9
127007,9
142553,9
142553,6
129603,9
194347,9
249405,9
63719,9
98845,9
98845,6
225103,9
225103,6
59041,9
64589,9
74860,9
139441,9
121495,9
94131,9
85604,9
238538,9
92868,9
91720,9
169631,6
169631,9
44915,9
93811,6
93811,9
59817,9
59817,6
95567,9
59142,9
99580,9
42489,6
42489,9
256389,6
256389,9
297775,9
96338,9
94857,6
94857,9
300923,9
283538,9
386812,9
324007,9
125037,9
386860,6
256450,9
155958,9
243369,9
348267,9
155952,9
155952,6
204233,9
155957,9
206694,9
537155,9
155954,9
240079,9
319993,9
237150,9
248832,9
42766,9
330917,9
129458,9
48062,9
320267,9
237509,9
129816,9
122122,9
249826,9
249826,6
280898,6
117568,9
117568,6
119712,6
119712,9
119728,9
119728,6
119695,9
119770,6
119770,9
119715,9
343894,9
119780,6
119780,9
126936,9
138948,9
138948,6
360949,9
129542,9
124990,6
124990,9
128078,9
118240,9
507851,9
121028,9
121028,6
146763,9
139191,9
139187,6
139187,9
139189,9
139189,6
146756,9
149533,9
352948,9
89093,9
15958,9
99894,9
91822,9
78143,9
59938,9
59938,6
85439,9
85439,6
43271,9
98454,9
90580,9
69440,9
99591,9
99591,6
157601,9
157601,6
225116,9
225116,6
95476,9
89704,9
98145,9
75492,9
97741,6
97741,9
86329,9
368489,9
368489,6
92984,9
195060,9
159565,6
159565,9
64015,9
65189,9
145162,9
127388,6
127388,9
133820,9
133820,6
95758,9
51414,9
281904,9
74543,9
45398,9
202999,9
202999,6
353483,9
99563,9
149532,9
96300,9
58233,6
58233,9
72802,9
139421,9
139421,6
139333,9
139725,9
150370,9
184653,6
184653,9
253113,9
184654,9
184654,6
155624,9
155624,6
203370,9
203370,6
243586,9
270434,9
275548,9
119894,6
119894,9
248712,9
248712,6
297780,9
287494,9
288071,6
288071,9
281857,9
309879,9
309879,6
279196,9
279196,6
306076,9
322325,9
278474,9
297778,9
290524,6
290524,9
280870,6
280870,9
330692,9
328174,9
334279,9
118194,9
127865,9
127865,6
318080,9
318080,6
311425,9
311458,9
330732,9
353130,9
336307,9
386303,9
139206,9
139206,6
118412,9
127908,6
127908,9
122130,9
122130,6
118203,9
118203,6
129523,9
505155,9
118174,6
118174,9
127500,9
196033,9
225131,9
225131,6
225131,2
98619,9
97204,9
214968,9
195681,9
196685,9
196685,6
302112,9
172268,9
172268,6
237152,9
164764,9
128353,9
90852,9
357286,9
112896,9
112896,6
172488,9
118210,9
118210,6
118500,6
118500,9
515462,6
129192,9
129192,6
139765,6
139765,9
150397,9
139600,9
150387,9
142576,9
514505,9
142579,6
142579,9
139647,9
139647,6
215632,9
142558,9
142582,9
175956,9
175956,6
175961,9
175961,6
161047,9
161047,6
128071,9
128071,6
219846,9
222134,9
222134,6
219206,9
219206,6
128056,9
217499,9
244807,9
244807,6
119689,9
119689,6
290486,9
119734,6
119734,9
529248,9
529248,6
280370,9
302101,9
302101,6
243147,6
243147,9
275553,9
303194,9
303194,6
322138,9
342370,9
126725,9
295759,9
295759,6
303193,9
303193,6
288633,9
311439,9
311439,6
119738,9
121464,9
119693,9
119693,6
125761,9
129661,9
97650,9
92667,9
129853,6
129853,9
119754,9
302034,9
302034,6
322329,9
322329,6
320258,9
126510,9
302103,6
302103,9
355213,9
355213,6
129779,9
119749,9
117994,9
119730,9
119730,6
126838,9
126838,6
126878,9
126878,6
142076,9
346451,2
346451,9
376697,6
376697,9
376884,2
376884,9
348008,9
348008,6
129595,9
142084,9
142084,6
128285,9
537769,9
537769,6
376699,9
131371,9
125044,9
125044,6
128000,9
128000,6
70899,9
73230,9
93106,9
153565,9
43018,9
263468,9
263468,6
45905,9
122275,9
125614,9
125614,6
293320,9
293320,6
293301,2
293301,9
311382,9
85838,9
352927,9
45787,9
15973,6
15973,9
102960,9
290949,9
164465,9
233263,9
520030,9
520030,6
100002,9
74607,6
74607,9
302186,9
505182,9
85015,9
164753,9
204219,6
204219,9
280375,9
139184,9
300998,9
300998,6
160454,9
139527,9
142106,9
62559,9
62559,6
281465,9
274890,9
274890,6
69345,9
77705,9
139832,9
98587,9
154870,6
154870,9
125676,9
177585,9
77605,9
95676,9
155936,9
72923,9
119725,9
119725,6
73633,9
225153,6
214875,9
301284,9
139705,9
165892,9
198608,9
198608,6
150368,9
200902,9
121905,9
125612,9
312248,9
312248,6
175929,6
142109,9
312258,9
129472,9
187666,9
187666,6
175928,9
118588,6
118588,9
524830,6
226261,9
331372,9
127861,9
127861,6
131322,9
131322,6
288622,9
288622,6
279486,9
279486,2
322619,9
309884,9
309884,6
127663,9
248876,9
201636,9
201636,6
500667,9
312221,9
125033,9
126069,9
124732,9
125811,9
221359,9
145584,9
322620,9
365446,9
118243,9
355881,6
355881,9
121454,9
121454,6
226263,9
226263,6
129663,6
129663,9
128160,9
128160,6
128705,9
171729,9
176177,9
500662,9
500662,6
297434,9
39869,9
39869,6
275803,9
275665,9
98084,9
98084,6
322618,9
312252,9
221360,9
322617,9
142575,9
141022,9
126868,9
126868,6
219198,9
219198,6
164449,9
121904,9
127768,9
119746,9
119746,6
519358,6
126984,9
81571,9
81571,6
98244,9
67529,9
95816,9
133825,9
129785,9
72279,9
67067,9
386790,9
300822,9
300822,6
254557,9
96723,9
87566,9
368083,9
368083,6
345546,9
44190,9
98265,9
169024,9
169024,6
129515,9
128837,9
124999,9
139758,9
142107,9
126506,9
126522,9
155618,6
155618,9
128622,9
128129,6
128129,9
118222,9
128678,9
78353,9
208688,9
119901,6
119901,9
61588,9
72829,9
97942,9
273353,9
273353,6
44632,9
96772,9
92419,9
78077,9
116986,9
318234,9
318234,6
52528,9
80098,9
46606,9
256413,9
54266,9
139186,9
39942,9
116989,9
116989,6
63226,9
225171,9
256416,9
352930,9
98266,9
73426,9
73427,9
98483,9
73782,9
97005,9
500933,9
500669,9
128255,9
127850,9
102909,9
74135,9
505175,9
218119,9
164796,9
162315,9
144499,9
276828,9
142187,9
129174,9
129174,6
361024,9
128844,9
284797,9
145266,6
145266,9
284778,9
119700,9
119700,6
339437,9
128131,9
290389,9
285463,9
324013,9
339436,9
122247,9
122247,6
127084,9
129872,9
346207,9
179630,9
128754,9
287512,9
142196,9
284791,9
145025,9
154621,9
145023,9
295227,9
295227,6
129720,9
348276,9
122231,6
122231,9
511821,9
71129,9
71129,6
139447,6
139447,9
55548,9
94618,9
352932,9
71286,9
522567,9
127502,9
98440,9
121894,9
121896,9
70367,6
70367,9
46961,9
52981,9
99202,9
281813,9
96142,9
330754,6
330754,9
76933,9
89471,9
99831,9
99831,6
89714,6
89714,9
249404,9
364062,9
321845,9
364063,9
311745,9
279264,9
279264,6
145117,9
145117,6
194250,9
194250,6
220354,6
220354,9
164805,9
164805,6
145587,6
145587,9
99518,9
80605,6
80605,9
90084,9
91861,9
287495,9
287495,6
286835,9
152994,9
187184,9
248903,9
242144,9
329193,9
47775,9
97607,9
61230,9
244848,6
244848,9
121965,9
118502,9
139685,9
256440,9
256440,6
300861,9
90734,9
90734,6
95997,9
522349,2
522349,9
51951,9
74624,9
81971,9
112220,9
112220,2
112220,6
99225,9
48788,9
99558,9
183787,9
94554,9
70715,9
64595,9
322625,9
209920,9
129883,9
129883,6
145510,9
295139,9
122155,6
139768,9
139768,6
118518,9
229358,9
192186,9
128251,9
144493,9
192207,9
240344,9
348304,9
171133,9
119722,9
139183,9
139183,6
70716,6
70716,9
139185,9
511828,9
129433,9
220790,6
220790,9
295141,9
348312,9
176186,9
176187,9
131355,9
131355,6
388221,9
388221,6
526542,9
119876,9
119876,6
315622,9
65559,9
249265,9
15991,9
15991,6
85999,9
57203,9
57203,6
219196,6
219196,9
98201,9
174063,9
174063,6
48578,9
208686,9
208687,9
293550,9
44849,9
360945,9
360938,9
521459,9
521459,6
353481,9
337661,9
152772,9
73126,9
263282,9
92346,9
48017,9
79711,6
79711,9
73499,9
73562,9
51623,9
56151,9
216556,9
216556,6
64713,9
84235,9
79151,6
79151,9
71878,9
58843,9
50843,9
81646,9
66355,9
139369,9
90915,9
64682,9
55858,9
93703,9
86569,9
96432,6
96432,9
81160,9
144506,9
127059,9
127059,6
71836,9
75878,9
50718,9
119748,9
119748,6
89567,9
39337,9
121828,9
121828,6
129264,9
145180,9
87796,9
345111,9
237157,9
119751,6
119751,9
51139,9
144943,9
500673,9
66106,9
43210,9
327590,9
302113,9
301491,9
337449,9
284763,9
52959,9
53142,9
230300,9
201597,9
201597,6
65450,9
183508,9
183508,6
187496,9
330897,9
142569,9
330900,9
380090,9
505172,9
49875,9
139182,9
122243,6
122243,9
60495,9
60495,6
226511,9
209451,9
95454,9
93469,9
352942,9
52950,9
152778,9
152778,6
80003,9
71907,9
42376,9
214967,9
248708,9
287951,9
287951,6
287953,9
287953,6
330915,9
301290,9
301290,6
311696,9
311696,6
280901,9
330792,9
330792,6
348287,9
358010,6
380040,9
202567,9
202567,6
275816,9
275816,6
275818,9
236449,9
248714,9
248714,6
142496,9
175964,9
175964,6
139190,9
139190,6
126921,9
122100,9
122100,6
145112,9
129623,9
129623,6
179631,9
179631,6
194266,9
128008,9
129194,9
154577,9
122255,9
145114,9
129866,9
127526,9
171766,6
171766,9
43409,9
254841,9
254841,6
67366,9
45187,9
357336,6
357336,9
84140,6
84140,9
125500,9
125500,6
172267,6
172267,9
49987,9
285687,9
95617,9
529377,9
529377,6
139737,9
330907,9
96983,9
96983,6
64512,9
288285,9
244266,9
225244,9
225244,6
99035,9
330910,9
82501,9
96113,9
91371,9
341439,9
296239,9
529378,9
529378,6
352944,9
533404,9
533404,6
183685,9
308719,9
320252,9
349176,9
374633,9
290433,9
329672,6
329672,9
157578,9
160492,9
290438,9
290438,6
280700,9
275259,9
243464,9
201634,9
201634,6
279753,9
279753,6
341365,9
386466,9
386466,6
90077,9
219208,9
219208,6
297693,6
297693,9
99872,9
312187,9
182316,9
40362,9
40362,6
345112,9
63660,9
39643,9
253107,6
253107,9
218134,9
218134,6
157698,9
90790,9
90790,6
248877,9
281849,9
281849,6
157889,9
380041,9
349185,9
237491,6
237491,9
99313,9
98534,9
98534,6
192705,9
192705,6
311459,9
175915,9
175915,6
157633,9
90431,9
93738,9
93738,6
376723,9
148192,9
98083,9
191393,9
357262,9
295596,9
164765,9
92054,9
139205,9
139205,6
124603,9
124603,6
53667,9
53667,6
90383,9
303200,9
146285,9
155937,9
330691,9
164797,9
164786,9
264724,9
264724,6
157895,9
164806,9
164806,6
177605,9
110244,9
293319,9
311720,9
311720,6
511257,9
331688,9
27075,9
27075,6
375191,9
521923,9
180555,9
180555,6
164754,9
91485,6
91485,9
49922,9
49922,6
225080,9
160493,9
89623,9
89623,6
139535,6
139535,9
296184,9
296184,6
91695,9
139553,9
57941,9
57941,6
385160,6
511384,9
175911,9
175911,6
157775,9
365422,9
339459,9
155727,9
133805,9
297435,9
96230,6
96230,9
236448,9
45499,9
45499,6
306048,9
322622,9
230301,9
96391,9
96391,6
365447,9
302102,9
302102,6
376060,9
351358,9
94317,9
253108,9
253108,6
320253,9
323989,9
96430,9
96430,6
120533,9
120533,6
273082,9
385098,9
183788,9
175965,9
175965,6
117232,9
219672,9
175957,9
175957,6
96536,9
112230,9
112230,6
316259,9
129228,9
129228,6
92167,9
72712,9
219197,6
219197,9
160455,9
134314,9
134314,6
165907,9
530427,9
154923,9
154923,6
192745,9
192745,6
507865,6
349024,9
244267,9
258871,9
537873,9
537873,6
388284,9
388284,6
78976,9
121550,9
121550,6
180866,9
91794,9
309258,9
309258,6
91115,9
91115,6
219199,9
219199,6
329731,9
329731,6
235499,6
235499,9
139434,9
349114,9
360665,9
161059,9
120564,9
154924,9
248822,9
248822,6
345533,9
312222,9
98027,9
222238,9
222238,6
331702,9
331702,6
270847,9
270847,2
161048,9
161048,6
94820,9
290457,9
290457,6
192854,9
192854,6
302104,6
302104,9
238282,9
287513,9
204218,6
204218,9
349018,9
121903,9
375193,9
175917,9
175917,6
39544,9
184509,9
184509,6
241780,9
250062,9
222240,6
222240,9
148992,6
148992,9
170472,9
334278,9
159336,6
159336,9
281555,6
281555,9
515461,6
39583,6
39583,9
505141,9
514502,9
320257,9
275547,9
341366,9
330916,9
139204,9
357278,9
97281,9
125501,9
237651,9
237651,6
214139,9
328815,9
328815,6
295760,9
295760,6
133822,9
133822,6
301287,9
281375,9
105135,9
105135,6
191396,9
139218,9
52799,9
52799,6
92217,9
162316,9
320264,9
79991,6
79991,9
290460,9
292196,9
292196,6
91488,9
286800,9
286800,6
113424,9
175930,6
98495,9
349128,9
378510,9
378510,6
90788,9
90788,6
90471,9
372792,9
348157,9
348157,6
292860,9
316704,9
96248,9
133815,9
320268,9
146274,9
146274,6
136151,9
136151,6
94275,9
94275,6
205318,9
244263,9
322695,9
322695,6
248680,9
248680,6
97698,9
88428,6
88428,9
518705,9
518705,6
199958,9
199958,6
263830,9
263830,6
192671,9
192671,6
229684,6
229684,9
171013,6
171013,9
285936,9
285936,6
319994,9
169633,6
169633,9
297777,9
217733,9
332999,6
332999,9
157896,9
349000,9
95766,9
92341,9
139523,9
145026,9
270433,9
95439,6
95439,9
46159,9
388280,9
218144,9
218144,6
339840,9
118589,6
118589,9
175966,9
175966,6
309499,9
309499,6
90439,9
92094,9
92094,6
92094,2
220789,6
220789,9
290465,9
290465,6
341347,9
93966,9
93968,9
196684,9
170577,9
169635,9
349130,9
187667,9
187667,6
90821,9
233268,6
203379,9
203379,6
248711,9
248711,6
92809,9
92809,6
121954,6
121954,9
94575,9
157899,9
175909,9
175909,6
194013,9
231434,9
505176,9
152862,6
152862,9
133816,9
296186,9
296186,6
141021,9
141020,9
204231,9
157738,9
280369,9
373823,9
90277,9
201635,9
201635,6
152861,9
349135,9
505151,9
505151,6
256150,9
330729,9
330730,9
330730,6
171269,6
171269,9
328175,9
330731,9
202445,9
138526,9
191065,9
208690,9
360672,9
319487,6
319487,9
139528,9
117544,9
150995,9
150995,6
244264,9
244264,6
136156,9
192831,9
74571,9
139529,9
385106,9
154927,9
184077,9
50424,9
50424,6
365399,9
40420,9
40420,6
293005,2
293005,9
215633,9
137558,9
306770,9
270435,9
248713,9
248713,6
263837,9
263837,6
124496,9
219205,6
219205,9
57909,9
70467,6
70467,9
353935,9
154928,9
39815,9
259253,9
341367,9
93134,9
274615,9
98927,9
98927,6
137559,6
137559,9
134590,9
270436,6
507850,9
296183,9
137890,9
180868,9
180868,6
96361,9
65006,9
65006,6
281158,9
506765,9
93816,9
341533,9
522550,9
296185,6
296185,9
102394,9
189880,9
189880,6
297779,9
297779,6
170440,9
293314,9
293314,6
360762,9
293768,9
293768,6
284655,9
96880,9
96880,6
218139,9
95719,9
203368,9
203368,6
346444,6
346444,9
94826,6
322139,9
284462,9
284462,6
183517,6
183517,9
94394,9
101915,9
101915,6
277912,9
145992,9
234434,9
234434,6
175299,9
175299,6
322330,9
322330,6
60416,9
311386,6
311386,9
284464,6
284464,9
137560,9
312259,9
43785,9
43785,2
233264,9
280900,9
284765,9
293321,9
293321,6
286811,9
286811,6
145024,9
350791,9
311426,9
192734,9
244820,9
244820,6
85151,9
249825,9
249825,6
35205,9
343893,9
130231,9
130231,6
99275,9
287548,9
274617,9
274617,6
129233,9
376281,9
376281,6
302027,9
302027,6
196206,9
295140,9
352058,9
175972,9
175972,6
175559,9
175559,6
238544,9
39919,9
39919,6
195683,9
180554,9
376283,9
360676,9
92277,9
92277,6
511287,9
511287,6
271810,9
271810,6
212110,9
296187,9
296187,6
348009,9
348009,6
500293,6
500293,9
128391,9
128391,6
134591,9
302144,9
139419,9
92232,9
76819,6
76819,9
59584,9
59584,6
365448,9
90225,9
139549,9
139549,6
241422,9
97133,9
97133,6
121601,9
121601,6
353624,9
353624,6
520098,9
520098,2
520098,6
90968,9
90968,6
97140,6
97140,9
169025,9
169025,6
388281,9
46252,9
324001,9
96792,9
98846,9
519276,6
177914,9
296240,9
388282,9
240329,6
240329,9
341440,9
158935,9
382921,9
104581,9
237968,9
280615,6
280615,9
256154,9
187056,9
187056,2
187056,6
96533,6
96533,9
253059,6
253059,9
145994,9
258239,9
258239,6
248707,9
330755,9
330755,6
180870,9
226260,9
165893,9
295142,9
311430,9
320296,9
264723,9
194035,9
192826,6
192826,9
66447,9
66447,2
526543,9
115720,9
95070,9
92826,9
116292,9
346093,9
346093,6
137561,9
137561,6
322624,9
263882,9
505191,9
110750,9
382922,9
382922,6
121602,9
47494,9
341442,9
341442,6
505174,9
357326,9
150751,9
42591,9
533411,9
533411,6
71461,9
352933,9
89300,9
322626,9
222184,9
222184,6
511340,9
511340,6
511340,2
133824,9
97869,9
162280,9
111486,6
111486,9
80293,6
80293,9
94060,9
154873,9
98512,6
98512,9
290390,9
94717,9
384815,9
209928,9
170447,9
170447,6
90732,9
90732,6
95522,9
301489,9
124632,9
67117,9
172913,9
150518,9
148999,9
522213,2
522213,9
95566,9
48710,9
149000,9
312188,9
341591,9
290388,9
180871,9
330793,9
330793,6
94867,9
94867,6
323992,9
91145,9
293369,9
376724,9
58035,9
117234,9
117234,6
95852,9
303192,9
286801,9
258241,9
258241,6
48114,9
146275,9
341456,9
320110,9
330766,9
96174,9
115721,9
133821,6
133821,9
306072,9
306072,6
137821,9
137821,6
302146,9
302146,6
349164,9
298240,9
298240,6
218133,9
218133,6
175962,9
175962,6
301286,9
94122,9
46805,9
217438,9
217438,6
192676,9
192676,6
280374,9
259252,9
511407,9
511407,6
256163,9
236751,9
219207,9
219207,6
96878,9
97952,9
351359,9
153287,6
153287,9
218120,9
319509,9
99640,9
100085,6
100085,9
240340,9
97363,6
97363,9
89631,9
149530,9
320300,9
353931,9
353931,6
97449,9
290434,9
98873,9
98873,6
297781,9
216377,9
216377,6
92685,9
202441,6
202441,9
198009,9
198009,6
265006,9
129721,9
98814,9
191404,9
319489,9
319489,6
98526,9
98526,6
366257,9
113108,6
113108,9
113311,9
95343,9
95343,6
202563,9
104142,9
76142,9
221421,9
352938,9
202234,9
202234,6
96205,9
95182,9
201456,9
201456,6
62235,9
323996,9
529373,9
529373,6
121977,9
59134,6
59134,9
217768,9
376116,9
184655,9
184655,6
92843,9
45087,9
96314,6
96314,9
336314,9
177613,9
139526,9
251897,9
217835,9
217835,6
89127,6
89127,9
94835,9
521120,9
521120,6
170448,9
148189,9
168015,9
168015,6
93839,9
349004,9
244889,9
258242,9
258242,6
121899,9
357333,9
90719,9
164450,9
199959,9
199959,6
238283,9
222037,9
222037,6
380091,9
124615,9
124615,6
215487,9
215487,6
312253,9
204258,9
529091,9
529091,6
306075,9
202170,6
150753,9
234051,9
234051,6
192677,9
147246,9
330899,9
110995,9
187057,9
187057,6
368414,2
368414,9
62188,9
256171,9
284789,9
150528,9
150528,6
97500,6
97500,9
85397,9
250064,9
238270,9
238270,6
201832,9
90549,9
297951,9
297951,6
373827,9
312544,9
312544,6
331581,9
118208,9
118208,6
113110,9
113110,6
154147,6
154147,9
298241,9
200903,9
92782,9
281856,9
284793,9
202226,9
66625,9
302148,9
302148,6
346450,2
346450,9
72883,9
72883,6
303204,9
303204,6
320307,9
355882,6
355882,9
202247,6
202247,9
222239,9
222239,6
284795,9
202184,9
139567,9
139567,6
93472,6
93472,9
120976,9
158932,9
158932,6
153384,9
153384,6
244888,9
244888,6
146459,2
146459,9
146459,6
98707,6
98707,9
138535,6
138535,9
148197,9
296337,9
296337,6
348085,6
348085,9
307727,9
325501,9
216581,9
109546,6
109546,9
148232,9
311383,9
315624,9
388277,9
373821,6
373821,9
215607,9
56106,9
56106,6
119895,6
119895,9
77028,6
77028,9
328378,9
328378,6
302160,9
302160,6
175907,6
175907,9
45419,6
45419,9
129935,9
129935,2
129935,6
61955,9
61955,2
61955,6
338883,6
338883,9
74302,9
147237,9
175963,9
175963,6
201596,9
73535,9
73535,6
260260,9
147238,9
157864,9
383990,9
373985,9
373986,9
121029,9
121029,6
113125,9
192725,9
237508,9
302114,9
127503,9
95390,9
79076,9
319493,9
319493,6
42377,9
42377,6
511308,9
116293,9
206336,9
206336,6
293302,9
293302,6
349175,9
93474,9
85435,9
85435,6
97732,9
97732,6
271813,9
95250,9
95250,6
524599,6
524717,6
341530,9
255433,9
53926,6
53926,9
320178,9
240343,9
202564,9
112934,9
112934,6
93378,9
195685,6
139738,9
139738,6
283963,9
256155,9
256155,6
167448,9
92702,6
92702,9
311001,9
311001,6
89509,9
89509,6
51415,9
51415,6
96670,9
278105,9
278105,6
210300,9
124497,9
80215,9
72541,9
310935,9
310935,6
261740,6
261740,9
316267,9
316267,6
278107,6
278107,9
533482,9
533482,6
94009,9
70248,9
59039,9
303851,9
303861,9
22368,9
49723,9
16018,9
33919,9
40397,9
16023,9
237739,9
75890,9
16027,9
60060,9
153451,9
225280,9
225281,9
225281,6
225282,9
225283,9
225284,9
225284,6
97997,9
97997,6
40460,9
94206,9
33946,9
33946,6
99528,9
99528,6
16059,9
16059,6
97948,9
83543,9
124594,9
124594,6
46608,9
64954,9
75166,9
89443,9
97010,9
16068,9
48115,9
303899,9
303865,9
77250,9
52065,9
303864,9
52548,9
231414,9
231416,9
231418,9
231424,9
231382,9
39342,9
39342,6
303862,9
99136,9
99136,6
33905,9
33912,9
33914,9
82265,9
225274,9
33927,9
33927,6
225275,9
16024,9
329182,9
329182,6
53026,9
48278,9
168742,1
228636,20
228636,6
136658,20
136658,6
150942,20
150942,6
345762,20
345762,6
44620,20
44620,6
50435,20
50435,6
198003,20
198003,6
225304,20
225304,6
196232,20
196232,6
200022,6
200022,20
64458,20
64458,6
171039,20
171039,6
54547,20
54547,6
228405,20
228405,6
91025,20
91025,6
55733,20
55733,6
72054,20
72054,6
181619,20
181619,6
90432,20
90432,6
369466,20
369466,6
193602,20
193602,6
78560,20
78560,6
210733,20
210733,6
48075,20
48075,6
286274,20
286274,6
317167,20
317167,6
80512,20
80512,6
87231,20
87231,6
299985,20
299985,6
317901,20
317901,6
260649,20
260649,6
81292,20
81292,6
317969,20
317969,6
86680,20
86680,6
82393,20
82393,6
357409,20
357409,6
16122,1
43801,6
43801,12
43801,1
368084,12
369116,12
291026,12
368085,12
16137,12
16137,6
282034,12
282034,6
293128,12
522109,12
357375,12
522110,12
155162,12
155162,6
24235,12
104345,1
337187,1
337188,1
370677,1
370675,1
256169,1
116991,1
96354,1
367805,1
335711,1
367804,1
334680,1
335708,1
47499,1
112261,1
225319,1
165650,1
334882,1
42620,1
194850,1
203939,1
81200,1
83772,1
138752,1
110536,1
225322,1
53669,1
45617,1
268913,1
328133,1
160966,1
16169,1
21448,11
21448,5
21448,14
219497,6
220446,6
101045,6
310409,6
41891,6
53712,6
264460,6
264460,8
64772,6
64772,8
317099,1
505544,6
377695,6
375195,6
531153,1
374048,6
383693,6
526422,1
383851,6
526318,1
286814,6
105196,1
526133,1
505556,6
317492,6
380568,1
380568,6
383631,6
208839,6
345714,1
269968,6
82138,1
334647,1
375077,6
387495,1
363669,6
375078,6
325763,6
228409,1
357486,6
352040,6
383636,6
383689,6
114486,6
177387,1
247497,6
195746,6
351255,6
336321,6
308306,6
523523,7
523523,1
124328,1
283648,1
283648,6
226767,1
196692,1
380635,6
334125,6
351257,6
383744,6
326608,6
324278,6
117095,6
504122,1
217045,6
182557,6
182557,1
531159,1
526309,1
526353,1
283407,1
522590,1
180803,6
536701,1
505549,6
324279,6
177386,1
306565,1
526350,1
374047,1
374047,6
523501,7
523501,1
526199,1
532085,1
374113,1
505561,6
517130,1
363670,6
370999,6
376669,6
522587,1
536713,1
86666,6
72795,1
500069,1
16308,1
85984,6
150379,6
16312,6
322804,1
78421,1
16321,11
16321,6
108440,6
55079,1
113723,6
316399,6
25621,6
81865,6
81865,11
81865,1
16331,11
16331,6
16334,6
125605,1
16335,6
374678,1
374678,6
151753,6
182744,6
271663,6
368268,6
306973,6
369439,6
69518,1
51485,6
153602,6
152143,6
183851,6
181393,6
16336,1
269376,1
65598,1
191293,1
67821,1
379169,1
44254,1
16338,1
16339,1
194409,1
96630,1
60127,1
373795,1
176726,6
521560,1
16343,1
16345,6
16345,11
113726,6
208848,1
63082,6
251551,6
281229,6
317389,1
228412,1
27513,3
27513,1
16349,6
505557,6
534626,6
342451,6
101941,6
505590,6
520566,6
518707,6
382049,6
368266,6
206216,6
208829,6
118348,6
192286,6
382794,6
50690,6
119287,6
138251,6
317457,6
234636,6
236648,6
368728,6
505587,6
214505,6
137092,6
298209,6
176722,6
381641,6
121060,6
70200,6
114591,6
255847,6
517211,1
65765,1
522319,1
522320,1
522630,1
521227,1
363801,1
374685,1
521390,1
521830,1
522107,1
523515,1
238882,1
16356,20
16356,1
55945,20
55945,6
329131,20
329131,6
523521,20
523521,1
383400,20
383400,6
68040,20
68040,1
326511,20
326511,6
153583,20
153583,6
235991,20
235991,1
51486,20
51486,1
91576,20
91576,6
519797,6
519797,20
192336,20
192336,6
89524,20
89524,6
79856,20
79856,6
92970,20
92970,1
93173,20
93173,6
194410,20
194410,6
100934,6
116507,20
116507,6
92734,1
145948,20
145948,6
108093,1
204434,1
204434,11
228416,1
75365,6
16359,1
82139,1
65911,1
168552,1
298385,1
386655,20
386655,6
383953,20
383953,6
387215,20
387215,6
528940,20
528940,6
386325,20
386325,6
384015,20
384015,6
384017,6
384017,20
387218,20
387218,6
384082,20
384082,6
384083,20
384083,6
384084,20
384084,6
387216,20
387216,6
386360,20
386360,6
384198,20
384198,6
384252,20
384252,6
385727,20
385727,6
386347,20
386347,6
384258,20
384258,6
384265,20
384265,6
386349,20
386349,6
384274,20
384274,6
384277,20
384277,6
384280,20
384280,6
387217,20
387217,6
528828,20
528828,6
386352,20
386352,6
386321,20
386321,6
386322,20
386322,6
386336,20
386336,6
386646,20
386646,6
69800,6
23948,1
65433,1
204447,1
204447,11
16378,1
87225,1
307329,1
286309,1
91101,1
168520,1
135985,1
383687,1
383709,6
383708,6
522317,1
524870,6
522318,1
383706,6
383623,6
215215,6
345990,6
258396,6
317494,6
90092,6
359838,6
25619,1
215204,6
307325,6
92307,1
254657,6
368269,6
212237,6
118216,6
269106,6
208843,6
194441,6
228626,6
228411,6
528719,20
528719,6
215212,1
301293,1
380142,1
254067,1
325160,6
22401,1
327471,6
308122,6
285619,1
343837,1
255247,1
217103,1
343839,1
382667,1
323959,1
370090,1
359273,1
370092,1
284305,1
351097,1
370073,1
370089,1
327990,1
72832,1
109356,1
16401,1
255110,1
130239,1
54770,1
16402,1
159730,1
80044,1
102853,1
201531,1
285621,1
65212,1
134919,1
256881,1
108190,1
255460,1
502540,1
307612,1
315917,1
86305,1
274662,1
536766,1
285622,1
343844,1
169036,1
242954,1
193748,1
263267,1
16405,1
317902,15
317902,11
317902,14
371004,15
371004,11
371004,14
503766,6
342118,6
342119,6
316202,6
182560,6
335050,6
16461,18
16461,11
16461,14
16462,18
16462,11
16462,14
175918,18
175918,11
175918,14
333200,18
333200,11
139269,18
139269,11
139269,14
139267,18
139267,11
139267,14
327542,18
327542,11
327542,14
59401,18
59401,11
59401,14
91066,11
91066,14
69530,18
69530,11
69530,14
349385,18
349385,11
349385,14
376474,18
376474,11
376474,14
135774,1
16661,8
16759,8
77470,1
61745,1
30525,7
352997,7
323831,7
30519,1
316390,1
85248,1
76478,1
116031,1
287386,1
86919,1
237375,1
84297,1
58612,1
53250,1
48303,6
64704,6
279190,10
66400,10
502821,10
271981,10
154517,10
307936,10
76736,16
76736,10
76736,18
136162,16
136162,10
136162,18
225573,16
225573,10
225573,18
16886,16
16886,10
16886,18
52372,16
52372,10
52372,18
206246,16
206246,10
206246,18
41848,1
54101,1
16898,1
124053,1
325579,1
328958,1
16902,1
16902,18
16903,1
16903,18
82609,1
82609,18
319247,1
319247,18
334896,1
346033,15
285940,15
219501,15
274663,1
343778,15
173074,1
317535,1
243199,8
195023,1
356890,15
102953,8
102953,15
86579,8
86579,15
16975,15
16975,8
22380,15
43328,15
43328,8
176063,1
524692,8
524692,15
16999,8
16999,15
226000,15
64324,1
524587,8
524587,15
518601,8
518601,15
520199,8
520199,15
168987,1
181496,1
203535,1
203535,11
75253,1
119590,15
74670,8
74670,1
74670,15
50086,18
50086,1
17189,18
17189,1
17222,7
17222,1
60197,18
60197,1
28521,6
307940,6
328281,1
269627,1
66357,1
137063,1
92489,1
193383,1
517905,1
271691,1
220910,1
229817,1
361025,1
17357,1
17358,1
135782,1
297582,1
312877,6
330176,6
346959,6
348049,6
368964,6
369447,6
161274,1
19768,1
293714,7
293714,12
125512,6
125512,12
125512,11
139339,7
285528,6
285528,12
285528,11
256877,3
256877,11
256877,14
17471,3
17471,11
17471,14
146867,1
99527,1
117477,1
138580,1
117394,1
117395,1
85824,1
104450,1
95970,1
103066,1
272887,1
17484,1
104449,1
299767,1
127315,1
131397,1
70106,1
56532,1
91739,1
162919,1
135278,1
194493,1
503805,1
105321,1
83558,1
63648,1
169514,1
101910,1
208094,6
60633,10
60634,10
85108,18
85108,10
61333,18
61333,10
182474,6
283262,11
283262,14
154573,1
104755,1
120667,1
255224,1
111322,1
255226,1
99322,1
17640,6
302686,1
96684,6
52125,6
323883,6
70993,6
86836,6
202588,6
202589,6
68251,6
71031,18
71031,1
50893,1
50893,18
17653,6
225650,6
57507,10
57507,1
274642,10
274642,1
243058,10
183614,10
108702,10
263561,10
384755,1
384756,1
17707,1
83020,1
102084,1
94455,1
97647,1
225662,1
92189,1
45921,1
67559,1
526182,1
120576,1
197360,1
101496,1
84117,1
215152,1
193090,1
99102,11
26240,10
63571,10
255158,10
128408,10
167329,10
17802,10
206994,10
60265,10
257509,10
26241,10
174573,10
272829,10
360353,1
511534,1
511320,1
146772,1
17841,14
17841,11
530210,14
530210,11
132895,14
132895,11
300934,6
300359,6
93403,6
345863,1
345876,1
340830,1
340608,1
340763,1
340652,1
363295,1
340776,1
340476,1
342580,1
342581,1
340477,1
340700,1
340701,1
339967,1
340054,1
339969,1
339970,1
339971,1
339997,1
339998,1
340002,1
340001,1
340010,1
340016,1
340019,1
340020,1
340024,1
340025,1
340026,1
340029,1
340031,1
340032,1
340040,1
340041,1
340044,1
340050,1
340051,1
340057,1
340064,1
340069,1
354035,1
340201,1
340486,1
340569,1
340703,1
340669,1
340675,1
340676,1
340671,1
71733,1
98492,1
192722,1
67054,1
25552,1
17885,1
180036,1
75444,1
238189,1
76981,1
521724,1
17887,1
110689,1
108577,1
174574,1
194306,1
92971,1
92219,1
92219,14
92219,11
17899,11
17899,2
133122,1
133122,11
312891,11
312891,1
25098,11
25098,1
271701,1
19621,1
176016,1
183637,1
18038,1
48698,1
48698,6
68110,1
68110,6
182690,1
182690,6
18066,1
18066,6
60322,1
60322,6
143574,1
343695,1
525829,1
525329,1
317391,1
313907,1
309046,1
526005,1
343696,1
109125,1
254272,1
525669,1
130271,1
18076,1
526232,1
204893,1
161532,1
307944,1
88979,1
385215,1
118456,1
83105,5
83105,1
81183,1
18109,1
72002,1
522886,1
118580,1
117038,1
292727,1
319429,14
305547,1
296499,1
152173,1
201485,1
142510,1
121667,1
72491,1
62835,1
219312,1
83140,1
87175,1
18354,1
116967,1
93633,1
48235,1
41779,1
180982,1
283313,1
283274,1
283314,1
283266,1
234079,4
117209,1
117209,18
116261,1
116261,18
115896,1
115896,18
18458,1
179880,1
179880,18
118464,1
118464,18
84183,1
84183,18
77176,1
77176,18
280026,1
280026,18
154350,1
154350,2
225750,1
225750,2
85985,1
85985,2
238306,12
238306,6
18648,12
18648,6
46036,12
46036,6
57013,12
57013,6
71343,12
71343,6
271600,12
271600,6
364178,12
364178,6
347536,12
347536,6
375823,12
375823,6
375824,12
375824,6
18738,1
57039,1
18741,1
18784,1
281359,1
129752,1
197066,1
168900,1
280895,7
280895,1
196743,1
227810,1
183336,1
238917,1
136366,1
239016,1
61473,1
87622,1
253335,1
226006,1
505445,1
46918,1
51252,1
270605,1
58687,1
285691,1
248607,1
241882,1
258820,1
49040,1
129753,1
104816,1
343849,1
517968,6
388409,6
505892,6
388518,6
523967,6
523961,6
506467,6
157529,1
505883,6
506523,6
521123,1
388352,6
384763,1
102353,1
506423,6
521626,6
388364,6
388339,6
521710,6
388325,6
97275,1
319848,1
62986,1
112711,1
18841,1
245478,1
78334,1
521652,1
521395,1
78335,1
117501,1
102525,1
286132,1
43978,1
526075,1
68859,1
78460,6
98116,1
70916,1
138641,1
74888,1
43880,1
368295,1
521102,1
521250,1
74889,1
93363,1
319853,1
319856,1
248883,1
353693,1
75850,1
120166,1
353694,1
194256,1
524528,1
177034,1
524715,1
18873,1
114022,1
316204,1
140089,1
228380,1
109381,1
111539,1
131419,1
91609,1
505614,1
215378,1
225813,1
83550,1
86038,1
328090,6
92688,6
153143,6
301183,6
300335,6
241294,6
227056,6
327558,15
526376,7
526376,1
195293,8
195293,1
349312,8
349312,1
332942,8
332942,1
19185,11
19185,14
158373,3
158373,11
158373,1
122393,1
341972,3
341972,11
336230,1
336230,18
121924,1
167978,1
167978,18
175063,1
175063,18
69276,1
69276,18
134575,1
282664,1
19238,1
19238,11
312552,14
312552,11
92451,6
97792,6
8726,1
308472,1
375153,1
336394,1
336365,1
345746,1
369167,1
360690,1
207837,1
127475,1
315609,1
361016,1
503721,1
308453,1
360976,1
504404,1
46161,1
223826,1
341745,1
354043,1
363995,1
384238,5
388808,15
388808,11
388808,8
388808,14
388811,15
388811,11
388811,8
388811,14
388810,15
388810,11
388810,8
388810,14
250073,6
344405,6
342436,6
517550,6
517551,6
160559,6
160560,6
5,6
256469,6
351035,6
256065,6
327127,6
253995,6
322071,6
254432,6
226833,1
179769,1
185019,1
185020,1
155,1
204864,1
26035,1
194593,1
197960,1
178415,1
182846,1
154628,1
26036,1
244320,1
206337,1
125433,1
185027,1
227616,1
348025,1
275597,1
106409,1
207785,1
46855,2
393,2
273961,1
522855,1
163355,1
165618,1
184049,1
185395,15
185398,15
185399,15
426,15
368941,15
281541,15
24962,1
92914,1
26342,11
26342,15
26342,14
103016,11
103016,15
103016,14
134794,11
134794,15
134794,14
188012,11
188012,15
188012,14
300336,1
98738,11
98738,6
643,11
643,6
326545,1
511241,1
195689,1
252825,1
296294,14
176893,1
382444,14
921,15
194360,6
182592,1
186527,1
1024,1
186535,1
79700,11
79700,6
517755,1
128871,10
323405,10
1274,1
1274,7
1275,1
1275,7
162400,1
162400,7
54662,11
54662,6
307448,1
1455,1
231538,6
94831,6
1641,1
77248,10
279942,1
50478,11
50478,14
285909,1
189544,5
169727,1
86792,1
307165,1
95519,1
335429,1
135647,1
1767,1
112713,1
91573,1
272995,1
1779,1
133185,1
386931,18
386931,1
350661,18
350661,1
1824,18
1824,1
27487,18
27487,1
134458,6
294498,2
65865,1
2095,6
203843,6
321920,6
232590,6
27796,6
203855,6
316858,6
203865,6
129589,6
93750,6
525695,1
526121,1
508253,2
508253,11
204192,18
204192,1
513812,1
513840,18
513840,1
72680,1
204402,1
522998,16
522998,18
522998,10
135495,16
135495,18
135495,10
20634,2
204548,15
324703,11
145494,6
190723,6
92527,6
352584,6
214426,6
195613,6
256703,6
387409,6
380471,6
342385,6
308608,6
337615,6
135418,6
305877,6
308086,6
306599,6
308609,6
336349,6
212320,6
254813,6
303455,6
95324,6
237255,6
2468,1
2468,11
46007,1
46007,11
109244,1
109244,11
255157,10
138296,10
284104,10
256704,10
75987,6
46155,11
46155,1
85668,1
166537,11
166537,1
254136,11
254136,1
138776,11
138776,1
166644,11
166644,1
326172,11
326172,1
189307,1
107701,1
19873,1
19873,11
3069,10
3069,16
3069,18
157436,10
157436,16
157436,18
115991,10
74342,16
74342,18
74342,10
285993,6
113477,6
323982,6
211089,6
258403,6
101640,6
228992,6
252058,6
205297,1
523411,10
523439,10
3401,1
3401,3
3449,15
3468,15
288050,6
285323,6
331398,6
331397,6
29329,1
91657,1
33023,1
89259,1
212530,1
157809,11
157809,14
3849,14
3850,11
3850,14
82571,11
82571,14
212817,11
212817,14
3852,11
3852,14
212830,11
212830,14
157806,11
157806,14
3853,11
3853,14
212849,11
212849,14
3856,11
3856,14
29376,6
113563,6
162878,6
212885,6
75807,6
22292,6
139128,6
3708,6
22588,6
3877,6
3878,6
3879,6
94293,6
270940,6
125464,6
89381,6
276244,6
275540,6
193400,6
3875,6
98890,6
120412,6
193405,6
289323,6
332075,15
119918,15
343465,2
94170,2
44387,2
48965,2
59630,2
293098,1
71090,2
57586,2
203617,2
102289,2
97227,2
105683,1
77762,2
145689,2
80470,2
66727,2
52056,2
68367,2
330947,2
248410,2
162359,2
210206,2
210208,2
210249,2
64361,2
94399,2
236931,2
269008,2
280738,2
47448,2
269510,2
91740,2
138397,2
135830,2
91407,2
104989,2
133886,2
528751,2
121392,2
197718,2
215541,2
211174,2
205474,2
215565,2
240428,2
240380,2
257096,2
350183,2
341789,2
372954,2
369975,2
522272,2
521534,2
521594,2
522190,2
210211,2
210212,2
210213,2
113550,2
99347,2
236932,2
52294,2
95071,2
83370,2
138406,2
241014,2
131729,2
92323,2
155123,2
48706,2
210217,2
211456,2
333803,2
248297,2
138418,2
207217,2
94497,2
54487,2
253806,2
70996,2
166338,2
100044,2
210073,2
44905,2
70581,2
46101,2
98756,2
248329,2
209989,2
215631,2
521419,2
218964,2
372817,2
77000,2
48658,2
150613,2
65221,2
181519,2
192957,2
98193,2
209598,2
209995,2
138438,2
98375,2
126183,2
168991,2
95347,2
249316,2
192958,2
333184,2
350947,2
138428,2
296472,2
328376,2
242614,1
194982,2
248380,2
138444,2
304572,2
227091,2
108165,2
171372,1
118016,2
210230,2
95929,2
370198,2
370234,2
210238,2
69666,2
355144,2
99381,2
99381,1
367141,2
367141,1
98792,2
352599,2
248365,2
517193,2
218966,2
324271,2
94019,2
105246,2
98992,2
357464,2
101855,2
114538,2
243944,2
97686,2
211184,2
102634,2
331401,2
338032,2
108058,2
210241,2
210036,2
210250,2
194370,2
55296,2
369962,2
342962,2
342962,1
357522,2
342964,2
362087,2
376903,2
350040,2
376905,2
517350,2
295301,2
295304,2
295305,2
295308,2
275447,2
275451,2
275452,2
207286,2
310351,2
295312,2
295061,2
82858,2
91084,2
92936,2
342655,2
238043,2
370678,2
215566,2
248252,2
248494,2
295300,2
238046,2
521333,2
295303,2
295306,2
295307,2
269513,2
295302,2
121393,2
350184,2
256917,2
342657,2
342657,1
341788,2
269667,2
269521,2
215542,2
362086,2
349477,2
207266,2
310352,2
517088,2
357425,2
367515,2
383627,2
378224,2
295313,2
374147,2
374148,2
292739,2
522271,2
368510,2
240431,2
201327,2
193300,2
248495,2
197717,2
372958,2
3919,2
154935,2
153927,2
240292,2
136923,2
42006,2
96554,2
89329,2
108675,2
89488,2
96366,2
69311,2
68123,2
69759,2
198522,2
178385,2
96555,2
42004,2
42676,2
94951,2
112228,2
335541,2
100086,2
216423,2
98281,2
77359,2
213120,2
335540,2
213122,2
29410,2
354753,2
354754,2
42010,2
296339,2
92148,2
91536,2
180463,2
111711,2
213127,2
127404,2
3935,2
59157,2
213132,2
3937,2
155075,2
83258,2
121387,2
65760,2
150285,2
155730,2
93286,2
178200,2
296439,2
296436,2
121388,2
175815,2
175816,2
248491,2
70896,2
210772,1
91393,1
90018,2
236937,1
136043,2
93567,1
227333,2
149979,2
124306,2
248306,2
355610,2
355609,2
90287,2
95072,2
89123,2
96527,2
63420,2
116223,2
313749,2
29436,2
124243,2
80006,2
3953,2
117527,2
227088,2
248334,2
97183,2
3966,2
135833,2
213302,2
248228,2
229874,2
202711,2
3977,2
105249,2
94226,2
3982,2
145690,2
3984,2
165548,1
165548,6
42039,2
29466,2
29469,2
251844,2
42014,2
152838,2
239036,2
368666,2
269683,2
3991,2
254440,2
152839,2
151325,2
162358,2
29474,2
165902,2
29475,2
223041,2
42015,2
3992,2
42016,2
131849,2
213322,2
210758,2
210762,1
210765,1
91989,2
72137,1
93782,1
58283,2
4080,2
153205,6
102458,6
217518,6
140335,6
153932,6
217519,6
195050,11
195050,14
4249,11
4249,14
138830,6
239735,6
30608,13
68653,13
159473,6
124532,6
158659,6
243042,10
223062,10
88940,10
214674,10
70101,10
90584,10
48172,10
79722,10
84706,10
191789,10
96286,10
114057,2
114057,11
4709,1
353589,15
353589,11
353589,14
76926,1
523198,1
71078,1
212216,1
317547,1
243411,1
243411,20
388710,1
86063,1
86312,1
86312,20
136890,1
56390,1
5192,1
5205,16
5205,18
5205,10
151340,6
92783,6
80123,6
86021,6
198591,6
98480,6
5254,6
31020,6
149741,6
332085,6
332078,6
332080,6
31011,6
53733,6
19988,6
70960,6
280801,2
280802,2
280802,11
5312,6
5650,6
89506,6
524531,6
31763,2
20773,2
20773,11
236274,2
236274,11
53522,2
53522,11
234796,11
234796,6
345017,6
223249,6
110781,6
337640,6
181968,1
31891,1
43075,5
43075,1
65112,1
65112,14
80157,1
80157,14
175846,11
175846,2
55351,11
55351,2
129346,11
129346,2
352712,1
135421,1
6279,1
64191,6
19837,10
6325,16
6325,18
6325,1
47716,6
6475,1
101692,16
101692,18
128956,16
128956,18
179874,1
211693,4
6549,1
6552,1
86987,16
86987,18
73264,16
73264,18
73264,10
158645,16
158645,18
57685,16
57685,18
57685,10
64815,1
32556,1
101879,6
101879,1
202371,10
248152,1
117111,1
7024,1
7025,1
56700,1
267057,1
248484,1
267056,1
267058,1
112068,1
104833,1
32718,1
253130,1
208785,1
32720,1
32720,18
60182,1
249092,1
248604,1
227602,1
241496,1
93184,1
32728,1
82903,1
82903,6
109521,1
109521,6
32730,1
173491,1
176833,1
176468,1
99051,1
140098,1
63218,1
94040,1
171754,1
171754,6
84143,1
67698,1
95123,1
95286,1
95286,6
7051,1
78613,1
45800,1
53764,1
114010,1
32751,1
32754,1
32756,6
171828,6
25116,1
136341,1
7098,1
202325,6
248153,1
501177,1
500738,1
59522,1
49181,1
360159,17
360160,17
332269,17
362624,17
41973,17
356457,17
356459,17
360699,17
358172,17
358171,17
505317,17
137829,17
360162,17
85913,17
298724,1
115101,1
94823,1
7278,1
7278,14
75482,6
168530,6
79264,6
98528,6
98528,11
91127,6
114693,6
91985,6
90700,6
96410,6
134682,6
134682,11
113632,6
7527,6
75786,6
98220,6
47674,6
46314,6
43050,6
7494,6
92289,6
7496,6
223603,6
92591,6
253476,6
89853,6
333081,6
99803,6
112741,6
79960,6
104740,6
57272,6
57272,11
116962,6
116962,11
33412,6
244144,1
226723,1
74392,1
108524,1
96119,1
89298,1
226677,1
170244,1
92986,8
92986,1
127106,1
131758,1
33482,1
57230,1
226652,1
49514,1
94818,1
7939,1
7942,1
228078,1
197527,1
8064,6
8064,11
8171,1
324935,1
297231,6
326840,6
326970,6
48360,2
329811,2
165426,2
60372,2
55143,2
273219,1
304298,1
8418,1
269592,1
103053,1
25516,1
8492,1
68062,1
172828,11
74223,1
129694,1
233513,1
233513,6
40520,7
40520,1
87086,11
87086,6
327524,1
327524,6
361656,1
349746,1
361657,1
367229,1
103520,1
103520,6
110227,1
110227,6
112577,15
159243,1
115329,1
313758,1
381367,1
89515,1
196465,1
503034,1
525870,1
251159,1
83111,1
153040,1
251164,1
321461,1
75240,1
117590,1
60529,1
281918,1
238109,1
99938,1
251174,1
40671,1
54932,1
40675,1
92320,1
127155,1
524520,1
343545,1
524564,1
115331,1
238115,1
167623,1
251187,1
365955,1
43691,1
167626,1
137161,1
45619,1
381621,1
76242,1
198946,1
367763,1
270282,1
281940,1
306676,1
298794,1
343553,1
305136,1
66709,1
306685,1
284703,1
46888,1
42536,1
149009,1
66621,1
71413,1
180288,1
238127,1
238129,1
270286,1
332885,1
125914,1
104749,1
110209,1
167635,1
251311,1
242564,1
94097,1
237402,1
313779,1
222207,1
206927,1
270299,1
500135,1
286552,1
376175,1
70176,1
136889,1
270301,1
48119,1
169878,1
196473,1
252204,1
180293,1
525419,1
114985,1
222345,1
372235,1
222368,1
371093,1
130189,1
366342,1
321494,1
281981,1
72808,1
148455,1
127709,1
270312,1
180751,1
103205,1
94415,1
208889,1
175020,1
238160,1
524502,1
238162,1
118535,1
251031,1
237424,1
524440,1
376396,1
376056,1
504009,1
72101,1
155426,1
8824,1
168361,1
8832,1
8850,2
8850,11
8850,14
517471,2
517471,11
517471,14
277709,2
277709,11
277709,14
277608,2
277608,11
277608,14
117276,2
117276,11
117276,14
82162,2
82162,11
82162,14
345027,2
345027,11
345027,14
181773,2
181773,11
181773,14
526399,6
526403,6
270352,6
300426,6
308245,6
526255,6
501619,6
304323,6
41577,6
227477,6
323882,6
247040,6
526160,6
297519,6
537832,6
526170,6
516751,6
537780,6
526292,6
271443,6
381384,6
357505,6
387467,6
353410,6
360404,6
352810,6
372620,6
360405,6
357497,6
71910,6
42557,6
120022,6
315981,6
41702,6
8908,6
526439,2
168472,6
151436,6
277299,6
345473,6
40791,6
102356,6
114550,6
222351,6
294510,6
89125,6
276646,6
86970,6
229973,6
336721,6
365374,6
347169,6
305535,6
305537,6
336725,6
239053,6
306885,6
386908,6
348598,6
346803,6
347211,6
347212,6
348591,6
365146,6
365148,6
168220,6
311553,6
380929,6
378094,6
330117,6
330114,6
318324,6
379605,6
287621,6
329137,6
227381,6
306886,6
194092,6
347195,6
85274,6
40839,6
88261,6
334807,6
191037,6
212330,6
178461,6
68352,6
287435,6
294511,6
88264,6
276644,6
101842,6
279698,6
386897,6
242637,6
89045,6
114554,6
381412,6
71747,6
245180,6
365168,6
245179,6
307081,6
227705,6
61246,6
368712,6
124542,6
245185,6
324042,6
304322,6
294934,6
154248,6
277036,6
55717,6
345291,6
369908,6
344227,6
344228,6
334806,6
378092,6
358843,6
358844,6
305536,6
305538,6
363805,6
256101,6
202607,6
292087,6
292088,6
347196,6
128023,6
144708,6
164061,6
346804,6
372589,6
381431,6
328809,6
367765,6
367766,6
371903,6
367767,6
367768,6
347194,6
318328,6
318325,6
360535,6
179446,6
168147,6
86280,6
385194,6
238920,6
336742,6
212329,6
384380,6
374251,6
378095,6
378096,6
104400,6
77141,6
348599,6
348600,6
273977,6
285410,6
21740,6
311555,6
309987,6
40820,6
271468,6
256659,6
337433,6
376892,6
387746,6
279819,6
353378,6
346103,6
387760,6
387748,6
303357,6
177819,6
506735,6
506870,6
342213,6
353411,6
264573,6
376895,6
380600,6
286253,6
336744,6
375144,6
352815,6
346178,6
530020,6
387768,6
387769,6
311556,6
352108,6
345760,6
360540,6
345781,6
385205,6
376382,6
536480,6
388599,6
380601,6
388600,6
264574,6
254419,6
387747,6
241765,6
25075,6
308249,6
282699,6
83775,6
191892,6
308250,6
512186,6
194613,6
503910,6
316899,6
365379,6
168441,6
8994,6
279251,6
361089,6
345600,6
358851,6
9006,6
9008,6
323893,6
19594,6
61961,6
40895,6
101244,6
9028,6
94158,1
9334,18
9334,1
79996,10
9414,11
9414,6
65962,11
111566,6
58652,6
62007,6
175166,1
259061,1
86184,1
247935,1
282667,1
304578,1
240666,1
211616,1
283068,1
163879,1
112762,1
283211,1
283213,1
283215,1
207035,1
9766,1
514380,1
514378,1
514377,1
272498,6
57691,6
60779,6
9852,2
71071,2
171797,2
102621,6
41571,6
147488,6
91398,6
324015,6
43560,6
166764,6
77547,6
77547,11
54571,6
90727,6
324113,6
97043,6
287694,6
238330,6
287695,6
49593,6
170506,6
229284,6
57431,6
324957,6
229842,6
211103,6
115421,6
51827,6
198589,6
124547,6
226505,6
134778,6
181211,6
263246,6
263247,6
201424,6
178584,6
178616,6
178617,6
227303,6
331027,6
227996,6
331028,6
41821,11
41821,6
25184,6
202941,6
9965,6
95650,6
9973,6
75772,6
293766,6
19600,1
66391,1
10093,1
112208,1
10098,1
91622,1
321774,4
321774,1
179546,4
179546,1
10396,6
10399,1
10431,6
367370,6
10498,6
343959,6
23450,6
66529,10
10579,10
270586,1
42354,1
207689,1
10669,1
126141,1
198447,1
22442,1
171750,1
507310,6
507659,6
507179,6
168212,1
507417,6
507315,6
507533,6
507619,6
507555,6
507401,6
507091,6
10802,1
67949,16
67949,5
203998,5
77020,1
77020,6
307995,20
307995,1
204523,1
204523,20
138954,1
138954,20
180799,20
180799,1
336289,1
336289,20
211929,1
211929,20
224245,1
224245,20
101974,20
101974,1
45689,1
45689,20
11049,1
128436,1
128436,20
11054,20
11054,1
79977,1
79977,20
11055,1
11055,20
212015,1
212015,20
368041,1
368041,20
113592,20
113592,1
125569,20
125569,1
98755,20
98755,1
92744,20
92744,1
113567,20
113567,1
381662,1
381662,20
79517,1
45819,1
45819,20
182743,1
182743,20
41212,1
41212,20
72853,1
72853,20
60480,1
60480,20
11050,20
11050,1
384890,1
384890,20
384891,20
384891,1
212625,1
212625,20
169162,1
169162,20
103678,1
103678,20
239979,1
239979,20
76118,1
76118,20
253434,1
253434,20
212866,10
210938,10
252419,10
128984,10
140140,10
119089,10
271509,10
11158,10
11158,1
243745,10
95355,10
137057,10
55099,10
316296,10
104206,10
208922,10
209652,10
201480,10
344246,10
369612,10
41718,10
57609,10
85722,10
154639,10
129810,10
137631,10
76523,10
286770,10
118739,10
300643,10
300643,1
306890,10
384448,10
111896,10
155534,10
115816,10
115816,1
41719,10
112760,10
116628,10
227050,10
102874,10
49855,10
75716,10
112842,10
155556,10
86197,10
118608,10
118613,10
58655,10
129812,10
82271,10
500304,10
81708,10
139351,10
127670,10
305928,1
228963,10
228964,10
183330,10
59228,10
115148,10
84915,10
58540,1
176984,1
211516,1
104650,3
104650,11
122268,3
122268,11
122267,3
122267,11
122266,3
122266,11
122265,3
122265,11
197570,3
197570,11
11233,11
11233,3
11233,14
102983,11
102983,3
102983,14
11242,3
11242,11
11438,16
11438,11
11508,11
11508,5
11508,1
11508,14
11602,16
46293,16
193768,16
148131,16
98263,16
93836,16
45053,16
351967,16
124734,16
91843,16
183162,16
114636,16
93957,16
46274,16
97341,16
150750,16
72989,16
97029,16
114814,16
92455,16
114815,16
97523,16
154867,16
247271,16
219636,16
91284,16
253027,16
64766,16
54380,16
11629,16
90996,16
91136,16
90536,16
91721,16
152140,16
92985,16
94916,16
100029,16
89309,16
99897,16
239323,16
114639,16
43253,16
77406,16
89253,16
98800,16
93818,16
97193,16
98143,16
165265,16
89177,16
176066,16
124754,16
74598,16
11623,16
197226,16
61682,16
11633,16
117757,16
194545,16
283889,6
283889,20
122358,6
122358,20
306321,6
306321,20
160027,6
160027,20
88303,11
88303,6
22196,10
49845,15
49845,11
49845,14
12099,1
12191,5
154644,10
519630,10
383965,11
383965,14
212878,10
43920,10
60617,10
285797,10
321642,11
321642,6
507872,1
74798,1
388059,1
100515,18
100515,1
349251,1
71744,18
71744,1
72759,18
72759,1
316225,1
118209,20
111524,1
321448,1
335052,1
131503,1
269329,1
43473,1
140046,1
62952,1
125211,10
525259,11
525259,14
525259,6
45558,1
45558,6
154161,1
154161,6
102279,1
83914,6
138862,1
111550,6
296132,6
12835,1
188938,6
47147,1
112266,6
63237,1
22209,1
96240,6
180544,6
91496,1
95243,1
114019,1
346031,6
526470,6
525550,6
525879,6
343776,6
525893,6
526136,6
12895,1
64180,1
129143,1
129143,11
341020,6
198605,6
342577,6
13375,1
212146,1
13430,18
13430,1
13429,18
13429,1
113569,20
273962,1
13486,5
224629,1
42852,1
75474,1
320213,6
319900,6
14440,10
239772,1
336295,1
226856,1
224799,1
64402,18
64402,1
96006,18
96006,1
93590,1
277380,1
176312,1
88817,1
155126,1
72458,1
44471,12
44471,1
113552,12
113552,1
56250,1
87686,1
74332,1
168810,1
300357,1
69334,1
216770,1
208540,1
49497,12
49497,1
87688,1
184507,1
317528,1
66261,1
142534,12
142534,6
166412,12
317694,12
79293,12
79293,6
269065,12
269065,6
217868,12
71358,12
71358,6
72030,12
72030,6
56451,12
142535,12
142535,6
227435,12
227435,6
85902,12
85902,6
52124,12
52124,6
42898,12
42898,6
85003,12
85003,6
63551,12
63551,6
367698,12
367698,6
245685,12
245685,6
282031,12
282031,6
50488,12
50488,6
106234,12
106234,6
518778,12
518778,6
112036,12
112036,6
15880,12
15880,6
109083,12
159711,12
303599,12
309194,12
84160,6
84160,12
235479,6
235479,12
73881,12
48407,6
48407,12
218955,6
218955,12
347388,12
15898,12
15898,6
200996,12
200996,6
201041,12
201041,6
376214,12
376214,6
255432,12
255432,6
201061,12
201061,6
254055,12
254055,6
298848,12
298848,6
296126,12
296126,6
201076,6
201076,12
201081,12
201081,6
201100,6
201100,12
201159,6
201159,12
201253,12
201253,6
306024,12
306024,6
62870,12
62870,6
51807,12
51807,6
139637,12
139637,6
59507,6
59507,12
68064,12
68064,6
54303,6
54303,12
110505,6
110505,12
76787,12
76787,6
139636,12
139636,6
74556,6
126025,6
522633,12
297045,12
131829,12
120024,1
15918,18
15918,1
136360,1
214462,1
15919,1
15921,1
15921,18
135077,1
56723,18
56723,1
15927,18
15927,1
15928,18
15928,1
353374,9
225067,9
89851,9
93479,9
33902,9
33902,2
352483,9
57282,9
50929,9
50929,6
244020,9
244020,6
102396,9
55986,9
523289,9
523289,6
118251,9
118251,6
529374,9
529374,6
127733,9
129980,9
126862,9
200916,6
202442,9
202442,6
118252,9
131360,9
371125,6
371125,9
125654,9
290441,9
290441,6
177342,9
129450,9
127679,9
139436,9
121327,9
125004,9
125004,6
378587,6
378587,9
126508,9
122455,9
127770,9
371121,9
371121,6
515114,9
515114,6
126103,9
122289,9
122289,6
130439,9
234548,6
234548,9
187170,6
187170,9
118476,9
346443,6
346443,9
125773,9
125773,6
129924,6
125637,9
302151,9
515115,9
515115,6
129976,9
119718,9
119718,6
119718,2
275079,9
121756,9
302143,9
302143,6
201455,9
201450,9
362030,6
362030,9
126956,9
514503,9
125644,9
125644,6
247515,9
247515,6
234431,6
128512,9
112563,9
201457,9
311378,6
311378,9
131337,9
311423,6
311423,9
371123,9
371123,6
328384,9
328384,6
238272,9
319490,9
319490,6
284461,9
247518,9
128004,9
150394,2
150394,6
150394,9
55598,9
349188,9
256673,9
82257,9
300823,9
300819,9
353116,9
330763,9
319510,9
358715,9
371270,9
362289,9
362289,6
278316,9
278316,2
199425,9
199425,6
249251,9
85765,9
69589,9
60651,9
70541,9
82432,2
82432,9
82432,6
92697,9
92697,6
217877,9
94976,9
94976,6
108289,9
94732,9
94732,6
89785,6
89785,9
56252,9
196031,9
93267,9
93267,6
58672,9
66574,9
46241,9
385099,9
82679,9
82679,6
75212,9
75212,6
42707,9
91446,9
91446,6
155924,2
155924,9
240342,9
175969,9
138846,9
138846,2
139462,9
119702,9
119702,6
60737,9
85289,9
110298,9
45402,9
110980,9
110980,2
237146,9
151395,2
151395,9
70796,9
73773,9
73773,2
90120,9
90120,6
68775,9
89091,9
89091,6
51993,9
99644,9
96059,9
96059,6
360941,9
360941,2
91789,9
91789,6
62753,9
51835,9
237867,9
92539,9
195552,9
306071,9
370803,9
370803,6
337619,9
353429,9
360982,9
237507,9
249831,2
249831,9
249831,6
118200,9
118200,6
94464,9
94464,2
61289,9
61289,6
95552,9
225113,9
225113,6
215382,9
215382,6
322300,9
95477,9
62948,9
91161,9
95914,9
79654,9
70144,9
94922,9
94922,6
91276,9
91276,6
99182,9
191064,9
191064,6
89885,9
77119,9
352952,9
214877,9
120652,9
281374,9
80379,9
80379,6
96241,9
98630,9
96676,9
68496,9
68496,6
98162,9
129657,9
80807,9
97228,6
97228,2
97228,9
78229,9
329266,9
92810,9
91637,9
91637,6
55145,9
99777,9
95735,9
95735,6
349187,9
129234,9
142408,9
124969,9
311440,9
311440,2
119703,9
119703,6
121802,9
121802,6
76544,9
129824,9
27460,9
91421,9
139396,9
139396,2
89404,9
82305,9
78576,9
225146,9
202533,9
240333,2
240333,9
251107,9
328818,9
215387,9
119744,9
126524,9
55002,9
95681,9
128027,9
128027,6
146737,9
93436,9
278106,9
296182,9
79777,9
79777,6
76034,9
139454,9
320088,9
288167,9
256415,9
84328,9
118168,9
129610,9
348265,9
39866,9
39866,2
127773,6
127773,9
177347,9
177347,6
119757,9
139555,6
139555,2
139555,9
376803,2
376803,9
376803,6
145549,9
145549,6
39870,6
39870,9
116822,2
116822,9
176179,9
226265,9
119882,6
119882,2
119882,9
97397,9
97397,6
81011,9
225156,9
225156,6
83499,9
98610,9
128690,9
361235,9
243447,2
243447,9
243447,6
39917,9
127853,6
127853,9
75829,9
58189,9
98310,9
57007,9
68611,9
90003,9
63485,9
39935,9
249261,9
85576,9
92083,9
121928,9
121928,6
69545,9
69545,6
81012,9
93870,9
256394,9
243542,9
175971,9
341338,9
129176,9
524685,2
129920,9
128151,9
204257,9
204257,2
130350,9
125751,9
125767,9
339434,9
155442,9
318813,9
98160,6
98160,9
84716,9
76932,9
296191,9
288294,9
94622,6
94622,9
86395,9
281586,9
364061,6
364061,9
339385,9
339385,2
283535,9
121042,6
121042,9
119710,9
119710,6
70105,9
70105,6
75268,9
66427,9
87358,9
297689,9
61907,9
57514,9
349160,9
95118,9
42295,9
42295,2
94377,9
82943,9
129159,9
349549,9
349549,2
167148,9
171129,9
192189,9
171134,9
171134,2
131344,6
131344,9
171138,9
171138,2
126757,9
144979,9
275550,9
192211,9
171137,9
192190,9
95855,9
93225,9
45531,9
359942,6
359942,9
301083,9
93631,9
93631,6
64436,9
72211,9
86965,9
103797,9
103797,6
99058,9
99058,6
238547,9
92242,6
92242,9
50557,9
87795,9
87795,2
96681,9
352940,9
256455,6
256455,9
77041,6
77041,9
239092,9
237114,9
96934,2
96934,9
96934,6
71176,9
243970,9
97684,9
98704,9
75054,9
90378,9
90378,6
174057,9
75327,9
102828,9
103047,9
225231,9
225233,9
313130,9
230506,9
230506,6
121952,9
50746,6
50746,9
94954,9
55349,9
69684,6
69684,9
295374,9
99360,9
329180,9
39343,9
329002,9
98377,6
98377,9
58586,9
58586,6
386846,9
524817,6
77414,9
84688,9
297335,9
303201,9
349172,9
69876,9
51456,9
67981,9
67981,2
40346,9
99855,6
99855,9
93394,9
98627,9
94452,9
78111,9
78111,6
151222,9
151222,6
119783,9
119783,6
90775,9
90775,6
95968,9
237506,9
121755,9
48847,9
358928,9
48848,9
121801,9
121801,6
75513,9
75514,9
139643,9
139643,6
95788,9
91271,6
91271,9
336303,9
146263,9
191394,9
191395,9
157821,9
177606,9
202532,9
515112,9
515112,6
95436,9
95436,6
319511,9
94454,9
152739,9
302142,9
302142,6
328385,9
328385,6
293386,9
132877,9
132877,6
240069,9
70562,9
70562,6
92996,9
200785,9
53867,9
53867,6
93061,9
229925,9
121881,9
121887,9
93063,9
93063,6
170430,9
214124,9
51992,9
311561,9
99095,9
99095,6
58526,9
360666,9
318816,9
93065,9
146264,2
146264,6
146264,9
362029,6
362029,9
523290,9
523290,6
98521,9
98521,6
524437,2
357274,9
357274,2
346442,6
346442,9
505177,9
145989,9
515113,9
515113,6
295375,9
240071,9
97734,9
371269,9
323046,9
371122,9
371122,6
529370,9
529370,6
303910,9
53245,9
91389,9
93172,9
311002,6
311002,9
386461,9
119711,9
119711,6
274628,9
256162,9
121043,6
121043,9
328998,9
45104,9
285686,9
378586,6
378586,9
238269,9
234432,6
121976,9
93918,9
93918,6
328814,9
129869,9
90507,9
90507,6
90507,2
81361,9
81361,6
99285,9
99653,9
296029,9
348999,9
202443,9
202443,6
318815,9
192738,6
192738,9
130228,6
130228,9
200912,9
99936,9
352931,9
196208,6
196208,9
115717,9
360983,9
374598,2
374598,9
374598,6
55900,9
55900,6
296708,9
244890,9
375194,6
375194,9
271809,9
99565,9
99565,6
153950,2
153950,9
103370,9
103370,6
358714,9
124608,9
320089,9
157615,9
110455,9
110455,2
310527,9
108000,9
331696,9
331696,6
362288,9
362288,6
55293,9
170446,9
170446,2
269194,9
32676,9
121638,9
201632,9
81377,9
95804,9
121953,9
121953,6
94107,9
94107,6
55425,9
212112,9
330764,9
385107,9
111140,9
111140,6
258238,9
376725,6
376725,9
311424,6
311424,9
89616,6
89616,9
114029,9
114029,6
101834,9
240332,2
240332,9
318814,9
90033,9
204256,9
204256,2
349550,9
349550,2
129611,9
97256,9
129658,9
94381,9
187668,9
145550,9
145550,6
93454,9
187055,6
187055,9
124613,9
77419,9
77419,6
191405,9
313171,9
241781,9
78434,9
112902,9
254564,9
514504,9
280087,9
238268,9
248829,9
248829,2
524597,6
296709,9
170450,9
339454,9
339454,2
343463,9
386624,9
202214,9
175970,9
244891,9
244891,6
385108,9
349171,9
148193,6
148193,9
226264,9
91907,9
91907,2
339458,9
81026,9
136422,9
136422,2
98417,9
91247,9
69515,6
290440,9
290440,6
122454,9
102235,9
129977,9
45225,9
59996,9
161052,9
161052,6
201458,9
311441,9
311441,2
319491,9
319491,6
371124,9
371124,6
237570,9
385271,9
220795,9
127734,9
248827,9
373987,6
373987,9
371126,6
371126,9
27083,9
118520,6
118520,9
127774,6
127774,9
113126,6
113126,9
170454,9
91292,6
91292,9
139537,9
170456,9
170456,2
116828,2
116828,9
40340,9
40341,6
40341,2
40341,9
116824,2
116824,9
45514,9
84473,9
234549,6
234549,9
270852,2
270852,9
270852,6
249830,2
249830,9
249830,6
201451,6
98693,9
153253,9
153253,6
98737,9
98737,6
58990,9
16007,9
33903,9
231592,9
16012,9
139673,9
49724,9
49724,6
21225,9
96503,6
96503,9
99139,9
303849,9
33924,9
58007,9
82365,9
48470,9
48470,6
69361,9
69361,6
83594,9
89115,9
166570,9
95757,9
303870,9
33936,9
96591,9
16033,9
329181,9
303875,9
139430,9
331979,9
131304,6
131304,9
182730,9
120594,9
33949,9
58900,9
53166,9
53166,6
303868,9
303872,9
246909,9
246909,6
329185,9
25007,9
98150,6
98150,2
98150,9
332614,6
332614,9
53272,9
53272,6
160926,9
15985,9
57093,9
120970,9
82585,9
67609,9
16063,9
237889,9
16064,9
90537,9
90537,6
81689,9
81689,6
332016,9
332016,6
49522,9
112883,9
112883,6
329189,9
91045,9
89564,9
95638,9
95638,6
237895,9
39329,9
303856,9
59976,9
59976,6
66252,9
86964,9
225291,9
95339,9
126377,9
126377,6
39333,9
39334,9
39334,6
500387,9
126017,9
324339,9
39336,9
119869,9
95399,9
95399,6
39339,6
39339,9
291647,9
66478,9
54945,9
54945,6
374002,9
39326,9
231377,9
231377,6
231406,9
231406,6
332027,9
332027,6
231408,9
303871,9
331978,9
303873,9
70379,9
304188,9
522907,9
52753,9
52753,6
16084,9
131301,9
39345,9
39345,6
54006,9
500285,9
500285,6
82351,9
82351,2
39348,6
39348,9
68963,9
57281,9
57281,2
33901,9
33901,6
160927,9
160927,6
165906,9
115945,9
115945,6
215121,9
215121,6
225261,9
225261,6
225262,9
225263,9
225267,9
98552,9
98552,6
225268,9
225268,6
225269,9
214979,9
214978,9
225271,9
215232,9
332616,9
33928,9
54734,9
53043,9
269915,9
47688,9
47688,6
47689,9
47689,6
48645,9
33957,9
205970,9
72046,9
89805,6
89805,9
91938,9
110350,9
52635,9
52635,6
46463,6
129071,2
129071,12
301142,12
317169,6
317169,12
121192,6
121192,2
121192,12
303778,6
303778,2
303778,12
127283,6
127283,2
137914,2
137914,12
291457,12
291457,6
281779,2
281779,6
238174,12
238174,6
232408,12
232408,6
312811,6
312811,12
57627,12
292211,12
286122,12
302898,12
78493,12
78494,12
54907,12
43727,12
281795,12
61025,12
70869,12
156241,12
242468,12
242468,6
62299,12
221861,12
221861,6
312183,12
210960,12
131912,12
338706,12
239776,12
239776,6
309203,12
315691,12
46279,1
16140,1
16140,12
73762,1
73762,12
96497,12
96497,6
89325,1
77506,1
16160,1
16171,1
285269,1
285272,1
81136,16
81136,18
16194,16
16194,18
16282,6
16282,13
192332,6
192332,13
193607,6
344438,1
271666,6
74682,6
59903,1
16311,6
16327,1
16327,11
500070,6
100910,6
336317,6
315805,1
180081,6
180081,11
16346,6
165611,1
92074,6
94409,6
16353,6
524596,20
524596,6
351094,1
343840,1
376076,1
323961,1
343842,1
308102,1
308929,1
307934,1
343841,1
336575,1
109876,1
336384,1
272778,1
343845,1
263270,1
84460,6
248890,6
243185,6
165177,6
305717,6
525271,2
525161,2
193769,16
193769,18
62834,16
62834,18
62834,10
121618,16
121618,18
121618,10
280734,16
280734,18
280734,10
281028,16
281028,18
281028,1
16884,16
16884,18
16884,10
301981,8
301981,15
16968,8
16968,15
161233,15
17424,1
170722,1
171457,1
171458,1
74364,1
67874,1
44975,2
44975,11
205745,2
205745,11
217822,6
303284,6
322159,6
17801,10
335701,10
271697,10
124370,10
351847,10
302798,6
300933,6
296713,6
305286,6
98147,6
340055,1
339986,1
340013,1
340022,1
340027,1
340045,1
354033,1
340678,1
17886,1
95220,1
57315,6
54508,6
101775,2
101775,11
101775,7
283265,1
283280,1
216119,1
18459,1
18567,16
18567,1
18567,10
66358,16
66358,1
66358,10
18710,12
18710,6
176932,1
159498,1
181957,1
207962,1
200066,1
50453,1
505877,6
388309,6
18876,6
82730,6
206738,6
324517,6
336909,6
31416,6
176882,6
48498,6
124371,6
93320,1
18973,6
309322,6
225823,6
63999,6
87366,6
109455,6
309323,6
374362,6
384858,6
87232,6
87233,6
161486,1
161486,6
45724,6
163998,6
367681,6
367681,1
163997,6
81557,6
78164,6
99297,6
309326,6
327557,15
524470,6
524508,6
273028,1
319808,1
320107,6
701,5
701,11
701,14
370466,14
370466,11
186360,11
197177,11
136814,11
76443,11
76443,6
51987,6
51987,11
1080,10
279606,10
235563,10
156224,10
62079,10
26678,1
188329,1
92654,1
1452,1
188860,1
252054,1
176858,1
188936,6
27000,6
27165,17
189380,10
189382,2
189382,11
189382,1
204060,2
204060,11
204100,2
204100,11
229800,2
229800,11
84816,2
84816,11
204103,2
204103,11
2345,11
269666,11
114052,11
204508,1
198599,6
525557,6
285301,6
91436,6
279422,6
229826,6
505038,6
222355,6
267957,6
28037,6
222764,6
160597,6
160601,6
160605,6
85196,6
76414,6
92952,6
215028,6
85314,6
162303,6
91231,6
62689,6
160608,6
160599,6
160600,6
72250,6
2450,6
94584,6
288047,6
316563,6
3007,2
3007,11
322522,2
322522,11
377850,6
85666,6
117949,6
153280,6
380896,6
107938,6
3256,6
3263,6
209918,6
209918,12
99752,6
99752,12
209938,10
210071,1
317980,1
317983,1
121215,1
193093,1
193097,1
3729,17
3873,6
192948,2
45163,2
45163,1
104347,2
96784,2
42686,2
47562,2
166427,2
92742,2
115605,2
155023,2
158105,2
210201,2
275081,2
125875,2
83479,2
228293,2
175771,2
309500,2
58113,2
357472,2
47922,2
42310,2
135819,2
210865,2
92911,2
121355,2
240435,2
236388,2
343476,2
370153,2
121395,2
84931,2
330948,2
124773,2
66751,2
74764,2
118322,2
93629,2
42965,2
92677,2
72944,2
102460,2
73491,2
248294,2
105770,2
191880,2
52852,2
60374,2
60374,1
138419,2
89684,2
269517,2
64885,2
325730,2
90019,2
63662,2
89251,2
248326,2
179951,2
258270,2
210051,2
64636,2
68575,1
210285,2
336174,2
86150,2
223011,2
121411,2
211341,2
165444,2
118020,2
118020,1
66003,2
210828,2
55221,2
151322,2
95290,2
218967,2
109855,2
386133,2
214272,2
345663,2
345663,1
273152,2
209761,2
378470,2
363821,2
314964,2
62064,2
248371,2
135364,2
62379,2
44484,2
227096,2
240897,2
240897,1
285911,2
277428,2
98808,2
192961,2
210980,2
369960,2
369960,1
357517,2
350041,2
287946,1
275537,2
287585,2
317729,2
317729,1
295309,2
343466,2
317853,2
121398,2
283674,1
248385,2
248457,2
181515,2
135820,2
183757,2
368498,2
269668,2
281770,2
76469,2
280941,2
315658,2
315658,1
382788,2
367512,2
367512,1
238049,2
295310,2
121356,2
111659,2
349479,2
121412,2
166980,2
369153,2
100048,2
357492,2
272994,2
46821,2
236939,2
3922,2
101084,2
213128,2
3930,2
158122,2
298389,2
243587,2
51873,2
239582,2
52851,2
3940,2
197000,1
138410,2
76727,2
52296,2
315470,2
29433,2
171093,2
367702,2
29434,2
366810,2
315476,2
93961,2
162676,2
177380,2
223029,2
29444,2
209285,2
90318,2
91934,2
213183,2
213184,2
101094,2
115601,2
3968,2
3970,2
210968,2
22086,8
22086,2
170243,2
3975,2
320528,2
56819,2
96425,2
335067,2
213316,2
3981,2
94609,2
211176,2
20154,2
139151,2
139151,1
248411,2
174136,2
248413,2
89878,2
236942,2
236942,1
81568,2
65762,1
68369,2
213160,2
176514,6
214210,6
30617,1
42714,10
4431,10
383818,10
334653,10
96790,10
290367,10
91339,10
251723,6
4695,1
86881,1
243108,6
5187,11
118678,6
73325,6
88997,3
88997,1
5352,1
31170,2
31530,6
179107,6
179107,13
179106,6
179106,13
353620,2
353620,11
6052,2
6052,11
203383,1
70239,7
70239,11
70239,1
6296,7
6296,11
6296,1
6329,7
6329,11
6329,1
6471,1
143557,1
47112,1
220414,1
56095,1
89377,1
315404,1
194469,10
82419,10
76037,10
201744,1
135266,1
31411,1
31411,6
196699,1
105021,1
356566,1
356567,1
227876,6
299328,6
236572,6
255445,17
87415,17
7513,6
49149,1
247298,1
234183,1
52680,1
247299,1
229865,1
124800,1
159027,16
159027,10
159027,18
92065,16
92065,10
92065,18
8068,16
8068,10
8068,18
57031,16
57031,10
57031,18
53745,16
53745,10
53745,18
49472,10
8233,6
8234,6
195667,2
99849,1
39245,1
204072,1
502129,1
108526,1
108424,1
202927,1
116786,1
526495,1
272380,1
332890,1
62333,1
179838,1
169884,1
270315,1
306716,1
286558,1
91715,2
117193,2
162460,2
101019,2
175630,6
181585,6
381385,6
127219,6
334805,6
91532,6
114574,6
71746,6
130976,6
181976,6
100400,6
381386,6
372357,6
372132,6
50906,6
154519,6
90816,6
98931,6
136425,6
511060,2
305539,6
319790,6
286080,6
177827,6
305540,6
358860,6
333080,6
86012,2
86012,11
522650,2
510831,2
56719,2
56719,11
49955,1
103384,1
182233,10
74325,6
109035,1
63904,1
117114,6
525457,1
124403,6
132684,6
85207,6
85207,1
9890,6
9890,1
191049,6
57117,6
57117,1
53254,1
53254,6
202436,1
224063,6
224063,1
224065,6
224065,1
178587,6
178611,1
178603,1
178613,6
178605,6
178605,1
141959,6
142412,6
63829,1
270825,6
73338,6
272624,6
375375,6
293767,6
284866,6
73943,1
73943,18
334827,2
314989,2
21324,6
10439,6
118808,2
324253,6
10565,6
286087,6
350960,6
153388,6
57749,2
57749,11
57749,6
301212,2
301212,11
10657,2
10657,11
10672,1
75812,1
526158,1
526297,1
507326,6
507326,1
528701,6
528701,1
507615,1
507615,6
507272,6
507259,1
507237,1
507413,6
507531,6
507531,1
507669,6
507628,6
46843,2
46843,11
46843,1
211142,1
211142,6
319080,1
319080,20
92325,1
92325,20
74908,1
74908,20
315253,1
315253,20
168214,10
63736,10
243743,10
113476,10
129746,10
169012,10
49537,6
11436,6
515271,6
89513,16
26964,16
92079,16
43955,16
120495,16
103096,16
94252,16
219637,16
259103,16
81626,16
11723,1
11723,18
315769,6
23213,2
184370,2
12399,6
168482,10
78601,18
78601,1
261422,11
261422,14
261422,6
68996,6
182551,6
12701,6
330945,6
182177,6
193575,6
91535,6
74236,6
84757,11
84757,6
13256,11
13256,6
94563,6
279604,10
105518,11
105518,2
114313,6
14215,2
14215,11
160828,16
160828,1
58876,1
73640,1
88816,1
14476,1
109972,1
97064,1
89235,1
300890,1
224841,12
224841,1
56251,12
56251,1
106017,12
106017,1
61820,1
89357,6
102502,6
200995,12
200995,6
61089,12
61089,6
285761,18
285761,1
15925,18
15925,1
242043,18
242043,1
239921,1
74133,1
328857,1
75860,1
165889,1
311384,9
77159,9
77159,2
275727,9
96306,9
313134,9
91887,2
91887,9
91663,9
66644,9
329162,9
49944,9
48849,9
121819,9
51261,9
353934,9
353934,2
385272,9
385272,2
118372,2
118372,9
118372,6
150754,9
150754,2
130060,9
119705,9
119705,2
129773,9
129773,2
95631,9
75567,9
55292,9
95820,9
301289,9
346709,9
371272,2
371272,9
99025,9
99025,6
352490,9
44752,9
302183,9
49618,9
71407,9
92472,9
92472,6
195680,9
279488,2
279488,9
281852,9
349551,9
119880,2
119880,9
333002,9
333002,2
118163,9
118163,2
155939,9
155939,2
125813,9
46673,9
83300,9
98787,9
237144,9
237144,2
151394,9
68057,2
68057,9
78664,9
78664,2
120969,9
60098,9
50058,9
50058,2
52441,2
98177,9
98520,9
98520,6
39546,9
56331,9
225104,9
225104,2
105114,9
96511,9
39569,9
85290,9
89698,9
217732,6
217732,9
142619,9
204249,9
119691,2
119691,9
33930,9
349891,9
89946,9
96303,9
96303,2
329387,9
329387,2
48418,9
99113,9
99573,9
99573,6
171761,9
214878,9
214878,2
147176,2
147176,9
126117,2
126117,9
202393,9
256381,6
256381,9
100077,9
43355,9
96545,9
78433,9
295271,2
295271,9
121960,9
127662,9
127662,2
142277,2
142277,9
143615,9
171735,9
171735,2
217501,2
217501,9
217501,6
288632,9
288632,2
39782,9
320306,9
280367,9
280367,2
57489,9
329063,2
329063,6
329063,9
355017,2
355017,9
376696,9
376696,2
126872,9
126872,2
31382,9
97957,9
199208,9
82306,9
33950,9
97350,9
385169,9
385169,2
93417,9
90783,9
280498,2
280498,9
526454,2
281853,9
281853,2
243589,9
128832,9
139398,9
219202,2
219202,9
122403,9
122403,6
127653,9
121468,2
121468,9
511748,9
511748,2
145436,9
125680,9
129653,9
329533,9
90137,9
57756,9
57756,2
94161,9
94161,2
119708,2
119708,9
119720,9
119720,2
153639,9
93951,9
93951,6
93950,9
72828,9
42976,9
53593,9
256414,9
142565,9
126244,9
79166,9
99104,9
84642,9
98311,9
90342,9
98209,9
98209,2
127740,9
276821,2
276821,9
276821,6
129521,9
129521,2
86742,9
154624,9
126494,9
126494,2
256419,9
51334,9
310374,9
97549,9
97549,2
94921,9
59759,9
119002,9
93987,2
93987,9
225189,2
225189,9
82421,9
140946,9
227211,9
40092,9
40092,2
295145,9
131346,9
118175,9
214494,9
62992,9
215227,2
215227,9
47417,9
47417,6
63579,9
63579,6
58887,9
90701,9
142605,9
74956,9
91326,6
91326,2
91326,9
86672,9
89806,9
93486,9
84374,9
90049,9
312972,2
312972,9
229291,2
64511,9
49640,2
49640,9
49640,6
89758,9
331358,9
331358,2
61754,9
115713,2
115713,9
115713,6
93776,2
93776,9
281851,9
39375,2
39375,9
157638,9
121820,9
175605,9
80994,2
80994,9
353033,9
353933,9
353933,2
270845,9
270845,2
79658,9
79658,6
312974,2
312974,9
331393,9
331393,2
320090,9
320090,2
222243,9
373820,9
373820,2
379022,9
379022,2
102369,9
525703,2
313058,9
94854,9
94854,2
95090,2
95090,9
301288,9
301288,2
219673,6
219673,9
331648,2
56237,9
150543,2
150543,9
137888,2
137888,9
99896,2
99896,9
45432,9
45432,2
109801,9
329372,9
371271,2
371271,9
311377,9
119714,9
181217,9
270848,2
270848,9
219203,2
219203,9
295146,9
93649,9
70891,9
70891,2
139504,9
202394,9
66156,9
66156,2
95248,9
95248,2
47426,9
241747,9
129368,9
333001,9
333001,2
104154,9
104154,2
108245,9
67851,9
170772,9
170772,2
157749,9
204248,9
511334,9
511334,2
143616,9
93610,9
282464,9
282464,2
211673,9
218116,9
212113,9
212113,2
313057,9
129655,9
42501,9
154931,9
154931,2
27082,9
27082,2
76291,6
76291,2
76291,9
53991,6
53991,2
53991,9
349552,9
202258,9
324284,9
130061,9
98864,9
98864,2
346247,9
127779,9
170453,9
320305,9
284792,9
217500,2
217500,9
217500,6
98933,9
297692,2
297692,9
297692,6
355016,2
355016,9
150035,9
150035,2
153588,9
295712,2
295712,9
295712,6
329061,2
329061,6
329061,9
77050,9
175960,9
175960,2
148200,9
85497,2
85497,9
280366,9
280366,2
192847,9
205480,9
114028,9
72871,9
93875,9
55836,9
383493,9
16013,9
131303,9
303897,9
87007,9
166566,9
166566,6
303853,9
304215,9
16026,9
304217,9
16037,9
83430,9
83430,6
303857,9
140978,9
263511,9
16044,9
16044,6
39312,9
39312,6
304211,9
303896,9
304224,9
99226,9
304343,9
97132,9
22258,9
304218,9
94872,9
92108,9
226763,9
226764,9
226764,2
304344,9
304219,9
324354,9
304350,9
57614,9
304210,9
303846,9
303855,9
16070,9
225292,9
225292,6
225293,9
304226,9
304345,9
73193,9
70355,9
70355,6
304216,9
16082,9
39340,9
304209,9
104673,9
69752,9
304208,9
304321,9
112027,9
90051,9
90051,6
90476,9
48428,9
33926,9
77484,9
15993,9
15993,6
55648,9
39330,9
39330,6
53788,6
121842,12
341906,12
44595,12
44595,6
48444,12
48444,6
52686,12
200324,12
126379,12
60609,12
135616,12
153693,12
59437,12
511265,12
131374,12
83398,12
83398,6
115238,2
115238,6
75680,6
75680,12
307083,12
306022,12
291458,12
66875,12
66875,6
71001,12
330682,12
330682,6
16143,12
16143,6
84198,6
323512,6
216501,6
321555,12
249852,12
249852,6
152629,12
124621,12
124621,6
159019,12
159019,6
159018,12
112476,12
159014,12
227322,1
116992,1
102808,1
47501,1
226681,1
16157,1
203940,1
59508,1
238543,6
195078,6
195078,13
361033,6
360407,6
359276,1
62982,16
62982,10
62982,18
100949,16
100949,10
100949,18
58365,11
58365,2
41733,1
41733,18
20116,10
522895,10
64467,1
64467,18
131970,11
208144,2
208144,11
24335,11
17456,11
17456,6
51043,2
51043,11
51043,6
137236,2
137236,11
282654,6
282654,13
18098,1
18098,10
18292,1
18785,1
324521,6
238738,6
99385,6
168066,6
18969,1
18969,6
388776,6
98185,6
329951,6
96065,6
96065,1
52267,6
226259,6
104167,6
93999,6
83849,6
18976,6
227652,6
19129,5
368921,5
19130,5
19131,5
524496,6
273383,6
26265,2
26265,12
96689,2
96689,12
222463,2
222463,12
202841,2
221284,2
156491,13
156491,6
183384,13
183384,6
136813,1
186369,1
1094,2
188652,11
188652,14
105790,11
105790,14
188683,11
188683,14
50493,2
50493,11
42323,2
92569,2
92569,11
111077,2
111077,11
118071,2
118071,11
116863,2
116863,11
108966,2
108966,11
61882,11
61882,2
113906,11
113906,2
85517,2
85517,11
160530,2
160530,11
118062,2
118062,11
70344,2
70344,11
116877,2
116877,11
45443,2
45443,11
84760,2
84760,11
72862,2
72862,11
108112,2
108112,11
99916,2
99916,11
111872,2
111872,11
58402,2
58402,11
27991,2
27991,11
153118,2
153118,11
74315,2
74315,11
50191,2
50191,11
222757,2
2361,11
2361,2
76834,2
76834,11
90612,11
90612,2
49153,2
49153,11
160509,2
160509,11
45517,2
45517,11
153072,2
153072,11
92305,2
92305,11
222761,6
28038,6
28038,11
2442,11
2442,6
94248,6
46482,6
62432,6
2449,6
28087,11
28087,6
28094,11
28094,6
85046,11
85046,6
503505,2
291226,2
502957,2
524628,2
59631,2
89188,2
210218,2
281344,2
210260,2
121379,2
121379,1
210261,2
275316,2
166978,2
210235,2
138415,2
210870,2
378468,2
210262,2
378473,2
210237,2
229011,2
248506,2
378472,2
210271,2
101289,2
350039,2
48122,2
48122,1
121380,2
121380,1
236559,2
210248,2
349476,2
275317,2
166423,2
3925,2
42306,2
78970,2
75827,2
3929,2
94696,2
194933,2
233813,2
98541,2
144236,2
223025,2
275318,2
142484,2
142483,2
223026,2
103810,2
194538,2
73268,2
178393,2
60289,2
210221,2
79001,2
97474,2
89987,2
97574,2
58045,2
83290,2
90776,2
195617,2
56328,2
213303,2
210343,2
322226,2
95043,2
3979,2
52523,2
67837,2
517389,2
171775,2
85541,2
210662,2
296296,11
296296,14
73304,1
5210,13
5210,6
100130,13
100130,6
246285,13
246285,6
387503,2
60412,6
352800,6
97434,6
6398,1
529334,6
253241,6
247140,6
137754,2
9443,11
329573,11
202559,2
128629,2
108090,2
208182,2
208182,11
321786,4
321786,1
321788,4
321788,1
198446,2
198445,2
526104,16
54329,1
54212,9
98635,2
98635,9
95670,9
311420,9
311420,2
328380,9
42718,9
67249,2
67249,9
97284,9
97284,6
57799,9
237142,9
72315,9
72315,2
63413,9
53123,9
125765,2
125765,9
66412,9
256402,2
203431,2
203431,9
175958,9
175958,2
39798,9
128761,9
195831,9
195831,2
42437,9
127079,9
182651,9
54334,9
63929,9
302155,9
302155,2
72195,9
256424,9
70028,9
320038,9
320038,2
68016,9
79762,2
79762,9
82500,9
317845,2
317845,9
155724,2
155724,9
99392,2
99392,9
97998,9
320040,9
320040,2
316263,2
316263,9
97683,9
318811,2
318811,9
328381,9
175959,9
175959,2
311003,9
311003,2
329165,9
40466,9
40466,6
16051,2
16051,9
16053,2
16053,9
16053,6
21234,9
20302,9
75454,9
75454,6
131924,12
70674,12
50568,12
94042,2
94042,6
237975,2
372446,12
372445,12
87706,12
76245,12
220551,12
121841,12
297896,12
79371,12
372444,12
16133,2
99054,2
16146,2
16146,6
98947,6
57012,6
373802,6
16304,13
202362,1
17427,2
114079,2
300972,13
300972,6
17458,2
17458,11
63714,16
75408,16
255321,6
138514,6
17979,2
18618,1
324518,6
329749,2
52351,5
344130,2
190971,2
120550,6
120550,13
188906,2
188906,11
59389,2
59389,11
153934,10
311449,1
81324,6
127797,2
210270,2
111737,2
223030,2
90381,2
362089,1
362089,8
500492,1
500492,8
32839,6
32839,13
243481,10
12568,1
120838,17
239328,10
127281,2
75308,9
75308,2
296336,9
254057,6
254057,12
179398,12
121054,12
44494,12
239774,12
239774,6
192830,12
192830,6
59044,12
59044,6
230253,6
230253,12
45647,12
45647,6
120837,17
18051,6
18051,13
191283,6
191283,13
357126,2
184101,2
184101,12
178240,2
178240,12
197951,2
197951,12
246022,12
246022,2
56432,2
56432,12
154998,2
154998,12
84488,17
332058,17
409,2
409,12
222462,2
222462,12
76425,2
76425,12
89646,2
89646,12
95206,2
20686,1
158052,1
12053,1
336045,19
336045,13
11,19
11,13
12,19
12,13
184842,19
184842,13
18,19
18,13
19,19
19,13
21,19
21,13
20,19
20,13
133245,19
133245,13
24,19
24,13
93673,19
93673,13
130416,19
130416,13
96451,19
96451,13
27,19
27,13
29,19
29,13
295433,19
295433,13
184845,19
184845,13
25970,19
25970,13
329412,19
329412,13
21584,19
21584,13
184847,19
184847,13
135893,19
135893,13
33,19
33,13
34,19
34,13
35,19
35,13
135897,19
135897,13
37,19
37,13
184850,19
184850,13
38,19
38,13
192629,19
192629,13
135900,19
135900,13
43,19
43,13
44,19
44,13
108732,19
108732,6
272893,19
272893,13
180100,19
180100,13
45,19
45,13
48,19
48,13
49,19
49,13
184856,19
184856,13
89735,19
89735,13
184857,19
184857,13
73753,19
73753,13
53,19
53,13
327545,19
327545,13
50206,19
50206,13
60282,19
60282,6
42392,19
42392,13
54,19
54,13
55,19
55,13
184865,19
184865,13
184869,19
184869,13
59,19
59,13
96162,19
60,19
60,13
79631,19
79631,13
61,19
61,13
328806,19
328806,13
49756,19
49756,13
59496,19
59496,13
375361,19
375361,13
238660,19
238660,13
177970,19
177970,13
350048,19
350048,13
272896,19
272896,13
92953,19
92953,13
326201,19
326201,13
375362,19
375362,13
238661,19
238661,13
136387,19
136387,13
327546,19
327546,13
101263,19
63,19
63,13
66,19
66,13
68,19
68,13
96544,19
96544,13
69,19
69,13
74,19
74,13
184875,19
184875,13
77611,19
77611,13
184877,19
184877,13
99742,19
99742,13
184879,19
184879,13
272653,6
272653,13
241646,13
379588,13
90724,13
153883,13
269083,6
269083,13
185047,13
130359,13
116421,13
374992,13
515157,13
99757,13
171,13
172,13
95741,13
93814,13
197667,13
77212,13
178,13
180,13
185057,13
183,13
99727,13
93022,13
327429,13
100035,13
125660,13
188,13
192,6
192,13
90308,13
197,13
98827,13
269908,13
26050,13
185079,13
63737,6
63737,13
198120,13
185080,6
185080,13
26054,13
185084,13
312408,6
312408,13
185089,13
209,13
210,13
213,13
214,13
126382,13
26057,13
185103,13
185104,13
224,13
185108,13
185109,13
254245,13
98062,6
366890,6
158285,6
158285,13
181349,13
81863,13
81863,6
93695,6
45363,13
191899,6
191899,13
57510,13
94932,6
48739,6
170385,6
366989,13
219,13
124217,13
181366,13
170485,13
306731,6
306731,13
93291,6
73496,13
60978,13
321632,6
515160,13
160503,6
160503,13
42760,13
233,13
167915,6
167915,13
232427,6
232427,13
23217,6
23217,13
154502,13
87546,13
185110,13
244,13
55175,13
335493,13
87420,13
185117,13
246,13
192856,13
72422,13
251,13
89715,13
87341,13
254,13
64076,13
99961,13
94700,13
97093,13
197690,13
89005,13
124258,13
86268,13
98869,13
260,13
173048,13
117421,13
83939,13
90164,13
249819,13
81263,13
94728,13
328811,13
54579,13
119802,13
89699,13
175032,13
90538,13
232445,13
274,13
276,13
180671,13
198119,13
227692,13
209826,13
160563,13
239412,6
239412,13
97324,13
278318,13
119848,13
97418,13
222273,13
222274,13
253674,13
119803,13
64775,13
92729,13
185127,13
26179,13
277,13
167916,13
170617,13
72203,13
192858,13
26180,13
68648,13
60612,13
185128,13
281,13
66162,13
130358,13
90714,13
116215,13
185133,13
67192,6
67192,13
167917,13
195003,13
185136,13
95568,6
95568,13
289,13
194728,13
178549,13
85460,13
185139,13
291,13
293,13
85154,13
48947,6
48947,13
45383,13
197645,13
131447,13
66660,13
312420,13
26324,13
578,13
579,13
99222,13
26340,13
580,13
124282,13
585,13
91606,13
80276,13
129635,13
129635,6
77295,13
73183,13
82900,13
102995,13
130554,13
130554,6
247931,13
95991,13
181167,13
26338,13
185789,13
91551,6
92615,13
185790,13
185791,13
88590,13
206719,13
590,13
282575,13
99221,13
118753,13
96712,13
91652,13
95710,13
26335,13
138602,13
90136,13
588,13
733,13
734,13
64275,13
65015,6
751,6
379017,13
894,13
530546,13
530596,13
186322,13
26513,13
312426,13
24232,13
897,13
99028,13
80567,13
312428,13
379185,13
901,13
373694,13
99331,13
232646,13
26518,13
201936,13
26520,13
133163,13
908,13
26525,13
186349,13
91790,13
965,6
965,13
965,15
22801,11
22801,5
186498,5
186498,11
186498,14
247058,5
186503,5
186505,5
1073,19
1073,13
186704,19
186704,13
23797,6
23797,13
188232,6
188232,13
188852,13
85829,6
85829,13
99232,6
99232,13
92355,6
92355,13
82737,19
82737,13
308236,13
308236,19
1456,19
1456,13
188904,19
188904,13
66328,19
66328,13
1469,13
20471,13
20471,6
188909,13
188909,6
188919,13
188920,13
188920,6
188921,13
1472,13
188924,13
188924,6
188926,13
26852,13
26852,6
273549,6
276388,6
276369,6
1474,13
1474,6
188930,13
188930,6
1476,11
1476,21
1477,11
1477,21
383406,11
383406,21
187734,21
156157,21
243120,6
243120,13
243120,12
1687,12
1687,6
1687,13
156847,13
1929,19
1934,6
1934,13
1935,6
523356,5
312434,6
312434,13
203081,15
203081,6
1993,11
25200,13
328103,13
203743,6
203743,13
203744,6
203744,13
203746,13
203747,13
203751,6
155168,13
331771,13
90581,13
205671,13
98997,13
387087,13
387349,13
191983,13
365909,13
102758,13
27873,13
500196,13
27874,13
500195,13
180672,13
282529,13
203973,13
96281,13
108836,13
313625,13
328436,13
328433,13
124420,13
110595,13
88401,13
291159,13
121575,13
252628,13
276480,13
98645,13
25806,13
203962,13
203976,13
312122,13
203978,13
203979,13
203983,13
203984,13
48794,13
222739,13
2240,13
101745,13
153030,13
203986,13
387042,13
387044,13
2241,13
2242,13
82669,13
239413,13
82829,13
330985,13
328086,13
236176,13
170726,13
167919,13
172786,13
27889,13
232649,13
203015,13
2245,13
203989,13
203991,13
2247,13
332079,13
2248,13
203992,13
387068,13
387075,13
2251,13
27898,13
25805,13
203994,13
203995,13
217927,13
117491,13
2258,13
317630,13
232777,13
322039,13
324902,13
387188,13
92252,13
127382,13
197971,13
204000,13
204001,13
2260,13
51269,13
93820,13
134149,13
322108,13
21419,13
2261,13
171216,13
177978,13
374785,13
250272,13
232666,13
387048,13
387049,13
387053,13
94258,13
96844,13
135400,13
91605,13
97920,13
92577,13
92990,13
297791,13
174960,13
203967,13
233015,13
143091,13
162028,13
162029,13
27907,13
2269,13
134178,13
204006,13
2276,13
107126,13
204007,13
204008,13
204010,13
100356,13
374786,13
121913,13
128260,13
209813,13
214752,13
170867,13
222750,13
387109,13
387114,13
387115,13
387120,13
387363,13
387118,13
387122,13
387129,13
387131,13
387132,13
386979,13
386980,13
386981,13
386983,13
110896,13
386986,13
137094,13
386989,13
386990,13
387356,13
337921,13
331664,13
330980,13
243172,13
308241,13
327986,13
387357,13
168313,13
94928,13
111776,13
99682,13
113111,13
27924,13
243334,13
238504,13
242610,13
94666,13
342211,13
222752,13
167920,13
203972,13
255438,13
308695,13
204011,13
308242,13
83686,13
282528,13
222753,13
204012,13
204014,13
27897,13
161288,6
161288,13
171459,6
171459,13
334686,6
334686,13
204686,6
204686,13
114325,13
19713,21
84953,21
2381,21
60348,21
204809,21
204817,21
204813,21
2425,6
2425,13
2763,19
2763,13
90793,19
90793,13
242730,19
242730,13
154506,6
196538,6
215091,6
91172,6
170235,6
129865,6
155907,6
80374,6
335091,6
523189,13
96627,13
56006,13
523162,13
3141,13
207708,13
21840,13
207804,13
207806,13
82937,13
3149,13
28836,13
207815,13
21418,13
207825,13
207893,11
207893,21
207897,11
207897,21
75193,11
75193,21
207901,11
207901,21
28858,13
3191,13
208363,13
208364,13
3201,13
93435,13
57894,13
88036,13
381874,13
208436,13
208437,13
208442,13
208444,13
3203,13
21380,13
43621,13
208446,13
98518,13
3288,19
3288,13
133002,19
133002,13
133005,19
133005,13
133006,19
133006,13
329621,19
329621,13
222940,19
222940,13
3295,19
3295,13
93375,19
93375,13
84567,13
84567,19
181573,19
181573,13
3298,19
3298,13
167956,19
167956,13
100314,19
100314,13
211077,19
211077,13
156296,19
156296,13
96107,19
94144,19
94144,13
99703,19
99703,13
115814,19
115814,13
3292,19
3292,13
96662,19
96662,13
208951,13
3351,13
208956,13
329640,19
329640,13
329642,19
329642,6
329642,13
3387,19
3387,6
3387,13
3389,19
3389,6
3389,13
305869,19
305866,19
305866,6
305871,19
305871,13
305867,19
305867,13
136846,19
136846,6
136846,13
209332,19
209332,6
209332,13
305599,6
3415,13
187904,13
179785,13
140394,13
187903,13
187903,6
187905,13
94012,13
178306,13
97899,13
3416,13
150341,13
151107,13
28979,13
245164,13
360238,13
245162,13
335786,13
506544,13
251128,13
268915,13
195814,13
506839,13
506795,13
335783,13
309064,13
309065,13
3417,13
3417,6
150342,13
336152,13
109212,13
24283,13
28983,13
81956,13
198651,13
58391,13
209556,15
209575,15
227239,15
157556,15
28987,15
3433,15
255925,19
255925,13
227465,19
227465,6
3571,19
3571,13
64632,19
64632,13
69279,19
69279,13
92923,19
92923,6
500203,19
500203,6
500202,19
500202,6
329644,19
329644,6
29092,19
29092,6
59712,19
59712,13
329645,19
329645,13
98378,19
98378,13
77528,19
77528,13
254326,6
254326,19
92331,6
92331,19
91895,19
91895,13
91732,6
91732,19
94601,19
94601,13
94044,19
94044,13
94045,19
94045,6
96372,19
96372,13
29115,19
29115,13
83068,19
83068,13
43652,19
90452,19
90452,13
116308,19
116308,13
90250,19
90250,13
52803,19
52803,13
66124,19
66124,13
150986,19
150986,13
93306,6
93306,19
91563,19
91563,13
95050,19
95050,6
93292,6
93292,19
95007,6
95007,19
99620,19
99620,13
94470,19
94470,6
110100,19
110100,6
94544,19
99380,19
99380,13
101852,19
101852,13
91638,19
91638,13
93460,19
93460,6
91143,19
91143,6
100019,19
100019,13
329671,19
329671,13
93565,19
93565,13
165958,19
165958,13
90087,19
90087,13
334215,6
334215,19
50581,19
50581,13
3614,19
3614,13
72221,19
72221,6
84060,19
84060,6
325482,19
325482,6
79190,6
79190,19
94843,6
94843,19
98740,19
98740,6
90973,19
90973,6
98224,19
98224,6
329681,6
329681,19
76450,19
76450,6
93755,19
93755,6
99245,19
99245,13
375368,19
375368,13
97558,19
97558,13
136391,6
126625,19
91501,19
91501,6
329687,19
329687,6
329688,19
97370,19
97370,6
91179,19
91179,6
81370,19
3639,19
3639,6
97582,19
97582,13
99057,19
227072,19
227072,13
90008,19
90008,6
59286,19
44078,19
83364,11
83364,21
83363,11
83363,21
83363,13
210096,11
210096,21
210096,13
3695,11
3695,14
3695,21
517691,11
517691,21
517691,14
3731,13
3731,6
195004,13
195004,6
59390,21
211487,19
211487,13
112190,11
112190,12
112190,6
171749,11
171749,12
171749,6
212944,6
212944,11
212944,12
226530,6
226530,11
226530,12
84577,6
84577,11
84577,12
84768,6
84768,11
84768,12
3898,13
29393,13
3899,13
196458,13
187584,13
213464,21
213465,21
213466,21
213473,21
213477,21
213480,21
78700,21
213488,21
228834,11
228834,21
4361,13
79167,11
79167,21
196443,11
196443,21
94390,6
191099,6
103072,13
371901,13
214608,6
214608,13
30629,6
61691,6
61691,13
113383,13
21060,6
21060,13
95509,6
179792,6
179792,13
43654,6
72222,6
72222,13
89706,6
89706,13
56107,6
56107,13
31316,13
4391,13
30641,6
30641,13
241759,6
241759,13
222295,13
347380,13
75613,13
529873,13
150347,13
239420,13
86660,13
53094,6
53094,13
140395,6
140395,13
4396,13
201715,13
195871,6
349262,13
243311,13
238265,13
167955,13
374788,13
4517,13
85342,13
324302,13
214722,21
180756,13
30798,13
323400,13
30802,13
30804,13
305586,6
305586,13
4769,13
90132,13
192860,13
80216,13
121852,13
116107,13
93812,13
57661,13
49409,13
85068,13
334564,13
4770,13
70857,13
113247,13
516663,13
516670,13
45245,13
323478,13
138587,13
30827,13
30828,13
138588,13
30830,13
90715,13
30825,13
195872,13
168233,13
89242,13
194356,13
134311,13
30835,13
30841,13
4782,13
241416,13
61356,13
30816,6
30816,13
516625,13
516628,13
516627,13
516632,13
516634,13
516637,13
516636,13
516639,13
516641,13
516642,13
516640,13
516643,13
516644,13
516647,13
5000,19
5000,13
5015,19
5015,13
92100,19
284972,6
284972,13
52344,19
52344,6
52344,13
58692,19
82657,19
134559,19
287964,6
287964,13
87694,19
87694,13
94935,19
94935,13
90995,19
59187,19
59187,13
43219,19
43219,6
89043,19
89043,13
115524,19
115524,13
5022,19
5022,13
115813,19
115813,13
5032,19
5032,13
91984,19
75370,19
75370,13
22775,19
22775,13
30936,19
30936,13
85769,19
85769,13
74526,19
74526,13
55428,19
55428,13
124756,19
124756,13
320879,11
320879,19
5062,11
5062,19
244831,11
244831,19
124323,19
124323,13
247015,19
247015,13
5071,11
5071,19
30940,19
30940,13
90963,19
90963,13
111922,19
111922,13
95940,19
95940,13
97666,19
97666,13
329710,11
329710,19
5079,13
45903,19
45903,13
58173,19
58173,13
50461,19
136396,19
46311,11
46311,19
5115,11
5115,5
5116,5
5116,11
5116,14
525322,5
525322,11
525322,14
154592,5
154592,11
154592,14
24531,5
5117,5
271200,11
271200,5
22191,5
59482,5
271203,11
271203,5
194106,21
194106,11
5127,21
5127,11
192421,21
192421,11
158306,14
158306,11
158306,21
161194,14
161194,11
161194,21
77387,15
77387,6
51297,15
51297,6
273982,15
273982,6
5364,13
334936,13
380535,13
293544,13
206721,13
96467,13
31317,13
5794,5
5796,11
5796,5
5797,11
5797,5
5906,21
324027,12
324027,13
5919,12
5919,13
5920,13
324086,13
20885,13
6092,11
6092,13
31928,6
6122,6
182055,6
182055,13
31925,6
31925,13
180514,6
180514,13
6127,6
6127,13
62394,6
62394,13
331599,6
331599,13
128311,21
140187,15
140187,11
140187,14
161594,15
223340,6
223340,13
115565,6
115565,13
81713,6
81713,13
6347,6
6347,13
6350,13
6387,6
32035,6
94345,6
131224,6
32039,6
6394,6
328168,6
239353,6
32041,6
6735,6
22404,13
327518,15
158662,21
158666,21
158667,21
158664,21
158663,21
248846,15
134394,13
6877,13
158708,13
19678,13
373709,13
158712,13
158712,6
19680,13
19680,6
22818,13
158713,13
134395,13
54425,13
158696,13
156637,13
125713,13
77748,13
6880,13
115419,13
6882,13
181736,13
167933,13
6887,13
6887,6
54787,13
6900,13
181744,13
98006,13
71440,13
71440,6
32649,6
32649,13
32652,13
61945,13
6910,13
6911,13
195492,13
6926,13
200667,13
6928,13
223428,13
200669,13
292102,13
6929,13
6929,6
6930,6
6938,13
102923,13
46130,13
136663,13
241546,13
6932,13
6932,6
89495,13
94846,13
99157,6
99157,13
94255,13
74604,13
32658,13
197756,13
91467,13
198383,13
198383,6
89331,13
89331,6
6964,13
324783,13
32772,13
254286,13
324884,13
378550,13
7122,13
324889,13
7123,13
156677,13
32822,13
254226,13
516740,13
7127,13
7128,13
325020,13
64778,13
102176,13
98653,13
98654,13
95987,13
93753,13
32825,13
32829,13
25831,13
91418,13
329072,13
99417,13
32833,13
192862,13
94421,13
99254,13
90896,13
94363,13
98911,13
162310,13
112542,13
60571,13
54622,13
162663,13
156415,13
32855,11
304261,11
32860,11
32860,13
158820,13
7233,19
7233,13
329742,19
329742,13
32955,13
272631,13
7297,13
77330,13
26862,13
7300,13
32945,13
32934,13
234872,13
7308,13
102959,13
251131,13
92471,13
93971,13
96779,13
7311,13
7316,13
91099,13
7319,13
256934,13
253984,13
25143,13
325236,13
32951,13
101076,15
101076,6
275924,15
275924,6
255810,15
255810,6
218776,15
218776,6
7990,19
7990,13
92071,13
270484,19
270484,6
270484,13
270485,19
270485,6
270485,13
285917,6
321387,19
321387,6
321387,13
358835,19
358835,13
96255,19
96255,13
226112,13
195007,13
316996,13
63231,13
63232,13
78045,13
298736,6
298736,13
54608,6
54608,13
47124,6
47124,13
137486,13
33602,13
321653,13
80918,13
80437,13
98663,13
179570,13
8114,3
8114,11
8114,13
250604,6
250604,13
66126,6
66126,13
293490,13
293469,13
293473,6
293473,13
146141,13
293483,6
293483,13
73019,6
73019,13
8223,13
85197,6
85197,13
63777,6
63777,13
8222,6
8222,13
250599,13
250602,13
250598,6
250598,13
130387,6
108843,6
106374,6
516910,6
8765,6
90871,6
297076,6
297076,13
88988,6
88988,13
114569,6
114569,13
323874,6
323874,13
8775,6
8775,13
239292,6
239292,13
331356,13
331356,6
8844,21
8845,11
8845,21
41013,13
90616,6
90616,13
9087,13
223960,6
223960,13
91514,13
323903,6
323903,13
54374,13
323904,6
323904,13
94288,6
94288,13
68612,6
68612,13
9095,13
365892,6
365892,13
220562,6
41061,13
41064,6
41064,13
92635,6
93164,6
93164,13
94263,6
94263,13
107159,6
107159,13
41073,13
9104,6
9104,13
89722,6
160776,6
160776,13
96595,6
96595,13
95739,6
95739,13
99695,6
94307,6
94307,13
75934,6
75934,13
89342,6
89342,13
63339,6
63339,13
79739,6
79739,13
159349,13
373011,6
373011,13
160777,6
160777,13
323624,13
323909,13
175631,6
191694,6
343327,6
343327,13
135410,13
135410,6
218895,13
21251,6
21251,13
41117,6
41117,13
22169,13
141100,6
141100,13
97711,6
97711,13
94473,6
94473,13
96268,6
96268,13
194034,6
194034,13
95564,6
95564,13
99486,6
99486,13
92652,13
72918,6
72918,13
93440,6
93440,13
41119,13
80681,6
80681,13
80682,6
383426,15
9500,12
9500,13
110889,13
57479,13
57479,12
521656,12
521656,13
85325,12
85325,13
85326,13
59459,13
9504,13
241103,13
179236,13
238921,19
238921,6
250358,19
250358,13
9532,19
95911,19
95911,13
93419,6
93419,19
69145,6
69145,19
9537,19
9537,6
91774,19
91774,6
93445,19
93445,13
52767,6
52767,19
92920,19
92920,6
198426,19
198426,6
329789,19
329789,6
97581,6
97581,19
95006,6
95006,19
329832,6
329832,19
134565,6
134565,19
224014,6
224014,19
144278,19
329831,6
329831,19
98531,19
98531,6
9619,19
9619,13
57480,19
57480,13
53771,19
53771,13
329792,19
329792,6
9636,19
9636,13
253439,19
253439,13
97506,19
97506,6
139993,6
139993,19
9643,19
9643,13
74918,6
74918,19
224016,6
224016,19
124324,6
124324,19
131762,6
131762,19
329867,19
329867,6
120485,6
120485,19
119074,6
119074,19
9586,6
9586,19
55518,19
55518,6
103060,6
536060,13
52691,21
120484,11
120484,21
9743,13
49265,13
336165,13
9772,13
177985,13
95532,13
113337,13
501414,6
501414,13
501414,15
317658,13
522698,13
105654,13
44171,13
309843,6
309843,13
64883,6
64883,13
526078,13
100448,6
100448,13
100448,11
66102,6
66102,13
337345,6
337345,13
334813,6
334813,13
375138,6
375138,13
69924,6
69924,13
526282,13
140547,19
140693,19
9876,20
9876,6
99463,6
537076,20
537076,6
530198,20
530198,6
74790,6
74790,20
27587,19
66117,19
66117,13
10103,13
19593,6
89477,13
89478,13
25852,13
21737,13
93167,13
134953,13
241207,13
146049,13
180669,13
145959,13
47772,13
152082,13
109631,13
10338,13
48707,13
100293,13
80337,13
200049,13
349236,13
228181,13
10350,13
10350,6
301973,13
10385,21
522909,15
23783,5
247062,5
22206,5
19921,6
44874,6
44874,13
228849,13
52470,13
10624,13
74323,13
46577,6
46577,13
326287,6
326287,13
85550,13
41407,6
41407,13
144201,6
144201,13
517540,13
518340,13
43334,13
521599,13
110596,13
140730,13
292103,13
106308,13
144200,13
234966,13
222314,6
222314,13
181916,13
217861,6
217861,13
155056,13
155056,6
217852,13
110432,13
241031,6
241031,13
241032,13
140627,13
140627,6
140478,13
241774,6
241774,13
88858,13
88858,6
189766,13
194357,13
113404,13
112062,6
112062,13
195073,6
195073,13
129559,6
129559,13
302877,13
63114,6
63114,13
120493,13
92931,6
92931,13
88862,13
156225,13
110406,13
131226,6
131226,13
170791,13
172955,13
46896,13
46897,13
521746,13
385719,13
75128,13
287492,6
287492,13
287491,13
529338,13
10687,13
284813,13
140605,13
10689,13
10685,13
69226,13
150385,13
309286,13
216831,13
82978,13
141110,13
107272,13
139127,13
91481,13
140733,13
511878,13
98283,13
309285,13
150501,13
154048,13
150504,13
355964,13
95963,13
249640,13
284507,13
345474,13
345474,6
345474,11
23437,13
23437,6
211248,6
211248,13
374506,13
155846,6
155846,13
284542,13
284542,6
306185,13
306185,6
22141,13
138582,13
324313,6
10699,6
10699,13
80812,13
196437,13
64268,6
64268,13
119324,13
284032,13
60854,6
60854,13
224193,13
10701,13
137773,13
140625,13
379019,13
137323,13
272203,13
324338,6
383561,6
383561,13
23120,13
298945,13
131840,13
131840,6
308254,13
308254,6
178464,6
178464,13
60019,6
140650,6
10714,6
158326,13
155951,13
129561,13
65141,13
65141,6
58212,13
88901,13
141103,13
239625,13
139140,13
139140,6
190857,13
190857,6
153789,6
153789,13
140781,13
10722,13
79464,13
331030,13
331030,6
191994,13
191994,6
331029,13
331029,6
299744,13
268726,13
164617,13
85968,13
85968,6
54062,13
93884,13
324335,6
75776,6
75776,13
133388,13
133388,6
10706,6
10706,13
119227,6
119227,13
82053,6
82053,13
47348,6
47348,13
55643,13
319839,6
319839,13
139139,13
58159,6
140655,6
140655,13
83946,6
83946,13
78533,6
78533,13
39792,6
39792,13
190854,13
67825,13
72570,13
517511,6
517511,13
331487,13
10762,13
98350,13
178939,13
45272,13
117432,13
71740,13
304293,13
10765,13
91559,13
10768,13
202338,13
202338,12
524648,12
524648,13
113257,12
113257,13
180764,12
180764,13
379048,12
379048,13
60558,13
60558,12
212571,13
207712,13
207712,12
10778,13
80151,13
42329,13
25759,13
60855,13
217919,13
10771,13
49938,13
180853,13
80907,13
159736,13
159736,12
308664,13
308664,6
522908,15
10960,6
10960,13
90895,12
90895,13
56078,12
56078,13
64367,12
64367,13
11088,12
11088,13
11093,19
11093,13
42372,18
42372,19
42372,13
182094,19
182094,13
376195,19
376195,13
299510,6
263256,6
341676,6
284570,6
284566,6
379018,13
246247,13
246247,6
177855,13
227887,13
177854,13
296046,13
22143,13
323817,13
292865,12
292865,13
329308,13
329308,12
11216,13
11216,12
83475,12
83475,6
83475,13
78885,12
78885,13
132977,12
132977,13
329320,12
329320,6
329320,13
183314,13
183314,12
49779,13
49779,12
85536,13
85536,12
21747,13
21747,12
193004,13
72578,13
72578,12
227998,13
227998,12
171242,13
171242,12
75705,13
75705,12
83476,12
83476,13
11217,13
11217,12
78886,12
78886,13
49960,12
49960,13
45439,6
48637,6
48637,13
11313,6
11313,13
11315,6
239678,13
239678,6
354256,13
375402,13
106196,11
297530,13
11565,13
25176,13
78084,13
353032,13
329519,13
174080,6
174080,13
174079,6
174079,13
25895,6
25895,13
349483,13
258465,13
11640,13
276335,13
251092,13
343131,13
269378,13
46235,13
307735,13
174075,13
307736,13
240356,13
67363,13
110147,13
88367,13
511746,13
249401,13
276334,13
329518,13
174083,6
174083,13
273615,13
171243,13
11735,6
11735,13
11735,12
125365,13
335185,13
12012,13
12060,6
12060,13
141267,15
12082,15
141384,15
141384,6
375415,6
375415,13
269856,13
77014,6
44704,6
12341,6
12341,13
334242,13
334242,6
124274,13
124274,6
227964,13
361051,13
194984,13
307364,13
75875,13
351809,13
271610,13
271610,6
54136,13
359338,13
329545,13
329545,6
163271,13
176017,13
235063,13
107687,13
369601,13
21410,13
375426,13
21378,13
24488,6
12667,6
12667,13
168087,13
72567,13
12767,21
12767,11
12768,21
12771,11
12771,21
12802,13
12803,13
83343,6
82748,13
253825,13
21013,13
20535,6
20535,13
20535,19
99155,6
99155,13
99155,19
12852,13
12852,19
140783,6
140783,13
140783,19
12899,19
12899,13
97950,19
97950,6
44449,19
44449,13
84262,19
84262,13
44450,19
44450,13
126627,19
117433,19
117433,13
83770,19
83770,13
94308,19
94308,6
368132,19
98841,19
98841,6
160385,19
160385,13
91486,19
91486,13
115358,19
115358,6
53864,19
180117,19
318221,19
318221,13
386206,19
386206,6
101830,19
101830,13
116943,19
116943,13
140792,19
140792,13
54418,19
54418,13
329987,19
329987,13
12928,19
12928,13
12931,19
12931,13
12936,19
12936,13
88250,19
88250,13
12941,19
12941,13
367147,19
367147,6
385655,19
385655,13
181542,19
181542,13
83270,6
69028,19
69028,13
12947,6
79000,19
79000,13
12954,19
12954,13
330006,19
330006,13
56015,19
56015,13
95700,19
95700,13
140949,19
140949,13
330000,19
330000,13
12966,19
12966,13
99400,6
99400,19
252947,19
252947,13
90723,19
90723,13
226136,19
226136,13
12969,19
12969,13
92725,19
92725,13
211216,19
211216,13
82185,19
82185,13
75326,19
75326,13
12974,19
12974,13
291206,19
195010,19
79265,19
79265,6
224541,19
238710,19
238710,13
375437,19
138342,19
138342,13
87502,19
110211,19
110211,13
298435,19
298435,13
91537,19
91537,6
98036,19
98036,13
59991,19
59991,13
141134,19
92653,19
12980,19
12980,13
330033,19
330033,13
12984,19
12984,13
168042,6
168042,19
70814,19
70814,6
70814,13
52609,6
52609,19
12985,19
12985,13
196028,19
12990,13
80060,13
13050,19
13050,13
13056,19
13056,13
13057,19
13057,13
13066,19
13066,13
284474,19
55341,19
13067,19
13067,13
13068,19
13068,13
77655,19
77655,13
13075,19
13075,13
168043,19
331832,19
331832,13
13085,19
13085,13
24678,13
24678,19
13087,19
13087,6
368381,19
368381,13
133030,19
133030,6
84341,19
84341,6
331783,19
331783,13
13090,19
13090,13
56049,19
13092,13
13092,19
194382,19
194382,6
224556,19
224556,6
208026,19
208026,6
330171,13
330171,19
251948,6
251948,19
299512,19
299512,13
198454,13
198454,19
331807,13
331807,19
293740,13
293740,19
331802,19
331802,13
331802,6
208694,19
208694,13
98407,19
69227,6
69227,19
48246,19
71377,19
71377,6
89481,19
89481,6
94086,19
94086,6
165975,19
165975,6
72728,19
72728,6
182553,19
224558,19
224558,6
270508,19
93034,19
93034,13
93034,6
47267,19
47267,13
47267,6
13106,19
13106,13
13107,19
13107,13
45470,19
45470,13
226142,19
226142,13
331813,19
331813,13
500224,19
500224,13
45127,19
45127,13
75246,19
75246,13
46921,19
46921,13
44091,19
44091,13
215365,19
215365,13
46920,19
46920,13
13113,19
13113,13
77345,19
77345,6
67902,6
67902,19
346632,13
346632,19
346098,6
346098,19
360921,19
208027,13
208027,19
142740,13
142740,19
69464,13
69464,19
13115,19
13115,13
13118,19
13118,13
13123,19
13123,13
331846,19
331846,13
58231,19
58231,13
13128,19
13128,13
85554,19
85554,13
142776,19
13130,19
13130,13
13132,13
13132,19
13138,19
13138,13
87248,19
80992,19
43092,19
275013,19
13141,19
13141,13
91667,19
91667,6
84553,19
85516,19
85516,6
103378,19
103378,6
66741,19
66741,6
82350,19
82350,13
68010,6
68010,19
330671,6
330671,19
83464,6
83464,19
99295,19
99295,13
133032,19
133032,13
143237,19
143237,6
13148,13
13148,19
115367,13
115367,19
254540,13
254540,19
45916,13
45916,19
13152,13
13152,19
13169,13
62073,6
218472,6
329932,13
331884,13
331885,13
13226,13
13228,13
84135,13
42513,13
53405,13
96764,13
13225,13
173479,13
19629,13
13244,19
13244,6
165465,19
165465,13
165988,19
165988,6
354425,19
354425,6
165484,19
165484,13
165490,19
165490,6
508056,13
13348,19
13348,6
72418,19
72418,13
88343,13
88343,19
22225,13
22225,19
13364,19
13364,13
13395,13
331875,13
331873,13
331865,13
88677,13
13503,13
67867,13
88346,13
307988,13
13510,13
331869,13
13512,13
131261,13
58361,13
101023,13
42248,13
65086,13
156655,13
160637,13
88347,13
13520,13
13527,13
108956,13
70023,13
323268,13
88345,13
113336,13
68970,13
96277,13
25828,13
88344,13
331877,13
180674,13
98451,13
13508,13
331874,13
192875,13
54600,13
21842,13
56931,13
142858,13
25812,13
150377,13
331862,13
95518,13
205677,13
251950,13
111205,13
130221,13
98361,13
155185,13
227379,12
227379,13
155186,13
97537,13
322911,13
90553,13
99553,13
255968,13
60881,13
361597,13
171108,13
319256,13
172409,13
319255,13
248870,13
312531,13
236181,12
236181,13
133175,13
44470,13
138501,13
82563,13
52927,13
138498,13
128314,13
59936,13
102973,13
105250,6
105250,13
209814,13
194749,13
224714,13
44103,13
334121,13
248869,13
13950,13
13950,12
87559,13
525656,13
331809,13
96348,13
219117,6
219117,13
324405,13
53590,12
53590,13
517180,13
291217,13
219666,12
219666,13
89636,13
61117,13
99810,13
150140,13
94416,12
94416,13
256109,13
13958,13
151375,13
323242,13
385267,12
385267,13
74004,6
74004,13
319257,6
319257,13
95022,6
179816,13
309117,13
271646,12
271646,13
534937,13
71927,13
331803,12
331803,13
13977,6
534519,13
14003,6
89675,6
99044,6
99044,13
323085,13
305598,13
14012,13
89562,13
55063,13
536605,13
535987,13
66542,13
325251,13
97220,13
305593,13
14021,13
330944,13
151368,13
14022,13
155191,13
128316,13
14023,6
14023,13
14025,13
153896,13
327372,13
155192,13
153897,13
51643,13
151364,13
14027,13
25731,13
273956,13
49495,13
14028,13
151367,13
77775,13
331744,13
331737,13
331731,13
331734,13
323024,13
89351,13
14041,13
97063,6
97063,13
48560,6
48560,13
305597,13
75794,13
44127,13
124644,13
83999,13
94025,13
192879,13
253106,13
99735,13
331746,13
52928,13
57292,13
271649,13
57293,13
14055,6
14055,13
331745,13
14069,19
14069,13
331868,19
331868,13
331867,19
331867,13
206324,6
14113,6
92834,6
322893,13
14123,13
14124,13
202499,13
45549,13
25256,13
269507,13
524103,6
524103,13
524136,6
524136,13
245581,13
245581,6
352641,13
352641,6
305584,13
282102,13
282101,13
282103,13
14226,13
89839,13
96418,12
96418,13
14227,12
14227,13
237537,13
237537,6
378081,13
182211,13
305583,13
14231,13
14232,12
14232,13
69543,13
69543,6
91185,13
256591,13
357448,13
92364,13
291762,13
64645,13
14240,13
324384,13
322747,13
322748,13
114954,6
114954,13
14243,13
118402,13
80799,13
121096,13
121095,13
181171,13
14244,13
14245,13
25755,13
14246,13
124414,13
105396,13
329194,13
14250,13
124415,13
121126,13
134696,13
134697,13
286415,6
286415,13
242276,13
134391,13
28926,13
324382,13
326262,13
109152,13
43109,13
14256,13
379147,13
375447,13
14257,13
254304,13
14264,13
83321,13
118404,13
76025,13
254308,13
14275,13
41869,13
25869,13
46209,13
322743,13
21515,13
103618,13
153807,13
153807,6
51913,13
28189,13
121094,13
14286,6
14286,13
14288,13
14290,13
91838,13
14294,13
54821,13
291765,13
60209,13
174916,13
49314,13
291766,13
14305,13
97110,13
140480,13
14306,13
337645,13
139605,13
14307,13
23744,13
21259,13
235984,13
14309,13
282722,13
14310,13
375463,13
254421,13
140352,13
378194,13
378197,13
378198,13
378201,13
41027,13
14260,13
134960,13
14262,13
75037,13
174920,13
71207,13
113503,13
49462,13
80096,13
113532,13
86010,13
121106,13
92590,13
306894,13
276849,13
254232,13
273159,13
44576,6
81966,6
380538,6
14466,11
14466,21
14886,13
80979,13
62088,13
130593,13
14906,13
322345,6
322345,13
329363,6
15247,6
15247,13
15371,6
100801,6
15573,6
15573,13
15711,6
15711,13
331830,6
15831,21
21746,13
328093,13
328850,13
328851,13
15837,13
15914,13
42278,13
329743,19
329743,13
324250,13
89135,6
323325,13
152425,13
44624,6
44624,13
58736,6
97712,13
128317,13
25117,13
297507,13
297507,6
220873,6
220873,13
16221,13
64024,13
300926,13
300926,6
370650,13
68890,13
244564,13
329150,13
53942,13
53943,13
78773,13
225328,6
225328,13
50139,13
47245,13
93158,13
225329,13
121056,13
85868,13
121055,13
84906,13
206373,6
206373,13
297501,13
66012,6
72246,13
73906,13
303840,13
82656,13
194488,13
211794,6
45355,13
68026,13
89961,6
16256,13
92968,13
51693,6
51693,13
16295,13
253370,13
221216,13
65886,13
322784,6
215645,6
329151,13
16249,13
324235,13
239902,13
137115,13
121196,13
62283,13
226272,13
324193,13
324192,13
58302,13
58302,6
44746,13
245865,13
329129,13
245866,13
196884,6
256946,6
161170,13
16830,19
16830,13
165986,19
165986,13
335099,19
335099,13
370754,13
370754,19
285444,19
285444,13
17257,19
17257,13
211227,19
211227,13
91144,19
91144,13
165422,19
165422,13
63744,19
63744,13
23554,6
23554,13
185344,13
17505,13
17508,6
17508,13
235384,6
235384,13
88671,13
112216,13
58043,13
155196,13
63856,13
323404,13
500065,13
239143,13
77449,13
225616,13
95813,13
104150,13
323406,13
286342,13
153901,13
80424,13
95171,13
17529,13
17531,13
332162,13
201421,13
238580,13
238580,6
17533,13
82558,13
17534,13
72576,13
90459,13
50205,13
251123,13
192885,13
17539,13
68847,13
97366,13
236059,13
192888,13
374053,13
332246,13
43982,13
209816,13
97177,13
318338,13
101725,13
332164,13
202540,13
332254,13
44755,13
282104,13
171405,13
171404,13
107087,13
17544,13
205663,13
269825,13
17548,13
67651,13
244224,13
281809,13
273106,13
342917,13
284804,13
282646,13
17549,13
332165,13
102372,13
24216,13
100962,13
17552,13
285335,13
17553,13
326299,13
360363,13
360363,6
107222,13
24220,13
24220,6
170493,13
117486,13
114646,13
17560,13
47335,13
24221,13
132897,13
332061,13
125209,13
98770,13
17566,13
249684,13
23351,13
20715,13
17570,6
17570,13
17571,13
136681,13
249685,13
17573,6
17573,13
113711,13
20717,13
20717,6
53961,13
238564,13
238568,13
238556,13
322298,13
17582,13
328896,13
83382,13
171487,13
23377,13
20308,13
238569,13
17595,13
25064,13
56089,6
56089,13
385590,13
95322,13
329080,13
17606,13
354869,13
354868,13
43516,13
20333,13
17609,13
369939,13
88670,13
17610,13
387163,13
17612,13
54063,13
72281,13
515468,5
515468,11
515468,14
525141,5
525141,11
525141,14
515481,5
124549,6
258566,6
82984,6
258567,6
323856,6
17726,6
323855,6
100221,6
55652,6
55652,13
51662,6
51662,13
141262,15
383452,15
103952,13
133873,13
328901,13
91737,13
280782,13
17794,13
87137,13
17795,13
115586,13
17798,13
113783,6
181920,6
231724,13
75792,13
526191,13
75039,13
54141,13
17850,13
52430,21
177966,6
376729,6
17970,19
17970,13
17969,19
17969,13
24097,6
120549,18
120549,19
120549,13
17999,19
17999,13
17999,18
166033,19
166033,13
166033,18
194153,18
194153,19
194153,13
363375,18
363375,19
363375,13
283842,18
283842,19
283842,13
18001,19
18001,13
379177,19
379177,6
78410,19
78410,6
97090,19
97090,6
511104,19
511104,13
56556,19
56556,6
84176,6
84176,13
331750,19
331750,6
90853,19
90853,6
18007,6
18007,13
57475,19
57476,19
331753,6
331753,19
95998,6
95998,19
105994,19
105994,13
521407,19
521407,13
56503,6
56503,19
352019,6
89667,19
89667,13
84979,6
99126,6
99126,19
98202,19
98202,6
92969,6
92969,19
331752,19
331752,13
521469,19
521469,13
345611,6
345611,13
345611,19
18025,6
18025,13
18025,19
93746,19
93746,6
340960,19
340960,13
161287,6
161287,13
501694,6
501694,13
18042,6
18042,13
170161,6
170161,13
334514,13
374005,6
374005,13
19630,13
136269,6
136269,13
138594,19
331904,6
331904,19
331904,13
63457,13
63457,6
77166,19
77166,6
331765,19
331765,6
18131,19
18131,6
78230,19
78230,6
64199,19
64199,13
220797,19
220797,6
59180,19
59180,6
225708,19
225708,6
78520,19
78520,13
60960,19
60960,6
90085,19
96463,19
96463,13
18157,19
96265,19
227054,19
227054,6
103379,13
103379,19
84774,19
298507,19
25788,19
89917,19
18170,6
18170,19
18170,13
69411,19
69411,13
57316,13
115837,13
99151,13
322173,13
18223,13
323175,13
187671,13
102387,13
75377,13
305943,13
332368,13
78021,13
115836,13
18224,13
349993,13
18225,13
374006,13
51734,13
52502,13
251955,13
327963,13
131975,13
245757,13
326305,13
332184,13
83664,13
296670,13
18230,13
96290,13
290692,13
500201,13
22341,13
290135,13
66942,13
18234,13
115838,13
18235,13
179562,13
25855,13
308267,13
18236,13
245639,13
323212,13
18239,13
332183,13
95031,13
46186,13
89065,13
139904,13
18245,13
82635,13
208794,13
18238,13
331116,13
92313,13
93218,13
96599,13
94300,13
332177,13
524298,13
22638,13
373844,19
373844,13
330002,11
330002,21
330002,13
18291,11
18291,21
18291,13
120575,21
326903,21
182559,21
227929,21
111432,21
121849,21
305874,11
305874,21
305874,13
137722,15
137722,11
137722,14
18327,15
18443,6
171360,13
171360,6
331911,19
331911,13
18463,19
18463,13
95190,19
95190,6
18473,19
18473,13
20927,19
20927,13
382682,13
332197,13
332190,13
500167,13
156665,13
323224,13
323230,13
18586,13
96715,13
51798,13
164598,13
192898,13
343760,13
323240,13
94715,13
217903,13
21508,13
329033,13
18596,13
323247,13
18605,13
351646,6
351646,13
383454,15
268898,11
268898,21
349989,11
349989,21
19070,11
19070,21
301019,19
301019,13
196548,19
196548,13
68706,11
68706,14
298950,11
298950,14
132160,11
132160,14
182647,11
182647,13
522674,11
522674,14
75341,11
75341,14
323306,13
535606,13
329931,13
19206,13
297901,13
350629,13
299756,13
53967,19
53967,13
283712,19
283712,13
90186,6
253670,6
253670,13
265880,6
318335,6
318336,6
318416,6
1,6
138970,6
25328,6
137191,6
192962,6
219615,6
219616,6
75982,6
4,6
139826,6
329112,6
138980,6
302861,6
378494,6
116005,6
336408,6
318415,6
176688,6
370045,6
92408,6
189357,6
176687,6
189358,6
342440,6
112841,6
363867,6
307583,6
338009,6
110230,19
337027,19
150776,19
297695,19
297695,13
314382,19
314382,13
521097,19
521097,13
521754,19
521754,6
521476,19
521476,6
521806,19
521806,13
64337,6
523869,11
523869,6
96120,11
96120,6
25995,11
25995,6
25997,11
25997,6
385566,6
385566,11
334632,11
334632,6
99764,6
99764,11
299321,6
299321,11
124617,6
146054,6
146054,11
303970,11
303970,6
97476,6
97476,11
345618,6
102489,11
102489,6
145999,11
145999,6
102877,11
102877,6
99375,11
99375,6
146391,11
146391,6
276402,11
276402,6
50694,6
50694,11
299322,11
299322,6
89612,6
523644,6
94010,11
94010,6
26006,11
26006,6
345624,2
345624,11
345624,6
254431,6
254431,11
334643,6
334643,11
231032,11
231032,6
319953,11
319953,6
303973,11
303973,6
71373,6
184899,6
323397,6
323397,11
334637,6
162024,11
162024,6
202288,6
87,6
63392,6
95797,6
90286,6
25976,11
25976,6
93283,6
182254,6
182254,11
91091,6
95673,6
90,2
90,11
90,13
77808,13
184934,2
184934,11
184934,13
84362,2
84362,11
84362,13
104,11
104,6
180579,6
248654,11
248654,14
248654,6
119599,11
119599,14
119599,6
180991,11
180991,14
180991,6
90150,11
90150,14
90150,6
184962,6
26012,6
184970,15
184970,11
184971,15
184971,11
120518,15
120518,11
184974,15
184974,11
325323,8
325323,11
67987,8
67987,11
184988,8
184988,11
137,8
137,11
138,8
184994,8
184994,11
26032,8
26032,11
119073,8
119073,11
334237,13
503303,13
502766,13
26038,13
26038,6
281568,13
204370,6
204370,13
197651,6
197651,13
334697,6
334697,13
152398,13
152398,6
185071,13
185071,6
193,13
76175,13
270868,13
26059,13
329287,2
134609,13
74539,13
269427,13
114144,13
366869,13
74161,13
50818,13
116246,13
227,13
80236,6
156632,6
46878,13
52826,13
86481,6
196210,6
196210,13
74748,6
74748,13
47997,6
517721,13
83670,6
83670,13
517660,13
241717,13
80644,13
299455,6
209978,6
327445,6
222421,13
222421,6
64080,13
64080,6
197669,13
197669,6
517666,13
170384,13
170384,6
180663,13
180663,6
517705,13
501522,13
307444,13
196217,6
196217,13
124214,13
315795,6
315795,13
343765,13
520954,13
210409,6
210409,13
117420,13
181350,13
124213,13
209977,13
196224,13
55198,13
55198,6
95977,13
95977,6
209955,6
210410,6
210410,13
307445,13
51096,13
194876,13
181353,13
86628,13
75656,13
74992,13
91580,6
517415,13
300947,13
357370,6
64981,13
84386,13
84386,6
194990,13
56762,13
222262,13
307990,13
366972,13
366972,6
335442,13
366973,13
99319,13
517420,13
517276,13
382866,13
517387,13
47342,13
56763,13
269152,13
517425,13
114941,13
48740,13
366994,13
81067,13
517434,13
517989,13
517436,13
81792,13
66647,13
77146,6
99414,6
84880,6
181365,13
367029,13
85888,13
197521,13
238669,6
238669,13
517531,13
206486,13
206486,6
89272,6
149374,6
109523,13
73331,13
197679,13
69083,13
131412,13
206657,13
238503,13
367051,13
102087,13
53727,13
114943,13
68446,13
68446,6
135016,13
104659,13
324499,13
57864,13
89375,13
343377,13
194999,13
521450,13
521091,13
348412,13
194979,13
46266,13
529596,6
180664,13
367085,6
153800,6
153800,13
518112,13
43578,13
298491,13
67818,13
196755,6
195001,13
195001,6
236946,13
269447,13
517745,13
520694,13
26148,13
74232,6
517715,13
517423,13
375062,13
231040,6
231040,13
210447,13
76857,6
76857,13
76759,6
502756,13
185050,13
301674,13
301675,13
144454,13
144454,6
517665,13
26628,1
84481,11
84481,6
84481,13
70362,6
70362,13
359,6
359,13
120861,18
120861,10
120861,16
89046,18
89046,10
89046,16
171672,1
171672,16
171672,18
171672,10
83905,1
83905,16
83905,18
83905,10
84989,11
84989,6
185360,5
232463,2
232463,12
66609,12
66609,2
269475,2
269475,12
139845,2
113688,2
113688,12
136523,2
136523,12
77998,2
77998,12
99755,2
99755,12
305531,2
305531,12
139844,2
139844,12
305530,2
305530,12
413,2
345658,2
190776,2
306028,2
416,2
416,12
306026,2
306027,2
98708,5
143604,5
195629,5
445,5
226515,5
79231,5
148134,5
446,5
207492,5
98347,5
82294,11
82294,14
185506,11
185506,14
477,11
477,14
59419,14
59419,11
26303,14
26303,11
487,14
487,11
106038,11
106038,14
522170,15
522170,11
522170,14
314082,15
314082,11
314082,14
314083,15
314083,11
314083,14
304567,15
304567,11
304567,14
521353,15
521353,11
521353,14
521912,15
521912,11
521912,14
522172,15
522172,11
522172,14
522173,15
522173,11
522173,14
521808,15
521808,11
521808,14
521271,15
521271,11
521271,14
520983,15
520983,11
520983,14
372634,15
372634,11
372634,14
376522,15
376522,11
376522,14
518742,15
518742,11
518742,14
385399,15
385399,11
385399,14
520862,15
520862,11
520862,14
367850,15
296292,15
498,15
498,11
83034,14
83034,15
83034,11
115631,15
115631,11
379210,15
379210,11
185690,14
185690,15
185690,11
185699,15
185699,11
185691,15
185691,11
500,15
500,11
500,14
501,15
117880,15
117880,11
363550,15
363550,11
363550,14
168381,15
168381,11
168381,14
502,15
502,11
502,14
87203,15
87203,11
87203,14
185698,15
157560,15
157560,11
157560,14
359538,15
359538,11
359538,14
54654,15
54654,11
189966,15
189966,11
168382,15
168382,11
508,15
508,11
508,14
114287,15
114287,11
521606,15
521606,11
521606,14
185709,15
185709,11
511,15
511,11
511,14
376425,15
376425,11
376425,14
517073,15
517073,11
517073,14
520413,15
520413,11
520413,14
375209,15
375209,11
375209,14
185771,11
400084,11
546,14
546,11
26315,14
26315,11
185787,14
185787,11
593,8
593,6
136010,8
136010,6
149095,1
388019,15
283807,8
283807,15
372381,15
372381,11
372370,15
372370,11
179326,15
179326,11
139918,15
139918,11
63945,15
63945,11
194892,15
194892,11
269556,15
269556,11
19714,15
334797,15
334797,11
84677,15
84677,11
60161,15
60161,11
694,15
698,15
698,11
218823,15
218823,11
218754,15
218754,11
218822,15
218822,11
258727,15
258727,11
258727,14
318725,11
318725,14
304057,1
304057,14
304057,11
176630,14
176630,11
155071,1
155071,16
155071,18
155071,10
185980,15
185980,11
185980,14
26443,2
126923,2
747,2
118759,2
118760,2
124396,2
118762,2
748,2
372805,6
103526,11
103526,2
359540,4
909,6
297874,11
524624,11
524624,14
182464,11
182464,14
388779,11
388779,14
190972,11
516721,11
516721,14
318295,14
318295,11
316781,14
316781,11
186358,11
186358,14
96161,11
96161,14
47871,11
47871,14
249001,15
249001,11
249001,14
186414,14
186414,15
186414,11
923,15
923,11
924,15
924,14
924,11
186415,11
186415,15
186415,14
51706,15
51706,14
51706,11
932,15
934,15
934,11
79616,15
79616,11
186420,14
186420,15
186420,11
954,15
186422,15
186423,15
170647,15
957,15
957,11
58482,15
58482,14
186424,15
186424,14
186425,15
135837,15
135837,11
970,15
971,15
971,11
971,14
975,14
975,15
975,11
976,15
980,11
980,15
980,14
981,15
981,14
981,11
156167,15
156167,14
156167,11
186431,15
186431,10
973,15
973,11
501411,15
131619,15
131619,14
131619,11
321685,6
73635,11
73635,6
73635,20
284648,11
284648,6
284648,20
990,11
990,6
990,20
267966,13
68521,8
63092,4
175531,4
58960,4
88155,4
26593,4
186640,4
154903,6
154903,13
154903,12
186659,6
186659,13
186659,12
1063,6
1063,13
1063,12
186677,6
186677,13
186677,12
186682,6
186682,13
186682,12
128258,6
128258,13
128258,12
186680,6
186688,6
111325,6
111325,13
111325,12
1070,6
186692,6
186692,13
186692,12
1071,6
1071,13
1071,12
186714,11
186714,1
236024,13
236024,6
188057,6
69365,6
156203,6
44699,6
192967,6
133125,11
133125,4
66351,11
66351,4
188073,2
188073,11
188073,14
329664,2
329664,11
329664,14
329663,2
329663,11
329663,14
188072,2
188072,11
188072,14
114758,2
114758,11
114758,14
188075,2
80553,2
80553,11
80553,14
62872,2
62872,11
62872,14
222505,2
222505,11
222505,14
188076,2
74858,2
188079,2
188080,2
188082,2
52913,2
52913,11
188086,2
89323,2
188087,2
188087,11
188087,14
26134,2
523366,2
523366,11
218282,13
330929,16
156214,16
234064,16
188234,6
115552,6
308605,6
97744,8
97744,6
105667,8
105667,6
99711,8
188242,6
1185,8
1186,8
1192,8
188324,8
188324,1
188352,8
188352,1
1284,11
1293,11
1317,11
1317,14
382955,11
382955,14
165272,11
188524,11
188524,14
27624,11
27624,14
400218,11
400218,14
26745,11
26745,14
1358,11
1358,14
188644,11
188644,14
353713,11
353713,14
1361,11
1361,14
26768,11
26768,14
113924,11
113924,14
244635,11
244635,14
1386,16
25289,15
25289,14
188768,15
188768,14
188769,15
188769,14
1395,15
1395,11
283643,5
81387,5
61123,5
117923,5
115050,5
77999,5
77999,1
318222,6
318222,13
1448,1
1449,6
192458,6
88374,6
188864,14
188871,1
27280,6
27280,13
526099,6
94003,6
83125,6
83125,13
525411,6
23940,6
1492,6
363913,6
363913,14
363913,11
30319,11
30319,14
30319,6
156323,6
189072,1
27046,4
164160,4
1545,1
1548,1
1556,4
52944,4
1559,4
389089,15
389089,14
389089,11
189089,2
108361,2
19867,2
19867,11
189090,2
189090,11
1581,2
27050,11
27050,2
1577,2
1577,11
1580,11
1580,2
20706,2
1583,2
1586,2
84281,2
27108,8
27108,1
180497,1
27097,8
189119,1
189120,1
93843,8
503972,8
503972,1
27055,8
222566,8
222566,1
189121,1
28161,8
189124,1
143025,1
189128,1
513777,8
504417,8
99839,8
99839,1
28160,8
513778,8
189132,8
189133,1
1597,1
98199,1
222569,8
222569,1
103842,8
103842,1
112690,8
112690,1
328663,8
328663,1
175135,8
175135,1
96568,8
96568,1
50992,8
50992,1
1600,1
314700,1
24286,1
104652,1
272192,6
194733,6
98354,6
189162,6
189165,6
115404,6
27114,6
196494,6
196494,12
145010,6
66652,6
1610,6
1610,12
189168,6
189168,12
189169,6
281658,6
43102,6
204387,6
204387,12
196488,6
182664,6
93705,6
189173,11
1612,11
166600,11
92327,6
1623,1
1624,20
1624,1
45986,6
1628,6
43299,1
127453,1
90659,1
189232,20
189232,1
75996,20
75996,1
90705,8
90705,1
189344,11
1667,11
189345,11
1668,11
189346,11
27153,17
189350,17
94191,17
1670,17
61752,17
27158,17
82171,17
46857,17
27162,17
1671,17
70390,17
189361,17
27167,17
331981,17
86972,17
27169,17
189363,17
97602,17
22727,17
27173,17
86973,17
26073,17
1675,10
189377,10
189377,18
189379,10
278281,6
269531,1
269531,20
239707,1
1700,8
71077,8
27189,8
75385,8
41246,1
52127,8
189463,8
27192,8
189476,5
189479,5
189480,5
189480,1
189486,5
189492,5
189515,5
189516,5
189517,5
189553,5
189581,5
189585,5
189586,5
189589,5
168453,5
190726,5
190726,11
190726,14
241598,5
241598,11
241598,14
1721,5
1721,11
1721,14
370498,11
370498,5
370498,14
370499,5
370499,11
370499,14
304006,5
304006,14
304006,11
372872,5
372872,11
372872,14
378563,5
378563,11
378563,14
1723,11
1723,5
245528,5
245528,11
189676,5
189606,5
87597,5
189709,5
189713,5
1728,11
1728,5
1728,14
380722,11
380722,5
380722,14
291477,5
291477,14
291477,11
25910,5
27207,5
113933,5
148137,5
27210,5
25929,5
25915,5
105619,5
100918,5
1731,5
189759,5
189610,5
289026,5
245527,5
245527,11
138204,1
269567,1
373766,1
50479,1
47428,1
55049,1
152631,1
239301,1
378945,1
1790,11
1790,2
183721,5
513781,15
43874,11
182576,5
182577,5
267550,5
182578,5
281807,5
205678,5
226573,5
1897,18
1897,5
128361,5
215070,5
270268,5
299424,18
299424,5
94344,5
60870,5
336925,5
359947,5
104023,5
25930,5
100922,5
194974,5
99458,5
281273,5
114417,5
27552,5
278108,5
267548,5
189714,5
182575,5
344051,5
271376,5
344846,5
120314,5
228394,5
271377,5
285326,5
227943,5
227787,5
198571,5
350687,5
203711,5
195289,5
288003,5
168821,5
27565,5
1902,6
1903,6
98880,8
98880,1
90873,8
90873,1
222680,8
222680,1
1917,8
1917,1
182546,6
137012,6
55848,6
63776,6
131947,6
125055,6
206871,6
182053,6
213963,6
194267,6
151768,6
151767,6
150967,6
153906,6
152508,6
329318,6
331939,6
328127,6
328129,6
187277,6
331835,6
331944,6
329359,6
328144,6
331833,6
328171,6
530722,6
178257,10
178257,6
114291,17
331987,17
332142,17
137249,17
239025,6
20264,11
20264,6
20264,13
20513,11
20513,6
344786,6
203074,6
203872,6
203872,11
1992,2
142290,2
1995,1
346718,1
317543,14
317543,11
2009,14
2009,11
27695,14
27695,11
228138,14
228138,11
148474,14
148474,11
63105,14
63105,11
274765,14
274765,11
2026,14
2026,11
203641,14
203641,11
203732,11
203732,6
2069,11
2069,14
203749,6
203752,6
133978,2
88908,6
27835,6
27787,6
2080,6
333263,6
333264,6
2081,6
81261,6
27843,6
242609,6
287699,6
203824,6
203825,6
2084,6
121684,6
92918,6
68984,6
27809,6
53397,6
2091,6
84075,6
91396,6
2093,6
232559,6
2094,6
27767,6
203833,6
219621,6
2101,6
2104,6
209418,6
129568,6
314959,6
203838,6
49984,6
2110,6
523042,6
523000,6
59225,6
29181,6
27777,6
92891,6
95164,6
203779,6
203841,6
236252,6
2121,6
27783,6
2128,6
203796,6
2130,6
2132,6
2138,6
57998,6
203845,6
81567,6
27840,6
174281,6
321970,6
272775,6
203848,6
203851,6
287937,6
203852,6
285749,6
27808,6
2183,6
192071,6
99053,6
142493,6
72244,6
521342,6
274976,6
240914,6
298439,6
380727,6
29184,6
239030,6
240498,6
182902,6
301684,6
81367,6
65629,6
76139,6
74862,6
222724,6
364854,6
89179,6
56582,6
240951,6
366407,6
240974,6
357469,6
275605,6
67278,6
110417,6
301688,6
222726,6
316789,6
240961,6
240976,6
366409,6
94975,6
217801,6
379255,6
379299,6
276435,6
53521,6
58070,6
380728,6
521099,6
115555,6
364890,6
301685,6
301689,6
99268,6
92715,6
384866,6
47996,6
27814,6
42519,6
73387,6
72893,6
54949,6
54950,6
271017,6
240910,6
369177,6
203862,6
291153,6
21666,6
2194,6
23277,6
2196,6
85926,6
93409,6
90366,6
203788,6
91562,6
94169,6
77074,6
171092,6
53607,6
112604,6
99217,6
203808,6
142567,6
51665,6
115553,6
91187,6
100082,6
60811,6
332150,17
354374,13
354374,11
354374,20
2224,6
130462,1
27870,1
95269,13
255437,13
75942,6
135024,6
204009,6
204047,2
204047,11
204053,2
204053,11
204055,2
204059,2
204061,2
204061,11
204083,2
204083,11
204098,6
204108,2
204115,2
2301,11
2301,14
99567,14
99567,11
204177,15
528747,1
528747,18
513791,8
513791,1
513797,1
513797,18
204199,18
204199,1
204324,5
296496,11
296496,5
115370,5
115370,1
247063,5
523282,5
523282,11
169912,5
2317,5
2320,5
126880,17
218511,17
229943,17
243358,17
378100,17
24116,6
233345,11
233345,6
204547,11
204547,15
204547,14
204565,15
204565,14
2355,11
2355,14
116862,2
54243,6
57902,6
139794,6
85766,6
213748,6
91850,2
91850,11
97016,2
97016,11
104068,2
222758,6
236856,6
50219,6
86133,6
190982,6
80811,6
65314,6
222759,6
171731,6
171732,6
60324,6
523671,11
205527,11
205527,14
204832,11
204832,14
28011,11
28011,14
2386,11
2386,14
204833,11
204833,14
28016,11
28016,14
2391,11
2391,14
204981,2
205052,16
205052,1
205052,18
205092,11
205092,2
381920,11
381920,6
381937,11
381937,6
218537,11
218537,6
383945,6
383945,11
82284,11
82284,6
67306,11
67306,6
67307,11
67307,6
143095,11
143095,6
79128,6
79128,11
219089,6
219089,11
195744,11
195744,6
105709,11
105709,6
351797,11
351797,6
324715,11
324715,6
324683,11
324683,6
152590,11
152590,6
195738,11
195738,6
253214,11
253214,6
381953,11
381953,6
108397,4
335587,4
525057,4
2437,4
46614,4
524972,4
145493,6
189912,6
232988,6
232989,6
263231,6
92877,6
377231,6
320170,6
124399,6
285986,6
99087,6
351726,6
331098,6
300954,6
20042,6
20042,11
70609,6
2443,6
2443,11
344880,6
2447,6
2448,6
184170,6
99262,6
52474,6
98768,6
515177,6
284390,6
28047,6
75470,6
290890,6
74569,6
70962,6
98219,6
278739,6
518560,6
96918,6
98769,6
220530,6
28052,6
131105,6
96033,6
75471,6
387408,6
273656,6
227035,6
330055,6
243507,6
222765,6
308645,6
124262,6
196843,6
277206,6
91046,6
184171,6
222766,6
291730,6
80086,6
80087,6
51708,6
55659,6
175592,6
98946,6
61498,6
184172,6
239032,6
96809,6
125056,6
375024,6
83287,6
162305,6
279610,6
83288,6
380430,6
277231,6
139078,6
522121,6
522553,6
342384,6
351728,6
308610,6
83008,6
364679,6
85396,6
68780,6
91047,6
135419,6
357470,6
94740,6
176462,6
351729,6
357426,6
350985,6
308085,6
522389,6
294461,6
305878,6
308611,6
364680,6
515176,6
519020,6
241721,6
89225,6
176461,6
176469,6
303456,6
139079,6
74568,6
96586,6
28083,6
232987,11
232987,6
131452,6
94212,11
94212,6
2452,6
2453,6
62129,6
239602,6
2454,6
21296,6
2455,6
521367,6
82412,6
27267,6
176922,6
191076,6
205266,6
2456,6
91107,6
2459,6
70403,6
70404,6
360783,6
360783,11
20124,6
50337,6
205267,6
522183,6
145079,6
336961,6
91799,6
297894,6
89656,6
2555,6
222770,6
180087,6
243167,6
243167,13
52375,6
87165,6
2571,6
104818,6
197749,6
220419,6
227036,6
227036,13
79713,6
231437,6
226403,6
98879,6
64153,6
90299,6
87524,6
28134,6
66577,6
66577,13
96431,6
139080,6
44882,6
57393,6
513884,6
97084,6
97084,13
77743,6
99372,6
28141,6
28141,13
139081,6
205410,15
368943,11
508304,14
508304,11
288344,11
288344,14
310436,14
310436,11
28245,11
354320,14
354320,11
357471,14
63186,14
63186,11
42712,11
42712,14
2628,11
2628,14
2631,11
2631,14
78452,11
78452,14
90958,11
90958,14
62289,11
62289,14
361700,11
361700,14
122039,14
122039,11
169303,11
169303,14
206000,14
206000,11
2643,11
2663,3
2663,1
206136,6
78558,3
78558,1
206141,3
206141,1
206148,11
206148,6
43929,16
43929,1
43929,18
23425,16
206195,6
2673,6
206196,6
124198,6
524946,6
524873,6
525838,6
192969,6
21742,6
99513,6
517430,6
517394,6
91375,6
2679,6
167963,6
2680,6
206220,6
28270,6
2681,6
93515,6
197723,6
322280,6
176313,6
58815,1
58815,14
2685,1
2685,14
206265,6
206265,11
297062,6
513888,2
513888,11
513888,6
206266,11
206266,6
198324,11
198324,6
96648,11
96648,6
53191,6
47071,2
47071,11
47071,6
139082,6
380580,2
380580,11
380580,6
513887,2
513887,11
513887,6
299484,2
299484,11
299484,6
80005,6
382514,2
382514,11
382514,6
178517,6
109137,6
69781,11
69781,6
94177,11
94177,6
254791,6
56977,6
2696,2
2696,11
2696,6
203415,6
54323,6
239734,11
239734,6
2282,6
505081,2
505081,11
505081,6
505080,2
505080,11
505080,6
505078,2
505078,11
505078,6
28274,6
2695,6
174911,6
105010,2
105010,11
105010,6
28275,2
28275,11
28275,6
94419,6
94419,11
54865,11
54865,6
170870,6
2697,6
29685,6
97677,6
96470,6
92974,6
87952,6
112721,6
110842,6
90338,6
100319,6
110999,6
345411,6
30045,6
92106,6
96905,6
89247,6
91376,6
98961,6
89128,6
28291,6
97203,6
94178,6
99398,6
91351,6
89036,6
91697,6
109722,6
92056,6
75906,6
95984,6
29733,6
29744,6
98648,6
28318,6
61444,6
94244,6
97680,6
96471,6
90648,6
30083,6
29766,6
28306,6
95635,6
96826,6
89884,6
97561,6
28307,6
98128,6
29792,6
97522,6
86664,6
28314,6
368908,6
29802,6
95263,6
90388,6
92391,6
93716,6
91122,6
368553,6
98757,6
345412,6
112723,6
98758,6
111549,6
91744,6
95226,6
96227,6
28316,6
92039,6
98504,6
93303,6
218394,6
29828,6
92957,6
174534,6
93325,6
322289,6
98156,6
92777,6
90611,6
91508,6
30119,6
47714,6
94350,6
368349,6
94483,6
97432,6
30125,6
95685,6
91433,6
58616,6
99577,6
92347,6
291738,6
97857,6
94803,6
111151,6
333301,6
30145,6
65207,6
99382,6
87096,6
99237,6
92878,6
30157,6
100058,6
96200,6
99932,6
90322,6
83368,6
90894,6
95926,6
97532,6
96808,6
98680,6
89504,6
92182,6
97286,6
89955,6
98192,6
90779,6
91932,6
91266,6
98545,6
90121,6
171379,6
98894,6
94822,6
171377,6
90729,6
89601,6
98949,6
96385,6
30227,6
358894,6
352540,6
226888,6
139686,6
2817,6
202623,6
373699,6
239414,6
206423,6
325488,6
228668,6
335098,6
179754,6
129356,6
528972,6
136536,6
136536,13
507793,6
334721,6
507794,6
28323,6
28323,11
280047,6
337616,6
336498,6
387456,6
325804,6
387459,6
167286,6
94548,6
150837,6
194720,6
387462,6
54671,6
102656,6
114217,6
139719,6
44903,6
154974,2
164222,2
157378,2
369154,2
254012,2
28745,2
503786,2
44017,2
329666,2
154906,2
46620,2
44018,2
124530,2
97959,2
331252,2
207058,6
207480,15
207480,11
207480,14
170043,6
525135,6
300891,6
299323,6
515555,6
89750,4
3061,4
3063,4
256939,6
3146,6
170248,6
90302,6
92602,6
93279,6
101641,6
102023,6
97161,6
176078,6
93792,6
360956,6
261104,6
288093,6
526321,6
353061,6
228991,6
285371,6
89405,6
352587,6
360529,6
164032,6
258486,6
350942,6
524629,6
285910,6
3162,6
67477,6
97470,8
97470,6
92424,8
92424,6
28863,6
28863,13
330982,11
330982,14
120392,11
120392,14
208495,11
208495,14
106456,11
106456,14
383003,11
383003,14
401072,11
401072,14
258770,11
258770,14
330999,11
330999,14
3213,11
3213,14
20247,11
23489,11
23489,14
3215,11
165273,11
3220,11
119482,11
3223,11
3224,11
31605,11
3226,11
208934,11
401651,11
401651,14
258896,11
258896,14
257862,11
257862,14
85906,6
91791,6
95792,6
95844,6
63246,6
96855,6
91792,6
95793,6
3249,6
322732,6
90952,6
52951,6
298095,6
270934,6
270935,6
322740,6
276207,6
275600,6
322744,6
99013,6
91343,6
197738,6
95971,6
236885,6
300057,6
95105,6
57322,6
28921,6
271054,6
271198,6
140503,6
322758,6
154907,6
272917,6
28922,6
222937,6
3253,6
3261,6
98762,6
227622,6
3262,6
92029,6
236875,6
217944,6
28896,6
96813,6
236882,6
3278,6
271154,6
353922,6
64302,6
274981,6
93532,6
214091,6
202282,6
271053,6
271173,6
208592,6
94754,6
269354,6
69338,6
70553,6
46202,6
99363,6
52985,6
133008,19
133008,13
329633,19
96259,19
94796,19
94796,13
208619,6
3312,6
3381,6
209185,15
209208,15
209209,15
209222,15
3396,11
3396,14
142413,6
3411,6
337162,6
104459,6
334727,6
379211,13
282176,6
282176,13
319867,13
324617,13
285375,13
209558,15
209616,15
209778,15
209778,11
209778,2
209778,14
3448,15
3448,11
3448,2
3448,14
91344,11
91344,6
3453,2
3453,11
3453,6
3454,6
209836,11
209836,6
209844,11
209844,6
3457,6
3457,11
209847,6
153283,11
153283,6
96562,6
153285,11
153285,6
255924,6
255924,12
222953,6
222953,12
343768,6
343768,12
151702,6
151702,12
117133,6
117133,12
191490,6
191490,12
178005,6
178005,12
209917,6
209917,13
209917,12
3461,6
3461,12
342481,6
342481,12
205680,6
205680,12
124684,6
124684,12
124686,6
124686,12
344974,6
344974,12
49129,6
49129,12
3462,6
3462,12
291605,6
291605,12
92001,6
92001,12
100040,6
100040,12
62075,6
62075,12
209916,6
209916,13
209916,12
237042,6
237042,13
237042,12
74760,6
74760,12
3463,6
3463,12
364906,6
364906,12
43960,6
43960,12
335509,6
335509,12
114775,6
114775,12
29022,6
29022,12
96642,6
96642,12
298704,6
298704,12
270936,6
270936,12
29024,6
29024,12
270937,6
270937,12
115416,6
115416,12
364904,6
364904,12
300927,6
300927,12
54394,6
54394,12
99751,6
99751,12
302852,6
302852,12
124131,6
124131,12
352792,6
352792,12
92439,6
92439,12
302853,6
302853,12
96643,6
96643,12
96661,6
96661,12
125057,6
125057,12
300346,6
300346,12
364905,6
364905,12
364907,6
364907,12
181330,6
181330,12
113690,6
113690,12
95348,6
95348,12
29042,6
29042,12
79953,6
79953,12
98439,6
98439,12
77907,6
77907,12
93509,6
93509,12
89673,6
89673,12
380243,6
380243,12
73789,6
73789,12
96701,6
96701,12
83887,6
83887,12
90248,6
90248,12
155175,6
155175,12
97837,6
97837,12
194413,6
194413,12
102477,12
102477,6
300436,6
300436,12
91977,6
91977,12
154370,6
154370,12
81103,6
81103,12
89965,6
89965,12
29064,6
29064,12
155176,6
155176,12
357133,8
357133,6
530735,6
530670,8
530670,6
298423,19
298423,13
77511,19
77511,13
65074,19
65074,13
74953,19
74953,13
29099,19
29099,13
29104,19
29104,13
3498,19
3498,13
79957,19
79957,13
177980,19
177980,13
3564,19
3564,6
91591,19
91591,6
150773,19
150773,13
99472,19
99472,13
91400,19
91400,13
70610,19
70610,13
348476,19
348476,6
522052,19
522052,6
68093,19
68093,13
3623,19
3623,13
77684,19
77684,6
334728,19
334728,6
220105,19
220105,6
249915,19
249915,6
284970,19
284970,6
209263,19
209263,6
3669,19
3669,13
331113,19
331113,6
94746,19
94746,6
126790,6
105679,6
124709,6
105680,14
105680,21
69422,11
69422,21
69422,14
76646,11
76646,21
76646,14
121848,11
121848,14
121848,21
210090,1
3696,6
3696,8
3698,6
3698,8
210136,5
210136,1
143455,5
143455,1
161913,5
210431,6
210481,17
331989,17
46649,17
72103,6
29227,6
23694,8
23694,6
3758,11
3758,1
3758,14
353522,11
353522,14
157658,11
157658,14
3761,14
3761,11
191491,14
191491,11
312670,14
312670,11
91043,14
67933,14
256183,14
256183,11
187784,11
187784,14
210602,14
210602,11
383622,6
350190,6
320198,6
516569,6
369920,6
350943,6
312592,6
350373,6
350374,6
29238,11
29238,6
29322,17
3797,17
3798,17
170579,17
56764,17
212819,2
29245,14
212831,2
212835,14
212837,2
212811,14
3855,2
3855,11
212854,14
184234,6
184235,6
49852,6
89380,6
191787,6
161721,6
95979,6
29375,6
136109,6
97693,6
184241,6
222996,6
110256,6
109627,6
29380,6
528712,6
194716,6
214377,6
3862,6
222997,6
93424,6
29342,6
523768,6
523769,6
22582,6
193362,6
212858,6
86603,6
89094,6
101083,6
500143,6
212890,6
303277,8
303277,6
139126,8
139126,6
298076,6
64614,6
194249,6
100349,6
3871,6
43181,6
523765,6
523759,6
3872,6
212862,6
523752,6
114557,6
197725,6
193368,6
91845,6
22581,6
75163,6
523754,6
120427,6
47933,6
51441,6
153317,6
322936,6
89899,6
139129,6
138558,6
523755,6
92784,6
212859,6
164814,6
256206,6
99333,6
89379,6
165790,6
93425,6
97020,6
120405,6
92494,6
301031,6
196404,6
298440,6
523783,6
258383,6
105358,6
3876,6
97954,6
97261,6
90960,6
98132,6
212897,6
523762,6
523787,6
212901,6
170122,11
170122,6
287135,11
287135,12
287135,6
70347,6
70347,11
70347,12
151150,6
151150,11
151150,12
157902,6
157902,11
320544,11
320544,12
320544,6
320579,6
320579,11
121607,6
121607,11
121607,12
129222,11
129222,6
212950,11
212950,6
526134,11
526134,6
139130,11
139130,6
94237,11
94237,6
212974,6
212974,11
105707,12
105707,11
320455,6
320455,13
320500,11
320500,12
320500,6
202585,11
202585,6
202585,12
370849,12
370849,11
320549,11
320549,12
320549,6
102966,11
102966,12
102966,6
320548,6
320548,11
320548,12
126429,6
126429,11
126429,12
69317,6
69317,11
69317,12
136486,6
136486,11
136486,12
102624,11
102624,12
102624,6
3906,2
3908,11
3910,11
3911,11
166106,11
166106,14
119774,11
119774,14
120350,11
120350,14
250348,6
522866,17
370726,17
104709,6
523959,11
523959,14
523974,11
523974,14
523979,11
523979,14
387071,11
387071,14
275658,11
275658,14
11672,11
11672,14
166142,11
166142,14
258957,11
258957,14
371048,11
371048,14
372372,15
372372,11
372382,15
372382,11
84462,6
163714,11
163714,14
258784,11
258784,14
357872,11
357872,14
120367,11
120367,14
372541,11
372541,14
372492,11
372492,14
169835,17
64808,17
99428,6
90160,6
87642,6
91570,6
99241,6
33355,6
223625,6
506531,15
506531,11
506531,14
506746,15
506746,11
506746,14
330859,11
330859,14
332265,11
332265,14
328185,6
334182,6
206630,11
206630,14
180635,11
180635,14
30556,11
30556,14
368049,11
368049,14
275773,11
275773,14
275774,11
275774,14
368048,11
368048,14
29390,11
29390,12
29390,6
187785,11
187785,12
187785,6
182412,6
182412,11
182412,12
99423,6
99423,11
99423,12
81900,11
81900,12
81900,6
66731,6
66731,11
66731,12
116675,11
116675,12
116675,6
280622,15
280622,11
280622,14
330986,11
330986,14
332092,11
332092,14
331946,11
331946,14
364617,11
364617,14
208521,11
208521,14
378296,11
378296,14
320245,11
320245,14
400634,11
400634,14
204918,11
204918,14
120371,11
120371,14
2394,11
2394,14
310077,11
310077,14
310079,11
310079,14
400399,11
400399,14
204908,11
204908,14
400380,11
400380,14
120349,11
120349,14
400361,11
400361,14
310078,11
310078,14
189417,11
162643,15
206739,6
19209,6
289698,13
387433,6
332231,6
85612,6
234998,6
19203,6
91139,6
62997,6
114274,6
100268,6
20721,6
19195,6
286023,16
286023,1
368966,1
60961,16
60961,1
312276,1
89813,16
89813,1
19190,16
19190,1
19190,18
288161,16
288161,1
19186,16
19186,1
225849,16
225849,1
329111,6
31351,17
31350,17
195035,6
19177,6
45845,6
195034,6
23329,6
102827,6
20495,6
306822,6
19167,6
171154,11
171154,14
195053,11
195053,14
44292,6
154351,6
155959,6
58688,6
369453,6
19140,6
246973,6
69045,5
102400,5
19127,6
155434,2
145006,2
131760,6
71258,6
71258,11
104756,6
68077,6
68077,11
200834,6
19106,1
372638,15
372638,11
372638,14
106279,15
106279,11
106279,14
55624,6
174688,6
130318,6
328979,6
338886,6
19099,6
151193,6
332402,6
274639,6
157356,6
511279,6
512040,6
77178,6
226555,6
241787,6
287507,6
387956,6
535584,6
533548,6
380607,6
536587,6
319901,6
275989,6
380606,6
243617,6
82651,6
19094,6
534686,6
511723,6
83721,6
383886,6
71257,6
240723,6
286135,6
179514,6
303210,6
536478,6
287506,6
52603,6
176206,6
157354,6
101006,6
100248,6
46766,6
27274,6
117729,6
378959,6
169244,6
339235,6
226513,6
521604,6
78475,6
515389,6
86179,6
348053,6
329945,6
378958,6
523287,6
321676,6
284389,6
329026,6
128423,6
117138,6
286942,6
387714,6
60010,6
54102,6
95928,6
65435,6
515388,6
56858,6
59589,6
372359,6
80174,6
329025,6
175591,6
308566,6
176453,6
113795,6
64001,6
171250,2
19069,1
68843,14
68843,11
304478,14
329844,2
19043,2
19043,11
19041,2
87410,2
87410,12
82213,12
530257,12
60886,12
60886,11
227601,2
227601,12
155000,12
324618,2
324618,12
110721,12
77807,12
225839,12
225839,2
113428,12
113428,11
48730,12
132173,12
104030,12
183302,12
196197,12
85026,2
68269,12
47712,12
77560,12
69665,12
66690,12
117507,12
56381,12
56381,11
75712,12
73150,12
225836,12
154997,12
154997,11
48337,12
48337,2
255415,12
48364,12
48364,2
46721,12
178245,12
178245,2
46720,12
132210,12
503941,12
503941,11
226073,2
226073,12
241555,12
86785,2
86785,12
111892,12
57414,12
368301,12
80103,12
54681,12
521223,12
521223,2
50511,12
329753,2
329753,12
129077,12
129077,11
235478,12
235478,2
189975,12
189975,2
72049,12
67436,12
67436,2
134401,12
134401,2
329632,2
329632,11
20909,2
86718,2
329631,2
55510,2
80362,2
329886,2
116970,2
524040,2
19024,12
19024,2
240062,12
66538,12
66538,2
77806,12
228862,12
115590,2
62569,12
62569,11
54796,12
45844,12
45844,11
72168,12
325870,2
325870,12
245926,2
245926,12
372820,2
372820,12
117506,12
117506,2
83400,12
166255,12
145076,12
116309,12
228620,12
108075,12
203614,12
240077,12
240077,11
184081,12
126380,12
86876,12
68399,12
51754,12
360254,12
360254,11
30295,12
50771,2
50771,12
329839,2
86786,2
86786,12
226528,12
203283,12
226072,2
80403,2
80403,12
57774,12
293618,12
203282,12
203282,2
505210,6
505211,6
43844,6
174062,6
271982,1
271982,6
94534,6
62927,1
62927,6
91184,6
81126,6
208929,6
64368,6
202759,6
195954,6
81889,6
225824,6
18975,6
57387,6
81165,6
58970,6
64000,6
96889,6
53560,6
171040,1
171040,6
90781,6
98342,6
182320,6
113060,6
23728,6
196594,16
297762,16
194330,6
179822,6
92689,6
140251,6
89151,6
50996,6
94460,6
307732,6
92511,6
196958,6
18948,6
18948,13
48705,6
328935,6
41495,6
315290,6
51788,6
41487,6
62724,6
83589,6
181221,6
318847,6
270524,6
87836,6
275280,6
136008,6
275285,6
213850,6
225819,6
213849,6
213848,6
211238,6
213843,6
23767,6
66348,6
82128,6
500274,6
175106,6
326310,6
211236,6
70900,6
327459,6
121816,6
328939,6
103360,6
191042,2
191042,6
18918,6
138655,6
62772,6
328091,6
18911,6
18910,6
332619,6
127331,6
20930,6
66246,6
314915,6
250076,6
18898,6
373842,6
41459,6
270523,6
157358,6
275622,6
157357,6
18893,6
156152,6
82818,6
18888,6
178731,6
91815,6
134958,6
95932,6
323275,6
18880,6
171743,6
384075,6
97190,6
323296,6
386876,6
194342,6
323279,6
147839,6
323274,6
50968,6
320551,6
506254,6
506174,6
522745,6
506498,6
506416,6
506214,6
388373,6
506470,6
506406,6
506038,6
506038,8
506378,6
506757,6
505805,6
388382,6
506449,6
506449,8
506064,6
505791,6
506070,6
388333,6
505950,6
505998,6
388316,6
506097,6
522398,6
506316,6
388324,6
505915,6
333206,6
161809,6
528774,6
506099,6
505750,6
18860,6
388337,6
522495,6
506522,6
388361,6
506430,8
506430,6
506281,6
506035,6
161806,6
506269,6
388401,6
506442,6
388402,6
506081,6
506098,6
506109,6
388321,6
506196,6
388335,6
505932,6
388399,6
506395,6
506244,6
388301,6
388300,6
505978,6
347950,6
506215,6
522602,6
506114,6
505925,6
506218,6
522365,6
506043,6
506060,6
522593,6
522549,6
506294,6
506354,6
522483,6
505918,6
506208,6
506471,6
506343,6
505771,6
505937,6
522563,6
388311,6
388312,6
506448,6
506503,6
506008,6
506307,6
506334,6
505963,6
506149,6
506398,6
506308,6
506507,6
505904,6
505814,6
522578,6
505887,6
161804,6
506153,6
506542,6
506207,6
388320,6
506263,6
506094,6
62368,16
62368,18
505905,6
506285,6
506285,13
506445,6
506031,6
505956,6
505996,6
506361,6
388376,6
506267,6
506319,6
388308,6
505923,6
388351,6
505927,6
388349,6
514813,6
388369,6
388390,6
506133,6
388328,6
511286,6
506352,6
506216,6
506327,6
506113,6
506227,6
388365,6
388404,6
506318,6
505823,6
388400,6
506122,6
506069,6
506419,6
506438,6
388406,6
505984,6
505908,6
388375,6
506401,6
506067,6
506039,6
506365,6
388413,6
388329,6
505834,6
388403,6
388353,6
388374,6
388323,6
388338,6
388319,6
505999,6
522625,6
388298,6
505940,6
506182,6
505985,6
505857,6
506286,6
506231,6
511965,6
506360,6
507738,6
522755,6
506392,6
388395,6
505760,6
522514,6
388322,6
507739,6
505840,6
506197,6
388398,6
388344,6
505941,6
506034,6
388341,6
388394,6
506393,6
388393,6
388372,6
522623,6
506185,6
388381,6
506091,6
522515,6
506427,6
522734,6
505796,6
522775,6
506373,6
505845,6
388371,6
522496,6
505976,6
505922,6
506363,6
388370,6
506088,6
388396,6
506525,6
388332,6
505801,6
388392,6
506456,6
388368,6
506051,6
506396,6
388327,6
388331,6
388326,6
388367,6
388340,6
522531,6
388294,6
505906,6
388391,6
522659,6
506306,6
388380,6
506213,6
388315,6
388347,6
506222,6
388411,6
388343,6
506229,6
506335,6
506045,6
505780,6
506042,6
506166,6
506315,6
506063,6
506377,6
388519,6
505789,6
388314,6
388414,6
522678,6
388291,6
522739,6
388303,6
506473,6
506388,6
506188,6
388389,6
388346,6
506200,6
506820,6
506001,6
505948,6
388342,6
388310,6
506096,6
506176,6
506017,6
506493,6
506390,6
505829,6
528722,6
522763,6
388293,6
505781,6
506457,6
505960,6
506071,6
522432,6
523971,6
523972,6
388299,6
388405,6
506614,6
522408,6
388410,6
522394,6
522699,6
506027,6
505756,6
388388,6
388318,6
506020,6
388387,6
506291,6
505968,6
388385,6
388386,6
388307,6
388345,6
388306,6
522645,6
388362,6
388384,6
388517,6
388383,6
528761,6
388296,6
506180,6
506126,6
506072,6
505909,6
388408,6
506280,6
388359,6
505763,6
506247,6
506324,6
94936,1
338803,1
18760,11
258637,11
18765,11
18764,11
409787,11
409772,11
409767,11
384767,11
119675,11
409752,11
409750,11
409728,11
409719,11
18761,11
332278,11
332278,14
409674,11
341625,11
386286,11
386286,14
386283,11
380370,11
380370,14
386250,11
386268,11
386264,11
386264,14
282737,11
282750,11
372808,11
282751,11
189806,11
386270,11
380367,11
386277,14
386277,11
378921,11
363609,11
165186,11
18754,11
409736,11
409736,14
372481,11
284022,11
284022,14
409724,11
386256,11
386289,11
409717,11
357870,11
282749,11
282739,11
386253,11
378923,11
386272,11
357117,11
386288,11
386285,11
386285,14
386282,11
386276,14
386276,11
386271,11
386269,11
386267,11
386263,11
386263,14
386255,11
386252,11
386248,11
380369,11
380369,14
380366,11
378922,11
378920,11
341624,11
384766,11
341622,11
341622,14
100988,6
305848,12
305848,6
329964,6
225801,6
18679,11
18679,12
18679,6
372656,12
372656,6
175596,6
80821,6
3913,15
515182,2
515182,11
210266,2
62093,2
315469,2
121403,8
121403,2
125876,2
210210,2
248272,2
229010,2
56066,2
210263,2
54200,2
139147,2
378469,2
121405,8
121405,2
210214,2
3923,2
98689,2
196149,2
29408,2
71510,2
120898,2
69919,2
58087,2
213133,2
70710,2
42009,2
3956,6
3956,8
3957,2
226038,2
3959,2
275092,2
103226,2
194537,2
79336,2
223027,2
68000,2
275084,2
92121,2
118017,2
96540,2
210265,2
55257,2
46574,2
213093,2
101096,2
42829,2
67894,2
79834,2
44371,2
522270,2
136172,2
101098,2
3990,2
140865,8
140865,2
140864,8
140864,2
196539,2
169607,2
29541,6
213356,6
79901,11
4004,2
4004,11
29545,11
99837,2
99837,11
21585,6
205800,6
115559,6
352604,6
323033,6
115560,6
181214,6
335785,6
335784,6
150715,6
150715,2
321914,6
321914,2
321913,6
321913,2
4019,6
4019,2
91900,6
91900,2
92055,6
92055,2
170774,6
170774,2
321912,6
321912,2
74527,6
74527,2
78821,6
78821,2
90156,6
90156,2
56820,6
56820,2
213572,2
213572,7
57195,2
57195,7
379064,2
379064,7
213420,4
4057,11
4057,14
78701,21
78701,11
50984,6
65702,6
43307,6
34096,11
34096,14
30247,11
131481,11
131481,14
258951,11
4114,11
4129,11
401828,11
369513,11
4144,11
341629,11
30256,11
165369,11
4159,6
4159,13
158002,6
158002,13
213558,6
213558,13
157998,6
157998,13
157999,6
213561,6
213561,13
158003,6
158004,6
158004,13
337637,6
23653,6
20998,11
4248,11
133485,11
175241,11
27534,11
27534,6
97422,11
97422,1
158030,6
72394,6
114925,5
214050,15
214056,15
214057,15
214058,15
214060,15
214059,15
176640,15
214068,15
214071,15
176642,15
214082,15
214085,15
214087,15
214093,15
176643,15
214100,15
214101,15
214111,15
214112,15
214132,15
214138,15
214142,15
214165,15
214171,15
214177,15
214183,15
214186,15
214189,15
214190,15
176646,15
214194,15
214198,15
4333,6
214287,15
106102,15
214301,15
226520,6
322018,6
285675,6
327171,6
239736,6
300854,6
316880,6
343006,6
297952,11
297952,6
316881,6
316881,11
293367,6
249606,1
4357,1
512156,6
512156,13
347709,6
342008,6
317130,6
317130,13
153087,6
153087,13
357473,6
357473,13
226521,13
58329,13
253316,13
273758,13
511284,6
511284,13
316882,6
316882,13
228610,6
228610,13
504999,13
504999,6
139170,13
211521,13
4362,13
378947,10
378947,6
281601,10
281601,6
348465,6
348465,13
307104,10
307104,6
383357,6
383357,13
58328,6
370060,1
367707,1
77139,6
298676,6
71980,6
229829,6
214532,6
99361,6
222288,6
116231,6
143506,6
89376,6
44679,6
196402,6
141035,6
96756,6
275543,6
229828,6
103180,6
243761,6
90279,6
99959,6
227043,6
92514,6
93558,6
316984,6
271063,6
4379,6
212529,6
214594,6
214595,6
4383,6
222290,6
98376,6
4384,1
214603,6
212957,13
223058,13
231440,13
79479,13
141032,6
243475,6
243475,13
241265,6
241265,13
515192,13
515191,13
214614,6
238675,6
68691,6
68691,13
112839,6
4404,6
4408,6
174691,6
155628,6
116233,6
55152,6
174934,6
57639,6
222302,6
312087,6
214577,6
49418,6
138206,6
92515,6
4411,6
222303,6
183523,6
302973,6
183526,6
222304,6
4412,6
196403,6
183527,6
210963,6
30659,6
143335,6
183800,6
183801,6
203097,6
183528,6
214624,6
243355,6
214625,6
138205,6
219918,6
30658,6
93444,6
118604,6
131964,6
97402,6
194919,6
118603,6
89070,6
144587,6
136476,6
42677,6
51650,6
131182,6
214627,6
214626,6
214628,6
214629,6
372720,6
246980,6
4415,6
364732,6
290347,6
4418,6
355585,6
84094,6
114779,6
206299,6
71101,6
355586,6
79315,6
47695,6
380839,6
226578,6
114780,6
371213,6
355584,6
60284,6
376809,6
237573,6
4420,6
30670,6
4421,6
344060,6
214643,6
208181,6
358100,6
115081,6
72223,6
91923,11
97419,11
97419,6
30674,11
30674,6
84395,6
136542,11
136542,6
49145,6
54825,11
54825,6
239691,11
4423,11
4423,6
269909,11
214652,11
214652,6
4427,11
4427,6
30675,11
30675,6
30676,11
30676,6
19926,11
19926,6
254121,10
164065,10
129803,10
4429,10
202407,10
30678,10
101292,10
30679,10
62911,10
256920,10
248007,10
141839,10
170107,10
4435,10
240987,10
62912,10
42928,10
176471,10
51014,10
103607,6
241526,6
153548,6
179498,6
138236,6
167965,6
374789,6
374789,12
210159,6
89855,6
68060,6
68060,13
526646,12
526646,6
526646,13
75587,6
75587,12
301249,6
301249,12
68800,6
374692,6
374692,13
213667,6
51168,6
51168,13
91491,6
91491,13
373930,13
58457,6
58457,13
43390,6
43390,13
30704,6
30704,13
53470,6
53470,13
66757,6
66757,13
71660,6
323294,6
323294,13
374688,6
374688,13
30705,6
30705,13
374682,6
374682,13
370724,6
370724,13
374684,6
374684,13
374686,6
374686,13
223071,6
223071,13
352796,6
352796,13
368359,6
368668,6
59651,12
59651,6
372827,6
372827,13
374689,6
374689,13
4511,6
4511,13
373929,13
524545,12
524545,6
524545,13
129057,6
129057,13
214710,6
214710,12
30709,6
30709,13
65140,6
65140,13
46974,6
46974,13
214711,6
214711,13
374691,6
374691,13
80635,6
80635,13
250586,12
250586,6
117728,6
117728,13
117727,6
117727,13
214718,6
381910,6
381914,6
381949,6
381964,6
214727,21
214728,21
214732,21
106105,15
106105,11
97510,6
30733,6
89294,6
205991,6
202899,6
4552,6
131850,6
20278,6
147186,6
137770,6
154251,6
30774,6
223074,6
4558,6
237122,6
98472,6
30782,6
366847,6
4562,6
30746,6
315381,6
30734,6
43356,6
62238,6
4577,6
180257,6
68252,6
155963,6
175477,6
180149,6
306299,6
4588,6
4589,6
95985,6
110828,6
175488,6
4590,6
30744,6
302206,6
30783,6
62369,6
315640,6
323313,6
125360,6
21994,6
21994,13
4601,6
4605,6
125359,6
30753,6
4615,6
4619,6
98700,6
20156,6
55708,6
102347,6
4635,6
4639,6
223085,6
72204,6
307105,6
4651,6
21991,6
128418,6
60414,6
182128,6
54086,6
66001,6
302079,6
302077,6
30761,6
75810,6
91655,6
66896,6
68801,6
94939,6
131680,6
302078,6
4673,6
4673,13
20319,6
175517,6
23525,6
4677,6
99093,6
4682,6
119778,6
47155,6
82394,6
70014,6
273004,1
66185,11
66185,15
114300,15
114300,11
253100,15
253100,11
327513,15
327513,11
48357,15
48357,11
205894,15
205894,11
205894,14
522969,15
522969,11
522969,14
196828,15
196828,11
196828,14
327925,15
327925,11
327925,14
339157,15
339157,11
339157,14
4716,15
4714,15
4714,11
4714,14
214378,15
268580,15
268580,14
268580,11
111802,15
111802,14
111802,11
90313,15
90313,11
226325,15
226325,11
523621,15
523621,14
76158,15
71434,15
4734,15
4734,14
4734,11
134108,15
134108,14
4739,15
4739,11
4739,14
349063,15
349063,14
213605,15
213605,11
213605,14
115153,15
115153,11
115153,14
213602,15
213602,11
213602,14
156860,15
156860,11
156860,14
210430,15
210430,11
210430,14
182261,15
182261,11
182261,14
370625,15
370625,11
370625,14
340964,15
340964,11
340964,14
503988,15
503988,11
503988,14
335606,15
335606,14
76030,15
76030,14
210702,15
210702,11
210702,14
190940,15
190940,11
190940,14
226327,15
226327,14
388157,15
388157,11
388157,14
4743,15
4743,11
186670,15
186670,14
4744,15
107622,15
43675,15
43675,14
194920,15
194920,14
61591,15
61591,11
61591,14
336208,15
336208,11
336208,14
103879,14
103879,15
103879,11
4748,14
4748,15
4748,11
4749,15
4749,14
4750,8
4750,15
47463,15
522642,15
86608,15
64375,15
214387,15
333415,15
333415,14
333415,11
24479,1
42165,14
42165,11
315748,6
279971,6
378174,11
378174,14
94273,14
94273,11
58155,1
75543,19
68621,19
500294,19
500294,13
136337,19
136337,13
376784,19
376784,13
47284,19
47284,13
115527,19
115527,13
145768,11
145768,14
77290,11
77290,14
5026,11
5026,14
30925,14
30925,11
96279,11
96279,14
30926,11
30926,14
187810,11
187810,14
5028,11
5028,14
504553,3
504553,11
504553,1
504553,14
504027,3
504027,11
504027,1
504027,14
5036,3
5036,11
5036,14
5036,6
352917,3
352917,11
352917,14
352917,6
5037,1
5037,3
5037,11
5037,14
368146,3
368146,11
368146,1
368146,14
22569,1
22569,3
22569,11
22569,14
110914,19
110914,13
305383,15
537170,15
537170,11
537170,14
5145,4
360402,4
273347,4
93365,4
51925,4
253659,12
253659,13
50540,6
50540,12
323520,6
323520,12
73354,12
73354,13
180536,12
180536,13
131963,12
131963,13
349439,12
349439,13
349439,6
322780,6
322780,12
324911,1
317580,1
329771,1
254220,1
360340,1
305985,1
324131,1
309503,1
335534,1
371078,1
144921,1
192402,1
174973,1
174974,1
60584,1
287067,1
288146,1
189769,11
189769,14
189769,1
90330,6
87827,6
91725,6
58649,6
89362,6
98559,6
93942,6
87527,6
90006,6
102971,6
114428,6
98479,6
66380,6
31003,6
20271,6
31004,11
31004,6
5244,6
31008,6
68885,6
31010,6
323558,6
44670,6
98153,6
136718,6
332083,6
332082,6
332086,6
100000,6
94209,6
31054,6
93135,6
372335,6
96805,6
42463,6
369667,6
119067,6
119069,6
91008,6
97767,6
245386,11
245386,6
114349,6
114349,8
102796,6
102796,8
524090,6
226616,6
162386,6
273007,6
78299,6
156689,6
238430,6
5308,6
5311,6
65250,6
353031,6
335194,6
150416,6
104443,6
154945,6
309210,6
309211,6
380618,6
325224,6
134581,6
93021,6
41547,6
175607,6
5314,6
517677,6
31124,6
31129,6
233439,6
351680,6
5323,6
56990,6
5328,6
90801,6
90801,8
56504,6
5331,6
381439,6
46175,6
56422,6
361663,6
42627,6
517714,6
287737,6
350951,6
287738,6
286240,6
111394,6
90607,6
5337,6
31154,6
311238,6
5339,6
101167,6
258666,6
368673,6
253551,6
89814,6
61750,6
208545,6
89400,6
226250,6
109714,6
159211,6
195402,6
103009,6
103009,8
134950,6
324139,6
324139,8
156366,6
156366,8
156365,6
167598,6
227899,6
318022,6
317156,6
317521,6
167600,6
219931,6
327566,6
318021,6
156362,6
156362,8
5349,6
82740,11
82740,6
75047,11
75047,6
79802,11
79802,6
5354,11
5354,6
5356,6
5356,11
5359,5
5359,14
5359,11
5360,11
5360,14
5360,5
5361,5
76895,5
76895,11
76895,14
131210,11
131210,14
131210,5
64089,5
64089,14
5371,6
240650,6
54201,14
69290,11
69290,13
181224,3
181224,1
181225,3
181225,1
50077,15
50077,6
151744,15
346721,15
346721,8
293387,11
386639,11
386639,14
378701,11
378701,14
341520,11
341520,14
371029,11
371029,14
165753,11
165753,14
164243,11
164243,14
378175,11
378175,14
372559,11
372559,14
165739,11
165739,14
341604,11
341604,14
388740,11
388740,14
341515,11
341515,14
364612,11
364612,14
341517,11
341517,14
31339,11
132447,11
165755,11
353045,11
378702,11
378702,14
383648,11
383648,14
353046,11
178339,11
168534,11
168534,14
164245,11
164245,14
180698,11
180698,14
258953,11
165354,11
165916,11
165916,14
165104,11
165104,14
402741,11
5432,11
5433,11
40939,11
40939,14
5436,11
158381,11
143349,11
143349,14
5453,11
5456,11
5466,11
5475,11
119576,11
371022,11
31325,11
31325,14
5486,11
5487,11
5508,11
5509,11
341522,11
5513,11
5513,14
402938,11
5517,11
5518,11
5518,14
402946,11
402946,14
5522,11
5522,14
20561,11
5536,11
42088,11
403007,11
31363,11
31363,14
31368,11
31368,14
31369,11
403064,11
158382,11
5581,11
5597,11
5603,11
88868,11
5611,11
158841,11
5499,11
158842,11
165742,11
31372,11
20911,6
183209,6
323854,6
69116,6
537776,6
323859,6
171271,6
332461,6
323906,6
118448,6
323928,6
331112,6
357501,6
323871,6
68892,6
55989,6
48910,6
198024,6
117521,6
537721,6
357493,6
5652,6
98126,6
189318,6
80676,6
5661,6
93489,6
162556,6
147575,6
98445,6
170050,6
5666,6
241816,6
31526,6
23222,6
5672,6
74153,6
96461,6
96462,6
58372,6
92028,6
89836,6
89837,6
31515,6
95835,6
60461,6
195826,6
91742,6
92761,6
323899,6
95265,6
205681,6
323889,6
323886,6
124535,6
137529,6
94810,6
92251,6
99441,6
195353,6
89655,6
100022,6
89152,6
350381,6
350382,6
331111,6
46757,6
202614,1
219215,1
296419,1
5787,6
74917,6
47389,5
5811,5
178015,14
178015,11
178014,11
178014,14
49700,14
49700,11
66254,11
66254,14
262317,11
324016,6
5846,6
51371,6
5847,6
5848,6
62526,6
365021,6
366173,6
234813,11
234813,6
318233,8
318233,11
155974,8
121703,8
121703,11
128944,8
128944,11
93351,8
31825,8
5913,2
5913,11
196450,6
125063,6
53129,6
5927,6
281179,1
281178,1
364711,6
327515,15
327515,11
219647,15
219647,14
62906,2
62906,11
5996,6
5996,13
130747,11
130747,1
130747,14
93964,6
93964,13
179111,6
179111,13
6016,15
359501,5
359501,11
6019,5
6019,11
6040,15
6040,11
6041,5
6041,11
6041,14
306644,8
6055,8
6075,8
230395,14
146212,14
230124,14
187825,14
281048,14
164273,14
226081,11
226081,6
226081,14
76255,11
76255,6
76255,14
31917,14
86081,11
86081,6
223260,6
223260,11
223260,14
6091,6
6091,11
6091,14
368027,14
83211,14
103756,6
103756,11
103756,14
293060,14
73332,14
154041,14
119080,11
119080,6
89347,6
89347,11
89347,14
124248,14
85346,14
383654,14
275262,14
106994,11
106994,6
106994,14
256029,14
283958,14
102124,11
102124,6
102124,14
341689,14
125442,6
530138,14
530138,11
31927,2
209670,2
301001,6
19902,6
98232,6
49121,6
6152,8
89146,8
529331,5
22167,5
242923,5
223265,5
96817,5
48153,5
209338,5
99611,5
65882,5
68738,5
131417,5
152396,5
207661,5
223269,5
113943,5
101201,5
203715,5
223270,5
223271,5
223277,5
196041,5
196041,1
50790,5
31943,5
101762,5
6179,5
182579,5
103626,5
103626,1
53481,5
58216,5
195628,5
6182,5
65855,5
54214,5
103913,5
25899,5
219161,5
223287,5
152144,5
191120,5
114462,5
62128,5
94168,5
92002,5
243749,5
6185,5
51349,5
51349,1
99759,5
62115,5
60401,5
60401,1
46860,5
247096,5
247096,1
158521,1
70345,5
158520,5
240122,1
25939,5
249486,5
31947,5
31949,5
31948,5
22785,5
158510,5
158511,5
69247,5
158523,5
25903,5
182580,5
44340,5
44340,1
21499,15
58725,11
58725,6
58725,13
104031,15
104031,11
312560,15
312560,11
384316,15
384316,11
192171,15
192171,14
254007,15
254007,11
297251,15
297251,14
511539,15
511539,11
104319,15
104319,11
327516,15
327516,11
327516,14
312611,15
312611,11
379542,15
379542,11
379542,14
211282,15
211282,11
102956,15
102956,11
187832,14
187832,15
187832,11
6220,15
6220,11
6220,14
120893,15
381708,15
381708,11
381708,14
505521,15
505521,11
505521,14
342350,15
342350,11
342350,14
385415,15
385415,11
505267,15
505267,11
505267,14
312559,15
312559,11
312559,14
244689,15
244689,14
247078,15
377748,15
377748,14
377745,11
377745,15
42907,11
42907,15
6232,15
6232,11
314104,15
6235,15
107623,15
107623,14
6239,15
6239,11
6239,14
6240,11
6240,15
31966,15
31966,11
529000,15
529000,11
529000,14
6242,15
125401,15
125401,11
6245,15
6245,11
268548,15
268548,14
327517,11
327517,15
140026,14
140026,15
140026,11
102178,15
102178,11
218385,15
219159,15
6261,15
6261,11
6261,14
6263,15
115504,15
6266,15
31979,15
106114,15
106114,11
6275,15
6275,14
290630,15
290630,11
290630,14
293298,11
293298,15
293298,14
218383,15
218383,11
218383,14
107366,15
107366,11
107366,14
383077,15
31986,15
233499,15
120137,15
120137,14
31990,15
31990,11
351879,6
227627,6
58015,6
228843,6
6310,6
128912,6
21732,6
324125,6
91539,6
324143,6
83069,6
6311,6
195355,6
324179,6
21344,6
60411,6
95361,6
126009,6
64568,6
66158,6
321283,6
99017,6
21089,6
380536,6
269487,12
269488,6
93213,6
78023,6
307421,6
103354,6
142414,6
89095,6
42776,6
296773,6
142415,6
128269,6
169093,6
377010,6
361202,6
361203,6
361216,6
361207,6
361215,6
361214,6
361218,6
375031,6
73957,11
120469,11
57401,11
57401,1
6336,16
68802,16
6339,10
192984,6
115566,6
188023,15
188023,11
255434,1
255434,11
187438,11
68842,6
386961,6
32065,6
32064,6
387181,6
76491,6
68370,6
64756,1
29549,1
98221,1
83710,1
97815,1
237027,8
237027,1
278576,15
278576,11
278576,14
278933,14
278933,15
278569,15
278569,11
529070,15
529070,11
529070,14
32100,14
32100,15
361702,14
95426,14
371929,14
97816,14
501317,14
289153,14
372533,14
202734,14
373002,14
501318,14
373003,14
6522,1
158622,1
45833,1
245387,11
245387,6
6539,11
6539,6
248731,14
248731,11
6544,2
76467,2
121251,6
287338,6
324194,6
140431,6
46093,6
239347,6
6596,6
6596,13
223358,6
273051,6
328184,6
96751,6
291746,6
54981,6
360839,6
32134,6
23567,6
6602,11
6602,6
48431,6
223359,6
93944,6
223361,6
286963,6
98591,6
91575,6
345418,6
242749,6
352290,6
74780,6
173098,6
109862,6
223368,6
89537,6
47261,6
81015,6
91978,6
99906,6
95524,6
156682,6
53895,6
92870,6
89926,6
90935,6
300272,6
72797,6
97318,6
6607,6
223373,6
78787,6
99507,6
47240,6
91781,6
42628,6
78641,6
57105,6
90415,6
76297,6
53767,6
97702,6
92839,6
77760,6
93499,6
91206,6
355599,6
98068,6
98656,6
90663,6
96868,6
93199,6
369944,6
91597,6
95416,6
52366,6
91704,6
95227,6
293395,6
32266,6
98475,6
89709,6
89710,6
48295,6
223375,6
91315,6
98064,6
96439,6
91475,6
98092,6
93177,6
99466,6
72798,6
192841,6
51769,6
90610,6
71925,6
98661,6
352291,6
32295,6
67318,6
72720,6
89866,6
51079,6
91783,6
128924,6
98829,6
302465,6
95406,6
97001,6
90416,6
90417,6
63111,6
32307,6
92551,6
97365,6
99962,6
90937,6
91207,6
97703,6
90464,6
55773,6
95046,6
89678,6
95124,6
307708,6
171390,6
368393,6
194041,6
91598,6
97316,6
96924,6
98660,6
111378,6
32278,6
91780,6
98976,6
94384,6
97314,6
97315,6
97503,6
91357,6
156054,6
99804,6
93500,6
91705,6
96252,6
324236,6
324258,6
127600,6
66112,6
94942,6
91700,6
97707,6
97708,6
293433,6
96814,6
91666,6
95340,6
99539,6
67884,6
95642,6
91569,6
89137,6
97888,6
90411,6
99298,6
68755,6
32377,6
88272,6
75195,6
331724,6
94518,6
171309,6
6640,6
6665,6
293428,6
322191,6
105997,6
317856,6
91340,6
239345,6
338792,6
32388,6
45349,6
140457,6
46190,6
333328,6
6669,6
70365,6
47073,6
90078,6
223386,6
120914,6
113435,6
239446,6
239443,6
239442,6
239445,6
239444,6
6673,6
32397,6
328177,6
64978,6
95111,6
65645,6
324255,6
6681,6
87959,6
90131,6
51336,6
32404,6
32405,6
96506,6
66703,6
93909,6
32412,6
171393,6
87949,6
32416,6
62164,6
293411,6
156687,6
89295,6
89296,6
317868,6
67674,6
96618,6
6686,6
32429,6
94077,6
96236,6
61550,6
90918,6
97870,6
97181,6
64017,6
90239,6
293398,6
89672,6
93679,6
98450,6
293397,6
6706,6
307703,6
266092,6
93502,6
298935,6
91316,6
98065,6
99805,6
91476,6
48322,6
93178,6
91318,6
275893,6
95498,6
235368,6
258439,6
103745,6
258437,6
75095,6
305328,6
109473,6
127599,6
91477,6
127392,6
298936,6
114441,6
111200,6
172977,6
130591,6
176805,6
169170,6
128974,6
381441,6
32396,6
90191,6
94811,6
90517,6
98442,6
90226,6
92414,6
339596,6
90599,6
97149,6
110724,6
174572,6
64777,6
116823,6
6736,15
6736,11
59970,6
6741,1
374664,11
374664,6
374664,13
383660,6
383660,11
508048,15
508048,11
508048,14
385774,15
32582,11
32582,13
337240,6
96211,6
241531,6
52886,6
99676,6
32616,6
89828,6
98844,6
98363,6
239047,6
363781,6
521611,6
78529,6
89707,6
95579,6
386935,6
91898,6
319899,6
94674,6
103930,6
97349,6
92470,6
384876,6
98168,6
372762,6
334668,6
521648,6
44649,6
387266,6
387265,6
32598,6
59051,6
43206,6
333418,6
521138,6
343381,6
20037,6
324287,6
54360,6
32599,6
387268,6
32605,6
194842,6
32603,6
32603,13
6861,6
55322,6
97333,6
387275,6
324289,6
6868,15
6869,15
403419,11
158706,13
240710,13
19677,6
19677,13
158709,13
158709,6
240063,13
240063,6
24109,13
24109,6
32641,13
294810,13
337333,13
182089,13
182089,6
25081,11
25081,13
347723,6
374761,6
227875,6
329035,12
329035,6
177972,6
373928,6
373928,2
171496,6
169757,6
169698,6
227977,6
169758,6
171497,6
95909,6
206003,6
206003,13
117271,6
96285,6
76922,6
6980,2
6980,6
128420,6
51770,6
6982,6
48106,6
345062,6
84256,6
96928,2
96928,6
6987,6
89867,6
308617,6
275735,6
119856,6
194845,6
98830,6
98830,8
32687,6
89058,6
90418,6
191101,6
72799,6
345061,6
119849,2
119849,6
251734,6
241725,6
308618,6
92112,6
6989,6
243592,6
205880,6
7001,6
7001,13
95047,6
285916,6
52733,6
324815,6
344198,6
227973,6
63943,6
111162,6
63944,6
104783,6
269588,6
209430,6
32716,6
241277,6
108180,6
209431,6
174799,6
177971,6
381392,6
146219,6
343421,6
75349,6
96870,6
43191,6
271130,6
68656,6
70298,6
59235,6
319512,6
91706,6
95229,6
155570,6
108610,6
103162,6
241278,6
319513,6
343422,6
32704,6
502891,6
502891,13
7006,6
25120,6
7009,6
317964,6
69797,6
7012,6
227971,6
211194,6
374995,6
374995,13
91109,6
84808,6
32715,6
184248,6
184248,11
248266,6
248266,11
145721,6
145721,11
80740,6
80740,11
7052,6
327519,15
24426,1
206180,1
370893,15
131790,15
131790,6
7068,6
7071,6
524809,15
524809,14
7105,8
7105,6
77801,8
77801,6
324861,8
324861,6
7107,11
7107,6
7108,8
7108,11
324869,6
7118,6
366505,6
347360,6
326814,6
355249,6
347361,6
110200,6
310119,6
311451,6
7120,6
54520,2
7143,2
301077,17
524636,17
360165,17
526496,17
297260,17
130653,17
374331,17
374332,17
227046,17
332272,17
308243,17
337178,17
374333,17
180907,17
82475,17
352611,17
126846,17
227702,17
63525,17
351706,17
359503,17
255443,17
190953,17
180908,17
52298,17
372714,17
304554,17
189903,17
212074,17
300877,17
331033,17
238682,17
372713,17
56352,17
79375,1
7145,1
124104,1
79635,1
7146,1
383663,6
183683,6
182564,6
131600,15
131600,14
131600,11
7161,15
7161,14
7161,11
308635,15
308635,14
308635,11
328319,15
248056,15
248056,11
248056,14
514325,15
514325,11
514325,14
327521,15
141246,15
116144,15
7170,15
7170,14
7171,15
7171,11
7171,14
382351,15
382351,14
7173,15
7173,14
176315,14
176315,13
110704,14
143630,14
93230,14
61296,14
97060,14
146546,14
146546,11
202910,14
202910,11
147426,14
147426,13
304268,14
304268,11
124224,14
124242,14
124242,13
57837,12
319954,12
372948,12
50052,14
50052,11
522848,14
522848,11
124237,14
187637,14
187637,11
187637,13
187638,14
187638,11
187638,13
7210,2
7210,14
86173,14
81278,14
81278,11
362184,14
325126,2
325126,14
91274,6
95900,6
112593,6
83089,6
97759,6
105057,6
223460,6
96068,8
96068,6
228149,6
105615,6
71890,6
254817,6
253703,6
381530,8
381530,6
91165,6
7260,6
96692,6
7261,6
95573,6
99480,6
256793,6
48006,6
94712,6
32903,6
515210,6
217961,6
227703,6
297711,6
89900,6
151034,6
214902,6
98658,6
254818,6
342410,6
223463,6
99468,6
48475,6
91228,6
95251,6
223464,6
515209,6
347156,6
217962,6
257040,6
101339,6
51570,11
51570,12
51570,6
32913,11
32913,12
32913,6
32915,6
269536,6
226999,6
183347,6
81901,6
101061,6
32916,6
32917,6
274777,6
279517,6
273946,6
158867,6
218497,6
308924,6
218499,6
307455,6
523223,6
96406,6
163507,6
7331,6
32966,6
45580,6
67324,6
52606,6
47576,6
74763,6
81976,6
96415,6
96415,11
64212,6
64212,11
83027,6
90985,6
90985,11
76451,6
76451,11
33274,6
249867,6
249867,11
87699,6
87699,11
87699,13
7473,6
7473,11
7473,13
7480,11
7480,6
7482,6
7482,13
7482,11
93095,11
93095,6
93221,6
138566,6
7498,6
290759,6
92301,6
76985,6
60777,6
47101,6
61607,6
57076,6
24665,6
24665,11
137326,11
137326,6
63397,11
63397,6
7595,1
285400,6
285400,11
219334,6
219334,11
86039,11
86039,6
194229,6
194229,11
82206,11
82206,6
33348,11
33348,6
7605,11
7605,6
359568,6
359568,11
194367,6
194367,11
219335,6
504382,15
504382,11
504382,14
504062,15
504062,11
504062,14
118140,8
118140,6
285765,6
49239,6
7679,6
304900,6
370631,6
368028,6
287890,6
7686,6
93115,6
57511,11
57511,2
33397,2
69691,6
80186,11
80186,6
33402,6
33402,8
67729,11
67729,6
7728,6
7732,6
114269,6
89863,6
90457,6
90457,8
90174,6
90174,8
56925,6
120482,6
94064,6
7756,8
7756,1
24393,8
24393,1
183318,13
183318,6
236988,13
236988,6
334848,6
334848,13
375378,13
375378,6
103734,13
103734,6
210450,19
210450,13
386782,6
386782,8
386784,6
386784,8
386806,6
386806,8
386765,6
386765,8
386766,8
386766,6
386769,8
386769,6
386776,8
386776,6
386781,6
386781,8
386809,6
386809,8
8030,1
8048,8
346879,11
346879,14
370691,14
370691,11
357165,11
357166,14
357166,11
361662,14
357171,14
357171,11
386634,11
386634,14
302211,14
302211,11
386632,14
386632,11
357178,11
357178,14
508144,14
508144,11
357223,11
357223,14
357228,11
357228,14
357231,11
357231,14
371064,11
371064,14
357241,14
357241,11
357248,11
8082,6
180024,6
505645,11
505645,15
505645,14
308693,15
308693,11
308693,14
8108,15
8108,14
74878,15
8110,15
268551,15
268551,11
268551,14
522375,15
522375,11
522375,14
139672,11
139672,6
347178,11
347178,6
332883,11
332883,14
523637,11
515614,11
76751,11
76751,14
106141,15
106142,15
106142,11
341701,15
341701,11
106143,15
106143,11
106143,14
8153,15
8153,11
106144,15
106144,11
106145,15
8156,5
125026,5
8196,8
8196,1
113953,8
113953,1
8197,8
8197,1
81271,11
91600,10
90032,6
119041,6
80471,6
8228,6
8230,6
65047,6
69512,6
33682,6
8231,6
31417,6
8232,6
256274,6
107212,6
83024,6
92893,6
130088,6
33713,2
33713,11
166277,2
166277,11
78043,2
78043,11
8260,2
8260,11
33719,15
33719,14
8266,15
33717,15
155369,15
155369,11
155369,14
327522,15
140947,15
140947,11
140947,14
379200,6
98657,6
94150,6
131455,6
136369,6
215233,6
8294,6
307588,6
82209,6
175597,6
33786,6
241730,6
98902,6
215186,6
180592,6
359143,6
359144,6
33796,6
83862,6
92521,6
33798,6
72197,6
503428,6
354852,6
359145,6
182269,6
203412,6
124402,6
351735,6
367755,6
83412,6
359146,6
379199,6
132885,6
337932,6
99068,6
94071,6
54789,6
68472,6
68473,6
97171,6
47522,6
162613,6
78181,6
500156,6
500155,6
300610,6
298102,6
94592,6
60028,6
99153,6
101181,6
335136,6
271193,6
209437,6
98956,6
94671,6
89498,6
242623,6
128575,6
89720,6
352717,6
65152,6
96202,6
195620,6
334212,6
92309,6
80914,6
25109,6
44147,6
181183,6
341781,6
363825,6
131133,6
124835,6
242626,6
99827,6
48867,6
91901,6
189896,6
80795,6
109888,6
339010,6
89700,6
242628,6
334790,6
101901,6
342432,6
326964,6
326967,6
386566,6
301071,6
346075,6
363997,6
386567,6
298103,6
90157,6
50924,6
171001,6
311628,6
96237,6
381192,6
348158,6
60997,6
52450,6
356526,6
285332,6
99747,6
62239,6
501487,6
131122,6
64296,6
69865,6
56096,6
171898,6
171305,6
89028,6
68587,6
150064,6
193964,6
139906,6
104284,6
180593,6
94166,6
138697,6
124538,6
348160,6
169610,6
226442,6
136000,6
65153,6
171098,6
242630,6
97635,6
92997,6
92998,6
61039,6
131124,6
128576,6
97282,6
250355,6
69798,6
33836,6
271205,6
98085,6
239449,6
56457,6
286075,6
103260,6
78284,6
356527,6
226526,6
348159,6
345796,6
33840,6
72342,6
135875,6
215182,6
89830,6
317138,6
223708,6
42395,6
56808,6
515494,6
136377,6
191788,6
343252,6
93330,6
97916,6
341827,6
349705,6
326839,6
304904,6
304905,6
331246,6
195621,6
48896,6
220300,6
80083,6
94836,6
136373,6
71192,6
98437,6
51585,6
365076,6
307099,6
92061,6
128579,6
102233,6
104694,6
103596,6
226527,6
102683,6
104713,6
109189,6
169738,6
110271,6
90829,6
318322,6
294694,6
311629,6
326973,6
207483,6
383669,6
293225,6
209436,6
268696,6
343249,6
339009,6
294695,6
318323,6
318320,6
308088,6
327563,6
359086,6
358935,6
141804,6
307098,6
320219,6
383671,6
375090,6
309925,6
8304,6
227633,6
182470,6
83459,6
124536,6
93093,6
135999,6
136375,6
33732,6
338065,6
101184,6
337657,6
171686,6
8307,6
214541,6
52558,6
52558,13
164619,6
8309,6
8310,6
8311,6
167693,6
48682,6
8312,6
215190,6
115571,6
86274,6
76021,6
361167,6
43884,6
8314,6
332569,6
33742,6
8317,6
8318,6
8319,6
55258,6
19580,6
72509,6
8322,6
91425,6
55301,6
8326,6
8325,6
8327,6
33745,6
21635,6
165964,6
293221,6
84412,6
271190,6
8329,6
80203,6
164596,6
8330,6
33747,6
75026,6
8332,6
21411,6
323636,6
33791,6
8333,6
22319,6
57065,6
337658,6
338050,6
33757,6
94116,6
74504,6
75833,6
53414,6
344756,6
8337,6
8338,6
73584,6
8341,6
48238,6
58115,6
89765,6
8343,6
93885,6
96110,6
47069,6
152137,6
8345,6
65947,6
8346,6
99320,6
8347,6
85173,6
105705,6
128522,6
57343,6
33762,6
97780,6
171426,6
44198,6
8349,6
93654,6
50156,6
97194,6
8352,6
98167,6
62106,6
46851,6
8356,6
8357,6
33769,6
134455,6
8358,6
8359,6
71387,6
8361,6
87643,6
8362,6
383881,6
128577,6
8363,6
105261,6
86441,6
8364,6
139907,6
124539,6
98774,6
118308,6
171681,6
250356,6
8366,6
245230,6
113739,6
8367,6
33775,6
8369,6
8369,8
70274,6
43481,6
8370,6
33777,6
46407,6
46407,8
56634,6
64158,6
8371,6
332571,6
93922,6
98691,6
55877,6
214535,6
93989,6
117014,6
215192,6
95299,6
215184,6
215183,6
113738,6
92098,6
229782,6
172979,6
173134,6
86440,6
248262,6
248262,11
248265,6
248265,11
154019,2
154019,14
33894,2
164162,2
362211,2
362194,2
82862,2
257129,2
62321,2
304291,2
362189,2
329810,2
370432,2
370449,6
370448,6
370496,2
27500,2
370506,2
329669,2
33854,2
263383,2
93683,2
61040,2
8379,2
93684,2
362203,2
362216,2
8383,2
33863,2
33863,14
88950,2
370518,2
94612,2
96135,2
98370,2
329565,2
362235,2
362244,2
219146,2
88951,2
97681,2
219147,2
93685,2
94278,2
362221,2
362224,2
362226,2
362222,2
362223,2
362225,2
362227,2
362228,2
362229,2
95930,2
48510,2
48510,14
193286,2
193286,14
180334,2
180334,14
370454,6
370455,6
85801,6
370486,2
329568,2
59529,2
359576,2
84292,2
170715,2
56244,2
50160,2
62528,2
51431,2
55233,2
33872,2
51432,2
53581,6
91457,6
195638,2
8392,2
45939,2
56671,2
193290,2
27499,2
193285,2
118964,2
33873,2
86653,2
87406,2
103715,2
380780,2
66564,2
219143,2
74400,6
87611,2
69490,2
45202,2
67832,2
75425,2
59375,2
42805,2
223740,2
115797,2
75678,2
77625,2
27511,2
195649,2
60339,2
61482,2
212059,2
77169,2
141466,6
63410,2
329567,2
52327,2
154020,2
154020,14
154020,13
48538,2
182739,2
64634,2
92486,2
79134,2
362148,2
500194,2
58287,2
64386,2
153757,2
207495,6
84242,2
82440,2
82440,14
202843,2
120365,2
83264,2
27521,2
70637,2
72504,2
86926,2
223749,2
73542,2
241601,2
223750,2
60778,2
82144,2
193297,2
193297,14
93311,6
111124,2
111124,14
264470,2
193287,2
63376,2
195664,2
59366,2
47507,2
270816,2
227639,2
195666,2
362149,2
370489,2
370508,2
66206,2
357634,2
357531,2
51067,2
55092,2
362206,2
362238,2
219138,2
362239,2
329878,2
8406,2
358691,2
370515,2
370517,2
45593,2
55093,2
171786,2
229907,2
70824,2
27502,2
44795,2
53707,2
19999,2
357640,6
78185,2
357647,2
357649,2
120377,2
8407,2
355579,2
43015,2
182728,2
362252,2
27505,2
75220,2
182156,2
111270,2
55050,2
362254,2
362255,2
153038,1
237731,1
317648,1
168673,1
170668,1
171760,1
137744,1
316678,1
305808,1
273931,1
307785,1
349249,1
349249,11
317970,11
317970,1
8414,1
345471,1
93982,11
93982,1
227917,1
169316,1
111548,1
351135,1
8422,1
8422,11
90442,11
90442,1
207104,11
207104,1
8423,1
255419,1
62799,1
168675,1
227920,1
8426,1
369924,1
526117,11
526117,1
191350,1
242593,1
218065,1
218065,11
168683,1
201906,1
169320,1
525185,11
525185,1
349247,1
272749,1
282605,1
344984,1
218425,1
359928,1
8434,1
521636,1
8435,1
87228,1
168717,1
520311,8
520311,15
33898,11
33898,1
312149,1
305786,11
305786,1
8431,1
253013,1
8456,11
90690,6
90690,8
57246,8
57246,6
96938,6
96938,8
95604,8
95604,6
54248,8
54248,6
93392,8
93392,6
332572,6
8460,8
8460,6
80199,8
80199,6
311309,6
8469,8
8469,6
209133,8
209133,6
34005,8
34005,6
311305,6
76896,6
159142,8
159142,6
98365,8
98365,6
49420,6
21951,8
21951,6
8520,6
8521,8
8523,8
8534,6
34074,6
8547,6
59014,11
106146,15
106146,11
106146,14
168388,6
319555,1
301469,1
25243,6
8587,6
8588,6
40487,8
40487,1
8652,8
8652,1
154452,8
154452,1
233797,8
233797,1
165037,8
165037,1
63190,8
63190,1
174116,8
174116,1
152159,8
152159,1
8651,8
8651,1
353079,6
351194,6
516901,13
516909,13
516912,6
516912,13
516913,6
516913,13
8668,15
8668,10
54434,15
54434,10
525584,15
525584,10
310021,15
310021,10
323863,6
314486,6
308623,6
40552,6
300817,6
353113,6
368707,6
378932,6
331064,6
348163,6
524163,6
535772,11
535772,6
40524,11
40524,6
61187,11
61187,6
8739,11
8739,6
8739,14
87120,6
92136,6
169597,6
54878,6
80347,6
98401,6
94428,6
294696,6
60825,6
155817,6
155818,6
337422,6
91903,6
180262,6
182402,6
40550,6
346681,6
340888,6
331170,6
287730,6
96923,6
355602,6
369487,6
252856,6
40545,6
80008,6
195952,6
91031,6
254043,6
361013,6
294697,6
525754,6
346677,6
355601,6
85330,6
346676,6
336719,6
51928,6
368033,6
287731,6
107256,6
8738,11
8738,6
275072,11
275072,14
96717,11
96717,6
41208,17
375240,17
77693,6
243515,6
375241,6
239744,6
226602,13
226602,6
512373,13
209229,13
209229,6
332337,13
8774,6
8774,13
301180,13
301180,6
162601,13
162601,6
524338,13
236209,13
236209,6
8783,6
377835,8
25646,16
91738,14
82709,14
124332,2
124332,11
124332,14
277813,2
277813,11
277813,14
130978,14
124329,2
124329,11
124329,14
130979,14
130975,2
130975,11
130975,14
83016,14
8856,14
233839,14
377822,5
377822,14
323880,6
223893,6
330975,6
230172,6
315672,6
176334,6
330973,6
254824,6
247727,6
8899,6
276152,2
223894,6
175163,6
223895,6
202497,6
218297,6
218298,6
97793,6
125068,6
116254,6
254796,6
371617,6
247042,6
330974,6
371616,6
273612,2
323879,6
510640,6
526545,6
329572,2
125955,6
322087,6
8902,2
249631,2
325737,2
96797,2
175250,2
55515,2
90684,2
183835,2
325296,2
191141,2
191142,2
8903,6
272929,6
343914,6
90486,6
376886,6
59530,6
372621,6
357504,6
372614,6
372617,6
301196,6
270488,6
372618,6
372615,6
383676,6
376360,6
301195,6
372619,6
372616,6
372610,6
372624,6
372623,6
357496,6
240320,6
98930,6
270490,6
120021,6
332578,6
249182,6
514353,6
41700,6
510740,6
510816,6
388053,6
122308,6
388050,6
388052,6
327165,6
528691,6
500312,6
112183,2
325298,6
40784,6
511005,6
132531,6
287159,6
171176,6
287459,6
117179,6
117180,6
117181,6
40787,6
528915,2
511170,2
24234,2
8915,6
97410,6
175535,6
178460,6
162615,6
378093,6
211758,6
98866,6
92536,6
96699,6
322084,6
41635,6
124540,6
90005,6
191103,6
347160,6
363142,6
273611,6
114551,6
65384,6
90797,6
105039,6
212328,6
89407,6
94761,6
256771,6
40795,6
108516,6
336723,6
242634,6
64685,6
346118,6
344226,6
346065,6
343800,6
383680,6
326906,6
343771,6
368036,6
343801,6
256825,6
97446,6
352813,6
193260,6
41628,6
526235,6
114552,6
331071,6
97795,6
60912,6
324945,6
187299,6
187300,6
345606,6
88267,6
40797,6
90899,6
95130,6
268699,6
93784,6
360965,6
365150,6
526148,6
98218,6
275073,6
330115,6
311040,6
98641,6
113796,6
164352,6
311551,6
318326,6
308625,6
272930,6
312123,6
381668,6
308011,6
381458,6
347185,6
328188,6
363856,6
130049,6
376368,6
347188,6
520944,6
97836,6
367258,6
199954,6
506697,6
350391,6
61489,6
248558,6
71599,6
347189,6
302848,6
321070,6
181588,6
336733,6
128668,6
128669,6
211088,6
98588,6
180572,6
95203,6
229061,6
94370,6
96064,6
306887,6
360390,6
40804,6
166286,6
166285,6
178223,6
96799,6
85177,6
96798,6
63035,6
97276,6
41624,6
170444,6
229062,6
90487,6
160675,6
40808,6
132932,6
276645,6
243623,6
93285,6
125514,6
73442,6
94978,6
113685,6
305554,6
175039,6
89044,6
271466,6
346898,6
98694,6
93731,6
230412,6
147465,6
147466,6
326908,6
197617,6
118729,6
81202,6
521116,6
130471,6
387468,6
331973,6
348595,6
356505,6
176516,6
245174,6
342465,6
380942,6
369964,6
303361,6
243516,6
296732,6
296772,6
332579,6
91082,6
40813,6
363679,6
331069,6
114555,6
315926,6
223904,6
124543,6
256773,6
294512,6
376891,6
91259,6
81246,6
347207,6
90365,6
94585,6
97082,6
49000,6
345604,6
98795,6
97832,6
152081,6
303358,6
346601,6
277038,6
529335,6
229063,6
241542,6
40792,6
520559,6
311034,6
248581,6
344229,6
349094,6
503913,6
346899,6
92138,6
59224,6
53645,6
160676,6
360531,6
245173,6
256102,6
248582,6
248594,6
348162,6
155584,6
294373,6
386312,6
382535,6
519111,6
526213,6
363855,6
286079,6
287436,6
254825,6
345365,6
241543,6
121652,6
181587,6
170781,6
276562,6
346157,6
381134,6
96859,6
238653,6
276833,6
381429,6
381430,6
294505,6
358845,6
331068,6
331070,6
363680,6
68284,6
256099,6
345243,6
308626,6
347128,6
311552,6
306259,6
284448,6
318327,6
383690,6
383691,6
347200,6
312124,6
347190,6
347186,6
40842,6
175040,6
127363,6
381680,6
381681,6
41638,6
67182,6
334808,6
155587,6
96051,6
376376,6
360537,6
360391,6
363678,6
363677,6
66256,6
70921,6
70920,6
368037,6
327172,6
121653,6
381425,6
248579,6
291729,6
510633,6
8944,6
226116,6
177807,6
308643,6
312739,6
305850,6
90753,6
273839,6
247143,6
526049,6
525684,6
525969,6
387745,6
217987,6
177810,6
325554,6
177811,6
229844,6
89002,6
98580,6
177812,6
98581,6
90930,6
524615,6
524616,6
524617,6
524618,6
327166,6
308702,6
139945,6
336749,6
92330,6
177815,6
154246,6
273903,6
335310,6
306888,6
270492,6
177816,6
177817,6
177818,6
194826,6
525683,6
177820,6
95132,6
177821,6
93767,6
318025,6
305542,6
160774,6
356487,6
387774,6
177822,6
177823,6
331075,6
387775,6
282731,6
217988,6
94297,6
99633,6
346061,6
80353,6
387778,6
298919,6
234903,6
160775,6
322090,6
351200,6
177809,6
317433,6
233443,6
331074,6
301550,6
334809,6
306261,6
312740,6
345780,6
307020,6
524548,6
524498,6
524492,6
524505,6
217989,6
525986,6
525913,6
525688,6
139944,6
226118,6
273904,6
305541,6
504178,6
273902,6
387776,6
388042,2
388031,2
40824,2
388033,2
388041,2
67015,2
8949,6
118782,6
140476,6
218387,6
261102,6
140477,6
139948,6
69400,6
57704,6
312741,6
197747,6
309803,6
137374,6
309804,6
529439,6
58496,6
525822,6
217969,6
72325,6
279638,6
299738,6
261103,6
139947,6
218386,6
107688,6
90252,6
352109,6
325303,6
245155,6
327164,6
84400,6
375244,6
62592,6
179295,6
315982,6
94172,6
344110,6
297202,6
87368,6
91444,6
211762,6
290358,6
524643,6
149045,6
133984,6
133985,6
385246,6
365381,6
178462,6
216860,6
321345,6
268701,6
66423,6
133986,6
382884,6
161983,6
99134,6
198271,6
194612,6
113692,6
94743,6
313607,6
216869,6
179298,6
248574,6
201714,6
242139,6
112647,6
194614,6
204831,6
321350,6
321353,6
321348,6
323878,6
148183,6
270354,6
184441,6
49303,2
252368,6
21520,6
247041,6
515556,6
510701,6
53234,16
8972,6
523464,6
338069,6
326941,6
326938,6
373095,6
116321,6
93054,6
301240,6
526432,6
112544,6
97331,6
98240,6
322024,6
336516,6
335155,6
380501,6
299833,6
525466,6
40858,6
8986,8
8986,6
40861,6
517401,6
8992,6
8998,6
9002,6
9005,6
96215,6
506539,6
517334,6
9013,6
27512,6
500193,6
9017,8
9017,6
517461,6
9020,6
112313,6
40894,6
56392,6
323898,6
40897,6
223955,8
223955,6
90196,6
98462,6
332180,6
90920,6
96633,6
45017,6
86265,14
86265,11
73160,14
73160,11
58320,14
58320,11
64105,1
40905,1
181434,1
9056,1
9057,20
9057,1
75417,20
75417,6
81054,1
41569,20
41569,6
58313,1
183737,1
306959,6
332609,6
285355,6
104665,6
114606,6
62170,6
256542,6
58403,6
332687,6
92538,6
41141,6
41141,13
93032,6
93032,13
296691,6
296691,13
323621,6
323621,13
357672,6
96274,6
171100,6
44443,6
183300,6
277437,6
285881,6
78350,6
73151,6
90757,6
137832,6
63938,6
94286,6
526616,6
363788,6
526628,6
41108,6
102029,6
9128,6
9128,13
323923,6
323923,13
48959,6
221225,6
221225,13
69653,6
105265,6
158429,6
230622,6
118349,6
172646,6
331091,6
331093,6
118351,6
179035,6
80105,6
184010,6
184010,13
97808,6
9138,6
331090,6
331092,6
361724,6
177152,6
269034,6
345368,6
252060,6
360406,6
319267,6
41175,6
379201,6
41176,6
352499,6
241766,6
293764,6
321506,6
55440,6
312030,6
21018,6
319266,6
337675,6
337673,6
500235,6
500232,6
500233,6
337674,6
372590,6
110069,6
41173,17
101621,11
101621,6
101621,13
239073,18
239073,1
98016,18
98016,1
9415,11
9415,6
81714,6
150351,6
157350,6
157353,6
9431,11
9431,6
287137,2
130406,2
168179,2
137753,2
23662,2
23662,6
23662,11
9444,2
224006,2
168181,11
168181,2
375351,2
9447,2
168184,2
168184,6
168184,11
54316,6
309421,2
118949,2
168186,2
101251,6
47929,6
54204,6
168190,6
168191,6
9450,6
111697,6
111697,11
92208,6
376194,6
9452,6
102274,6
102274,2
79859,6
77195,6
77195,2
9453,2
9453,11
9453,6
9454,2
168180,2
48266,2
86313,2
91893,2
224009,2
130405,2
70192,2
361728,2
70193,2
103103,2
334810,2
89815,2
168187,2
9457,11
9457,2
168202,6
51239,6
168203,6
58524,2
58524,11
168206,6
329574,2
329574,6
329574,11
168207,6
168208,6
9459,2
116612,15
60491,6
9473,11
9473,6
85262,15
55355,13
61140,6
77106,13
251749,6
68752,19
284976,6
326234,6
270452,6
143235,19
241056,6
118681,6
329863,19
329863,6
118682,6
72157,19
72157,6
52321,6
81371,19
81371,6
29317,11
29317,14
45421,11
45421,6
95693,11
95693,14
77291,11
77291,6
47201,11
47201,6
9650,2
325424,2
99018,2
522976,14
522976,15
522976,11
45078,11
45078,15
45078,14
9668,14
9668,15
9668,11
236689,15
236689,11
236689,14
9701,14
9701,15
9701,11
515227,15
515227,11
515227,14
375353,6
64956,6
361192,8
361192,6
218287,6
346119,6
47138,6
77502,6
153048,6
297561,6
183312,6
47139,6
138486,6
46817,6
61567,6
297201,6
9709,6
294502,8
294502,6
294502,18
100042,8
100042,6
100042,18
9710,8
9710,6
72614,6
9715,15
42317,2
42317,11
508316,2
508316,11
83583,2
83583,11
19842,6
47031,6
9720,6
97763,6
42982,6
224031,6
9719,6
127157,6
9734,15
9734,11
9734,14
131665,15
131665,11
131665,14
9780,6
135862,6
67708,6
302118,6
9805,16
522474,13
301202,6
517400,13
301206,6
357506,6
357498,6
64168,15
64168,6
63679,6
99415,6
99415,11
269744,11
269744,6
45564,6
269745,11
269745,6
192433,2
9827,2
9827,11
9827,14
229754,2
77022,14
77022,2
77022,11
9828,14
9828,2
9828,11
272198,14
272198,2
272198,11
92730,2
50005,19
41682,6
43004,6
83608,6
22256,6
167766,6
178591,6
178599,6
178602,6
380983,6
361777,6
343722,6
380984,6
9900,6
97865,6
97865,8
270498,6
270498,8
324124,6
9903,6
159644,8
159644,6
219484,6
238334,6
177474,6
107051,6
297789,6
97894,6
9964,6
113741,6
61743,6
120047,6
103171,6
20260,6
62096,6
9978,6
208325,6
56973,6
226569,6
62293,6
101405,6
96413,6
58643,6
78583,6
19719,6
69635,6
9980,6
46183,6
178504,6
73337,6
75900,6
195562,6
334817,6
360835,6
130019,6
254235,6
9990,6
138184,6
348187,6
535632,6
84293,6
84293,13
114335,11
114335,6
146717,6
327305,6
518865,6
212014,6
224082,6
196725,6
124098,6
104183,6
196724,6
519417,6
199951,6
196779,6
124099,6
10017,6
254046,6
213205,6
326966,6
253756,6
10018,6
154976,6
327191,6
109682,6
70343,6
308655,6
167710,6
134770,6
324505,6
285415,6
69847,6
351888,6
160283,6
51147,6
268790,6
10060,6
10061,6
272079,6
175033,6
287462,6
175589,6
178651,6
176466,6
43006,10
360512,10
268905,10
256019,11
256019,6
324169,6
324169,13
194271,6
90392,6
324173,6
318310,6
318311,6
77548,6
77548,13
230438,6
45594,6
45594,13
231524,6
132500,6
132500,13
92713,6
45144,6
96735,6
350535,6
24759,6
81603,6
117430,6
117430,13
21424,6
192516,6
179808,6
239763,6
350536,6
202266,4
136342,4
318768,16
10298,6
22137,6
22137,13
134059,6
134059,13
325429,6
325429,13
383382,6
505455,6
10307,6
10307,8
80219,11
80219,6
80219,20
522860,11
522860,6
522860,20
377845,13
181594,6
181594,8
92586,6
92586,8
92266,6
92266,8
373978,6
373978,8
78266,6
78266,8
10353,6
10353,8
108404,6
108404,8
274602,6
274602,8
10354,8
10354,6
376153,8
376153,6
318913,8
318913,6
10355,6
10355,8
219029,6
219029,8
10366,15
10366,14
150643,15
150643,14
10367,15
10367,14
10372,15
10372,14
378080,15
378080,14
52708,6
52708,8
21193,6
21193,8
62009,8
62009,6
318912,8
318912,6
382635,15
106166,15
512607,15
512607,14
10423,10
271383,10
10426,6
10426,13
133751,6
133751,13
74792,6
10430,6
169252,2
222111,2
329612,2
82664,2
324239,6
228331,2
41005,2
328854,6
136001,2
239836,2
55027,2
10440,2
10446,6
190774,12
190774,6
249426,6
93269,6
93269,12
273574,6
293139,12
293139,6
276680,6
276680,12
344886,6
344886,12
373274,6
373274,12
381472,6
381472,12
190441,2
22402,2
329704,2
56125,2
308075,2
23276,2
240672,6
175084,6
175084,12
10461,2
59789,2
47629,2
63762,2
10463,6
159623,2
76064,2
68665,6
244067,2
10465,2
308076,2
21094,6
67170,2
194983,2
83319,2
83319,11
10473,6
10474,2
10478,6
99211,6
10480,2
44695,2
192496,2
136112,2
65421,2
96707,2
93277,2
79096,2
162469,2
45837,2
324910,2
383840,2
153462,2
196581,2
60802,2
96080,2
10484,6
251086,6
324218,6
367327,6
367328,6
381191,6
367330,6
367311,6
501586,6
512420,6
367317,6
367319,6
381195,6
367321,6
367322,6
177954,6
367320,6
511415,6
502806,6
367372,6
308079,2
197870,6
512596,6
73645,6
128279,6
125623,6
116299,6
224163,6
138953,6
103155,6
114667,6
61339,6
316223,6
57650,6
512615,6
21337,6
10504,6
329613,2
10508,2
259008,2
52050,2
131457,2
294715,2
82426,2
74793,2
98731,2
60183,2
327477,2
62760,2
341742,2
178009,2
224165,2
93077,2
69023,2
357446,2
83944,2
325597,2
317141,2
365949,6
152505,6
71611,6
79966,2
224166,2
79967,6
91239,2
47508,2
85374,2
179231,2
137518,6
196582,2
82430,2
10520,6
170492,6
59790,6
308080,2
10521,6
68666,6
52092,6
55249,6
21343,2
170954,2
10530,6
90218,2
94143,2
89570,2
198443,2
523909,2
523893,2
148725,2
92647,2
224161,2
74914,2
48383,2
259007,2
306385,2
131243,2
108066,2
331227,2
90219,6
92648,2
308118,6
96081,6
153939,6
10535,6
170897,6
194510,6
285298,6
301218,6
131013,6
318360,6
359587,6
118809,6
118810,6
301217,6
288059,6
324290,13
324290,6
238778,6
169498,6
122441,6
319964,6
193245,6
10582,11
10582,2
86879,6
86879,12
74460,6
74460,12
10609,6
10609,12
159658,1
62296,1
62296,16
62296,18
62346,21
62346,11
10659,11
150404,6
150404,13
284024,13
284024,6
368378,13
368378,6
140728,13
140728,6
140724,13
140724,6
88927,13
88927,6
154296,13
154296,6
154310,13
154310,6
181748,6
181748,13
125961,6
125961,13
94940,13
94940,6
284034,13
284034,6
248925,13
248925,6
353084,13
353084,6
140729,13
140729,6
388545,13
388545,6
386565,13
386565,6
324340,13
324340,6
189765,13
189765,6
140638,6
140638,13
341353,13
341353,6
88902,13
88902,6
63113,6
227709,6
227709,13
176157,13
176157,6
251046,13
251046,6
533280,6
269966,6
329499,13
329499,6
355927,13
355927,6
383348,13
383348,6
284567,6
284567,13
378968,13
378968,6
234964,13
234964,6
534950,6
138365,13
138365,6
156011,13
156011,6
50909,13
50909,6
285257,13
285257,6
288053,6
526377,6
297794,6
297794,13
48733,13
48733,6
385718,6
107266,13
107266,6
284455,6
296048,6
272676,6
272676,13
232619,6
256631,6
221129,6
86739,6
332648,6
505213,6
379174,6
232636,6
331031,6
275601,6
10730,6
50760,6
80893,6
254533,6
232617,6
272935,6
58581,6
232611,6
10731,6
375121,6
20712,6
292194,6
327203,6
322095,6
332155,6
523084,6
529340,6
327167,6
529339,6
20925,6
241217,6
10733,6
345585,6
100468,6
379205,6
203319,6
249200,6
375387,6
353699,6
10738,6
107128,6
314108,6
314108,13
10739,6
10741,6
10743,6
375391,6
375392,6
375394,6
224196,6
88033,6
68943,6
375388,6
155767,6
84624,6
77400,6
90841,6
346722,15
346722,8
224201,12
224201,13
224202,12
238789,13
153095,13
224207,13
224210,12
46233,12
66873,12
63612,12
68182,12
71057,12
336054,12
336054,13
336055,12
336055,13
336056,12
336056,13
69871,12
76430,12
76430,13
334763,12
334763,13
224215,12
224215,13
209216,12
209216,13
80069,12
80069,13
66756,12
66756,13
224217,12
42287,12
346378,12
55628,12
520693,13
520693,12
519598,13
519598,12
520948,12
520948,13
160551,12
70631,12
70631,13
48031,12
48031,13
155543,12
67965,12
71074,12
49442,12
42527,12
51843,12
224220,12
65344,12
45524,12
76238,12
76238,13
43906,12
43906,13
334765,12
334765,13
79736,12
79736,13
334767,12
334767,13
51909,12
73200,12
50346,12
50346,13
334771,12
334771,13
85590,12
83378,12
72192,12
74563,12
74563,13
65308,12
79737,12
78042,12
78042,13
60455,12
60455,13
338213,12
79236,12
112595,12
346396,12
346396,13
50399,12
50399,13
116110,12
67417,12
67417,13
316381,12
316381,13
81332,12
77077,13
76279,12
83057,12
64524,12
309895,12
51900,13
51900,12
70780,12
338737,12
338737,13
338730,12
71167,12
346401,12
138489,13
138489,12
74882,13
74882,12
169798,13
169798,12
102366,12
47370,12
81944,12
59596,12
52907,12
58130,12
84790,13
84790,12
56317,12
56317,13
49063,12
328136,13
328136,12
42989,12
61048,12
70330,12
65808,12
518881,13
518881,12
518801,12
518801,13
520489,13
520489,12
132343,12
115054,12
114994,12
114994,13
74756,12
369457,13
124548,13
131016,13
171106,13
171106,12
362088,13
507380,6
507425,6
507667,6
507395,6
507583,6
507469,6
507660,6
507485,6
507243,6
106174,15
106174,14
106174,11
106175,15
106175,11
106175,14
106176,15
106177,15
106177,14
106177,11
10811,15
10815,15
10815,14
10815,11
237707,14
237707,15
106178,15
106178,11
106178,14
10821,15
10821,11
10821,14
10825,15
10830,15
10830,11
10830,14
10832,15
10832,11
10832,14
106179,15
106179,11
382364,15
382364,11
10833,15
10833,11
516922,15
516922,11
187891,15
106180,15
106180,11
10843,15
10843,11
106181,14
106181,15
106181,11
386599,15
287947,11
287947,2
257503,11
257503,2
87434,2
87434,11
50035,2
50035,11
81610,2
81610,11
53040,2
53040,11
120494,2
120494,11
70194,2
70194,11
67925,13
67925,6
191106,13
191106,6
119598,14
119598,1
119598,11
10920,5
514414,15
514414,11
514414,14
514415,15
514415,11
514415,14
106183,11
106183,15
106183,14
364651,11
364651,15
364651,14
10923,15
10923,14
371042,11
10930,11
10930,14
404796,11
404798,11
133076,11
10935,11
404802,11
10941,11
10944,11
10945,11
10947,11
10948,11
10948,14
140217,11
10949,11
404819,11
516514,11
404824,11
10952,11
11004,11
11004,14
11004,6
379761,11
379761,14
379761,6
382367,15
382367,14
253218,11
253218,6
11026,6
11026,13
57957,13
85975,13
84304,6
84304,1
231514,1
231514,6
110826,6
79252,6
149020,1
149020,20
65651,1
65651,20
218843,1
218843,20
224252,1
224252,20
79518,1
79518,20
11057,16
11057,18
41537,6
58295,6
46061,6
54919,6
11063,6
23121,6
150219,6
286089,6
52027,6
52027,13
21790,13
21790,6
250294,6
250301,6
296049,6
106184,21
106184,11
329286,6
255390,6
130003,2
167248,6
508009,2
508009,11
508009,14
508008,14
11191,14
508006,2
508006,11
508006,14
521316,2
521316,11
521316,14
523669,14
508007,14
368052,2
368052,11
368052,14
505074,14
522864,11
363370,13
363370,6
363370,12
377773,13
377773,6
377773,12
362033,13
362033,6
362033,12
363681,13
363681,6
363681,12
362034,13
362034,6
362034,12
11220,2
11221,2
171352,1
11224,1
228772,1
254732,1
116613,13
116613,11
116613,20
126798,11
126798,1
11230,11
11230,1
134038,3
134038,11
134038,1
372454,11
372454,1
137955,3
137955,11
137955,1
227597,3
227597,11
227597,1
529148,3
529148,11
529148,1
248551,3
248551,11
248551,1
227927,11
227927,1
227927,3
529132,3
529132,11
529132,1
11240,11
11240,1
65340,2
57090,2
248657,6
56047,16
49107,16
385867,16
11298,16
69328,16
84539,16
11310,15
307606,6
11320,12
11320,6
343724,12
343724,6
11326,6
292159,6
53051,6
360977,6
343775,6
93938,6
99812,6
274430,6
320174,6
349320,6
84154,6
501265,6
501264,6
112578,15
112578,11
112578,14
106189,14
106189,15
120666,15
120666,11
120666,14
120665,15
120665,11
120665,14
248133,15
248133,11
248133,14
106191,15
382370,15
67065,14
67065,11
187899,14
187899,11
11475,14
11475,11
304352,11
304352,5
304352,1
304352,14
11507,11
11507,1
11507,14
236665,11
236665,5
236665,1
236665,14
243097,11
243097,5
243097,1
243097,14
337948,11
337948,5
337948,1
337948,14
176665,11
176665,5
176665,1
176665,14
176666,11
176666,5
176666,1
176666,14
222000,11
222000,5
222000,1
222000,14
176667,11
176667,5
176667,1
176667,14
236666,11
236666,5
236666,1
236666,14
520858,11
520858,5
520858,1
520858,14
106502,4
106502,11
106524,4
106524,11
351085,4
352512,4
106568,4
106568,11
344791,4
343396,4
132309,4
132309,11
106719,4
106719,11
106763,4
106763,11
343397,4
106839,4
106839,11
106885,4
106885,11
106926,4
106926,11
72041,4
361252,4
367908,4
344608,4
332591,4
77219,11
77219,4
96974,4
96974,11
84299,11
84299,4
520061,4
520061,11
126553,4
126553,11
71827,11
71827,4
80618,4
80618,11
174721,11
174721,4
316930,11
316930,4
107103,4
107103,11
280920,4
280920,11
11525,6
183720,5
106197,15
11580,15
106198,15
106198,11
106198,14
11585,15
11585,11
106199,11
106199,15
106200,15
106200,14
131642,15
131642,11
131642,14
382372,15
382372,11
382372,14
11586,15
11586,11
11586,14
11589,15
11589,11
11591,15
236205,15
236205,11
236205,14
11592,15
11592,11
11592,14
132888,6
70319,16
329517,6
47064,16
11639,16
166171,11
166171,14
259042,11
259042,14
406633,11
406633,14
11722,6
11740,6
227318,6
271391,6
89412,6
311964,6
46777,6
11756,6
11756,13
51040,6
96257,6
11768,6
45734,6
49532,6
11777,6
228851,6
94555,6
76193,6
99767,6
329525,6
44008,6
11782,6
522867,15
522867,11
523973,11
523973,14
523948,11
523948,14
332023,11
332023,14
332373,11
332373,14
372809,11
372809,14
332366,11
332366,14
332295,11
332295,14
327502,11
327502,14
407250,11
387339,11
387339,14
332084,11
332084,14
11807,11
11807,14
407350,11
407350,14
22745,11
22745,14
11816,18
11816,5
51676,5
11850,6
106201,15
120497,15
237737,15
327530,15
120546,15
120546,11
120546,14
11911,15
11911,14
316343,6
317891,6
525487,6
525487,13
160129,6
160129,13
11924,6
11925,11
11925,14
11967,16
78617,8
78617,15
78617,11
48341,8
48341,15
48341,11
197733,6
31385,6
153124,5
12000,5
12001,18
12001,5
113969,5
96976,5
12002,5
12007,6
138079,8
138079,11
138079,14
138079,1
12041,4
12041,8
12046,8
12046,4
271039,8
271039,11
271039,14
271039,1
12052,8
12052,11
12052,14
25413,8
25413,4
25413,11
25413,14
177805,8
177805,4
177805,11
177805,14
21362,8
21362,4
40761,11
40761,14
40761,4
177804,8
177804,4
177804,11
177804,14
135750,4
68822,8
68822,11
68822,14
224421,6
75498,6
76969,6
25119,6
329529,6
79098,6
51287,6
317663,6
129726,6
12078,11
12078,14
12078,13
59934,6
177986,6
91844,1
74937,11
74937,6
20503,6
378594,6
196179,6
526173,6
227580,6
72290,6
286167,6
526000,1
525384,6
12107,6
235803,6
526161,1
273194,6
247607,6
156068,6
227584,6
526062,6
196182,6
526196,1
108866,6
196184,6
500009,6
196188,6
526342,1
59964,6
42338,6
336690,6
526315,1
307687,1
161760,1
518284,6
526413,1
203553,6
526303,1
526406,1
381013,1
526474,1
373205,1
221440,6
525529,1
227587,6
286198,6
196205,6
526225,6
308012,6
345287,6
265779,6
153017,6
524608,6
375412,6
526250,1
526475,1
251942,6
130380,6
141479,6
21612,1
524607,6
100502,6
234819,6
380529,6
188525,6
243399,6
51132,6
101672,6
150562,6
138128,6
12174,6
106035,6
500153,6
500154,6
114575,6
221346,6
500149,6
500227,6
12182,6
94017,6
76539,6
276483,6
60880,6
103687,6
52060,6
102948,6
137274,6
103686,6
334832,6
337617,6
140147,6
297204,6
116692,6
153468,6
116694,6
265780,6
344253,6
500054,6
116702,6
116691,6
101955,6
103523,6
108846,6
102556,6
137279,6
104248,6
519473,6
58002,6
367790,6
206161,6
116686,6
116641,6
137281,6
367792,6
181696,6
344252,6
116700,6
104817,6
104605,6
171726,6
116684,6
297206,6
110581,6
138149,6
377762,6
74761,6
221328,6
126007,6
74157,6
63743,6
79313,6
74308,6
50802,6
221340,6
500276,6
68103,6
66182,6
378452,6
310567,6
236891,6
12202,6
200809,2
200809,11
90149,2
90149,11
59139,2
59139,11
63209,2
63209,11
42080,2
42080,11
226060,2
226060,11
12219,2
12219,11
163220,11
163220,14
372489,11
372489,14
372489,1
372577,11
372577,14
372577,1
407809,11
407809,14
407809,1
407889,11
407889,14
407889,1
332827,11
332827,14
408076,11
408076,1
408076,14
380636,11
380636,14
341607,11
341607,14
408170,11
408170,14
408170,1
341608,11
341608,14
388217,11
388217,14
388217,1
165241,11
165241,14
408441,11
408441,14
408450,11
408450,14
408450,1
119642,11
119642,14
119642,1
201973,11
201973,14
201973,1
163219,14
163219,11
341611,11
341611,14
12255,11
12255,14
12255,1
407839,11
407839,14
407839,1
407892,11
407892,14
407892,1
217569,11
217569,1
217569,14
163231,11
163231,14
163231,1
407996,11
407996,14
407996,1
12268,11
12268,14
12268,1
320206,11
320206,14
320206,1
12271,11
12271,14
12271,1
12272,11
12272,14
12272,1
87895,11
87895,14
87895,1
12274,11
12274,14
12274,1
12275,11
12275,14
12275,1
42108,11
42108,14
42108,1
12276,11
12276,14
12276,1
12278,11
12278,14
12278,1
105721,11
105721,14
105721,1
383743,11
383743,14
12280,11
12280,14
12280,1
408636,11
408636,14
408636,1
68100,6
253820,6
80728,6
62085,6
256973,6
115506,15
115506,14
119922,15
119923,15
119923,11
119923,14
117769,15
117769,11
236185,11
236185,15
250630,15
250630,14
140219,15
140219,11
140219,14
106207,15
12333,15
12333,14
12333,11
250772,15
250772,11
236211,15
236158,15
236158,11
236158,14
254535,2
12346,2
116715,2
61878,2
12348,2
12349,2
257000,2
135754,2
321263,2
321264,2
256635,2
77064,2
22725,2
49901,2
49901,11
12350,2
107238,2
72360,2
101849,2
93819,2
56115,2
56115,11
281790,2
351664,2
329721,2
329721,11
220364,2
79005,11
79005,12
281791,2
311324,2
52684,2
52684,11
113161,2
74449,11
74449,12
319282,2
350967,2
350967,11
69041,11
120571,2
120571,11
218373,2
298549,2
228856,11
228856,12
190899,2
363865,2
363865,11
61068,2
61068,11
168250,2
168250,11
72478,2
72478,11
117573,2
117573,11
12356,2
210060,2
305875,2
69390,2
288554,2
241852,2
63454,2
68461,2
69583,11
69583,12
50588,11
50588,12
128390,11
128390,12
68185,2
68185,12
68185,11
87601,2
87601,12
87601,11
60891,2
329648,2
329648,11
194846,2
12363,2
12363,11
12364,2
12364,11
42615,12
42615,2
42615,11
68183,11
68183,2
60659,11
60659,12
60659,2
76115,2
76115,11
60660,11
60660,2
113177,11
113177,12
113177,2
116661,15
116661,14
61362,14
61362,3
61362,11
58866,14
58866,3
58866,11
62033,14
62033,3
62033,11
90022,6
90022,1
54986,6
54986,1
12409,5
12411,11
114868,11
12469,8
70130,8
12477,6
51411,8
20627,11
20627,14
106212,11
106212,14
12534,2
132843,8
132843,6
12546,6
277539,13
277539,6
71302,1
71302,18
60308,8
60308,1
67494,1
67494,18
71678,18
71678,1
12567,1
327889,1
327987,1
50029,6
329847,11
270959,10
138789,10
12619,10
55771,10
147711,10
270596,10
12620,10
523450,10
523346,10
107624,10
162223,10
283861,10
67769,10
71402,10
12625,5
51563,6
84659,6
97918,6
92831,6
96574,6
153610,6
197880,6
182212,6
179572,6
72499,6
56014,6
85790,6
99581,6
60221,6
369933,6
332371,6
47649,6
286111,6
111199,6
196399,6
140048,6
93713,6
50042,6
331954,6
380954,6
49734,6
523291,6
153612,6
153613,6
129582,6
66244,6
66243,6
382889,6
128806,6
210933,6
153603,6
360542,6
91218,6
49561,6
132847,6
331956,6
128125,6
74669,6
45694,6
95216,6
534521,6
114097,6
168753,6
241547,6
331958,6
375565,6
70402,6
156488,6
116705,6
104714,6
274431,6
74838,6
77317,6
272937,6
54647,6
156490,6
308091,6
125973,6
98876,6
118566,6
529351,6
224507,6
209447,6
226132,6
523292,6
534872,6
529350,6
63812,6
161838,6
70685,6
331959,6
342695,6
56061,6
85789,6
12635,6
12636,6
224508,6
21745,6
92563,6
98429,6
190517,6
12638,6
12640,6
120061,6
227889,6
331952,6
12641,6
185337,6
12642,6
12643,6
160350,6
12644,6
141447,6
85263,6
233820,6
12652,6
83397,6
119453,6
170199,6
171030,6
525581,6
156555,6
227891,6
297077,6
302154,6
329558,6
103954,6
21966,6
128701,6
81651,6
255073,6
155016,6
300835,6
12653,6
128700,6
151221,6
175829,6
152226,6
156515,6
88632,6
12654,6
12657,6
329560,6
12658,6
156561,6
300432,6
83870,6
112320,6
12661,6
12662,6
140350,6
156516,6
331957,6
112279,6
12639,6
331953,6
94392,6
12649,6
12650,6
12648,6
101433,6
224511,6
12651,6
111561,6
233986,6
12655,6
12656,6
69242,6
331960,6
132090,6
12663,6
44115,6
315281,14
388866,11
388866,14
526378,11
526378,14
510918,11
510918,14
378520,11
378520,14
526132,11
526132,14
272080,14
526301,11
526301,14
54678,2
54678,11
522528,11
522528,14
247855,11
247855,14
182569,11
182569,14
315280,11
315280,14
47835,11
47835,14
66433,14
69146,2
69146,11
70465,2
353721,14
514461,11
514461,14
382446,11
382446,14
254662,2
254662,11
521331,14
12681,11
12681,14
12683,11
12683,14
523124,11
523124,14
523085,11
523085,14
47836,11
47836,14
47836,2
523054,11
523054,14
233640,2
233640,11
55454,11
55454,14
522444,11
522444,14
536101,11
536101,14
59193,2
59193,11
383976,11
383976,14
317843,14
119567,2
119567,11
234430,2
234430,11
510416,11
510416,14
519453,11
519453,14
519332,11
519332,14
386697,6
386697,11
108380,6
12699,6
12700,6
25155,6
65597,6
60857,6
50572,6
235867,8
235867,1
235880,8
235880,1
57213,8
57213,1
93564,8
93564,1
99492,8
99492,1
194513,6
258155,6
267575,6
363826,6
220208,6
111271,1
195075,1
196485,6
177944,6
69951,1
56843,6
92392,1
108330,6
103881,1
112135,6
247850,6
534525,1
239765,1
20907,1
80154,1
271623,6
182046,6
109138,6
126186,1
101960,6
156634,1
97781,1
253773,6
194274,6
183503,6
379212,6
192518,6
287690,6
256186,6
375442,6
375442,13
241450,6
239767,6
67276,6
67806,6
12810,6
329790,6
76901,6
247499,6
351736,6
218000,6
351737,6
211213,6
333828,6
290292,6
280681,6
221313,6
94830,6
196452,6
307465,6
333827,6
54026,10
54026,18
71803,16
71803,1
71803,18
74082,10
74082,18
121491,16
121491,1
121491,18
133913,10
133913,18
60192,6
176155,6
12838,6
94301,6
117387,6
166234,6
166234,11
220834,5
12847,5
12846,5
12853,6
212881,17
75274,17
283962,17
54207,17
154349,17
500066,17
79106,17
60173,17
198410,17
198411,17
116714,17
86716,17
103786,17
58619,17
53662,17
196579,17
332098,17
235763,17
72988,17
12864,17
12866,17
12869,17
332118,17
80646,17
332119,17
78374,17
332122,17
116259,17
50947,17
48859,17
198452,17
74142,6
298115,6
253630,6
320215,6
252857,6
307113,6
73067,6
338074,6
12876,6
338075,6
286755,6
326200,6
338080,6
333042,6
96334,6
105625,6
308715,6
331055,6
341433,6
515525,6
361750,6
304924,6
227111,6
361767,6
273913,6
325318,6
338079,6
256735,6
341434,6
254809,6
228351,6
250341,6
341432,6
361752,6
331056,6
338082,6
227112,6
252168,6
381199,6
249460,6
332243,6
338077,6
310555,6
338076,6
256736,6
338081,6
56813,19
56813,6
95507,19
95507,6
307438,19
307438,6
385673,19
385673,13
535559,19
535559,13
536506,19
536506,13
59640,6
361658,6
504958,6
314488,6
361659,6
504956,6
94125,6
105436,6
13015,14
141388,15
250738,15
22194,6
526486,19
115361,19
47052,6
47052,13
511777,6
511777,13
192756,19
165976,19
358683,6
358683,19
69580,6
69580,19
272940,19
272940,6
326323,6
326323,19
80084,6
80084,19
66742,19
66742,6
220165,6
220165,19
80292,6
80292,19
354833,19
354833,6
61257,6
61257,19
58437,6
58437,19
70351,6
13166,6
245130,6
13167,6
25153,6
25153,13
270176,6
285685,6
19716,6
44751,6
71578,6
280748,6
60970,6
298737,6
369517,6
113755,6
80940,6
370201,6
77209,6
235504,6
138189,6
62159,6
241675,6
136553,6
369313,6
77368,6
77368,13
13235,5
13235,14
19712,5
19712,14
13238,5
13238,14
13260,11
13260,1
13260,14
210281,17
34157,17
49196,17
140058,17
151140,17
43608,17
13265,17
13266,17
13267,17
62826,17
13269,17
176118,17
41210,17
13270,17
47874,8
47874,11
68105,4
68105,11
13277,8
13277,14
176669,15
176669,14
327532,15
327532,14
120467,11
120467,6
120467,14
525486,6
525536,11
525536,6
525507,6
525507,11
525427,6
525427,11
525471,6
525471,11
525465,6
525465,11
13333,11
13333,6
258158,11
258158,6
72285,11
72285,6
20937,11
20937,6
140990,11
140990,6
151158,11
151158,6
241778,6
241778,19
62794,6
62794,19
62795,6
62795,19
171058,6
171058,19
55892,2
55892,11
13396,8
13396,6
76366,8
76366,6
98625,6
49579,6
98187,6
331887,6
216520,6
378171,6
235900,6
20908,6
20908,11
64850,11
331892,6
331890,11
56000,11
357132,8
357132,6
357140,6
357138,8
357138,6
357139,6
357141,6
273480,1
41908,1
41908,18
13424,8
13424,1
13425,1
13425,18
72018,2
71963,2
13449,18
13449,1
108486,5
248016,5
72126,5
13463,5
13464,5
99495,5
13471,14
217867,14
156812,14
176670,14
33492,5
25943,5
79785,5
13487,5
13490,5
145163,5
208462,5
196298,5
145164,5
114024,5
52610,5
99001,5
46657,5
41906,5
259189,5
66118,5
66119,5
77381,5
352763,5
240126,5
110872,6
110872,13
13502,16
13502,18
54273,16
80693,16
224630,6
13539,6
116519,6
175638,6
51007,6
92057,6
224632,6
104409,6
60975,6
224633,6
45597,6
13544,6
107698,6
13552,6
224641,6
224642,6
120502,6
114134,6
13582,6
80737,6
94920,6
95489,6
94958,6
179942,6
102677,6
168778,6
59124,6
103250,6
65958,6
58300,6
64731,6
118345,6
90597,6
61707,6
87538,6
59478,6
138237,6
357593,6
357594,6
83728,6
59642,6
97675,6
102068,6
75333,6
43017,6
103442,6
138497,6
13584,6
199950,6
116972,6
72193,6
131263,6
68731,6
103439,6
97657,6
129868,6
178174,6
121087,6
77618,6
13589,6
140275,6
92694,6
371694,6
308603,6
60422,6
105023,6
65871,6
95785,6
127576,6
69329,6
229955,6
90190,6
104197,6
74853,6
86698,6
368983,6
369315,6
160564,6
177959,6
175558,6
131262,6
66767,6
116968,6
71114,6
331840,6
331852,6
66443,6
13595,6
13602,6
13604,6
120503,6
131936,11
131936,8
131936,1
112098,8
322270,8
13915,6
273056,6
126024,6
200817,6
65053,6
57132,6
78597,6
324409,6
80162,6
13930,11
13930,6
384516,12
220550,12
139745,6
529688,13
128045,12
128045,13
535692,12
535692,13
337006,12
311960,13
227378,13
227378,12
97245,13
172411,13
155190,13
377058,12
377058,13
236180,13
236180,12
65394,12
65394,13
371130,12
132216,12
152184,13
529365,13
311753,12
311753,13
49071,13
49071,12
138247,6
311961,13
370648,6
369411,12
369411,13
51228,12
51228,13
332992,12
154532,12
154532,13
522167,12
140063,12
175410,12
82523,12
126770,12
126376,12
126376,13
534510,12
534510,13
203317,12
196180,12
219279,12
219279,13
372834,12
536571,12
536571,13
521778,12
58104,12
137589,12
78889,12
78889,13
533692,12
533692,13
56116,12
56116,13
535230,12
535230,13
535854,12
535854,13
204656,12
204656,13
77629,12
77629,13
43108,12
43108,13
75036,12
534138,12
66209,12
66209,13
68391,12
204658,12
204658,13
204659,12
59056,12
137913,12
146506,12
131852,12
131852,13
78986,12
521771,12
166872,12
219667,13
219667,12
131463,13
131463,12
47607,13
57782,13
57782,12
375968,12
63690,12
60208,12
60208,13
81932,12
131967,12
55784,12
55784,13
521451,12
77189,12
73394,12
73394,13
79992,12
79992,13
73959,12
43663,12
52628,12
65635,12
64953,12
79419,12
126805,12
126805,13
227432,13
227432,12
372835,12
60618,12
56514,12
68011,12
149360,12
73178,12
73178,13
126806,12
126806,13
361685,12
113293,12
113293,13
62595,12
132081,12
132082,12
525648,12
525648,13
79177,12
79177,13
113295,12
116114,12
137526,12
73868,12
73868,13
47582,12
47582,13
49660,12
61654,12
61654,13
372836,12
372836,13
375860,12
521275,12
521275,13
86953,12
285898,12
113298,12
132217,12
522166,12
522166,13
119306,12
226500,12
86954,12
86954,13
73588,12
52014,12
56163,12
84405,12
84405,13
100913,12
46762,12
140064,12
62751,12
140066,12
361727,12
160711,13
160711,12
224722,12
13965,6
160701,6
68225,6
68226,6
83275,6
70924,6
70924,13
316962,13
253838,6
72278,12
72278,13
86399,12
86399,13
45723,12
224725,12
271645,13
271645,12
66550,12
55755,12
81205,12
374795,12
160704,6
331796,6
147295,6
90692,6
98538,6
98538,13
224727,6
536120,6
238995,6
341869,6
99596,6
299404,6
94772,6
94772,13
331790,6
331790,13
97846,6
97846,13
275623,6
70534,13
196345,6
196345,13
518250,6
99043,6
89674,6
130222,6
272961,6
535990,6
323073,13
520422,13
520422,12
332987,12
81599,12
81599,13
82321,12
324611,12
75989,13
60724,12
59008,12
59008,13
74492,12
131863,12
103741,13
103741,12
81464,12
315650,13
131862,12
55217,12
255776,12
57732,12
175412,12
125079,12
133330,12
133330,13
79511,12
46172,12
46172,13
518197,12
518197,13
66951,12
322951,12
322951,13
519215,12
519215,13
69405,12
76061,12
76061,13
76062,12
160710,13
160710,12
219283,13
219283,12
533734,12
533734,13
536595,12
536595,13
146526,12
146526,13
524675,12
524675,13
196737,12
196737,13
343670,12
343670,13
150322,12
14030,13
307471,13
96915,13
90492,6
97486,13
97486,6
90628,13
90628,6
322918,13
322918,6
184393,13
62796,13
192901,13
24130,14
24130,11
24130,6
129055,6
91146,14
91146,11
91146,6
48838,11
24128,6
84437,6
253318,6
360174,17
535980,17
14080,17
66679,17
72804,17
14095,6
254545,6
119104,1
100589,5
299425,5
68581,5
287274,5
246626,5
53688,5
382646,15
382646,14
327533,15
327533,14
106219,8
122049,1
51496,1
51496,11
315361,11
315361,1
72855,11
14197,11
14197,1
14199,11
14199,1
315363,11
315363,1
14202,6
14203,8
14203,6
120957,6
224753,6
84899,6
108759,6
343727,6
53740,6
142054,6
60124,6
73599,6
61902,6
46453,6
168937,6
224754,6
87279,6
57354,6
84191,6
62012,6
81740,6
105381,6
287383,6
14208,6
89808,6
53738,6
53739,6
357733,6
132703,6
14210,6
84900,6
171113,6
329243,6
205674,12
205675,12
205675,13
365427,12
365427,13
46952,12
46952,13
51198,12
130116,12
53836,12
59094,12
61972,12
61972,13
74814,12
74814,13
76945,12
71466,12
343764,12
50892,12
65056,12
85569,12
81695,12
81695,13
42518,17
368920,17
106221,11
106221,14
106221,13
380404,1
380408,1
262315,15
318431,15
249866,15
249866,11
249866,14
14407,15
14407,14
119927,15
119927,11
119927,14
107401,14
107401,15
107401,11
106224,11
106224,15
106224,14
327534,11
327534,15
327534,14
327535,15
327535,14
327535,11
328371,15
328371,14
120661,14
120661,15
120661,11
155370,15
155370,14
14411,15
14411,14
117907,15
117907,14
268603,15
268603,14
112584,15
112584,14
112584,11
269090,15
269090,14
269090,11
328372,15
328372,14
327536,15
327536,14
328374,15
328374,14
116132,15
116132,14
106226,15
106226,14
106226,11
384946,15
384946,14
119930,15
119930,11
119930,14
516361,15
516361,14
516362,15
516362,14
378090,15
378090,14
327537,15
327537,14
327538,15
327538,14
119658,15
119658,14
512609,15
512609,14
107386,15
107386,14
193799,15
193799,14
14414,15
14414,14
119929,14
119929,15
119929,11
269092,15
269092,11
269092,14
14417,15
14417,14
126824,11
14441,10
14441,6
14453,6
111016,6
198895,6
310568,6
14463,6
514489,6
512245,6
179495,6
139612,6
44880,6
14465,6
72655,21
106228,15
106228,14
25101,15
14483,15
14483,14
14486,15
14486,11
59937,15
59937,14
140843,15
140843,11
14502,15
14502,11
106230,11
106230,15
14508,15
14508,11
80484,6
79940,6
69776,6
89681,6
375123,6
98633,6
83330,6
204599,6
68392,6
72158,6
73118,6
73994,6
91195,6
249415,6
63122,6
46356,6
166341,6
70583,6
110600,6
63831,6
515366,6
58180,6
74148,6
73149,6
67632,6
78290,6
256751,6
59613,6
98514,6
39098,6
69838,6
176999,6
305644,6
305645,6
85381,6
113997,6
70303,6
47118,6
56888,6
59770,6
249424,6
43991,6
43991,8
204468,6
196438,6
74041,6
14570,6
280985,6
62004,6
65278,6
98777,6
86140,6
53121,6
98677,6
74087,6
150970,6
100121,6
89130,6
221411,6
82170,6
534170,6
71247,6
194627,6
78188,6
98293,6
63124,6
84839,6
61769,6
354094,6
53425,6
305654,6
99431,6
378459,6
120992,6
48871,6
221099,6
129240,6
89425,6
307472,6
60223,6
95605,6
47961,6
80819,6
89879,6
344795,6
93125,6
113999,6
93150,6
64074,6
58181,6
69976,6
120991,6
153057,6
317672,6
229993,6
234976,6
86862,6
196858,6
61580,6
56039,6
71737,6
60959,6
107587,6
42213,6
42214,6
168938,6
140745,6
51322,6
56330,6
108052,6
168733,6
76807,6
112845,6
322565,6
137634,6
210064,6
86598,6
54712,6
170124,6
328159,6
533230,6
533302,6
86593,6
54713,6
81063,6
84465,6
80322,6
56923,6
83878,6
70323,6
118675,6
93698,6
155463,6
201410,6
98683,6
64601,6
54240,6
81211,6
108005,6
91086,6
91968,6
328392,6
323565,6
323563,6
330951,6
378990,6
140044,6
183797,6
46750,6
321265,6
334039,6
114001,6
177032,6
323276,6
328422,6
48787,6
173151,6
58188,6
55984,6
91654,6
97493,6
58095,6
42756,6
79164,6
49453,6
98222,6
104705,6
93059,6
228696,6
63131,6
354048,6
57821,6
114091,6
99086,6
151343,6
77624,6
53459,6
100607,6
42113,6
132270,6
41237,6
89385,6
66347,6
138503,6
182520,6
46781,6
79318,6
102851,6
59155,6
89772,6
100351,6
151785,6
76257,6
116979,6
67603,6
89278,6
96720,6
15377,6
47650,6
68428,6
108261,6
55739,6
198899,6
124395,6
89352,6
15350,6
533238,6
280441,6
331936,6
131626,6
57771,6
85940,6
537827,6
134644,6
71067,6
111100,6
324421,6
44798,6
136004,6
100196,6
305665,6
77318,6
135542,6
76053,6
234519,6
81556,6
125243,6
325743,6
124510,6
359492,6
359494,6
158407,6
385475,6
91545,6
82187,6
162794,6
329871,6
97312,6
99014,6
67242,6
50778,6
96494,6
57810,6
84071,6
139640,6
52633,6
65922,6
240822,6
93053,6
70036,6
57100,6
95697,6
139026,6
51704,6
61167,6
166352,6
284258,6
343622,6
97408,6
91190,6
84320,6
120865,6
50729,6
83895,6
91553,6
94583,6
182496,6
73267,6
61710,6
156173,6
79794,6
153446,6
59147,6
62181,6
66154,6
121728,6
94909,6
63281,6
362508,6
100120,6
243493,6
111224,6
180266,6
61880,6
171603,6
238071,6
93846,6
111117,6
69630,6
301097,6
94128,8
94128,6
63830,6
84416,6
152187,6
71625,6
116527,6
103381,6
71562,6
48888,6
45427,6
120989,6
45428,6
250490,6
500300,6
338356,6
108053,6
344285,6
65233,6
211107,6
535976,6
288271,6
321586,6
43073,6
68805,6
94405,6
194741,6
65156,6
54137,6
93894,6
95136,6
51454,6
373572,6
94181,6
116981,6
103193,6
138916,6
112844,6
72920,6
23366,6
182823,6
97374,6
89226,6
99608,6
44922,6
94001,6
346358,6
58930,6
57988,6
271657,6
90667,6
93898,6
61096,6
151547,6
76357,6
332636,6
77524,6
73040,6
166377,6
64409,6
44220,6
368116,6
57917,6
46114,6
351117,6
114006,1
114006,6
317673,6
100091,6
97191,6
96367,6
77417,6
64181,6
97159,6
114004,6
65290,6
62306,6
79765,6
168011,6
270910,6
61716,6
76094,6
135554,6
72198,6
98020,6
52659,6
134372,6
64733,6
211042,6
170152,6
22649,6
346134,6
162287,6
99022,6
120168,6
298267,6
67302,6
71237,6
90482,6
254759,6
44653,6
211775,6
51445,6
86029,6
107668,6
234973,6
121754,6
78631,6
69437,6
84478,6
166344,6
244347,6
244351,6
244350,6
168936,6
151970,6
93539,6
97299,6
119836,6
151963,6
94530,6
79452,6
93764,6
94952,6
84928,6
60111,6
119888,6
82165,6
14819,6
62744,6
94397,6
97153,6
211108,6
536702,6
328393,6
375108,6
89299,6
90901,6
335064,6
532090,6
314715,6
155462,6
344286,6
323015,6
94475,6
534065,6
533660,6
174273,6
96187,6
96187,13
533301,6
533231,6
258920,6
330950,6
320176,6
378989,6
320177,6
346625,6
537705,6
334939,6
224966,6
168935,6
82317,6
135551,6
96433,6
89984,6
515365,6
90377,6
97209,6
98183,6
328421,6
21805,6
14877,6
94529,6
91147,6
375104,6
255681,6
110737,6
110737,13
50507,6
322350,1
14995,6
14996,6
331799,6
89552,6
329319,6
15009,6
95331,6
92597,6
67290,6
224976,6
224977,6
94624,6
130086,6
101610,6
105748,6
269123,6
15051,6
224979,6
15053,6
322370,6
15058,6
204469,6
93519,6
204471,6
66668,6
100670,6
100671,6
118230,1
118230,6
15130,6
70946,6
87692,6
21067,6
322398,6
21072,6
15181,6
324988,6
323542,6
83210,6
53081,6
91547,6
91547,13
21766,6
89507,6
89507,13
95023,6
69240,6
69240,8
42117,6
131064,6
15226,6
15226,13
98405,6
116385,6
124501,6
311433,6
311433,8
311435,6
311435,8
329337,6
77584,6
101371,6
372653,6
15288,6
287195,6
87104,6
87104,8
95873,6
100754,6
101372,6
224994,6
15290,6
209911,6
249417,6
249419,6
249420,6
249423,6
249421,6
101611,6
91807,6
96220,6
15319,6
15321,6
62616,6
15340,6
322446,6
225004,6
153060,6
15376,6
60830,6
97044,6
305664,6
15406,6
15421,6
197103,6
15430,6
331812,6
519237,6
15301,6
537784,6
46357,6
130413,6
332624,6
322448,6
115409,6
62262,6
42143,6
121748,6
140521,6
104038,6
94788,6
124168,6
239134,6
112520,6
273278,6
64845,6
92823,6
100821,6
58388,6
15551,6
133020,6
151565,6
100828,6
323523,6
15564,6
15569,6
15570,6
323536,6
15578,1
15594,6
15594,13
93470,6
15607,6
45195,6
15648,6
15648,8
94447,6
41324,6
324989,6
323544,6
15682,6
370865,6
125311,6
131969,6
130383,6
62723,6
15727,6
74190,6
90056,6
15767,6
62745,6
41336,6
293022,6
15793,6
255334,6
68152,6
58702,6
241549,6
174070,6
256258,6
210116,6
211031,6
99600,6
78948,6
322493,6
15080,6
98668,6
15245,6
100241,6
500321,6
15544,6
321630,6
325063,1
79868,6
79869,6
66406,2
75977,6
15835,6
140681,2
15849,6
15851,6
15852,6
175302,6
15862,6
46163,6
25797,12
25797,6
15884,12
15884,6
69067,12
69067,6
49066,6
49066,12
140070,12
140070,6
47848,6
47848,12
74084,12
116982,6
116982,12
57940,12
57940,6
105266,6
105266,12
50752,6
50752,12
15885,6
521674,6
362513,6
96197,6
210514,6
99843,6
66407,6
85538,6
291635,6
141438,6
99980,6
254828,6
69031,6
305978,6
49325,6
131297,6
225041,6
368389,6
44410,6
15892,6
129070,6
129070,12
312158,6
77027,6
92863,6
21715,1
92107,9
92107,2
92397,9
92598,2
92598,9
98001,9
98001,2
77304,9
77304,2
50268,2
50268,9
99314,9
99314,2
124602,9
124602,2
88831,2
88831,9
159339,9
159339,2
319485,9
159333,2
159333,6
247516,6
247516,9
197882,9
362078,9
362078,6
131363,6
131363,9
344760,9
344760,2
284468,2
284468,9
362076,9
362076,6
279487,9
279487,6
159328,9
159325,6
159325,9
128199,9
128199,2
328383,9
92185,9
92185,6
284377,9
126353,9
126353,2
332008,9
361020,9
361020,2
60406,9
60406,2
63174,9
15945,2
15945,9
79294,2
79294,9
73530,9
73530,2
87217,2
87217,9
93752,9
93752,6
50688,9
50688,2
39502,9
39502,2
88829,2
88829,9
203375,2
360948,9
360948,2
352492,9
352492,6
89430,9
89430,2
165160,9
165160,2
72946,2
72946,9
80002,9
80002,2
59312,9
59312,2
78972,9
78972,2
237141,2
237141,9
237143,9
237143,2
87545,2
87545,9
51950,2
51950,9
59572,2
59572,9
78078,9
78078,2
76931,9
63008,2
63008,9
237147,2
237147,9
61100,9
61100,2
69194,9
69194,2
80655,9
80655,2
125789,9
125789,2
96473,9
96473,2
122221,2
122221,9
39567,9
93000,2
93000,9
93040,9
126246,2
126246,9
90298,9
90298,2
360935,9
360935,2
60866,9
139444,9
98289,9
98289,2
99356,9
99356,6
59838,2
59838,9
39624,2
39624,9
97735,9
88827,9
88827,2
94491,9
94491,2
84381,2
84381,9
91730,2
91730,9
95063,9
95063,2
122171,9
122171,6
330794,9
330794,6
95586,2
95586,9
139443,9
139443,2
83750,9
49168,9
97747,2
97747,9
332009,9
93702,2
93702,6
96807,9
95576,9
95576,2
119717,2
119717,9
90990,9
90990,2
94980,9
94980,2
231402,9
161044,9
122277,9
122277,2
291902,6
291902,9
339837,9
339837,6
80544,9
129828,9
129828,2
139397,2
127556,9
50425,9
127231,9
127231,2
57384,9
57384,6
155446,9
155446,2
215648,9
154944,2
154944,9
119740,9
120524,9
95898,9
95898,2
92535,2
92535,9
138074,9
138074,2
201639,2
201639,9
94395,2
94395,9
119010,2
119010,9
93638,9
93638,2
102418,9
94213,9
94213,2
53025,9
124988,9
121030,6
121030,2
99741,9
99741,2
98313,9
98313,2
95981,9
98484,9
99832,9
99832,2
175973,9
91354,9
91354,2
284781,9
284781,2
507788,9
507788,6
97655,9
97655,2
119732,9
119732,2
377908,2
377908,9
83237,9
83237,2
96212,9
96212,2
145194,9
145194,6
91894,2
91894,9
91894,6
217557,9
92073,9
92073,2
96950,9
96950,2
96961,2
96961,9
95767,9
95767,2
95768,9
95768,2
80211,9
51296,9
125777,9
95534,9
95534,2
54335,2
54335,9
128236,9
75073,9
75073,2
112891,9
112891,2
100089,9
100089,2
96757,9
101413,9
101413,2
154875,6
154875,2
154875,9
57601,9
57601,2
97443,9
40152,9
112648,2
112648,9
248902,2
248902,9
62815,6
62815,2
62815,9
91751,9
91751,2
40184,9
40184,2
95641,2
95641,9
98060,2
98060,9
72830,9
16000,9
16000,2
16001,2
16001,9
40226,9
40226,2
119013,9
119013,2
97019,2
97019,6
97019,9
57125,9
57125,2
145572,9
228357,2
89756,9
89756,2
125805,9
125805,2
142600,9
142600,2
60496,9
60496,2
334877,6
334877,9
95933,9
131349,9
131349,2
89291,9
89291,2
295612,9
295612,2
96103,9
96103,2
320108,9
320108,2
96250,9
96250,2
67980,9
56088,9
90035,9
129471,9
129471,2
291901,6
291901,9
360661,9
360661,2
90283,9
90283,6
311388,9
89403,9
89403,2
96920,9
269188,9
137557,9
137557,2
258240,9
258240,6
54385,9
54385,2
77049,9
77049,2
66552,2
66552,9
143328,9
129147,9
129147,2
89921,2
89921,9
244819,6
244819,9
116291,9
116291,2
159329,9
165882,9
165882,6
199174,9
199174,6
69994,9
61198,9
161045,9
152752,9
152752,2
97893,2
97893,9
295613,9
295613,2
158934,2
158934,6
362075,9
362075,6
139486,9
139486,2
96801,9
96801,2
92858,9
360674,9
360674,2
192673,9
158936,9
158936,2
93789,9
93789,2
124610,6
124610,9
94468,9
94468,2
89166,9
320109,9
320109,2
215649,9
284779,9
284779,2
89908,9
108656,9
108656,2
70615,9
330795,9
330795,6
339838,9
339838,6
141017,2
141017,9
126093,9
126093,2
203374,2
199175,9
199175,6
61657,9
61657,2
136423,2
201640,2
201640,9
196207,9
341496,9
341496,2
284467,2
284467,9
328382,9
121031,6
121031,2
362077,9
362077,6
159326,6
159326,9
281812,9
154036,9
154036,6
507789,9
507789,6
97346,9
97346,2
88826,9
67581,2
67581,9
80805,2
80805,9
323484,2
323484,9
74208,9
74208,2
40391,9
40391,2
49825,9
59902,9
77408,2
77408,9
33904,9
33904,6
16015,2
16015,9
89429,2
89429,9
16017,9
16017,6
236742,9
33917,9
171839,9
303891,9
303891,6
62113,9
62113,2
304225,9
303887,9
303887,6
22257,9
21239,2
21239,9
279605,9
33925,2
33925,9
48527,9
324368,9
166568,9
166568,6
304342,9
40481,9
322301,2
322301,9
58762,9
58762,6
140979,9
140979,6
99405,2
99405,9
304180,9
304180,6
192078,9
16040,9
16040,2
16040,6
215167,2
215167,9
16041,9
101430,2
101430,9
344190,9
344190,6
16043,9
16043,6
225285,6
225285,9
304178,9
304178,6
19664,9
166571,9
39791,9
33951,9
324358,9
304200,9
16046,9
89685,2
89685,9
16047,9
16047,2
40472,9
40472,2
16048,9
101613,2
101613,9
92230,2
92230,9
358863,9
16049,9
333584,2
333584,9
324355,9
303892,9
303892,6
329177,2
329177,9
329184,9
329184,6
65493,9
56895,9
78577,9
105800,2
105800,9
16055,9
52982,9
81860,2
81860,9
71046,2
71046,9
16056,9
16056,6
16056,2
317876,2
317876,9
92238,9
92238,2
92238,6
55538,9
237885,9
304202,9
324342,9
324342,6
324342,2
303843,9
304181,9
304181,6
21192,9
16072,9
31384,9
31384,6
118713,2
118713,9
303842,9
26387,9
166576,9
16078,9
78435,9
16079,9
48102,9
48102,6
66888,2
66888,9
324334,9
324334,2
39341,2
39341,9
19665,9
19665,6
303890,9
303890,6
75312,9
75312,6
304223,9
304183,9
304183,6
78184,9
16086,9
272885,9
225260,9
225260,6
225264,9
39316,9
40477,9
89692,9
96275,9
56881,9
329191,9
42801,9
270425,20
270425,6
287698,20
287698,6
272690,20
272690,6
116166,20
116166,6
153817,20
153817,6
124331,20
124331,6
205743,20
205743,6
118893,20
118893,6
86679,20
86679,6
16099,20
16099,6
332329,20
332329,6
315285,20
315285,6
180685,20
180685,6
199435,20
199435,6
297301,20
297301,6
193593,20
193593,6
180267,20
180267,6
118365,20
118365,6
154798,20
154798,6
173105,20
173105,6
153753,20
153753,6
219520,20
219520,6
181199,20
181199,6
199465,20
199465,6
293007,20
293007,6
184288,20
184288,6
239773,20
239773,6
77172,20
77172,6
82037,20
82037,6
225305,20
225305,6
332047,20
332047,6
357361,20
357361,6
191837,20
191837,6
138576,20
138576,6
57929,20
57929,6
357408,20
357408,6
91816,20
91816,6
112306,20
112306,6
154675,20
154675,6
232306,20
232306,6
150940,20
150940,6
178714,20
178714,6
137309,20
137309,6
154799,20
154799,6
329444,20
329444,6
88317,20
88317,6
120174,20
120174,6
150825,20
150825,6
226031,20
226031,6
332330,20
332330,6
50111,20
50111,6
85294,20
85294,6
64506,20
64506,6
54546,20
54546,6
322032,20
322032,6
72238,20
72238,6
73549,20
73549,6
353598,11
75074,6
114135,6
524303,12
524303,2
524326,12
524326,2
524289,12
524289,2
524332,12
524332,2
524270,12
524270,2
16125,6
524277,12
524277,2
524314,12
524314,2
302699,12
302699,2
524317,12
524317,2
318447,12
318447,2
324280,6
119893,6
132317,6
16128,6
87705,6
524278,12
524278,2
524329,12
524329,2
524302,12
524302,2
524301,12
524301,2
524268,12
524268,2
524309,12
524309,2
16132,12
16132,2
524331,12
524331,2
322683,6
524253,12
524253,2
524288,12
524288,2
524272,12
524272,2
524273,12
524273,2
524299,12
524299,2
524333,12
524333,2
21165,6
524259,12
524259,2
524300,12
524300,2
16141,6
524266,12
524266,2
302692,12
302692,2
330683,6
524285,12
524285,2
524334,12
524334,2
524262,12
524262,2
524321,12
524321,2
524292,12
524292,2
524265,12
524265,2
524323,12
524323,2
57885,6
73551,6
524294,12
524294,2
244085,12
244085,2
16149,6
524283,12
524283,2
524269,12
524269,2
90028,6
92134,6
16150,6
58879,6
524274,12
524274,2
329152,6
524254,12
524254,2
524286,12
524286,2
250595,6
16151,6
118855,11
84001,11
211224,5
16182,11
67481,11
160975,1
160975,6
77750,1
77750,6
90569,6
90569,20
310406,1
310406,6
160976,21
85973,21
168943,21
50129,16
328866,6
328866,13
324228,6
56847,6
324219,6
164576,6
97263,6
16268,6
302820,13
239631,6
239631,13
16229,6
150482,6
107155,6
324269,6
324269,13
16231,6
78246,6
74544,13
152424,13
59382,13
65730,6
344917,6
16238,6
329147,6
329147,13
16239,6
16239,13
161035,6
74102,6
59538,6
55521,6
63414,6
351051,6
328865,6
16255,6
16255,13
140355,6
140355,13
128026,13
255685,6
127857,6
16261,6
328864,6
66615,6
16270,6
44117,13
52539,6
332334,6
83834,6
83834,8
16275,6
16275,13
16276,6
16276,13
61854,6
80806,6
328867,6
328867,13
226275,6
44279,6
329136,6
322778,6
16285,6
153503,6
153503,8
335683,6
84734,6
264584,6
16301,6
16301,13
285283,6
170743,13
301975,13
16299,6
296402,6
119286,1
153600,6
153600,20
41245,6
41245,20
41566,6
41566,20
384001,20
384001,6
384014,20
384014,6
384018,20
384018,6
384019,20
384019,6
387434,20
387434,6
384088,20
384088,6
386331,20
386331,6
384091,20
384091,6
384094,20
384094,6
384111,20
384111,6
522103,20
522103,6
521128,20
521128,6
384115,20
384115,6
386333,20
386333,6
384683,20
384683,6
384249,20
384249,6
386346,20
386346,6
386350,20
386350,6
384285,20
384285,6
386353,20
386353,6
386319,20
386319,6
386335,20
386335,6
386359,20
386359,6
386338,20
386338,6
386344,20
386344,6
384211,20
384211,6
386318,20
386318,6
386334,20
386334,6
386645,20
386645,6
387185,20
387185,6
368260,6
194381,6
239095,6
180773,6
74529,6
86833,6
332059,6
351739,6
42791,6
61569,6
323340,6
61744,6
177411,6
351740,6
197772,6
197771,6
380571,6
115668,6
330955,6
325617,6
98399,6
328017,6
377839,8
377839,1
377841,8
377841,1
297306,15
297306,14
16411,15
16411,14
351023,15
351023,14
16430,14
16430,11
103285,11
103285,14
253243,11
253243,14
81378,11
81378,14
258292,11
258292,14
66279,11
66279,14
199565,11
199565,14
378756,11
378756,14
97639,11
97639,14
250275,6
225366,6
19856,6
43896,6
286125,6
225367,6
268172,6
83302,6
68757,6
53246,6
359839,6
79441,6
287385,6
232166,6
107609,6
232167,6
225369,6
87458,6
68414,6
69611,6
87459,6
70435,6
254811,6
46527,6
48302,6
183328,6
225370,6
64703,6
16434,6
87460,6
409307,2
409309,11
254453,6
48076,6
316949,6
314930,6
16452,6
136252,6
16453,6
233013,6
96073,6
65567,6
323988,6
96875,6
386755,6
386753,6
135173,6
384002,6
50660,6
277984,6
23542,6
66399,6
95357,6
260154,6
16456,6
297187,6
366106,18
366106,11
366106,14
333162,18
333162,11
333162,14
187978,18
187978,11
187978,14
77804,18
77804,11
77804,14
354228,18
354228,11
354228,14
100352,18
100352,11
100352,14
21397,18
21397,11
21397,14
45048,18
45048,11
45048,14
126156,18
126156,11
126156,14
171785,18
171785,11
171785,14
193763,18
193763,11
193763,14
16467,18
16467,11
16467,14
209095,18
209095,11
209095,14
116707,18
116707,11
116707,14
42688,18
42688,11
42688,14
99765,18
99765,11
99765,14
89617,18
89617,11
89617,14
70957,18
70957,11
70957,14
354260,18
354260,11
354260,14
376484,18
376484,11
376484,14
332138,17
73739,17
202535,17
51817,17
70543,17
41195,17
16479,17
54588,17
48768,17
43897,17
202534,17
16484,1
16484,20
16496,18
16496,16
16496,1
225408,8
71455,8
169824,8
140466,8
16692,8
75723,8
92908,8
86835,8
225491,8
92583,1
92583,8
16622,1
16622,8
225527,8
246141,8
91150,8
534548,11
105286,11
268015,13
332622,13
205225,6
205225,13
16803,2
16805,2
113063,2
137109,2
329833,2
80261,2
136257,2
16806,2
101036,2
16807,2
108603,2
358873,2
141324,15
330497,15
330497,14
141323,15
141323,14
141323,11
301764,14
301764,15
233020,14
233020,15
23973,15
23973,14
23973,11
65527,16
65527,10
65527,18
225572,14
119870,2
119870,11
119870,14
389094,2
389094,11
389094,14
387006,2
387006,11
387006,14
308827,2
308827,11
308827,14
387008,2
387008,11
387008,14
93929,2
93929,11
93929,14
387007,2
387007,11
387007,14
97461,2
97461,11
97461,14
105609,16
105609,10
105609,18
16883,16
16883,10
16883,18
152866,16
152866,10
152866,18
325148,15
325148,11
325148,14
377829,15
377829,11
377829,14
356919,15
356919,11
356919,14
16932,15
85467,15
185343,15
185343,11
69410,8
69410,15
84211,8
84211,15
84211,11
48750,15
17057,17
62902,17
48737,17
165776,17
77943,17
82276,8
82276,15
82386,8
82386,15
136331,15
178855,15
241260,8
241260,15
211325,8
211325,15
384044,8
384044,15
17066,8
17066,15
17075,8
17075,15
43751,8
43751,15
135229,8
135229,15
281606,8
281606,15
95857,8
95857,15
47612,8
47612,15
90263,8
90263,15
17100,15
17100,8
91604,8
91604,15
17110,15
363546,15
363546,11
363546,14
228427,8
228427,15
17164,8
17164,15
17167,8
17167,15
363551,15
363551,11
363551,14
107253,6
375220,6
92350,6
232214,6
75393,6
360777,15
219055,1
219055,6
232228,6
58367,6
80948,6
84347,15
84347,11
84347,14
21910,15
21910,11
21910,14
100953,6
17226,6
87783,14
17231,6
376445,15
376445,11
376445,14
17239,14
133115,15
133115,11
133115,14
55474,6
212077,19
212077,13
212077,6
99449,19
99449,13
99449,6
515377,19
515377,13
344928,19
344928,13
17274,6
215079,17
31352,17
94119,17
48657,17
17361,17
249403,6
102996,6
87861,6
322033,6
136113,6
17399,6
297190,6
297191,6
323353,6
17401,6
80141,6
87090,6
242536,6
299405,6
330177,6
68498,6
151448,5
151448,6
355989,6
229372,6
334897,6
43525,6
80120,6
99977,6
74241,6
94063,6
53626,6
80924,6
289513,6
129341,6
91312,6
105807,6
113095,6
241752,6
374272,6
90122,6
61267,6
247894,6
500225,6
332170,6
87866,6
17410,6
92617,2
92617,11
71372,2
71372,11
97176,2
97176,11
17453,2
95590,2
512578,2
150759,2
150760,2
234263,2
234263,11
272071,2
69829,6
73283,6
17517,6
376897,6
376387,6
17519,6
58235,6
215029,13
215030,13
194751,13
68743,13
61876,13
135561,13
272973,6
272973,12
24223,6
24223,13
107184,13
68455,6
78666,11
78666,1
17623,1
17623,11
17628,6
225644,6
244345,6
130512,6
327138,6
353104,6
529582,6
130500,6
353105,6
307120,6
322902,6
17639,6
301113,6
378219,6
378220,6
365623,6
291676,6
317174,6
286772,6
365625,6
323929,6
17649,6
134703,6
328055,6
17658,6
58439,6
191246,6
24236,6
181605,6
23532,6
87465,6
96104,6
312889,6
46716,6
17672,6
142466,6
92159,6
80099,6
142467,6
54863,6
351742,6
47597,6
527367,6
61316,6
349614,6
378541,6
48081,6
378536,6
57437,6
378537,6
225653,6
378291,6
372769,6
162419,6
351744,6
351743,6
351745,6
378538,6
378292,6
113037,6
104244,6
312890,6
372768,6
378542,6
279220,6
328056,6
17676,6
322243,6
385153,6
381703,6
225656,6
17687,6
54723,6
56856,6
331605,6
104952,6
77779,6
323872,6
323870,6
323869,6
49685,6
286295,6
125951,6
17695,6
17699,6
94157,6
96548,6
17651,6
244340,6
291104,6
323892,6
225649,6
131973,6
97141,6
155693,6
151711,6
202813,6
82075,6
149373,6
195595,6
120091,11
287874,11
19582,11
287855,11
17731,11
17732,11
17733,11
162421,11
287877,11
287857,11
287853,11
125735,11
17736,11
287868,11
17737,11
17738,11
341665,11
17739,11
516537,11
285578,15
285578,11
285578,14
17744,15
253909,14
253909,15
253911,15
253911,11
253911,14
17748,15
106244,15
106244,11
106244,14
253913,14
253913,15
20040,2
382420,15
382420,14
327544,15
327544,14
382422,15
382422,14
99645,6
43659,6
17781,6
17806,16
17828,11
17828,14
17836,11
17836,2
341075,11
341075,6
345390,11
345390,6
52694,11
238326,11
371610,1
78321,11
78321,14
101811,1
17842,11
17842,2
207030,6
344755,6
344755,13
274456,13
249397,6
249397,13
343417,6
343417,13
226161,6
226161,13
84805,6
84805,13
315989,6
230274,6
274784,6
228794,6
268591,15
268591,14
268591,11
112580,15
112580,11
112580,14
112581,14
112581,15
112581,11
120627,15
120627,14
120627,11
112585,14
112585,15
112585,11
131630,15
131630,11
131630,14
112586,15
112586,14
112586,11
112587,15
112587,11
112587,14
516365,15
516365,11
516365,14
268593,15
268593,11
268593,14
112588,14
112588,15
112588,11
268594,15
268594,11
268594,14
112589,15
112589,11
112589,14
323208,6
323217,6
328118,6
328119,6
120492,21
120492,11
323467,6
58309,6
90232,6
17876,6
84874,6
65301,6
76851,6
17877,6
322168,6
132496,6
151205,6
74016,1
98268,1
101954,1
17896,1
182570,14
361707,14
254850,14
372536,14
150401,6
370042,6
178655,6
178655,13
137811,6
152886,6
152886,13
247927,6
311968,6
323770,6
196187,6
311969,6
243675,6
336591,6
198905,6
150359,6
202849,6
362532,6
362531,6
362530,6
370664,6
370662,6
370663,6
202848,6
17919,6
17919,13
17922,6
17922,13
179307,6
179307,13
119000,6
119000,13
119025,6
119025,13
323678,6
323678,13
323723,6
323723,13
536362,6
17931,6
17933,6
235523,6
535699,6
536432,6
92075,6
92075,13
535762,6
271700,6
271700,13
220553,6
536075,6
275981,6
89496,6
81052,6
81052,13
536261,6
157010,6
157010,13
535906,6
156601,6
156601,13
118442,6
118442,13
96635,6
96635,13
157011,6
157011,13
179566,6
179566,13
138513,6
77002,6
77002,13
226280,6
226280,13
316733,6
316733,13
61529,6
61529,13
17960,6
17960,13
272975,6
272975,13
329066,6
69478,6
79801,6
536122,6
304376,6
304376,13
243680,6
111495,6
80919,6
56696,6
56696,13
212314,6
25291,15
329722,2
329722,11
329719,2
329719,11
206736,18
206736,19
206736,13
70874,6
340959,19
340959,13
314752,19
314752,13
385663,19
385663,6
345992,19
345992,6
55791,6
55791,2
55791,11
232678,2
232678,11
74630,2
74630,11
52836,6
18035,6
18035,2
18035,11
233817,11
233817,6
522647,6
315758,6
206132,2
206132,11
66575,2
66575,11
70587,1
18060,6
74406,6
18068,16
18068,1
18068,11
71186,17
53578,17
56430,17
22726,17
76367,17
360177,17
86777,17
115515,15
115515,14
25231,15
25231,14
372635,15
372635,14
170969,5
182589,5
20658,5
228814,6
308832,19
308832,6
163488,19
209311,13
343628,19
308629,19
308629,6
62598,19
62598,6
292602,19
81503,19
81503,6
296733,19
165987,19
82650,19
82650,6
336071,19
336071,6
55890,19
55890,6
135111,19
135111,6
80079,19
80079,6
343195,19
325485,19
81940,6
81940,19
256681,19
331902,19
102240,19
45177,19
81533,6
81533,19
331903,19
91964,19
180778,19
180778,6
254423,19
101497,2
101497,11
18176,2
18176,11
388215,11
388215,14
125636,11
125636,14
130804,11
207989,8
207989,6
48890,8
48890,6
48890,20
225713,8
225713,20
225713,6
225714,6
225714,1
98125,6
98125,1
272569,1
272569,20
119884,8
119884,6
121570,6
290513,6
251492,8
251492,6
306619,20
306619,6
92917,20
92917,6
92917,8
42492,8
42492,6
42492,20
225715,6
225716,6
225716,20
116985,6
225717,6
225717,20
49024,6
49024,8
75886,6
75886,8
235985,6
257085,6
277282,20
277282,6
25583,6
25583,20
116987,6
69904,6
69904,20
104521,6
98267,6
98267,20
225719,8
225719,6
374118,20
374118,6
374118,8
301497,20
301497,6
178665,6
180892,6
178667,6
178656,8
178656,6
182242,6
135381,6
135381,8
18189,6
18189,20
225722,8
225722,6
225722,20
220596,20
220596,6
220596,8
75868,6
75868,20
83821,6
83821,20
243731,6
243731,20
98133,8
98133,20
98133,6
90739,6
59677,8
59677,6
59677,20
42416,6
42416,20
96407,20
96407,6
74385,6
74385,20
52341,8
52341,6
152476,20
152476,6
286927,6
182276,6
182276,1
78232,6
78232,20
72908,20
72908,6
18191,6
161574,20
161574,6
99824,1
99824,20
225724,6
225724,8
140281,6
105763,6
105763,20
105762,1
98837,20
98837,6
211918,6
211918,20
131431,20
131431,6
96267,6
96267,8
140177,6
140177,8
89490,1
170642,1
170642,20
120551,8
120551,6
273666,6
273666,20
95019,6
95019,20
25586,20
25586,6
326633,1
326633,20
55747,6
55747,20
53652,20
53652,6
149134,8
149134,20
149134,6
149135,6
149136,8
149136,6
149136,20
121573,20
121573,6
149138,20
149138,6
290514,6
187192,20
187192,6
124600,6
151288,6
151288,20
153291,20
153291,6
105106,6
105106,8
208541,20
208541,6
89408,6
89408,20
149140,6
187191,20
187191,6
96309,6
49023,20
49023,6
277381,6
277381,8
65020,20
65020,6
273667,6
273667,8
201917,6
201917,8
77670,6
77670,8
89277,6
89277,8
53773,6
53773,8
90194,8
90194,6
48891,6
169683,6
208637,6
208637,20
180251,6
69695,6
85596,8
85596,20
85596,6
43281,6
43281,8
178657,8
178657,6
178657,20
89918,8
89918,6
208932,8
208932,6
82792,8
82792,6
149141,8
149141,6
178658,6
87453,20
87453,6
44837,20
44837,6
18213,6
18213,20
59678,20
59678,6
134881,6
134881,20
240004,6
240004,20
370541,20
370541,6
136898,6
136898,20
74389,6
74389,20
255735,8
255735,6
102263,6
102263,20
104332,6
334165,6
334165,20
368864,20
368864,6
239969,6
118601,11
118601,6
525512,6
525512,11
18218,11
18218,6
73986,6
73986,11
18220,6
18220,11
59795,6
49798,11
49798,6
18247,11
18247,14
335381,11
335381,14
59472,14
59472,11
83693,14
83693,11
52588,14
52588,11
82586,11
82586,14
76505,14
76505,11
61958,14
61958,11
18249,11
18249,14
85756,11
85756,14
261494,11
261494,14
85121,14
85121,11
286877,11
286877,14
84046,14
84046,11
63998,14
63998,11
286881,14
69254,14
45872,11
45872,14
288163,14
288163,11
326735,14
326735,11
286887,14
286887,11
43111,11
43111,14
350458,11
350458,14
39099,14
39099,11
75378,11
75378,14
83975,14
83975,11
78747,11
78747,14
73661,11
73661,14
53759,11
53759,14
18258,11
65643,11
65643,14
57269,11
57269,14
169752,11
169752,15
268526,15
268526,14
226071,2
18282,2
18282,11
169785,2
297800,2
297800,11
306744,2
178471,2
512087,2
512087,11
257155,2
511254,2
511254,11
210911,2
210911,11
329623,2
329623,11
329624,2
329624,11
329625,2
18287,2
375794,2
302764,2
302764,11
512535,2
512535,11
77641,2
77641,11
93768,2
93768,11
336593,2
170955,2
90889,2
300360,2
300360,11
62637,2
18288,2
100978,2
100978,11
18289,2
18296,1
18296,14
88884,15
88884,14
25294,15
25294,14
23964,1
239961,6
18460,1
18460,2
86219,19
86219,13
327888,1
18565,16
18565,10
18565,18
274605,16
274605,18
180271,16
180271,10
180271,18
18566,16
18566,1
18566,10
343228,12
343228,6
239785,6
239785,12
18573,12
18573,6
189902,6
189902,12
343428,12
343428,6
380577,12
380577,6
332206,6
21314,6
255973,6
76137,6
364712,6
258503,12
258503,6
258502,6
231116,6
231117,12
231117,6
227836,12
227836,6
231121,12
231121,6
343418,12
343418,6
231123,6
231108,6
292072,6
124872,12
124872,6
206820,12
206820,6
216440,12
216440,6
216437,6
57014,6
86334,12
86334,6
372655,12
372655,6
216439,12
216439,6
108696,12
108696,6
227830,12
227830,6
269535,12
269535,6
78234,12
78234,6
25967,19
25967,13
36,19
36,13
269,13
268,13
133269,13
102688,13
586,13
652,11
652,13
1457,19
1457,11
1457,13
1460,19
1460,13
139012,19
139012,13
1461,19
1461,13
1889,19
80461,21
67442,19
67442,13
207703,13
3136,13
93978,13
363963,13
89775,13
3139,13
207704,13
108131,13
207706,6
207706,13
170663,13
3142,6
3142,13
282531,13
207709,13
166438,13
93770,13
77900,13
133001,19
133001,13
3294,19
3294,13
95935,19
95935,13
67464,19
67464,13
213492,21
214601,13
4387,13
214615,13
92589,19
92589,13
92567,13
90499,13
205672,13
92131,13
105716,13
101338,13
101052,13
325053,13
7138,13
7196,13
7196,14
158814,13
158814,14
529493,13
529494,13
337987,1
334793,1
41058,6
41058,13
99033,6
99033,13
9499,11
9499,21
9499,14
72295,11
72295,21
72295,14
9503,13
329934,19
329934,13
9835,19
9835,13
9838,19
9838,13
9843,19
9843,13
57396,19
57396,13
175408,19
175408,13
10334,13
241242,13
241243,13
69541,13
92105,13
241182,13
241251,13
241249,13
241193,13
241248,13
98319,13
45248,13
41440,13
98806,13
177868,13
363376,13
245371,13
10335,13
47085,13
51398,13
325847,13
84664,13
96260,13
77915,13
331038,13
331039,13
299511,6
299511,13
11097,6
11097,13
87319,6
87319,13
287675,6
287675,13
263257,6
263257,13
375397,13
375397,6
11557,13
11561,13
140708,13
12518,14
360255,21
330041,19
330041,13
12988,19
12988,13
224551,13
224551,19
13059,19
13059,13
13061,19
13061,13
13071,19
13071,13
330167,19
330167,13
352132,19
352132,13
57505,19
57505,13
133029,19
133029,13
71791,19
71791,13
13094,19
13094,13
331800,19
331800,6
331800,13
13101,19
13101,6
13101,13
133031,19
133031,6
93466,19
93466,6
105357,19
105357,13
13119,19
13119,13
13122,19
13122,13
165977,19
115366,19
115366,13
13150,19
13150,13
79725,19
79725,6
286247,13
329929,13
331882,13
66395,13
81339,13
63557,6
63557,13
13362,19
13362,6
13362,13
13365,19
13365,13
79695,6
79695,13
62396,6
62396,13
13937,6
13937,13
59913,19
59913,13
331700,19
331700,13
14090,19
14090,13
53879,19
53879,13
14248,6
14248,13
14249,13
121101,13
93508,13
121102,13
102145,6
102145,13
80490,13
14252,13
88412,13
92818,13
14253,13
14279,13
318045,13
317436,13
14280,13
69287,13
181306,13
324364,13
205754,13
23746,13
73960,13
329158,13
14313,13
284769,13
17252,19
17252,13
360992,19
360992,13
374150,13
374150,19
236465,19
236465,13
328101,13
331708,19
331708,13
128320,21
128320,13
22125,13
65862,19
65862,13
142341,13
54823,13
500226,13
245665,13
192899,13
176292,13
18598,13
249853,13
94531,13
225796,13
134274,13
79372,13
329930,13
371441,13
335495,13
138346,13
