71839,3
379082,3
26083,3
76583,3
59418,3
50593,3
80913,3
322413,3
65552,3
351549,3
51307,3
93024,3
67032,3
77036,3
55434,3
336097,3
185167,3
26215,3
120655,3
185164,3
185166,3
507786,1
280246,3
285633,3
119116,3
178741,3
176700,3
255628,3
721,3
721,1
721,2
177523,1
722,3
722,1
185972,3
185972,1
523363,3
523363,1
80980,3
80980,1
279648,3
279648,1
105540,3
105540,1
156134,3
156134,1
279647,3
279647,1
279646,3
279646,1
279645,3
279645,1
523362,1
737,1
523361,1
260682,3
260682,2
270260,1
211541,1
52621,1
298623,1
168703,1
374843,1
170218,1
324876,1
324878,1
324880,1
298625,1
344837,1
182428,1
339126,1
344131,1
344132,1
344133,1
298626,1
296016,1
42964,1
152930,1
270259,1
152931,1
240228,1
152932,1
152933,1
240229,1
179188,1
152935,1
349272,1
108938,1
111252,1
112203,1
211065,1
334247,1
211313,1
106042,3
101270,3
312575,1
184518,1
282043,3
214929,3
221465,1
147978,3
184488,1
112436,1
139328,3
368000,3
139329,3
184524,3
220727,1
280724,3
156521,1
184517,1
333793,1
112442,1
112444,1
173876,3
173881,3
148633,1
173889,1
364778,1
148672,3
214927,3
202885,3
112430,3
112430,1
378145,3
378146,3
378147,1
333091,3
184525,3
184525,1
241693,1
378156,3
337141,3
112439,1
184519,1
112443,3
375089,1
89875,3
95918,3
26468,3
186131,3
186131,1
186134,3
186134,1
517979,3
517979,1
517341,3
337684,3
221474,3
221494,3
831,1
840,1
186210,1
186211,1
186219,3
186219,1
292273,3
353623,3
349964,1
312577,1
349969,3
112402,1
165502,1
350035,3
194710,3
217953,3
165496,1
349980,3
112404,1
521559,3
165500,1
858,1
196810,3
196810,1
333795,1
253448,1
282512,1
334256,1
521083,1
78771,3
78771,1
334226,1
521169,1
334249,1
333796,1
226282,1
517750,1
218227,3
218227,1
521171,1
522791,1
334255,1
521326,1
186242,3
186242,1
877,3
186284,3
520210,3
156182,1
315296,1
174270,3
259188,3
106044,3
106044,1
200398,3
200398,1
132153,3
142631,3
200395,3
304718,3
238930,3
307774,3
142632,3
156196,3
156196,1
186569,3
106045,3
106046,3
186571,3
186572,3
143018,3
237172,3
106047,3
186574,3
186576,3
142633,3
186578,3
105497,1
280976,1
178819,1
175314,1
1104,1
188276,3
188276,1
344766,1
191524,3
190714,3
291463,3
292252,3
121188,3
121188,2
121188,1
1313,1
97932,1
65620,1
233129,1
199173,1
215499,1
215394,1
193659,1
199176,1
215451,1
215486,1
190175,1
380437,1
119443,1
106051,1
233228,1
233230,1
233507,1
233162,1
233178,1
119435,1
215308,1
215311,1
215312,1
233137,1
106052,1
176778,1
140380,1
325179,3
325179,1
234893,3
389167,3
389167,1
234891,3
234891,2
119498,3
119498,1
246796,3
246796,1
172570,3
172570,1
139302,3
199444,3
165507,3
156042,3
156042,1
226748,1
52447,1
109542,1
26895,1
68576,1
522279,1
524919,3
525088,3
1575,3
79002,3
284003,3
114041,3
284001,3
20903,3
191382,3
526674,3
523088,1
105555,3
277906,3
105559,3
70045,1
68713,1
156883,1
134180,3
134179,3
55729,3
103867,1
106060,1
127412,1
146647,3
306453,3
271941,3
43477,3
351282,3
237490,3
27734,3
296992,3
296996,3
279711,3
248691,3
347654,3
239115,3
250148,3
331044,3
48754,3
307183,3
292698,3
347912,3
257075,3
348088,3
296970,3
302972,3
325490,3
513784,3
513783,3
348067,3
253805,3
292421,3
176780,3
176780,1
177888,3
347903,3
164608,3
348074,3
203596,3
203584,3
84584,3
75912,3
234423,1
261229,1
261229,3
325535,3
325535,1
325968,3
325968,1
132707,3
132707,2
132707,1
107279,3
107279,1
353488,3
353488,1
234900,3
524962,3
524962,1
235494,3
235494,1
353443,3
353443,1
107280,3
107280,1
246739,3
246739,1
107289,3
107289,1
353444,3
107281,1
234899,3
234899,1
173270,1
173270,3
206888,3
48143,1
139288,3
139288,1
353445,1
107282,3
107282,1
246746,3
246746,1
278378,1
353446,1
353446,3
215525,3
215525,1
246740,3
246740,1
246734,3
246734,1
199201,3
199201,1
353507,1
353505,1
107283,3
107283,1
353485,3
353485,1
353508,1
173254,3
173254,1
246743,3
246743,1
246744,3
246744,1
107286,3
107286,1
173154,3
173154,1
246737,1
246737,3
235495,1
173278,1
173278,3
173256,3
353450,1
353450,3
107288,1
107288,3
165061,3
304019,3
304019,1
318422,3
318423,3
27854,3
318425,3
165063,3
162815,3
162815,1
139362,3
139362,1
368796,3
368796,1
526442,3
526442,1
525811,3
525811,1
526599,3
526599,1
302867,3
302867,1
353962,3
353962,1
120895,3
120895,1
363872,3
363872,1
528759,3
528759,1
361804,3
361804,1
361805,3
361805,1
525578,3
525578,1
525464,3
525464,1
525553,3
525553,1
298832,3
298832,1
204032,3
525046,1
525046,3
204413,3
57302,1
302176,3
302176,1
311031,3
311031,1
195919,3
195919,1
360304,3
360304,1
303724,3
303724,1
216092,3
216092,1
168876,3
168876,1
82637,3
82637,1
153697,3
153697,1
29468,3
29468,1
116447,3
116447,1
106063,3
521773,3
304021,1
517369,3
157228,3
157228,1
204846,3
204849,3
204850,3
277684,3
365945,3
338818,3
280714,3
369969,3
280725,3
362085,3
157186,3
204853,3
184326,3
184326,1
184327,3
184327,1
149640,3
149640,1
252648,1
149657,3
184325,1
184325,3
139382,3
139382,1
139381,3
284344,3
281858,3
349892,1
163552,1
206889,1
349894,1
134666,1
517450,1
536988,3
536988,1
504028,3
135076,1
135092,1
135059,3
135059,1
349901,1
112390,1
112390,3
357746,3
241841,1
233039,3
122060,1
246926,1
184541,1
107456,3
346331,1
346331,3
184533,3
346336,1
246929,1
122188,3
234898,1
346339,3
122189,1
199777,3
119488,1
184538,1
122069,3
246931,1
156545,3
346342,1
346342,3
279943,3
184536,3
233040,3
367395,3
346345,1
292866,1
241676,3
184547,1
346346,1
172377,3
293284,3
353463,1
293269,3
353470,1
293279,1
529291,3
279579,1
107311,1
176830,1
353475,3
353475,1
133333,1
107315,3
133404,1
521743,3
246018,3
107320,3
139296,1
529300,3
293283,1
353511,3
293280,3
293289,3
293290,1
353512,1
522181,3
119152,3
119154,3
293273,3
139297,1
107329,3
353516,1
139298,1
350490,3
241812,1
349853,1
246749,3
349863,1
156345,1
521608,3
156346,3
349856,3
349856,1
349855,1
517345,3
349848,3
241814,1
241594,1
246759,3
245445,3
521918,1
251818,1
112393,1
381568,3
251820,1
124565,3
119155,3
207346,1
207346,3
217885,3
217909,3
119135,3
372727,3
119158,3
119158,1
269246,3
269246,1
337366,1
337366,3
199437,3
207339,3
337396,3
233030,1
233030,3
337996,1
337996,3
337384,3
119138,1
337997,1
337997,3
217900,3
217900,1
119140,1
119140,3
217899,1
217899,3
347164,3
106080,3
139301,3
2392,3
106081,3
112514,3
537002,3
360192,3
521734,1
204856,3
157217,3
204857,3
309061,1
303551,1
316083,3
303562,3
303557,3
303564,3
370088,3
370086,3
370105,3
370102,3
207958,3
122199,1
221572,3
221572,1
221573,3
139387,3
370050,3
388128,3
112513,1
112513,3
122198,3
106083,3
201459,3
280713,3
2424,3
2424,2
2424,1
50646,3
104013,1
265695,1
24950,1
157291,1
157291,3
361108,1
353413,1
347335,1
353414,1
353412,1
237825,1
299909,1
143903,1
279712,1
360305,1
360306,1
360308,1
250464,1
378552,1
239355,1
249757,1
143904,1
219409,1
370885,1
361109,1
361107,1
351284,1
347334,1
351285,1
351286,1
157318,1
157319,1
328038,1
168217,1
328037,1
352907,1
206166,1
247182,1
247181,1
217040,1
206160,1
217041,1
247191,1
247186,1
153592,1
205115,1
202703,1
217043,1
238351,1
371881,1
247208,1
247200,1
247201,1
247187,1
247203,1
247206,1
217048,1
247205,1
247204,1
247202,1
247198,1
247209,1
217050,1
368799,1
366016,1
206158,1
247185,1
176611,1
337331,1
247213,1
217053,1
259254,1
247210,1
217054,1
217055,1
217059,1
217061,1
206165,1
238352,1
177526,1
247212,1
536941,1
247197,1
247207,1
247199,1
217064,1
247196,1
304032,1
247195,1
247214,1
382658,1
247215,1
247194,1
88722,1
247193,1
206167,1
237420,1
279267,3
279267,1
318516,3
318516,1
327345,3
327345,1
330507,3
330507,1
327343,3
327343,1
362334,3
362334,1
317783,3
317783,1
353304,3
353304,1
308663,3
308663,1
353303,3
353303,1
337952,3
337952,1
520014,3
520014,1
243511,3
243511,1
310421,3
310421,1
229738,3
229738,1
220979,3
220979,1
310444,3
310444,1
298996,3
298996,1
319764,3
319764,1
372706,3
372706,1
311518,3
311518,1
302488,3
302488,1
379317,3
379317,1
291493,3
291493,1
362344,3
362344,1
371108,3
371108,1
362348,3
362348,1
371105,3
371105,1
371107,3
371107,1
371106,3
371106,1
346089,3
346089,1
362338,3
362338,1
351241,3
351241,1
197920,3
197920,1
197918,3
197918,1
302939,3
302939,1
236362,3
236362,1
197940,3
197940,1
302941,3
302941,1
199680,3
199680,1
526085,3
526085,1
525691,3
525691,1
386136,3
386136,1
386137,3
386137,1
362314,3
362314,1
526409,3
526409,1
242712,3
242712,1
362302,3
362302,1
362300,3
362300,1
526331,3
526331,1
362329,3
362329,1
362327,3
362327,1
281327,3
281327,1
281326,3
281326,1
362328,3
362328,1
526374,3
526374,1
362058,3
362058,1
362062,3
362062,1
325067,3
325067,1
253808,3
253808,1
297225,3
297225,1
325066,3
325066,1
338678,3
338678,1
362333,3
362333,1
362301,3
362301,1
362298,3
362298,1
362475,3
362475,1
362473,3
362473,1
525614,3
525614,1
525566,3
525566,1
241573,3
241573,1
310420,3
310420,1
226814,3
226814,1
227194,3
227194,1
362318,3
362318,1
362317,3
362317,1
362319,3
362319,1
362265,3
362265,1
362268,3
362268,1
315670,3
315670,1
325073,3
325073,1
362264,3
362264,1
352911,3
352911,1
334463,3
334463,1
352913,3
352913,1
306844,3
306844,1
525917,3
525917,1
334465,3
334465,1
242728,3
242728,1
362311,3
362311,1
362312,3
362312,1
362313,3
362313,1
525531,3
525531,1
362296,3
362296,1
362295,3
362295,1
362294,3
362294,1
362293,3
362293,1
286006,3
286006,1
362273,3
362273,1
351288,3
351288,1
353705,3
353705,1
344629,3
344629,1
236375,3
236375,1
302940,3
302940,1
197915,3
197915,1
197943,3
197943,1
310141,3
310141,1
197919,3
197919,1
302942,3
302942,1
298640,3
298640,1
362257,3
362257,1
362343,3
362343,1
361857,3
361857,1
362346,3
362346,1
362342,3
362342,1
362347,3
362347,1
310443,3
310443,1
362262,3
362262,1
362261,3
362261,1
363356,3
363356,1
362341,3
362341,1
362340,3
362340,1
362337,3
362337,1
202027,3
202027,1
202025,3
202025,1
520394,3
520394,1
524793,3
524793,1
199681,3
199681,1
211942,3
211942,1
524792,3
524792,1
524808,3
524808,1
525139,3
525139,1
525265,3
525265,1
367815,3
367815,1
156433,3
526675,3
206616,3
248450,3
206619,3
133111,3
133111,1
344138,3
344138,1
55173,3
55173,1
80135,3
80135,1
44937,3
44937,1
206519,3
206520,3
157369,3
90822,3
105534,3
105534,1
259166,3
259166,1
517190,3
378119,3
378119,1
343227,1
343227,3
71018,3
287907,3
287907,1
236719,3
236719,1
329575,1
329575,3
319071,3
319071,1
345569,3
278248,3
270426,3
270426,1
347316,3
347316,1
325164,3
329595,3
329595,1
534038,3
534038,1
251801,1
251801,3
522830,3
251803,3
345570,3
345570,1
236718,3
236718,1
346581,3
346581,1
287914,3
287914,1
371583,3
371583,1
306727,3
306727,1
302125,3
302125,1
346582,1
346582,3
251806,1
251806,3
522813,3
522813,1
346583,1
346583,3
329584,1
329584,3
346584,3
346584,1
522817,3
522817,1
329591,1
329591,3
522805,3
522805,1
329585,1
329585,3
251809,1
251809,3
522818,3
329228,1
329228,3
329608,1
329608,3
517159,3
517159,1
329609,3
329609,1
378969,3
378969,1
329599,1
329599,3
251804,1
251804,3
354045,3
354046,3
354046,1
273493,3
273493,1
297297,3
297297,1
354058,1
354058,3
354059,1
354059,3
309231,1
309231,3
218349,3
218349,1
518121,3
354103,1
354103,3
251808,1
251808,3
246868,1
246868,3
106088,3
106088,1
246853,1
246853,3
241699,1
241699,3
241702,1
241702,3
241703,3
106090,3
106090,1
241704,1
241704,3
241705,1
241705,3
246863,1
246863,3
361040,1
361040,3
241706,3
106092,1
106092,3
210490,3
210490,1
241707,3
241707,1
246859,1
246859,3
246864,3
246864,1
241710,3
241710,1
275170,3
275170,1
241701,3
241701,1
207112,1
207112,3
329598,1
329598,3
329592,3
329592,1
207116,1
207116,3
219165,3
219165,1
157404,3
157404,1
157405,3
157405,1
383264,3
383264,1
210495,3
210495,1
210489,3
210489,1
207136,3
207136,1
207137,3
207137,1
522006,3
517173,3
518089,3
346586,3
346586,1
346587,3
346587,1
251815,3
251815,1
371986,1
371986,3
217771,3
217771,1
346591,1
346591,3
251814,3
251814,1
307212,1
307212,3
306745,3
306745,1
217770,3
217770,1
157406,3
157406,1
207141,3
207141,1
119108,3
119108,2
121158,1
121158,2
121158,3
52915,3
52915,2
3055,3
3055,2
300994,3
300994,2
28782,3
20782,1
176857,1
176857,3
295470,3
295470,1
290938,3
290938,1
290928,3
290928,1
290933,3
290933,1
290935,3
290935,1
290930,3
290930,1
290931,3
290931,1
290936,3
290936,1
290934,3
290934,1
295280,3
295280,1
295073,3
295073,1
295074,3
295074,1
295072,3
295072,1
295276,3
295276,1
295277,3
295277,1
290939,3
290939,1
349565,1
342006,1
298137,3
298137,1
295273,3
295273,1
295079,3
295079,1
295078,3
295078,1
295070,3
295070,1
295062,3
295062,1
295066,3
295066,1
295068,3
295068,1
295063,3
295063,1
295064,3
295064,1
295069,3
295069,1
295067,3
295067,1
295075,3
295075,1
295076,3
295076,1
295071,3
295071,1
299492,1
344159,1
106096,1
370796,1
238381,1
371879,1
348385,1
208968,1
209062,1
209068,1
157515,1
174782,1
209074,1
209106,1
209104,1
142250,3
109388,1
210112,3
210112,1
105499,3
105499,1
210411,1
210411,3
210412,3
210412,1
3722,1
3722,3
157604,3
163712,1
163712,3
181608,1
181608,3
285698,3
285698,1
157618,3
157618,1
140062,3
140062,1
178973,3
143418,3
285482,3
122757,3
363373,3
376201,3
217806,3
229721,3
217788,3
217789,3
208651,3
172430,3
143697,3
178969,3
252359,3
252359,1
299709,3
142134,3
143691,3
143195,3
143323,3
143196,3
143818,3
126283,3
178976,3
176742,3
176737,3
135154,3
123903,3
143268,3
305311,3
156112,3
359207,3
285495,3
313340,3
337202,3
178986,3
143271,3
160820,3
233401,3
199007,3
374699,3
374699,1
160815,3
147376,3
124022,3
123623,3
178962,3
313336,3
176734,3
176735,3
147312,3
123260,3
123260,1
135199,3
135199,1
371082,3
157332,3
157338,3
220560,3
135135,3
299017,3
214407,3
147371,3
155804,3
155404,3
221547,3
122786,3
122616,3
257221,3
175566,3
122619,3
122719,3
150906,3
122514,3
122514,1
229725,3
122872,3
229729,3
211486,3
211486,1
157692,3
295461,3
119347,3
194680,3
194684,3
212550,3
212550,2
138136,3
138136,1
138134,3
138134,1
360994,1
247699,3
247699,1
360311,1
73965,3
73965,1
250370,3
250370,1
518907,3
518907,1
519891,3
519891,1
213334,3
213334,1
44177,3
44177,1
71766,3
71766,1
380630,3
90825,3
89639,3
94635,3
138200,3
282208,3
70009,3
238359,1
25953,1
153666,1
139227,1
280957,1
60836,1
82456,1
281486,1
105511,3
105511,1
214514,1
214515,1
82742,3
82742,1
214516,1
60968,1
280981,1
269782,3
269782,1
240058,3
376990,3
376991,3
376989,3
376992,3
264550,3
239160,3
212131,3
141809,3
142726,3
351242,3
353834,3
353833,3
353832,3
385781,3
133329,3
353863,3
353821,3
353822,3
353823,3
353824,3
353842,3
353843,3
353838,3
353839,3
362480,3
353852,3
133327,3
163396,3
323048,3
353848,3
294465,3
353865,3
353853,3
353855,3
353856,3
355787,3
355786,3
353831,3
353849,3
355789,3
142734,3
142733,3
529104,3
353840,3
237456,3
142725,3
353860,3
282033,3
365286,3
353858,3
142746,3
351169,3
329917,3
353861,3
354173,3
132450,3
350254,3
287471,3
133323,3
235171,3
353857,3
355788,3
343431,3
174979,3
30720,3
353864,3
142763,3
141807,3
163393,3
141806,3
353836,3
122437,3
353828,3
142773,3
525723,3
353948,3
353829,3
311509,3
354177,3
142779,3
163402,3
158205,3
105565,3
293239,3
293236,3
293236,1
199931,3
199931,1
518185,3
518185,1
112426,3
112426,1
297286,3
297286,1
158213,3
105568,3
378140,3
173930,3
119336,3
139319,3
173948,3
173947,3
293191,3
388146,3
301559,3
387334,3
516567,3
517782,3
307216,3
378137,3
378142,3
378136,3
119342,3
293192,3
361002,3
500531,3
302126,3
378134,3
521605,3
293194,3
500543,3
173936,3
173946,3
378984,3
378984,1
388253,3
388253,1
194078,3
194078,1
388254,3
388254,1
158218,3
158218,1
199782,3
199782,1
199801,3
199801,1
199915,3
199915,1
237223,3
237223,1
279953,3
279953,1
199873,1
199873,3
327174,3
327174,1
199875,3
199875,1
310560,3
310560,1
199876,3
199876,1
380389,3
380389,1
199854,3
199854,1
199910,3
199910,1
364573,3
364573,1
246060,3
246060,1
310559,3
310559,1
199886,3
199886,1
199887,3
199887,1
199895,3
199895,1
139350,3
139350,1
199868,3
199868,1
139378,3
139378,1
246049,3
246049,1
286298,1
286298,3
364548,3
364548,1
246050,3
246050,1
203333,3
203333,1
199853,3
199853,1
199862,3
199862,1
199918,3
199918,1
106106,3
106106,1
304068,3
304068,1
265848,3
320734,3
320734,1
199837,3
349227,3
124421,1
133280,1
133280,3
337867,3
337867,1
311806,3
311806,1
258689,3
258689,1
203334,3
203334,1
233043,3
233043,1
311754,3
370632,3
370632,1
199730,3
199730,1
251828,1
506748,3
364570,3
199819,3
199819,1
112370,1
112370,3
112371,1
112371,3
133284,3
133284,1
199812,3
199812,1
265849,1
265849,3
251824,3
251824,1
199811,3
199811,1
139317,3
139317,1
311758,3
311758,1
337904,3
337904,1
139318,3
139318,1
318439,1
318439,3
310557,1
310557,3
199860,3
199860,1
297119,3
297119,1
199839,3
199839,1
139349,3
139349,1
337894,3
133285,3
346141,3
199733,3
199733,1
199773,3
199773,1
199774,3
199774,1
387294,3
337878,3
337878,1
311807,3
311807,1
307217,3
307217,1
337912,3
337912,1
251825,1
251825,3
337880,1
337880,3
301818,3
301818,1
199823,3
199823,1
330675,3
330675,1
265855,3
265855,1
337890,1
337890,3
347163,3
347163,1
199834,3
199834,1
252187,3
252187,1
199883,3
199883,1
520203,3
517177,3
517177,1
251835,3
199903,1
199903,3
112373,3
112373,1
267553,3
267553,1
310558,1
310558,3
388706,3
124424,3
124424,1
265853,3
265853,1
265851,1
265851,3
364549,3
364549,1
133288,1
133288,3
311794,3
337893,3
337893,1
246034,3
105584,3
72392,1
158243,3
158243,1
121513,2
158240,3
158240,1
119184,1
119194,1
103211,3
180350,3
170165,3
173181,3
328264,3
344411,3
353393,3
42417,3
293216,3
165835,3
282380,3
282382,3
306459,3
300464,3
327387,3
234457,3
173211,3
317641,3
302856,3
320649,3
320672,3
57110,3
173251,3
286395,3
271073,3
249104,3
376631,3
372394,3
197449,3
177686,3
198347,3
338038,3
385613,3
383286,3
216939,3
351579,3
58097,3
327685,3
62200,3
238015,3
290580,3
230672,3
121477,3
180927,3
248700,3
372410,3
372406,3
345425,3
167347,3
192096,3
146132,3
350950,3
352660,3
352662,3
352671,3
352674,3
327273,3
184671,3
307078,3
331220,3
353523,3
298716,3
59748,3
48350,3
249103,3
94897,3
134654,3
213089,3
372420,3
514203,3
77084,3
239039,3
109314,3
350873,3
337651,3
271087,3
306767,3
248790,3
229267,3
504876,3
352978,3
143510,3
170170,3
308032,3
65181,3
72627,3
173443,3
310326,3
248734,3
243512,3
248735,3
360370,3
331211,3
309299,3
250816,3
306535,3
344410,3
58707,3
365009,3
349584,3
349575,3
366101,3
372439,3
78663,3
375279,3
360360,3
523911,3
183092,3
143260,3
50875,3
85704,3
290581,3
345427,3
173520,3
248738,3
269361,3
136691,3
178229,3
293217,3
241159,3
338043,3
67744,3
255376,3
234128,3
306441,3
173581,3
170174,3
368345,3
253430,3
372453,3
307639,3
333804,3
234213,3
197486,3
275878,3
213116,3
353659,3
104188,3
207790,3
325092,3
173632,3
79193,3
173646,3
317643,3
342453,3
317644,3
342447,3
52228,3
80212,3
345432,3
241929,3
233085,3
173665,3
43496,3
43497,3
309407,3
94984,3
241485,3
190681,3
297245,3
170175,3
253431,3
372466,3
56240,3
44906,3
263317,3
96897,3
325093,3
184661,3
315726,3
248757,3
116445,3
369039,3
352979,3
273375,3
47748,3
114204,3
62628,3
104132,3
209192,3
274820,3
345575,3
173792,3
271354,3
209193,3
127396,3
372494,3
76337,3
241928,3
353787,3
70521,3
197497,3
173834,3
158048,3
84042,3
43686,3
352782,3
208248,3
338053,3
68772,3
226987,3
309435,3
152615,3
368348,3
317092,3
317093,3
208249,3
173994,3
233734,3
197504,3
289126,3
99455,3
369047,3
338059,3
360890,3
370876,3
344175,3
99606,3
231305,3
56242,3
170180,3
379027,3
307080,3
65564,3
281785,3
309492,3
113833,3
360899,3
327261,3
177502,3
282401,3
372411,3
372407,3
167348,3
317702,3
177894,3
374214,3
255615,3
317712,3
370119,3
367712,3
374212,3
101753,3
352682,3
335803,3
308905,3
342459,3
306600,3
335124,3
176784,3
310327,3
365008,3
350617,3
350618,3
365002,3
504401,3
503787,3
258279,3
239696,3
254479,3
320650,3
320673,3
94183,3
367710,3
344174,3
61336,3
181404,3
20718,3
524193,3
128885,3
130555,3
42495,3
5355,3
5355,1
142927,1
303162,3
303162,1
303164,3
303164,1
246937,3
246937,1
342102,3
342102,1
307220,3
119325,3
119325,1
107428,3
107428,1
534869,3
534869,1
343709,3
343709,1
343703,3
199438,3
199438,1
307222,3
307222,1
342106,3
342106,1
246943,3
246943,1
241838,3
241838,1
343705,3
343705,1
139299,3
139299,1
328308,3
328308,1
199442,3
199442,1
142929,3
142929,1
303168,3
303168,1
142930,3
142930,1
107442,3
107442,1
198020,3
198020,1
303174,3
303174,1
107446,1
246951,3
246951,1
219223,3
219223,1
296470,3
296470,1
343715,3
343715,1
219151,3
219151,1
246952,3
246952,1
342105,3
342105,1
246954,3
246954,1
370630,3
370630,1
307223,3
307223,1
246724,3
246724,1
241840,3
241840,1
245986,3
245986,1
370628,3
370628,1
163929,3
158355,3
158355,1
177563,3
177563,1
101304,3
25789,1
325172,1
59104,1
74520,3
140524,1
5399,3
311053,3
194176,3
194176,1
115985,3
31239,3
105276,3
85047,3
105280,3
111293,3
97096,3
73993,3
59408,3
59408,1
102025,3
102025,1
44655,3
243818,1
243818,3
368676,1
352710,1
367721,1
367722,1
317645,1
202008,1
202008,3
338949,3
338949,1
380422,3
380422,1
380424,3
380424,1
326825,3
326825,1
276168,3
276168,1
230598,3
230598,1
230600,3
230600,1
214393,3
214393,1
175111,3
175111,1
229778,3
229778,1
298599,3
298599,1
298600,3
298600,1
335305,3
335305,1
360314,3
360314,1
310472,3
310472,1
193296,3
193296,1
230599,3
230599,1
327162,3
327162,1
529203,3
529203,1
230601,3
230601,1
511934,3
511934,1
196425,3
196425,1
248972,3
248972,1
511937,3
511937,1
169362,3
169362,1
202629,3
202629,1
249818,3
249818,1
249797,3
249797,1
359108,3
359108,1
359109,3
359109,1
310845,3
310845,1
500209,3
500209,1
31753,3
31753,1
5758,3
5758,1
228300,3
228300,1
376603,3
376603,1
111393,3
111393,1
117081,3
117081,1
536850,3
536850,1
537075,3
537075,1
537064,3
537064,1
536876,3
536870,3
536922,3
537014,3
537014,1
536908,3
536908,1
537012,3
537012,1
105507,1
5889,1
347718,3
61139,3
25370,1
264307,1
6342,3
6342,1
6342,2
121217,3
121217,1
121217,2
89957,3
89957,1
158639,3
158639,1
158655,3
158655,1
73475,3
73475,1
23105,1
360480,1
240038,1
337625,1
334717,1
335807,1
363866,1
360772,1
111052,1
237434,1
244098,1
351299,1
217905,1
288841,1
169158,1
332704,1
522608,3
522608,2
187703,1
217472,1
207329,1
207321,1
207326,1
217486,1
217484,1
264308,1
137431,1
207328,1
217544,1
308653,1
217489,1
358817,1
137432,1
173046,1
207784,1
201476,1
308923,1
311058,1
217478,1
103185,3
103185,1
158765,3
158765,1
48585,1
158770,3
158770,1
57197,3
57197,1
61927,3
61927,1
523195,3
523195,1
320008,1
245119,1
523159,3
523159,1
81109,3
81109,1
81109,2
158799,3
158799,1
361935,1
199743,3
199743,1
378128,3
378128,1
241685,3
241685,1
378130,3
378130,1
246768,3
320207,3
304271,3
304271,1
367741,3
367742,3
367743,3
320209,3
320209,1
320210,3
320210,1
351300,3
285801,3
54426,1
115674,3
114275,1
303181,1
7431,3
7431,1
207641,3
125006,3
125006,1
523203,3
63025,3
235102,3
71504,3
121177,3
263313,3
234124,3
105478,3
105478,1
158926,3
158926,1
158928,3
158928,1
294467,3
294467,1
7700,3
7700,1
238316,3
238316,1
288861,3
288861,1
23110,3
125485,3
125485,1
7875,3
7875,1
96913,3
96913,1
114258,1
27631,1
51285,1
344342,1
353886,3
504945,3
354584,3
158994,3
218098,3
142818,3
121180,1
246291,1
200062,3
200062,1
139825,1
121944,1
386820,3
387964,3
159145,1
529135,3
503554,3
502735,3
529223,3
502809,3
501580,3
105515,3
346297,3
529254,3
346194,3
346194,1
346192,3
249756,3
529253,3
346197,3
346197,1
277035,3
165512,3
523298,3
165520,3
346299,3
238099,3
529106,3
529029,3
357477,3
346304,3
346201,3
346201,1
165511,3
529034,3
529109,3
528971,3
528992,3
237682,3
197739,3
346309,3
294430,3
529056,3
173112,3
338913,3
346263,3
346263,1
528988,3
529041,3
529068,3
529003,3
528999,3
346220,3
528937,3
346882,3
346325,3
346264,3
346292,3
528977,3
346290,3
529077,3
371573,3
371573,1
347376,3
346213,3
346277,3
346281,3
346282,3
346282,1
346268,3
338239,3
168546,3
528976,3
165527,3
141812,3
346326,3
118725,3
528978,3
528996,3
139234,3
214849,3
304299,3
529146,3
529093,3
529142,3
529124,3
529217,3
529175,3
529164,3
529085,3
529204,3
529040,3
529170,3
371185,3
371185,1
529199,3
529166,3
529230,3
529230,1
346307,3
173129,3
173107,3
69164,3
69164,1
327896,3
286096,3
334678,3
334678,1
116608,3
85851,3
85851,1
344833,1
277899,1
277900,1
159259,1
65383,3
65383,1
44830,3
525839,3
525839,1
318564,3
318564,1
318562,3
318562,1
67753,3
301614,3
301613,3
301617,3
159351,2
500426,3
343786,3
339287,3
339071,3
43771,3
261464,3
237999,3
339103,3
149101,3
308024,3
285755,3
336665,3
242269,3
9153,3
118860,3
261526,3
110933,3
95402,3
372136,3
176787,3
285660,3
285660,1
215761,3
106149,3
9185,3
9185,1
367422,3
319825,3
319825,1
290849,3
294978,3
294978,1
504951,3
299217,1
297740,1
298417,3
298417,1
504948,3
306263,1
291804,3
239055,3
292811,3
169853,3
103542,3
291803,3
291803,1
114278,3
515222,3
215375,3
378504,3
109285,3
264240,1
250266,3
250266,1
523468,2
159461,1
106150,1
517170,3
184468,3
184475,3
305352,3
119355,3
143345,3
119356,3
264482,3
125895,3
119357,3
112409,3
142968,3
171652,3
208404,3
363310,3
119360,3
297270,3
297273,3
119362,3
313432,3
172527,3
264478,3
142971,3
112416,3
142972,3
112417,3
297272,3
119367,3
363325,3
319168,3
517368,3
208400,3
184471,3
309700,3
119371,3
208408,3
353391,3
350042,3
142973,3
363314,3
297274,3
297275,3
297276,3
119374,3
147875,3
142975,3
363330,3
184466,3
309312,3
184467,3
208409,3
319166,3
139326,3
149749,3
172532,3
143346,3
521488,3
349041,3
521561,3
159494,3
532471,3
159495,3
258236,3
321536,3
298933,3
341739,3
341740,3
224052,3
95493,3
507744,3
257610,3
352985,3
507887,3
257600,1
259151,3
217177,3
251698,1
290774,1
199191,1
507746,3
507757,3
189331,1
507747,3
507765,3
507748,3
507768,3
103537,3
208008,3
119305,3
176041,3
523295,3
507888,3
507766,3
293741,1
333182,3
329043,3
133196,3
507749,3
236746,3
199192,1
507759,3
233254,1
208222,1
178135,1
290773,1
248963,3
507770,3
507750,3
328833,1
279880,1
175709,3
322346,1
339189,1
507751,3
237846,1
165030,3
507771,3
279884,1
291406,1
194298,3
257611,3
166279,3
507758,3
322343,1
104805,3
178575,3
329404,1
339240,1
329406,1
339242,1
329405,1
339241,1
210022,3
204121,3
204121,1
507760,3
507761,3
507752,3
166288,3
507753,3
507767,3
507762,3
507754,3
505457,3
329410,3
367424,3
507755,3
45868,3
376678,3
174732,3
507756,3
210023,3
166282,3
166280,3
210027,3
133357,1
507763,3
174734,3
221379,3
241835,3
199190,3
221382,3
137344,1
178158,1
517110,3
215433,1
339191,3
176029,3
178162,3
221385,1
217197,3
208221,1
237669,3
329375,1
165456,1
341449,3
316153,1
335181,3
119291,3
9861,3
9861,1
113962,3
113962,1
81095,3
324103,3
324103,1
523856,3
346151,3
346152,3
523857,3
507792,3
346150,3
249750,3
249750,1
329134,3
329134,1
10091,3
10091,2
178087,3
344081,1
153776,1
336017,1
283434,1
75859,1
310926,1
280949,1
252018,1
280587,1
274703,1
336018,1
114782,1
379110,1
235508,2
235509,2
10383,2
191740,3
250480,3
156937,3
156937,1
176048,3
345806,3
176128,3
176128,1
142728,3
310833,3
310833,1
290639,3
269421,3
351331,3
286014,3
319578,3
319578,1
310810,3
319642,3
351330,3
310913,3
310809,3
306863,3
306863,1
311039,3
272148,3
285663,3
285663,1
137386,1
176790,3
176791,1
159635,3
10550,3
143417,3
200040,3
200041,3
522423,1
105572,1
102972,1
280588,1
103489,1
159637,1
105481,3
121315,3
265866,3
246839,3
218054,3
163183,3
218055,3
218056,3
122203,3
265863,3
221568,3
112502,3
246829,3
112503,3
112503,1
291501,3
122204,3
265864,3
163167,3
122209,3
221555,3
218058,3
163170,3
163169,3
133273,3
112505,3
122205,3
265860,3
293343,3
265861,3
112507,3
265856,3
139385,3
163171,3
133278,3
221567,3
112508,3
246834,3
246836,3
139386,3
246838,3
199928,3
199927,3
219179,3
112510,3
122213,3
291094,3
252600,3
148582,3
148585,3
43377,3
43377,1
77703,3
77703,1
136891,3
140124,3
159787,1
327991,1
327992,1
343231,3
25310,3
25310,2
25310,1
279600,3
279600,1
235689,3
235689,1
119886,2
119886,3
11145,3
11145,2
64380,3
64380,2
159867,3
159867,2
156418,3
11264,3
158000,3
158000,1
85994,3
87569,3
106188,3
213880,3
178481,1
245308,3
341692,3
341692,1
52052,3
52052,1
61328,3
61328,1
56048,1
224308,3
224308,1
45311,3
45311,1
81551,3
81551,1
49079,3
49079,1
101800,3
101800,1
54718,3
54718,1
286200,3
286200,1
224373,3
224373,1
287394,3
287394,1
212229,1
363873,3
363873,1
388647,3
388647,1
360396,3
360396,1
310768,3
310768,1
515098,3
515098,1
515099,3
515099,1
516691,3
236868,3
236868,1
505369,3
505369,1
301080,3
301080,1
301081,3
301081,1
337973,3
386927,3
386927,1
349936,3
349936,1
386928,3
386928,1
189963,3
189963,1
189964,3
189964,1
276572,3
276572,1
256961,3
256961,1
505373,3
505373,1
505372,3
505372,1
505365,3
505365,1
505366,3
505366,1
505368,3
505368,1
505374,3
505374,1
363876,3
363876,1
505371,3
505371,1
308120,3
308120,1
284088,3
284088,1
284087,3
284087,1
284961,3
284961,1
284090,3
284090,1
363874,3
363874,1
514433,3
514433,1
505367,3
505367,1
237850,3
365324,3
365324,1
296755,3
296755,1
383168,3
360318,3
360318,1
236866,3
236866,1
388418,3
388418,1
361938,3
361938,1
388669,3
179206,3
179206,1
299947,3
299947,1
179208,3
179208,1
323956,3
323956,1
272149,3
272149,1
299948,3
299948,1
253761,3
253761,1
388628,3
388628,1
269956,3
269956,1
388657,3
515095,3
515095,1
388655,3
388655,1
310767,3
310767,1
388642,3
388642,1
376144,3
376144,1
199677,3
199677,1
365325,3
365325,1
361937,3
361937,1
388646,3
388668,3
388668,1
334470,3
336817,3
336817,1
367595,3
367595,1
367596,3
367596,1
385315,3
385315,1
175831,3
175831,1
52667,3
52667,1
68006,3
68006,1
187710,3
184689,3
353013,3
353013,1
342675,3
342675,1
525756,3
41818,3
41818,1
181778,1
136481,3
136481,1
75069,1
202604,3
250133,3
280845,3
207780,3
202878,3
190181,3
106195,1
106194,1
139239,3
138145,1
287476,3
280968,1
379067,3
205117,3
165529,1
165528,1
240048,1
350965,3
212138,3
136295,3
11676,1
320009,1
228585,3
228585,1
315702,3
315702,1
308678,3
308678,1
510434,3
510434,1
308679,3
308679,1
251699,3
251699,1
515276,3
515276,1
515277,3
515277,1
515278,3
515278,1
195476,3
195476,1
319601,3
319601,1
191855,3
191855,1
331043,3
331043,1
146896,3
146896,1
221137,3
221137,1
290956,3
229935,3
229935,1
146774,3
270667,3
163321,3
163321,1
319600,3
319600,1
371811,3
371811,1
298638,3
298638,1
271319,3
271319,1
169433,3
169433,1
510600,3
510600,1
239273,3
239273,1
306563,3
306563,1
306564,3
306564,1
317688,3
317688,1
200866,3
121945,3
121945,1
134514,3
347518,1
522631,1
156644,1
519032,1
520104,1
380388,1
65666,1
63210,1
237823,3
237823,1
296478,1
49065,1
344261,1
160228,1
296476,3
296476,1
296477,1
124067,3
124067,1
385786,1
371880,1
344263,1
217461,1
58799,3
58799,1
270132,3
270132,1
334834,3
334834,1
529256,3
529256,1
282482,3
282482,1
320065,3
320065,1
294448,3
294448,1
217532,3
217532,1
217542,3
217542,1
136483,3
136483,1
202757,3
202757,1
165167,3
165167,1
218231,3
218231,1
334835,3
334835,1
217533,3
217533,1
126201,3
126201,1
24473,3
293182,3
173852,3
139331,3
173861,3
222128,3
173847,3
362434,3
298135,3
379034,3
112449,3
362461,3
173857,3
120949,1
73968,1
206885,1
247382,1
240712,1
207819,1
105473,3
105473,2
118211,3
319102,3
324565,3
324565,1
310725,1
310735,1
308675,1
525128,3
525128,1
373674,1
156960,3
156960,1
197508,3
197508,1
181611,1
199464,1
199466,1
380212,3
380212,1
163952,1
166804,1
360329,3
360329,1
347833,3
347833,1
525646,3
525646,1
526037,3
526037,1
526052,3
526052,1
386455,3
386455,1
331298,1
370126,3
370126,1
234185,3
234185,1
234184,3
234184,1
315677,3
315677,1
269216,3
269215,3
371987,1
275699,3
275699,1
275702,3
275702,1
288561,3
288561,1
197927,1
303602,3
303602,1
372704,1
198507,3
198507,1
529349,3
529349,1
156965,3
156965,1
290640,3
290640,1
121283,3
121283,1
283473,3
283473,1
339672,3
339672,1
353095,1
500542,3
500542,1
386452,3
386452,1
175717,3
175717,1
191197,3
191197,1
353094,3
353094,1
354862,3
354862,1
353091,3
353091,1
338912,1
356081,3
356081,1
166805,1
372630,1
234562,3
234562,1
361825,3
361825,1
169527,1
121286,1
131546,3
131546,1
147180,3
147180,1
206708,3
206708,1
231177,3
231177,1
310208,3
310208,1
256535,3
256535,1
171574,3
171574,1
171575,3
171575,1
339515,3
339515,1
297542,1
141087,1
231176,3
231176,1
121268,3
121268,1
339517,3
339517,1
356086,3
356086,1
353427,3
353427,1
275695,3
275695,1
300866,1
290861,1
297541,3
297541,1
302933,3
302933,1
121274,1
370120,3
370120,1
526048,3
526048,1
277857,3
277857,1
276583,1
241582,3
241582,1
234560,3
234560,1
525945,3
525945,1
525863,3
525863,1
353803,3
353803,1
525762,1
526471,3
526471,1
195551,1
370112,3
370112,1
370114,3
370114,1
525804,3
525804,1
361932,1
354145,3
354145,1
525753,1
338911,1
335753,1
306871,1
199601,1
525659,3
525659,1
525962,3
525962,1
525402,3
525402,1
354154,3
354154,1
334478,3
334478,1
166779,1
166792,3
166792,1
197507,3
197507,1
197509,1
197511,1
197512,1
525663,3
525663,1
525647,3
525647,1
351346,3
351346,1
525864,3
525864,1
360326,1
367823,3
367823,1
361847,1
317325,3
317325,1
367818,3
367818,1
351249,3
351249,1
351250,3
351250,1
335749,3
335749,1
370176,3
370176,1
368064,3
368064,1
249938,1
361940,3
361940,1
367829,3
367829,1
367827,3
367827,1
351260,3
351260,1
367828,3
367828,1
367830,3
367830,1
521607,3
521607,1
383143,3
383143,1
505498,3
505498,1
371988,3
371988,1
505499,3
505499,1
294481,1
368815,1
294488,1
179218,3
179218,1
195542,3
195542,1
131545,3
131545,1
361800,3
361800,1
371683,3
371683,1
529348,3
529348,1
349988,1
505501,1
367824,3
367824,1
310724,1
310734,1
169991,3
169991,1
372629,1
371239,3
371239,1
521382,3
521382,1
361873,3
361873,1
500647,3
500647,1
263547,1
201270,1
199605,1
276581,1
526472,3
526472,1
525129,3
525129,1
238085,3
238085,1
121281,3
121281,1
121269,3
121269,1
525623,3
525623,1
367821,3
367821,1
367826,3
367826,1
208669,3
208669,1
371594,3
371594,1
281528,1
253622,3
253622,1
238164,3
238164,1
208670,3
208670,1
168864,3
168864,1
352922,3
352922,1
121272,3
121272,1
310218,3
310218,1
253623,3
253623,1
255431,3
255431,1
361501,1
310198,1
302934,3
302934,1
168865,3
168865,1
121275,1
121287,1
141086,1
310211,3
310211,1
367809,3
367809,1
120078,3
120078,1
168866,1
360330,1
310200,3
310200,1
303601,3
303601,1
525792,3
525792,1
386454,3
386454,1
363815,3
363815,1
311965,3
311965,1
367808,3
367808,1
121284,3
121284,1
344641,3
344641,1
361802,1
354142,3
354142,1
264549,1
253057,3
253057,1
351348,3
351348,1
281254,1
198508,3
198508,1
168868,3
168868,1
524789,3
524789,1
525413,3
525413,1
120062,3
120062,1
265700,3
265700,1
273101,3
265703,3
265703,1
277357,1
265698,1
265698,3
120064,3
120064,1
339665,3
339665,1
355373,3
355373,1
371051,3
371051,1
526650,3
526650,1
526637,3
526637,1
526617,3
526617,1
371050,3
371050,1
525142,3
525142,1
525226,3
525226,1
354861,3
354861,1
303710,1
292019,1
292023,1
308672,3
522771,1
522668,1
355040,1
522512,1
314261,1
341308,1
378867,1
378863,1
522477,1
522536,1
522499,1
522397,1
386146,1
386130,1
520037,1
355437,1
520863,1
522497,1
522451,1
522681,1
522370,1
522502,1
522421,1
522667,1
522596,1
522689,1
522658,1
522376,1
168538,1
522719,1
106215,3
112477,3
248675,3
143433,3
328298,3
143398,3
199790,3
112478,3
256664,3
337129,3
337131,3
253403,3
292718,3
292718,1
142617,3
112480,3
295018,3
143426,3
143404,3
143429,3
143395,3
295019,3
143406,3
112646,3
337134,3
143379,3
105457,3
521145,3
521145,1
112360,3
229601,3
112378,3
287310,3
199447,3
199448,3
246016,3
252065,3
148645,3
172392,3
523427,3
112380,3
357804,3
378605,3
112364,1
378606,3
307229,3
119128,3
372351,3
281451,3
304950,3
112365,3
112365,1
253409,3
281449,3
173919,3
112367,3
173908,3
281450,3
139284,3
246318,3
173902,3
347261,3
112383,3
290105,3
148085,3
173915,3
119131,3
521688,3
521688,1
526623,3
184217,3
254807,1
210836,1
202505,1
124162,1
256830,1
248772,1
329031,3
73715,3
73715,1
308230,3
106216,3
165728,3
133362,3
235554,3
235554,1
215900,3
378980,3
199797,3
163112,3
163112,1
307228,3
112452,3
346810,3
148409,3
122305,3
361751,3
122306,3
347230,3
367793,3
133368,3
293256,3
361756,3
133371,3
191771,3
346812,3
133373,3
148405,3
163116,3
149925,3
149925,1
215891,3
112459,3
328575,3
183875,3
348742,3
105456,3
133360,3
378997,3
264567,3
264567,1
13217,3
13217,1
264568,3
264568,1
258685,3
258685,1
42126,3
13220,3
258684,3
258684,1
141902,1
119102,3
119102,2
119102,1
89642,3
89642,1
89642,2
116467,3
245054,3
245054,2
76183,3
76183,1
76183,2
335728,1
60169,1
337183,1
387198,1
387208,3
387208,1
387209,1
159589,3
306895,1
105475,3
105475,1
333819,1
293661,1
94423,2
336548,2
109634,2
14355,2
295629,3
295629,1
105558,3
105558,1
281127,3
139353,3
281123,3
337246,3
345900,3
345900,1
199786,3
112469,3
160833,3
337288,3
281126,3
281125,3
194721,3
281128,3
145061,3
387166,3
387166,1
387166,2
253217,3
253217,1
67257,3
106235,3
106235,1
63006,3
63006,1
253157,3
253157,1
131299,3
131299,1
114213,3
114213,1
181956,3
181956,1
84285,3
84285,1
71850,3
71850,1
45667,2
285229,2
161055,3
161060,2
161061,3
161061,2
276368,1
528883,1
238652,1
281087,1
310654,3
281248,1
523133,1
63081,3
63081,1
114401,3
114401,1
152132,3
152132,1
103772,3
103772,1
193807,3
193807,1
310653,3
75364,3
75364,1
280972,3
142602,1
184613,3
384907,3
384907,1
280971,3
368088,3
368088,1
84963,3
84963,1
156451,1
132273,3
299729,3
299729,1
137436,1
380381,1
68415,1
69612,1
526242,3
526237,3
526159,3
217446,1
217446,3
105523,1
105523,3
77435,3
77435,1
244104,3
244104,1
157229,3
157229,1
119101,3
524922,3
524922,1
234351,3
105479,3
293619,3
307232,3
337813,3
293685,3
529080,3
293689,3
505699,3
293694,3
338594,3
293697,3
374283,3
338561,3
529088,3
366055,3
325191,3
307234,3
366070,3
320836,3
523288,3
344753,3
338562,3
293706,3
348874,3
504768,3
529087,3
293710,3
366073,3
354853,3
334449,3
375119,3
293725,3
338567,3
375116,3
500648,3
293727,3
325195,3
304410,3
293863,3
319038,3
293871,3
293872,3
387279,3
293873,3
344765,3
293874,3
293874,1
293876,3
293878,3
293879,3
529160,3
293883,3
293887,3
347225,3
387281,3
356401,3
293891,3
337984,3
386622,3
529156,3
375115,3
293897,3
529238,3
318420,3
318419,3
293907,3
293906,3
307238,3
294120,3
389149,3
327922,3
319033,3
378656,3
293919,3
375117,3
294125,3
338575,3
293925,3
293927,3
293932,3
338578,3
294130,3
346597,3
293949,3
366082,3
304424,3
366084,3
342452,3
374284,3
342313,3
333090,3
371586,3
293957,3
325203,3
304425,3
366087,3
371129,3
293972,3
529191,3
338582,3
375118,3
304420,3
293978,3
293979,3
293981,3
338583,3
307068,3
366058,3
366094,3
293984,3
293985,3
293989,3
293991,3
338585,3
338250,3
293998,3
294002,3
294003,3
294004,3
294005,3
521088,3
379007,3
294011,3
325207,3
294013,3
294014,3
294015,3
528929,3
338560,3
521853,3
105486,3
302084,3
199199,3
119121,3
119121,1
370552,3
387340,3
112358,3
370562,3
119122,3
216536,3
218222,3
370569,3
302124,3
302124,1
65293,3
66889,3
106242,3
106242,1
517352,3
517370,3
148631,3
384055,3
165337,3
298671,3
133347,3
139335,3
343452,3
301266,3
133348,3
149189,3
333783,3
199781,3
165338,3
133344,3
149812,3
149814,3
278381,3
307248,3
307249,3
318500,3
149202,3
309096,3
133351,3
148735,3
149825,3
149827,3
287322,3
309097,3
148617,3
112464,3
292608,3
229377,3
133352,3
133352,1
199924,3
148731,3
304422,3
112466,3
292610,3
139340,3
133345,3
139344,3
149190,3
505701,3
198017,3
149186,3
199780,3
149854,3
220712,3
139346,3
229642,3
148558,3
149864,3
133346,3
230999,3
337023,3
337023,1
105532,3
105532,1
329081,3
329081,1
161315,3
161315,1
102196,3
102196,1
246183,3
246183,1
105498,3
281230,3
327828,3
264527,3
184206,3
349257,3
184207,3
163145,3
163144,3
264536,3
281233,3
264539,3
163142,3
264540,3
119418,3
161342,3
119111,3
119111,1
300419,3
300419,1
280043,3
280043,1
139256,3
139256,1
371769,3
371769,1
106253,1
106262,3
106262,1
371760,3
371760,1
151629,1
151629,3
105531,3
105531,1
371783,3
371783,1
371784,3
371784,1
369649,3
369649,1
361918,3
361918,1
371806,3
371806,1
139255,3
139255,1
371723,3
371723,1
371725,3
371725,1
371816,3
371816,1
252020,3
252020,1
354166,3
354166,1
351362,3
351362,1
280014,3
280014,1
279995,3
279995,1
279994,3
279994,1
351173,3
351173,1
233316,3
233316,1
232327,3
232327,1
76282,3
76282,1
522876,3
522876,1
77152,3
301508,3
301508,1
275176,3
275176,1
370540,3
370540,1
520185,3
518814,3
325502,3
325502,1
254294,3
254294,1
253609,3
253609,1
254291,3
254291,1
156813,3
85083,1
142254,3
142254,2
142254,1
161634,3
161634,1
309213,3
309213,2
309213,1
161643,3
161643,1
309214,3
309214,2
309214,1
74336,3
142255,3
277392,3
277392,1
277392,2
277889,3
45516,1
247384,3
247384,1
106275,1
85362,1
384065,1
247150,3
247150,1
111104,1
126205,1
49878,3
49878,1
234557,1
64998,1
315852,3
315852,1
113589,3
113589,1
105649,1
105649,3
69964,1
43959,1
375325,3
375325,1
517924,3
517924,1
324898,3
324898,1
176450,3
176450,1
522076,3
522076,1
74292,1
297013,3
297013,1
375326,3
375326,1
375666,3
375666,1
535777,3
535777,1
521772,3
521772,1
216324,3
216324,1
147685,3
147685,1
282486,3
282486,1
62287,3
62287,1
62288,3
62288,1
521249,3
521249,1
369907,3
369907,1
333605,3
333605,1
147725,3
147725,1
357487,3
357487,1
49025,3
49025,1
524701,3
524701,1
60075,3
60075,1
291956,3
291956,1
212053,1
238355,3
533464,3
533464,1
244824,3
244824,1
73084,3
73084,1
239097,3
533389,3
533389,1
189337,3
189337,1
217494,1
344571,3
344571,1
535640,3
535640,1
521828,3
521828,1
521507,3
521507,1
531261,3
531261,1
376645,3
376645,1
51125,3
51125,1
73380,3
73380,1
511846,3
511846,1
511839,3
511839,1
193110,3
521692,3
521692,1
533275,3
533275,1
216329,3
216329,1
207066,3
207066,1
536562,3
536562,1
110866,3
110866,1
247852,1
533346,3
533346,1
71255,3
71255,1
383528,3
383528,1
233314,3
233314,1
85057,3
85057,1
281372,3
281372,1
307797,3
351174,3
351174,1
536799,3
536799,1
67055,1
71734,3
71734,1
369084,3
369084,1
306519,3
306519,1
207076,3
207076,1
240508,3
240508,1
192018,3
525996,3
525996,1
524702,3
524702,1
258073,3
258073,1
517927,3
517927,1
322511,3
322511,1
343132,3
343132,1
525732,3
525732,1
333624,3
333624,1
524703,3
524703,1
524455,1
521787,1
521360,3
521360,1
47361,3
47361,1
349404,3
239099,3
239099,1
241915,3
241915,1
155502,3
155502,1
258079,3
258079,1
533402,3
533402,1
233948,3
233948,1
521279,3
521279,1
333626,3
333626,1
50769,3
50769,1
333820,3
333820,1
72379,3
72379,1
155503,3
155503,1
521179,3
521179,1
157151,3
157151,1
343143,3
343143,1
255408,3
255408,1
521627,3
521627,1
525971,3
525971,1
374961,3
374961,1
517928,3
517928,1
517929,3
517929,1
525763,3
525763,1
322430,3
322430,1
517930,3
517930,1
517931,3
517931,1
253242,3
253242,1
48224,3
48224,1
521834,3
521834,1
534140,3
534140,1
524464,1
86347,3
86347,1
84892,3
84892,1
154791,3
154791,1
372646,3
372646,1
517133,3
517133,1
322432,3
322432,1
517932,3
517932,1
241916,3
241916,1
55271,3
55271,1
314456,3
314456,1
239102,3
157118,3
157118,1
317135,3
317135,1
533449,3
533449,1
517933,3
517933,1
333635,3
333635,1
277588,3
277588,1
535793,3
535793,1
73381,3
73381,1
155524,3
155524,1
271716,3
271716,1
217452,3
217452,1
216328,3
216328,1
359915,3
359915,1
536311,3
536311,1
500228,3
500228,1
155525,3
155525,1
54291,3
54291,1
502185,3
502185,1
67057,1
93729,1
524704,1
59690,3
59690,1
86601,3
86601,1
536800,3
536800,1
536066,3
536066,1
335631,3
335631,1
221882,3
221882,1
119319,3
119319,1
521322,3
521322,1
154265,3
154265,1
292846,3
292846,1
525739,3
525739,1
322525,3
322525,1
524549,3
524549,1
151525,3
151525,1
98794,1
258101,3
258101,1
521531,3
521531,1
207124,3
207124,1
519083,3
519083,1
277820,3
277820,1
343134,3
343134,1
333654,3
333654,1
376904,3
376904,1
375334,3
375334,1
524705,1
193703,1
521386,3
521386,1
50344,3
50344,1
66781,3
66781,1
524706,3
524706,1
535977,3
535977,1
525743,3
525743,1
521632,3
521632,1
334909,3
334909,1
535727,3
535727,1
343137,3
343137,1
517935,3
517935,1
343740,3
343740,1
358264,3
358264,1
225764,3
225764,1
525871,3
525871,1
119321,3
119321,1
322533,3
322533,1
525807,3
525807,1
525700,3
525700,1
52350,3
52350,1
306522,1
308023,1
517936,3
517936,1
381497,3
381497,1
280529,3
280529,1
536000,3
536000,1
517937,3
517937,1
271725,3
271725,1
517938,3
517938,1
243068,3
243068,1
511825,3
511825,1
501161,3
501161,1
289546,3
289546,1
46926,3
46926,1
155509,3
155509,1
535804,3
535804,1
500948,3
500948,1
517939,3
517939,1
533764,3
533764,1
524708,3
524708,1
69766,3
69766,1
280531,3
533290,3
533290,1
368752,3
368752,1
147729,3
147729,1
258131,3
258131,1
157149,3
157149,1
521146,3
521146,1
80133,3
80133,1
533739,3
533739,1
358266,3
363354,3
363354,1
62092,3
62092,1
258133,3
258133,1
521509,1
533451,3
533451,1
521774,1
535634,3
535634,1
343152,3
343152,1
524709,3
524709,1
517941,3
517941,1
353383,3
353383,1
536305,3
536305,1
321670,3
321670,1
66184,1
322549,3
322549,1
207133,1
75122,3
75122,1
333687,3
333687,1
67611,3
67611,1
535805,3
535805,1
371044,3
371044,1
296895,3
296895,1
517942,3
517942,1
535503,3
535503,1
521425,3
521425,1
524710,3
524710,1
535715,3
535715,1
517943,3
517943,1
226630,1
536345,3
536345,1
194310,3
194310,1
287405,1
517944,3
517944,1
241923,3
241923,1
536243,3
536243,1
280533,3
280533,1
524546,1
345439,3
345439,1
270630,3
270630,1
521701,3
521701,1
85621,3
85621,1
511745,3
511745,1
521324,3
521324,1
360347,3
360347,1
534650,3
534650,1
502342,3
502342,1
182921,3
182921,1
322575,3
322575,1
212143,3
212143,1
535747,3
535747,1
258174,3
258174,1
384071,3
384071,1
64967,3
64967,1
155515,3
155515,1
322580,3
534703,3
534703,1
536819,3
536819,1
76686,1
347531,3
347531,1
511620,3
511620,1
333698,3
333698,1
535631,3
535631,1
521805,3
521805,1
282496,3
282496,1
536705,3
536705,1
536112,3
536112,1
322585,3
322585,1
524711,3
524711,1
343138,3
343138,1
525964,3
525964,1
240706,3
240706,1
194312,3
194312,1
258181,3
258181,1
216326,3
216326,1
258182,3
258182,1
524712,3
524712,1
534724,3
534724,1
258186,1
258188,1
353004,3
353004,1
353005,3
353005,1
128978,1
278090,3
278090,1
524713,3
524713,1
375338,3
375338,1
155531,3
155531,1
58340,1
207135,3
207135,1
351552,3
351552,1
353382,3
353382,1
205812,3
205812,1
87602,3
87602,1
536698,3
536698,1
383545,3
383545,1
526077,1
533950,3
533950,1
359918,1
192014,1
360348,3
360348,1
536226,3
536226,1
278134,3
63800,3
63800,1
535520,3
535520,1
368094,3
368094,1
155533,3
155533,1
322553,3
322553,1
536551,3
536551,1
68396,1
537201,3
537201,1
276377,3
276377,1
205794,1
525168,1
95307,3
95307,1
220672,1
521195,3
521195,1
157113,3
157113,1
278196,1
521527,3
521527,1
314029,3
314029,1
521229,3
521229,1
524714,3
524714,1
333718,3
333718,1
219428,3
219428,1
322562,1
249911,3
249911,1
517947,3
517947,1
182973,3
182973,1
238916,3
238916,1
521449,3
521449,1
154272,3
154272,1
322567,3
322567,1
72247,1
258209,3
258209,1
535553,3
535553,1
119318,3
119318,1
81176,3
81176,1
67041,3
67041,1
69533,3
69533,1
207087,1
521200,3
521200,1
517948,3
517948,1
367935,3
367935,1
299266,1
263344,1
535513,3
535513,1
517949,3
517949,1
521397,3
521397,1
517950,3
517950,1
221880,3
221880,1
74772,3
74772,1
82965,3
82965,1
258214,3
258214,1
528764,3
528764,1
87065,3
87065,1
271727,3
271727,1
333695,3
333695,1
536831,3
536831,1
525720,1
521719,3
521719,1
521452,3
521452,1
287415,3
287415,1
522877,3
522877,1
75314,1
260590,3
260590,1
42238,3
42238,1
18512,3
18512,1
225781,3
225781,1
18513,3
18513,1
299765,1
27255,1
27254,1
24149,1
27257,1
286205,1
27259,1
522878,3
522878,1
522879,3
522879,1
258646,3
258646,1
522881,3
522881,1
100389,1
59272,1
367435,3
367435,1
119107,3
119107,1
102490,3
132272,3
104825,3
155223,3
67250,3
67250,1
119537,3
119538,3
57040,3
57040,1
103894,3
388419,3
248612,3
161805,3
161805,1
245470,3
245470,1
105482,3
105482,1
105463,3
105463,1
350058,3
350058,1
107290,3
107290,1
165661,3
165661,1
165662,3
309081,3
309081,1
309073,3
309073,1
107291,3
107291,1
350059,3
350059,1
309074,3
309074,1
107292,3
107292,1
163106,3
163106,1
142924,3
142924,1
107293,3
107293,1
309082,3
309082,1
309090,3
309090,1
309084,3
309092,3
309092,1
309086,3
309086,1
107295,3
107295,1
309088,3
309088,1
309080,3
309080,1
107296,3
107297,3
107297,1
142926,3
142926,1
105462,1
354193,3
82970,1
250087,3
184126,3
19178,3
152135,3
171896,3
355311,3
355311,1
309522,3
309522,1
355325,3
355325,1
330204,3
330204,1
308083,3
308083,1
341957,3
341957,1
250043,3
250043,1
213286,3
213286,1
250040,3
250040,1
500658,3
500658,1
363754,3
363754,1
312902,3
312902,1
355317,3
355317,1
327153,3
327153,1
338910,3
338910,1
213288,3
213288,1
341952,3
341952,1
258225,3
258225,1
201517,3
201517,2
341953,3
341953,1
294819,3
294819,1
355309,3
355309,1
355310,3
355310,1
355323,3
341964,3
341964,1
355316,3
355316,1
500596,3
500596,1
19191,3
500352,3
105543,3
293103,3
379083,3
209818,3
353667,3
120586,3
209820,3
209821,3
293111,3
353669,3
117623,3
293106,3
209824,3
353670,3
307252,3
359458,3
359458,1
199354,3
199317,3
361532,3
361532,1
315868,3
315868,1
195935,3
195935,1
154804,3
154804,1
163322,3
163322,1
187711,3
187711,1
195940,3
195940,1
361798,3
361798,1
353011,3
335743,3
159688,3
199288,1
199291,3
199291,1
199297,3
199297,1
199283,1
199283,3
195927,3
195927,1
353009,3
199289,3
199289,1
199293,3
199293,1
177556,3
199304,3
199304,1
199303,3
199303,1
199305,3
199305,1
195931,3
195931,1
195932,3
195932,1
195933,3
195933,1
318128,3
359358,3
359358,1
359359,3
359359,1
359363,3
359363,1
359364,3
359364,1
359365,3
359365,1
199340,3
199338,3
199348,3
199348,1
359524,3
359526,3
359526,1
371882,3
359451,3
359451,1
199310,3
199310,1
195939,3
195939,1
359405,3
359405,1
379172,3
379172,1
388787,3
388787,1
214850,3
214850,1
359412,3
359412,1
359414,3
359414,1
359415,3
359415,1
359417,3
359417,1
359447,3
359447,1
199349,3
195930,3
195930,1
359445,3
199331,3
199331,1
199329,3
199329,1
359371,3
359371,1
370011,3
370011,1
341874,3
341874,1
359418,3
359420,3
359420,1
359433,3
359434,3
359434,1
355575,3
355575,1
359510,3
359510,1
359441,3
339122,3
355574,3
355574,1
339121,3
359511,3
359511,1
359463,3
359463,1
359440,3
359464,3
155298,3
155298,1
212140,3
212140,1
537168,3
537168,1
524318,3
362007,1
360297,1
507785,1
500504,3
524445,3
334635,3
314616,3
146066,3
345625,3
526313,3
387202,3
387201,3
336410,3
336410,1
185182,3
243389,1
160231,3
213028,3
194879,3
185357,1
185375,1
429,3
109441,3
109441,1
156108,3
156108,1
19847,3
19847,1
53267,3
66378,3
66378,1
156110,3
156110,1
24468,3
24468,1
316236,3
316236,1
372600,3
84696,3
84696,1
163328,3
163328,1
135632,1
315713,3
315713,1
169155,3
169155,1
525674,3
525674,1
127588,1
194282,1
219980,1
388095,1
388102,1
105989,3
185954,3
185954,1
713,3
713,1
185964,1
55707,1
47005,1
293126,1
185967,1
57095,3
183190,3
73923,1
66646,1
525115,1
151746,3
151746,1
767,3
767,1
186038,2
156149,3
41250,3
180449,3
180449,1
233828,3
233828,1
330744,3
330744,1
520096,3
512544,3
222489,3
222489,1
221468,1
227617,3
227617,1
334873,3
334873,1
316847,3
316847,1
63770,3
63770,1
252221,3
252221,1
334878,3
334878,1
316848,3
316848,1
345424,3
345424,1
175895,3
175895,1
334899,3
334899,1
306236,3
306236,1
334901,3
334901,1
334881,3
334881,1
203706,3
203706,1
180452,3
180452,1
334883,3
334883,1
334876,3
334876,1
526003,3
526003,1
61276,3
61276,1
228230,3
228230,1
236699,3
236699,1
341673,1
257844,3
257844,1
175896,3
175896,1
334885,3
500230,3
500230,1
280603,3
280603,1
233969,3
233969,1
196759,3
196759,1
181325,3
181325,1
22424,1
26461,3
26461,1
186089,3
186089,1
46050,3
46050,1
138663,3
138663,1
797,3
797,1
326510,3
326510,1
799,3
799,1
243757,3
243757,1
330667,3
330667,1
334888,3
334888,1
351374,3
351374,1
334890,3
334890,1
334889,3
334889,1
375250,3
375250,1
98702,3
98702,1
367861,3
367861,1
186097,3
186097,1
186098,3
186098,1
186099,3
186104,3
186104,1
300281,3
300281,1
186111,3
186111,1
122425,3
122425,1
334892,3
334892,1
186113,3
186113,1
502002,3
502002,1
186114,3
186114,1
100346,3
100346,1
174945,3
174945,1
807,3
807,1
44015,3
44015,1
147709,3
147709,1
64096,1
186121,3
186121,1
814,3
814,1
334884,3
334884,1
186124,3
186124,1
214930,3
119395,1
119397,3
119397,1
139327,3
337150,1
91617,3
521475,1
521549,1
156520,3
311479,3
517971,1
139357,3
173890,3
275186,1
517749,1
521321,1
521835,1
285290,3
285290,1
186054,3
186054,1
254867,3
254867,1
186129,3
186129,1
186130,1
816,3
816,1
23983,3
23983,1
186138,1
91010,3
91010,1
823,3
823,1
74176,3
74176,1
186144,3
186144,1
85577,3
85577,1
186145,3
186145,1
91645,3
91645,1
353092,1
257216,3
257216,1
533549,3
533549,1
221479,3
221479,1
130421,3
130421,1
186166,3
186166,1
335528,3
335528,1
186174,3
186174,1
186175,3
186175,1
135385,3
135385,1
315908,3
315908,1
61344,1
61344,3
186181,3
186181,1
175129,3
175129,1
220043,3
220043,1
130556,3
130556,1
334853,3
334853,1
334861,3
334861,1
124956,3
124956,1
211681,3
211681,1
289005,3
289005,1
72359,1
375572,3
375572,1
351379,3
351379,1
367811,3
367811,1
186185,3
186185,1
138667,3
138667,1
186189,3
186189,1
334893,3
334893,1
375989,3
375989,1
23386,3
23386,1
835,3
835,1
59974,3
59974,1
254465,3
254465,1
836,3
836,1
838,3
838,1
26479,3
26479,1
186205,3
186205,1
74354,3
74354,1
186209,1
841,3
841,1
141442,3
141442,1
843,3
843,1
334871,3
334871,1
186214,3
186214,1
54471,3
54471,1
26481,3
283811,3
283811,1
845,3
845,1
186217,3
186217,1
846,3
846,1
84710,3
84710,1
26483,3
26483,1
120428,3
120428,1
174947,3
174947,1
849,3
849,1
97189,3
97189,1
111675,3
26486,3
186223,3
186223,1
27614,3
27614,1
106043,3
349961,3
349963,3
139322,3
199772,3
353156,3
199769,3
349979,3
350765,3
165501,3
165498,3
186227,3
186227,1
23193,3
23193,1
86364,3
186236,3
186236,1
186237,3
186237,1
101639,3
101639,1
95440,3
95440,1
334864,3
334864,1
101637,3
101637,1
101638,3
101638,1
108463,3
108463,1
298139,3
298139,1
854,3
854,1
375600,3
375600,1
243756,3
243756,1
359739,3
359739,1
170678,3
170678,1
519090,3
519090,1
520664,3
520664,1
349541,3
106290,3
106290,1
520237,3
520237,1
519174,3
519174,1
351595,3
351595,1
862,3
862,1
316849,3
316849,1
186246,3
186246,1
186248,3
186248,1
47219,3
47219,1
186259,3
186259,1
868,1
186260,3
186260,1
186270,3
186270,1
186083,1
61964,1
367813,1
285402,1
285402,3
512232,3
511302,3
186283,3
186283,1
881,1
186289,3
186289,1
186290,3
186290,1
84523,1
186294,3
884,3
369175,1
163278,1
226604,1
504029,1
372528,3
334188,3
136825,3
199219,3
199219,1
237253,3
237253,1
162493,1
216766,1
301228,1
124134,1
143016,3
143016,1
327899,3
327899,1
184682,3
184682,1
303986,3
186592,3
186592,1
186626,3
186626,1
1075,1
25047,1
255623,1
162388,3
321306,3
78479,3
78479,1
128447,3
186711,3
255609,1
108991,1
67647,1
176705,1
213710,1
91424,3
188193,3
1126,1
51501,3
51501,1
523367,3
26613,3
188196,3
127673,3
195245,3
188348,3
1238,3
96232,3
78860,3
137762,3
53670,3
337945,1
43298,1
179189,1
50437,1
172992,1
169927,1
220537,3
101821,3
109337,3
109337,1
69224,3
69224,2
59535,3
59535,1
171562,3
171562,2
1276,3
1276,2
327488,3
111364,3
111364,2
160104,3
318608,3
318608,2
108456,3
26742,1
26743,1
131108,1
111888,1
47555,1
1344,3
1344,1
1345,1
1346,1
368970,1
368970,3
58689,3
58689,1
124759,1
1366,1
61802,1
237432,1
237432,3
155401,1
155401,3
215449,1
215449,3
153203,1
153203,3
193676,1
193676,3
308084,3
308084,1
215460,1
215460,3
193677,1
193677,3
365764,1
365764,3
500474,3
500474,1
374302,1
374302,3
365688,1
365688,3
242284,3
242284,1
69565,1
69565,3
350938,1
350938,3
247976,1
247976,3
84010,1
84010,3
281262,1
281262,3
379158,1
379158,3
321308,1
321308,3
215448,1
215448,3
233173,3
233173,1
233170,3
233170,1
233163,3
233163,1
215489,1
215489,3
215319,1
215319,3
215321,1
215321,3
215273,3
215273,1
181380,1
181380,3
215257,1
215257,3
247431,3
247431,1
193674,1
193674,3
119439,3
119439,1
119442,1
119442,3
247422,1
247422,3
119445,3
119445,1
119446,1
119446,3
119447,1
119447,3
536930,3
536930,1
352964,1
352964,3
285634,1
285634,3
1371,1
91526,1
215442,1
215442,3
294464,3
294464,1
215450,1
215450,3
363912,3
31421,3
85702,3
188744,3
41552,3
41552,2
153247,3
280715,3
153661,3
175678,3
107450,3
107450,1
233042,3
233042,1
119500,1
119500,3
106053,3
389147,3
389148,3
107449,3
165508,3
188745,3
188776,3
1404,3
79886,3
74849,3
1408,3
113446,3
70738,3
131117,3
131129,3
188799,1
188821,1
301123,1
188829,1
1479,3
72809,3
72809,1
226749,1
188959,1
89915,1
1505,1
189010,3
189010,1
40924,1
235157,3
235157,1
239901,3
239901,1
288811,3
288811,1
269293,3
269293,1
312068,3
312068,1
288812,3
288812,1
274127,3
274127,1
312067,3
312067,1
288808,3
288808,1
269290,3
269290,1
288809,3
288809,1
235162,3
235162,1
353141,3
353141,1
280602,3
280602,1
280192,1
280198,3
280198,1
288814,3
288814,1
288816,3
302165,3
302165,1
309589,3
309589,1
280207,3
280207,1
269910,3
269910,1
311179,3
311179,1
253802,3
253802,1
202375,3
202375,1
199086,3
199086,1
269288,3
269288,1
67554,3
67554,1
201849,3
201849,1
109596,3
109596,1
239886,3
239886,1
120441,3
120441,1
93719,3
93719,1
73945,3
73945,1
292348,3
292348,1
319026,3
319026,1
77155,3
77155,1
367579,3
367579,1
86435,3
86435,1
311180,1
311172,3
311172,1
237901,3
237901,1
263290,3
263290,1
83851,3
83851,1
229838,3
303037,1
283047,3
283047,1
253803,3
253803,1
82531,3
82531,1
78728,3
78728,1
83590,3
83590,1
297221,1
95811,3
95811,1
288806,3
288806,1
288807,3
288807,1
103249,3
103249,1
126619,3
126619,1
146609,3
146609,1
199085,3
199085,1
210197,3
210197,1
147225,3
147225,1
181628,3
181628,1
192042,3
192042,1
298544,3
298544,1
258284,3
258284,1
220941,3
220941,1
235160,3
235160,1
214178,3
214178,1
91699,3
91699,1
110318,3
110318,1
378410,3
378410,1
109087,3
109087,1
226434,3
298546,3
298546,1
205852,3
205852,1
310225,3
310225,1
334708,3
334708,1
360298,3
360298,1
370838,3
370838,1
363810,3
363810,1
361778,3
361778,1
311174,3
311174,1
311173,3
311173,1
287990,3
287990,1
352899,3
352899,1
274988,3
274988,1
261519,3
261519,1
287994,1
290345,3
290345,1
290346,3
374735,3
374735,1
311178,1
311177,3
309590,3
309590,1
347527,1
288001,3
288001,1
307033,1
238075,3
238075,1
298554,3
298554,1
317727,3
317727,1
317724,3
317724,1
313886,3
313886,1
317726,3
317726,1
311169,3
311169,1
290343,3
290343,1
313887,3
313887,1
237674,3
237674,1
268424,3
268424,1
290344,3
290344,1
268425,3
268425,1
268423,3
268423,1
290342,3
290342,1
290341,3
290341,1
317725,3
317725,1
317697,3
317697,1
311181,3
311181,1
298557,3
298557,1
310831,3
310831,1
310832,3
310832,1
335668,3
335668,1
210451,3
210451,1
201851,3
201851,1
311165,3
311165,1
253736,3
253736,1
311170,3
311170,1
80718,3
80718,1
97458,3
97458,1
1531,1
347655,3
347655,1
503952,3
503952,1
28122,3
28122,1
250514,3
171151,3
171151,1
27038,3
27038,1
279816,1
27040,3
27040,1
275087,3
275087,1
77153,3
77153,1
231495,3
231495,1
27042,1
90525,1
83852,1
1542,3
189154,3
189154,2
46222,3
58171,3
58171,1
26879,3
107239,3
78953,1
156384,1
379837,3
503238,3
23094,1
323939,1
345123,3
345123,1
231605,3
231605,1
231609,1
231616,1
97616,1
52848,3
52848,1
90433,3
90433,1
90848,1
93282,1
50310,1
1753,3
1753,1
286290,1
268775,3
268775,1
156817,1
54773,3
54773,1
129891,3
129891,1
1852,3
1852,1
1856,3
156835,3
84645,1
49757,1
97853,1
126209,1
130517,1
222683,1
222688,1
168167,1
77361,3
202991,1
82415,3
82415,2
73341,3
73341,2
190762,3
190762,1
124222,3
124227,3
124227,1
338948,3
351281,3
198066,3
220036,3
295486,3
295487,3
351571,3
226606,3
281772,3
137219,3
177782,3
172907,3
297001,3
124228,3
124229,3
333732,3
372627,3
294385,3
292381,3
296983,3
168558,3
119459,3
119460,3
182079,3
168560,3
371298,3
371299,3
339029,3
249997,3
351564,3
124235,3
124236,3
131113,3
119468,3
516610,3
249937,3
176706,3
119469,3
281525,3
295463,3
295464,3
176911,3
371613,3
96166,3
295488,3
281330,3
125702,3
310376,3
298571,3
291486,3
291203,3
333747,3
297105,3
297107,3
234553,3
103406,1
292493,3
281500,3
198065,3
281252,3
338947,3
371612,3
272515,3
272694,3
176779,3
102287,3
250887,3
203630,3
263900,3
130495,3
130495,1
345767,3
345768,3
310375,3
310377,3
351280,3
372628,3
351238,3
351239,3
330676,3
229744,3
286916,3
282825,3
322881,3
315291,3
312070,3
310378,3
254090,1
163420,3
286299,1
285247,1
27711,3
25707,3
25707,1
113536,3
258312,3
46169,3
46169,1
203629,3
203649,3
203677,3
203677,1
237430,1
55582,1
161116,1
238291,1
142101,3
142101,1
197815,1
322236,1
176781,1
315848,2
78874,2
203955,3
203955,1
285696,3
285696,1
203956,3
203956,1
98644,3
98644,1
169863,3
139363,3
139363,1
523997,3
139358,3
122457,3
122457,1
165067,3
165058,3
524012,3
27866,3
122458,3
122458,1
106062,3
106062,1
330320,3
330320,1
318998,3
116446,3
116446,1
27935,3
27935,1
360301,3
360301,1
335690,3
335690,1
353704,3
353704,1
197959,3
197959,1
529619,3
529619,1
348154,3
348154,1
204028,3
204031,3
204031,1
329665,3
81766,3
116126,3
198479,3
151086,3
115633,3
78738,1
526162,3
386628,3
189311,3
87343,3
87343,1
205486,3
205486,1
57301,1
2350,3
2350,1
261228,3
261228,1
2363,1
204660,1
74958,3
74958,1
74352,3
113241,3
143152,3
204842,3
204843,3
157185,3
143093,3
143093,1
173056,1
135090,3
135049,3
372723,3
332125,3
135053,3
135037,3
135057,1
295423,3
526547,3
525076,3
198987,3
216835,3
216836,3
194726,3
217012,3
194727,3
133405,3
205427,3
172382,3
199787,3
107327,3
370081,3
199204,3
156344,3
349843,3
349843,1
156347,3
156347,1
368010,3
107305,3
107305,1
349850,3
246762,3
217886,3
524995,3
119141,3
106079,3
157190,3
106082,3
303567,3
157219,3
157220,3
204990,3
204990,1
204991,3
204991,1
76294,3
76294,1
204987,3
204987,1
43858,3
43858,1
67091,3
67091,1
254507,1
205012,1
2414,1
102165,1
523606,3
255211,3
132729,3
205049,3
2416,3
2418,3
351033,3
2422,3
2439,3
2439,1
29485,3
29485,1
313702,3
313702,1
313744,3
313744,1
376974,3
376974,1
376976,3
376976,1
313739,3
313739,1
313743,3
313743,1
375976,3
375976,1
375977,3
375977,1
383871,3
383871,1
2553,3
102589,1
24370,1
24958,1
2556,1
215069,1
27876,1
28171,3
290900,3
89895,3
306454,3
285366,3
282128,3
28186,3
169394,3
319980,3
511542,3
319979,3
28187,3
28202,3
319981,3
28207,3
28207,1
261507,3
28234,3
2602,3
279612,3
2603,3
279613,3
189549,3
2604,1
129887,3
129887,1
254916,3
222779,3
222779,1
124858,3
124858,1
90041,1
85760,3
85760,1
28236,1
136918,3
71648,3
205827,1
48118,1
143097,3
99296,3
99296,1
84779,3
98973,3
98973,1
323679,3
323680,3
323677,3
94949,3
206027,3
206027,1
206032,3
526677,3
526679,3
526678,3
206012,3
2658,3
2658,1
227559,3
383149,3
383149,1
87749,3
87749,2
206131,3
206131,1
206134,3
206134,1
106084,3
106084,2
2669,3
354860,1
371593,1
354859,1
367362,1
62350,1
247188,1
190186,1
177767,1
247190,1
358874,1
106085,1
197885,3
197885,1
176783,3
121173,2
296473,2
95633,3
99311,3
176077,3
95079,3
96054,3
94038,3
94053,3
93129,3
96294,3
96239,3
89007,3
92975,3
95061,3
29758,3
29761,3
30081,3
89140,3
321501,3
29767,3
29768,3
30086,3
108418,3
99366,3
97170,3
99078,3
28280,1
308053,3
308053,1
28321,3
28321,1
323947,3
323947,1
388546,3
388546,1
522041,3
522041,1
114451,3
114451,1
512563,3
512563,1
43769,3
43769,1
366169,3
366169,1
382611,3
382611,1
280618,3
280618,1
98558,3
98558,1
501162,3
501162,1
522042,3
522042,1
522049,3
522049,1
370052,3
370052,1
366022,3
366022,1
102308,3
102308,1
25507,3
25507,1
351399,3
351399,1
114265,3
114265,1
52106,3
52106,1
189554,3
189554,1
217950,3
217950,1
65272,3
65272,1
202079,3
202079,1
228769,3
228769,1
2924,1
2932,3
206799,3
206682,3
227420,3
153787,3
2954,3
2954,1
204502,3
204502,1
296370,3
504767,3
74988,3
74988,1
206777,3
206777,1
47363,3
47363,1
152411,3
152411,1
270553,3
270553,1
41753,1
47098,3
2979,1
2981,1
166547,3
124071,3
46496,3
124072,3
307777,3
108258,3
46498,2
46498,3
42447,3
372556,3
352467,3
294160,3
133392,3
251816,3
207521,2
87613,3
3066,3
3066,1
3067,3
3067,1
328082,3
328082,1
157416,3
207556,1
157420,3
157420,2
157424,3
157424,1
111578,1
3106,3
3106,1
59353,1
81358,1
207637,3
207637,1
65333,3
65333,1
28835,1
3148,1
55640,3
370728,3
261486,1
316372,1
208609,3
208609,1
291494,3
157502,3
227198,3
308739,3
361913,3
208720,3
208721,3
208722,1
208723,1
125368,3
125368,1
46174,1
196601,3
196601,1
238402,3
238402,1
3375,2
194935,2
387550,2
25046,2
113811,3
54495,3
3379,1
195303,1
130592,1
167991,1
244572,1
315808,1
103798,1
232699,1
282588,3
54704,3
54704,1
374256,3
374256,1
354014,3
362137,3
525174,3
239972,1
29206,1
29208,1
157583,1
210186,1
157584,1
40373,3
40373,1
140272,1
109880,3
109880,1
276693,3
276693,1
101080,1
3741,3
3741,1
521496,3
521496,1
335531,3
335531,1
274510,3
274510,1
118005,3
118005,1
3745,3
3745,1
65303,1
133119,1
318673,1
46540,1
123280,3
305213,3
326436,3
123914,3
122658,3
371085,3
299177,3
123439,3
123372,3
123959,3
123874,3
123367,3
122763,3
122763,1
123481,3
123052,3
144952,3
122918,3
122918,1
123999,3
150852,3
196847,3
196850,3
217787,3
222986,3
222986,1
123326,3
123083,3
123991,3
123707,3
122762,3
123796,3
123961,3
123236,3
122740,3
122567,3
150240,3
123976,3
123226,3
122581,3
122525,3
123207,3
123207,1
235200,3
178985,3
178985,1
122775,3
122775,1
122576,3
370791,3
336674,3
124023,3
123935,3
282684,3
123336,3
303689,3
123378,3
166943,3
122977,3
177466,3
122766,3
122766,1
222987,3
222987,1
122608,3
123535,3
137332,3
303691,3
123565,3
123221,3
143204,3
143204,1
122738,3
242985,3
123313,3
123180,3
123180,1
123576,3
123633,3
123274,3
178984,3
178984,1
123401,3
123401,1
123467,3
123403,3
123681,3
142871,3
142871,1
122558,3
122942,3
124008,3
301909,3
312702,3
124015,3
222990,3
222990,1
123404,3
150876,3
177471,3
201584,3
220559,3
198169,3
160817,3
123272,3
124001,3
123929,3
122696,3
137333,3
122888,3
160818,3
124000,3
124006,3
124006,1
122947,3
123154,3
123154,1
123928,3
123928,1
124021,3
178974,3
359204,3
359205,3
359206,3
150884,3
143209,3
143209,1
370800,3
122645,3
235400,3
122711,3
221617,3
218862,3
123460,3
123522,3
123522,1
122919,3
123368,3
122528,3
123530,3
123375,3
123423,3
122842,3
122975,3
123398,3
122678,3
143284,3
123529,3
123270,3
123043,3
122923,3
123266,3
122939,3
123863,3
122561,3
123517,3
123352,3
123559,3
122885,3
122943,3
122985,3
123783,3
123305,3
123399,3
122907,3
122965,3
123864,3
123748,3
122991,3
123742,3
122915,3
123675,3
142874,3
142874,1
122771,3
122771,1
122847,3
122847,1
122565,3
123482,3
305863,3
137334,3
143693,3
143693,1
123050,3
359208,3
360998,3
359209,3
359210,3
361001,3
359211,3
359212,3
122637,3
122683,3
123028,3
264094,3
123789,3
143279,3
123799,3
123799,1
123215,3
123014,3
198025,3
198025,1
123605,3
142876,3
142876,1
123471,3
123552,3
351601,1
123051,3
123051,1
122776,3
122776,1
123365,3
124041,3
123804,3
123232,3
123232,1
123488,3
123488,1
123856,3
123856,1
123377,3
122545,3
123229,3
122582,3
123474,3
123474,1
285864,3
123741,3
122782,3
269466,3
142877,3
142877,1
124016,3
143269,3
123273,3
123330,3
122597,3
187110,3
122961,3
122864,3
177475,1
166846,3
122578,3
122774,3
160819,3
122522,3
123980,3
123980,1
124024,3
123035,3
123394,3
123085,3
122954,3
142880,3
142880,1
122780,3
122780,1
122613,3
123553,3
123059,3
123059,1
165639,3
123829,3
137335,3
137335,1
123988,3
142447,3
142447,1
142449,3
135144,3
135144,1
135147,3
135147,1
291019,3
155437,3
155437,1
155438,3
155438,1
135202,3
135202,1
135155,3
135155,1
135156,3
135156,1
155416,3
155416,1
135157,3
135157,1
122803,3
123617,3
123617,1
122524,3
123230,3
123230,1
122584,3
122584,1
370792,3
370788,3
123268,3
123268,1
123459,3
123459,1
122506,3
122506,1
122573,3
122573,1
122617,3
122617,1
123502,3
123502,1
123088,3
123088,1
355614,1
210695,1
130396,1
66788,3
3776,1
3777,3
3777,1
29266,3
29266,1
184360,3
184360,1
3785,1
29280,3
122925,3
3786,3
69699,3
69699,1
211449,1
55687,3
55687,1
122812,1
105502,3
105502,1
295482,3
295482,1
41554,1
247849,1
194685,1
194687,3
81929,1
165716,3
165716,1
48236,1
378933,1
132508,3
132508,1
212541,3
212525,3
212525,1
176718,3
176718,1
328153,3
328153,1
3840,3
3840,1
29339,3
29339,1
53915,3
53915,1
56193,3
56193,1
157782,3
77923,3
77923,2
162124,3
162124,1
3847,3
84578,3
213007,3
280569,3
110112,1
3903,3
3904,1
97831,3
96112,3
96112,1
111738,3
3983,3
3983,1
152840,3
290917,3
253811,3
106100,1
141197,3
519074,1
518209,3
379168,3
329115,1
524882,1
329118,1
213336,1
213339,1
55083,3
29552,1
213411,1
109313,3
4047,3
4056,3
4056,2
523129,3
523129,1
4061,3
4166,3
352916,3
383632,3
211586,3
30538,3
30549,3
507140,3
213642,3
182289,3
182289,1
507461,3
132520,3
507601,3
507170,3
507527,3
507722,3
507144,3
507466,3
507101,3
507700,3
507432,3
507106,3
507656,3
507367,3
507460,3
507311,3
507250,3
507182,3
507407,3
507655,3
507421,3
507532,3
132521,3
273047,3
273047,2
158044,3
158044,2
4324,3
4324,2
214247,3
30589,1
162933,1
30591,1
4335,1
105536,1
106101,1
361254,3
361254,1
521816,3
521816,1
301957,3
301957,1
518216,3
518216,1
517343,3
517343,1
201521,3
201521,1
365754,3
365754,1
294654,3
294654,1
99988,1
301704,3
301704,1
520342,3
520342,1
358099,3
358099,1
521445,3
521445,1
130617,1
525787,3
525787,1
526011,3
526011,1
525866,3
525866,1
526004,3
526004,1
30615,1
525490,3
525490,1
525396,3
525396,1
525559,3
525559,1
525612,3
525612,1
234050,1
525855,3
525855,1
337963,3
337963,1
337967,3
337967,1
337958,3
337958,1
337965,3
337965,1
4371,3
4371,1
299029,3
299029,1
81458,3
81458,1
357465,1
357465,3
337964,1
337964,3
337957,3
337957,1
110011,3
110011,1
77852,3
77852,1
199929,3
199929,1
253450,3
253450,1
196301,1
142727,3
30717,3
264312,3
165718,3
149039,3
70374,3
142766,3
347324,3
142768,3
301938,3
128737,1
233801,1
121169,1
329253,1
121202,1
105508,1
329252,1
365700,3
58187,1
256611,1
318007,1
64896,1
140294,1
93293,1
95520,1
258250,1
85445,1
353584,1
253436,1
119195,1
296534,1
320203,1
96223,1
30964,1
238825,1
238826,1
45630,1
91449,1
114854,1
127200,1
30965,1
5141,1
124485,1
153132,1
105181,1
113088,1
30975,1
176265,1
358897,1
234766,1
282150,1
22951,1
282487,1
105003,3
45988,3
45988,1
5194,3
115085,3
5196,3
83044,3
83044,1
83045,3
83045,1
280806,3
521852,3
521328,3
359531,3
341475,3
523121,3
530100,3
530100,1
375261,3
300282,3
300282,1
187357,3
187357,1
529004,3
277521,3
277521,1
350577,3
350577,1
359532,3
279543,3
279543,1
383639,3
536095,3
119199,3
523441,3
52832,3
242117,3
43983,3
43983,1
64103,3
64104,3
515196,3
515196,1
116480,3
171623,3
349810,3
349810,1
297239,3
297239,1
187359,3
187359,1
309238,3
309238,1
268750,3
111001,3
80263,3
205481,3
237987,3
237987,1
317090,3
317090,1
271071,3
271071,1
163091,3
163091,1
523011,3
290250,3
290250,1
336360,3
336360,1
173191,3
173191,1
219268,3
82617,3
525072,3
163099,3
163099,1
152620,3
152622,3
143357,3
381524,3
381524,1
374120,3
350578,3
350581,3
227171,3
88942,3
124156,3
57001,3
282381,3
282381,1
341451,3
527723,3
530737,3
530737,1
536350,3
135242,3
135242,1
523477,3
370782,3
369471,3
171139,3
216192,3
173231,3
173231,1
173232,3
173232,1
87446,3
383285,3
46546,3
135579,3
372540,3
349812,3
349812,1
170166,3
170166,1
170167,3
170167,1
263411,3
263411,1
523112,3
372365,3
293215,3
293215,1
209085,3
209085,1
209087,3
251412,3
251412,1
209088,3
209088,1
233082,3
233082,1
96238,3
209090,3
209090,1
209089,3
209089,1
372371,3
372371,1
535871,3
519210,3
525537,3
46068,3
286396,3
286396,1
535718,3
170168,3
170168,1
187374,3
372393,3
372393,1
298138,3
298138,1
283435,3
283435,1
173263,3
173263,1
536604,3
350596,3
504808,3
237993,3
350598,3
525563,3
525563,1
525228,3
525228,1
230675,3
230675,1
309248,3
309248,1
309249,3
309249,1
242060,3
242060,1
525463,3
60908,3
60908,1
278352,3
278352,1
231053,3
354428,3
354428,1
167412,3
167412,1
119200,3
517284,3
336450,3
336450,1
309251,3
309251,1
132890,3
507862,3
369008,3
260902,3
260902,1
263838,3
173282,3
173282,1
247696,3
247696,1
338039,3
338039,1
504412,3
504412,1
50819,3
50819,1
514190,3
514190,1
341474,3
536015,3
62065,3
148434,3
148434,1
62066,3
254250,3
271078,3
271078,1
536818,3
363372,3
241239,3
173301,3
173301,1
191022,3
231934,3
231934,1
535537,3
210268,3
525318,3
133796,3
327266,3
359693,3
359693,1
359694,3
359694,1
114198,3
299494,3
299494,1
536788,3
52640,3
52640,1
108439,3
108439,1
45816,3
233083,3
233083,1
51299,3
143625,3
143626,3
190312,3
190312,1
143627,3
143627,1
271083,3
271083,1
385032,3
341464,3
522992,3
522992,1
349270,3
337928,3
341468,3
56238,3
535592,3
511793,3
282417,3
504068,3
309262,3
309262,1
523903,3
523903,1
521515,3
45165,3
165306,3
523034,3
523130,3
350445,3
523887,3
523887,1
240312,3
240312,1
525272,3
345251,3
345251,1
173351,3
524083,3
524083,1
291025,3
536700,3
372408,3
361524,3
527708,3
248950,3
248950,1
352635,3
514199,3
514199,1
324912,3
324912,1
119201,3
341812,3
288707,3
111023,3
241162,3
57111,3
323825,3
323825,1
516517,3
170376,3
290148,3
282398,3
343254,3
526489,3
527705,3
219270,3
522200,3
536188,3
250280,3
511835,3
317316,3
327262,3
535544,3
530099,3
525511,3
353526,3
353526,1
521616,3
511720,3
271085,3
317473,3
525193,3
525193,1
43463,3
525548,3
110806,3
242115,3
109453,3
345253,3
335998,3
335998,1
536052,3
521126,3
516571,3
351580,3
351580,1
248948,3
338300,3
338300,1
177694,3
177694,1
231937,3
231937,1
51300,3
110425,3
110425,1
67240,3
67240,1
523111,3
173406,3
173406,1
152552,3
231939,3
231939,1
231940,3
227178,3
197463,3
197463,1
383643,3
516674,3
516674,1
523873,3
523873,1
343319,3
343319,1
173411,3
173411,1
327270,3
341592,3
46621,3
108447,3
507742,3
226611,3
147823,3
517344,3
379146,3
379146,1
190315,3
117893,3
170169,3
170169,1
368342,3
368342,1
101700,3
522160,3
521859,3
143517,3
143521,3
143522,3
213117,3
213117,1
143523,3
143511,3
265443,3
143512,3
143524,3
143518,3
312948,3
312948,1
143513,3
143514,3
241488,3
143516,3
263316,3
263316,1
103407,3
383288,3
383288,1
327830,3
327830,1
104394,3
214939,3
295496,3
155224,3
297812,3
297812,1
56630,3
56630,1
369020,3
287972,3
287972,1
372426,3
372426,1
58631,3
227179,3
271088,3
271088,1
517224,3
285285,3
285285,1
285286,3
285286,1
76894,3
76894,1
274247,3
274247,1
165699,3
165699,1
135237,3
372427,3
372427,1
375276,3
375276,1
49042,3
42715,3
360024,3
360024,1
177697,3
309297,3
309297,1
152553,3
237756,3
265442,3
265442,1
243432,3
300283,3
249482,3
511773,3
503765,3
535554,3
385036,3
511658,3
511658,1
334749,3
351699,3
65166,3
81624,3
72858,3
73223,3
108544,3
124155,3
80102,3
369022,3
388736,3
385037,3
383289,3
521314,3
257517,3
360358,3
360358,1
66063,3
360025,3
116481,3
116485,3
116489,3
116490,3
504160,3
327256,3
327255,3
331216,3
327260,3
327267,3
525426,3
536697,3
315274,3
521850,3
103651,3
351700,3
350449,3
360031,3
132898,3
76775,3
44157,3
44157,1
524132,3
306439,3
306439,1
524146,3
523117,3
523101,3
523101,1
379137,3
48265,3
48265,1
525547,3
525547,1
525528,3
525528,1
316851,3
326512,3
326512,1
309334,3
309334,1
273363,3
321437,3
269581,3
317091,3
143505,3
355618,3
290238,3
350652,3
350652,1
350648,3
350648,1
116475,3
309335,3
309335,1
308033,3
308033,1
522192,3
536199,3
197609,3
197609,1
197610,3
170172,3
170172,1
78235,3
69259,3
108954,3
108954,1
536221,3
522193,3
165322,3
525154,3
525154,1
173500,3
525861,3
525861,1
536145,3
170173,3
170173,1
80933,3
503836,3
197476,3
197476,1
388734,3
86640,3
334750,3
514230,3
325787,3
75660,3
126311,3
257526,3
388735,3
375755,3
385038,3
375756,3
360372,3
350757,3
237729,3
237729,1
237728,3
525593,3
360035,3
241487,3
535680,3
524392,3
65621,3
269363,3
285800,3
190316,3
304887,3
173527,3
173527,1
147209,3
231208,3
173530,3
173530,1
67973,3
71933,3
536619,3
249821,3
535878,3
350452,3
50300,3
152556,3
55484,3
55484,1
173538,3
126313,3
65622,3
71637,3
334751,3
314384,3
529015,3
83873,3
331219,3
331219,1
346071,3
346071,1
258391,3
258391,1
338042,3
338042,1
76724,3
76724,1
514235,3
536150,3
298027,3
523115,3
345257,3
206477,3
522300,3
536105,3
249483,3
249483,1
368344,3
151242,3
97826,3
510842,3
299447,3
299447,1
241940,3
139969,3
83332,3
242540,3
368672,3
504015,3
104925,3
59100,3
173570,3
388737,3
173578,3
522987,3
523272,3
341809,3
341809,1
371665,3
309357,3
119649,3
536726,3
295493,3
152563,3
249106,3
323254,3
361006,3
326516,3
287973,3
522298,3
173593,3
522199,3
241173,3
523904,3
155251,3
206471,3
525506,3
205482,3
282771,3
126319,3
523896,3
178254,3
530826,3
530826,1
264138,3
234735,3
234737,3
268777,3
327263,3
326519,3
525451,3
522031,3
167351,3
172618,3
275882,3
191585,3
522195,3
287984,3
372457,3
372457,1
383641,3
383641,1
190417,3
190417,1
284643,3
284643,1
47505,3
523106,3
523106,1
523134,3
523126,3
382715,3
171611,3
522189,3
525097,3
525097,1
523001,3
523001,1
535519,3
360892,3
522999,3
173630,3
524079,3
47506,3
63140,3
526510,3
522149,3
115088,3
241102,3
308034,3
300467,3
300467,1
257501,3
257501,1
380863,3
327694,3
353535,3
140717,3
237162,3
237162,1
173648,3
535814,3
522700,3
136696,3
522203,3
135595,3
152626,3
274248,3
535651,3
385045,3
241143,3
282774,3
314419,3
309402,3
313717,3
523016,3
523016,1
535567,3
67671,3
271098,3
368740,3
536258,3
324827,3
324827,1
248754,3
248754,1
138931,3
504602,3
327848,3
523086,3
521730,3
286401,3
350888,3
350888,1
254322,3
324897,3
525299,3
157973,3
104926,3
250399,3
514253,3
68424,3
73204,3
144494,3
525477,3
525477,1
111136,3
53441,3
331213,3
64792,3
345312,3
530092,3
101699,3
353544,3
523478,3
360374,3
523471,3
371597,3
304249,3
190903,3
69015,3
535763,3
66186,3
523014,3
523014,1
522194,3
280846,3
308035,3
265845,3
525195,3
525277,3
525277,1
522296,3
375285,3
536465,3
534185,3
274830,3
525505,3
49642,3
372469,3
372469,1
295507,3
135243,3
135243,1
523036,3
523036,1
535505,3
295505,3
522997,3
511826,3
303593,3
187354,3
504274,3
250415,3
511520,3
165316,3
255378,3
255378,1
376638,3
52227,3
526021,3
526021,1
309418,3
249984,3
249984,1
523108,3
241146,3
241146,1
514261,3
514261,1
309425,3
361409,3
535506,3
522033,3
507849,3
237115,3
351704,3
525114,3
47696,3
47696,1
152682,3
173820,3
173820,1
522295,3
66966,3
83346,3
83346,1
86662,3
206445,3
150817,3
525496,3
525496,1
173840,3
173840,1
530104,3
530104,1
530101,3
530101,1
530103,3
530103,1
530102,3
530102,1
337385,3
337387,3
337362,3
510774,3
522988,3
522032,3
536441,3
215130,3
536814,3
526253,3
309430,3
309430,1
374213,3
345574,3
345574,1
517783,3
341461,3
321431,3
178561,3
325792,3
340503,3
171096,3
171096,1
525209,3
48583,3
48583,1
341586,3
139198,3
507847,3
510690,3
510690,1
134535,3
152569,3
173967,3
353077,3
202823,3
113597,3
87730,3
173980,3
173980,1
53061,3
271100,3
352980,3
168966,3
387803,3
309445,3
309445,1
250263,3
173990,3
241237,3
287986,3
152621,3
84012,3
219157,3
211513,3
202335,3
218166,3
291165,3
227191,3
230684,3
250383,3
284694,3
284694,1
289124,3
284710,3
289125,3
284687,3
284683,3
327695,3
338058,3
288009,3
274867,3
338060,3
288007,3
338061,3
288006,3
274863,3
274865,3
274864,3
274868,3
336980,3
152623,3
300299,3
104561,3
172946,3
503849,3
344834,3
325793,3
385046,3
317486,3
132695,3
152611,3
256443,3
82310,3
102345,3
264305,3
536913,3
48922,3
102162,3
45015,3
54193,3
345886,3
345886,1
174038,3
174038,1
536354,3
54311,3
300469,3
300469,1
341469,3
43430,3
255377,3
138618,3
525459,3
525459,1
76794,3
76794,1
345890,3
281557,3
71697,3
282405,3
525592,3
525592,1
315575,3
281556,3
527089,3
372409,3
517784,3
522159,3
521860,3
514166,3
514166,1
514168,3
514168,1
344636,3
344636,1
344634,3
344634,1
233522,3
374216,3
298710,3
264136,3
370689,3
528781,3
383287,3
298714,3
335804,3
388739,3
519681,3
344172,3
344172,1
525539,3
525539,1
293371,3
317319,3
527063,3
310325,3
310325,1
310329,3
310329,1
327573,3
522385,3
504913,3
327572,3
337379,3
306884,3
337374,3
297229,3
297229,1
243431,3
297228,3
270722,3
525527,3
527122,3
526612,3
281561,3
519821,3
173566,3
173566,1
389114,3
525745,3
525745,1
525240,3
525240,1
525246,3
525246,1
525197,3
525197,1
525202,3
531177,3
525279,3
525237,3
525697,3
525697,1
525172,3
281564,3
281564,1
281562,3
281566,3
281566,1
281565,3
281565,1
281563,3
281567,3
281567,1
530650,3
530650,1
282403,3
282402,3
309479,3
309479,1
361525,3
298715,3
298715,1
368745,3
267336,3
308652,3
87994,3
138617,3
533198,3
521598,3
24469,1
325880,3
325880,1
360746,3
360746,1
369895,1
369895,3
158356,3
158356,1
325132,1
325134,1
330467,1
322459,1
187396,3
115851,3
115851,1
315731,3
63251,3
63251,1
94827,3
94827,1
109380,3
109380,1
512411,3
92058,3
92058,1
186253,3
186253,1
239045,3
239045,1
156734,3
156734,1
103368,3
103368,1
525849,3
62146,3
62146,1
344067,3
344067,1
343788,3
343788,1
305964,3
305964,1
239046,3
131832,3
510522,3
505519,3
239148,3
239148,1
94744,3
316989,3
316989,1
50463,3
50463,1
315732,3
315732,1
131835,3
131835,1
72187,3
72187,1
69815,3
131834,3
131834,1
512309,3
240851,3
240851,1
115853,3
115853,1
230844,3
230844,1
95990,3
253661,3
213119,3
213119,1
234391,3
240353,3
240353,1
316310,3
316310,1
273765,3
273765,1
94745,3
201115,3
201115,1
525479,3
511293,3
272835,3
272835,1
307038,3
307038,1
324914,3
324914,1
226252,3
226252,1
80898,3
80898,1
211128,3
271103,3
271103,1
60027,3
85406,3
108939,3
66775,3
63846,3
87156,3
84171,3
63738,3
119170,3
119170,1
68309,3
51825,3
46080,3
46080,1
93575,3
73631,3
73631,1
62430,3
52762,3
91880,3
77719,3
119169,3
52650,3
81463,3
87253,3
58085,3
115405,3
103859,3
89388,3
57674,3
104196,3
102495,3
57077,3
57077,1
119182,3
119182,1
104109,3
97234,3
86244,3
62735,3
64085,3
48422,3
102432,3
119173,3
119173,1
57846,3
57846,1
105009,3
70428,3
71430,3
104295,3
104295,1
57557,3
112168,3
61575,3
56101,3
56101,1
72170,3
74379,3
59887,3
65124,3
65124,1
68002,3
65213,3
76574,3
103515,3
59682,3
59682,1
47181,3
95042,3
67805,3
67805,1
96170,3
101871,3
101871,1
65242,3
59850,3
103999,3
103999,1
93810,3
105277,3
105277,1
86032,3
110629,3
45336,3
93766,3
94795,3
94795,1
47251,3
55201,3
55201,1
85844,3
85844,1
96941,3
68912,3
68912,1
108545,3
110880,3
67888,3
69745,3
69745,1
46102,3
53014,3
53014,1
63739,3
102510,3
70174,3
63946,3
66146,3
43265,3
48334,3
64908,3
109835,3
70115,3
59710,3
51479,3
46290,3
59590,3
47100,3
83773,3
103624,3
69609,3
63252,3
71223,3
45246,3
47222,3
48756,3
80667,3
61101,3
64916,3
45891,3
47989,3
83906,3
79428,3
49272,3
79263,3
46044,3
76410,3
119178,3
119178,1
43553,3
43553,1
103806,3
68322,3
51822,3
108099,3
109929,3
50697,3
81090,3
81527,3
81527,1
57417,3
49918,3
73278,3
68149,3
71034,3
51823,3
51823,1
119183,3
119183,1
63724,3
99393,3
81538,3
57977,3
57977,1
68518,3
68518,1
83218,3
83218,1
63963,3
103149,3
57702,3
104215,3
68197,3
68197,1
79228,3
122414,3
96375,3
59851,3
62549,3
104635,3
47904,3
44486,3
104135,3
119181,3
102355,3
90256,3
90256,1
97327,3
50932,3
64665,3
52901,3
47645,3
119686,3
119686,1
105129,3
71043,3
51957,3
51957,1
82479,3
91212,3
31314,3
29281,3
46307,3
32813,1
48034,3
48034,1
243816,3
114404,3
114404,1
206430,3
206430,1
243796,1
289132,3
289132,1
175743,3
175743,1
243606,1
353706,1
370061,1
377281,1
377280,1
387480,1
379884,1
377279,1
514292,1
167777,3
167777,1
135302,3
135302,1
359227,1
376665,1
371921,1
367720,1
352707,1
371922,1
204342,3
204342,1
379885,1
371920,1
286745,1
273628,1
5698,1
150823,1
105495,1
243626,1
322202,1
31545,1
209129,1
175719,1
209131,1
108166,1
243593,1
288471,1
343169,1
106112,1
284957,1
350009,1
293836,1
194734,1
42167,1
243478,1
512548,1
74267,1
30460,1
70281,1
237212,1
60225,1
308667,3
308667,1
131217,3
131217,1
284444,3
284444,1
529110,3
529110,1
382877,3
382877,1
382878,3
382878,1
529209,3
529209,1
529183,3
529183,1
529119,3
529119,1
376129,3
376129,1
529103,3
529103,1
382879,3
382879,1
184284,3
184284,1
353554,3
294528,3
294528,1
320684,3
320684,1
342027,3
342027,1
529212,3
529212,1
529084,3
529084,1
312719,3
312719,1
504815,3
504815,1
504356,3
504356,1
31758,3
31758,1
529194,3
529194,1
529139,3
529139,1
124471,3
124471,1
529247,3
529247,1
529252,3
529252,1
529218,3
529218,1
529258,3
529258,1
388417,3
388417,1
529082,3
529082,1
529128,3
529128,1
529131,3
529131,1
529089,3
529089,1
529151,3
529151,1
529180,3
529180,1
529232,3
529232,1
306846,3
306846,1
529189,3
529189,1
529159,3
529159,1
529195,3
529195,1
294701,3
294701,1
529162,3
529162,1
529251,3
529251,1
531002,3
531002,1
529229,3
529229,1
114559,3
114559,1
103064,3
103064,1
129003,3
129003,1
248662,3
529249,3
529249,1
68028,3
68028,1
522796,1
105303,3
219360,1
190292,1
533177,1
184598,3
184598,1
184599,3
184599,1
212132,1
158417,1
118899,3
118899,1
31815,3
31815,1
195314,3
195314,1
221088,3
221089,3
229868,3
229868,1
180606,3
153772,3
153772,1
168541,3
168541,1
286049,3
286049,1
96932,3
96932,1
128040,3
128040,1
336452,1
521109,3
521109,1
505513,3
505513,1
505516,3
505516,1
339226,3
339226,1
339227,3
234281,3
234281,1
505514,3
505514,1
306950,3
306950,1
334320,3
334320,1
181334,3
181334,1
319436,3
319436,1
211736,3
211736,1
193128,3
245004,3
245004,1
384489,3
384489,1
191044,3
191044,1
382530,3
382530,1
196350,3
196350,1
180001,3
180001,1
44604,3
44604,1
374614,3
374614,1
182930,3
182930,1
5855,1
53100,3
53100,1
58086,3
58086,1
113839,3
113839,1
187342,3
187342,1
50466,3
50466,1
254511,3
254511,1
116719,3
116719,1
83484,3
83484,1
46603,3
46603,1
164593,3
164593,1
156004,1
374620,1
152726,1
5862,3
5862,1
41905,3
41905,1
120466,3
529588,3
529588,1
336454,3
336454,1
126013,3
126013,1
216402,3
216401,3
216400,3
216403,3
216403,1
339221,3
339221,1
248793,3
248793,1
339215,3
339215,1
370810,3
370810,1
353106,3
353106,1
324556,3
324556,1
298576,3
324558,3
324558,1
298577,3
298577,1
270559,3
270559,1
117200,3
117200,1
339217,3
339217,1
339219,3
339219,1
136477,3
136477,1
292272,3
531224,3
531224,1
531225,3
531225,1
134835,3
137368,3
137368,1
339218,3
177362,3
177362,1
294426,3
183828,3
339225,3
339225,1
334322,3
334322,1
96171,3
96171,1
367727,3
367727,1
367728,3
367728,1
345790,3
345790,1
367725,3
367725,1
345792,3
345792,1
90713,3
90713,1
320142,3
320142,1
113840,3
113840,1
88273,3
88273,1
101186,3
101186,1
30886,3
30886,1
339213,3
339213,1
117961,3
117961,1
524474,3
524474,1
63478,3
63478,1
119589,3
55615,3
55615,1
197364,3
197364,1
339228,3
339228,1
172981,3
172981,1
192452,3
192452,1
521993,3
521993,1
31812,3
31812,1
31814,3
31814,1
505225,3
505225,1
504851,3
504851,1
504063,3
504063,1
382314,3
382314,1
348111,3
348111,1
365022,3
365022,1
348114,3
348114,1
348122,3
348122,1
348121,3
348121,1
348117,3
348117,1
537058,1
536971,1
5886,1
536880,1
536857,1
537102,1
537100,1
537031,1
536940,1
537003,1
537092,1
537051,1
537024,1
537077,1
536888,1
536867,1
536839,1
537072,1
537035,1
536964,1
536883,1
537005,1
5959,3
5959,2
5959,1
51652,3
51652,2
51652,1
52854,3
52854,2
108161,3
108161,2
67111,3
67111,2
67111,1
141814,3
141814,1
156622,1
202327,1
163758,3
6131,2
6136,2
101332,2
22729,2
31937,2
87823,2
511479,3
171932,1
26904,1
292796,1
6216,1
158881,1
31959,1
376794,1
353707,1
374345,1
342445,1
270204,1
131755,1
174797,1
325513,1
6290,1
523866,1
141106,3
141106,1
172359,1
6295,1
194228,1
177989,1
179920,1
52841,1
20774,3
20774,1
232715,1
158552,1
104792,1
6298,1
139228,1
318954,1
6299,1
75452,2
6337,2
311507,2
280983,3
121176,3
121176,1
121176,2
315445,3
23566,1
231902,1
69505,1
6753,1
32534,1
168295,1
163508,1
196809,3
367421,3
254981,1
282004,1
223405,1
525545,1
218424,1
32554,1
243424,1
24972,1
75998,1
236697,1
376006,1
365027,1
347721,1
521839,1
376686,1
60349,1
307454,1
521338,1
307375,1
505327,1
373773,1
521798,1
370891,1
348097,1
373775,1
253972,1
136953,1
250924,1
91464,1
523301,1
531144,1
521300,1
97758,1
518120,1
360769,1
388428,1
305333,1
531143,1
511763,1
532677,1
318809,1
91227,1
531135,1
531136,1
531134,1
360770,1
360708,1
344195,1
350762,1
531140,1
523300,1
531160,1
378223,1
351733,1
531148,1
218858,1
306253,1
511396,1
531141,1
531157,1
531142,1
505451,1
505452,1
505453,1
517788,1
220525,1
106117,1
89218,1
169157,1
217069,1
219192,1
106118,1
20791,1
380478,1
380480,1
361224,1
380477,1
32565,1
345957,1
358330,1
532380,1
531147,1
531151,1
532113,1
519419,1
531163,1
531150,1
531146,1
531145,1
380479,1
358901,1
380481,1
346038,1
371930,1
76326,1
158661,1
161417,1
221566,3
281153,2
106121,1
106119,1
106120,1
368690,3
368690,1
517791,1
517792,1
271518,3
271518,2
32761,3
32761,1
222340,1
530626,1
530630,1
183888,3
183888,1
98501,3
98501,1
361411,1
285122,1
229779,1
226818,1
74306,3
74306,1
88057,1
358045,1
216214,1
288395,1
358046,1
323981,1
7104,2
57097,3
47854,3
20201,1
344199,1
335129,1
7151,1
32841,1
59971,1
94694,1
312318,1
94977,1
76299,1
52347,3
7176,3
268995,3
295462,3
337208,3
354384,3
295892,3
77753,3
7231,3
43747,3
43747,1
168090,3
32925,3
243528,3
32926,3
223483,3
344303,3
110403,3
119307,3
94267,3
60180,3
72895,3
72895,1
198388,3
32918,3
32918,1
305575,3
218252,3
158865,3
537108,3
537023,3
357928,3
210600,3
65240,3
187379,3
93130,3
223488,3
117615,3
55545,3
42325,3
198389,3
7280,3
268627,3
171238,3
355215,3
373027,3
353167,3
318982,3
69875,3
52827,3
254032,3
315087,3
283176,3
353168,3
191614,3
297600,3
303258,3
81602,3
276556,3
304228,3
333125,3
238558,3
131735,3
281276,3
334904,3
150198,3
340843,3
206485,3
334905,3
72774,3
346026,3
45893,3
62260,3
254034,3
70213,3
147429,3
340845,3
355218,3
238329,3
297029,3
219290,3
329323,3
239739,3
239740,3
299050,3
184420,3
313401,3
306553,3
58483,3
78122,3
309584,3
313394,3
313393,3
54694,3
54694,1
59884,3
272481,3
348567,3
45990,3
353171,3
318698,3
145830,3
320739,3
247590,3
318818,3
84343,3
121613,3
179193,3
48259,3
363756,3
334906,3
43234,3
348570,3
318980,3
106127,3
353177,3
65350,3
363755,3
46677,3
193942,3
343761,3
363098,3
320202,3
167668,1
105179,3
105179,1
99464,1
99464,3
176482,3
176482,1
68313,3
103907,3
98217,1
98217,3
156768,3
156768,1
39734,1
39734,3
65814,1
65814,3
77197,3
77197,1
125198,1
125198,3
82732,3
82732,1
241577,3
241577,1
345794,1
45288,1
219995,1
294431,1
377011,1
377016,1
377014,1
377013,1
104004,1
117920,1
219315,1
304899,1
152412,1
269225,1
158900,1
325094,1
324921,1
225964,1
167889,1
51908,1
349950,1
335130,1
190980,1
289168,1
367745,1
360385,1
324926,1
375950,1
345598,1
358910,1
295946,1
286060,1
158911,3
158911,1
73730,3
73730,2
152461,3
152461,1
183490,3
183490,1
242621,3
242621,1
211131,3
211131,1
59302,3
59302,1
273947,3
273947,1
317136,3
317136,1
95312,3
95312,1
127439,3
127439,1
294466,3
294466,1
104904,3
104904,1
64482,3
64482,1
119776,1
96512,1
524794,3
524794,1
358827,3
358827,1
92660,3
92660,1
73293,3
73293,1
276731,3
276731,1
301232,3
301232,1
72688,3
72688,1
247377,3
247377,1
117651,3
117651,1
176816,3
176816,1
368029,3
368029,1
343424,3
343424,1
300813,3
300813,1
176785,3
176785,1
193613,3
193613,1
272132,3
272132,1
69308,3
69308,1
138282,3
86144,3
86144,1
119775,1
287118,3
287118,1
52466,3
52466,1
389041,3
389041,1
76603,3
76603,1
33386,3
33386,1
7716,3
7716,1
112350,3
112350,1
111025,3
525776,3
318693,1
234066,1
89097,3
143547,1
179980,3
179980,2
179980,1
177614,3
177614,1
252000,3
252000,1
170983,3
170983,1
231430,1
296656,3
296656,1
298396,3
298396,1
223668,1
85482,1
48862,1
223669,1
223670,1
7890,1
7890,3
7896,1
259162,3
259162,1
238688,3
238688,1
155261,3
155261,1
7925,3
7925,1
48015,3
48015,1
51719,3
51719,1
71736,3
71736,1
33512,1
262850,1
83980,1
184319,3
184319,1
154877,3
154877,1
186786,3
186786,2
186786,1
268971,1
256385,1
256386,1
306606,1
346574,1
347369,1
361227,1
298037,1
371618,1
268972,1
250273,1
250274,1
306956,1
339012,1
355436,1
371584,1
347326,1
139576,1
534269,1
115530,1
65334,1
271886,1
271174,1
96371,1
50262,1
317999,1
350479,1
299303,1
136488,1
8020,1
219177,1
282173,1
203202,1
238836,1
170808,1
47900,1
354450,3
354452,3
354454,3
356242,3
356831,3
354460,3
354468,3
354472,3
353873,3
354478,3
354480,3
354476,3
353875,3
354482,3
353877,3
354448,3
354487,3
354489,3
354492,3
353879,3
354236,3
353885,3
353943,3
361557,3
354770,3
354768,3
353887,3
354718,3
361556,3
354585,3
361558,3
361558,1
355763,3
353903,3
353903,1
506683,3
506683,1
353905,3
361559,3
354447,3
354449,3
354451,3
354453,3
356241,3
356833,3
354206,3
354459,3
354467,3
354471,3
353872,3
354477,3
354479,3
354475,3
353874,3
354481,3
354205,3
353876,3
354486,3
354488,3
354490,3
354247,3
361035,3
361035,1
354291,3
354708,3
353900,3
354330,3
353902,3
353902,1
354767,3
354769,3
355755,3
353918,3
354360,3
354232,3
353898,3
353898,1
361036,3
361036,1
354300,3
21173,1
8033,1
86745,1
306632,1
76634,1
93496,1
91579,1
296646,1
43421,1
212490,3
212492,3
212492,1
71551,3
33607,1
8052,1
8057,3
8057,1
19969,1
33610,3
33610,1
82032,1
187276,3
357227,3
326829,1
190703,3
43192,1
8144,3
370918,3
163272,3
280961,1
319326,1
76146,3
76146,1
20487,1
228596,3
115420,3
226598,3
181607,3
42846,3
351029,3
300286,3
44505,3
205521,3
226601,3
194406,3
205617,3
316385,3
76097,3
202571,3
202572,3
226388,3
255223,3
25702,1
159144,1
344493,3
252897,3
45512,3
255004,3
8488,3
529246,3
529143,3
529226,3
42651,2
42651,3
362023,3
165518,3
346294,3
529220,3
529163,3
529184,3
529222,3
529245,3
53768,3
8489,3
8489,1
529125,3
152403,3
34043,3
256821,3
76796,3
133682,3
46833,3
34044,3
219713,3
165771,3
8487,3
335737,3
335737,1
272489,1
52867,3
8527,3
8527,1
73670,1
56765,3
56765,1
98895,1
96843,1
298858,1
300849,1
55851,3
55851,1
306856,3
306856,1
95812,3
232723,3
184359,1
515216,1
378065,3
360388,3
302227,3
282281,3
328112,3
170460,3
303133,3
212771,3
303101,3
334979,3
8681,3
78338,3
54427,3
125490,3
352423,3
219362,3
297714,3
297714,1
219913,3
221899,3
326594,3
326594,1
218852,3
159215,1
85324,1
40557,1
49692,1
329425,1
329424,1
523672,1
329296,1
523684,1
104971,3
104971,1
63784,3
63784,1
255878,3
273804,3
273804,1
347034,3
347034,1
371360,3
352984,3
352984,1
42181,3
42181,1
339325,3
339325,1
250261,3
250261,1
44080,3
44080,1
339326,3
339326,1
270021,3
108041,3
226355,3
164057,1
242848,3
83529,3
164944,3
153485,3
153485,1
227530,3
227530,1
335552,3
344349,3
326139,3
72900,1
240119,1
257873,3
257873,1
85364,3
85364,1
79576,3
256225,1
227539,3
227528,3
164043,1
327525,3
226356,3
222075,3
8752,3
8752,1
271433,3
271435,1
57580,3
57580,1
115679,3
115679,1
533377,3
315761,2
8768,2
209351,3
90522,3
136776,3
8827,3
40580,3
40772,1
102716,1
240502,3
240502,1
44889,3
44889,1
153489,3
153489,1
170813,3
53644,3
53644,1
78826,3
78826,1
226622,3
226622,1
144696,3
144696,1
77845,3
77845,1
44500,3
44500,1
193697,3
193697,1
52380,3
52380,1
86969,3
86969,1
49301,3
49301,1
301838,3
301838,1
262276,3
262276,1
87130,3
87130,1
83334,3
83334,1
318567,3
318567,1
226624,3
146386,3
146386,1
61488,3
61488,1
71598,3
71598,1
319428,3
319428,1
165760,3
165760,1
240505,3
240505,1
89441,3
91492,3
8989,1
25647,2
60155,3
9019,3
311254,2
9023,1
55743,3
55743,2
9029,3
9029,2
102362,3
114605,3
85660,3
41031,3
280944,3
177681,3
343804,3
343805,3
310824,3
291266,3
291264,3
290822,3
309642,3
339492,3
339473,3
106147,3
339096,3
177682,3
339069,3
339105,3
339098,3
339133,3
339135,3
339144,3
339145,3
282071,3
309643,3
310829,3
9151,3
54914,3
115115,3
9154,3
250575,3
176786,3
44784,3
41183,3
139952,3
137231,3
139953,3
139955,3
249904,3
249904,1
366049,1
365918,1
45959,3
292802,3
56562,3
117088,3
96921,3
87577,3
87577,1
373832,3
268310,2
269460,3
269460,1
300008,3
300008,1
80438,3
80438,1
74993,3
74993,1
121635,2
367366,2
367366,3
92139,3
92139,1
46701,3
46701,1
85178,3
363542,3
363542,1
250303,3
250303,1
293658,3
293658,1
152643,1
86615,1
525334,1
504637,2
504637,3
51597,2
290633,3
290633,1
141706,3
227957,3
227957,1
113113,2
47481,2
69553,2
350958,2
226708,2
61029,3
140848,1
522035,3
522035,1
9409,3
9409,1
130397,1
163364,3
166694,1
353797,3
353778,3
503305,3
124962,3
124962,1
171004,3
171004,1
371579,3
371579,1
371578,3
371578,1
165541,3
54849,3
196775,1
85960,3
378209,1
353991,1
517172,3
9440,1
9470,3
9471,3
300267,1
301236,1
194177,3
194177,1
202622,3
202622,1
106151,3
106151,1
119370,3
525182,3
105691,3
105691,1
152492,3
152492,1
105566,3
228611,1
49549,1
382579,1
300445,3
95843,1
9830,1
328048,3
328049,3
328049,1
329251,1
120561,1
158416,3
158416,1
224051,3
224051,1
9853,3
9853,1
102038,3
102038,1
58158,3
116266,3
116266,1
99223,3
99223,1
83413,3
83413,1
105037,3
105037,1
25520,1
133135,1
161415,1
177630,3
177630,1
103570,1
322344,1
124973,1
202817,1
124974,1
184601,3
184601,1
119601,1
196589,3
196589,1
253864,3
253864,1
328841,3
328841,1
142801,1
335182,3
329401,3
133148,1
301889,3
346146,3
328838,3
346145,3
106152,1
329300,3
329300,1
241829,1
311445,3
119603,1
329324,3
329324,1
507769,3
507769,1
124975,1
124976,1
318622,3
318622,1
119292,1
328894,3
328894,1
162468,3
119303,1
119293,3
119293,1
142998,1
290445,3
137336,1
119298,1
185798,3
185798,1
175704,1
189332,3
189332,1
280626,3
280626,1
183706,3
176032,1
328832,3
119294,1
119606,1
119608,1
302152,3
290444,3
119295,3
119295,1
124977,1
290443,3
176034,1
133480,1
302153,3
339194,3
277141,3
124978,1
119299,1
347374,3
177637,3
177637,1
133735,1
200462,3
200462,1
263393,3
263393,1
269884,3
119612,1
524471,3
524471,1
119613,1
124980,1
165448,1
162291,3
162291,1
233256,3
233256,1
176033,1
329384,3
142997,1
124981,1
233252,3
233252,1
143000,1
119304,1
244913,3
165450,3
165450,1
103356,3
103356,1
142099,1
119614,1
183712,3
236839,3
236839,1
524547,3
524547,1
200269,1
119006,1
249761,1
119300,1
202815,1
241836,1
202816,1
329366,3
119615,1
376679,1
165447,1
119004,1
119301,1
524490,3
524490,1
119616,1
524541,3
524541,1
176037,1
142996,3
142996,1
176030,1
119617,1
329381,3
329381,1
214925,3
251702,1
175700,3
175700,1
504304,3
504304,1
329373,3
244892,1
328849,1
517111,3
517111,1
62339,2
52697,3
292004,3
292004,1
66195,3
66195,1
130997,3
130997,1
126197,3
126197,1
40922,3
40922,1
524775,3
524775,1
346148,3
346148,1
177561,3
177561,1
124963,3
124963,1
141228,3
263551,1
231386,1
25423,1
272142,1
108777,3
108777,1
202437,3
202437,1
21850,1
119872,1
125396,3
125396,1
119254,1
119255,1
119256,1
119257,1
176788,1
178615,3
178615,1
60742,3
60742,1
505497,3
505497,1
159551,2
316210,3
316210,1
10009,1
351319,1
534887,1
10055,1
274651,3
284743,3
284743,2
10090,3
10090,2
239338,3
75002,1
20720,3
106155,1
332159,1
162116,1
70138,1
83740,1
53164,1
105461,1
48924,3
48924,1
164277,3
115494,3
115494,2
180492,3
180492,2
62232,3
62232,2
99179,3
99179,2
124378,3
124378,2
224151,3
224151,2
155842,3
155842,2
118185,3
118185,2
118182,3
118182,2
119053,3
119053,2
119071,3
119071,2
137382,3
191738,3
191738,1
310802,3
310802,1
270729,3
82425,3
82425,2
120348,3
120348,2
52515,3
52515,2
150678,3
150678,2
113857,3
113857,2
247633,3
247633,2
42050,3
42050,2
176047,3
176047,1
310801,3
310801,1
519595,2
251671,3
106162,3
106163,3
106164,3
310904,3
310904,1
310903,3
310903,1
309662,3
106165,3
310900,3
310900,1
137378,3
137383,3
116647,3
137379,3
310896,3
310896,1
137380,3
302520,3
176789,3
272147,3
317711,3
310834,3
84821,3
84821,1
520142,3
520142,2
518932,3
518932,2
520225,3
520225,2
67924,3
224156,3
224156,2
180008,3
180008,2
182433,3
182433,2
182434,3
182434,2
83295,2
51051,3
51051,2
92384,3
92384,2
270711,3
270711,2
247736,3
247736,2
231209,3
231209,2
231210,3
231210,2
231211,3
231211,2
231212,3
231212,2
231217,3
231217,2
124133,1
377002,1
137385,3
137385,1
137390,1
137391,1
137392,1
137393,1
192477,3
179923,3
10536,1
113858,1
99960,1
98034,3
253941,3
131778,3
232930,1
240045,3
240045,1
153916,1
89962,1
83138,1
55250,3
126532,1
126533,3
237816,1
90760,3
90760,1
217680,1
219152,1
52142,1
128267,1
128270,3
10571,1
57482,1
140384,1
142120,2
10574,3
10574,2
224180,1
208327,1
55028,3
224181,3
246267,3
246267,1
10602,1
91997,1
81196,1
286306,1
120455,1
85823,1
308561,1
120944,1
100465,1
386680,3
51771,3
369114,3
45008,1
269854,1
293190,3
293190,1
91996,3
182435,3
58271,1
318959,1
228332,3
228332,2
341524,1
156752,1
178129,3
159701,3
352988,3
271891,3
197141,3
197141,1
55734,3
55734,1
507236,3
507236,1
250935,3
250935,1
177542,3
177542,1
96193,3
96193,1
70002,3
70002,1
305907,3
305907,1
305908,3
305908,1
305906,3
305906,1
389087,1
507309,1
507195,3
507195,1
507328,1
507651,1
507402,1
507241,1
507648,1
55731,3
55731,1
269603,1
232081,3
232081,1
61088,3
61088,2
118966,3
119259,3
118969,3
118965,3
118970,3
118968,3
247109,3
247106,3
247105,3
247107,3
500461,3
106182,3
247108,3
346698,3
346698,1
247136,3
247136,1
10927,3
10927,1
49151,3
49151,2
61824,3
61824,2
241900,3
241900,2
311023,3
43325,3
135369,3
75701,3
83663,1
105551,3
105551,1
83281,3
83281,1
240503,1
353559,1
110802,3
352989,3
352989,1
98007,3
98007,2
104587,3
104587,2
90255,3
90255,2
211930,3
211930,1
63599,3
11052,3
161148,3
161148,2
156460,3
156460,2
335062,3
335062,1
155867,3
155867,1
79976,3
79976,2
76117,3
76117,1
150184,3
150184,1
69415,3
69415,2
108057,3
108057,1
145017,3
145017,1
11066,3
159835,1
524466,1
307045,1
378435,1
21000,3
176792,3
176792,2
533308,3
533308,2
87320,3
87320,2
183843,3
183843,2
142625,3
184687,1
11160,3
356179,3
349910,3
343015,3
358916,3
49747,3
43383,1
72850,1
11214,1
222124,1
222124,3
226326,3
226326,1
228053,3
228053,1
277369,3
277369,1
231441,3
231441,1
344520,3
344520,1
316855,3
316855,1
122390,3
122390,1
53030,3
53030,1
99369,3
99369,1
162683,3
162683,1
76197,3
76197,1
75970,3
75970,1
178475,3
178475,1
91979,3
91979,1
70063,3
70063,1
11258,3
11258,1
55130,3
55130,1
67843,3
67843,1
159930,3
159930,1
367906,3
367906,1
131781,3
131781,1
273594,3
273594,1
194779,3
194779,1
224288,3
224288,1
70107,3
70107,1
106186,3
219247,3
229198,3
221374,3
175580,3
270733,3
11287,3
11287,1
232744,3
232744,1
41558,3
162013,3
259183,3
219235,3
221375,3
388477,3
388459,3
388459,1
149376,3
149376,1
120807,3
120807,1
338852,3
338852,1
46199,3
46199,1
207842,3
207842,1
314755,3
314755,1
175775,3
175775,1
388526,3
388526,1
235664,3
235664,1
193134,3
87024,3
87024,1
73450,3
73450,1
252902,3
252902,1
73307,3
73307,1
73308,3
73308,1
57694,3
57694,1
529185,3
72234,3
377199,3
44201,3
120727,3
120727,1
60427,3
60427,1
369082,3
54998,3
54998,1
166985,3
166985,1
292083,3
51667,3
315138,3
230699,3
133495,3
133495,1
94703,3
94703,1
68564,3
68564,1
217925,3
217925,1
65804,3
65804,1
65489,3
115685,3
175337,3
175337,1
67449,3
389019,3
321582,3
43625,3
249913,3
175339,3
175339,1
193148,3
207854,3
207854,1
136599,3
77796,3
77796,1
180364,3
270839,3
110463,3
52855,3
317287,3
84433,3
84433,1
56112,3
56112,1
46955,3
46955,1
108857,3
108857,1
132800,3
68670,3
203128,3
230713,3
104736,3
104736,1
529214,3
265433,3
265433,1
99309,3
99309,1
65791,3
112033,3
59486,3
59486,1
371162,3
371162,1
84434,3
111404,3
111404,1
46957,3
312018,3
180369,3
49199,3
238963,3
67205,3
529122,3
78688,3
45675,3
217721,3
217721,1
349508,3
284564,3
284564,1
288300,3
177840,3
177840,1
133512,3
133512,1
55053,3
55053,1
212163,3
42864,3
42864,1
294472,3
294472,1
71350,3
193165,3
67750,3
67750,1
203398,3
203398,1
136618,3
136618,1
177837,3
177837,1
110485,3
110485,1
63289,3
177832,3
177832,1
63290,3
75802,3
75802,1
111867,3
166999,3
245309,3
245309,1
529108,3
44218,3
44218,1
235732,3
78505,3
78505,1
207878,3
75808,3
75808,1
52357,3
529213,3
176946,3
176946,1
306014,3
306014,1
154302,3
132816,3
100160,3
220758,3
77600,3
282545,3
49012,3
257362,3
179703,3
179703,1
140194,3
140194,1
154303,3
79220,3
44733,3
44733,1
378085,3
109676,3
331275,3
187293,3
51598,3
194307,3
529234,3
175367,3
175367,1
279412,3
87603,3
87603,1
280382,3
280382,1
79197,3
258481,3
200054,3
83843,3
83843,1
54408,3
60537,3
57383,3
43523,3
43523,1
353698,3
328952,3
245298,3
245298,1
87518,3
239081,3
114749,3
114749,1
297102,3
73469,3
73469,1
114750,3
114750,1
97439,3
97439,1
220713,3
220713,1
211689,3
211689,1
71638,3
64219,3
42373,3
336763,3
71316,3
71316,1
245294,3
80319,3
80319,1
207907,3
207907,1
154307,3
226959,3
238869,3
238869,1
112310,3
286204,3
286204,1
387830,3
121085,3
108668,3
193204,3
193204,1
66362,3
78275,3
78275,1
535609,3
81619,3
315071,3
326372,3
175377,3
175377,1
291342,3
65826,3
233973,3
62325,3
220707,3
220707,1
80888,3
80888,1
86428,3
86428,1
99878,3
99878,1
361632,3
361632,1
41966,3
43962,3
288301,3
51359,3
51359,1
177843,3
177843,1
50859,3
77254,3
77254,1
304158,3
180401,3
180401,1
338271,3
235114,3
335128,3
284612,3
177839,3
177839,1
239083,3
86616,3
529096,3
344530,3
344530,1
43432,3
43432,1
59960,3
59960,1
85495,3
344531,3
344531,1
304162,3
257383,3
257383,1
536262,3
291362,3
291362,1
351630,3
111716,3
111716,1
125860,3
108833,3
108833,1
98985,3
111717,3
167026,3
167026,1
108135,3
108135,1
175758,3
133551,3
133551,1
306891,3
529877,3
89723,3
89723,1
363888,3
363888,1
60696,3
60696,1
92010,3
315111,3
315111,1
45733,3
47788,3
370609,3
370609,1
65444,3
85129,3
175393,3
175393,1
113523,3
113523,1
52699,3
52699,1
42454,3
193219,3
95120,3
95120,1
211688,3
211688,1
221564,3
221564,1
297378,3
101418,3
24054,3
24054,1
111884,3
111884,1
374293,3
374293,1
24041,3
96695,3
96695,1
24044,3
24044,1
224337,3
387031,3
387031,1
11366,3
11366,1
55965,3
32843,3
279788,3
224350,3
224350,1
11374,3
224352,3
224356,3
87113,3
207883,3
207883,1
11375,3
11375,1
11376,3
11376,1
207394,3
218248,3
229086,3
11382,3
98650,3
98650,1
43895,3
43895,1
329747,3
329747,1
11384,3
11384,1
95085,3
95085,1
134068,3
134068,1
76534,3
76534,1
529914,3
529914,1
11396,3
96191,3
96191,1
11401,3
11401,1
224367,3
224367,1
272006,3
287390,3
287390,1
287391,3
287392,3
287392,1
224374,3
224374,1
60780,3
73665,3
212230,1
196591,2
51684,2
72084,1
360319,1
360319,3
500021,3
500021,1
127444,3
127444,1
500055,3
500055,1
371912,1
371912,3
515097,3
352920,3
352920,1
376667,3
376667,1
229691,3
229691,1
326982,3
326982,1
141476,3
141476,1
155729,3
155729,1
326980,3
326980,1
155840,3
155840,1
305009,3
305009,1
327045,3
327045,1
380172,1
380172,3
311809,1
311809,3
87941,3
515143,3
515143,1
515144,3
515144,1
295107,3
505375,3
371659,1
371659,3
139423,3
139423,1
177508,3
286015,1
286015,3
143650,3
143650,1
338951,3
338951,1
281487,3
281487,1
388671,3
365328,1
365328,3
365326,1
365326,3
212016,3
212016,1
388615,3
388615,1
388652,3
388652,1
190981,3
190981,1
269234,3
365920,1
365920,3
360316,1
360316,3
190189,3
143654,3
143654,1
250008,1
250008,3
379014,1
379014,3
308119,3
308119,1
250010,3
380398,3
380398,1
127445,3
127445,1
515273,3
515273,1
515274,3
515274,1
316656,3
316656,1
361027,1
361027,3
351243,1
351243,3
388618,3
351244,3
351245,3
351245,1
356971,1
356971,3
359123,3
310556,3
310556,1
338950,3
338950,1
388670,3
388670,1
298445,3
298445,1
388666,3
365329,1
365329,3
365327,1
365327,3
307047,3
307047,1
388659,3
367785,1
367785,3
311815,1
311815,3
367783,1
367783,3
201646,3
201646,1
11451,3
11451,1
140209,3
140209,1
11452,3
11452,1
210900,1
210900,3
49165,3
49165,1
54585,3
54585,1
138290,3
131032,3
131032,1
11455,3
181754,1
181754,3
156467,3
82110,3
533319,3
86045,3
76408,3
106193,3
237849,3
106192,3
272270,3
272270,1
103915,3
103915,1
379111,3
69785,3
170639,3
42579,3
536809,3
50571,3
197009,3
116163,3
121186,1
380393,1
143586,1
139240,1
63221,3
63221,1
116502,1
342117,1
155838,1
320190,1
11649,1
319182,1
319183,1
319210,1
319205,1
328820,1
319198,1
283901,1
319215,1
87285,1
319194,1
319213,1
319212,1
319202,1
319217,1
369465,1
63207,1
113570,1
319207,1
347167,1
283905,1
319208,1
283893,1
228404,1
240130,1
283912,1
75671,1
201995,1
505463,1
319184,1
319221,1
116501,1
319195,1
136293,1
319188,1
319211,1
521021,1
135287,1
226027,1
320247,1
87286,1
64038,1
113583,1
59962,1
43433,1
69873,1
117467,1
505460,1
122357,1
121431,1
320191,1
154321,1
50957,1
86595,1
320192,1
320196,1
151287,1
321520,1
122353,1
128582,1
115422,1
144466,1
192946,1
86498,1
110888,1
194762,1
522899,1
86499,1
80409,1
159009,1
45503,1
386433,3
386433,1
386510,3
386510,1
386487,3
386487,1
386516,3
386516,1
271858,1
273522,1
65393,1
105623,1
105624,1
522898,1
522875,1
522874,1
96931,1
69658,1
522873,1
125600,1
111474,1
85442,1
82057,1
263768,3
525024,1
525004,1
525019,1
525126,1
525039,1
524983,1
525059,1
524967,1
525121,1
525101,1
528886,1
525003,1
525001,1
24959,1
301166,1
11933,1
233886,1
11938,1
76409,1
11945,1
277406,1
11950,1
11952,1
260617,1
11960,1
11962,1
71513,1
352991,1
353377,1
370016,1
302591,1
370017,1
375188,1
308680,1
311824,1
312806,1
311825,1
363286,1
271025,3
271025,1
288950,1
323096,1
323095,1
347807,1
361722,1
379021,1
49447,1
528711,1
55887,1
55856,1
353983,1
108480,1
57253,1
52857,1
348101,1
348152,1
351246,1
349987,1
361821,1
528752,1
371662,1
323098,1
323097,1
368055,1
311829,1
312807,1
311828,1
506952,1
351334,1
361823,1
317685,1
362881,1
374019,1
306481,1
379020,1
89048,3
211602,3
60508,3
235081,3
327493,3
50979,3
195422,3
63222,3
110044,3
42157,1
503764,3
12061,3
12090,1
249647,3
249647,1
31345,3
31345,1
183989,3
183989,1
212155,3
212155,1
255926,1
183993,3
183993,1
183994,3
183994,1
224429,3
224429,1
308708,1
152524,1
224431,3
224431,1
152066,3
152066,1
366037,3
366037,1
366124,3
366124,1
366129,3
366129,1
366130,3
366130,1
366132,3
366132,1
366135,3
366135,1
366144,3
366144,1
366148,3
366148,1
366152,3
366152,1
366159,3
366159,1
366198,3
366198,1
366238,3
366238,1
366277,3
366277,1
366304,3
366304,1
366320,3
366320,1
366321,3
366321,1
366325,3
366325,1
366331,3
366331,1
366413,3
366413,1
366453,3
366453,1
366455,3
366455,1
366464,3
366464,1
366489,3
366489,1
366495,3
366495,1
366516,3
366516,1
366553,3
366553,1
366780,3
366780,1
366790,3
366790,1
366796,3
366796,1
525860,3
525860,1
526473,3
526473,1
12223,1
296494,1
25474,1
93873,1
67930,1
307048,1
117015,1
12233,1
247104,1
241827,1
77482,1
137443,1
168727,1
168728,1
269961,1
100504,1
116983,1
274774,1
274773,1
97738,1
369311,1
12234,3
12234,1
44312,3
44312,1
219489,3
219489,1
78190,3
78190,1
197317,3
197317,1
255750,3
255750,1
52808,3
52808,1
221598,3
221598,1
115876,3
115876,1
154400,3
154400,1
42178,3
42178,1
271609,3
271609,1
50836,1
220909,3
220909,1
50837,3
50837,1
84602,3
84602,1
276686,3
276686,1
204291,3
204291,1
64304,3
64304,1
216915,3
216915,1
102908,3
102908,1
268926,3
268926,1
162014,3
162014,1
108483,3
108483,1
326499,3
326499,1
78804,3
78804,1
348220,3
348220,1
154412,3
154412,1
154413,3
154413,1
50928,3
50928,1
320807,3
320807,1
296832,3
296832,1
138724,3
138724,1
169091,3
56687,1
350966,1
184612,1
217466,1
383962,1
217460,1
114400,1
217459,1
178580,1
83997,1
164294,1
153089,3
153089,1
312144,3
286203,1
338243,1
327506,1
43151,3
120026,3
339238,3
68186,3
68186,1
171825,3
171825,1
81452,1
225988,1
227779,1
119657,1
515442,3
44832,1
61014,3
73969,1
49560,1
49824,1
61706,1
52967,1
66675,1
52195,1
57852,1
64561,1
150277,1
55591,3
101428,1
294041,1
47983,1
351336,1
51803,1
174999,1
174999,3
217107,1
361928,1
254772,1
75206,1
111497,1
54657,1
61052,1
66420,1
60576,1
86690,1
297616,3
86729,1
103463,1
270821,3
59217,1
79754,1
150278,1
74166,1
52835,1
59395,1
272908,1
52455,1
112099,1
109320,1
70117,1
134485,1
298864,1
150279,1
56947,3
295437,1
78562,1
194192,1
102311,1
215848,1
43378,1
70335,1
80314,1
67323,1
61940,1
42798,3
515445,1
129152,1
207449,1
68351,1
79978,1
46090,1
67219,1
83323,1
116239,1
83325,1
76066,1
134491,1
181551,1
72344,1
147002,1
49582,1
150283,1
252031,1
87620,1
251813,1
63729,1
44812,1
84194,1
53301,1
79891,1
104412,1
526053,1
151649,1
241616,1
44986,1
66311,1
60900,1
52061,1
151651,1
83793,1
79290,1
142016,1
171822,1
45085,1
47457,1
108354,1
55122,1
61249,1
61250,3
77072,1
46444,1
86713,1
64031,1
68595,1
225967,1
251811,1
388435,1
76822,1
105735,1
69425,1
150280,1
54677,3
56812,1
156950,1
59718,3
355294,1
526600,1
291268,1
363782,1
77226,1
67406,1
111653,1
104014,1
72738,1
56854,1
194934,1
137555,1
43275,1
371980,1
86678,1
141976,1
48079,1
57255,1
214871,3
77491,1
181558,1
67649,1
72210,1
62032,1
70375,1
68632,1
69572,1
195942,1
272911,3
254779,1
54958,1
195529,1
195529,3
67995,1
227772,1
227771,1
227771,3
60262,1
195943,1
51934,1
47745,1
179751,1
107958,1
53908,1
67165,1
72256,2
72256,1
71148,1
196010,1
78103,1
122088,1
70594,1
161685,1
195944,1
174321,1
144181,1
317751,1
363753,1
53573,1
53573,2
57780,1
53787,1
163924,1
77912,3
174322,1
87336,1
110229,1
79016,1
79016,3
53241,1
50881,3
195945,1
344264,1
85847,1
195986,1
294378,1
164948,1
151659,1
134519,1
343060,1
62442,1
65144,1
62373,1
52565,1
50839,1
227330,1
106209,1
215837,3
82575,1
82575,3
269133,1
269133,3
124873,1
74073,1
47302,1
74430,1
102831,1
84766,3
362026,3
48559,1
60952,1
60056,1
44687,1
195946,1
184691,1
61643,1
77231,1
327447,1
64563,1
122242,1
59806,1
64141,1
299861,1
194066,1
75789,3
85682,1
78403,1
78404,1
56786,1
77873,1
83458,1
70638,1
116819,1
56346,3
370833,1
78753,1
303474,1
79851,1
61256,1
75115,3
68761,1
144179,1
45720,1
87477,1
46731,1
150281,1
70712,1
181928,1
215843,1
78653,3
51878,1
195947,1
195948,1
59491,1
42666,1
82196,1
68604,1
73732,1
81473,1
50370,1
253772,1
315668,1
66222,1
150276,1
166826,1
102559,1
304354,1
320717,1
135505,1
524658,1
524450,1
525651,1
524525,1
57209,1
60190,3
60190,1
72506,1
355659,1
526402,1
355700,1
103854,1
177449,1
325104,1
327446,1
50981,1
292480,1
44384,1
355711,1
184690,1
363785,1
106211,1
12384,1
77426,1
41422,1
224455,1
336270,1
43379,1
86807,1
152689,1
194197,1
76828,1
187931,1
187931,3
12402,1
27782,1
388984,1
224465,3
51420,1
50682,1
251605,1
160287,1
224458,1
160286,1
228927,1
320522,1
285764,1
66850,1
279726,1
46761,1
86913,1
307919,1
253204,1
58164,1
315351,1
314477,1
276288,1
276291,1
276289,1
276290,1
340723,1
126235,1
224489,3
224489,1
196339,3
196339,1
169974,3
169974,1
340725,1
340724,1
340721,1
296075,1
340722,1
135103,3
135103,1
314478,1
324984,1
324985,1
324986,1
324987,1
137434,1
271612,1
128300,1
93160,1
221908,3
121863,3
121863,1
299249,3
184027,3
184028,3
184028,1
371417,3
303635,3
276292,3
184030,3
184029,3
184029,1
299246,3
303637,3
221909,3
299247,3
303636,3
299252,3
299252,1
299254,3
221906,3
221907,3
221907,1
303634,3
370768,3
299250,3
55889,3
49221,3
172993,3
41248,3
122214,3
135855,3
122215,3
122217,3
181929,3
104042,3
112445,3
139330,3
104119,3
114785,3
104726,3
41216,3
250591,3
104064,3
308686,3
105600,3
525761,1
373673,1
119281,1
120084,3
120084,1
120498,3
120498,1
120499,1
303687,3
303687,1
303688,1
303693,1
303715,3
303715,1
303716,1
149054,3
149054,1
149055,1
149056,1
106213,3
106213,1
106214,1
25141,3
25141,1
305805,3
305805,1
132256,1
280580,1
23945,1
370736,1
338812,1
327508,1
338813,1
328760,1
332971,1
119644,1
12605,1
408866,1
256660,3
256660,1
143387,1
256665,3
256665,1
143381,1
505089,3
505089,1
352996,1
352996,3
224516,1
235864,1
235869,1
235870,1
235877,1
41996,1
238632,3
238632,1
12712,3
98939,1
45767,1
73455,1
184692,1
373686,1
190045,1
124163,1
176794,1
150954,1
171212,3
307923,3
115904,1
74086,1
66924,1
116712,1
78897,1
103227,1
54051,1
81728,1
49124,1
56257,1
72783,1
115883,3
127419,3
127419,1
134151,3
134151,1
87740,3
87740,1
286030,3
65455,1
101435,1
308687,3
13029,3
13030,3
327835,3
163114,3
163113,3
163115,3
112457,3
165575,3
145942,1
13216,1
388690,1
154456,3
225998,3
220628,3
220628,1
238028,3
201488,3
201488,1
117127,3
117127,1
317223,3
59954,3
59954,1
182288,3
182288,1
282522,3
160526,3
194428,3
194428,1
116506,1
347426,3
13263,3
13263,1
268723,3
268723,1
61165,1
62828,1
56427,3
517834,1
139250,1
297299,1
100542,3
100542,1
301185,1
304947,3
304947,1
13635,3
13635,1
304946,3
304946,1
304870,1
13649,1
124572,1
61690,2
27272,3
27272,1
297380,3
297380,2
86610,3
86610,2
182333,2
178755,3
178755,2
195623,3
195623,2
124251,3
124252,3
124253,3
124254,3
103845,3
104927,3
238726,3
166302,3
81172,3
73257,3
325002,3
325004,3
124256,3
124257,3
124261,3
176795,3
176796,3
176797,3
368079,3
354028,3
354028,2
101486,3
101486,1
13802,3
13805,3
61874,3
131697,1
131695,1
78912,3
13835,1
192437,3
231175,3
13871,3
13871,2
26147,3
506953,3
506953,2
354060,3
354060,2
506954,3
506954,2
120504,3
96578,3
21308,3
124700,3
206270,3
528744,3
14152,3
236056,3
236056,1
84470,3
84470,1
234849,2
62645,2
295901,2
52015,3
52015,2
295473,2
86955,3
86955,2
14352,3
359804,3
119099,3
121191,3
295685,2
14358,3
246095,2
14373,3
14373,2
81742,3
81742,2
119402,3
119405,3
119407,3
119408,3
14402,1
76221,1
194783,1
104815,1
273653,1
111312,1
45476,1
14437,1
82322,1
64224,3
64224,1
184358,1
325013,1
85696,1
14525,1
14532,3
63240,3
320843,3
63241,3
84443,3
84443,1
206094,3
206094,1
522892,3
522892,1
160913,3
196487,3
160920,2
103012,2
302789,3
97116,3
371667,3
298052,3
298052,1
337186,3
119764,3
205688,3
518782,3
510563,3
512092,3
512346,3
111857,3
525362,3
525362,1
525158,3
525158,1
525285,3
525285,1
335710,3
384716,3
384716,1
351662,3
360335,3
360335,1
504746,3
504746,1
511930,3
504337,3
500565,3
500565,1
511917,3
163759,3
58008,3
68850,3
500534,3
500534,1
357483,3
388079,3
384711,3
384712,3
500655,3
384713,3
363839,3
500641,3
500641,1
269365,3
281349,3
286222,3
500653,3
500573,3
286813,3
384709,3
384714,3
386849,3
172998,3
173000,3
380132,3
100327,3
47500,3
380135,3
384715,3
384710,3
173003,3
237495,3
237495,1
500614,3
187051,3
503212,3
511213,3
511250,3
510899,3
510922,3
510954,3
501576,3
501751,3
510579,3
502646,3
510458,3
271662,3
165944,3
173001,3
363840,3
226391,3
193603,3
153500,3
388078,3
237329,3
500560,3
500554,3
500607,3
176493,3
163022,3
518715,3
519433,3
519291,3
518128,3
518569,3
172999,3
500571,3
510365,3
526467,3
510821,3
351775,3
500592,3
139252,3
383358,3
507883,1
200456,3
103037,3
376020,3
297981,3
176798,3
202106,3
370082,1
216435,3
216435,1
209641,1
119666,3
119667,3
119667,1
103965,3
103965,1
122396,3
122396,1
536807,1
368264,1
521312,1
500301,1
26902,1
181786,3
181786,1
104456,3
104456,1
318703,3
318703,1
137435,3
137435,1
103858,3
103858,1
302796,3
302796,1
258844,3
258844,1
370245,3
370245,1
370246,3
370246,1
370247,3
370247,1
344289,3
109652,3
109652,1
80822,3
102349,3
102349,1
291575,3
291575,1
376668,1
375076,1
81577,1
371611,1
28974,3
28974,1
221241,1
221241,3
44255,1
272971,1
41249,1
113727,3
113727,1
180018,3
180018,1
217795,1
131377,3
131377,1
370228,1
370229,3
370229,1
166511,3
166511,1
61748,1
121058,3
121058,1
131402,1
101887,3
101887,1
280505,3
280505,1
523541,3
523541,1
523542,3
523542,1
375083,3
375083,1
153224,3
153224,1
106240,3
106240,1
306876,3
306876,1
523539,3
523539,1
523540,3
523540,1
182439,3
182439,1
280970,3
280970,1
79277,1
526238,3
351096,3
24957,1
76165,1
198029,1
212238,1
245420,1
227212,1
184693,3
184693,1
374024,1
24410,1
16483,1
109272,1
16495,3
359806,3
21664,3
250131,3
102294,1
108960,1
249764,1
135780,1
270383,3
313899,3
280996,1
174526,1
282055,1
313900,1
280999,1
240054,1
350496,3
350496,1
376805,3
376805,1
368282,3
368282,1
267544,3
267544,1
333022,3
333022,1
350028,3
350028,1
374270,3
374270,1
68299,1
256456,3
256456,1
195058,1
81379,1
251966,3
251966,1
237853,1
106241,1
102398,3
102398,1
118972,3
118972,1
161157,3
161157,1
280974,3
280974,1
273387,3
154653,3
45049,3
99912,3
370264,3
370264,1
370285,1
16836,3
16836,1
16840,1
370271,3
370271,1
370275,3
370275,1
370279,3
370279,1
502409,3
502409,1
370274,3
370274,1
344562,1
16911,2
64283,1
86581,1
64878,3
64878,1
77151,3
77151,1
16976,1
56213,1
80784,1
271859,1
17005,3
17005,1
274632,3
274632,1
17035,3
17055,3
51977,3
359627,1
361094,1
367752,1
176707,1
104106,1
245759,3
161209,3
71279,3
17238,1
385478,1
110374,3
27299,1
24482,3
24982,3
17271,3
153464,3
529618,1
368291,3
368291,1
368292,3
368292,1
517902,3
90101,3
90101,1
518022,1
518069,3
161254,1
280590,1
518096,1
518061,1
518014,1
518011,1
518114,1
518098,1
43647,3
43647,1
518110,3
518064,3
518076,3
176680,3
176680,1
67030,3
67030,1
17343,1
293431,3
293431,1
98038,1
518059,1
17359,1
137397,3
137398,3
176799,3
17364,3
272188,3
300944,3
316065,2
82232,3
318367,3
17434,3
17434,1
17451,3
17451,1
57516,3
57516,1
515463,3
42062,3
362922,3
148755,3
516793,3
327634,3
133353,3
381121,3
240692,1
50965,3
50965,1
52620,3
80559,3
202975,3
260928,3
310668,3
60448,3
310667,3
132509,3
220854,3
220854,1
87292,3
294787,3
386606,3
168354,3
255676,3
72555,3
70079,3
68043,3
269938,3
119826,3
308676,3
353103,3
85527,3
349986,3
297235,3
306773,3
105522,3
105522,1
65923,3
65923,1
110500,1
22441,1
166592,1
58906,1
190294,3
206571,3
44166,3
53428,3
115251,3
328423,3
516568,3
522893,1
52884,3
19858,1
202054,3
53713,3
109100,3
371663,3
360135,3
351849,3
217883,3
343970,3
336156,3
325955,3
325957,3
300159,3
374592,3
311325,3
343973,3
351860,3
350222,3
316638,3
203550,3
272191,3
360140,3
256094,3
281521,3
228638,3
288160,3
103997,3
286031,3
60061,3
60061,1
60062,3
60062,1
374984,3
374984,1
184694,1
280034,3
280034,1
280038,3
280038,1
106270,3
106270,1
280037,3
280037,1
280036,3
280036,1
151627,3
151627,1
177359,3
177359,1
176840,1
106246,3
106246,1
279925,3
279925,1
106250,3
106250,1
106251,3
106251,1
106252,3
106252,1
106256,3
106256,1
106257,3
106257,1
106263,3
106263,1
106264,3
106264,1
106265,3
106265,1
106266,3
106266,1
106269,3
106269,1
279937,3
279937,1
279926,3
279926,1
197967,3
195027,3
232331,3
232331,2
329127,3
329127,2
161521,3
373165,3
269629,3
18097,3
66108,3
66108,1
176714,3
176714,1
177476,3
177476,1
291828,3
291828,1
378501,3
378501,1
507855,3
362025,3
507856,3
18219,3
344306,1
74374,1
318418,1
87678,1
160090,1
20792,1
18280,3
156419,1
522212,1
522211,1
517595,1
517723,1
534426,1
522086,3
536479,1
517603,1
530559,1
533946,1
526651,1
522218,1
517656,1
517731,1
517613,1
517630,1
517698,1
517685,1
517644,1
140077,3
517692,1
517626,1
517732,1
534149,1
517679,1
517615,1
534671,1
517736,1
534844,1
534823,1
18299,3
18299,1
517917,1
517918,1
275982,1
293231,1
18305,3
18305,2
534927,1
517919,1
517734,1
517920,1
521889,1
517921,1
517922,1
517923,1
524416,1
517651,1
517664,1
517662,1
517617,1
534531,1
517614,1
517629,1
304463,1
86017,3
82385,3
374660,3
537119,3
82054,3
82054,2
82054,1
76701,3
76701,1
244857,3
244857,1
98431,3
121167,3
121167,1
85344,3
85344,2
232342,3
232342,1
91062,1
18438,1
234080,1
226003,3
226003,1
370793,3
370793,1
55686,1
234556,3
234556,1
106276,3
69956,3
69956,1
87494,1
285799,1
115258,1
271684,1
87723,1
45301,1
126755,1
18482,1
202248,1
18483,1
115970,1
222097,1
219585,1
82725,1
136991,1
240747,1
56814,1
225752,3
225752,1
351542,1
277414,3
277414,1
322417,3
322417,1
45151,1
226381,1
277415,1
229384,1
333603,1
80637,3
80637,1
46934,1
343133,1
290607,3
290607,1
285430,3
285430,1
76910,1
282485,3
282485,1
292055,1
270348,1
72932,1
182804,1
60923,1
343518,3
343518,1
70368,1
75225,1
525748,3
525748,1
79912,1
68328,1
207055,3
207055,1
322421,3
322421,1
375668,3
375668,1
333610,1
359893,3
359893,1
147553,3
147553,1
48222,1
44129,1
249914,3
249914,1
155522,1
370832,1
304520,1
280123,1
72660,1
73083,3
73083,1
86346,1
343135,1
258038,1
343156,1
48223,3
48223,1
155500,3
155500,1
136988,1
333614,3
333614,1
84891,1
115686,3
115686,1
51166,1
333615,1
526108,1
62022,1
69379,1
154811,1
357488,1
147680,3
147680,1
218922,3
218922,1
226629,3
226629,1
194308,3
194308,1
104294,3
104294,1
322503,1
249715,1
240803,3
240803,1
302918,1
327042,3
327042,1
346666,3
346666,1
322313,3
322313,1
155501,3
155501,1
526013,1
241924,3
241924,1
307795,1
526042,1
119309,1
84745,1
333620,1
154286,3
154286,1
192016,1
307796,1
147556,3
147556,1
103433,1
351543,1
67640,1
226382,3
226382,1
277501,1
207062,3
207062,1
64225,1
344573,3
344573,1
147558,1
344572,3
344572,1
345438,3
345438,1
353001,3
353001,1
322507,3
322507,1
367932,3
367932,1
50189,1
84686,1
119323,1
98666,1
44130,3
44130,1
79882,1
221879,1
307798,1
389080,1
520711,1
71674,1
58109,1
269311,3
269311,1
300304,3
300304,1
277559,3
277559,1
189908,1
54979,3
54979,1
367933,3
367933,1
62251,1
298141,3
298141,1
533204,1
78678,1
58266,1
219408,1
289547,3
289547,1
306527,1
344815,3
344815,1
48995,3
48995,1
333628,1
82694,1
258088,1
193700,1
285436,1
239101,1
50015,1
56815,1
155505,1
75480,1
333821,3
333821,1
104473,1
50666,1
335630,3
335630,1
240810,1
307800,1
240811,1
333630,1
62023,1
69380,1
78592,1
52602,1
358268,1
389074,1
97391,1
389081,1
277586,3
277586,1
219427,1
275434,1
322436,3
322436,1
55403,1
239103,1
193976,3
193976,1
42239,1
258093,3
258093,1
333641,3
333641,1
44151,1
50089,1
95689,1
277805,3
277805,1
220413,1
239104,3
239104,1
59480,1
154264,1
84687,1
67056,1
333643,1
194311,3
194311,1
265874,1
77814,1
75315,3
75315,1
239105,1
79883,3
79883,1
277810,3
277810,1
389076,1
71675,1
389073,1
155526,1
258097,1
339533,1
525624,1
382276,1
280530,3
280530,1
50770,3
50770,1
56658,1
80282,3
80282,1
72380,1
91474,1
525274,1
154266,1
384068,1
389075,1
240703,1
273388,1
205810,1
147642,3
147642,1
147682,1
56816,1
286209,1
84270,3
84270,1
280165,1
194042,1
322527,1
258102,1
525670,1
343934,3
343934,1
294473,1
154288,3
154288,1
280532,1
128430,1
349896,1
193699,3
193699,1
84854,3
84854,1
359917,1
64866,1
243079,3
243079,1
64867,3
64867,1
358269,3
358269,1
271723,1
81048,1
47336,3
47336,1
96988,1
59574,1
207080,3
207080,1
359818,1
383302,1
524707,1
51204,1
307801,1
58720,1
121592,3
121592,1
322315,1
526028,3
526028,1
525751,3
525751,1
194056,1
389082,3
389082,1
283551,3
283551,1
151524,3
151524,1
333674,1
349482,3
349482,1
58625,1
58626,1
104243,1
155507,1
333823,3
333823,1
197864,1
69894,1
44742,1
244206,1
70021,3
70021,1
333677,1
63552,1
155508,3
155508,1
389077,1
65788,1
345996,3
345996,1
69765,1
241919,1
258125,3
258125,1
333679,3
333679,1
48038,1
64092,3
64092,1
308038,3
308038,1
72591,1
322546,1
323743,1
333682,1
48039,1
271726,1
154290,1
79285,1
197865,1
280164,1
333684,1
56799,1
273399,3
273399,1
525897,1
359821,1
277958,1
384069,1
360346,1
74898,1
48019,1
338759,3
338759,1
277961,1
298142,1
154267,1
53579,1
73032,1
239107,3
239107,1
76001,3
76001,1
52149,1
56357,1
389083,1
154291,1
182809,3
182809,1
66281,1
74226,1
44522,1
45098,1
58009,1
67612,1
58352,1
80459,1
258163,3
258163,1
77523,3
77523,1
368093,1
45713,1
157111,3
157111,1
389084,1
227956,1
243077,1
74419,1
355945,3
355945,1
244277,1
275433,1
372843,1
147726,1
194787,1
217495,1
77444,1
193706,3
193706,1
358267,3
358267,1
72480,1
524453,1
45510,1
85071,1
333824,3
333824,1
61718,1
258170,3
258170,1
306524,3
221450,3
221450,1
526038,1
72369,3
72369,1
84028,1
333693,1
68618,3
68618,1
119316,3
119316,1
70766,1
70766,3
43762,1
50562,1
104780,1
375818,1
84029,1
525178,1
322574,1
167194,3
167194,1
182920,1
383542,1
336765,3
336765,1
85622,1
43763,1
50563,1
322577,3
322577,1
258211,3
258211,1
511752,1
63617,1
76832,1
278079,1
225771,1
155514,1
289693,3
289693,1
525357,1
300305,1
372845,3
372845,1
92114,1
282505,3
282505,1
76685,1
211683,1
102718,3
102718,1
278081,3
278081,1
270627,1
147727,1
333700,3
333700,1
72909,3
72909,1
87177,1
253203,1
42924,1
333701,3
333701,1
322584,3
322584,1
379093,1
249444,1
379094,1
322589,1
533470,1
322591,1
294474,1
389078,1
375340,1
157117,3
157117,1
81323,1
383305,1
66436,1
280632,3
280632,1
211682,3
211682,1
258193,3
258193,1
333706,3
333706,1
154269,3
154269,1
147672,1
73434,1
68111,1
70743,3
70743,1
375341,1
280124,1
157114,3
157114,1
84081,1
98684,1
155532,1
322600,3
322600,1
315426,1
211684,3
211684,1
76614,1
87845,1
282498,3
282498,1
370091,3
370091,1
194063,1
87846,1
333711,1
86102,1
54994,1
278191,1
154270,1
316495,1
258200,3
258200,1
239120,1
81418,1
333714,3
333714,1
74501,1
238913,1
194541,3
194541,1
322561,3
322561,1
66332,1
194542,1
207084,3
207084,1
55924,3
55924,1
375344,3
375344,1
212056,1
282118,1
273396,1
383547,1
207098,1
42179,1
350684,1
68143,1
81750,1
370665,1
74184,1
389079,1
147678,1
226633,1
278211,3
278211,1
307802,1
258210,3
258210,1
151526,3
151526,1
347532,3
347532,1
286409,1
145073,1
333727,1
82966,1
45545,1
92731,3
92731,1
211686,3
211686,1
322312,1
220534,1
238356,1
239098,3
239098,1
120684,1
182808,1
322542,3
322542,1
18488,1
41515,1
18490,1
18493,1
62402,1
225777,1
18496,1
18497,1
18498,1
238892,1
41520,1
96940,1
237484,1
271712,1
272889,1
237245,1
238893,1
40461,1
64128,1
91640,1
18506,1
244198,1
18509,1
18510,1
225778,1
225779,1
225780,1
286206,1
225783,1
88068,1
225784,1
33614,1
225785,1
88069,1
18515,1
237246,1
114823,1
244153,1
106306,1
69885,1
43114,1
238898,1
82696,1
18520,1
240705,1
27256,1
225788,1
27258,1
94833,1
18523,1
18524,1
244169,1
18526,1
75831,1
79455,1
54117,1
237330,1
55496,1
177302,1
290606,1
43460,1
87360,1
100981,1
100982,1
18528,1
70758,1
346046,1
100983,1
57477,1
258644,1
80565,1
61877,1
238908,1
255413,1
272605,1
67509,1
18539,1
18541,1
18543,3
18543,1
41988,1
18545,1
165056,1
18549,1
18552,1
64284,1
244191,1
18554,1
244338,1
68218,1
55039,1
343926,1
18563,3
273649,3
167929,3
18607,3
161741,1
18629,2
18633,2
523193,2
75805,2
18751,3
42350,1
311047,1
63481,1
46852,1
182912,1
111086,1
219507,1
46489,1
62005,1
18796,1
163097,1
319128,1
22617,1
253070,1
75956,1
85645,1
253097,1
53417,1
116102,1
256181,1
253162,1
22483,1
177991,1
337050,1
61474,1
18799,1
114239,1
18802,1
18803,1
225803,1
202569,1
101500,1
138108,1
68652,1
22411,1
48886,1
136365,1
243499,3
243500,3
288036,3
295053,3
248546,3
284849,3
280708,3
258983,3
248543,3
164650,3
164642,3
276910,3
164640,3
248544,3
198860,3
309314,3
258975,3
192504,3
278542,3
177505,3
199167,3
137692,3
208673,3
360337,3
360337,1
227955,3
321240,3
138819,3
199166,3
199150,3
58528,3
231451,3
294061,3
239109,3
239109,1
195119,3
190411,3
43410,3
43410,1
383267,3
298884,3
350030,3
298636,3
298636,1
93487,3
93487,1
211612,3
74726,3
42949,3
199151,3
307069,3
239660,3
239661,3
257160,3
260935,3
319959,3
248540,3
319908,3
257161,3
258984,3
210471,3
153717,3
258379,3
319911,3
164641,3
153716,3
304465,3
258380,3
258976,3
191220,3
319912,3
259001,3
244923,3
205843,3
177507,3
102529,3
249322,3
249322,1
199152,3
199168,3
199171,3
199153,3
344645,3
256317,3
307950,3
307950,1
176851,3
18815,3
18815,1
46339,3
46339,1
18816,3
18816,1
519152,3
519152,1
317500,3
317500,1
75493,3
75493,1
245791,3
245791,1
60552,3
238638,3
238638,1
241863,3
241863,1
517001,3
254591,3
248614,3
248614,1
125925,3
159485,3
71417,3
161784,3
275609,3
275609,1
320005,3
18831,3
161815,3
57216,3
46377,3
85336,3
225812,1
66245,1
128289,3
154647,3
329562,3
329562,1
285629,3
254070,3
254070,1
124823,3
358461,3
114023,3
124824,3
95409,3
105766,3
68233,3
18961,3
517041,3
517044,3
517052,3
515488,3
515490,3
142118,3
350973,3
279587,3
259828,3
323916,3
529536,3
515491,3
529537,3
142123,3
142125,3
142126,3
184697,3
529535,3
323896,3
105006,3
142121,3
529781,3
142124,3
176912,3
517036,3
517046,3
517069,3
517033,3
517034,3
517048,3
517072,3
517053,3
517064,3
21403,1
21403,3
47327,3
47327,1
67405,3
21126,1
22019,3
22019,1
19017,3
337082,3
337089,3
269057,3
519798,3
521883,3
315680,3
520893,3
370197,3
370197,1
175718,3
281511,3
360339,3
321367,3
307072,3
56768,3
281304,3
281304,1
239265,1
316241,3
316241,1
131415,3
131408,3
131408,1
162039,1
184125,3
184148,3
196570,3
132730,3
184696,3
184696,1
359416,3
359416,1
359404,3
359404,1
353008,3
353008,1
359421,1
359421,3
359432,3
359432,1
374203,3
374203,1
368794,3
368794,1
386135,3
386135,1
378411,3
378411,1
384895,3
384895,1
378412,3
378412,1
520921,1
519787,1
403241,1
378956,3
378956,1
378957,3
378957,1
323505,3
323505,1
99177,3
158955,3
139902,3
117102,3
95223,3
135311,3
176691,3
138969,3
138969,1
136352,3
251217,3
176692,3
2,3
176693,3
234770,3
234771,3
138974,3
524447,3
69637,3
138975,3
6,3
6,1
176690,3
176690,1
151444,3
100036,3
59195,3
317515,3
146335,3
89319,3
138946,3
85009,3
54485,3
161030,3
95272,3
117103,3
138829,3
9,3
9,1
178036,3
178036,1
329341,3
307439,3
25974,3
65772,3
222400,3
92764,3
133024,3
46588,3
135321,3
192626,3
192626,1
334695,3
168034,3
168034,1
238658,3
93016,3
89811,3
25968,3
211063,3
211063,1
521129,3
220144,3
220144,1
270461,3
270461,1
209255,3
209255,1
62987,3
165950,3
103083,3
103083,1
180099,3
180099,1
178019,3
178019,1
314725,3
136380,3
136380,1
150778,3
335070,3
115347,3
25971,3
180101,3
180101,1
150780,3
150780,1
43883,3
43883,1
73538,3
170192,3
170192,1
53992,3
297696,3
168038,3
168038,1
57888,3
168037,3
92919,3
336042,3
382864,3
382864,1
43011,3
43011,1
192630,3
192630,1
209257,3
209257,1
25973,3
136384,3
195006,3
195006,1
68113,3
68113,1
167181,3
167181,1
165219,3
314730,3
314730,1
343190,3
343190,1
358672,3
358672,1
81443,3
62,3
284475,3
284475,1
382865,3
382865,1
309050,3
309050,1
26007,3
26007,1
85,3
85,1
98274,3
98274,1
46078,3
46078,1
184903,3
184903,1
272649,1
23323,3
306917,3
306917,1
103073,1
92,1
111851,1
24107,1
59416,1
74925,1
163194,1
48810,1
184924,1
20034,1
102,1
316255,1
91596,3
91596,1
269542,3
269542,1
62447,1
78273,1
149057,1
129,3
184960,3
184961,3
143807,3
227911,3
133,3
184999,3
184999,1
147,3
147,1
185006,3
185006,1
150,3
26630,1
502508,3
502597,3
341671,3
379155,3
47131,3
47131,1
211019,3
198512,3
503419,3
529708,3
502248,3
338099,3
128257,3
361270,3
361270,1
294553,3
296790,3
185049,3
163,3
197147,3
267948,3
312280,3
306171,3
116422,3
116422,1
166,3
53893,3
281571,3
368933,3
57303,3
231292,3
159481,3
522255,3
345820,3
165953,3
57304,3
65487,3
70060,3
59923,3
102731,3
102731,1
167912,3
169,3
121915,3
24762,3
175,3
278413,3
177,3
20306,3
361271,3
297056,3
374610,3
298473,3
77213,3
185056,3
185056,1
181,3
181,1
22126,3
182,3
96529,3
96529,1
325161,3
56801,3
56801,1
42431,3
42431,1
96518,3
332834,3
332834,1
159479,3
71978,3
181578,3
181578,1
317018,3
317018,1
332835,3
332835,1
222410,3
222410,1
152401,3
65876,3
185067,3
185067,1
185069,3
190,3
46768,3
171036,3
25154,3
23237,3
198,3
198,1
201,3
185074,3
185074,1
26052,3
185076,3
26053,3
22273,3
22273,1
138332,3
95808,3
117753,3
75882,3
86397,3
86397,1
238662,3
116946,3
45400,3
366858,3
99152,3
97645,3
138546,3
185082,3
185083,3
149980,3
207,3
118524,3
118524,1
26063,3
26063,1
110331,3
185097,3
212,3
212,1
185116,3
267951,3
42682,3
216,3
216,1
185077,3
185100,3
21660,3
321386,3
321386,1
217,3
217,1
84728,3
84728,1
182342,3
72864,3
72864,1
55230,3
55230,1
90571,3
90571,1
96997,3
96997,1
327547,3
327547,1
227439,3
198121,3
185098,3
141797,3
98709,3
98709,1
220,3
220,1
222,3
185105,3
185105,1
26065,3
26065,1
26066,3
185106,3
185106,1
131107,3
26067,3
26067,1
183234,3
24486,3
50913,3
50913,1
232426,3
232426,1
225,3
67216,3
222258,3
311450,3
50817,3
134933,3
371582,3
58723,3
366873,3
90961,3
114940,3
98438,3
124212,3
307358,3
46877,3
61252,3
70223,3
124211,3
209950,3
249998,3
335296,3
90785,3
58791,3
62336,3
108677,3
358710,3
68779,3
78387,3
91365,3
238663,3
227268,3
172706,3
90980,3
283114,3
237808,3
94912,3
91829,3
230,3
222419,3
60359,3
222420,3
228,3
82502,3
229,3
87721,3
26131,3
96149,3
171037,3
293699,3
70218,3
103288,3
88936,3
191897,3
131413,3
50781,3
366907,3
306730,3
51073,3
336047,3
81813,3
350662,3
93437,3
231,3
241647,3
241647,1
196332,3
518008,3
294029,3
84789,3
99191,3
63560,3
526414,3
65271,3
524487,3
76902,3
52648,3
366965,3
197674,3
125984,3
114145,3
84387,3
227280,3
45036,3
181360,3
288795,3
297807,3
298487,3
168911,3
150334,3
61624,3
152361,3
111422,3
363860,3
54021,3
61506,3
99485,3
60709,3
117758,3
138547,3
84889,3
78769,3
194996,3
326203,3
114942,3
196323,3
197681,3
57217,3
194723,3
83779,3
194997,3
535989,3
98675,3
367043,3
279716,3
110066,3
374703,3
150336,3
171038,3
56417,3
79514,3
91611,3
153617,3
181370,3
89742,3
82233,3
105091,3
151145,3
26153,3
99974,3
90253,3
307360,3
99981,3
517241,3
248823,3
70885,3
53266,3
194368,3
303833,3
125986,3
315752,3
48429,3
190709,3
298696,3
197524,3
68387,3
191092,3
226092,3
26157,3
73424,3
73425,3
283123,3
287831,3
74254,3
44602,3
92504,3
241648,3
74196,3
181373,3
236947,3
104009,3
150338,3
43617,3
131410,3
75155,3
91703,3
235,3
26137,3
527742,3
97935,3
371580,3
517981,3
82180,3
536128,3
293604,3
341693,3
131763,3
285977,3
113900,3
210315,3
152181,3
211825,3
242,3
185111,3
185112,3
296135,3
294457,3
243,3
26159,3
334349,3
109595,3
268261,3
306836,3
185119,3
375047,3
312412,3
198225,3
185115,3
46362,3
46362,1
517472,3
517472,1
375048,3
89004,3
89004,1
185120,3
517385,3
25065,3
25065,1
501985,3
503473,3
172339,3
126383,3
72318,3
72318,1
117422,3
103571,3
275595,3
316975,3
374704,3
45777,3
251037,3
49982,3
49982,1
47664,3
47664,1
139011,3
139011,1
90171,3
90171,1
321554,3
321554,1
267558,3
297897,3
279,3
279,1
232447,3
232447,1
45671,3
45671,1
319754,3
319754,1
283,3
283,1
278429,3
374609,3
21085,3
197526,3
190710,3
222441,3
74926,3
126384,3
284,3
285,3
111373,3
95559,3
95559,1
87160,3
286,3
26182,3
26182,1
44964,3
288,3
288,1
211083,3
211084,3
60858,3
297898,3
325184,3
44966,3
185042,3
297129,3
185140,3
292,3
292,1
116423,3
25067,3
185030,3
167918,3
51905,3
239017,3
113348,3
113348,1
159727,3
159723,3
159726,3
159725,3
159724,3
53157,3
161955,1
449,3
56166,1
130329,1
387587,1
344970,1
358943,1
185693,1
504,1
387570,1
346092,1
83865,1
185686,1
185702,1
185706,1
524926,1
77251,1
185710,1
574,3
82043,3
328099,3
49626,3
589,3
110686,3
110686,1
79449,3
110582,3
92153,3
92153,1
96127,3
96127,1
372366,1
507784,1
357541,1
275741,1
517362,1
372375,1
372387,1
372389,1
372368,1
372379,1
529176,1
383605,1
372373,1
503905,1
95075,1
92322,1
110222,1
237790,1
63416,1
171679,1
130332,1
74255,1
522779,1
78328,1
82755,1
185852,1
528916,1
670,1
273483,1
515163,1
671,1
185884,1
74256,1
185885,1
82756,1
218772,1
155297,1
74079,1
69880,1
285124,1
69881,1
253144,1
517730,1
237795,1
517558,1
677,1
218777,1
26432,1
185891,1
185861,1
522169,1
522761,1
512585,1
512539,1
139920,1
154746,1
517246,1
683,1
684,1
273488,1
171713,1
155064,1
182186,1
218789,1
154449,1
83120,3
83120,1
196074,1
249854,1
388677,1
511804,1
687,1
218795,1
185870,1
388999,1
518963,1
55613,1
333066,3
333066,1
281831,3
281831,1
66845,3
66845,1
332482,3
332482,1
65932,3
65932,1
137710,3
137710,1
218749,3
218749,1
190893,1
112211,1
192419,1
168373,1
249855,1
218747,1
50123,1
115538,1
691,1
250213,1
119423,1
72684,1
693,1
275755,1
170644,1
185905,1
185907,1
59497,1
185914,1
321651,1
321651,3
248872,1
22129,3
272193,1
208065,1
26447,1
226694,1
374782,1
360967,1
346835,1
206754,1
255494,1
242385,1
239730,1
317616,1
258154,1
360286,1
361644,1
346834,1
77621,1
222482,1
374783,1
96564,3
51507,3
51507,2
51507,1
47841,2
186343,3
186343,2
186343,1
19608,3
19608,2
19608,1
24808,2
235983,3
235983,2
526324,3
139943,3
186371,3
131675,1
108621,1
61291,1
114288,1
110070,1
310345,1
186533,3
186533,1
365603,3
365603,1
211066,3
167959,3
167959,1
167960,3
167960,1
183807,3
183807,1
1052,1
1052,3
366345,3
150309,3
150309,1
26599,3
26599,1
1059,3
1059,1
358779,3
318372,3
318372,1
327087,3
327087,1
220717,3
220717,1
186660,3
186660,1
261742,3
245365,3
383353,3
179279,3
179279,1
334576,3
245366,3
261736,3
186662,3
186662,1
261739,3
186663,3
186663,1
261738,3
222499,3
222499,1
186667,3
186667,1
186674,3
186674,1
1067,3
186678,3
186678,1
325185,3
179281,3
179281,1
179282,3
179282,1
170725,3
170725,1
155167,3
155167,1
179283,3
186679,3
186679,1
26602,3
26602,1
124418,3
26603,3
332966,3
332966,1
87868,3
87868,1
1068,3
1068,1
179286,3
179286,1
186689,3
186689,1
186693,3
186693,1
103428,3
85116,3
85116,1
179515,3
118765,3
118765,1
118766,3
118766,1
118767,3
118767,1
117423,3
99114,3
188054,1
188058,1
188059,1
26138,1
188061,1
188062,1
188063,1
305592,3
305591,3
331652,3
331657,3
331657,1
187572,3
156237,3
156237,1
188382,3
188382,1
158533,3
158533,1
188384,3
188384,1
188689,1
1450,3
188849,3
312432,3
1453,3
131672,3
188865,3
188879,3
188882,3
188882,1
251991,3
84100,3
188890,3
188894,3
139009,1
1471,3
188918,1
188925,3
188927,1
1473,1
153810,1
226566,1
48040,1
281642,1
94930,1
1470,1
360779,1
312433,1
311000,1
189160,1
189160,3
182531,3
273053,3
273053,1
1715,3
1715,1
89228,3
89228,1
296082,3
296082,1
27197,3
27197,1
315307,3
27434,3
20423,1
1878,1
1880,1
26272,3
26272,1
148757,3
148757,1
27581,3
27581,1
27582,3
27582,1
95525,3
95525,1
48117,3
48117,1
331040,3
82008,3
82008,1
76121,3
76121,1
96862,3
96862,1
256696,3
256696,1
252649,3
63094,3
63095,3
63095,1
165659,3
98986,3
27584,3
90778,3
90778,1
1927,3
1927,1
52084,3
52084,1
76696,3
239732,3
334488,3
334488,1
189316,3
189316,1
211710,3
211710,1
508057,3
508057,1
151771,3
328124,3
328125,3
522021,3
331938,3
328143,3
249151,3
383775,3
328149,3
328152,3
328165,3
329364,3
1931,3
1931,1
65893,3
65893,1
72786,3
72786,1
1933,3
1933,1
1937,3
1937,1
184186,3
50327,1
1952,3
1952,1
1972,3
156874,3
366103,3
323218,3
323218,1
21701,3
21701,1
203745,3
203745,1
203748,3
203748,1
276433,3
276433,1
21271,3
21271,1
99570,3
99570,1
108933,3
97612,3
97612,1
27838,3
333265,3
333265,1
27841,3
27841,1
57647,3
57647,1
109006,3
2105,3
2105,1
27773,3
27773,1
136568,3
136568,1
2133,3
2133,1
523283,3
523283,1
73937,3
73937,1
217800,3
217800,1
43620,3
43620,1
240959,3
240959,1
78167,3
78167,1
99973,3
99973,1
353296,3
353296,1
222727,3
222727,1
357462,3
357462,1
352788,3
352788,1
226438,3
226438,1
90145,3
90145,1
240970,3
240970,1
51924,3
51924,1
91926,3
91926,1
22310,3
22310,1
2192,3
2192,1
203795,3
203789,3
203789,1
321977,3
321977,1
99456,3
68066,3
68066,1
222719,3
222719,1
91840,3
91840,1
91440,3
91440,1
93438,3
93438,1
307886,3
307886,1
205670,3
387348,3
387348,1
92994,3
92994,1
332153,3
332153,1
299483,3
299483,1
374787,3
345465,3
150119,3
150119,1
238070,3
238070,1
298455,3
298455,1
175533,3
175533,1
336113,3
336113,1
525485,3
525485,2
387191,3
387191,1
111661,3
111661,1
255954,3
255954,1
171282,3
171282,1
167910,3
167910,1
517204,3
517204,2
522366,3
522366,2
522556,3
522556,2
387189,3
387189,1
2254,3
21739,3
21739,1
2255,3
2255,1
385625,3
385625,1
226887,3
226887,2
226887,1
387212,3
387212,1
365753,3
365753,1
131897,3
283103,3
288823,3
288823,1
357447,3
357447,1
2273,3
2273,1
133746,3
133746,1
44677,3
44677,1
387123,3
387139,3
387139,1
524355,3
524355,1
386982,3
386982,1
386985,3
386985,1
386991,3
386991,1
313626,3
316859,3
316859,1
308239,3
360780,3
308240,3
104485,3
104485,1
359096,3
27920,3
27920,1
195869,3
195869,1
213737,3
213737,1
362395,3
362395,1
204084,3
21330,3
22159,3
22159,2
204326,3
131179,3
131179,2
131178,3
131178,2
204448,1
187609,3
187609,1
204549,1
204556,1
204564,1
78331,3
76156,3
76156,1
139433,3
2359,3
2359,1
159641,1
28010,3
28010,1
387596,1
358757,3
358757,1
115998,3
115999,3
240170,3
189464,3
115966,3
228825,3
324728,3
226517,3
381974,3
205129,3
195760,3
73486,3
238904,3
54590,3
56940,3
49563,3
198572,3
74262,3
99796,3
2441,3
2441,1
2444,1
93594,1
197180,3
28123,3
116026,3
116026,1
2568,3
2568,1
49533,3
49533,1
226399,3
226399,1
2579,3
2579,1
49765,3
49765,1
128263,3
128263,1
28139,3
28139,1
57392,3
57392,1
131143,3
131143,1
28128,3
28128,1
49629,3
49629,1
82497,3
82497,1
226419,3
226419,1
227442,3
227442,1
194731,3
194731,1
83119,3
83119,1
74434,3
74434,1
2598,3
19624,3
206193,1
332154,1
206201,1
96060,1
127451,3
42434,3
287733,3
287733,1
292081,3
292081,1
216098,3
216098,1
178527,3
178527,1
200602,3
219333,3
219333,1
287734,3
287734,1
2687,3
2687,1
178518,3
178518,1
99397,3
116674,3
116674,1
117952,3
117952,1
2689,3
2691,3
2693,3
20638,3
20638,1
2694,3
2694,1
200594,3
200594,1
97936,3
321516,1
206422,3
206422,1
2819,3
2819,1
246277,3
246277,1
332225,3
228653,3
228653,1
45914,3
45914,1
211074,3
211074,1
78011,3
78011,1
222865,3
222865,1
43366,3
43366,1
55245,3
55245,1
254793,3
254793,1
98651,3
98651,1
222867,3
222867,1
20703,3
20703,1
20704,3
20704,1
283133,3
283133,1
222868,3
222868,1
117660,3
117660,1
136525,3
136525,1
370886,3
370886,1
97372,3
97372,1
115914,3
115914,1
40944,3
40944,1
93350,3
93350,1
68764,3
68764,1
285988,3
285988,1
222870,3
222870,1
179545,3
179545,1
73892,3
73892,1
67801,3
67801,1
194139,3
194139,1
222871,3
222871,1
78428,3
78428,1
65759,3
65759,1
33961,3
33961,1
72846,3
72846,1
67935,3
67935,1
93911,3
93911,1
306050,3
306050,1
89783,3
89783,1
221386,3
221386,1
28618,3
28618,1
103950,3
103950,1
228671,3
228671,1
136527,3
136527,1
99332,3
99332,1
71162,3
71162,1
50008,3
50008,1
28619,3
28619,1
99920,3
99920,1
49142,3
49142,1
49261,3
49261,1
28622,3
28622,1
333268,3
333268,1
168178,3
168178,1
166616,3
166616,1
299656,3
299656,1
306738,3
306738,1
57659,3
57659,1
111806,3
111806,1
49650,3
49650,1
28627,3
28627,1
65680,3
65680,1
82176,3
82176,1
245597,3
245597,1
73185,3
73185,1
228683,3
228683,1
129355,3
129355,1
328868,3
328868,1
92881,3
92881,1
79033,3
79033,1
237189,3
237189,1
283146,3
283146,1
71009,3
71009,1
279764,3
279764,1
105225,3
105225,1
67050,3
67050,1
87149,3
87149,1
70663,3
70663,1
52386,3
52386,1
382173,3
382173,1
151085,3
151085,1
94535,3
94535,1
179757,3
179757,1
179761,3
179761,1
279767,3
279767,1
206584,3
206584,1
279766,3
279766,1
206522,3
206522,1
60130,3
60130,1
2840,3
2840,1
206585,3
206585,1
374324,3
374324,1
312581,3
312581,1
74064,3
74064,1
206586,3
206586,1
167814,3
167814,1
46232,3
46232,1
74115,3
74115,1
335095,3
335095,1
283136,3
283136,1
105110,3
105110,1
167815,3
167815,1
167817,3
167817,1
73186,3
73186,1
47579,3
47579,1
206587,3
206587,1
2845,3
2845,1
49188,3
49188,1
196144,3
196144,1
62404,3
62404,1
335081,3
335081,1
97654,3
97654,1
112609,3
112609,1
2846,3
2846,1
67086,3
67086,1
28331,3
28331,1
78645,3
78645,1
92066,3
92066,1
345674,3
345674,1
2847,3
2847,1
28338,3
28338,1
72977,3
72977,1
57463,3
57463,1
114767,3
114767,1
57102,3
57102,1
56789,3
56789,1
48077,3
48077,1
73112,3
73112,1
334346,3
334346,1
62038,3
62038,1
237187,3
237187,1
67764,3
67764,1
47896,3
47896,1
228065,3
228065,1
299443,3
299443,1
239033,3
239033,1
151920,3
151920,1
93089,3
93089,1
335101,3
335101,1
97589,3
97589,1
89315,3
89315,1
55486,3
55486,1
125327,3
125327,1
54472,3
54472,1
42961,3
42961,1
98023,3
98023,1
50172,3
50172,1
517432,3
517432,1
92447,3
92447,1
86335,3
86335,1
80817,3
80817,1
86203,3
86203,1
69054,3
69054,1
227986,3
227986,1
97717,3
97717,1
55416,3
55416,1
85714,3
85714,1
59799,3
59799,1
98463,3
98463,1
28354,3
28354,1
51062,3
51062,1
249504,3
249504,1
86298,3
86298,1
228664,3
228664,1
28357,3
28357,1
65966,3
65966,1
85378,3
85378,1
75208,3
75208,1
322331,3
322331,1
28361,3
28361,1
317632,3
317632,1
28360,3
28360,1
80041,3
80041,1
67485,3
67485,1
241722,3
241722,1
59665,3
59665,1
2842,3
2842,1
84606,3
84606,1
97390,3
97390,1
137771,3
137771,1
92091,3
92091,1
86589,3
86589,1
86270,3
86270,1
95065,3
95065,1
241649,3
241649,1
79922,3
79922,1
522090,3
522090,1
322333,3
322333,1
52912,3
52912,1
153070,3
153070,1
72651,3
72651,1
28376,3
28376,1
28379,3
28379,1
28380,3
28380,1
367130,3
367130,1
52353,3
52353,1
89819,3
89819,1
192462,3
192462,1
42882,3
42882,1
95483,3
95483,1
42883,3
42883,1
84003,3
84003,1
46796,3
46796,1
46936,3
46936,1
54739,3
54739,1
64083,3
64083,1
63931,3
63931,1
70032,3
70032,1
156034,3
156034,1
77831,3
77831,1
64195,3
64195,1
27182,3
27182,1
28389,3
28389,1
28390,3
28390,1
114456,3
114456,1
124865,3
124865,1
517412,3
517412,1
92239,3
92239,1
28394,3
28394,1
93045,3
93045,1
28395,3
28395,1
103528,3
103528,1
109395,3
109395,1
91658,3
91658,1
45305,3
45305,1
89491,3
89491,1
227474,3
227474,1
97290,3
97290,1
227475,3
227475,1
28417,3
28417,1
64888,3
64888,1
221388,3
221388,1
194706,3
194706,1
287908,3
287908,1
76526,3
76526,1
95485,3
95485,1
82201,3
82201,1
69493,3
69493,1
97074,3
97074,1
97061,3
97061,1
98329,3
98329,1
328021,3
328021,1
328022,3
328022,1
68881,3
68881,1
2853,3
2853,1
84004,3
84004,1
78792,3
78792,1
52933,3
52933,1
46797,3
46797,1
137004,3
137004,1
96714,3
96714,1
64197,3
64197,1
95912,3
95912,1
109116,3
109116,1
2854,3
2854,1
74776,3
74776,1
124867,3
124867,1
317633,3
317633,1
71163,3
71163,1
210369,3
210369,1
517429,3
517429,1
55371,3
55371,1
99373,3
99373,1
62185,3
62185,1
114770,3
114770,1
63344,3
63344,1
272898,3
272898,1
54358,3
54358,1
91768,3
91768,1
334716,3
334716,1
28017,3
28017,1
82202,3
82202,1
93447,3
93447,1
98850,3
98850,1
93448,3
93448,1
228675,3
228675,1
124868,3
124868,1
90998,3
90998,1
98851,3
98851,1
83911,3
83911,1
28453,3
28453,1
64793,3
64793,1
98618,3
98618,1
85170,3
85170,1
99256,3
99256,1
210371,3
210371,1
55450,3
55450,1
92860,3
92860,1
90898,3
90898,1
241430,3
241430,1
96030,3
96030,1
111693,3
111693,1
51612,3
51612,1
58953,3
58953,1
228679,3
228679,1
76007,3
76007,1
182737,3
182737,1
285989,3
285989,1
333269,3
333269,1
80332,3
80332,1
53439,3
53439,1
28468,3
28468,1
99420,3
99420,1
534580,3
534580,1
81250,3
81250,1
77844,3
77844,1
114771,3
114771,1
517367,3
517367,1
49908,3
49908,1
65354,3
65354,1
169564,3
169564,1
60668,3
60668,1
222884,3
222884,1
94311,3
94311,1
194270,3
194270,1
239034,3
239034,1
106983,3
106983,1
67244,3
67244,1
61457,3
61457,1
28358,3
28358,1
66705,3
66705,1
73568,3
245318,3
245318,1
46798,3
46798,1
322452,3
322452,1
90328,3
90328,1
135383,3
135383,1
367135,3
367135,1
70301,3
70301,1
153073,3
153073,1
216988,3
216988,1
194272,3
194272,1
221389,3
221389,1
117947,3
117947,1
222347,3
222347,1
42180,3
42180,1
48029,3
48029,1
96762,3
96762,1
43711,3
43711,1
322473,3
322473,1
62619,3
62619,1
74540,3
74540,1
79994,3
79994,1
81287,3
81287,1
124529,3
124529,1
28502,3
28502,1
97142,3
97142,1
68798,3
68798,1
57751,3
57751,1
155560,3
155560,1
153074,3
153074,1
58838,3
58838,1
326375,3
326375,1
315596,3
315596,1
95337,3
95337,1
66086,3
66086,1
70606,3
70606,1
57405,3
57405,1
522089,3
522089,1
382870,3
382870,1
153813,3
153813,1
91033,3
91033,1
283134,3
283134,1
534847,3
534847,1
49260,3
49260,1
74698,3
74698,1
48057,3
48057,1
279260,3
279260,1
91585,3
91585,1
206588,3
206588,1
45495,3
45495,1
279769,3
206589,3
206589,1
2862,3
2862,1
28514,3
28514,1
222888,3
222888,1
222889,3
222889,1
249507,3
249507,1
222891,3
222891,1
28621,3
28621,1
52991,3
52991,1
215280,3
215280,1
194006,3
194006,1
521284,3
521284,1
28522,3
28523,3
28523,1
41021,3
41021,1
237191,3
237191,1
28525,3
28525,1
95712,3
95712,1
106465,3
106465,1
387458,3
387458,1
78416,3
78416,1
104878,3
104878,1
352633,3
42532,3
42532,1
316374,3
316374,1
111170,3
111170,1
328012,3
328012,1
151077,3
151077,1
89149,3
89149,1
96782,3
96782,1
191252,3
191252,1
64889,3
64889,1
93650,3
93650,1
151090,3
151090,1
110487,3
110487,1
70747,3
383356,3
58827,3
58827,1
44789,3
44789,1
194713,3
299487,3
299487,1
108992,3
108992,1
237283,3
237283,1
109012,3
109012,1
110580,3
110580,1
109401,3
328158,3
328158,1
28532,3
88732,3
334720,3
334720,1
108285,3
28534,3
28534,1
194719,3
194719,1
69325,3
69325,1
28535,3
28535,1
285992,3
285992,1
97112,3
97112,1
270926,3
270926,1
168941,3
168941,1
387461,3
387461,1
2865,3
2867,3
228826,3
2868,3
282113,3
282113,1
300601,3
300601,1
64461,3
67886,3
2871,3
2871,1
117712,3
117712,1
237190,3
237190,1
51031,3
51031,1
89931,3
89931,1
61130,3
61130,1
28544,3
28544,1
28545,3
28545,1
92376,3
92376,1
92396,3
92396,1
94229,3
94229,1
44857,3
44857,1
69055,3
69055,1
28554,3
28554,1
92152,3
92152,1
98478,3
98478,1
97484,3
97484,1
166266,3
166266,1
28558,3
28558,1
98088,3
98088,1
97489,3
97489,1
98067,3
98067,1
45072,3
45072,1
91278,3
91278,1
55133,3
55133,1
60211,3
60211,1
165430,3
165430,1
99190,3
99190,1
96637,3
96637,1
54245,3
54245,1
28566,3
28566,1
92393,3
92393,1
28570,3
28570,1
98436,3
98436,1
43998,3
43998,1
92554,3
92554,1
92785,3
92785,1
94678,3
94678,1
99919,3
99919,1
96713,3
96713,1
48892,3
48892,1
98106,3
98106,1
210375,3
210375,1
2836,3
2836,1
54032,3
54032,1
49102,3
49102,1
46902,3
46902,1
42601,3
42601,1
81596,3
81596,1
63343,3
63343,1
200499,3
200499,1
87195,3
87195,1
325552,3
325552,1
68920,3
68920,1
270927,3
270927,1
92584,3
92584,1
47666,3
47666,1
57672,3
85104,3
85104,1
96041,3
96041,1
43599,3
43599,1
75082,3
75082,1
317636,3
317636,1
82156,3
82156,1
72446,3
72446,1
72502,3
72502,1
51502,3
51502,1
57525,3
57525,1
71528,3
71528,1
55465,3
55465,1
28600,3
28600,1
139707,3
139707,1
238795,3
238795,1
48028,3
48028,1
97058,3
97058,1
28604,3
28604,1
46722,3
46722,1
94193,3
94193,1
62541,3
62541,1
28608,3
28608,1
299488,3
299488,1
328895,3
328895,1
2993,3
3015,1
3015,3
94775,3
94775,1
297737,3
297737,1
207167,1
207167,3
256954,1
3135,3
89414,3
28828,3
344171,3
91769,2
91769,3
91769,1
375226,3
271351,2
271351,1
271351,3
345337,3
358761,3
375225,3
334239,3
273151,2
273151,3
207695,3
312591,3
336715,2
336715,1
336715,3
207696,3
23541,3
3159,3
28843,3
28843,1
208257,1
89355,1
3173,1
381873,3
208441,3
94762,3
226097,3
208445,3
175622,1
380417,1
208581,1
97563,1
122016,1
302801,1
169886,1
145724,1
322753,1
139094,1
143318,1
271164,1
271052,1
99077,1
3286,1
3286,3
28928,1
241758,3
241758,1
208596,3
208596,1
62081,1
96449,3
96449,1
49119,3
49119,1
91507,3
91507,1
45482,3
45482,1
115350,3
115350,1
96664,3
96664,1
270472,3
270472,1
208621,1
3307,1
98640,1
101010,1
28947,1
3350,1
351290,3
372648,3
331108,3
372649,3
372650,3
331107,3
305864,3
209331,3
209330,3
3403,1
134578,3
134578,1
124219,3
124219,1
346050,3
346050,1
88938,3
88938,1
77430,3
77430,1
343130,3
343130,1
139117,3
139117,1
211080,1
95578,1
137095,1
137095,3
211180,1
301698,1
361041,1
343901,1
273429,1
301699,1
360237,1
267556,1
118772,3
118772,1
313941,1
28982,3
62222,3
178041,3
87270,3
87270,1
119583,1
119583,3
209472,3
209617,1
3458,3
3458,1
78199,3
3472,1
268677,1
46373,3
90695,3
93790,3
150782,3
358673,3
70601,1
70601,3
90200,3
137757,3
222960,3
280438,3
98546,3
153794,3
92938,3
95513,3
52219,3
192754,3
196401,3
96730,3
83559,3
250075,3
85866,3
380897,3
103904,3
90323,3
120447,3
81779,3
51664,3
86951,3
43807,3
319968,3
180105,3
85444,3
95894,3
237047,3
65454,3
93659,3
93659,1
93098,3
93098,1
115352,3
226103,3
43611,3
363859,3
95165,3
120448,3
89776,3
89256,3
97903,3
99348,3
59209,3
29174,3
44523,3
52186,3
72086,1
29185,1
29186,1
210046,1
46437,1
3694,3
3694,1
109663,3
109663,1
162568,1
129122,3
129122,1
151735,3
151735,1
155786,3
155786,1
62627,1
210415,1
82278,3
82278,1
226780,3
226780,1
29214,1
29214,3
29215,3
29215,1
114776,3
114776,1
97272,3
97272,1
98024,3
98024,1
79254,1
79254,3
118072,3
118072,1
141200,3
29219,3
3732,1
312648,3
333270,1
378711,1
378712,1
210610,1
3766,1
151144,1
112601,1
380898,1
380900,1
130539,1
55627,1
222985,1
124398,1
130603,1
141880,1
380901,1
130604,1
112602,1
380899,1
96024,1
29235,1
142613,1
144467,1
3770,1
118008,3
212513,3
352857,3
383412,3
187786,3
226696,3
254508,3
360201,3
243579,3
143108,3
129220,3
102172,3
212966,3
212967,3
3889,3
320578,3
212968,3
83394,3
109957,3
212941,3
51489,3
157881,3
384894,3
212971,3
130542,3
3891,3
282570,3
29388,3
212951,3
111448,3
212972,3
111304,3
136064,3
287133,3
111666,3
55274,3
86014,3
73386,3
178275,3
110367,3
212976,1
3894,3
104488,3
212965,3
110355,3
3887,3
75362,3
320476,3
320485,3
320486,3
320524,3
320460,3
157868,3
3888,3
212970,3
320515,3
320513,3
21997,3
48650,3
143110,3
212945,3
29386,3
90013,3
212948,3
91243,3
320533,3
157876,3
3890,3
112976,3
239709,3
29391,3
212952,3
97929,3
320550,3
94361,3
129293,3
3896,1
3900,1
3900,3
213015,1
213015,3
213016,1
213016,3
3901,3
3901,1
213021,3
213021,1
213056,1
88887,1
361377,3
119054,3
180628,3
157945,3
93155,3
29218,3
29544,3
90440,3
121916,3
227695,3
98467,3
323029,3
65158,3
98775,3
213362,3
4014,3
334762,3
213364,3
4015,3
213371,3
20919,1
323088,1
24118,1
86033,1
30553,1
30571,1
213783,1
213790,1
42507,1
81363,1
246109,3
143327,3
256747,3
95884,3
239286,3
90939,3
238656,3
355935,3
355935,1
153869,3
153869,1
285997,3
285997,1
114299,3
114299,1
181193,3
181193,1
124687,3
124687,1
294651,3
294651,1
358323,3
358323,1
287995,3
287995,1
282074,3
282074,1
124688,3
124688,1
281331,3
281331,1
523305,3
523305,1
523306,3
523306,1
334285,3
334285,1
307392,3
307392,1
4360,3
4360,1
254249,3
254249,1
219209,3
219209,1
220561,3
220561,1
194918,3
194918,1
286759,3
286759,1
103108,3
103108,1
323110,3
323110,1
350934,3
350934,1
182467,3
182467,1
56359,3
56359,1
352648,3
352648,1
284989,3
284989,1
49554,3
49554,1
285996,3
285996,1
61447,3
61447,1
386608,3
386608,1
296742,3
296742,1
263226,3
263226,1
378963,3
378963,1
30602,3
30602,1
334175,3
334175,1
151406,3
151406,1
364940,3
364940,1
364941,3
364941,1
214458,3
214458,1
4364,3
4364,1
221984,3
221984,1
178380,3
178380,1
90677,3
90677,1
382874,3
382874,1
382873,3
382873,1
382875,3
382875,1
283344,3
283344,1
521044,3
521044,1
212954,3
212954,1
170441,3
170441,1
177981,1
177981,3
30663,3
30663,1
30654,3
30654,1
197748,3
197748,1
519362,3
519362,1
534741,3
534741,1
517780,3
517780,1
533268,3
533268,1
4382,3
4382,1
97401,3
97401,1
500413,3
500413,1
204388,3
204388,1
89069,3
89069,1
244280,3
244280,1
270475,3
270475,1
244278,3
244278,1
326217,3
326217,1
120461,3
120461,1
258440,3
258440,1
155716,3
155716,1
4385,3
4385,1
198690,3
198690,1
270476,3
270476,1
308615,3
308615,1
179791,3
179791,1
81215,3
81215,1
98945,3
98945,1
252939,3
252939,1
374638,3
374638,1
374639,3
374639,1
152092,3
152092,1
170776,3
170776,1
95510,3
95510,1
198304,3
198304,1
79314,3
79314,1
49144,3
49144,1
242615,3
242615,1
121917,3
121917,1
53147,3
53147,1
79172,3
79172,1
285161,3
285161,1
151431,3
151431,1
124265,3
124265,1
30640,3
30640,1
529870,3
529870,1
191985,3
191985,1
198305,3
198305,1
192974,3
192974,1
350663,3
350663,1
285164,3
285164,1
239417,3
239417,1
324502,3
324502,1
204397,3
204397,1
178921,3
178921,1
133748,3
133748,1
233353,3
233353,1
366111,3
366111,1
278136,3
278136,1
150345,3
150345,1
73105,3
222296,3
222296,1
146005,3
385742,3
385742,1
272619,3
272619,1
298458,3
298458,1
306618,3
306618,1
294647,3
294647,1
204401,3
204401,1
269544,3
269544,1
261727,3
261727,1
150346,3
150346,1
192977,3
192977,1
124297,3
124297,1
117426,3
117426,1
529872,3
529872,1
325314,3
325314,1
211187,3
211187,1
192978,3
192978,1
30644,3
30644,1
206665,3
206665,1
30664,3
30664,1
30645,3
30645,1
134942,3
134942,1
372548,3
372548,1
359097,3
359097,1
239418,3
239418,1
91338,3
91338,1
124266,3
124266,1
269157,3
269157,1
222299,3
222299,1
79721,3
79721,1
325315,3
325315,1
165962,3
165962,1
42926,3
42926,1
251042,3
251042,1
151433,3
151433,1
316578,3
316578,1
179569,3
204398,3
204398,1
372549,3
372549,1
198581,3
198581,1
90704,3
90704,1
96780,3
96780,1
84394,3
84394,1
287115,3
287115,1
272919,3
272919,1
521877,3
66733,3
66733,1
4395,3
4395,1
4397,3
4397,1
152372,3
152372,1
140475,3
140475,1
521518,3
4398,3
4398,1
4399,3
4399,1
48171,3
48171,1
81459,3
81459,1
30648,3
30648,1
72122,3
72122,1
191987,1
191987,3
333271,3
333271,1
113902,3
113902,1
52421,3
52421,1
214616,3
214616,1
214617,3
214617,1
4402,3
4402,1
90314,3
90314,1
68692,3
68692,1
30653,3
30653,1
71735,3
71735,1
33952,3
33952,1
30661,3
289116,3
289116,1
318552,3
318552,1
372651,3
372651,1
160621,3
160621,1
139996,3
139996,1
139998,3
139998,1
160622,3
160622,1
212956,3
212956,1
179790,3
179790,1
183804,3
183804,1
372652,3
372652,1
334688,3
334688,1
134945,3
134945,1
183521,3
183521,1
183806,3
183806,1
108678,3
108678,1
108345,3
108345,1
139997,3
139997,1
134944,3
134944,1
110067,3
110067,1
4417,1
4419,1
30669,3
30669,1
120463,3
120463,1
214642,3
214642,1
180754,3
180754,1
98759,3
98759,1
53148,3
53148,1
65789,3
65789,1
4499,3
4499,1
251706,3
75688,3
75688,1
25687,3
25687,1
334931,3
334931,1
4501,3
4501,1
96316,3
96316,1
91246,3
91246,1
323285,3
323285,1
323284,3
323284,1
4506,3
4506,1
85552,3
85552,1
92278,3
92278,1
74258,3
74258,1
4507,3
4507,1
4508,3
4508,1
4509,3
4509,1
30700,3
30700,1
214705,3
214705,1
366757,3
366757,1
270233,3
270233,1
255203,3
255203,1
97648,3
97648,1
305611,3
305611,1
94011,3
94011,1
172191,3
172191,1
30706,3
30706,1
42669,3
42669,1
79652,3
79652,1
139175,3
139175,1
79628,3
79628,1
72619,3
72619,1
60445,3
60445,1
59657,3
59657,1
92005,3
92005,1
80634,3
80634,1
324337,3
4522,1
214725,1
214725,3
214729,1
214729,3
333272,3
333272,1
275577,3
333273,3
333273,1
194171,3
194171,1
337917,3
337917,1
263243,3
73005,3
73005,1
329197,3
329197,1
272718,3
47934,3
47934,1
214230,3
214230,1
177982,3
177982,1
333413,3
333413,1
231054,3
231054,1
370181,3
256079,3
256079,1
248647,3
248647,1
84392,3
84392,1
97746,3
97746,1
329198,3
329198,1
153075,3
153075,1
97310,3
97310,1
368547,3
177983,3
177983,1
4553,3
4553,1
101121,3
101121,1
194168,3
194168,1
323298,3
323298,1
248646,3
248646,1
30728,3
30728,1
131692,1
323328,1
30781,1
302254,1
4570,1
20351,1
323301,1
4582,1
60214,1
246422,1
302094,1
344865,3
344865,1
4593,1
4598,3
4598,1
21694,1
4602,1
54185,1
97692,1
30752,1
4620,1
315709,1
4624,1
4629,1
310586,1
30760,1
4666,1
67253,3
67253,1
323345,1
50328,1
20362,1
4678,1
162567,1
175522,1
143313,3
143313,1
30770,1
30773,3
30773,1
95571,1
4556,1
96278,1
68945,1
4563,1
370853,1
73457,1
194071,1
102616,3
102616,1
228764,3
228764,1
25849,3
25849,1
55457,3
55457,1
30800,3
30800,1
227984,3
227984,1
4762,3
4762,1
25876,3
25876,1
80217,3
80217,1
136569,3
136569,1
144024,3
144024,1
4774,3
4774,1
312998,3
312998,1
4775,3
4775,1
97783,3
97783,1
89041,3
89041,1
107611,3
107611,1
323468,3
323468,1
57462,3
57462,1
4776,3
4776,1
174696,3
174696,1
516668,3
516668,1
93119,3
93119,1
323466,3
323466,1
25846,3
25846,1
143119,3
143119,1
138336,3
138336,1
235477,3
235477,1
111331,3
111331,1
158137,3
158137,1
247303,3
247303,1
30840,3
30840,1
25813,3
25813,1
296065,3
296065,1
30807,3
30807,1
4765,3
4765,1
305580,3
96099,3
96099,1
95691,3
95691,1
323456,3
323456,1
516629,3
516629,1
66437,3
66437,1
516633,3
516633,1
387323,3
387323,1
516645,3
516645,1
97242,3
97242,1
4790,3
179794,3
382515,3
4791,3
334772,3
116316,3
284971,3
91949,3
99166,3
76800,3
314733,3
57064,3
334773,3
168040,3
307617,3
126626,3
130634,3
329694,3
210670,3
254014,3
69812,3
59552,3
360926,3
71612,3
58392,3
358675,3
99976,3
90068,3
137186,3
284974,1
85768,1
137476,1
137477,1
246008,1
5074,1
75923,1
68593,1
137481,1
95073,1
69967,1
86457,1
133025,1
98146,1
329734,1
321515,1
214896,3
163224,3
332127,3
163227,3
121648,3
57491,3
269024,3
316987,3
75108,3
223160,3
163225,3
5160,3
62460,3
172954,3
305579,3
333260,1
85635,1
218286,1
57866,1
69154,1
5306,3
93842,1
353083,1
228223,3
280818,3
269160,3
269160,1
238451,3
238451,1
350952,3
350952,1
349071,1
154125,3
323815,3
323815,1
97343,3
97343,1
254233,3
254233,1
369346,3
369346,1
369347,3
369347,1
93813,3
5316,3
5316,1
323807,1
323818,3
323818,1
158338,3
158338,1
146072,3
146072,1
56421,3
56421,1
31151,3
31151,1
151213,3
280105,3
219927,3
376030,1
281971,3
65096,3
65096,1
309919,3
75577,3
75577,1
49195,3
49195,1
81847,3
102958,3
5340,3
5340,1
5343,3
5343,1
101168,3
101168,1
80883,3
80883,1
99724,3
99724,1
95920,1
534957,1
156364,1
324056,3
5345,3
128393,3
25208,1
187814,3
320277,3
31162,3
5367,3
69289,1
24457,1
323853,3
101173,3
48447,3
31781,3
31781,1
97168,1
5928,1
5968,3
226105,3
5978,3
106113,1
31847,3
137617,3
6014,3
304076,3
58174,3
79003,3
43918,3
43918,1
304077,3
176656,3
31916,1
44432,3
96839,3
305849,3
137199,3
6253,1
6265,1
31628,1
86001,3
86001,1
350665,3
350665,1
368687,3
368687,1
151456,3
151456,1
169196,3
169196,1
43314,3
43314,1
169198,3
169198,1
221587,3
221587,1
31997,3
31997,1
522716,3
522716,1
6314,3
6314,1
93598,3
93598,1
361204,3
361204,1
26707,3
26707,1
528709,3
528709,1
6346,3
49759,3
314417,3
89269,3
226107,3
226108,3
226109,3
238681,3
97226,3
73487,3
73487,1
328169,3
328169,1
6395,3
6395,1
239351,3
188021,1
523281,3
523281,1
6397,1
118143,1
113912,1
91403,3
381890,3
32104,3
318579,3
318579,1
293440,3
293440,1
223357,3
223357,1
83101,3
83101,1
66556,3
66556,1
94614,3
94614,1
89372,3
89372,1
59387,3
59387,1
6599,3
6599,1
92599,3
92599,1
99092,3
99092,1
23556,3
23556,1
333326,3
333327,3
69703,1
6677,3
6705,3
6732,1
51971,1
162426,3
210449,3
334781,1
113911,3
310253,1
379179,3
6876,3
241761,3
241761,1
65995,3
158704,3
158704,1
32640,2
32640,1
19676,3
19676,1
313942,1
313942,3
90809,3
90809,1
20053,3
20053,1
6878,3
6878,1
158710,1
167932,1
19679,1
505315,1
505315,3
86320,1
158714,1
19957,3
19957,1
324309,3
324309,1
32644,3
32644,2
32644,1
6885,3
6886,3
6886,2
6886,1
6888,3
6888,2
6888,1
285914,3
285914,1
282149,1
282149,3
287681,3
287681,1
377012,3
377012,1
121876,3
121876,2
121876,1
263244,3
263244,1
374994,3
374994,1
6889,3
6889,1
6890,3
6890,1
21834,3
21834,1
82652,3
82652,1
6892,3
6892,2
6892,1
521465,3
521465,2
6893,3
6893,1
6894,3
6894,1
46894,1
46894,2
46894,3
6901,3
6901,1
96849,3
96849,1
374763,3
374763,1
6906,3
6906,2
6906,1
144912,3
144912,1
6907,3
6907,1
20051,3
20051,1
20051,2
120239,1
6912,1
329225,3
103001,3
6939,3
6943,3
136664,3
136664,1
169760,3
169760,1
223431,3
223431,1
6969,3
6969,1
280088,3
280088,1
89363,3
89363,1
158762,3
158762,1
210160,3
104322,3
211192,3
211192,1
169704,3
169704,1
165249,3
165249,1
321528,3
6977,3
6977,1
59825,3
59825,1
324785,3
324785,1
99750,3
99750,1
169706,3
169706,1
134312,3
134312,1
56154,3
56154,1
97545,3
97545,1
51080,3
51080,1
85825,3
85825,1
90419,3
90419,1
119850,3
119850,1
178922,3
6991,3
6991,1
332174,3
332174,1
331455,3
331455,1
22135,3
22135,1
205851,3
205851,1
137097,3
137097,1
194747,3
194747,1
181192,3
181192,1
191990,3
191990,1
205862,3
205862,1
134951,3
134951,1
102836,3
102836,1
55774,3
55774,1
90465,3
90465,1
97265,3
97265,1
324802,3
324802,1
109689,3
109689,1
7005,3
7005,1
187391,3
187391,1
503138,3
503138,1
7007,3
7007,1
7008,3
7008,1
7014,3
7014,1
7015,3
7015,1
205886,3
205886,1
354543,3
354543,1
32712,3
32712,1
7016,3
7016,1
324819,3
324819,1
32714,3
32714,1
7022,1
7022,3
349314,3
349314,1
95499,3
95499,1
82614,1
248780,1
7029,1
23496,1
323292,1
7035,1
115157,1
158768,1
48584,1
7062,1
32739,1
239575,1
7072,1
249093,1
204582,1
7075,1
7076,1
32755,1
131510,1
247489,1
7102,3
51090,3
234084,1
44266,1
223450,3
223450,1
334240,3
334240,1
170874,3
170874,1
206727,1
88381,1
52230,3
52230,1
95609,3
95609,1
83213,3
83213,1
360551,1
93166,3
93166,1
95176,3
85086,3
137830,3
7147,3
168469,3
198563,3
381477,3
90742,3
182563,3
185322,3
374127,3
7149,1
7164,1
106124,1
7165,1
106125,1
7174,1
251988,3
251988,1
504080,3
504080,1
371934,3
7197,3
270005,3
270005,1
255315,3
255315,1
97233,3
97233,1
7198,3
7198,1
124216,3
56327,3
56327,1
62891,3
62891,1
227521,3
227521,1
505223,3
505223,1
332964,3
332964,1
333252,3
333252,1
48059,3
48059,1
504099,3
504099,1
504879,3
504879,1
324033,3
324033,1
251117,3
251117,1
306898,3
306898,1
507854,3
507854,1
324605,3
324605,1
529332,3
529332,1
243116,3
505224,3
179353,3
179353,1
85181,3
85181,1
228582,3
228582,1
49469,3
49469,1
324030,3
324030,1
79273,3
79273,1
196734,3
196734,1
308410,3
308410,1
42778,3
42778,1
104298,3
104298,1
103262,3
103262,1
220396,3
220396,1
103785,3
103785,1
279358,3
279358,1
306550,3
306550,1
73467,3
73467,1
57305,3
57305,1
49419,3
49419,1
7199,3
7199,1
286053,3
286053,1
387720,3
387720,1
503989,3
503989,1
7200,3
95720,3
187847,3
192114,3
32853,3
7202,3
104585,3
536509,3
536509,1
70444,3
70444,1
77243,3
77243,1
304267,3
304267,1
120472,3
7207,3
93080,3
93080,1
164300,3
164300,1
273475,3
7213,3
158819,3
187848,3
93984,3
93984,1
536202,3
536202,1
109569,3
7265,3
45001,3
108119,3
136547,3
325229,3
7267,3
279516,3
21629,3
43207,3
21700,3
116948,1
89514,1
20724,3
20724,1
162563,3
162563,1
7478,3
7478,1
69270,3
69270,1
106130,3
106130,1
234978,3
234978,1
83243,3
83243,1
33037,3
33037,1
7609,1
95309,1
7612,3
7612,1
87554,3
87554,1
95692,3
95692,1
7654,3
23789,3
83312,3
51833,3
169711,3
56305,3
182509,3
114516,3
104204,3
114517,3
102219,3
81499,3
105720,3
54813,3
68554,3
7723,1
65679,1
317334,1
352805,1
48996,1
166031,1
271349,3
271349,1
59527,1
515086,1
532581,3
532581,1
321655,3
283864,3
325233,3
90133,1
150399,1
328085,1
178500,1
124669,1
114664,1
114304,1
84336,1
126442,1
180997,1
21680,1
254519,1
74495,1
154768,1
8115,1
33626,1
79917,1
345478,1
33627,1
110163,1
202558,3
8117,3
8123,1
90215,1
8125,1
87800,1
8124,1
290499,1
307108,1
100045,1
24592,1
122323,1
8211,1
8217,1
269824,3
269824,1
94192,3
170872,3
170872,1
270615,3
270615,1
270618,3
270619,3
227244,3
33709,3
169190,3
169190,1
227243,3
226114,3
271438,3
270857,3
270857,1
271444,3
271522,3
271460,3
271538,3
271481,3
271475,3
271516,3
8243,3
8243,1
99992,3
99992,1
270444,3
170879,3
270442,3
270442,1
271141,3
33699,3
269880,3
271574,3
271574,1
252297,3
33700,3
269882,3
270859,3
8246,3
8246,1
270575,3
130519,3
130519,1
91927,3
98430,3
98430,1
179806,3
154032,3
154032,1
198649,3
94441,3
94441,1
130089,3
55086,3
55086,1
33702,3
33703,3
33703,1
8249,3
8249,1
270128,3
270692,3
270692,1
273235,3
273235,1
270561,3
270561,1
83489,3
83489,1
33704,3
107216,3
107216,1
270694,3
270694,1
271411,3
271411,1
202324,3
271544,3
271552,3
271561,3
271453,3
271447,3
8250,3
8250,1
238693,3
238693,1
270572,3
270572,1
89605,3
89605,1
98246,3
98246,1
270574,3
270574,1
205514,3
205514,1
96085,3
96085,1
270706,3
270706,1
21628,3
271423,3
252245,3
271429,3
271434,3
271450,3
271426,3
271563,3
270858,3
33684,3
33684,1
138348,3
138348,1
270443,3
87634,3
87634,1
341707,3
341707,1
154013,3
154013,1
33686,3
251724,3
177316,3
290522,3
270037,3
251725,3
89444,3
89444,1
270038,3
270038,1
341708,3
341708,1
8240,3
270363,3
270363,1
271050,3
95310,3
95310,1
270039,3
270039,1
117643,3
57579,3
57579,1
355077,3
341709,3
341709,1
341688,3
341688,1
86747,3
86747,1
270616,3
270616,1
270617,3
270617,1
99236,3
99236,1
205490,3
154028,3
114521,3
138357,3
270124,3
270125,3
315605,3
205493,3
205493,1
270127,3
270127,1
138352,3
227632,3
153255,3
153255,1
154029,3
154029,1
138350,3
138350,1
99046,3
99046,1
270130,3
270130,1
90268,3
90268,1
205500,3
205500,1
117645,3
42452,3
42452,1
33688,3
355078,3
89037,3
33690,3
33690,1
270172,3
270172,1
94963,3
94963,1
169185,3
169185,1
92720,3
270349,3
154030,3
154030,1
77881,3
77881,1
521978,3
521978,1
53206,3
59102,3
130091,3
130091,1
138355,3
138355,1
270347,3
270347,1
154031,3
154031,1
154011,3
154011,1
8241,3
89523,3
138356,3
138356,1
205507,3
205507,1
130090,3
130090,1
96357,3
96357,1
169187,3
169187,1
33695,3
33695,1
68467,3
117646,3
116949,3
69522,3
138358,3
138358,1
271418,3
271418,1
371554,3
371554,1
33856,3
33856,1
43091,3
43091,1
91194,3
91194,1
78463,3
78463,1
206728,3
206728,1
27516,3
27516,1
27529,3
27529,1
87644,3
87644,1
358354,3
358354,1
8445,1
40254,3
40254,1
75426,3
75426,1
516845,3
516845,1
516868,3
48070,3
48070,1
8730,3
8730,1
327170,3
327170,1
137447,3
137447,1
137448,3
137448,1
323864,3
323864,1
40522,3
40522,1
40530,3
40530,1
45958,3
45958,1
99789,3
99789,1
271432,3
271432,1
175833,3
175833,1
287732,3
287732,1
176913,3
176913,1
346683,3
346683,1
93785,3
93785,1
325729,3
325729,1
239743,3
239743,1
353409,3
353409,1
89566,3
89566,1
40539,3
40539,1
86781,3
86781,1
340889,3
340889,1
346688,3
346688,1
126741,3
126741,1
346682,3
346682,1
346673,3
346673,1
70488,3
70488,1
199822,3
199822,1
346671,3
346671,1
288735,3
288735,1
340887,3
340887,1
40542,3
40542,1
294698,3
294698,1
153374,3
153374,1
153377,3
153377,1
114547,3
114547,1
212325,3
212325,1
81131,3
81131,1
132882,3
132882,1
90118,3
90118,1
346687,3
346687,1
214485,3
214485,1
308903,3
308903,1
322014,3
322014,1
65460,3
65460,1
80395,3
80395,1
346689,3
346689,1
71943,3
71943,1
85323,3
85323,1
263472,3
263472,1
361014,3
361014,1
226254,3
226254,1
346675,3
346675,1
138240,3
138240,1
316564,3
316564,1
307643,3
307643,1
346674,3
346674,1
138241,3
138241,1
352809,3
352809,1
132846,1
93257,1
124726,3
124726,2
40566,3
40566,2
8766,3
8766,1
330956,1
135608,3
135608,2
135609,3
135609,2
124725,3
124725,2
93256,1
125664,1
239293,1
23759,1
8773,1
70329,1
95880,3
93232,1
8843,3
8843,1
8852,1
241215,3
368954,3
368954,1
510599,3
254416,3
254416,1
191139,3
191139,1
97624,3
248873,3
325295,3
325295,1
327439,3
327439,1
326898,3
326898,1
63034,3
63034,1
326897,3
326897,1
342468,3
342468,1
305896,3
305896,1
305958,3
305958,1
372622,3
372622,1
372603,3
372603,1
8905,3
8905,1
342077,3
342077,1
93952,3
93952,1
57945,3
321556,3
321556,1
41745,3
41745,1
95526,3
95526,1
81201,3
95907,3
95907,1
67181,3
67181,1
223899,3
223899,1
510594,1
510973,3
510973,1
510530,3
510530,1
510671,3
510671,1
510402,3
510402,1
249633,3
249633,1
510544,3
510429,3
510429,1
529186,3
529186,1
511221,3
511221,1
529123,3
529123,1
510513,3
510874,3
510874,1
510449,3
76586,3
8948,3
388040,3
388038,3
388038,1
40828,3
24757,3
8950,3
8950,1
329654,3
8951,3
8955,3
323887,3
323887,1
8956,3
8956,1
510688,3
510688,1
8957,3
8957,1
8965,1
8969,1
150772,1
82407,3
9025,1
94913,3
94913,1
48960,3
48960,1
345366,3
345366,1
93687,3
93687,1
112042,3
112042,1
160780,3
160780,1
67889,3
47294,3
47294,1
97772,3
97772,1
155715,3
155715,1
93110,3
93110,1
89484,3
89484,1
99561,3
99561,1
57817,3
57817,1
82108,3
82108,1
92757,3
92757,1
223962,3
223962,1
254836,3
254836,1
97146,3
97146,1
115575,3
115575,1
99648,3
99648,1
336354,3
336354,1
50975,3
50975,1
96612,3
96612,1
125533,3
125533,1
89248,3
89248,1
41070,3
41070,1
41071,3
41071,1
82260,3
82260,1
65162,3
65162,1
69595,3
75559,3
75559,1
154440,3
154440,1
41075,3
41075,1
140135,3
140135,1
96613,3
96613,1
100049,3
100049,1
220564,3
77543,3
77543,1
41077,3
41077,1
115577,3
115577,1
269035,3
269035,1
98305,3
98305,1
154442,3
94507,3
94507,1
41080,3
41080,1
9110,3
9110,1
210246,3
210246,1
41081,3
41081,1
91956,3
91956,1
220565,3
220565,1
90142,3
90142,1
96308,3
96308,1
41086,3
41086,1
94007,3
94007,1
41088,3
41088,1
138225,3
138225,1
100059,3
100059,1
41090,3
41090,1
135405,3
135405,1
268763,3
268763,1
48797,3
48797,1
58404,3
58404,1
41095,3
41095,1
323619,3
323619,1
93845,3
93845,1
323618,3
323618,1
135406,3
135406,1
9122,3
9122,1
96159,3
365901,3
365901,1
135408,3
135408,1
118546,3
118546,1
64961,3
64961,1
331173,3
331173,1
92477,3
92477,1
333890,3
333890,1
326952,3
326952,1
318694,3
318694,1
43464,3
95423,3
95423,1
135412,3
135412,1
48097,3
48097,1
68418,3
68418,1
94283,3
90905,3
90905,1
125665,3
125665,1
325173,3
325173,1
84893,3
84893,1
20984,3
20984,2
41110,3
41110,1
9131,3
374033,3
182615,3
182615,1
221226,3
80865,3
254045,3
269360,3
269360,1
9134,3
9134,1
323930,3
323930,1
182614,3
182614,1
182616,1
182616,3
82826,1
82826,3
9135,3
9135,1
286227,3
286227,1
25819,3
25819,1
154510,3
154510,1
21905,1
21905,3
105724,3
105724,1
327920,3
101021,3
81273,3
81273,1
256546,3
256546,1
118793,3
118793,1
256547,3
256547,1
41129,3
41129,1
91367,3
91367,1
88037,3
88037,1
94113,3
94113,1
90148,3
90148,1
95618,3
95618,1
99006,3
99006,1
258280,3
258280,1
118355,3
118355,1
118356,3
118356,1
60462,3
60462,1
223965,3
211097,3
211097,1
87123,3
87123,1
223966,3
223966,1
223967,3
223967,1
288737,3
288737,1
171795,3
171795,1
171794,3
245154,3
245154,1
207484,3
207484,1
213175,3
213175,1
287164,3
287164,1
177153,3
177153,1
118353,3
118353,1
54463,3
117328,3
117328,1
98140,3
98140,1
73372,3
73372,1
252059,3
252059,1
160781,3
160781,1
90556,3
41025,3
118629,1
234035,1
19894,3
19894,1
500234,3
500234,1
9420,3
118050,3
94938,3
114146,3
102002,3
74035,1
9429,1
507791,1
507790,1
215762,1
9435,1
9451,1
42475,1
69022,1
108942,3
335076,1
329854,1
292048,1
329780,1
53075,1
9542,1
99220,1
62695,1
9557,3
9557,1
53683,1
298444,1
60301,1
94349,1
98325,1
99993,1
47624,1
9566,1
9567,1
134563,1
94947,1
137666,1
9573,1
153266,1
87338,1
9575,1
9576,3
9576,1
20493,3
20493,1
57904,1
98406,3
98406,1
70440,3
70440,1
69056,1
84389,3
84389,1
111506,1
139990,3
139990,1
160782,3
160782,1
298885,1
64519,1
68803,1
76048,1
78034,1
160783,3
160783,1
43558,1
20982,3
20982,1
9582,1
329875,1
246044,1
292047,1
9595,1
224022,1
61389,1
143233,1
83497,1
92385,1
224023,1
64616,1
50233,1
329838,1
9625,1
74874,1
80744,1
99002,1
82346,1
80428,1
43236,1
356489,1
97713,1
91249,1
319967,1
110634,1
144323,1
9629,1
83646,1
78755,1
137147,1
329864,1
352129,1
138590,1
224017,1
329868,1
224021,1
329927,1
9584,1
78035,1
74919,1
329865,1
92726,1
133028,1
9704,3
77501,3
361189,3
9708,3
287165,3
67748,3
297573,3
56794,3
83655,3
101671,3
101671,1
205673,1
93138,1
87530,1
359897,1
84902,1
309836,3
309836,1
309846,1
319824,1
309851,1
375364,3
309857,1
309859,1
309863,3
309863,1
363764,1
309847,1
363793,1
363763,1
341351,1
363761,1
312778,1
312780,1
312779,1
363786,1
314157,1
363758,1
360392,1
363766,1
363771,1
302513,1
363757,3
363760,1
286084,1
360393,1
363789,1
363779,1
363759,1
363791,1
363774,1
363787,1
361021,1
363772,1
363767,1
374457,1
75993,1
153264,1
332686,1
331050,1
135107,1
70531,1
9872,3
9872,2
9873,3
9873,2
324123,3
236023,3
100450,3
383698,1
504569,1
184382,3
332270,1
192607,1
9967,1
63584,1
515238,1
9985,1
224081,3
224081,2
112840,3
112840,2
10023,3
10023,2
317777,3
317777,1
167720,3
167720,2
106153,3
106153,2
10028,3
10028,2
95597,3
95597,2
98316,3
98316,2
10101,3
10101,1
153623,3
153623,1
77549,3
77549,1
59890,3
59890,1
255962,3
255962,1
324958,3
324958,1
69040,3
69040,1
194417,3
194417,1
47818,1
240085,3
240085,1
91966,3
91966,1
87364,3
87364,1
78015,3
78015,1
352737,3
352737,1
70867,3
70867,1
10108,1
105996,3
105995,3
167791,3
57073,3
383384,3
245964,3
245964,1
53447,3
222312,3
268919,3
268919,1
75842,3
54406,3
54406,1
245370,3
145957,3
89178,3
89178,1
134954,3
241241,3
174708,3
174708,1
195879,3
195879,1
94540,3
52817,3
52817,1
366848,3
366848,1
59805,3
59805,1
146042,3
146042,1
134955,3
124381,3
239425,3
241244,3
241244,1
307744,3
237350,3
237350,1
237355,3
237355,1
98807,3
98807,1
193455,1
224159,3
224159,1
254015,3
254015,1
281122,3
281122,1
187420,3
187420,1
270341,3
270341,1
21317,3
21317,1
10477,3
10477,1
308078,3
308078,1
367309,3
367309,1
324214,3
324214,1
367310,3
367310,1
367325,3
367325,1
10488,3
10488,1
10499,3
10499,1
78340,3
78340,1
124775,3
124775,1
10509,3
10509,1
367940,3
367940,1
367308,3
367308,1
10512,3
54843,3
54843,1
281098,3
10531,3
23484,3
138245,3
136551,3
381196,3
288037,3
245959,3
89320,3
61422,1
10658,3
177859,3
177859,1
178924,3
81963,3
155051,3
46578,3
58435,3
257583,3
257583,1
181749,3
181749,1
92463,3
92463,1
109230,3
109230,1
140607,3
140607,1
241659,3
241659,1
324991,3
94778,3
94778,1
204191,3
204191,1
370235,3
370235,1
43335,3
517495,3
517495,1
97569,3
121414,3
121414,1
140615,3
140615,1
181750,3
121925,1
368717,3
140732,3
140732,1
93009,3
93009,1
522649,3
209678,3
524788,3
524788,1
301640,3
303797,3
303797,1
387470,3
387471,3
387471,1
196343,3
196343,1
154297,3
155053,3
155053,1
47918,3
47918,1
154295,3
284815,3
284815,1
54163,3
517496,3
517496,1
88252,3
154341,3
524728,3
524728,1
63953,3
63953,1
334937,3
334937,1
309047,3
309047,1
154344,3
154344,1
154345,3
154345,1
125426,1
90547,3
90547,1
325773,3
325773,1
50740,3
46873,3
46873,1
346030,3
346030,1
209680,3
209680,1
269170,3
155193,3
235046,3
235046,1
524815,3
524815,1
125963,3
125963,1
375159,3
375159,1
141183,3
76927,3
76927,1
99540,3
99540,1
299318,3
299318,1
178925,3
178925,1
517491,3
517491,1
524831,3
524831,1
83245,3
154347,3
154347,1
517538,3
517538,1
318068,3
346029,3
346029,1
342434,3
342434,1
67119,3
67119,1
524349,3
524349,1
300637,3
254256,3
134763,3
134763,1
59066,3
214962,3
125964,3
125964,1
76717,3
184340,3
184341,3
184341,1
367145,3
70129,3
70129,1
133753,3
133753,1
140769,3
140769,1
63852,3
181747,3
235798,3
235798,1
217850,3
44407,3
352608,3
352608,1
325317,3
325317,1
254258,3
254258,1
235796,3
235796,1
272675,3
272675,1
235799,3
235799,1
329500,3
69140,3
69140,1
78323,3
78323,1
385722,3
385722,1
195074,3
69141,3
69141,1
317007,3
78324,3
178926,3
178926,1
524807,3
524807,1
254260,3
257584,3
257584,1
241669,3
62340,3
522500,3
521675,3
521675,1
284816,3
284816,1
176163,3
176163,1
74490,3
74490,1
269176,3
269176,1
287510,3
195802,3
195802,1
118867,3
118867,1
325807,3
367146,3
58385,3
58385,1
526484,3
526484,1
375162,3
278324,3
278324,1
301643,3
504712,3
272206,3
272206,1
521967,3
521967,1
284050,3
62131,3
62131,1
41990,3
272678,3
272678,1
272207,3
272207,1
316224,3
343773,3
343773,1
342435,3
342435,1
524521,3
524521,1
343774,3
343774,1
517467,3
517467,1
235041,3
235041,1
124271,3
270500,3
120020,3
251865,3
251865,1
333056,3
284814,3
150392,3
284572,3
284572,1
284618,3
284618,1
136586,3
136586,1
334506,3
334506,1
157486,3
157486,1
84663,3
84663,1
515396,3
10694,3
10694,1
211249,3
211249,1
42582,3
42582,1
254016,3
254016,1
152347,3
152347,1
198872,3
198872,1
346084,3
346084,1
344244,3
344244,1
143316,3
143316,1
368379,3
138334,3
138334,1
284533,3
284562,3
337961,3
337961,1
284496,3
381518,3
10696,3
517299,3
517299,1
198040,3
198040,1
118811,3
118811,1
77938,3
77938,1
195069,3
195069,1
373670,3
375040,3
77939,3
77939,1
90428,3
90428,1
57231,3
57231,1
239932,3
239932,1
65554,3
65554,1
198041,3
198041,1
515146,3
336914,3
336914,1
184295,3
184294,3
107260,3
343392,3
343392,1
55829,3
55829,1
294733,3
294733,1
343391,3
343391,1
137294,3
137294,1
65428,3
65428,1
105342,3
10702,3
10702,1
363388,3
312794,3
524818,3
524818,1
298501,3
511712,3
113354,3
113354,1
177857,3
250732,3
256371,3
298502,3
10703,3
10703,1
324336,3
324336,1
526621,3
526621,1
386963,3
386963,1
370015,3
525805,3
525805,1
10704,3
10704,1
95584,3
95584,1
10707,3
10707,1
139125,3
138523,3
136589,3
46775,3
136588,3
136588,1
140324,3
140324,1
140778,3
140778,1
136587,3
136587,1
85793,3
85793,1
10709,3
10709,1
121926,3
121926,1
284039,3
528896,3
528896,1
23721,3
23721,1
140643,3
140643,1
125968,3
125968,1
10711,3
10711,1
99150,3
99150,1
159708,3
159708,1
10713,3
10713,1
178465,3
154682,3
177638,3
269173,3
176152,3
154680,3
256387,3
106171,3
140651,3
357410,3
517500,3
517500,1
10721,3
10721,1
72553,3
250539,3
117431,3
150356,3
41024,3
50247,3
50247,1
107265,3
107265,1
61904,1
65432,1
177861,3
177861,1
269174,3
75578,3
254532,3
45238,3
233360,3
137324,3
10725,3
517539,3
524306,3
524290,3
138295,3
138520,3
138520,1
130968,3
269164,3
269164,1
385470,3
385470,1
227598,3
227598,1
75881,3
147826,3
147826,1
150078,3
150078,1
62148,3
62148,1
119226,3
256348,3
256348,1
46874,3
46874,1
49007,3
533199,3
533199,1
154360,3
154360,1
74812,3
60020,3
254017,3
254017,1
69738,3
69738,1
73097,3
73097,1
517497,3
517497,1
58160,3
58160,1
62941,3
62941,1
83444,3
86596,3
86596,1
51161,3
51161,1
46057,3
46057,1
49220,3
49220,1
254019,3
140668,3
140668,1
79688,3
79688,1
105101,3
105101,1
143317,3
143317,1
96509,3
96509,1
59844,3
59844,1
178466,3
178466,1
117187,3
117187,1
10727,3
10727,1
117188,3
117188,1
373995,3
373995,1
373996,3
373996,1
373997,3
373997,1
21297,3
21297,1
80901,3
80901,1
209770,3
209770,1
226123,3
226123,1
313395,3
313395,1
64079,3
64079,1
313426,3
313426,1
332647,3
332647,1
10734,3
10734,1
177828,3
177828,1
77123,3
77123,1
86740,3
86740,1
187255,3
187255,1
313399,3
10735,3
10735,1
308671,3
308671,1
44137,3
44137,1
218431,3
218431,1
314114,3
314114,1
198449,3
198449,1
232633,3
232633,1
331472,3
331472,1
337632,3
337632,1
376026,3
376026,1
313425,3
313425,1
24680,3
24680,1
131472,3
131472,1
57192,3
57192,1
98703,3
98703,1
113528,3
113528,1
92614,3
92614,1
177829,3
177829,1
77124,3
77124,1
77125,3
77125,1
71336,3
71336,1
224197,3
224197,1
224198,3
224198,1
138380,3
138380,1
169622,3
169622,1
84178,3
158301,3
158301,1
368040,3
368040,1
388121,3
377067,3
85932,3
85932,1
238787,3
379825,3
311148,3
311148,1
375604,3
328341,3
49607,3
108631,3
108631,1
237270,3
124623,3
231522,3
231522,1
91065,3
91065,1
211743,3
116626,3
116626,1
388122,3
50623,3
65368,3
171023,3
171023,1
224203,3
197956,3
306356,3
306356,1
67684,3
67684,1
237193,3
124642,3
124642,1
224205,3
237279,3
220430,3
220430,1
194748,3
300966,3
300966,1
255965,3
379035,3
238791,3
206732,3
206732,1
367689,3
367689,1
105128,3
105128,1
360266,3
67469,3
147506,3
319063,3
228334,3
228334,1
215094,3
332235,3
332235,1
158962,3
158962,1
191741,3
51494,3
25845,3
25845,1
190901,3
190901,1
206733,3
206733,1
307644,3
307644,1
84629,3
84629,1
56963,3
56963,1
146751,3
146751,1
269082,3
388204,3
75668,3
104053,3
104053,1
308657,3
177846,3
177846,1
146750,3
146750,1
63411,3
63411,1
254827,3
254827,1
78516,3
78516,1
104171,3
104171,1
104274,3
54278,3
88597,3
156001,3
156001,1
518338,3
518338,1
376077,3
315460,3
516383,3
516383,1
299501,3
299501,1
379036,3
69783,3
69783,1
169623,3
231523,3
231523,1
387710,3
136977,3
306359,3
363817,3
57764,3
301530,3
85931,3
85931,1
276524,3
276524,1
224212,3
224212,1
331508,3
331508,1
84903,3
84903,1
331521,3
361168,3
361168,1
346362,3
346362,1
139148,3
139148,1
43575,3
346363,3
346363,1
505728,3
86648,3
86648,1
520661,3
520661,1
55555,3
55555,1
169769,3
169769,1
81479,3
81479,1
87271,3
87271,1
333092,3
333092,1
338208,3
338208,1
48760,3
48760,1
297718,3
297718,1
505266,3
505266,1
233673,3
233673,1
63088,3
55360,3
55360,1
524646,3
524646,1
51774,3
51774,1
122463,3
102558,3
102558,1
51701,3
51701,1
67221,3
67221,1
362105,3
362105,1
304110,3
304104,3
304104,1
336058,3
336058,1
151674,3
151674,1
295558,3
247680,3
150445,3
150445,1
70592,3
70592,1
374793,3
374793,1
69103,3
69103,1
179447,3
179447,1
178311,3
178311,1
133956,3
133956,1
57972,3
57972,1
116263,3
116263,1
101768,3
113648,3
140266,3
140266,1
76597,3
76597,1
180038,3
180038,1
132541,3
132541,1
520683,3
520683,1
43989,3
43989,1
83214,3
83214,1
66558,3
105308,3
79219,3
79219,1
70773,3
304105,1
304105,3
346372,3
346372,1
132331,3
132331,1
346376,3
267574,3
85191,3
68404,3
328625,3
328625,1
48411,3
48411,1
346377,3
59515,3
59515,1
103839,3
59516,3
102514,3
45628,3
342982,3
57778,3
57778,1
86832,3
86832,1
46442,3
224219,3
224219,1
69639,3
69639,1
77745,3
105310,3
105047,3
105047,1
142366,3
132747,3
132747,1
87347,3
87347,1
70630,3
70630,1
142369,3
134057,3
134057,1
105048,3
105048,1
130109,3
130109,1
87382,3
87382,1
113253,3
113253,1
190734,3
87384,3
87384,1
113254,3
84977,3
84977,1
132370,3
132370,1
346382,3
346382,1
137030,3
137030,1
71073,3
71073,1
271018,3
271018,1
515118,3
103253,3
63303,3
63303,1
133977,3
133977,1
132372,3
122465,3
133997,3
45855,3
45855,1
247669,3
134000,3
134000,1
524647,3
524647,1
73746,3
73746,1
42465,3
42465,1
116268,3
116268,1
150134,3
150134,1
50396,3
66641,3
66641,1
178318,3
178318,1
520646,3
520646,1
524650,3
524650,1
102075,3
102075,1
524651,3
524651,1
87386,3
87386,1
199488,3
199488,1
71075,3
103492,3
103492,1
177227,3
63304,3
63304,1
45527,3
45527,1
57083,3
57083,1
122469,3
42895,3
122470,3
103254,3
103254,1
47730,3
54997,3
54997,1
43766,3
43766,1
193272,3
193272,1
255286,3
255286,1
82248,3
82248,1
113259,3
113259,1
42466,3
42466,1
76972,3
76972,1
346397,3
158684,3
85591,3
85591,1
113260,3
113260,1
165428,3
165428,1
102032,3
102032,1
43797,3
43797,1
49926,3
49926,1
342402,3
342402,1
42833,3
42833,1
263863,3
263863,1
84995,3
84995,1
65522,3
65522,1
77979,3
77979,1
338777,3
338777,1
338782,3
338782,1
194603,3
194603,1
53448,3
53448,1
59421,3
59421,1
49288,3
49288,1
121580,3
121580,1
83029,3
83029,1
60041,3
60041,1
224221,3
224221,1
142373,3
142373,1
158698,3
72343,3
72343,1
104762,3
104762,1
102217,3
55993,3
103416,3
103416,1
211018,3
60992,3
60992,1
346399,3
346399,1
102750,3
102750,1
218525,3
218525,1
338735,3
338735,1
69435,3
69435,1
171224,3
171224,1
142375,3
142375,1
211020,3
347464,3
347464,1
203173,3
372830,3
138490,3
138490,1
522155,3
522155,1
236177,3
236177,1
73926,3
73926,1
346415,3
346415,1
317142,3
317142,1
83621,3
83621,1
377903,3
377903,1
164107,3
164107,1
49048,3
49048,1
132562,3
211021,3
211021,1
136976,3
136976,1
46760,3
46760,1
87551,3
87551,1
165429,3
165429,1
116112,3
116112,1
279760,3
279760,1
101805,3
101805,1
346418,3
346418,1
346419,3
346419,1
139178,3
139178,1
113272,3
113272,1
224225,3
224225,1
78627,3
78627,1
113273,3
113273,1
72705,3
72705,1
49064,3
49064,1
194602,3
194602,1
211742,3
211742,1
132777,3
132777,1
132778,3
44425,3
44425,1
346431,3
346431,1
346432,3
346432,1
346356,3
324609,3
324609,1
72956,3
72956,1
78702,3
211024,3
211024,1
190741,3
190741,1
46367,3
46367,1
210613,3
61216,3
61216,1
361172,3
361172,1
74613,3
74613,1
140877,3
140877,1
71369,3
71369,1
87072,3
87072,1
343358,3
343358,1
64318,3
64318,1
110282,3
110282,1
113277,3
113277,1
343124,3
343124,1
71799,3
71799,1
113667,3
113667,1
240417,3
324608,3
324608,1
518486,3
518486,1
114668,3
114668,1
83375,3
83375,1
378998,3
378998,1
56027,3
56027,1
341746,3
341746,1
226467,3
226467,1
369763,3
369763,1
248572,3
524558,3
524558,1
306021,3
306021,1
67912,3
67912,1
369757,3
320187,3
320187,1
10770,3
10774,3
10774,1
86917,3
86917,1
151503,3
151503,1
159705,3
159705,1
202470,3
10779,3
49939,3
218236,3
379040,3
329139,3
10786,3
10787,3
183982,3
103579,3
10789,3
10789,1
151502,3
151502,1
62389,3
363816,3
329142,3
139213,3
227644,3
78835,3
210458,3
88603,3
88603,1
50195,3
50195,1
111619,3
111619,1
10792,3
10792,1
128044,3
128044,1
45652,3
81881,3
81881,1
254021,3
56983,3
56983,1
71793,3
78647,3
78647,1
80946,3
135402,3
135402,1
84784,3
10781,3
10781,1
515249,3
515249,1
63260,3
77664,3
77664,1
77665,3
77665,1
515248,3
515248,1
91630,3
331057,3
45895,3
45895,1
55898,3
55898,1
136642,3
136642,1
25804,3
65624,3
118461,3
241672,3
241672,1
205183,3
205183,1
337962,3
337962,1
141792,3
141792,1
111547,3
62784,1
86426,3
86426,1
337000,3
337000,1
231986,3
231986,1
361672,3
361672,1
232659,3
232659,1
79489,3
79489,1
70548,3
70548,1
257520,3
329955,3
329955,2
299746,3
299746,2
137099,3
137099,2
382787,3
382787,2
368719,3
368719,1
152225,3
152225,1
64677,3
64748,3
11105,3
512568,3
174727,3
234642,3
11110,3
211211,3
11166,3
522958,3
247867,3
156662,3
528885,3
528856,3
520520,3
90394,3
11192,3
523020,3
523052,3
25104,3
388863,3
388862,3
386880,3
388865,3
46790,3
46790,1
49780,3
49780,1
184050,3
184050,1
304336,1
56394,3
56394,1
65866,3
65866,1
63391,1
20942,3
20942,1
184111,3
184111,1
11237,3
11237,1
118191,3
118191,1
88996,3
88996,1
24320,3
78182,3
11295,2
370597,3
11304,3
68115,1
224289,1
113815,3
51020,3
11311,3
75605,3
74329,3
52498,3
64899,3
64900,3
59207,3
44913,3
219622,3
221234,3
224290,1
11316,1
241851,3
307376,3
11327,3
317525,3
317662,3
368550,3
241673,3
247419,3
202129,3
318062,3
322841,3
326289,3
344248,3
350962,3
317661,3
318330,3
320173,3
198891,3
336530,3
121295,1
112579,1
256988,1
248132,1
119921,1
331593,3
537237,3
159988,3
54429,3
54429,1
255940,3
83437,3
83437,1
57250,3
98456,3
202473,3
202473,1
193555,3
273478,3
273478,1
61895,3
22130,3
329446,1
219133,3
155868,3
155868,1
273547,3
273547,1
524441,3
524441,1
11750,3
11750,1
329524,1
209772,3
209772,1
136552,3
136552,1
11760,1
11771,3
11771,1
47791,1
53096,1
59488,3
59488,1
73419,1
11779,1
49656,1
516779,1
516783,1
119765,1
89265,1
168374,1
523069,1
11871,1
333072,1
332448,1
535558,1
11880,1
11881,1
11883,1
11886,1
141243,1
154751,1
523059,1
534868,1
11908,1
524287,1
141235,1
329526,1
329526,3
11980,1
11982,1
11983,1
314916,1
58298,1
11985,1
11988,1
11988,3
62357,1
62357,3
84456,1
84456,3
234921,1
234921,3
94432,1
94432,3
116640,1
116640,3
224406,1
224406,3
47145,1
47145,3
63956,3
63956,1
91896,1
91896,3
41474,1
41474,3
98291,1
98291,3
82816,1
82816,3
49232,1
49232,3
11994,1
11995,3
11995,1
11996,1
89015,1
82815,1
378112,1
378112,3
329527,1
329527,3
329528,3
329528,1
78365,1
522065,3
522063,3
522061,3
12119,3
48369,3
48369,1
186966,3
138124,3
138124,1
92573,3
92573,1
104798,3
104798,1
182410,3
116685,3
116685,1
70890,3
70890,1
369993,3
219135,3
106203,3
12217,1
39100,3
521260,3
329544,3
12342,3
239764,1
240067,1
240066,1
238341,1
84088,1
12545,3
120477,3
120478,3
41475,3
120481,3
21291,3
21291,1
43413,3
174726,3
386591,1
515350,3
12627,3
12627,1
75199,3
91771,3
91771,1
329557,3
329557,1
79251,3
79251,1
224509,3
224509,1
55593,3
55593,1
224513,3
224513,1
12659,3
12659,1
12631,3
12631,1
28098,1
12668,1
12668,3
12670,1
12670,3
94765,1
94765,3
386882,3
126599,3
500040,3
386883,3
12672,3
389093,3
304371,3
12684,3
200018,3
151076,3
334862,3
334862,1
91178,3
91178,1
94527,3
94527,1
211312,3
211312,1
224529,3
224529,1
12791,3
12791,1
25404,3
25404,1
12797,3
12797,1
12799,3
12799,1
12800,3
12800,1
100518,3
100518,1
45056,3
45056,1
329784,3
329784,1
12804,3
12804,1
329786,3
329786,1
98113,3
98113,1
78651,3
78651,1
533985,3
533985,1
132239,3
132239,1
87677,3
87677,1
103988,3
103988,1
12811,3
12811,1
353403,3
353403,1
351503,3
351503,1
369395,3
369395,1
329798,3
329798,1
12813,3
12813,1
297180,3
297180,1
99292,3
99292,1
272851,3
272851,1
91374,3
91374,1
377215,3
375001,3
375001,1
278325,3
278325,1
269025,3
269025,1
505069,3
505069,1
349927,3
349927,1
94829,3
94829,1
210906,3
210906,1
47146,3
47146,1
334836,3
334836,1
369394,3
320144,3
320144,1
257506,3
257506,1
253774,3
253774,1
323355,1
50944,1
331600,1
20904,3
64843,3
60193,3
48955,3
115982,3
79229,3
332100,3
20915,3
153988,3
99875,3
99875,1
66614,3
66614,1
90634,3
67970,3
131258,3
140956,3
108681,3
90592,3
348240,3
348240,1
116034,3
319969,3
47324,3
314738,3
108670,3
363128,3
217791,3
367148,3
367148,1
224537,3
59793,3
142049,3
329993,3
329994,3
85797,3
103766,3
90319,3
136403,3
42634,3
66446,3
96049,3
96049,1
84378,3
174707,3
174707,1
70734,3
70734,1
95172,3
95172,1
12994,3
12994,1
224545,3
224545,1
196453,3
196453,1
124101,3
124101,1
142867,3
142867,1
96210,3
96210,1
224546,3
224546,1
12995,3
175400,3
128954,3
128954,1
12996,3
12996,1
99424,3
99424,1
78587,3
78587,1
23708,3
23708,1
13000,3
41805,3
41805,1
90119,3
90119,1
162461,3
162461,1
165971,3
165971,1
81515,3
81515,1
331610,3
331610,1
64958,3
64958,1
81516,3
81516,1
93623,3
93623,1
96221,3
96221,1
117190,3
117190,1
82424,3
82424,1
191109,3
191109,1
76144,3
76144,1
68304,3
68304,1
89974,3
89974,1
252862,3
252862,1
49550,3
49550,1
92004,3
92004,1
13004,3
13004,1
275489,3
275489,1
52300,3
52300,1
66346,3
68237,3
68237,1
31923,3
95484,3
95484,1
77818,3
77818,1
224547,3
96510,3
96510,1
53120,3
53120,1
68477,3
68477,1
93632,3
93632,1
87748,3
87748,1
25151,3
25151,1
55310,3
320616,3
320616,1
107249,3
107249,1
105437,3
105437,1
13019,3
13019,1
142650,1
184006,1
147799,1
353020,1
43808,3
43808,1
375549,1
72388,1
55340,1
13072,1
83200,1
66166,1
13076,1
75432,1
62395,1
220549,1
326314,1
103474,1
80710,1
227712,1
326315,1
298437,1
326316,3
326316,1
207307,1
253666,1
385696,1
78795,1
344281,1
61003,1
385700,1
79939,1
226143,1
109209,1
98403,3
98403,1
49154,3
49154,1
43957,1
238719,1
515495,1
142736,1
76778,1
48800,1
48800,3
168050,1
57022,1
46617,1
66912,1
71624,1
334841,1
238722,3
238722,1
63382,1
361088,3
361088,1
224567,1
253669,1
327552,1
97278,1
150796,1
19718,3
19718,1
202348,3
271627,3
271627,1
167713,3
167713,1
98343,3
98343,1
54124,3
102364,3
102364,1
202346,3
202346,1
270177,3
270177,1
270178,3
270178,1
13186,3
13186,1
13187,1
13187,3
13188,1
13188,3
13191,3
13191,1
94908,3
94908,1
140567,3
218432,1
218432,3
218471,3
140573,3
140573,1
140575,3
140575,1
13195,3
13195,1
122327,3
122327,1
13202,3
13202,1
77208,3
77208,1
272769,3
272769,1
134268,3
134268,1
220210,3
220210,1
13201,3
13201,1
75059,3
75059,1
246352,3
246352,1
45314,3
124409,3
235505,3
51277,3
68494,3
68494,1
241419,3
367797,3
367797,1
75374,3
75374,1
46330,3
46330,1
53823,3
153941,3
153941,1
77301,3
77301,1
71308,3
71308,1
59953,3
59953,1
84756,3
221604,3
221604,1
140577,3
140577,1
13205,3
13205,1
61258,3
61258,1
92045,3
92045,1
134267,3
134267,1
251120,3
44434,3
13234,3
516937,3
48343,1
82050,1
94126,1
82066,3
82066,1
113758,3
113758,1
113759,3
113759,1
170977,3
170977,1
305825,3
205684,3
192758,3
192758,1
152072,3
152072,1
74252,3
170978,3
170978,1
254047,3
254047,1
224574,3
224574,1
249136,3
249136,1
335100,3
13355,3
13355,1
184316,3
184316,1
13357,3
13357,1
13360,3
179764,3
179764,1
74841,3
74841,1
167187,3
167187,1
251287,3
297742,3
254049,3
254049,1
54702,3
224578,3
58147,3
167190,3
127460,3
283859,3
13499,1
331864,3
331864,1
94236,3
94236,2
94236,1
53018,3
53018,2
53018,1
58464,3
58464,1
13534,1
385280,1
237715,1
237714,1
187949,1
173333,3
173333,1
241856,3
254544,3
77355,3
43183,3
206313,3
13927,3
256641,3
334843,1
334845,1
302082,1
53972,1
23349,1
84127,3
84127,1
372592,3
372592,1
205676,3
205676,1
324399,3
324399,1
103637,3
103637,1
328363,3
328363,1
172406,3
172406,1
96370,3
57783,3
57783,1
323236,3
323236,1
25767,3
25767,1
162439,3
361598,3
361598,1
322913,3
322913,1
86801,3
86801,1
90697,3
90697,1
25768,3
301907,3
94450,3
94450,1
322909,3
322909,1
168801,3
64496,3
64496,1
226508,3
226508,1
245376,3
245376,1
171109,3
171109,1
377032,3
25786,3
25786,1
334001,3
334001,1
76220,3
76220,1
99409,3
99409,1
66852,3
66852,1
237299,3
237299,1
95899,3
95899,1
44879,3
44879,1
58875,3
58875,1
60277,3
60277,1
89980,3
89980,1
92498,3
92498,1
332693,3
332693,1
64401,3
64401,1
93588,3
93588,1
89234,3
89234,1
67715,3
67715,1
105618,3
105618,1
64223,3
64223,1
309116,3
309116,1
258153,3
66900,3
66900,1
77727,3
77727,1
62797,3
62797,1
369409,3
328390,3
328390,1
86753,3
151372,3
151372,1
160700,3
13949,3
336267,3
336267,1
51279,3
51279,1
334930,3
62523,3
62523,1
131851,3
131851,1
60608,3
60608,1
111294,3
160703,3
323239,3
246431,3
246431,1
299171,3
299171,1
63464,3
63464,1
163408,3
163408,1
50948,3
50948,1
163407,3
163407,1
281065,3
281065,1
385266,3
385266,1
70917,3
70917,1
85972,3
85972,1
13964,3
218949,3
62524,3
196454,3
129066,3
21482,3
21482,1
318137,3
318137,1
13972,3
111742,3
111742,1
200787,3
200787,1
70925,3
70925,1
179814,1
179814,3
58396,3
58396,1
109282,3
109282,1
87048,3
87048,1
57371,3
57371,1
534230,3
534230,1
534203,3
534203,1
534460,3
534460,1
534893,3
534893,1
42827,3
42827,1
94561,3
94561,1
198466,3
198466,1
103122,3
151445,3
151445,1
57808,3
57808,1
331787,3
331787,1
67538,3
14006,3
25783,3
25783,1
55101,3
55101,1
275153,3
275153,1
84190,3
84190,1
83032,3
83032,1
107592,3
107592,1
325249,3
325249,1
57938,3
334059,3
117483,3
117483,1
331780,3
331780,1
378445,3
378445,1
69180,3
69180,1
85052,3
85052,1
378446,3
378446,1
49864,3
49864,1
323021,3
323021,1
76571,3
76571,1
156648,3
269018,3
331788,3
331773,3
331773,1
224732,3
224732,1
332156,3
332156,1
333425,3
333425,1
208575,3
87684,3
87684,1
14031,3
14031,1
151402,3
151402,1
66260,3
66260,1
61819,3
61819,1
151360,3
151360,1
14034,3
14034,1
331728,3
331728,1
256254,3
256254,1
14026,3
331725,3
331725,1
331735,3
331727,3
331727,1
331719,3
331719,1
331720,3
331720,1
323023,3
323023,1
331732,3
331732,1
75793,3
75793,1
84314,3
132288,3
64642,3
64642,1
132844,3
75304,3
47608,3
47608,1
48331,3
48331,1
211793,3
211793,1
246427,3
331772,3
331772,1
311376,3
13971,3
13971,1
96005,3
96005,1
237913,3
237916,3
237916,1
237918,3
237919,3
323036,3
323036,1
66396,3
66396,1
14040,3
14040,1
104687,3
104687,1
25784,3
25784,1
94841,3
94841,1
331781,3
331781,1
337010,3
337010,1
94024,3
94024,1
96579,3
96579,1
120506,3
120506,1
44404,3
44404,1
82253,3
82253,1
90730,3
90730,1
57291,3
57291,1
88612,3
88612,1
118821,3
118821,1
160724,3
160724,1
85695,3
334858,3
343725,3
80679,3
46035,3
63239,1
24753,3
14077,1
24129,1
325012,3
335103,3
45283,3
267570,3
133756,3
81174,3
21375,3
87389,3
524138,1
14189,1
150406,1
143144,1
150323,1
67011,1
14195,1
97931,1
120958,3
120958,1
120960,3
120960,1
165982,3
165982,1
42617,3
42617,1
66901,3
66901,1
320087,3
320087,1
70048,3
70048,1
286940,3
286940,1
224755,3
224755,1
54331,3
54331,1
80987,3
80987,1
79022,3
79022,1
23529,3
23529,1
324391,3
324391,1
73598,3
73598,1
14212,3
14212,1
63757,3
63757,1
88609,1
88609,3
44314,3
44314,1
57099,3
57099,1
58489,3
84654,3
84654,1
75640,3
75640,1
44925,3
44925,1
64799,3
229846,3
61467,3
61467,1
48288,3
48288,1
51013,3
51013,1
42936,3
42936,1
71483,3
71483,1
132021,3
60629,3
60629,1
54649,3
54649,1
75242,3
75242,1
50486,3
50486,1
65237,3
65237,1
43209,3
43209,1
50151,3
50151,1
84152,3
84152,1
132072,3
132072,1
57280,3
57280,1
360399,3
74331,3
247681,3
230984,3
344466,3
171636,3
171636,1
375612,3
375612,1
63354,3
63354,1
75488,3
75488,1
171244,3
171244,1
60148,3
60148,1
71154,3
71154,1
57162,3
79866,3
85419,3
85419,1
49097,3
332294,3
307115,3
226319,3
216808,3
216808,1
80716,3
80716,1
305581,3
378083,1
378083,3
144029,1
144029,3
151505,3
151499,3
151499,1
194750,3
194750,1
56864,1
56864,3
58610,1
58610,3
117484,1
117484,3
162354,3
162354,1
160790,1
160790,3
151515,3
133910,1
133910,3
111333,3
111333,1
105397,3
46287,3
46287,1
98749,3
98749,1
121125,3
306893,3
137520,3
14277,3
163223,1
14404,3
341696,1
198049,3
334509,3
14452,3
317670,3
317670,1
208183,3
14464,3
62762,3
62762,1
198469,3
198469,1
254422,3
69406,3
69406,1
522921,1
106229,3
98435,3
66272,3
66140,3
14867,3
110258,3
99391,3
60795,3
83331,3
110237,3
79394,3
138502,3
100606,3
80964,3
96299,3
25848,3
46558,3
131071,3
254051,3
45981,3
97773,3
65544,3
72937,3
153053,3
103753,3
82917,3
95610,3
47213,3
108256,3
81877,3
91911,3
58683,3
101773,3
56997,3
99304,3
92754,3
94156,3
52081,3
33954,3
91155,3
42425,3
138865,3
71930,3
94238,3
91138,3
92442,3
90124,3
89485,3
142468,3
68686,3
43270,3
99083,3
72549,3
54182,3
287188,3
84323,3
66928,3
119810,3
382158,3
374758,3
224926,3
50014,3
153928,3
43146,3
100030,3
92031,3
153898,3
101347,3
101347,1
61579,3
45274,3
57172,3
91149,3
46116,3
90371,3
89571,3
75618,3
43475,3
316228,3
97409,3
135531,3
45284,3
254755,3
80033,3
328395,3
67121,3
350667,3
350669,3
275722,3
315774,3
68134,3
91309,3
326215,3
75580,3
180265,3
95754,3
90438,3
83103,3
273262,3
94646,3
96351,3
55108,3
94499,3
49213,3
107667,3
81213,3
85950,3
81388,3
524603,3
70485,3
203462,3
44697,3
131076,3
91867,3
62829,3
78016,3
94335,3
51936,3
84998,3
77496,3
86684,3
55738,3
184399,3
87525,3
70686,3
166369,3
52790,3
99978,3
33992,3
159795,3
72227,3
290741,3
82529,3
174093,3
49006,3
74405,3
174072,3
98975,3
71068,3
86935,3
84526,3
62472,3
346032,3
65526,3
88990,3
75473,3
116978,3
104767,3
75826,3
75790,3
107156,3
323585,3
82790,3
70102,3
48268,3
92835,3
119847,3
68867,3
74182,3
48220,3
94400,3
170511,3
48221,3
93402,3
85687,3
15457,3
254758,3
537147,3
243609,3
89798,3
56678,3
254263,3
63199,3
92109,3
95040,3
524556,3
97694,3
43977,3
217720,3
48563,3
280189,3
95430,3
220639,3
93076,3
96601,3
138911,3
54806,3
177049,3
81616,3
90216,3
230985,3
62089,3
86447,3
105155,3
97012,3
63019,3
117694,3
48480,3
151344,3
95173,3
98613,3
110524,3
90113,3
379184,3
45216,3
174076,3
62305,3
89606,3
92458,3
323584,3
14806,3
98855,3
49957,3
93899,3
86872,3
91191,3
55723,3
92448,3
94145,3
45696,3
119890,3
374498,3
524841,3
44451,3
65136,3
524602,3
56224,3
89303,3
70604,3
97129,3
90649,3
228003,3
51444,3
299556,3
97976,3
152863,3
60905,3
82301,3
174055,3
151989,3
94809,3
119809,3
321290,3
119811,3
151939,3
90652,3
22056,3
71239,3
119838,3
94103,3
85810,3
153410,3
95575,3
81919,3
97947,3
51868,3
91933,3
20732,3
99716,3
90271,3
97863,3
95798,3
119846,3
83650,3
71109,3
99673,3
130402,3
119651,3
48113,3
78468,3
78053,3
49648,3
119891,3
119892,3
106987,3
70198,3
343777,3
92675,3
328396,3
234511,3
93781,3
73412,3
94310,3
196879,3
90223,3
323598,3
321402,3
97919,3
315775,3
90188,3
89755,3
96304,3
368385,3
90398,3
306900,3
322335,3
14885,3
331920,3
84438,3
97516,3
14924,3
14927,3
132802,3
14944,3
199000,3
100418,3
14990,3
363153,3
15001,3
100435,3
322371,3
322372,3
171329,3
322373,3
181917,3
351455,3
265708,3
15134,3
100683,3
138889,3
234969,3
95180,3
15193,3
15203,3
89956,3
80229,3
76662,3
89482,3
100715,3
15249,3
15263,3
56149,3
81175,3
20921,3
107007,3
15295,3
15298,3
95018,3
524681,3
15330,3
331817,3
53637,3
15348,3
151779,3
15357,3
15368,3
96623,3
15369,3
368384,3
180614,3
81454,3
324892,3
329365,3
162491,3
15432,3
15437,3
95917,3
15439,3
90882,3
118282,3
239382,3
15445,3
15455,3
329275,3
324924,3
201939,3
15467,3
100798,3
23688,3
108893,3
15523,3
191257,3
100819,3
15533,3
100610,3
96628,3
15549,3
15557,3
15562,3
21493,3
89788,3
93426,3
94894,3
15576,3
90404,3
15654,3
55023,3
15669,3
15670,3
156024,3
15683,3
125281,3
15685,3
15699,3
233022,3
46803,3
41335,3
15775,3
85585,3
126734,3
15792,3
15799,3
251888,3
241550,3
170662,3
212333,3
15401,3
93380,3
211045,3
15805,3
94373,3
523500,3
15199,3
138863,3
225007,3
130386,3
322632,3
322632,1
152798,3
152798,1
81455,3
42731,3
160892,3
160892,1
44778,3
19610,3
15838,3
20902,3
211111,3
105810,3
104389,3
237275,3
251727,3
263253,3
211112,3
15839,3
226553,3
15840,3
15870,3
15870,1
52123,3
152525,3
227604,1
227604,3
115920,1
115920,3
91229,3
91229,1
500134,3
500134,1
220718,3
220718,1
53307,1
53307,3
84791,1
84791,3
192880,3
192880,1
192882,1
192882,3
99172,3
99172,1
163411,1
163411,3
45937,1
45937,3
227316,1
227316,3
251121,3
251121,1
117962,1
117962,3
88640,1
88640,3
255971,1
255971,3
63283,1
63283,3
66658,3
66658,1
16014,3
304644,3
329175,3
51425,3
16177,3
16177,1
525295,3
525295,1
94401,3
94401,1
16178,3
16178,1
16180,3
16180,1
137018,3
137018,1
42257,3
355211,3
355211,1
22605,1
22605,3
204023,1
204023,3
74998,3
74998,1
99454,3
99454,2
225327,2
225327,3
81411,3
53577,3
53577,2
324230,3
324230,2
73413,3
48301,3
48301,2
171114,3
171114,2
171114,1
151003,3
151003,2
151003,1
178074,3
178074,1
330687,3
330687,1
324256,3
324256,1
148267,2
148267,3
16236,3
374036,3
96687,3
98433,3
98433,1
226240,3
226240,1
239633,3
239633,1
134884,3
95487,3
95487,1
16247,3
16247,1
16252,3
16252,1
69569,3
69569,2
48840,3
87665,3
66597,3
191351,3
16257,3
16257,1
45196,3
45196,2
16258,3
16258,2
16259,3
16259,1
239635,3
239635,1
16264,3
16264,1
73043,3
73043,2
221178,2
221178,3
16267,3
16267,2
330685,3
330685,2
99720,3
99720,2
148273,3
225338,2
225338,3
129948,2
129948,3
324196,3
324196,1
50030,3
50030,2
49803,3
49803,1
95836,3
95836,2
97778,3
97778,2
78399,3
78399,1
148278,3
148278,2
72648,3
244596,3
16289,3
16289,1
16290,3
49117,3
324241,3
324241,1
324237,3
324237,2
61047,2
61047,3
155942,2
155942,3
40653,3
40653,2
81798,3
81798,1
351041,3
351041,1
16391,3
50844,3
50844,1
72162,3
72162,1
328016,3
328016,1
196308,3
196308,1
225360,3
225360,1
113986,3
113986,1
49337,3
49337,1
352905,3
352905,1
135880,3
135880,1
368089,3
368089,1
50846,3
50846,1
120270,3
120270,1
333374,3
333374,1
139890,3
139890,1
86834,3
86834,1
324184,3
324184,1
304560,3
304560,1
63760,3
63760,1
95845,3
95845,1
370002,3
370002,1
370003,3
370003,1
277982,3
344123,3
93624,3
277983,3
170066,3
16795,3
16795,1
58935,3
51882,3
325460,3
325460,1
382343,3
382343,1
367555,3
367555,1
367556,3
367556,1
16815,3
279504,3
279504,1
508275,3
508275,1
504245,3
504245,1
315261,3
315261,1
155330,3
155330,1
110847,3
98672,3
16816,3
354661,3
354661,1
104928,3
104928,1
67854,3
379157,3
379157,1
83033,3
77357,3
77357,1
76096,3
76096,1
335187,1
335187,3
17376,3
153900,3
178286,3
300058,3
149972,3
43752,3
351644,3
351644,1
252271,3
252271,1
327126,3
327126,1
60945,3
60945,1
247898,3
76359,3
93427,3
164816,3
209455,3
54402,3
54402,1
369516,3
265786,3
265786,1
341913,3
341913,1
92892,3
130312,3
324604,3
364300,3
296809,3
296809,1
94155,3
94665,3
100243,3
296810,3
296810,1
327259,3
327259,1
369446,3
369446,1
344301,3
344301,1
336584,3
336584,1
171041,3
252877,3
94994,3
17408,3
17408,1
87490,3
17411,3
322887,3
120175,3
85295,3
17400,3
130503,1
70283,1
124397,1
125089,1
233234,1
17504,1
53347,3
53347,1
330022,1
220720,1
332389,1
271387,3
271387,1
17510,1
131465,1
17512,1
330021,1
20500,1
17516,3
17516,1
323357,3
323357,1
78925,3
78925,1
334900,3
171400,3
272679,3
272679,1
152802,3
61717,3
61717,1
25811,3
25811,1
252161,3
369615,3
60024,3
60024,1
111503,3
210934,3
210934,1
99266,3
99266,1
48634,3
150218,3
150218,1
132494,3
132494,1
118425,3
118425,1
212612,3
212612,1
518737,3
24215,3
171403,3
17538,3
17538,1
332263,3
332263,1
229661,3
229661,1
46923,3
46923,1
87400,3
89018,1
195874,1
256262,3
256262,1
209817,3
209817,1
90645,3
90645,1
93183,3
93183,1
69955,3
324057,1
171466,3
171465,3
171410,3
171410,1
238578,3
369448,3
380648,3
238573,3
238573,1
17545,3
109626,3
109626,1
17546,3
17546,1
125204,3
125204,1
89255,3
89255,1
171469,1
238526,3
238526,1
53789,3
53789,1
17558,3
17558,1
238575,1
238575,3
88678,3
88678,1
43259,1
43259,3
25884,3
25884,1
238571,3
238571,1
88675,3
88675,1
176886,3
241783,3
241783,1
164163,3
164163,1
93324,3
93324,1
97026,3
97026,1
256265,3
17562,3
17562,1
121065,3
121065,1
62378,3
62378,1
332073,3
332073,1
95316,3
95316,1
324041,3
113710,3
113710,1
17568,1
17568,3
24222,3
24222,1
21695,1
17572,1
17576,3
103470,3
103470,1
114658,3
24217,1
17587,1
184438,3
184438,1
332062,3
332062,1
17590,3
17591,3
17591,1
238631,3
238631,1
244507,3
244507,1
17594,1
17596,3
239780,3
271694,3
271694,1
332360,3
332360,1
24218,1
212613,3
24219,1
17608,1
334902,3
334902,1
25365,1
225640,3
225640,1
103934,3
97559,3
86756,3
93388,3
93388,1
322241,3
322241,1
86922,3
86922,1
323960,3
323960,1
325812,3
325812,1
22834,3
22834,1
48082,3
48082,1
57438,3
57438,1
176024,3
176024,1
43495,3
43495,1
112321,3
112321,1
76395,3
76395,1
17724,3
149372,3
226158,3
258568,3
85941,3
85941,1
175276,3
175276,1
141112,3
17752,3
524885,3
226160,3
17753,3
17754,3
17784,3
17784,1
141791,3
141791,1
63460,3
63460,1
17792,3
137297,3
137297,1
197945,3
197945,1
21550,3
21550,1
153654,3
153654,1
152895,3
152895,1
22241,3
22241,1
306832,3
306832,1
82161,3
82161,1
17807,3
17807,1
115143,3
115143,1
112539,3
112539,1
136264,3
112838,3
353066,3
382902,3
198062,3
350972,3
315995,3
17863,1
323215,3
323215,1
328104,3
328104,1
378522,3
17873,3
90622,3
90622,1
328084,3
328084,1
291677,3
291677,2
291677,1
73030,3
73030,2
73030,1
51263,3
51263,2
51263,1
374325,3
351253,3
351253,1
271699,3
271699,1
113702,3
113702,1
113705,3
113705,1
65545,3
65545,1
253340,3
253340,1
309553,3
309553,1
357865,3
357865,1
343779,3
343779,1
343780,3
343780,1
329056,3
62925,3
62925,1
197776,3
197776,1
72424,3
119028,3
119028,1
202850,3
202850,1
89543,3
89543,1
91384,3
91384,1
69044,3
69044,1
51366,3
51366,1
70202,3
70202,1
165064,3
165064,1
17925,3
17925,1
264468,3
264468,1
254059,3
254059,1
119022,3
119022,1
119023,3
119023,1
17927,3
17927,1
272629,3
272629,1
184117,3
184117,1
279360,3
279360,1
323729,3
323729,1
17930,3
99011,3
99011,1
358919,3
358919,1
46264,3
46264,1
323701,3
323701,1
58779,3
58779,1
45481,3
45481,1
304379,3
304379,1
99884,3
99884,1
323720,3
323720,1
326260,3
326260,1
95595,3
95595,1
192893,3
192893,1
96089,3
96089,1
118435,3
118435,1
373956,3
373956,1
255320,3
255320,1
118437,3
118437,1
89771,3
89771,1
47942,3
47942,1
99353,3
99353,1
93497,3
93497,1
99842,3
99842,1
92027,3
92027,1
179565,3
179565,1
357417,3
357417,1
90062,3
90062,1
60621,3
60621,1
95108,3
95108,1
225689,3
225689,1
93233,3
93233,1
138510,3
138510,1
334940,3
334940,1
56003,3
56003,1
118443,3
118443,1
85422,3
85422,1
21292,3
21292,1
95080,3
95080,1
97984,3
97984,1
322914,3
322914,1
67828,3
67828,1
152892,3
152892,1
50436,3
50436,1
344304,3
344304,1
161482,3
161482,1
323106,3
323106,1
161481,3
161481,1
56738,3
56738,1
323108,3
323108,1
256191,3
256191,1
61673,3
61673,1
329041,3
329041,1
47174,3
47174,1
47175,3
47175,1
105035,3
105035,1
58409,3
58409,1
43217,3
43217,1
19293,3
322006,3
322007,3
81157,1
271705,1
72516,1
99023,3
99023,1
109716,1
111785,1
140424,1
91406,1
72228,1
125090,1
18005,1
144184,3
144184,1
331757,1
117279,3
117279,1
518671,1
58398,3
24115,3
161506,3
161506,1
18046,1
344118,1
323472,3
300604,3
300604,1
106272,1
121249,1
25230,1
18106,1
331893,3
331893,1
374009,3
331891,3
331891,1
181625,3
68725,3
241059,3
331762,3
225704,3
83755,3
220110,3
220110,1
320226,3
91497,3
75683,3
53371,3
18154,3
18154,1
44836,3
220111,3
346406,3
20376,1
20376,3
98005,1
161917,3
357130,3
357131,3
154892,3
138610,1
281830,1
524425,1
515385,1
83023,1
323508,3
161623,3
323507,3
271456,3
271458,3
271497,3
271500,3
271502,3
271519,3
271513,3
271489,3
331927,3
80973,3
45399,3
54156,3
308703,3
18575,1
85508,3
85508,1
66359,3
66359,1
99745,1
323249,1
113709,1
118840,1
131918,1
53124,1
345488,1
193085,1
51663,1
231112,3
295272,3
231114,3
231113,3
216493,3
216493,1
287114,3
258501,3
216491,3
231119,3
286824,3
360695,3
275111,3
216497,3
18645,3
251901,3
72481,3
231118,3
324666,3
82189,3
109409,3
131841,3
160233,3
292621,3
131842,3
131842,1
110296,3
83229,3
64215,3
292622,3
115588,3
267047,3
292937,3
74672,3
107850,3
239712,3
511134,3
18670,3
18672,3
216496,3
41533,3
15186,3
18683,3
42144,3
42144,1
323272,3
49208,3
49208,1
18694,1
18694,3
161755,3
18699,3
18701,3
18701,1
18704,3
18704,1
18707,3
30707,3
30707,1
86731,3
86731,1
332209,3
18720,3
18734,3
323277,3
323277,1
96895,3
96895,1
180779,3
180779,1
225815,3
225816,3
300334,3
300334,1
315807,3
315807,1
89221,3
89221,1
332213,3
332213,1
219267,3
170085,3
500104,3
500104,1
41446,3
18886,3
18886,1
89716,3
18889,3
18889,1
18890,3
18890,1
218441,3
20901,3
18892,3
18892,1
100355,3
100354,3
74890,3
18899,3
18899,1
89643,3
95380,3
166039,2
166039,1
18904,3
41461,3
41461,1
22606,3
100999,3
121204,3
18912,3
18912,1
63049,3
63049,1
321531,3
321531,1
250366,3
250366,1
18915,3
18915,1
41469,3
506613,3
506613,1
89609,3
89609,1
171197,3
166284,3
41473,3
500275,3
344121,3
115921,3
194433,3
346015,3
18919,3
18919,1
60569,3
60569,1
89417,3
89417,1
89418,3
89418,1
45677,3
45677,1
41482,3
41482,1
89969,3
89969,1
93368,3
93368,1
18922,3
18922,1
213852,3
213852,1
232561,3
213842,3
213842,1
254552,3
254552,1
213844,3
213844,1
353385,3
353385,1
233357,3
233357,1
92212,3
92212,1
225818,3
225818,1
213845,3
213845,1
76852,3
76852,1
213846,3
213846,1
213847,3
213847,1
69137,3
69137,1
98611,3
98611,1
41485,3
41485,1
249279,3
249279,1
286937,3
286937,1
225820,3
225820,1
211237,3
222317,3
222317,1
60590,3
60590,1
49764,3
49764,1
326866,3
326866,1
274974,3
274974,1
270525,3
270525,1
96350,3
96350,1
90326,3
90326,1
252011,3
252011,1
59110,3
59110,1
347328,3
347328,1
258919,3
258919,1
41490,3
41490,1
325261,3
325261,1
94896,3
94896,1
76853,3
76853,1
73825,3
73825,1
324524,3
324524,1
170457,3
170457,1
324170,3
324170,1
237273,3
237273,1
358667,3
358667,1
347327,3
347327,1
329960,3
329960,1
18923,3
18923,1
18925,3
18925,1
18926,3
18926,1
18929,3
18929,1
18936,3
18936,1
166041,3
166041,1
91000,3
91000,1
70552,3
70552,1
60701,3
60701,1
41496,3
41496,1
67829,3
79525,3
79525,1
18950,3
18950,1
96126,3
96126,1
98856,3
98856,1
349888,3
349888,1
91825,3
91825,1
92200,3
92200,1
302763,3
302763,1
339539,3
339539,1
75085,3
75085,1
94339,3
94339,1
117136,3
41500,3
41500,1
90551,3
90551,1
152841,3
152841,1
60958,3
60958,1
380578,3
380578,1
41504,3
41504,1
153171,3
153171,1
18952,3
18952,1
18956,3
18956,1
92788,3
92788,1
96182,3
96182,1
99308,3
99308,1
91214,3
91214,1
91671,3
91671,1
99144,3
99144,1
91378,3
91378,1
89766,3
89767,3
332404,3
332404,1
108045,3
108045,1
332405,3
332405,1
343419,3
19027,1
19030,1
75957,1
91668,3
91668,1
124102,3
97890,3
93517,3
93517,1
225840,3
225840,1
61915,3
61915,1
86744,3
86744,1
82848,3
82848,1
65568,3
65568,1
83486,3
83486,1
331119,3
331119,1
370009,3
368050,3
338107,3
338107,1
124103,3
343379,3
343379,1
77235,3
77235,1
19088,3
374007,3
374007,1
19091,3
19091,1
75532,3
75532,1
91392,3
91392,1
19093,3
19093,1
54864,3
54864,1
128254,3
128254,1
19098,3
19098,1
329016,3
329016,1
106281,1
19103,1
258471,3
155312,3
112134,3
127191,3
127190,3
127187,3
155314,3
230012,3
104722,3
155302,3
21014,3
319835,3
134611,3
211784,3
237663,3
140091,3
140092,3
145008,3
132191,3
363931,3
329617,3
19123,3
75759,3
134773,3
166434,3
329634,3
50931,3
316889,3
201432,3
56228,3
226514,3
115591,3
118843,3
155308,3
165857,3
227654,3
316968,3
103434,3
318348,3
363930,3
66833,3
118845,3
72353,3
104543,3
155350,3
99665,3
134613,3
99666,3
336601,3
45069,3
317679,3
82824,3
50969,3
117508,3
80113,3
155377,3
155336,3
117511,3
59365,3
329637,3
259625,3
231105,3
80404,3
117488,3
370288,3
356884,3
117509,3
127188,3
364624,3
356885,3
138197,3
372711,3
155307,3
63064,3
375466,3
94290,3
116216,3
142507,3
375472,3
175584,3
19125,3
375471,3
267551,3
267552,3
134616,3
88984,3
329855,3
60670,3
329853,3
45254,3
19126,3
117514,3
65887,3
319840,3
332168,3
114148,3
66931,3
243187,3
155303,3
134619,3
134621,3
155435,3
43419,3
75147,3
84032,3
139262,3
375474,3
375061,3
356886,3
155313,3
356834,3
43943,3
249281,3
115592,3
43944,3
329851,3
103019,3
102735,3
155376,3
127189,3
81934,3
102077,3
363933,3
102076,3
258472,3
117513,3
118564,3
155310,3
76878,3
82068,3
356835,3
363932,3
356882,3
375221,3
356880,3
19138,1
43364,1
245484,1
19160,3
19160,1
19161,1
44108,1
231104,1
47865,1
125870,1
19164,1
44109,1
168496,1
213735,1
114316,1
89304,1
65726,1
114317,1
68112,1
19168,1
42710,1
114318,1
65193,1
305406,1
274607,1
19171,1
115542,1
258347,1
329114,3
329109,3
329109,1
372802,3
329938,1
80955,3
19196,1
121583,1
88697,1
299757,3
55294,3
179828,3
168329,3
149361,3
279263,3
170974,3
50912,3
84105,3
52900,3
108633,3
212907,3
85089,3
85089,1
20708,1
93907,1
273107,1
223146,1
93908,1
57673,1
75852,1
5048,1
66934,1
63566,1
71105,1
93844,1
190606,1
283686,1
283690,1
301544,1
283728,1
283737,1
522256,1
283743,1
283747,1
301545,1
283756,1
51972,3
51972,1
67002,3
115567,3
264520,3
70895,3
84175,3
79636,3
333040,3
333040,1
283672,3
321517,1
44038,3
44038,1
305582,3
372367,1
507783,1
372376,1
372388,1
372391,1
372369,1
372380,1
529196,1
372374,1
504552,1
240995,3
77221,1
90187,3
136650,3
290601,3
176861,3
135269,3
382901,3
329794,3
329794,1
17805,3
17805,1
264452,1
121753,3
121753,1
26590,3
26590,1
26589,3
26589,1
237950,3
237950,1
47920,3
47920,1
118665,3
118665,1
304175,3
261200,3
261200,1
755,1
764,1
175894,3
175894,1
307881,3
307881,1
175130,3
175130,1
388427,3
388427,1
186091,3
186091,1
186092,3
186092,1
524575,3
524575,1
186106,1
186106,3
26463,3
26463,1
804,3
804,1
186120,3
186120,1
808,3
808,1
98234,3
98234,1
809,3
809,1
26469,3
26469,1
120600,3
120600,1
61274,3
61274,1
26470,3
26470,1
186126,3
186126,1
98130,3
98130,1
821,3
821,1
186148,3
186148,1
186149,3
186149,1
827,3
827,1
186172,3
186172,1
186173,3
186173,1
186178,3
186178,1
119088,3
119088,1
186206,3
186206,1
186207,3
186207,1
88483,3
88483,1
26480,3
26480,1
842,3
842,1
186218,3
186218,1
186220,3
186220,1
186230,3
186230,1
186231,3
186231,1
186232,3
186232,1
186233,3
186233,1
855,3
855,1
186244,3
186244,1
859,3
859,1
87737,3
87737,1
186252,3
186252,1
336204,3
336204,1
153402,1
153402,3
193131,3
193131,1
186272,3
186272,1
878,3
878,1
186285,3
186285,1
186583,1
186610,1
332216,3
332216,1
186645,1
1102,1
264151,1
25351,1
89205,1
1147,3
99889,3
188292,3
102910,3
294262,3
98988,3
294261,3
49988,3
53629,1
259786,3
389068,3
328966,1
26807,3
188787,3
90004,3
1410,3
90306,3
208997,3
49599,3
98394,3
189126,1
328664,3
328664,1
298338,3
298338,1
27106,3
27106,1
130624,3
1732,3
324823,3
324823,2
203713,3
203713,1
94326,3
94326,1
152849,1
203902,1
24712,1
204594,3
204594,1
143554,1
204972,1
2403,1
121630,1
205005,1
205006,1
21619,1
28029,1
153615,1
81550,1
88077,1
298574,1
2475,3
70025,1
90646,3
368351,3
269119,3
269119,1
2973,3
2973,1
97255,3
97255,2
130018,3
130018,2
97067,3
209590,1
141396,1
3739,1
3740,1
100347,1
3747,1
152857,1
3751,1
50207,1
3902,1
211172,3
211172,1
238044,3
238044,1
203554,3
203554,1
124460,1
95401,3
380619,3
310124,3
237688,3
202876,3
93121,3
89869,1
4190,1
90654,3
90654,1
30264,3
30264,1
91267,3
91267,1
228075,1
98098,1
92111,1
213586,3
45922,3
287057,3
286581,3
4222,3
92234,1
97550,1
119210,3
213618,3
4182,1
4202,1
214063,1
214069,1
176641,1
214076,1
214090,1
214094,1
176644,1
158043,1
214103,1
214108,1
214109,1
158042,1
214114,1
214119,1
214120,1
214123,1
176645,1
214128,1
214174,1
214026,1
214187,1
214188,1
214048,1
214411,3
214411,1
30687,3
4454,3
163834,1
505252,1
95011,3
169577,3
87716,3
324820,3
30891,3
317520,3
215276,3
50480,3
95338,1
258538,1
223116,1
97953,1
258543,1
29594,1
328419,1
318104,1
249892,1
301597,1
43300,1
223118,1
258533,1
286210,1
27640,1
256794,1
116329,1
318111,1
258527,1
94628,1
256768,1
63325,1
334666,1
29668,1
257246,1
318118,1
43429,1
29669,1
256607,1
202898,1
258245,1
258522,1
318122,1
29673,1
318125,1
223121,1
274512,3
274512,1
306458,1
72687,1
93513,1
29561,1
29563,1
4836,1
4837,1
256587,1
258899,1
61262,1
74990,1
29567,1
4840,1
258512,1
63594,1
95729,1
96095,1
89911,1
4853,3
4853,1
29574,1
4866,1
92743,1
4868,1
91409,1
198380,1
4873,1
4874,1
96122,1
97143,1
90327,1
30308,1
91856,1
89252,1
211059,1
375747,1
89486,1
367878,1
91967,1
96836,1
98567,1
211061,1
374886,1
29584,1
97661,1
30316,1
95921,1
93896,1
97124,1
24145,1
4882,1
27323,1
97385,1
4888,1
92449,1
256624,1
4890,1
4893,1
86629,1
72437,1
101140,1
98141,1
29598,1
93049,3
93049,1
279425,3
279425,1
29601,1
4898,3
4898,1
98245,1
20145,1
93439,1
4904,1
91656,1
134606,1
4906,1
29610,1
4907,1
254329,1
227008,1
124201,1
4908,1
4909,1
140999,1
306367,1
29612,1
101150,1
4912,3
4912,1
4914,1
97901,1
359753,1
29614,1
97107,1
29648,1
4924,1
119541,1
25058,1
29619,1
4929,1
238822,1
112639,1
44406,1
50897,1
56987,1
64917,1
4937,1
86630,1
71772,1
98261,1
240831,1
343936,1
92088,1
112637,1
98142,1
216809,1
4941,1
96894,1
29638,1
90426,1
91349,3
91349,1
98303,1
95056,1
4948,1
4947,1
383083,1
30438,1
29643,1
49090,1
25699,1
258064,3
258064,1
97770,3
97770,1
90502,1
46963,1
258065,3
258065,1
92214,1
99342,1
77013,3
77013,1
63256,3
63256,1
4953,1
29659,1
63740,1
51027,1
91200,1
82391,1
89554,1
83216,1
92662,1
87595,1
94239,1
81975,1
120476,1
90989,1
223138,1
4958,1
50985,1
97108,1
29664,1
318107,1
318054,1
318117,1
318120,1
367882,1
86557,1
82389,1
94031,1
120464,1
316915,1
180575,1
5131,1
5132,1
5134,1
5133,1
5135,1
110272,1
375869,1
30968,1
238827,1
30969,1
114033,1
115561,1
5138,1
94140,1
98751,1
117889,1
80405,1
30970,1
5143,1
114450,1
74644,1
22532,1
23564,1
5148,1
98634,1
5152,1
5153,1
5155,1
106107,1
5157,1
317582,3
307191,1
112182,3
5215,3
95116,3
387880,3
21556,3
136752,3
30995,3
106295,3
5230,1
129404,1
61264,1
83826,1
176623,1
5696,1
70070,1
104980,1
31558,1
5731,1
26714,1
5785,1
20438,1
5786,1
31802,3
31802,1
209645,3
209645,1
341538,1
124093,1
171317,1
149255,1
5896,1
118284,1
382330,1
106115,1
290716,1
290694,1
6284,1
209593,1
372072,1
261201,3
261201,1
206244,3
206244,1
261199,3
261199,1
218572,3
218572,1
168294,3
168294,1
41736,3
41736,1
6540,3
6540,1
134143,3
134143,1
134142,3
134142,1
132792,3
132792,1
85946,3
85946,1
26715,3
26715,1
168888,3
168888,1
32116,3
32116,1
6733,1
77709,1
99997,1
205139,1
239532,3
239532,1
94422,3
102830,3
102830,1
316754,3
239495,3
239495,1
54246,3
54246,1
103724,3
103724,1
306347,3
306347,1
309317,3
309317,1
98409,3
98409,1
102073,3
89327,3
89327,1
137126,3
137126,1
254513,3
57078,3
57078,1
104600,3
104600,1
223416,3
223416,1
309336,3
309336,1
6806,3
6806,1
6810,3
6810,1
309283,3
309283,1
237069,3
95032,3
95032,1
6813,3
6813,1
6814,3
6814,1
103364,3
45892,3
251588,3
251588,1
89810,3
62259,3
62259,1
99186,3
99187,3
99187,1
6822,3
6822,1
6823,1
283872,3
101231,3
101231,1
223419,3
223419,1
6835,3
6835,1
32586,3
117301,3
273438,3
273438,1
115681,3
115681,1
6834,3
375884,3
6839,3
6839,1
6838,3
6838,1
131495,3
131495,1
242617,3
103353,1
69507,1
176659,1
45880,1
521262,3
500562,3
337255,3
368486,3
337258,3
368487,3
83787,3
368509,3
500623,3
368511,3
337289,3
337296,3
337472,3
368514,3
97800,3
141421,1
378561,3
308064,3
378562,3
382523,3
223496,1
389086,3
382304,3
382527,3
335547,3
389085,3
7333,1
90495,1
91511,1
7351,3
282110,3
97596,1
7361,1
308065,3
526394,3
51547,3
517290,3
30464,1
7403,3
7403,1
180021,1
94847,1
119868,1
7411,1
7422,3
7422,1
90097,1
250231,3
351454,3
360342,3
131928,1
359762,3
378564,1
7427,1
33007,1
7437,1
382303,3
7439,3
24174,1
7443,1
7444,1
66953,3
66953,1
245761,3
7536,3
536796,3
273599,3
273599,1
7538,3
7538,1
372243,3
96904,3
94362,3
94362,1
172930,3
30445,3
30445,1
517729,3
535598,3
52007,3
517533,3
81782,3
81782,1
187121,3
367954,3
536540,3
536011,3
536091,3
517674,3
324929,3
324929,1
126690,3
235790,3
235790,1
110622,3
110622,1
360564,3
170657,3
170657,1
283062,3
283062,1
117702,3
172928,3
172928,1
117703,3
170658,3
536118,3
518083,3
517264,3
517333,3
367481,3
517433,3
367482,3
517443,3
367483,3
517455,3
367484,3
517336,3
517335,3
517356,3
517426,3
30368,1
521535,3
521779,3
126692,3
517648,3
324262,3
324263,3
208044,3
208045,3
126670,3
306377,3
517735,3
517435,3
272373,3
300595,3
517354,3
517342,3
89203,3
89203,1
517454,3
536563,3
506929,3
315583,3
517632,3
216758,3
48068,3
48068,1
90746,3
536620,3
83348,3
119794,1
131249,3
517690,3
48669,3
48669,1
170660,3
7551,3
7551,1
90689,3
90689,1
119795,3
360345,3
91257,3
91257,1
358789,3
536227,3
30386,3
30386,1
517406,3
60331,3
529936,3
517697,3
522216,3
519266,3
194575,3
194575,1
273601,3
273601,1
152265,1
24750,3
7556,3
7556,1
359565,3
367886,3
536079,3
208726,3
208726,1
369749,3
169897,3
169897,1
194344,3
372254,3
372254,1
316318,3
517628,3
306380,3
350678,3
276494,3
375176,3
272309,3
375178,3
372309,3
126685,3
521427,3
278944,3
245028,3
521369,3
255458,3
272371,3
272371,1
521732,3
182243,3
113949,3
184428,3
184428,1
7558,3
285413,3
285413,1
7561,3
7561,1
155597,3
97292,3
100596,3
100596,1
21509,3
21509,1
7563,3
7563,1
21171,3
208012,3
93881,3
93881,1
143893,3
143893,1
30374,3
30374,1
30406,3
22533,3
73712,3
52464,3
208030,3
7568,3
7568,1
194337,3
194337,1
7570,3
7570,1
521457,3
96672,3
96672,1
533786,3
64582,3
223614,3
223614,1
145708,3
145708,1
7574,3
7574,1
223616,3
223616,1
93442,3
173115,3
173115,1
257512,3
257512,1
533564,3
101346,3
101346,1
207970,3
197933,3
197933,1
90921,3
90921,1
57607,3
7578,3
91296,3
91296,1
126653,3
519578,3
119785,3
119785,1
170365,3
170365,1
138037,3
138037,1
216760,3
194555,3
276479,3
198412,1
30470,1
124107,1
98410,3
179702,3
179702,1
287082,3
287082,1
113950,3
302042,3
114164,3
114164,1
194564,3
194564,1
536338,3
525430,3
187428,1
140195,1
260743,1
131785,1
7639,1
166384,1
7822,3
7822,1
7848,3
43088,3
43088,1
178010,1
90888,1
103674,3
103674,1
180966,3
180966,1
169833,3
169833,1
182516,3
182516,1
110074,3
110074,1
33488,1
166508,3
166508,1
133563,3
133563,1
319932,3
319932,1
60133,3
60133,1
127395,3
127395,1
187383,1
68471,3
68471,1
369063,3
369063,1
65335,3
65335,1
171765,3
171765,1
89544,3
89544,1
92954,3
92954,1
80878,3
80878,1
347355,3
347355,1
90474,1
365358,3
365358,1
325086,3
325086,1
211413,3
211413,1
133729,3
133729,1
26242,3
26242,1
7997,1
93456,3
93456,1
60033,3
60033,1
89297,1
8008,1
182096,3
182096,1
33554,1
370780,3
370780,1
33561,1
248800,1
297093,1
332437,1
8146,1
97057,1
57500,1
8163,1
33658,1
33659,1
8193,1
8194,1
8195,1
136858,3
136858,1
8281,1
8284,1
120568,1
8286,1
103603,1
504809,1
504102,1
96282,1
195335,3
226869,3
169114,3
87988,3
90111,3
195395,3
504259,3
504635,3
503896,3
503640,3
8645,3
98636,3
95839,3
97896,3
20128,3
117303,3
270324,1
63393,1
76495,1
50739,1
57208,3
298659,1
268557,1
253899,1
175162,3
175162,1
223886,3
223886,1
8882,3
8882,1
25518,3
25518,1
170811,3
170811,1
117710,3
117710,1
170812,3
170812,1
8887,3
8887,1
53654,3
53654,1
8890,3
8890,1
8891,3
8891,1
89598,3
89598,1
60381,1
85566,3
85566,1
153490,3
153490,1
318559,3
318559,1
226621,3
226621,1
257880,3
257880,1
262274,3
262274,1
62630,3
62630,1
318558,3
318558,1
226623,3
226623,1
86812,3
86812,1
52593,3
52593,1
318561,3
318561,1
349497,3
349497,1
276219,3
276219,1
235500,3
235500,1
54698,3
54698,1
318569,3
318569,1
69096,3
69096,1
389053,3
389053,1
389055,3
389055,1
389056,3
389056,1
226625,3
226625,1
82514,3
82514,1
115682,3
115682,1
318556,3
318556,1
66096,3
66096,1
179289,1
200055,3
200055,1
91798,3
91798,1
9182,3
94582,3
94582,1
240814,3
240814,1
9183,3
9183,1
96528,3
96528,1
133429,3
133429,1
526144,3
335555,3
335555,1
306634,3
306634,1
94298,1
326525,3
326525,1
92008,3
92008,1
91368,3
91368,1
351618,3
351618,1
326526,3
150507,3
150507,1
59378,3
59378,1
367379,3
92316,3
92316,1
93391,3
93391,1
164888,3
94962,3
94962,1
85998,3
85998,1
90427,3
90427,1
67722,3
67722,1
376738,3
170971,3
141600,3
141600,1
526034,3
80611,3
80611,1
360901,3
360901,1
351604,3
351604,1
100076,3
100076,1
135395,3
135395,1
93514,3
93514,1
335575,3
351620,3
351620,1
56564,3
56564,1
55767,1
344619,3
344619,1
351621,3
351621,1
75665,1
344958,3
344958,1
91965,3
67694,1
54630,3
9213,1
9218,3
9218,1
9229,3
9229,2
9235,1
9266,3
9266,1
361569,3
361569,1
150041,3
150041,1
20386,3
20386,1
76501,3
76501,1
89653,3
89653,1
168297,3
168297,1
9297,3
168300,3
9314,3
9314,1
171758,3
171758,1
21176,3
21176,1
9341,1
9342,3
9342,1
221633,1
26716,3
26716,1
23314,3
23314,1
9343,3
9343,1
9345,3
9345,1
9346,3
9346,1
20389,3
20389,1
9347,3
9347,1
23313,3
23313,1
9349,3
44458,1
9406,3
9406,1
78750,3
25692,3
69794,1
510672,1
32980,1
231068,1
339588,1
242247,1
208324,1
242245,1
94249,1
45114,1
86706,1
168476,1
54917,1
62217,3
62217,1
339587,3
339587,1
56772,3
56772,1
75472,1
86707,1
327528,1
327528,3
339578,1
284133,1
284133,3
242185,1
171904,1
40468,3
40468,1
33982,3
339580,3
339580,1
40467,1
231088,1
107869,1
72787,1
75902,1
328957,1
328969,1
75801,1
328967,1
9924,1
218589,1
353775,1
362479,1
362478,1
132852,1
24491,1
10003,3
119801,3
10006,3
10006,1
10012,3
362024,1
10035,1
10054,1
10346,1
10346,3
10357,1
20002,1
131615,1
10363,1
150650,1
20001,1
271553,1
10368,1
10370,1
150628,1
10373,1
10375,1
10389,3
107355,1
106168,1
106169,1
106173,1
10919,1
259850,3
303793,1
303790,1
11205,1
80042,1
11206,1
224278,1
58272,1
524113,3
524113,1
529141,3
529141,1
529138,3
529138,1
269604,3
269604,1
529426,3
529426,1
515252,3
515252,1
524116,3
524116,1
515253,3
515253,1
343394,3
270844,3
529255,3
529255,1
251103,3
251103,1
529153,3
255405,3
524125,3
524125,1
11247,3
11247,1
351483,3
351483,1
238859,3
238859,1
375853,3
375853,1
351484,3
351484,1
351485,3
351485,1
351487,3
351487,1
505403,3
505403,1
256298,3
256298,1
42745,3
42745,1
258026,3
337648,3
337648,1
131700,3
218206,3
218206,1
11252,3
11252,1
195343,3
195343,1
194799,3
255403,3
255403,1
11253,3
11253,1
326527,3
326527,1
162681,3
162681,1
58446,3
58446,1
30943,3
30943,1
11259,3
11259,1
11262,3
11262,1
162575,3
162575,1
11268,3
11268,1
170676,3
243522,3
243522,1
11271,3
11271,1
196695,3
196695,1
22536,3
22536,1
30955,3
30955,1
224287,3
224287,1
168890,3
168890,1
80189,3
80189,1
96914,3
96914,1
311996,3
311996,1
92568,3
92568,1
281018,3
281018,1
55011,3
55011,1
292079,3
292079,1
355960,3
355960,1
109673,3
109673,1
65280,3
65280,1
55396,3
288572,3
93930,3
93930,1
61508,3
61508,1
235703,3
235703,1
370244,3
344523,3
344523,1
269262,3
269262,1
90231,3
90231,1
68672,3
68672,1
96318,3
96318,1
120931,3
280380,3
280380,1
46581,3
46581,1
136603,3
136603,1
114745,3
114745,1
120928,3
95558,3
95558,1
82141,3
82141,1
89431,3
89431,1
167001,3
167001,1
96737,3
96737,1
224306,3
224306,1
83688,3
83688,1
96484,1
71707,3
71707,1
257543,3
257543,1
71708,3
71708,1
47423,3
47423,1
389020,3
94689,3
94689,1
375324,3
97788,3
97788,1
108646,3
108646,1
90112,3
90112,1
43541,3
43541,1
112865,3
112865,1
359790,3
359790,1
89401,3
89401,1
120938,3
281410,3
281410,1
82666,3
82666,1
60230,3
60230,1
92062,3
92062,1
46048,3
46048,1
45323,3
45323,1
112121,3
112121,1
294183,3
346927,3
51516,3
51516,1
177303,3
177303,1
221231,3
221231,1
220752,3
220752,1
76712,3
183629,3
89835,3
89835,1
344527,3
344527,1
341691,3
341691,1
310107,3
310107,1
75670,3
75670,1
96192,3
96192,1
109851,3
109851,1
79999,3
79999,1
315103,3
315103,1
304163,3
304163,1
68906,3
68906,1
52833,3
52833,1
93336,3
93336,1
124202,3
124202,1
315233,3
76761,3
76761,1
28787,3
28787,1
110953,3
90317,3
367990,3
167036,3
121718,1
162669,1
120986,1
11346,3
11346,1
114478,3
114478,1
11349,1
11348,3
11348,1
233991,3
233991,1
74848,3
74848,1
71856,3
71856,1
189324,1
11353,3
11353,1
11352,3
11352,1
132760,3
132760,1
112634,3
112634,1
24048,3
205896,3
224338,3
224338,1
11362,3
11362,1
224340,3
224340,1
224341,3
224341,1
224342,3
224342,1
224343,3
224343,1
224344,3
224344,1
11363,3
11363,1
280092,3
523685,3
523685,1
286199,3
286199,1
224351,3
224351,1
224353,3
224353,1
224354,3
224354,1
11373,3
11373,1
264590,3
264590,1
72498,3
72498,1
284653,3
284653,1
11380,3
11380,1
74758,3
74758,1
48820,3
48820,1
11385,3
11385,1
259159,3
259159,1
259160,3
259160,1
11388,3
11388,1
11394,3
11394,1
71874,1
100488,1
89019,1
190359,3
190359,1
11404,3
11404,1
129351,1
224368,3
224368,1
224369,3
224369,1
110352,3
110352,1
11409,3
11409,1
106419,3
106419,1
11413,1
11417,2
347349,3
284053,1
299448,1
106619,1
332557,1
69024,1
106727,1
207950,1
106967,1
211722,1
253902,3
253902,1
106841,1
284200,1
224379,1
154641,3
154641,1
192275,1
271037,1
61894,1
520802,1
191247,1
11514,3
11514,1
96738,1
339034,1
384401,1
196546,1
298770,1
284060,1
128492,1
280918,1
332558,1
297924,3
297924,1
325603,1
378184,1
359886,1
115212,1
387442,1
218675,1
98076,1
102584,1
238873,1
255058,3
255058,1
297289,1
284069,1
269693,1
98077,1
378183,1
284073,1
171900,3
171900,1
332583,1
270549,1
144907,1
297290,1
284078,1
250814,3
250814,1
269607,3
269607,1
238874,3
238874,1
283052,1
144906,1
255225,1
338993,1
387443,1
61331,1
317892,3
317892,1
315347,3
315347,1
387441,1
96245,3
96245,1
339005,1
201574,1
332592,1
344649,1
11518,1
151112,1
269783,1
284092,1
182282,1
77220,1
321378,3
321378,1
77060,3
77060,1
126556,1
324978,1
41645,1
387438,1
290755,1
226533,1
65445,3
78447,3
224394,3
224395,3
286854,3
11841,1
105595,1
264458,1
235051,1
525054,1
115215,1
244740,3
11942,3
11942,1
11944,3
11944,1
127939,1
93265,1
222353,1
89096,1
89096,3
127625,1
111911,1
332076,1
86414,3
86414,1
82724,1
326009,3
326009,1
12224,1
109345,1
328936,1
101844,1
55677,1
12229,1
12230,1
109386,1
72810,1
45366,1
83998,1
23054,3
23054,1
65964,3
65964,1
12311,3
12311,1
12327,2
12328,2
60241,1
68074,3
12878,1
64844,1
79550,3
19788,3
13038,2
171810,3
183849,3
13046,3
13046,2
106217,1
131621,1
306963,3
306963,1
45904,1
13409,3
293749,1
293749,3
177777,1
177777,3
59078,1
59078,3
13550,3
13568,3
168596,3
239874,3
99198,3
53477,3
243524,3
103043,3
298256,3
521956,3
521956,1
95897,3
42498,3
248568,3
248568,2
231115,3
13676,3
13676,1
61177,3
117815,3
370983,3
371695,3
73080,3
75288,3
51009,3
64067,3
71481,3
52519,3
344797,3
72398,3
111993,3
90153,1
102829,3
83349,3
83349,1
68538,3
149263,1
104296,3
104296,1
101872,3
102160,3
84957,3
84408,1
169039,3
169039,1
306106,3
306106,1
112979,3
112979,1
76405,3
76405,1
168093,3
168093,1
53262,3
53262,1
86797,3
86797,1
319958,3
282212,3
282212,1
87058,3
87058,1
87004,3
87004,1
170712,3
196043,3
196043,1
241282,3
241282,1
237224,3
237224,1
268855,3
268855,1
62643,3
62643,1
519885,3
519885,1
359471,3
359471,1
181153,3
181153,1
345449,3
345449,1
70651,3
70651,1
87266,3
87266,1
179075,3
179075,1
110128,3
110128,1
76406,3
76406,1
80214,3
80214,1
517835,3
517835,1
136216,3
136216,1
82999,3
82999,1
272944,3
272944,1
288142,3
288142,1
179079,3
179079,1
125881,3
125881,1
136877,3
136877,1
313915,3
313915,1
174365,3
174365,1
82342,3
82342,1
144827,3
144827,1
174373,3
174373,1
250953,3
250953,1
284169,3
284169,1
284171,3
284171,1
297821,3
297821,1
307747,3
307747,1
44307,3
44307,1
521358,3
521358,1
521296,3
521296,1
57709,3
57709,1
78135,3
78135,1
521472,3
521472,1
136074,3
136074,1
179149,3
179149,1
282225,3
282225,1
313988,3
313988,1
268863,3
268863,1
345462,3
345462,1
268864,3
268864,1
284182,3
284182,1
250320,3
250320,1
517252,3
517252,1
224669,3
224669,1
521672,3
521672,1
49762,3
49762,1
66196,3
66196,1
517661,3
517661,1
71595,3
71595,1
44774,3
44774,1
169054,3
169054,1
111457,3
111457,1
112995,3
112995,1
300197,3
300197,1
67312,3
67312,1
112982,3
112982,1
250321,3
250321,1
196044,3
268869,3
268869,1
48824,3
48824,1
196989,3
196989,1
174398,3
174398,1
112983,3
112983,1
84090,3
84090,1
113015,3
113015,1
57654,3
57654,1
174403,3
174403,1
517684,3
517684,1
113018,3
113018,1
308908,3
308908,1
268880,3
268880,1
180861,3
180861,1
226293,3
226293,1
250324,3
250324,1
72604,3
72604,1
82218,3
82218,1
73795,3
73795,1
43320,3
43320,1
242048,3
242048,1
72142,3
72142,1
284219,3
284219,1
134721,3
134721,1
350024,3
350024,1
237940,3
237940,1
125884,3
125884,1
118183,3
118183,1
178948,3
178948,1
115584,3
115584,1
174427,3
174427,1
118186,3
118186,1
79984,3
79984,1
110991,3
110991,1
521601,3
521601,1
180542,3
180542,1
209522,3
209522,1
211576,3
211576,1
250963,3
250963,1
250964,3
250964,1
99675,3
99675,1
144845,3
144845,1
326387,3
326387,1
43058,3
43058,1
521162,3
521162,1
44023,3
44023,1
127846,3
127846,1
308912,3
308912,1
76978,3
76978,1
227338,3
76837,3
76837,1
227668,3
227668,1
73453,3
73453,1
298164,3
298164,1
306120,3
306120,1
74369,3
74369,1
113001,3
113001,1
286376,3
268874,3
268874,1
237232,3
237232,1
174473,3
174473,1
42478,3
42478,1
69179,3
69179,1
179199,3
179199,1
74175,3
74175,1
193916,3
193916,1
136078,3
136078,1
59547,3
59547,1
299521,3
299521,1
211579,3
211579,1
237234,3
237234,1
57170,3
57170,1
113025,3
113025,1
300202,3
300202,1
211729,3
211729,1
180862,3
180862,1
136080,3
136080,1
69272,3
69272,1
178949,3
178949,1
521456,3
521456,1
114483,3
114483,1
251924,3
251924,1
179216,3
179216,1
74484,3
74484,1
298168,3
298168,1
60080,3
60080,1
83157,3
83157,1
113026,3
113026,1
179221,3
179221,1
113004,3
113004,1
250331,3
250331,1
298170,3
298170,1
66918,3
66918,1
81660,3
81660,1
250971,3
250971,1
117350,3
510952,3
268813,3
268813,1
69003,3
69003,1
350810,3
108858,3
108858,1
126747,3
126747,1
359228,3
359228,1
180863,3
65777,3
86403,3
322031,3
231161,3
231161,2
13753,3
13753,2
13760,3
13760,2
131275,1
224687,3
13774,3
13774,2
240862,3
169268,3
79447,3
99240,3
51891,3
101487,3
72009,3
171756,3
86817,3
345284,3
325874,3
521689,3
521689,1
65508,3
119043,3
272960,3
133875,3
231139,3
303281,3
94816,3
94816,2
231136,3
13892,3
44924,3
318591,3
318591,2
335285,3
13901,3
92034,3
92034,2
76492,3
69477,3
182487,3
118094,3
53711,3
46536,3
99818,3
99582,3
76349,3
90436,3
84631,3
72025,3
224654,3
285478,3
285478,1
65456,3
368623,3
359802,3
82916,3
86720,3
93544,3
13882,3
377785,1
375858,3
375858,1
522869,3
522869,1
14073,3
14073,1
367918,3
367918,1
198658,3
294264,3
14183,3
224752,3
224752,1
14190,3
14190,1
92745,3
92745,1
14327,3
14348,1
89446,3
49203,3
138651,3
74005,3
254367,3
30518,3
218382,1
106222,1
119928,1
119934,1
269091,1
84397,1
48018,1
181621,1
197167,3
71357,1
381635,1
108563,1
349919,1
367679,1
142527,1
197171,1
220850,1
173296,1
112837,3
334171,1
72889,1
97047,1
90761,1
306517,1
271658,1
241858,1
15809,1
225030,1
15810,1
182313,1
269211,1
85586,1
153840,1
196707,1
84372,1
269214,1
15812,1
52122,1
269149,1
98169,1
72029,3
87918,3
15829,1
313684,3
313684,1
179635,3
179635,1
69751,3
69751,1
180558,3
180558,1
313685,3
313685,1
84024,1
60432,1
41751,1
285275,1
94837,1
91884,3
91884,2
179269,3
225391,1
99479,1
225393,1
45298,1
104323,1
225397,1
61415,1
225415,3
94638,3
98968,3
98968,1
76502,1
76502,3
75251,1
212210,3
183201,1
81389,1
153759,1
225448,3
225448,1
90070,3
90070,1
82140,1
82140,3
225457,1
225457,3
89421,1
89421,3
112661,1
112661,3
57772,1
87227,1
225472,3
225472,1
47963,3
47963,1
112706,1
112706,3
74531,1
74531,3
225477,1
41588,1
98871,1
16623,1
72376,1
72376,3
51695,1
51695,3
225507,1
225507,3
16555,1
16558,1
47214,1
225511,3
225511,1
227015,3
227015,1
16604,3
152926,1
225522,1
64323,1
225539,1
225540,1
225486,1
225499,1
225499,3
99194,3
99194,1
102488,1
102488,3
226860,3
226860,1
27853,1
57426,1
22542,1
16834,3
16834,1
16835,3
16835,1
93625,3
93625,1
162948,3
162948,1
16838,1
99934,3
99934,1
26085,3
26085,1
277407,1
16839,1
370266,1
165116,3
165116,1
16845,3
16845,1
54795,1
16850,1
370277,1
370267,1
25956,3
25956,1
104828,1
45771,3
45771,1
210517,3
210517,1
51818,3
51818,1
16863,1
238884,3
238884,1
368261,1
16867,1
16868,1
98765,3
31383,3
31383,1
89243,3
89243,1
359809,3
359809,1
261198,3
261198,1
16873,3
16873,1
90067,1
16918,1
67893,1
51223,1
69729,1
16936,1
87463,1
45299,1
52408,1
16962,1
272256,1
51565,1
85548,1
66449,1
529381,1
529380,1
344843,1
17085,1
528871,1
93735,1
64966,3
180034,3
17388,3
17389,3
41795,3
175321,3
17459,1
17705,1
17764,3
238885,1
17789,1
375651,1
17788,1
273487,1
532641,1
533267,1
161395,1
176673,1
112582,1
112583,1
522554,1
268592,1
382653,1
522904,1
514483,1
242554,1
372064,1
242555,1
105804,1
99000,1
105005,1
94374,1
18036,1
141063,1
93864,1
272213,1
522890,3
522890,1
522889,3
522889,1
18405,3
65436,3
65436,1
65533,3
26720,1
226862,1
124484,1
18431,1
227021,1
117498,1
101878,1
43638,1
297999,1
18432,1
42001,3
96450,1
244152,1
80519,1
100980,1
92262,1
239119,1
106303,1
95550,1
23315,1
18555,1
254213,2
182437,3
182437,1
119511,1
19213,1
19215,3
19215,1
269143,3
269143,1
42843,1
165922,1
20457,3
20457,1
244211,3
19217,3
93194,1
225033,1
350937,1
139740,1
79,1
79,3
120645,1
120645,3
139869,1
139869,3
387197,1
227799,1
227799,3
222446,1
94981,1
143603,3
143611,3
120173,3
127545,3
76636,3
57963,3
134692,3
57964,3
142882,1
185495,1
462,1
185797,1
42233,1
21702,1
536656,3
536137,3
535518,3
536310,3
69456,1
176633,1
26570,1
90025,3
55512,1
55512,3
1170,1
1176,1
139137,3
1183,3
100755,3
155548,3
508044,3
508083,3
155553,3
1193,1
1197,3
124457,3
1200,3
80768,3
94888,3
108867,3
118305,3
222530,3
222530,1
1256,3
1256,1
1257,3
1257,1
315305,3
64227,3
64227,1
234639,3
188351,3
1271,3
127876,3
344948,3
201413,3
188533,1
188534,1
1321,1
120430,1
188536,1
188535,1
91072,1
188544,1
114230,1
27537,1
188550,1
188552,1
26754,1
218303,1
60636,1
303275,3
303275,1
112688,1
102607,1
87133,1
81330,1
74828,1
48762,1
105670,1
270889,3
27019,1
318593,3
285981,1
1676,1
1680,3
339600,1
362637,1
63705,3
63705,1
287535,1
275202,1
361654,1
275203,1
275204,1
529241,1
317591,1
334459,1
383613,1
334460,1
152522,1
152522,3
61757,1
272988,1
92379,1
63774,1
262203,1
228958,1
79067,3
79067,1
79305,1
241898,3
241898,1
521492,1
521763,1
521696,1
92795,1
155119,1
334696,1
521087,1
116653,1
84647,1
61547,3
61547,1
228423,1
46419,1
90914,1
76622,1
141834,1
154905,1
153128,1
316735,1
386750,1
386747,1
284955,1
317119,1
334712,1
317626,1
317118,1
367695,1
334713,1
284954,1
287983,1
521951,1
139850,1
370857,1
520880,1
385311,1
385312,1
521239,1
521115,1
375942,1
171120,1
57887,3
57887,1
1909,1
502346,1
359285,1
100927,1
222685,3
222685,1
306882,1
173141,1
374191,1
299480,1
299481,1
374193,1
255726,1
179039,1
1921,1
41650,1
1923,1
222689,1
347493,1
310368,1
1994,3
2502,3
400721,3
400743,1
62105,2
69538,2
318968,2
96456,3
98356,3
95060,3
89139,3
192909,3
368907,3
92059,3
44170,3
72913,3
364878,3
500319,3
93478,3
90497,3
94785,3
45252,3
99238,3
2749,3
97109,3
47569,3
30018,3
98517,3
93083,3
41914,3
41914,1
95429,3
95429,1
114098,3
114098,1
2891,3
2891,1
78484,3
97387,1
222897,3
222897,1
182475,3
206762,3
206762,1
2905,3
2905,1
56662,3
56662,1
2914,3
2914,1
48346,3
48346,1
206641,1
228043,3
228043,1
334466,3
334466,1
138624,3
138624,1
72806,3
72806,1
82689,1
82689,3
86384,1
102307,3
102307,1
206788,3
206788,1
206792,3
206792,1
28670,3
28670,1
2925,3
2925,1
48915,3
48915,1
96804,3
96804,1
89061,3
89061,1
260919,3
260919,1
85424,3
85424,1
93725,3
93725,1
222908,1
222908,3
99146,3
99146,1
2964,3
335693,3
335693,1
136848,3
136848,1
153256,3
153256,1
95198,3
95198,1
300192,3
300192,1
99779,3
2965,1
345421,1
96254,3
96254,1
115317,1
2967,1
283825,1
321343,3
321343,1
43045,1
206707,3
58648,3
58648,1
62931,3
62931,1
68088,3
68088,1
3315,3
94884,1
157585,1
157586,1
3831,3
3836,1
86146,3
44100,1
125475,3
91504,3
4691,1
371803,1
4718,3
4718,1
382328,1
89703,1
39110,3
140829,3
56367,3
30961,3
5103,3
87495,1
169895,1
79852,1
5142,3
5142,1
194077,1
293543,1
102421,1
236661,1
90036,1
127874,1
127955,1
5149,1
5156,1
30985,3
30985,1
57492,3
57492,1
59149,1
84011,3
117062,3
315815,1
339250,1
181222,1
327587,1
285767,1
285768,1
346054,1
324830,1
383873,1
181223,1
345422,1
334692,1
317593,1
239040,1
346111,1
306104,1
347713,1
356021,1
347715,1
336856,1
364710,1
350953,1
357474,1
344177,1
345596,1
318023,1
317447,1
279814,1
22314,1
202360,1
202360,3
121934,1
203493,1
256345,1
103749,1
85659,1
87828,1
274989,1
126262,1
137784,1
89472,1
63796,1
82091,1
297660,1
162600,1
46504,1
64715,1
80944,3
80944,1
168068,1
230845,1
294497,1
43065,1
95972,1
92506,1
56836,1
288643,1
290496,1
198931,1
273604,1
288912,1
110304,1
288642,1
5713,1
60763,3
60763,1
63896,1
5728,1
58061,1
94868,1
78825,1
130044,1
91589,3
5893,3
131605,2
131605,3
131606,2
131606,3
6045,1
6045,3
117280,3
6062,1
6063,1
90815,1
301551,1
73524,1
94770,1
31940,1
174722,1
174723,1
104032,1
6225,1
6226,1
284418,1
6237,1
346720,1
31998,1
31999,1
86272,3
118664,3
59171,3
59171,1
89647,3
89647,1
128926,3
128926,1
240558,3
240558,1
92566,3
92566,1
98652,1
32542,1
50628,1
120470,1
115320,1
79272,1
42777,1
382734,1
81968,1
368332,1
7073,1
521238,3
521442,3
521574,3
521609,3
521189,3
521564,3
337268,3
90698,3
302260,3
302259,3
249059,3
90098,3
90098,1
44782,3
44782,1
30418,3
30418,1
139815,3
139815,1
307968,3
307968,1
194343,3
194343,1
30439,3
30439,1
137716,1
7620,1
176660,1
192134,3
88583,3
33445,3
201589,3
243150,3
243151,3
243152,3
111942,3
201590,3
88746,3
56094,3
7753,3
201592,3
197092,3
255116,3
201591,3
271987,3
109499,3
47366,3
195367,3
152789,3
46871,3
314705,3
357512,3
286068,3
73054,3
150430,3
46738,3
81870,3
7807,3
68933,3
7830,3
64980,3
45685,3
284644,3
114470,3
237098,3
182780,3
177416,3
177418,3
92806,3
94933,3
100033,3
33526,3
33526,1
502222,3
50284,3
50284,1
33452,3
33452,1
64331,3
64331,1
223671,3
223671,1
7871,3
7871,1
309409,3
309409,1
33489,1
241466,3
61367,3
41772,3
41772,1
231952,1
318594,3
8166,1
72095,1
33645,1
8173,1
45497,1
351062,1
344492,1
94383,1
293481,1
8278,3
8278,1
327523,3
327523,1
168709,3
168709,1
170222,3
170222,1
178353,3
178353,1
282197,3
282197,1
345106,1
8462,1
75511,1
8463,1
373026,1
96043,1
311353,1
518106,3
293184,3
293179,3
195598,3
91696,3
201546,3
8649,3
278444,3
326219,3
237391,3
272339,3
334583,3
525442,3
252326,3
270295,3
222214,3
127167,3
222218,3
208888,3
251402,3
64134,3
251406,3
313794,3
180740,3
159286,1
156645,1
143295,2
239153,2
118025,2
149100,2
8960,2
356895,1
357111,1
357063,1
356896,1
534071,1
141321,1
377833,1
356955,1
378218,1
377842,1
525995,1
57325,1
105192,1
9024,1
179288,1
228578,3
9181,3
99819,3
227009,3
280648,3
248557,3
273951,3
125376,3
44003,1
9492,1
109084,3
109084,1
56552,3
56552,1
76226,3
76226,1
66569,1
64747,1
142171,3
122486,3
54271,3
115948,1
286928,3
206601,3
138742,3
122048,3
404489,3
404489,1
30467,1
86169,3
86169,1
63331,3
63331,1
80993,1
45688,3
45688,1
74036,3
74036,2
140114,3
140114,2
134909,3
134909,2
351647,1
351648,1
351649,1
351650,1
327529,1
121237,1
507801,1
195288,1
10918,1
525436,1
525372,1
11074,1
11077,1
61681,1
59331,1
159833,1
76327,3
224260,3
135251,3
49979,3
49399,3
49399,2
70498,3
48450,3
48450,1
381494,3
90151,1
11915,1
11979,1
160181,3
160181,1
91490,1
113825,1
160292,3
71487,1
74744,1
94257,1
120167,1
41979,1
171231,1
61055,1
113927,3
65005,1
12573,1
253133,1
253134,1
219513,1
219367,1
240258,1
12583,1
209158,1
512566,1
505093,1
505091,1
505090,3
505090,1
505092,1
235847,1
235857,1
12710,3
85221,1
76865,1
90892,3
90892,1
290682,1
235887,1
83046,1
93603,3
53385,1
224521,1
228463,1
91821,1
128939,1
62122,3
41701,1
90660,1
51538,1
376155,1
85075,1
97889,3
97889,1
13024,2
291780,2
59463,1
13547,3
288333,3
368104,3
13561,3
76913,3
13566,3
23256,3
305561,3
13621,1
53001,1
305566,3
288334,3
305568,3
53424,3
374628,1
58123,1
58003,1
73748,3
13666,3
61397,3
97804,3
95321,3
63154,3
74095,3
44715,3
81738,3
87963,3
90583,3
533353,3
531255,3
532734,3
152023,1
533195,3
526476,3
127951,3
111913,1
21338,3
21338,2
13790,3
95871,3
535697,3
75169,1
13817,1
131934,3
224709,3
13906,2
147712,1
214773,1
13844,3
13847,3
28164,1
99987,1
14323,3
49485,3
270150,3
66573,3
84000,3
100603,3
100604,3
14387,3
14391,3
165446,1
44128,1
52929,1
115769,1
108995,1
263717,1
16109,1
64488,1
85024,3
78129,3
383169,3
370997,3
70509,3
300171,3
16203,3
16214,3
500220,3
16253,3
16287,3
243192,1
91557,1
16440,1
21222,1
234635,1
99388,1
21360,3
16460,3
163967,1
41775,1
16488,1
240260,3
191306,3
191311,3
95925,1
45509,1
225382,3
64857,3
521686,1
25162,1
25162,3
94664,1
94664,3
195374,3
325234,1
133317,3
512057,1
87250,1
83563,1
97585,3
74283,3
103783,3
128942,1
225431,3
117000,3
99616,1
56259,3
280335,3
195379,3
40379,3
40379,1
63842,3
63842,1
368277,1
89829,3
344814,1
375971,1
375972,1
225459,1
56377,1
91079,3
86763,1
55918,3
97334,1
157039,3
62897,3
375970,1
225479,1
225484,1
108758,1
302044,3
302044,1
16554,3
16554,1
16556,1
16565,1
246150,1
246151,1
16574,1
246148,1
116214,1
328884,3
155536,1
16644,1
225533,1
225533,3
98569,1
195391,1
16727,1
16730,1
225485,3
180269,1
66280,1
68758,1
104164,1
370261,1
16887,1
195824,1
75529,1
306877,1
45911,1
350043,1
225576,1
256713,1
87307,1
16920,3
16920,1
83286,1
66085,1
78384,1
16925,1
82836,1
524877,1
526453,1
526638,1
524921,1
376025,1
60435,1
70039,1
256679,1
257242,1
256680,1
69337,1
16931,3
16931,1
87660,1
42609,1
301918,1
82159,1
16933,1
78649,1
45242,1
46180,1
47991,1
325581,1
324879,1
114382,1
16951,1
308211,1
306881,1
61418,1
16957,1
16958,1
16959,1
317173,1
47528,1
95964,1
84785,1
16964,1
46932,1
64282,1
16965,1
43953,1
289512,1
195290,1
350044,1
350045,1
301988,1
97277,1
171931,1
256693,1
109427,1
524690,1
85630,1
16974,1
47291,1
105757,1
16979,1
353550,1
77793,1
511823,1
350047,1
16986,1
528727,1
336821,1
80785,1
64652,1
75901,1
369573,1
115655,1
16996,1
51475,1
16997,1
16998,3
16998,1
75476,1
524693,1
91168,1
85814,1
524694,1
526465,1
17001,1
79656,1
256715,1
79568,3
79568,1
101770,1
89136,1
93223,3
93223,1
307939,3
307939,1
67435,3
67435,1
74284,3
74284,1
46031,3
46031,1
117391,1
17010,3
17010,1
168079,3
168079,1
58466,1
45750,1
211143,1
95790,1
58719,1
168522,1
326334,1
87306,1
44194,1
54962,1
66137,1
74498,3
232439,3
103264,3
103264,2
52619,1
90261,1
57435,1
44822,1
48751,1
44196,1
89542,1
178848,1
122077,1
46166,1
359017,1
220544,1
211509,1
62904,1
60437,1
77944,1
342861,1
374058,1
46615,1
68170,1
81293,1
208907,1
64530,1
68416,1
72180,1
334387,1
386397,1
66448,1
72181,1
73647,1
82277,1
81874,1
45920,1
54851,1
83223,1
59744,1
374072,1
283626,1
374073,1
80905,1
386390,1
59257,1
45006,1
56590,1
49612,1
382393,1
44735,1
152106,1
170598,1
382395,1
254378,1
71122,1
71605,1
76830,1
47173,1
116074,1
74801,1
76948,1
229596,1
342889,1
80814,1
84675,1
373886,1
61631,1
219688,1
53115,1
374084,1
116077,1
56986,1
63983,1
48769,1
196108,1
64233,1
42937,1
83667,1
314067,1
334407,1
56379,1
44280,1
45266,1
170613,1
76831,1
314070,1
526379,1
152114,1
42368,1
194811,1
253314,1
254380,1
182819,1
376509,1
152116,1
314077,1
62199,1
522610,1
522040,1
384035,1
382845,1
384037,1
384038,1
384039,1
384040,1
384042,1
515375,1
382847,1
384045,1
384046,1
520492,1
373440,1
519075,1
47611,1
211957,1
126239,1
70513,1
505385,1
519702,1
373441,1
518465,1
136453,1
64996,1
44689,1
131464,1
70992,1
73484,1
156343,1
92145,1
57506,1
80904,1
92367,1
83724,1
17141,1
52100,1
74455,1
70090,1
87690,1
17289,3
17289,1
17314,1
86362,3
86362,1
360259,1
100956,1
86486,1
112142,1
234612,1
17345,3
293180,3
85303,3
85303,1
47503,3
47503,1
102549,3
249132,1
318960,1
377622,3
377794,3
17912,3
17912,1
245460,3
245460,1
166604,3
23297,3
23297,1
18065,1
18087,3
18087,2
522883,3
42639,3
42639,1
530211,3
120553,3
373500,3
104546,3
114378,3
114378,1
80478,3
101927,3
304458,3
18331,1
18500,1
18534,1
284544,1
290414,1
147748,3
231111,3
45995,3
251812,1
181738,1
272606,1
85450,3
85450,1
85450,2
506104,3
506104,1
18855,1
117502,1
102434,1
181622,1
54910,1
94459,1
293635,1
65863,1
216553,1
506359,3
506359,1
299891,3
67270,3
63148,3
215144,3
82731,3
42429,3
18983,3
194829,3
57565,3
57565,1
19001,3
19001,1
91862,3
91862,1
240247,3
117319,3
54755,3
19006,3
19006,1
19012,3
19012,1
101004,3
101004,1
63609,3
19015,3
520177,3
19022,3
46360,1
61856,1
29228,1
168881,1
139739,1
357439,1
169367,1
138131,1
296590,3
296590,1
387205,1
387206,1
52704,1
185029,1
338095,3
338095,1
338096,3
338096,1
327246,3
327246,1
376732,3
376732,1
110357,3
110357,1
184278,3
184278,1
361290,3
361290,1
297705,3
297705,1
238401,3
238401,1
151231,3
151231,1
77358,3
77358,1
249724,1
249724,3
108217,3
108217,1
334699,3
334699,1
325816,3
325816,1
324871,3
324871,1
320526,3
320526,1
325064,3
325064,1
375128,3
375128,1
361289,3
361289,1
26193,1
52987,1
52987,3
500318,3
500318,1
185144,1
185144,3
302,3
302,1
106401,3
106401,1
327832,3
327832,1
336607,1
336607,3
297703,3
297703,1
347378,1
347378,3
347379,3
347379,2
347379,1
354027,3
354027,1
353058,1
353058,3
377188,1
377188,3
376754,1
376754,3
504210,1
504210,3
258420,3
258420,1
297699,1
297699,3
380447,1
380447,3
375016,1
375016,3
178334,3
178334,1
297701,1
297701,3
274490,3
274490,1
238216,3
238216,1
258428,3
258428,1
297425,3
297425,1
256119,3
256119,1
373754,1
373754,3
372016,1
372016,3
372017,1
372017,3
503739,1
503739,3
503868,1
503868,3
350978,3
350978,1
343954,1
343954,3
343953,3
343953,2
343953,1
354026,3
354026,1
350979,1
350979,3
135867,3
44718,3
77963,3
296025,1
296025,3
191321,3
191321,1
318,1
318,3
54640,1
54640,3
54641,1
54641,3
41919,3
41919,1
281479,3
206879,2
176027,2
89047,2
526560,2
526559,2
207813,2
182692,2
117878,2
96541,2
185354,3
185359,3
185359,1
185365,3
185365,2
100451,3
100451,2
185368,3
185368,1
405,3
405,2
81244,3
81244,2
33913,3
33913,1
222461,3
222461,2
407,3
407,1
254857,3
254857,1
185369,3
185369,2
408,3
408,2
71245,3
71245,2
156097,1
185440,3
185440,1
363517,1
26278,3
26278,1
26279,3
26279,1
434,3
434,1
50171,1
171678,3
23998,3
76167,3
54853,3
185482,3
59406,3
20650,3
62413,3
47736,3
48624,3
156106,3
77099,3
213543,3
92909,3
500148,3
458,3
193120,1
465,1
386582,1
146340,3
536810,1
319438,1
338880,1
368458,1
515161,1
522171,1
522174,1
530553,1
379006,1
311069,1
336457,1
369341,1
370249,1
185695,1
63396,1
152146,1
99112,1
222471,1
22926,1
100651,1
349493,3
353080,3
285359,3
285359,1
332720,3
332720,1
155204,3
155204,1
310030,3
310030,1
179926,3
179926,1
332728,3
343581,3
343581,1
272856,3
272856,1
168022,3
168022,1
370231,3
370231,1
526122,3
532927,3
535543,3
194891,3
194891,1
339259,3
300254,3
314383,3
341792,3
332732,3
93340,3
93340,1
93787,3
501776,3
501776,1
343595,3
343595,1
343596,3
343596,1
332737,3
332737,1
90189,3
298007,3
160528,3
160528,1
343603,3
51904,1
344129,3
117881,3
368326,3
343606,3
343605,3
242219,3
151732,3
299110,3
384135,3
343611,3
339270,3
349772,3
132278,3
209335,3
135631,3
343615,3
313753,3
71769,3
221228,3
71770,3
71770,1
323500,3
270716,3
524501,3
324448,3
64012,3
102154,3
332749,3
117077,3
196611,3
136962,3
370635,1
313809,3
313809,1
367532,1
325881,3
236822,3
532521,3
367531,1
297963,3
367533,3
158286,3
158286,1
533229,3
524894,3
336861,3
336861,1
335518,3
26343,1
283775,1
52260,1
114383,1
114384,1
297680,3
339260,3
26350,1
26353,3
133920,3
90887,1
138009,3
96822,3
49946,3
168916,3
185816,3
151728,3
209417,3
209417,1
315657,1
333015,3
333015,1
226159,3
226159,1
526002,3
526002,1
526060,3
526060,1
350001,1
383606,1
388760,1
254464,3
520338,1
518409,1
92017,1
520630,1
519984,1
518927,1
520525,1
287740,3
704,1
120656,1
187731,1
185965,1
272993,1
44542,1
279630,1
114966,3
114966,1
166321,3
228421,3
228421,2
234101,3
234101,2
301679,3
301679,1
175581,3
175581,2
134888,2
134888,3
740,2
740,3
200794,3
218332,3
177997,3
195061,3
195061,1
118690,3
118690,2
135633,3
135633,1
179996,3
286735,3
286735,2
228228,3
228228,2
306939,3
306939,2
69895,3
69895,2
96133,3
96133,2
174980,3
186909,3
186909,2
134893,2
134893,3
378357,3
378357,2
377232,3
378358,3
374128,3
502083,3
502083,2
130125,1
524903,1
762,1
351027,3
61531,3
766,3
766,1
500063,3
186014,3
105378,3
26453,3
522691,3
334453,3
186015,3
186016,3
113052,3
186019,3
774,3
776,3
45972,3
298071,3
516803,3
63069,3
70096,2
330904,2
186041,2
284494,3
284494,1
331016,3
331016,1
343927,3
343927,1
512354,1
353954,3
353954,1
137777,3
137777,1
387358,3
387358,1
315303,1
211281,1
511412,1
186087,3
186087,1
316846,3
316846,1
75887,3
75887,1
71762,3
71762,1
186125,1
263328,3
263328,1
95167,1
522263,1
174946,1
832,3
832,1
167250,3
167250,1
131208,1
377192,3
377192,1
64050,1
186229,1
100677,3
100677,1
522569,1
368722,3
197214,3
109457,3
109457,1
92585,3
92585,1
111998,3
111998,1
238554,3
91013,3
91013,1
97949,3
867,1
359740,3
359740,1
229585,3
229585,1
269914,1
70052,1
26956,1
871,3
871,1
132573,3
132573,1
874,1
124925,1
285398,3
27616,1
272242,1
275144,1
124114,1
270424,1
517751,3
517751,1
65496,3
257840,3
257840,1
306941,3
306941,1
136801,3
517752,3
297436,3
354306,3
226431,1
371060,1
344041,1
273715,1
368968,1
87858,1
525837,1
26530,1
215698,1
953,1
110071,1
321449,1
517753,1
20061,1
365563,1
385479,1
201319,3
292305,3
80443,3
115042,3
368355,3
157539,3
320748,3
141820,3
374129,3
273622,3
180849,3
361636,3
146434,3
515169,3
229836,3
334345,3
339576,3
328217,3
364015,3
334342,3
327130,3
307599,3
290617,3
327129,3
301034,3
243577,3
182954,3
293006,3
269948,3
297220,3
180807,3
152936,3
334329,3
241023,3
202305,3
180808,3
180809,3
180848,3
358742,3
316431,3
108428,3
228339,3
180812,3
103302,3
273707,3
510847,3
257086,3
270880,3
221486,3
510367,3
113363,3
113380,3
171889,3
146401,3
216049,3
113368,3
221487,3
301042,3
334340,3
353059,3
301037,3
301038,3
339574,3
525943,3
525943,1
353096,3
339575,3
364000,3
308778,3
369980,3
525991,3
308784,3
359356,3
308780,3
517673,3
337096,3
288799,3
350492,3
525952,3
525767,3
510441,3
525721,3
301040,3
510790,3
508231,3
525910,3
364001,3
511137,3
301044,3
190923,3
522545,3
373765,3
288125,3
221484,3
346108,3
287961,3
308789,3
242688,3
337337,3
386744,3
290621,3
301045,3
288127,3
288128,3
369968,3
275443,3
522727,3
522727,1
368491,3
368492,3
368493,3
368495,3
368496,3
104943,3
322880,3
272540,3
299650,3
227033,3
334334,3
360968,3
241022,3
322073,3
368969,3
334337,3
322074,3
307094,3
334339,3
350980,3
299654,3
291177,3
299655,3
375252,3
510897,3
525594,3
525594,1
351926,3
375253,3
351927,3
307601,3
369285,3
525611,3
307602,3
517754,3
358741,3
307603,3
517388,3
336803,3
303578,3
299684,3
508034,3
350003,3
525736,3
367688,3
299693,3
291180,3
516806,3
516806,1
48552,3
286427,3
113369,3
338004,3
122422,3
500035,3
286428,3
307605,3
118576,3
247732,3
216399,3
336416,3
385310,3
263544,3
152383,3
299696,3
286430,3
286431,3
121932,3
243754,3
194662,3
269530,3
113381,3
511142,3
510998,3
525702,3
525040,3
525865,3
189858,3
260929,3
370826,1
1032,1
112677,1
26568,1
94995,1
156188,1
1039,1
1040,1
273588,1
297973,1
369286,1
88188,1
218985,1
186565,1
535796,1
535796,3
186601,1
186601,3
25350,3
72957,3
299467,3
188147,1
188151,3
188152,1
360076,1
381178,1
85069,1
165295,1
287124,1
96070,3
112591,3
1122,3
92859,3
26611,3
377824,1
45000,3
188194,3
26621,3
26621,2
503412,1
503412,3
503263,3
503263,1
336402,3
502042,1
226834,3
525781,3
273590,3
273590,1
522017,3
512100,3
180019,1
510464,3
26656,3
294276,1
26657,3
1214,3
27335,3
110782,3
97279,3
25512,1
206958,1
85579,1
222519,1
91698,1
196537,3
196537,1
375719,1
366280,1
98981,1
90635,1
124283,1
97771,1
88424,1
64352,3
64352,1
98508,1
92488,1
239110,1
160929,1
220130,3
86513,3
108378,1
370827,1
317617,1
317618,1
317619,1
370828,1
25509,1
25511,1
511893,1
255370,1
222522,1
286855,1
65288,1
25510,1
210962,1
333799,1
112679,1
54758,1
91632,1
95644,1
82538,3
98998,1
69244,1
69245,1
153331,1
56938,1
26664,1
324882,1
324883,1
324881,1
138560,1
25669,1
294167,1
294168,1
294169,1
343007,3
1227,3
352786,3
345827,3
70216,3
70216,1
294608,1
1229,1
294170,1
188337,3
188337,1
90213,3
525979,3
222525,3
26683,3
26683,1
26682,3
26682,1
298879,3
298879,1
211120,3
211120,1
89680,3
89680,1
134989,3
134989,1
272575,3
272575,1
1239,3
1239,1
145719,3
145719,1
98804,3
95138,3
95138,1
112560,3
112560,1
374107,3
374107,1
19940,3
19940,1
155772,3
155772,1
154419,3
154419,1
238042,3
238042,1
72958,1
72958,3
1243,3
137761,3
43036,3
165007,3
26686,3
26686,1
286287,3
57356,3
61590,3
65838,3
128137,3
69928,3
44439,3
26688,3
26688,1
517631,3
90010,3
47895,3
93886,3
127143,3
51567,3
336418,3
219510,3
234541,3
207184,3
43201,3
65852,3
241949,3
180467,3
65093,3
253792,3
65094,3
253793,3
72843,3
227310,3
44134,3
344965,3
92481,3
92481,1
96029,3
99504,3
343828,3
270189,3
154098,3
94034,3
94034,1
96660,3
97495,3
137971,3
137971,1
43285,3
271033,3
336374,3
50604,3
170387,3
1248,3
1247,3
114155,3
88446,3
1250,3
1250,1
519785,3
324127,3
175061,3
175061,1
26696,3
23148,3
23148,1
1252,1
1253,1
188345,3
89688,1
523286,1
1260,3
42540,1
256779,3
46845,1
268825,3
135638,3
26702,3
101589,3
86301,1
91117,3
504699,3
501631,3
153202,3
307287,3
127878,3
360231,3
48655,3
526126,3
115310,3
206364,3
344943,3
26735,3
27612,3
220842,3
152030,3
90197,3
114176,2
102648,1
523027,3
298528,1
284066,1
400099,1
400206,1
47830,1
60635,1
310353,1
91922,1
126339,1
49778,1
198099,3
226213,3
167061,3
363336,3
364834,3
313256,3
313293,3
363337,3
252603,3
372594,3
250108,3
252604,3
1349,3
361697,3
372529,3
254482,3
250109,3
254489,3
84264,3
25099,3
169483,3
1360,3
319304,1
131119,3
131119,1
131752,3
134802,3
137982,3
130507,3
158939,3
237373,3
50961,3
131121,3
131123,3
60533,3
187234,3
187692,3
517554,3
517554,1
504054,3
504054,1
518868,3
518868,1
522003,3
522003,1
65706,3
352953,3
125530,3
187237,3
187235,3
187693,3
175066,3
201993,3
180296,3
175067,3
187479,3
306566,3
237444,3
504024,3
504024,1
517763,3
517763,1
517445,3
517445,1
522010,3
522010,1
71392,3
55126,3
187480,3
211121,3
199277,3
286041,3
199278,3
199278,1
217634,3
199276,3
199276,1
316875,3
167859,3
188780,3
1399,3
188782,3
188782,1
161993,3
113556,3
113556,1
367691,3
180960,3
180960,1
70527,3
70527,1
60534,3
60534,1
138475,3
24697,3
26809,3
134809,3
129882,3
71267,3
134795,3
269660,3
26811,3
78138,3
188788,3
1416,1
188792,3
188793,3
1421,3
1421,1
103646,3
103646,1
188796,3
1423,3
1423,1
1425,3
183665,3
47561,3
47561,1
127436,3
306242,3
273935,3
273935,1
273936,3
316876,3
273937,3
273937,1
273938,3
273938,1
109194,3
86779,3
118897,3
168662,3
273654,3
168665,3
359178,3
217646,3
510527,1
300788,1
270888,1
106055,1
49800,1
1430,1
222550,1
222552,1
104458,1
81638,1
180072,1
377194,1
377193,1
344046,1
168704,1
343166,1
343008,1
358096,1
142589,1
112684,1
62415,1
370836,1
377195,1
43830,1
45725,1
188817,1
1432,1
511108,1
275440,1
510394,1
1435,1
1436,1
26844,1
1437,1
180613,1
26842,1
283774,3
283774,1
351179,3
351179,1
269563,3
269563,1
318585,3
318585,1
318584,3
318584,1
1491,3
1491,1
99909,3
379240,3
379240,1
180984,3
180984,1
273939,3
273939,1
374173,3
374173,1
379241,3
379241,1
525990,3
381416,3
381416,1
1569,3
80352,3
80352,1
389090,1
500798,1
375941,3
375941,1
155780,3
155780,1
151197,3
151197,1
193255,3
193255,1
108325,1
1594,3
1594,1
370839,3
370839,1
285980,1
370840,3
370840,1
525043,3
525043,1
47106,3
47106,1
324886,3
324886,1
324887,3
324887,1
324114,3
324114,1
324115,3
324115,1
115053,1
524909,3
524909,1
44341,1
352227,1
358755,3
358755,1
314701,1
325981,3
325981,1
380452,3
380452,1
380449,3
380449,1
380451,3
380451,1
1608,3
1614,3
1614,1
47006,3
47006,1
152434,3
152434,1
125527,1
90237,1
504599,1
75118,1
105671,1
90978,1
81777,1
27126,1
1640,1
97590,1
388030,1
522012,1
100505,1
63065,1
28569,1
64781,1
78978,1
49894,1
27139,1
52135,1
233831,1
155649,3
1654,3
1655,3
1658,1
286762,3
286762,1
91733,1
91466,1
92886,1
75112,3
87192,3
162862,1
1660,3
1660,1
54447,3
286289,3
286289,2
182594,3
387736,3
387736,2
374040,3
387735,3
387735,2
1663,2
172511,2
85462,3
217802,3
130646,3
189389,3
26878,3
241689,1
28198,3
28198,1
191052,3
284824,3
189548,1
189548,3
25922,3
189684,3
27204,1
27205,1
189722,3
3460,3
189728,3
73571,3
48025,3
67138,3
1730,3
1730,1
365823,3
27212,3
100919,3
100919,1
336808,3
196135,1
196135,3
196136,3
121425,3
162505,3
241267,3
241267,1
300345,3
300345,1
231632,1
298567,3
229514,3
231646,3
335499,3
367693,3
503862,3
231644,3
372030,3
196141,3
196141,1
231622,1
317621,3
306598,3
298568,3
298569,3
241268,3
241268,1
1745,1
103473,1
112693,1
134735,1
75386,1
169262,1
52128,1
64683,1
96378,1
135947,3
135947,1
231603,1
74863,3
27881,1
27225,1
93709,1
128963,3
128963,1
288100,1
504327,3
504327,1
153919,3
520635,3
211544,3
367694,3
210094,3
240517,3
151203,3
210095,3
317501,3
211545,3
221080,3
94763,1
229787,1
27349,1
59853,3
59853,1
75489,3
58204,3
96597,3
255344,1
255344,3
255345,3
46516,3
155278,3
336428,3
315877,3
96242,3
77047,3
27426,3
72635,3
44510,3
99888,3
98242,3
52850,3
81355,3
227693,3
79900,3
305910,3
334711,3
65137,3
90242,3
226813,3
112717,3
27394,3
96317,3
255350,3
255350,1
44659,1
108441,3
89133,3
317238,3
1776,1
42334,3
42334,1
315313,3
315313,1
109879,3
109879,1
46334,3
171705,3
171705,1
98589,3
98589,1
1787,3
1787,1
179998,3
93087,1
260915,3
260915,2
317622,3
317622,2
317623,3
317623,2
260914,3
260914,2
260916,3
260916,2
68526,3
68526,2
93741,3
93741,2
90688,3
90688,2
280768,3
280768,2
525428,3
525428,1
109690,3
109690,2
299807,3
299807,2
59323,3
59323,2
68958,3
68958,2
344443,3
344443,2
226572,3
226572,2
311498,3
311498,2
171090,3
171090,2
333006,3
324543,3
324543,2
280790,3
280790,2
174931,3
174931,2
27464,3
27464,2
352903,3
352903,2
97102,3
97102,2
160505,3
160505,2
53437,3
53437,2
99628,3
99628,2
27440,3
27440,2
222631,3
222631,2
108661,3
108661,2
93253,3
93253,2
299808,3
299808,2
287971,3
287971,2
298971,3
298971,2
287975,3
287975,2
291445,3
291445,2
291442,3
291442,2
327580,3
327580,2
291444,3
291444,2
291443,3
291443,2
172174,3
172174,2
106353,3
106353,2
43665,3
43665,2
244954,3
244954,2
180137,3
180137,2
174932,3
174932,2
99329,3
99329,2
284996,3
284996,2
118676,3
118676,2
115627,3
115627,2
139016,3
139016,2
117107,3
117107,2
198301,3
198301,2
284993,3
284993,2
298972,3
298972,2
298969,3
298969,2
298968,3
298968,2
324544,3
324544,2
370844,3
370844,2
370845,3
370845,2
287977,3
287977,2
298967,3
298967,2
115997,2
69260,3
69260,2
284014,3
284014,2
174930,3
174930,2
197536,3
197536,2
109128,3
109128,2
110345,3
110345,2
190894,3
190894,2
54603,3
54603,2
78956,3
78956,2
194583,3
194583,2
95707,3
95707,2
52540,3
52540,2
95706,3
95706,2
280752,3
280752,2
137967,3
137967,2
210608,3
210608,2
105234,3
105234,2
1841,3
1841,2
27466,3
27466,2
222652,3
222652,2
94756,3
94756,2
117696,3
117696,2
95336,3
95336,2
98049,3
98049,2
65512,3
65512,2
164615,3
164615,2
180785,3
180785,2
326211,3
222658,3
222658,2
74741,3
74741,2
80250,3
80250,2
209053,3
333007,3
333007,1
124793,3
124793,2
99255,3
71759,3
71759,2
1875,3
1875,2
154274,3
24947,1
220840,3
92298,3
227839,3
25932,3
1893,3
100925,3
91028,3
28809,3
27562,3
27563,3
1898,3
124625,3
206268,3
271378,3
89520,3
271375,3
92151,3
208468,3
369320,3
168822,3
25912,3
62728,1
362638,1
350612,1
275201,1
57847,1
152848,3
317627,1
521151,1
529178,1
529168,1
529097,1
26319,1
79307,1
104537,1
377004,1
85510,1
112796,1
69503,1
529129,1
523358,3
523358,1
67978,1
1942,1
1947,1
517215,3
517215,1
1960,2
97004,1
365844,1
1966,1
154632,1
269306,1
137211,1
336103,1
81992,3
81992,1
25609,1
191072,3
111534,3
111534,1
196656,3
196656,1
91151,3
91151,1
130651,3
181476,1
109519,1
241118,1
257067,3
229799,1
331045,3
88455,1
88458,1
306841,1
88459,1
220039,1
88460,1
272183,3
272183,1
101658,3
101658,1
112175,1
503975,3
185241,1
181763,3
181763,1
111834,1
65835,3
65835,1
298145,3
269305,1
101659,3
101659,1
241119,1
251378,1
60375,1
60375,3
113353,1
286917,1
42264,1
94769,1
72255,3
278140,1
135186,1
27743,3
27743,1
228267,1
27709,1
228268,1
105605,1
109119,1
177770,3
125871,3
125871,1
529144,3
120111,1
65123,3
65123,1
101657,3
317544,3
253472,3
253472,1
191071,3
205285,1
84035,3
84035,1
376563,3
376563,1
51097,1
228140,3
27692,1
208899,1
27698,3
203618,3
110196,1
256296,1
352447,1
95775,1
63727,1
368145,1
191070,1
345464,1
251265,1
53776,3
53776,1
251201,3
109513,3
88463,1
254958,1
378231,3
203627,3
65548,3
272460,3
203628,3
47849,3
47849,1
2022,3
2022,1
272702,1
203458,3
253960,3
153362,3
153362,1
47826,3
29079,3
239113,1
27706,1
25610,1
27707,1
25606,1
103027,3
103027,1
101666,1
2044,1
203563,3
135649,1
255919,1
27744,3
524402,1
2049,1
203682,3
27720,1
143085,3
203608,3
57789,1
57789,3
203734,1
203909,3
203909,1
45973,3
96547,3
81381,3
81381,2
81381,1
175786,3
180582,3
77786,3
27849,3
27849,1
150921,3
150921,1
112699,3
259035,3
259035,2
259035,1
44729,3
53413,3
104381,3
104381,2
104381,1
298575,3
67090,3
67090,2
67090,1
64421,3
64421,2
64421,1
92505,3
92505,2
92505,1
73120,3
57364,3
48270,3
52252,3
137069,3
349775,3
349775,2
349775,1
124340,3
42405,3
349776,3
349776,2
349776,1
52150,3
52150,1
209800,3
209800,2
209800,1
325969,3
168503,3
168503,2
168503,1
210883,3
210883,2
210883,1
92935,3
362394,3
362394,2
362394,1
345641,3
345641,2
345641,1
259037,3
112797,3
112797,2
112797,1
336660,3
336660,2
336660,1
299978,3
299978,2
299978,1
244097,3
195110,3
182597,3
315317,3
259053,3
259053,1
76330,3
76330,2
76330,1
259054,3
259054,2
259054,1
296605,3
296605,2
296605,1
352577,3
352577,2
352577,1
71198,3
335567,3
335567,2
335567,1
308103,3
308103,2
308103,1
90555,3
112606,3
27855,3
148138,3
148138,1
48770,3
48770,2
48770,1
124857,3
124857,2
124857,1
259052,3
259052,1
64763,3
64763,2
64763,1
171298,3
86788,3
86788,2
86788,1
175787,3
315318,3
315318,2
315318,1
271010,3
271010,1
271010,2
181832,3
181832,2
181832,1
99850,3
99850,2
99850,1
58257,3
58257,1
57403,3
57403,2
57403,1
307885,3
307885,2
307885,1
186763,3
68408,3
68408,1
93354,3
242400,3
242400,2
242400,1
325440,3
325440,2
325440,1
346713,3
50441,3
525099,3
112798,3
112607,3
104224,3
208286,3
208286,2
208286,1
103600,3
260683,3
260683,2
260683,1
43081,3
43081,2
43081,1
27858,3
27858,2
27858,1
317257,3
317257,2
317257,1
86145,3
86145,2
86145,1
201320,3
201320,1
222732,3
222732,1
77485,3
77485,2
77485,1
63709,3
63709,2
63709,1
113325,3
96802,3
89581,3
536966,3
86004,3
67089,3
67089,2
67089,1
135652,3
135652,1
27844,3
27844,2
27844,1
45974,3
2207,3
203874,3
203874,1
203875,3
203875,2
203875,1
151159,3
97416,3
174765,3
174765,2
174765,1
226428,1
226428,2
226428,3
294519,3
294519,2
294519,1
197017,3
197017,2
197017,1
272073,3
272073,2
272073,1
262322,3
262322,1
135270,3
135270,1
203879,3
2210,3
203877,3
203877,1
86869,3
98122,3
73803,3
135651,3
135651,1
49437,3
114345,3
114345,2
114345,1
198921,3
198921,2
198921,1
113675,3
173020,3
173020,2
173020,1
203968,3
55540,3
42053,3
169554,3
2212,3
93595,3
369178,3
219441,3
181293,3
107246,3
42870,3
365906,3
365906,2
365906,1
2216,3
507892,3
507892,2
507892,1
284099,3
96877,3
96877,2
96877,1
186764,3
186764,2
186764,1
89784,3
2214,3
2214,2
2214,1
529289,3
529289,1
92469,3
92469,2
92469,1
178378,3
173009,3
173009,2
173009,1
27862,3
27862,1
203947,3
203947,1
27863,3
203949,3
203949,1
186765,3
186765,1
203950,3
41828,3
29321,3
377725,1
377715,1
377716,1
505102,1
377718,1
368798,3
513790,3
513790,2
513790,1
513794,3
513874,3
513874,2
347384,3
347383,3
2310,3
255691,3
30312,3
400305,3
204349,3
53610,3
2323,3
80876,3
351137,3
2348,1
204497,1
204685,3
338607,3
338607,1
368009,3
368009,1
2428,1
100021,1
214846,3
2433,3
79280,3
97494,3
76231,3
76232,3
274495,3
324620,3
121449,3
345060,3
295962,3
216557,3
260687,3
325971,3
208289,3
385340,3
382279,3
524970,3
524970,1
205165,3
205195,1
165100,3
28112,3
341736,3
2499,3
372476,3
363697,3
88527,3
69676,1
129888,1
372035,1
372036,1
84162,1
2619,1
59883,3
68591,3
206173,1
327971,1
206175,1
165894,1
112293,1
327970,1
206168,1
327972,1
143674,1
25653,3
95188,3
349556,3
215950,3
93924,3
93925,3
99892,3
90207,3
57220,3
57220,1
91929,3
322286,3
94243,3
97678,3
89006,3
173101,3
28286,3
29695,3
280770,3
90647,3
90647,1
318738,3
127596,3
29700,3
2714,3
318740,3
92580,3
93882,3
215952,3
96864,3
89287,3
307700,3
162666,3
192907,3
96823,3
156680,3
99514,3
109782,3
97673,3
94039,3
93516,3
30047,3
380745,3
91662,3
128918,3
96253,3
218389,3
92649,3
146670,3
29719,3
218390,3
30050,3
89621,3
174531,3
99903,3
192908,3
29722,3
89793,3
89793,1
358127,3
162665,3
30054,3
30055,3
30058,3
94801,3
318739,3
93094,3
183913,3
174532,3
156681,3
34147,3
94427,3
96519,3
30060,3
89796,3
30063,3
96649,3
218392,3
25654,3
29727,3
94430,3
99807,3
235362,3
328858,3
368328,3
92679,3
128919,3
156678,3
96721,3
93710,3
89842,3
156679,3
30068,3
215953,3
90267,3
156045,3
111816,3
337975,3
199699,3
96224,3
29743,3
307701,3
99731,3
28297,3
173086,3
45996,3
82437,3
93926,3
30075,3
99893,3
29750,3
90208,3
174099,3
30077,3
97013,3
215955,3
177085,3
215956,3
96457,3
96457,1
318753,3
97679,3
97679,1
30080,3
93849,3
90339,3
95634,3
241927,3
29764,3
215957,3
92581,3
108094,3
93883,3
96865,3
199700,3
502796,3
215958,3
89141,3
74606,3
96825,3
63106,3
235363,3
349553,3
171382,3
99840,3
30090,3
30091,3
96590,3
30092,3
110204,3
325686,3
92006,3
26088,3
183915,3
92007,3
98470,3
94488,3
93507,3
96815,3
89701,3
97135,3
2726,3
92416,3
92417,3
96996,3
28310,3
108793,3
30094,3
338788,3
156055,3
113430,3
96984,3
89888,3
90139,3
95771,3
364876,3
69558,3
215960,3
100320,3
294567,3
331059,3
93680,3
333436,3
83995,3
329069,3
90064,3
90786,3
92547,3
156675,3
98825,1
98825,3
97423,3
98826,3
96989,1
96989,3
99149,1
99149,3
199702,3
94633,3
156056,3
318754,3
30104,3
90483,3
97743,3
95594,3
98655,3
30108,3
380751,3
95541,3
172109,3
222803,3
54370,3
93302,3
93758,3
94304,3
56384,3
95973,3
291736,3
128920,3
92956,3
96421,3
99717,3
128821,3
344137,3
318756,3
313310,3
368339,3
95241,3
98155,3
90940,3
92776,3
110243,3
128523,3
92959,3
313308,3
171385,3
96422,3
99718,3
30118,3
95242,3
90941,3
93326,3
93327,3
94306,3
98374,3
80746,3
92286,3
94094,3
96892,3
99370,3
99371,3
171384,3
91795,3
95200,3
96052,3
92747,3
332289,3
369951,3
89664,3
215965,3
41809,3
98916,3
98917,3
90906,3
43704,3
30124,3
174537,3
87953,3
91936,3
275819,3
112724,3
318742,3
30126,3
368350,3
99643,3
30127,3
349554,3
358129,3
87951,3
254833,3
95684,3
95684,1
358130,3
168757,3
328518,3
93008,3
96325,3
199704,3
146669,3
199705,3
177086,3
235364,3
174539,3
99109,3
113431,3
95840,3
156558,3
380755,3
34149,3
30130,3
92348,3
103114,3
98294,3
94581,3
275821,3
325689,3
30133,3
73232,3
29881,3
318743,3
380744,3
364871,3
349555,3
174542,3
95329,3
90959,3
89988,3
313309,3
313309,1
95745,3
199706,3
143914,3
364872,3
291734,3
313307,3
304848,3
91940,3
98959,3
288661,3
2740,3
2740,1
91806,3
91806,1
364877,3
333440,3
218395,3
91568,3
30138,3
92658,3
173137,3
98097,3
108310,3
30139,3
380747,3
174544,3
388812,1
388809,1
388813,1
357440,1
152009,1
96793,3
107585,1
522738,1
522442,1
521975,1
522469,1
522290,1
522294,1
522482,1
280891,1
327503,1
327501,1
40908,3
40908,1
99367,3
240552,3
240555,3
221898,3
504377,3
219678,3
281268,3
286105,3
219310,3
273917,3
300322,3
308452,3
308451,3
369168,3
254786,3
375154,3
163137,3
369166,3
379589,3
221902,3
221903,3
336357,3
297739,3
326224,3
336356,3
369165,3
326223,3
163136,3
163136,1
352433,3
316842,3
268823,3
268823,1
384333,1
107891,1
261428,1
107908,1
28025,1
28025,3
341360,3
341360,1
273287,1
273287,3
87915,1
87915,3
27671,1
27671,3
353071,1
337067,1
337066,1
337064,1
343221,1
186536,1
368047,1
368047,3
327494,1
82106,3
225851,3
522764,3
126713,1
90488,1
66264,1
72784,1
19198,1
19193,3
46876,3
97250,2
258231,3
258231,2
229682,3
229682,2
341944,3
341944,2
312906,3
341946,3
341946,2
308859,3
341960,3
341960,2
355332,3
355332,2
371666,3
371666,2
309523,3
325264,3
308855,3
308855,2
525645,3
355321,3
355321,2
350202,3
350202,2
289573,3
71779,3
71779,2
76725,3
76725,2
355326,3
368300,3
357552,3
349633,3
349633,2
349626,3
349626,2
158374,3
355339,3
355339,2
355318,3
355318,2
221885,3
221885,2
274899,3
274899,2
250042,3
312904,3
312904,2
363021,3
363021,2
250036,3
250036,2
66068,3
66068,2
365747,3
365747,2
299982,3
19181,3
522459,1
193708,3
67816,1
67816,3
285299,3
285299,1
263239,3
263239,1
220461,3
220461,1
161989,3
161989,1
72972,3
72972,1
19068,3
19068,1
61504,3
103197,3
371585,1
355307,3
518024,3
518024,1
518085,3
518085,1
518056,3
518056,1
43996,3
43996,1
161880,3
161880,1
517959,3
517959,1
517958,1
293124,1
250182,3
136283,3
161851,3
296630,3
316657,3
210259,3
170434,3
86875,3
273143,3
46676,3
126215,3
46675,3
205107,3
135273,3
70458,3
19014,3
76488,3
98441,3
19008,3
63161,2
335672,3
86865,3
94767,3
89968,3
189974,3
240757,3
145711,3
86866,3
179141,3
250799,3
250792,3
250787,3
99231,3
179134,3
101003,3
179860,3
511991,3
194766,3
153090,3
58399,3
71784,3
153168,3
18997,3
517195,3
134176,3
89010,3
84633,3
84633,1
101000,3
196714,3
116324,3
154103,3
350498,3
124826,3
95508,3
344816,3
64837,3
521888,3
212174,3
170745,3
511892,3
126347,3
63149,3
522978,3
154102,3
137825,3
124825,3
88361,3
70708,3
18990,3
255279,3
18984,3
350032,3
307071,3
307070,3
361462,3
368298,3
72196,3
368299,3
368297,3
115835,3
65636,3
154284,3
77261,3
180769,3
58813,3
360527,3
75202,3
181728,3
522091,3
78952,3
90071,3
57521,3
215141,3
361461,3
87702,3
369585,3
218941,3
103883,3
250801,3
75201,3
53467,3
114434,3
59001,3
87746,3
48280,3
49753,3
179144,3
180772,3
42380,3
151830,3
66524,3
52163,3
115445,3
77695,3
73894,3
54628,3
82840,3
83510,3
77516,3
305924,3
305923,3
83141,3
189297,3
93180,3
171495,3
180774,3
116169,3
78489,3
67743,3
83792,3
310598,3
83544,3
181401,3
134164,3
105016,3
74573,3
51395,3
85632,3
322455,3
82434,3
54457,3
237633,3
62074,3
85646,3
68902,3
169180,3
55414,3
215145,3
52505,3
292891,3
45267,3
58835,3
196597,3
152134,3
347333,3
226684,3
62930,3
338986,3
285545,3
72527,3
114433,3
171701,3
98763,3
49139,3
337084,3
49138,3
46066,3
115448,3
215146,3
62773,3
179138,3
43881,3
86348,3
377089,3
371128,3
126334,3
59281,3
363820,3
180765,3
25541,3
43898,3
48648,3
68664,3
179136,3
66422,3
82410,3
69362,3
179143,3
43639,3
83171,3
87093,3
180755,3
84349,3
161845,3
161845,1
297682,3
297682,1
343937,3
359198,3
343741,3
303215,3
303215,1
366742,3
506481,3
124692,1
18872,1
194789,3
115759,3
18867,1
64939,3
64939,1
357490,3
65955,3
65955,1
374400,3
376807,3
254395,3
254395,1
117504,3
117504,1
103959,3
103959,1
368296,3
368296,1
357514,3
67204,3
67204,1
238234,3
238234,1
49283,3
49283,1
42646,3
42646,1
74788,3
74788,1
505872,3
60926,1
506521,3
43272,1
71320,1
18858,1
506475,3
506475,1
388412,3
388412,1
388261,3
528950,3
506487,3
506462,1
506311,1
384765,3
384765,1
511372,3
511315,3
296874,3
330429,3
330430,3
225809,3
366839,3
506379,3
506379,1
388366,3
388366,1
55814,3
49815,3
18839,3
351504,3
109601,1
18837,3
64938,1
115772,3
115772,1
18832,1
505854,3
505854,1
506164,3
506164,1
506018,3
506018,1
505911,3
506367,3
506367,1
83727,1
129310,1
64913,3
51477,3
48808,1
56728,3
96980,1
225808,3
225807,3
225806,1
63043,1
361310,3
361310,1
361308,3
361308,1
360625,3
360625,1
380567,3
380567,1
361306,3
361306,1
361304,3
361304,1
360668,3
360668,1
506454,3
505774,3
505774,1
78462,3
388397,3
388397,1
506368,1
99557,3
18823,3
221403,3
221403,1
298525,3
505790,3
505790,1
361311,3
361311,1
361309,3
361309,1
360622,3
360622,1
361307,3
361307,1
361305,3
361305,1
360955,3
360955,1
358104,3
358104,1
505957,3
505957,1
506239,3
506303,3
506303,1
18822,3
18822,1
237209,3
237209,1
226863,3
226863,1
124953,3
124953,1
506029,3
506029,1
380566,3
380566,1
221262,3
221262,1
297683,1
297683,3
361560,3
361560,1
508299,3
89457,3
89457,1
18798,1
168201,1
245493,1
142504,1
226332,1
211145,1
212030,1
90055,1
237207,1
209586,1
50090,1
245487,1
18781,3
18781,1
101499,1
20148,3
20148,1
217216,3
217216,1
18780,3
18780,1
18779,1
18713,3
20668,3
18637,3
207831,3
116170,3
116170,1
166725,3
166725,1
281448,3
281448,1
298447,3
298447,1
310920,3
310920,1
18608,3
18608,1
297887,3
297887,1
353592,3
382769,3
353590,3
501170,1
70768,1
273491,1
18556,1
49771,1
20411,1
18529,1
375814,1
18519,1
237248,1
239118,1
194048,1
92264,1
18518,1
18503,1
114819,1
18501,1
41514,1
265875,1
84249,1
74071,1
18484,1
18480,1
18479,1
273058,1
308723,1
110307,1
287151,1
18456,3
18456,2
18448,3
18448,2
33255,3
33255,2
80590,3
80590,1
367112,3
367112,1
343739,1
307948,1
252227,1
335017,1
505715,1
345437,1
83091,3
165349,3
165349,1
98184,3
18408,3
88359,3
77196,3
18404,3
18398,3
18396,3
18394,3
59181,3
140458,3
283276,3
283277,3
109897,3
18388,3
18386,3
18385,3
335826,3
179914,3
172939,3
18382,3
18380,3
59457,3
120677,3
103006,3
18375,3
131010,3
67180,3
347509,3
134743,3
358920,3
124961,3
326027,1
175583,1
88720,3
88720,1
309306,3
309306,1
52266,3
52266,1
374025,3
18364,3
194765,3
286131,3
175814,3
290335,3
227149,3
284152,3
288783,3
270604,3
57628,3
57628,1
135988,3
135988,1
84237,3
84237,1
57773,3
57773,1
115256,3
115256,1
70801,3
84971,3
84971,1
135987,3
108856,3
108856,1
66707,3
57743,3
52224,3
79881,3
79575,3
225741,3
225741,1
62467,3
118459,3
103970,3
305972,3
18298,3
174585,3
71508,3
18297,3
103432,3
269630,3
517641,3
92332,3
304464,3
56226,3
387692,3
152341,3
152341,1
143908,3
299789,3
299789,1
152337,3
152337,1
152335,3
152335,1
152334,3
152334,1
189814,3
189814,1
152331,3
152331,1
152307,3
521236,3
152296,3
152296,1
152292,3
152176,3
152176,1
151223,3
151223,1
152172,3
270602,3
270602,1
188004,3
304461,3
182486,3
135791,3
152156,3
152156,1
126395,3
126395,1
58508,3
51869,3
73414,3
64274,3
350465,3
329353,1
18217,3
18217,2
41875,3
41875,2
274724,3
324428,3
103893,3
274722,3
18215,3
18215,2
93795,3
93795,2
360749,3
219973,3
346481,3
346481,2
361026,3
240574,3
286107,3
101746,3
253778,3
253778,2
166320,3
285628,3
108122,3
176933,3
167275,3
116964,3
249473,3
285941,3
135486,3
162019,3
164066,3
135789,3
380576,3
380576,2
346480,3
135786,3
229381,3
254812,3
182512,3
182512,1
522051,1
73934,3
73934,1
290763,3
290763,1
344844,3
344844,1
62118,3
62118,1
170497,1
521961,1
131387,3
131387,1
517914,1
160707,1
131384,3
131384,1
290515,3
290515,1
140090,3
182319,3
18095,3
18094,3
18094,2
20086,3
43684,3
43684,2
18086,3
18085,3
18085,1
300878,3
76382,3
76382,2
48128,3
48128,1
86378,3
86378,1
43873,3
43873,2
18070,3
358778,3
306012,3
306012,2
512165,3
297418,1
44569,1
50313,1
68045,1
18061,1
128988,1
100971,1
346097,1
346097,3
18056,3
18056,1
344859,1
344859,3
79346,1
106271,3
18049,3
299888,3
115253,3
115253,1
178716,1
131292,1
99568,1
382431,1
114993,1
63558,1
17986,1
94879,1
90755,1
48994,1
17914,3
17913,3
345391,3
345391,1
17909,3
388108,3
17908,3
17907,3
41902,3
71519,3
51590,3
25667,3
128307,3
50830,3
78866,3
92452,3
98135,3
90658,3
340705,3
340806,3
340806,1
354036,3
340088,3
340087,1
340087,3
340500,3
340489,3
340463,3
340425,3
340416,3
340405,3
340373,3
340358,3
340309,3
360472,3
340307,3
340294,3
340291,3
340276,3
341669,3
341668,1
341668,3
340808,3
340808,1
340172,3
354034,3
340147,3
340116,3
340115,3
340114,3
340107,3
340080,3
340075,3
340072,3
340065,3
340065,1
340698,1
340638,3
340637,3
370055,3
368664,3
368664,1
353633,3
353632,3
363776,3
363775,3
354029,3
132289,1
132289,3
168325,3
30314,3
135571,1
139769,1
178632,1
17816,3
308175,1
534825,3
74244,3
199241,3
63429,3
338881,3
58859,3
286925,3
48630,3
308173,1
63428,3
329900,1
281283,3
349096,3
286924,3
316637,3
67179,3
146068,3
63572,3
293001,1
46369,3
374591,3
110125,3
377330,3
79345,3
249432,3
263375,1
263374,1
87138,3
63792,3
63791,3
316633,3
316632,1
300158,3
101511,3
286922,3
195167,3
81519,3
249115,3
329222,1
251110,3
45316,3
523350,1
300157,3
202331,3
57508,3
211418,3
146063,3
113543,3
59349,3
180123,3
146062,3
384829,3
321559,3
325953,3
534425,3
101508,3
329895,3
82930,3
68456,3
318334,3
318334,1
287887,1
287887,3
79454,1
79454,3
132972,1
132972,3
135784,3
135784,1
384758,3
384758,1
326256,3
326256,1
104194,1
104194,3
187003,3
196428,1
196428,3
88835,1
88835,3
47340,1
47340,3
126343,1
126343,3
297023,1
297023,3
325242,3
325242,1
162290,3
162290,1
17777,1
48842,3
48842,1
318645,1
318647,1
318646,1
202740,3
161352,3
134921,1
360525,1
504960,1
202744,1
56579,1
181753,1
169670,3
210716,1
297882,1
27286,1
97400,1
76228,1
84020,1
51313,1
175018,3
202541,3
202541,1
328059,3
328059,1
202542,3
202542,1
204703,3
202450,3
17624,3
85698,3
323980,3
147540,3
364745,3
17589,3
17589,1
367928,3
367928,1
17583,3
17583,1
106243,3
88994,3
62264,3
51164,3
72754,3
17470,1
17467,3
272003,3
181712,3
86055,3
522896,1
79951,1
298269,3
298269,2
66522,1
47778,1
168625,1
113808,1
267335,1
220531,3
220531,2
41991,3
41991,2
98877,3
98877,2
118421,3
118421,2
118423,3
118423,2
118560,3
119029,3
82308,3
82308,2
178360,1
100958,2
100958,3
317540,2
317540,3
17386,2
17386,3
241521,3
17384,1
17383,3
41983,3
47577,1
50141,1
320216,3
215235,3
79271,1
83937,3
83937,2
240771,1
79468,1
127494,1
103420,1
62607,1
53945,1
85251,3
283630,1
372644,1
67522,3
67522,1
17356,1
17353,3
17353,1
93432,3
93432,1
293122,3
293122,1
78146,3
78146,1
47504,3
47504,1
104993,3
104993,1
59446,3
59446,1
117393,3
117393,1
74210,3
74210,1
61443,3
61443,1
81298,3
81298,1
293123,1
85250,1
71999,1
17348,1
254068,1
225607,3
225607,1
225606,3
225606,1
225605,3
225605,1
225604,3
225604,1
90566,3
90566,1
518003,1
518082,1
293120,1
518053,3
319313,1
174582,3
174582,1
17321,3
17321,1
293135,3
293135,1
344300,3
344300,1
55507,1
24419,3
24419,1
146859,3
120556,3
120555,3
308131,3
74599,1
525825,3
525825,1
297886,3
297886,1
353568,1
87428,1
17266,1
82026,1
121207,1
17235,1
77975,1
207983,3
207983,1
133131,1
120646,1
371161,1
17203,3
17203,1
327543,3
327543,1
86715,3
86715,1
371011,1
77856,1
94165,1
72377,1
128876,1
17182,1
42726,1
205691,1
62018,1
93198,1
75531,1
17157,1
17153,1
50545,1
17149,1
97587,1
152110,1
17118,1
124576,1
124574,1
17114,1
17104,1
87044,1
98573,1
57436,1
96682,1
17092,1
72048,1
60581,1
225592,1
63843,1
178344,1
517895,1
17074,1
517896,1
50164,1
70991,1
384043,1
384032,1
150390,1
53273,1
61301,1
202984,1
52458,1
74572,1
373902,1
164603,1
368122,1
45147,1
60564,1
44421,1
44420,1
87707,1
51281,1
48269,1
46995,1
54400,1
62285,1
84497,1
66496,1
521144,1
288049,1
62258,1
75477,1
240870,1
55746,1
374086,1
373891,1
211997,1
57185,1
17064,1
211996,1
521565,1
99170,1
521552,1
81913,1
65810,1
521255,1
76947,1
80664,1
517898,1
70232,1
84599,1
70884,1
72649,1
82446,1
52394,1
112199,1
93245,1
58563,1
116068,1
80057,1
46538,1
44734,1
96376,1
49611,1
56589,1
53638,1
155089,1
48789,1
57726,1
171640,1
128520,1
61630,1
64383,1
82406,1
63693,1
212028,1
254377,1
211982,1
382846,1
170592,1
517897,1
299871,1
127565,1
130273,1
86893,1
79931,1
59385,1
53723,1
86190,1
42296,1
58641,1
521593,1
68153,1
76700,1
74195,1
84142,1
517548,1
517440,1
517428,1
521517,1
518820,1
520242,1
285690,3
105291,3
87252,1
16987,1
236190,1
62900,1
171221,1
194597,1
81234,1
115770,1
240246,1
256708,1
256701,1
275636,1
298744,1
53107,1
307867,1
225585,1
319882,1
256365,1
299731,1
378651,1
378652,1
61032,1
17012,1
87456,1
17011,1
381074,3
381074,1
381073,3
381073,1
524586,1
55568,1
524734,1
317537,1
275631,1
212026,1
246450,1
67610,1
108478,1
70381,1
69009,1
284873,1
43322,1
17003,1
299735,1
257334,1
85738,1
83564,1
16991,1
65192,1
96517,1
63213,1
528767,1
114372,1
56214,1
344298,1
524691,1
73068,1
528846,1
367522,1
344296,1
197118,1
514608,1
387713,1
218437,3
226374,1
345457,1
16983,1
16984,1
194810,1
176831,1
301917,1
16980,1
78424,1
117388,1
101944,1
256684,1
16977,1
23853,1
62329,1
512579,1
60015,1
51189,1
16971,1
506699,1
16969,1
59031,1
74122,1
64035,1
263542,1
526449,1
77150,1
118399,1
60115,1
72623,1
16949,1
118592,1
100951,1
235090,1
235091,1
16942,1
178822,1
178821,3
178821,1
524589,1
73168,1
301915,1
16935,1
241859,1
54661,1
170466,1
53106,1
105081,1
84741,1
16930,3
110493,1
63084,1
87189,1
115246,3
115246,1
301914,1
81892,1
63449,1
16923,1
288028,1
198953,1
505476,1
151061,1
95051,1
346814,1
505470,1
51524,1
171014,1
318870,1
113333,1
504640,1
300127,1
240891,1
246478,1
525255,1
387385,1
505473,1
336182,1
202846,1
362399,3
368910,3
94750,3
94751,3
93831,3
30142,3
99614,3
342348,3
199707,3
91222,3
349558,3
90246,3
358125,3
92890,3
183790,3
215967,3
93393,3
250650,3
30146,3
2742,3
215968,3
168758,3
29904,3
73820,3
73287,3
166025,3
30149,3
91502,3
91502,1
89239,3
94876,3
96697,3
94073,3
100057,3
89413,3
218396,3
368911,3
30152,3
199709,3
99239,3
30154,3
91503,3
89240,3
94877,3
112725,3
92879,3
94074,3
96698,3
30155,3
258364,3
96201,3
65503,3
68164,3
170417,3
87954,3
96752,3
172108,3
90000,3
84390,3
215969,3
89076,3
89076,1
92163,3
191558,3
368912,3
79708,3
94367,3
338713,3
174546,3
30166,3
91548,3
30168,3
174547,3
29933,1
30170,3
341982,3
89764,3
98919,3
92558,3
64726,3
96704,3
99763,3
90258,3
96489,3
113432,3
29942,3
180694,3
92176,3
77783,3
89332,3
192911,3
313313,3
307085,3
29945,3
30184,3
96349,3
98744,3
98745,3
236392,3
30178,3
89213,3
174548,3
96157,3
368913,3
100007,3
128822,3
358131,3
29956,3
93806,3
172112,3
99821,3
99821,1
99822,3
91097,3
380752,3
215972,3
287109,3
130093,3
29965,3
43788,3
96788,3
30187,3
96789,3
98554,3
93075,3
192912,3
380743,3
333438,3
30189,3
307084,3
30190,3
99301,3
89350,3
29969,3
89582,3
313317,3
87955,3
92531,3
164221,3
304851,3
313319,3
108376,3
325687,3
304850,3
30197,3
98331,3
183914,3
192913,3
94334,3
174550,3
93724,3
388785,3
294568,3
349557,3
89077,3
97285,3
30201,3
242732,3
168759,3
97367,3
192915,3
99814,3
94724,3
92272,3
349560,3
192917,3
174551,3
313320,3
108756,3
99426,3
313318,3
97368,3
30204,3
336368,3
89505,3
92183,3
99815,3
291735,3
29991,3
110060,3
174552,3
174553,3
218397,3
94726,3
90380,3
94725,3
130094,3
95013,3
89651,3
95885,3
29998,3
93690,3
318757,3
30000,3
168760,3
87960,3
98465,3
91069,3
174554,3
291739,3
171387,3
60793,3
97784,3
96037,3
215975,3
76868,3
93606,3
199714,3
91581,3
95095,3
93626,3
92333,3
117716,3
117716,1
94821,3
94821,1
30214,3
30214,1
30019,3
30019,1
172113,3
30216,3
174555,3
92372,3
92372,1
215979,3
235365,3
30218,3
109636,3
215981,3
199717,3
99055,3
291737,3
318758,3
318759,3
215984,3
103795,3
110560,3
25656,3
345415,3
130095,3
96812,3
30221,3
93084,3
97966,3
93636,3
94616,3
95371,3
30224,3
91450,3
95530,3
92593,3
102332,3
191559,3
180696,3
99115,3
52130,3
364874,3
318741,3
358124,3
275817,3
303225,3
358123,3
275820,3
358122,3
44845,3
255987,3
255987,1
98411,3
173136,3
166012,3
96199,3
114426,3
71808,3
98647,3
173095,3
206412,2
206413,2
270622,2
206414,2
28282,2
95570,2
2801,2
2803,2
176253,2
2805,2
73678,2
206416,2
97658,2
206417,2
206418,2
206419,2
117055,3
343887,3
343887,1
108880,3
108880,1
304035,3
304035,1
370888,3
370888,1
2889,3
304036,3
168826,3
298021,3
298021,1
254133,3
254134,3
220594,3
220594,1
220593,3
220593,1
367626,3
503704,3
503704,1
2897,3
2903,3
2903,1
24372,3
24372,1
114489,3
114489,1
102297,3
102297,1
61061,3
61061,1
227429,3
227429,1
75542,3
75542,1
117380,3
117380,1
368905,3
368905,1
333011,3
333011,1
350005,3
350005,1
369288,3
369288,1
104321,3
104321,1
522743,3
522743,1
60800,3
60800,1
56661,3
56661,1
45644,3
45644,1
114490,3
114490,1
28657,3
28657,1
204285,3
204285,1
46543,3
46543,1
67972,3
67972,1
370889,3
370889,1
141217,3
141217,1
2921,3
2921,1
206794,1
92508,3
92508,1
241818,3
241818,1
287311,3
287311,1
309953,3
206795,3
47189,3
47189,1
28682,1
99345,1
28683,1
57221,3
212523,3
60150,3
86402,3
86402,1
28694,3
28694,1
63287,3
63287,1
75775,3
78304,3
83949,3
111692,3
376595,3
256907,3
256909,3
206806,3
25642,3
25642,1
198585,3
198585,1
253928,3
253928,1
345915,3
345915,1
364880,3
364880,1
345916,3
345916,1
71211,3
71211,1
358098,3
358098,1
364891,3
364891,1
372038,3
372038,1
341598,3
341598,1
374514,3
374514,1
370890,3
370890,1
361776,3
52876,3
25482,3
198586,3
170164,3
180962,3
271970,3
175789,3
226981,3
64189,3
315490,3
196234,3
135124,3
138612,3
152126,3
344158,3
271846,3
127963,3
2969,3
260918,1
183826,1
206809,3
25038,1
2986,1
204505,1
204505,3
360290,3
360291,3
360292,3
360294,3
360295,3
360295,2
177932,3
85156,3
370657,1
353579,1
3051,3
3052,3
3054,3
207524,3
207525,3
94085,3
94085,2
3056,2
251220,3
251220,1
212828,3
372916,1
3068,3
3068,1
42449,3
42449,1
195450,3
195450,1
139696,3
139696,1
367812,3
367812,1
222920,3
222920,1
192039,3
192039,1
183698,3
183698,1
237439,3
237439,1
108564,3
108564,1
281170,3
281170,1
262829,3
262829,1
192040,3
192040,1
372917,1
239380,3
239380,1
114492,3
114492,1
194498,3
194498,2
176280,3
176280,1
85773,3
52167,3
52167,1
155788,3
155788,1
281213,3
281213,1
90254,3
90254,1
361729,3
361729,1
28785,3
28785,1
270931,3
270931,1
139091,3
139091,1
193946,3
193946,1
170373,3
170373,1
367524,3
367524,1
95867,3
95867,1
137021,3
137021,1
79429,3
79429,1
80433,3
80433,1
222923,3
222923,1
152286,3
152286,1
109511,3
109511,1
222924,3
222924,1
211803,3
211803,1
195143,3
195143,1
316665,3
316665,1
181267,3
181267,1
151576,3
151576,1
61409,3
61409,1
339919,3
339919,1
337195,3
337195,1
285369,3
285369,1
28788,3
28788,1
66570,3
66570,1
135663,3
135663,1
369289,3
369289,1
361043,3
361043,1
359900,3
359900,1
91307,3
91307,1
152201,3
152201,2
124344,3
124344,1
136123,3
136123,2
171739,3
171739,2
115067,3
115067,2
75063,3
75063,1
48373,3
48373,1
54557,3
54557,1
153263,3
153263,1
45191,3
45191,1
334724,3
334724,1
302850,3
302850,1
345671,3
345671,1
325541,3
325541,1
342437,3
361042,3
361042,1
300949,3
300949,1
121416,3
121416,1
359898,3
359898,1
281494,3
281494,1
52916,3
52916,1
136210,3
136210,1
82225,3
82225,1
207576,3
207576,1
530359,3
530359,1
530360,3
530360,1
530361,3
530361,1
74341,3
74341,2
47388,3
47388,1
177975,3
177975,1
92987,3
170363,3
170363,1
274983,3
274983,1
154070,3
154070,1
151045,3
151045,1
212841,3
212841,1
530368,3
530368,1
207579,2
176638,1
3174,3
299592,3
208332,3
291727,3
97469,3
208406,3
21620,3
308940,1
98105,3
98105,1
216638,3
216638,1
106095,3
106095,1
3210,3
378992,1
175818,3
3322,3
3341,3
120260,3
115947,3
84048,1
28952,1
70109,3
70109,1
307335,3
69034,3
124348,3
350006,3
138616,3
58190,3
118070,3
118070,1
3410,3
3410,1
150050,3
209872,3
89098,1
94987,1
198227,1
29189,1
91879,1
239971,3
239971,1
29196,1
42506,1
29200,1
29202,1
61277,3
3724,3
47694,3
54786,3
154908,3
29212,3
85867,3
182765,3
182765,1
83422,3
83422,1
3742,3
3742,1
136013,3
127005,3
343229,3
185379,3
185379,1
217936,3
217936,1
29241,1
344847,3
344847,1
228959,3
228959,1
138565,3
359225,3
359225,1
214376,3
160813,3
210684,1
211171,1
211365,1
95516,1
3783,1
29268,1
335114,3
335114,1
29275,3
29275,1
132524,3
132524,1
29282,1
222993,1
3791,2
212464,2
88844,3
212465,2
212466,2
212467,2
3793,2
212468,2
212469,2
3825,3
119501,3
29336,3
387737,3
273089,1
515183,3
248247,3
248247,1
336439,3
215575,3
378591,3
287963,3
287963,1
379002,3
379002,1
378590,3
215576,3
379001,3
379001,1
241276,3
241276,1
360243,3
360243,1
385865,3
385865,1
382776,3
382776,1
315647,3
315647,1
127405,3
127405,1
360989,3
360989,1
360277,3
360277,1
211253,3
211253,1
537664,1
4036,1
104508,1
253881,1
4039,1
171979,1
4040,1
4097,3
4112,1
99607,3
240120,3
95199,3
63265,3
63265,1
45210,3
45210,1
4174,3
95960,3
95960,1
4178,3
91650,3
116976,3
116976,1
94636,3
94636,1
529847,3
529847,1
213583,3
4197,3
30265,3
4206,3
213595,3
4212,3
529866,3
67006,3
213598,3
213601,3
116977,3
116977,1
58848,3
4232,3
4232,1
30278,3
30282,3
517163,3
76993,3
529862,3
517202,3
213590,3
213591,3
4237,3
529861,3
30542,3
213640,3
240297,3
115637,3
175834,3
188020,3
213643,3
507343,3
507231,3
507131,3
97131,3
4258,1
176639,3
377798,3
213775,1
4327,3
4327,2
79054,3
254933,3
94800,3
277154,3
92375,3
77635,3
112965,3
72036,3
55040,3
53171,3
147691,3
22932,1
107773,3
107773,1
117706,3
117706,1
361223,3
361223,1
361819,3
361819,1
360278,3
360278,1
245133,3
245133,1
320683,3
320683,1
297329,3
297329,1
291252,3
291252,1
352649,3
352649,1
350007,3
350007,1
125474,3
301959,3
301959,1
297332,3
297332,1
301703,3
301703,1
245126,3
245126,1
285588,3
285588,1
89930,3
89930,1
228294,3
367705,3
367705,1
272618,3
272618,1
359261,3
359261,1
181205,3
181205,1
373771,3
373771,1
352233,3
352233,1
285131,3
285131,1
271885,3
271885,1
301963,3
301963,1
345236,2
345236,1
285381,3
285381,1
237779,3
237779,1
281255,3
281255,1
245128,3
245128,1
285382,3
285382,1
248511,3
248511,1
352239,3
352239,1
49408,3
49408,1
359103,3
359103,1
352235,1
352235,3
359104,3
359104,1
117707,3
117707,1
359102,3
359102,1
254140,3
298390,3
298390,1
364943,3
364943,1
364945,1
112300,3
112300,1
240739,3
240739,1
104467,3
104467,1
364944,3
364944,1
325312,3
325312,1
112331,3
112331,1
364946,1
358923,3
358923,1
361818,3
361818,1
102296,3
102296,1
238472,3
238472,1
272717,3
272717,1
114498,3
114498,1
221252,3
221252,1
68194,3
68194,1
96493,3
96493,1
125059,3
125059,1
348584,3
348584,1
61505,3
61505,1
373770,3
373770,1
81224,3
202553,3
237443,3
237443,1
364951,3
364951,1
249927,3
249927,1
221083,3
221083,1
115079,3
115079,1
256918,3
360313,3
360313,1
130616,3
130615,3
364952,3
364952,1
44554,3
44554,1
182332,3
182332,1
214473,3
214473,1
245131,3
245131,1
245129,3
245129,1
237091,3
237091,1
71026,3
71026,1
106103,3
371953,3
371953,1
243472,3
243472,1
371954,3
371954,1
371955,3
371955,1
256125,3
256125,1
317462,3
317462,1
4370,3
4370,1
250225,3
250225,1
312649,3
238810,3
238810,1
85133,1
253717,3
226841,1
504812,3
110164,3
248515,3
243148,3
299737,3
182179,3
374042,3
219371,3
183329,3
216830,3
101114,1
95201,1
4457,1
238429,3
30691,1
110254,3
4463,3
4463,1
23474,3
138860,3
131185,3
23530,3
367842,3
57103,3
91366,3
384933,3
134634,3
214690,1
101674,3
221912,3
4471,3
4471,1
45244,1
22864,3
22864,1
335605,3
4476,3
53856,3
28401,3
72190,3
72190,1
242408,3
254629,3
272074,3
30695,1
23475,1
226690,1
255374,1
218559,1
238812,3
299739,3
238815,3
68714,1
127891,1
77105,1
95041,1
4490,1
131188,1
168291,1
168306,1
238813,1
223067,1
303598,3
228458,1
112793,1
101679,1
101680,3
4498,1
72885,1
237811,3
364729,3
357586,3
289121,3
240035,3
351291,3
518436,1
4689,2
529553,1
59250,1
30789,1
64534,3
57952,3
212744,1
4712,1
58412,1
327923,1
247492,3
247492,1
327514,3
327514,1
387739,1
269525,1
253328,3
253328,1
253237,3
253237,1
4720,1
247493,1
81368,2
385408,3
385408,1
30791,1
227828,1
370831,3
370831,1
4735,1
66548,1
253063,3
253063,1
4738,1
368948,1
138286,3
138286,1
242023,1
141075,3
141075,1
387599,1
85056,2
284109,1
4789,1
294387,3
345441,3
322456,3
322456,1
309917,3
297381,3
256922,3
322203,3
322203,1
27641,1
91286,1
170391,1
60450,3
61334,3
537151,1
353572,3
353572,1
353573,3
353573,1
386818,3
386818,1
353581,3
353581,1
353519,1
104393,1
132141,1
132142,1
132143,1
132144,1
132132,1
132133,1
132134,1
132135,1
119191,1
119192,1
119193,1
282544,1
5130,1
135468,1
85131,1
152842,1
78756,1
5147,1
101163,1
521708,1
119185,1
142792,1
119186,1
119187,1
119188,1
529612,1
168934,1
124048,1
521650,1
518084,1
368023,1
130552,1
41152,1
23399,1
341630,1
218242,3
5200,1
126391,2
126391,3
360341,3
359605,3
371075,3
337028,3
117068,3
203277,3
317571,3
320312,3
317573,3
359614,3
203275,3
203276,3
249334,3
284510,3
371076,3
91754,3
136751,3
50696,3
49632,3
66514,1
30998,1
62766,3
22782,1
109593,1
68693,3
5236,3
5237,3
205350,2
280823,1
106108,1
31018,1
195618,1
182468,1
228838,1
229490,1
336369,1
331209,1
107696,1
97018,1
69755,1
180699,1
94179,1
97608,1
43478,1
223169,1
112727,1
62150,1
94247,1
31067,1
71667,1
97136,1
91054,1
336906,1
333416,1
318760,1
360838,1
92052,1
215977,1
223171,1
93108,1
93721,1
84197,1
360837,1
199711,1
78802,1
119058,1
215959,1
192919,1
119064,1
218398,1
119065,1
119066,1
119068,1
318583,1
42464,1
387483,1
387484,1
93799,1
387478,1
56904,1
84627,1
91142,1
237591,3
5291,3
66762,3
66762,2
60316,3
114596,3
114596,2
90577,3
206712,3
352667,3
264548,3
312947,3
335805,3
243178,3
5309,3
5346,3
5370,3
322457,1
375946,1
322461,1
371587,1
86658,1
177900,1
121632,3
327500,1
5512,1
5542,1
259134,1
5543,1
5473,1
66532,3
25668,3
79171,3
56890,3
194491,3
194491,1
89726,3
89726,1
288129,1
290272,3
341814,1
344180,1
286117,1
256749,1
359980,3
226587,1
133848,1
71621,1
121935,1
102554,3
102554,1
135431,1
218256,1
68987,3
68987,1
97297,1
162226,1
137485,1
524449,3
524449,1
233471,1
97667,1
121936,1
55125,1
99866,1
77308,1
121937,1
84255,1
45079,1
76842,1
42324,1
94015,1
137487,1
74266,1
54826,1
217857,1
119207,1
98955,1
54284,1
31600,1
98091,1
265815,1
33969,1
299513,1
58872,1
83687,1
130165,1
44412,1
52642,1
73359,1
299183,1
374224,1
132148,1
73360,1
301342,1
119204,1
76201,1
52679,1
242213,1
283677,1
242130,1
220395,1
242215,1
44332,1
374330,1
242126,1
143131,1
143141,1
160515,1
160514,1
103704,1
44333,1
242122,1
278251,3
278251,1
66369,1
339052,1
291859,1
176624,1
68114,1
288906,1
328135,1
242210,1
93943,1
31611,1
344182,1
522747,1
522979,1
73695,1
49675,1
343789,1
274990,1
274991,1
274992,1
49773,1
63917,1
194925,3
194925,1
115406,1
53618,3
53618,1
93086,1
74171,1
204341,1
47715,1
375151,1
281380,1
117044,1
77508,1
90523,1
109613,3
109613,1
197561,3
197561,1
122075,3
122075,1
53279,1
102305,1
85350,1
50650,1
80363,1
96155,1
87815,1
96154,1
58247,1
31638,1
370069,3
370069,1
347359,1
97736,1
92880,1
70968,1
515201,1
243610,1
75265,1
31650,3
31650,1
137504,1
105146,1
96614,1
257323,1
81490,1
60767,1
339944,1
290946,1
94006,1
79717,1
220410,1
153998,1
99260,1
76078,1
219221,1
143134,1
167787,1
56313,1
64640,1
183251,1
66232,1
44489,1
143264,1
121588,1
68547,1
141971,1
60768,1
31681,1
52068,1
525696,1
137931,1
70503,1
57499,1
42564,1
237328,1
93742,1
115010,1
117456,1
136441,1
115006,1
108274,1
109726,1
292857,1
237431,3
92225,1
86108,1
99634,1
167782,1
241872,3
241872,1
172291,1
73091,1
43261,1
67296,1
130296,1
241820,1
298077,1
64230,1
69806,3
69806,1
85453,3
85453,1
217613,1
374232,1
285896,1
66956,1
71502,1
282411,1
93675,1
66813,1
87254,1
128945,1
95976,1
306316,1
177345,1
132149,1
75064,1
344141,1
227128,1
251849,1
83153,1
218001,1
108729,1
119208,1
234187,1
374237,1
65467,1
339945,1
179005,1
124154,1
101701,1
277336,1
75496,1
105298,1
170939,1
163502,1
68020,1
339050,1
46378,1
53805,3
53805,1
532213,1
97674,1
196419,3
196419,1
54416,1
338089,1
276131,1
277333,1
288964,1
318749,1
62385,1
252224,1
53793,1
75761,1
94522,3
94522,1
97723,1
66605,1
92306,1
276164,1
276165,1
288957,1
276128,1
276129,1
276130,1
243228,1
339051,1
277335,1
288653,1
277334,1
301344,3
301344,1
301362,1
321006,1
338092,1
338091,1
346649,1
346651,1
346650,1
346646,1
346645,1
346648,1
346652,1
387010,1
500771,1
378593,1
524256,1
526113,1
102603,1
91106,1
97995,1
294496,1
301359,1
301357,1
301353,1
301355,1
297641,1
344777,1
344778,1
515200,1
344781,1
344783,1
301341,1
507779,1
385321,1
344776,1
217614,1
137503,1
177349,1
105300,1
378592,1
231518,1
321007,1
237643,1
301361,1
137500,1
265814,1
532633,1
242216,1
301352,1
517393,1
338090,1
258532,1
243614,3
243614,1
517446,1
288995,1
237644,1
288648,1
317125,1
177256,1
176025,1
344779,1
526203,1
289771,1
242209,1
369290,3
369290,1
273606,1
288951,1
344780,1
300473,1
320225,1
500874,1
143132,1
283673,1
300474,1
328134,1
242957,1
318704,1
301354,1
289770,1
301356,1
301358,1
254510,1
301343,3
301343,1
278249,1
326844,1
344782,1
273607,1
293587,1
306602,1
347358,1
314450,1
369952,1
190976,3
190976,1
278253,3
278253,1
150934,1
139586,1
31541,1
5697,1
31547,1
5704,1
237093,1
293759,1
5711,1
181960,1
93620,1
168892,1
74131,1
115908,1
112153,1
31551,1
151341,1
42929,1
5722,1
76557,1
94005,1
301000,1
5727,1
293493,1
5729,1
5730,1
42914,1
171376,1
31562,1
21602,1
5734,1
271851,1
190129,1
19962,1
5739,1
30461,1
5743,1
218508,1
95396,3
95396,1
270558,3
80492,3
529090,3
368802,3
383650,3
383651,3
109923,3
102221,3
68989,3
131218,3
57057,3
111165,3
69898,3
86353,3
89132,3
67430,3
5755,3
98721,3
92457,3
48167,3
108305,3
159486,3
159486,1
337956,3
377009,3
308666,3
91505,3
108100,3
91263,3
334468,3
306845,3
374711,3
5757,3
110356,3
153685,3
31752,3
163302,3
179322,3
5759,3
81774,3
5763,3
5765,3
335308,3
335309,3
293040,3
293040,2
55571,3
55571,2
281490,3
281490,1
166443,3
166443,2
50756,3
50756,2
90247,3
90247,2
94120,3
387410,3
198594,3
44562,3
74561,3
42544,3
42544,2
31760,3
5771,3
316520,3
103691,3
43947,3
82312,3
115857,3
115857,2
167945,3
167945,2
253166,3
253166,2
97424,3
88548,3
23341,1
5835,3
5835,1
31796,1
297518,3
297518,1
302802,3
302802,1
293365,3
293365,1
31805,3
31805,1
536985,1
537011,1
537304,1
536959,1
537010,1
537287,1
537359,1
531133,1
529948,1
5888,1
537103,1
537032,1
530935,1
529996,1
529990,1
529989,1
530936,1
326682,3
326682,2
158441,3
158441,1
303828,3
70567,3
219228,3
249616,3
29272,3
218423,3
209005,3
317234,3
74280,3
5989,3
310118,3
135366,3
183253,3
47521,3
21108,3
6006,3
6008,3
72943,3
45740,3
525874,3
218569,3
169582,3
117519,3
31851,3
180344,3
76398,3
58478,3
118142,3
25060,3
20683,3
290823,3
367730,3
103146,3
87536,3
24700,3
231320,3
279733,3
298098,3
170646,1
64330,1
6133,2
114996,3
114996,2
150811,3
150811,2
78543,3
78543,2
6139,3
6139,2
296102,2
51581,2
522656,3
522656,1
195632,3
307418,3
145998,3
145998,1
158512,3
61646,3
525410,1
389092,1
240471,3
374906,3
189838,1
117272,1
226328,1
46948,1
46948,3
314101,1
64829,1
64829,3
517287,1
380623,1
534829,1
268564,1
240478,3
240478,1
6230,1
200188,1
200188,3
103614,1
103614,3
522974,1
517091,1
517092,1
518276,1
519010,1
519979,1
6243,1
268574,1
377739,1
377740,1
76835,1
296469,1
140034,1
226329,1
187830,1
187830,3
6229,1
104387,1
345342,1
525795,1
254610,1
364439,1
511669,1
349539,1
526447,1
336462,1
506626,1
345343,1
525484,1
336466,1
316737,1
353807,1
365024,1
377074,1
256620,1
522922,1
374394,1
384497,1
382805,1
385347,1
514313,1
526092,1
532796,1
361424,1
526269,1
530332,1
525904,1
526152,1
525718,1
525806,1
526095,1
530333,1
345324,1
371265,1
315330,1
342449,1
357381,1
506688,1
371273,1
331257,1
362015,1
359663,1
362017,1
511584,1
371266,1
345326,1
371267,1
533205,1
349534,1
326338,1
345347,1
511696,1
505288,1
505289,1
505290,1
371268,1
511680,1
352084,1
521214,1
525998,1
535853,1
536248,1
505284,1
507868,1
507866,1
371274,1
535899,1
511339,1
377076,1
505287,1
528879,1
355908,1
535918,1
505299,1
517424,1
514312,1
525497,1
531291,1
361425,1
505304,1
352314,1
505286,1
306250,1
374124,1
533305,1
526006,1
505308,1
536737,1
505300,1
521458,1
342448,1
518025,1
528907,1
517787,1
517993,1
519700,1
521728,1
521408,1
368684,1
525821,1
360226,1
521557,1
521178,1
521330,1
521094,1
530331,1
530330,1
505309,1
512640,1
525878,1
349703,1
356008,1
271270,1
271106,1
269585,1
296675,1
303249,1
271107,1
301459,1
206881,1
249880,1
285393,1
527663,1
371275,1
285394,1
343473,1
359665,1
317252,1
380868,1
349702,1
505305,1
369358,1
527013,1
298719,1
274595,1
372474,1
372473,1
372472,1
119919,1
32023,1
261430,1
41202,1
301831,1
528806,1
193426,1
220216,3
125571,3
256108,3
280171,3
139006,3
180027,3
321697,3
92123,3
256110,3
278313,3
255455,3
107040,3
316315,3
323061,3
125990,3
269665,3
298030,3
370753,3
299497,3
194718,3
182123,3
517262,3
357530,3
42160,3
382781,3
313940,3
314387,3
344142,3
47797,3
256111,3
370752,3
197261,3
40954,3
40954,1
304656,3
6480,3
32068,3
124117,3
124118,3
166894,3
6483,3
6483,1
233223,3
41313,3
116857,3
138541,3
136019,3
150424,3
124120,3
168647,3
6486,3
368155,3
304624,3
155009,3
304628,3
195962,3
197875,3
60287,3
138266,3
168648,3
375213,3
275892,3
180028,3
169660,3
179895,3
97119,3
129081,3
226721,3
33977,3
32073,3
90367,3
140818,3
56041,3
180964,3
349449,3
32072,3
138543,3
40956,3
142064,3
142064,1
63809,3
223352,3
223352,1
138545,3
170118,3
114352,3
114353,3
6491,3
6492,3
97838,3
83268,3
125574,3
124123,3
114354,3
6494,3
302098,3
124124,3
336922,3
336922,1
104580,3
41317,3
41317,1
85119,3
85119,1
197958,3
150427,3
107041,3
93397,3
304638,3
168652,3
93073,3
93073,1
256757,3
99349,3
99350,3
99350,1
93404,3
259353,3
94565,3
6501,3
6501,1
169662,3
101552,1
286585,3
258248,3
96311,3
96311,1
90106,3
90106,1
99427,1
94691,3
94691,1
350602,3
350602,1
96359,3
96359,1
307093,3
307093,1
352289,3
352289,1
66499,1
66499,3
98999,3
98999,1
89392,3
89392,1
307705,3
307705,1
336371,3
336371,1
89925,3
89925,1
218399,3
218399,1
97053,3
97053,1
293430,3
293430,1
89393,3
89393,1
72415,3
72415,1
49687,3
49687,1
173097,3
173097,1
94783,3
94783,1
66531,3
66531,1
96573,3
96573,1
100322,3
100322,1
58874,3
58874,1
89384,3
89384,1
57159,3
57159,1
67703,1
108627,3
108627,1
308094,3
308094,1
93480,3
93480,1
350603,3
350603,1
100113,3
100113,1
98273,3
98273,1
94489,3
94489,1
96443,3
96443,1
96444,3
96444,1
100088,3
100088,1
96352,3
96352,1
98778,3
98778,1
64317,3
64317,1
90911,3
90911,1
56955,3
56955,1
89039,3
89039,1
92063,3
92063,1
95438,3
95438,1
77329,3
77329,1
345419,3
345419,1
345420,3
345420,1
328521,1
49889,3
49889,1
89390,3
89390,1
71569,3
71569,1
97351,3
97351,1
90949,3
90949,1
97724,3
97724,1
97725,3
97725,1
94108,3
94108,1
96180,3
96180,1
128826,3
128826,1
317158,3
317158,1
128922,3
128922,1
99465,3
99465,1
69799,3
69799,1
111202,3
111202,1
174094,3
174094,1
103905,3
103905,1
76113,3
76113,1
90091,3
90091,1
47432,3
47432,1
68273,3
68273,1
53538,3
53538,1
47262,3
47262,1
99707,3
99707,1
365985,3
365985,1
89389,3
89389,1
104945,3
104945,1
72414,3
72414,1
99737,3
99737,1
47571,3
47571,1
91931,3
91931,1
128921,3
128921,1
93455,3
93455,1
128824,3
128824,1
91837,3
91837,1
96972,3
96972,1
95221,3
95221,1
293229,1
293229,3
192922,3
192922,1
95542,3
95542,1
98452,3
98452,1
337336,1
231432,3
231432,1
51768,1
95543,3
95543,1
96965,1
96965,3
98453,3
98453,1
93754,1
93754,3
34148,3
98070,3
98070,1
98978,3
98978,1
291745,3
291745,1
97317,3
97317,1
42086,3
42086,1
324238,3
338791,3
91181,3
59819,3
121293,1
128828,1
318761,1
368394,1
368395,1
368398,1
368400,1
6682,3
100324,3
100324,1
99902,3
96656,3
6690,3
6690,1
58721,3
58721,1
32458,3
32458,1
32447,1
90516,3
90516,1
50783,3
50783,1
96440,3
96440,1
98066,3
98066,1
349701,3
349701,1
369950,3
369950,1
84807,3
84807,1
183791,3
183791,1
321513,3
321513,1
92629,3
92629,1
199708,3
199708,1
199716,3
199716,1
192927,3
192927,1
328179,3
51335,3
90130,3
317865,3
96655,3
97557,3
97557,1
90600,3
90600,1
100325,3
100325,1
108904,3
108904,1
97928,3
97928,1
112154,3
112154,1
98832,3
98832,1
99416,1
323374,3
326564,3
263575,1
150286,3
41997,3
322020,1
334654,1
221090,1
163026,1
114524,1
122440,1
77925,1
504993,1
343736,1
32544,1
153207,1
124851,1
6763,1
121981,1
6767,1
25696,1
186949,1
178717,1
32527,1
6770,1
243420,1
81302,1
98735,1
32535,1
163751,1
58992,1
51715,1
180073,1
171035,1
32561,1
301274,1
133838,1
6780,1
525977,1
73759,1
135671,1
134738,1
207545,1
228067,1
114505,1
104003,1
248909,1
387005,1
81895,1
372772,1
529565,1
334052,1
181329,1
152161,1
91465,1
343790,1
183486,1
66150,1
99467,1
199218,1
272173,1
309921,1
229797,1
523299,1
298442,1
170182,1
81483,1
6799,1
31407,1
22228,1
232496,1
505062,2
522568,3
522568,2
505061,3
505061,2
311032,3
253644,3
46666,3
48980,3
87806,3
514316,3
6819,3
130791,3
283871,3
6829,3
25061,3
6830,3
6830,1
234386,3
65437,3
102443,3
344071,3
344071,1
339350,3
339351,3
301055,1
255398,1
63542,3
63542,1
273781,1
359185,3
359186,3
170395,1
181701,1
32653,3
32653,1
231327,3
231327,1
6919,3
6919,1
63685,3
63685,1
368689,3
368689,1
367947,1
326792,3
326792,1
125710,3
125710,1
154668,3
154668,1
6925,3
6925,1
183592,1
226170,1
84672,3
84672,1
231324,1
374126,3
374126,1
140097,1
211195,1
202678,3
202678,1
222349,1
253745,1
530584,3
530584,1
278293,1
222350,1
135873,1
7037,3
383325,1
32725,3
32725,1
211196,3
211196,1
332113,1
332103,3
332103,1
332115,1
332109,3
332109,1
176926,3
176926,1
296819,3
296819,1
115159,1
245183,1
93910,3
93910,1
24037,1
105713,1
191857,3
191857,1
105714,1
46564,3
46564,1
90038,1
137530,1
84330,1
75331,1
44239,1
7087,3
7087,1
90919,1
253744,1
226441,1
336813,1
254027,1
340801,3
340801,1
340802,3
340802,1
340641,3
340641,1
284119,3
7156,1
28157,1
271363,1
74322,3
74322,1
52187,1
112608,3
112608,1
102420,3
102420,1
359845,1
312319,3
312319,1
104179,3
104179,1
102492,3
102492,1
367740,3
367740,1
102218,1
114508,1
83461,3
83461,1
298840,3
298840,1
56971,1
7181,3
7181,1
7185,3
7185,1
7186,3
7186,1
193948,1
7189,1
158810,1
158812,1
166395,1
71782,3
71782,1
32847,3
32847,1
60545,1
81086,1
337112,3
260686,3
130014,3
327831,3
327831,1
60350,3
60350,2
84077,3
7229,3
106126,3
334691,3
335252,3
7350,1
7350,3
129118,1
7366,1
92033,3
92033,1
68895,3
68895,1
52663,3
52663,1
95612,3
95612,1
315010,3
315010,1
526155,3
526155,1
91659,3
91659,1
58192,3
58192,1
87553,3
87553,1
58966,3
58966,1
57923,3
57923,1
349407,3
349407,1
373513,3
373513,1
349408,3
349408,1
349409,3
349409,1
137543,3
137543,1
349410,3
349410,1
349411,3
349411,1
349412,3
349412,1
111132,3
111132,1
347729,3
347729,1
373048,3
373048,1
378722,3
378722,1
78581,3
78581,1
350079,3
526440,3
526440,1
43733,3
43733,1
94698,3
94698,1
222063,3
222063,1
52706,3
52706,1
96050,3
96050,1
297211,3
297211,1
89195,3
89195,1
315645,3
315645,1
55925,3
55925,1
77918,3
93761,3
93761,1
79077,3
79077,1
58472,3
58472,1
54840,3
54840,1
170842,3
170842,1
46584,3
46584,1
69779,3
69779,1
54108,3
54108,1
242943,3
242943,1
75745,3
75745,1
102401,3
102401,1
342505,3
342505,1
91281,3
91281,1
240390,3
240390,1
353422,3
353422,1
74781,3
74781,1
59920,3
59920,1
93220,3
93220,1
182217,3
96835,3
96835,1
90117,3
66475,3
66475,1
526295,3
526295,1
43622,3
43622,1
105183,3
105183,1
33165,3
33165,1
58074,3
58074,1
167401,3
167401,1
281160,3
281160,1
258243,3
109725,3
109725,1
55619,3
55619,1
296203,3
296203,1
363837,3
363837,1
537774,3
537774,1
46895,3
46895,1
57999,3
526177,3
526177,1
92175,3
92175,1
80012,3
80012,1
297208,1
297208,3
50721,3
50721,1
121563,3
121563,1
91335,3
91335,1
47285,3
47285,1
47369,3
47369,1
197402,3
197402,1
96102,3
96102,1
46211,3
46211,1
98426,3
98426,1
96891,3
96891,1
82921,3
82921,1
97727,3
97727,1
282440,3
282440,1
333499,3
333499,1
111320,3
111320,1
95225,3
95225,1
69721,3
69721,1
66948,3
66948,1
353416,3
353416,1
302407,3
302407,1
48359,3
48359,1
68300,3
68300,1
526401,3
526401,1
94533,3
94533,1
96820,3
96820,1
93998,1
93998,3
536375,3
536375,1
113630,3
76520,3
76520,1
50392,3
50392,1
57739,3
57739,1
192398,3
336561,3
94815,3
94815,1
364191,3
364191,1
180399,3
180399,1
83233,3
83233,1
281607,3
281607,1
69561,3
69561,1
315046,3
315046,1
103039,3
103039,1
93025,3
93025,1
75041,3
75041,1
98670,3
98670,1
114929,3
114929,1
353430,3
353430,1
99706,3
99706,1
72933,3
72933,1
353431,3
353431,1
57244,3
57244,1
353418,3
353418,1
136119,3
136119,1
305948,3
305948,1
49061,3
49061,1
281609,3
281609,1
82831,3
82831,1
92240,3
92240,1
154823,3
154823,1
99346,3
99346,1
33318,3
33318,1
170859,3
170860,3
250589,3
250589,1
183460,3
183460,1
78393,3
78393,1
310477,3
310477,1
351302,3
351302,1
517291,3
517291,1
537872,3
537872,1
348093,3
348093,1
376951,3
376951,1
120473,3
120473,1
296648,1
62589,3
62589,1
245746,1
77754,1
152474,1
334783,1
33344,1
114513,1
368691,3
368691,1
82034,1
284965,1
234000,1
114011,1
365044,1
219996,1
234001,1
370912,1
345599,3
345599,1
360384,3
360384,1
350935,1
216755,3
216755,1
315577,3
315577,1
189957,3
189957,1
517462,3
367748,3
367748,1
138569,3
138569,1
7541,3
7541,1
93563,3
93563,1
139573,3
139573,1
90288,3
90288,1
130972,3
130972,1
90567,3
90567,1
156170,3
156170,1
358784,3
358784,1
278065,3
278065,1
227495,3
227495,1
306372,3
306372,1
126693,3
126693,1
315581,3
315581,1
90289,3
90289,1
306374,3
306374,1
350675,3
350675,1
278066,3
278066,1
99575,3
99575,1
99576,3
99576,1
126694,3
126694,1
131250,3
131250,1
335837,3
335837,1
184348,3
184348,1
169452,3
169452,1
97864,3
97864,1
7542,3
7542,1
232648,3
232648,1
7543,3
7543,1
223607,3
223607,1
291695,3
291695,1
241374,3
241374,1
194558,3
194558,1
138568,3
138568,1
93935,3
93935,1
208025,3
208025,1
241133,3
241133,1
30456,3
30456,1
517726,3
350650,3
350650,1
30358,3
30358,1
97886,3
97886,1
119792,3
119792,1
97188,3
97188,1
343514,3
343514,1
136448,3
136448,1
119800,3
119800,1
517414,3
92400,3
92400,1
311952,3
311952,1
216759,3
216759,1
372087,3
372087,1
198444,3
198444,1
306383,3
306383,1
198404,3
198404,1
127905,3
127905,1
155989,3
155989,1
131731,3
131731,1
324266,3
324266,1
310334,3
310334,1
255459,3
255459,1
153105,3
153105,1
365351,3
365351,1
72330,3
72330,1
302040,3
302040,1
324267,3
324267,1
56104,3
56104,1
517348,3
367989,3
367989,1
126674,3
126674,1
307972,3
307972,1
153107,3
153107,1
520920,3
30424,3
30424,1
126682,3
126682,1
89933,3
89933,1
155592,3
155592,1
96582,3
96582,1
30394,3
30394,1
359764,3
359764,1
155810,3
155810,1
315593,3
315593,1
167661,3
167661,1
232928,3
232928,1
306375,3
306375,1
113948,3
113948,1
194426,3
194426,1
170364,3
170364,1
375177,3
375177,1
300594,3
300594,1
236215,3
236215,1
290748,3
290748,1
350680,3
350680,1
182603,3
182603,1
155604,3
155604,1
212088,3
212088,1
194425,3
194425,1
208023,3
208023,1
134063,3
134063,1
335548,3
335548,1
194423,3
194423,1
167663,3
167663,1
138622,3
138622,1
335549,3
335549,1
126651,3
126651,1
127675,3
127675,1
97394,3
97394,1
367950,3
367950,1
136445,3
136445,1
208063,3
208063,1
290616,3
290616,1
92126,3
92126,1
223613,3
223613,1
97232,3
97232,1
139572,3
139572,1
208047,3
208047,1
165653,3
97575,3
97575,1
238833,3
238833,1
7582,3
7582,1
194345,3
194345,1
301262,3
301262,1
321441,3
321441,1
369849,3
369849,1
95866,3
95866,1
198394,3
198394,1
198398,3
198398,1
198399,3
198399,1
172787,3
172787,1
346013,3
346013,1
99277,3
99277,1
126686,3
126686,1
131733,3
131733,1
126655,3
126655,1
81540,3
81540,1
359765,3
359765,1
7584,3
7584,1
517457,3
7553,3
7553,1
198421,3
198421,1
178928,3
178928,1
517671,3
340805,3
7596,3
7596,1
248801,1
346121,3
346121,1
299499,3
299499,1
240996,3
240996,1
250158,3
250158,1
181333,3
181333,1
143575,3
143575,1
340857,3
340857,1
340858,3
340858,1
346122,3
346122,1
376219,3
376219,1
336580,3
336580,1
333427,3
333427,1
346116,3
346116,1
346117,3
346117,1
350014,3
350014,1
298603,3
298603,1
242620,3
242620,1
317397,3
317397,1
302132,3
302132,1
309924,3
309924,1
344848,3
365051,3
365051,1
350499,3
350499,1
350015,3
350015,1
381318,3
381318,1
344205,3
344205,1
344207,3
344207,1
344204,3
344204,1
334787,3
334787,1
334788,3
334788,1
334786,3
334786,1
297430,3
297430,1
338977,3
338977,1
294673,3
229045,3
197090,3
177419,3
254518,3
217082,3
7810,3
7814,3
7825,3
521752,3
521752,1
223662,3
223662,1
73636,3
226722,3
226722,1
110700,3
227603,3
227603,1
33523,3
33523,1
228049,3
228049,1
176070,3
176070,1
187652,3
187652,1
179824,3
179824,1
327128,3
327128,1
217983,3
217983,1
80929,3
80929,1
252826,1
98464,3
98464,1
282670,3
282670,1
48863,3
48863,1
113679,3
79820,3
79820,1
104786,3
104786,1
117371,3
125484,3
236528,3
236528,1
177618,3
306605,3
517627,3
517627,1
374043,3
172943,1
221590,3
221590,1
359850,3
131111,3
182447,3
182447,1
520640,3
520640,1
117997,3
110415,3
209055,3
209055,1
517355,3
512122,3
33527,3
33527,1
186785,3
186785,1
194559,3
194559,1
361709,3
361709,1
361010,3
361010,1
361077,3
361077,1
361079,3
361079,1
361076,3
361076,1
361081,3
361081,1
279221,3
279221,1
191134,3
168976,3
168976,1
140052,3
140052,1
226693,3
226693,1
269664,3
269664,1
208639,3
208639,1
250976,3
250976,1
242424,3
242424,1
166050,3
166050,1
272927,3
115613,3
115613,1
268912,3
268912,1
151200,1
180971,3
180971,1
226848,3
226848,1
227631,1
112830,3
112830,1
373777,3
373777,1
142512,3
142512,1
194563,3
194563,1
142494,1
262697,3
262697,1
262701,3
262701,1
310183,3
310183,1
353026,3
353026,1
353073,3
353073,1
353027,3
353027,1
271973,3
271973,1
175747,3
175747,1
200165,3
200165,1
243430,3
243430,1
360274,3
360274,1
359570,3
359570,1
349800,3
349800,1
360275,3
360275,1
351143,3
351143,1
359571,3
359571,1
352419,3
352419,1
349801,3
349801,1
359572,3
359572,1
359573,3
359573,1
262700,3
262700,1
384598,3
320147,3
320147,1
279662,3
217985,3
217985,1
101364,3
101364,1
64192,3
268932,3
268932,1
274713,3
274713,1
173103,3
173103,1
503509,1
7866,3
7866,1
65097,3
65097,1
94610,3
94610,1
152534,1
244128,3
244128,1
115570,3
115570,1
239704,3
239704,1
242951,3
242951,1
194180,3
194180,1
96118,3
96118,1
134598,3
134598,1
65098,3
274714,3
274714,1
99926,3
7881,3
102759,3
95865,3
7883,3
7883,1
71788,3
71788,1
7884,1
52525,3
104482,3
98058,3
98058,1
94020,3
94020,1
358911,3
358911,1
90484,3
90484,1
60296,3
60296,1
22873,3
22873,1
226644,3
226644,1
197026,3
197026,1
221591,3
221591,1
79850,3
79850,1
47667,1
247629,3
57944,3
57944,1
33463,3
33463,1
23899,3
357476,3
326141,3
326141,1
91125,3
91125,1
520518,3
520518,1
296391,3
296391,1
251615,3
251615,1
92369,3
92369,1
167589,3
167589,1
520542,3
520542,1
69280,3
521121,3
521121,1
221592,3
221592,1
105661,3
226647,3
180968,3
511366,3
76102,3
76102,1
7897,3
7898,1
200867,3
200867,1
7900,3
7900,1
297593,3
299831,3
299831,1
136311,3
136311,1
197271,3
197271,1
204263,3
204263,1
51606,3
51606,1
66920,3
66920,1
66921,3
66921,1
89569,3
89569,1
95302,3
95302,1
71022,3
71022,1
526179,3
526179,1
130829,3
130829,1
79057,3
115617,3
521411,3
521411,1
113951,3
105658,3
176981,3
187648,3
187648,1
101155,1
300252,3
300252,1
360712,3
360712,1
195577,3
195577,1
238475,3
238475,1
350992,3
350992,1
233871,3
233871,1
68070,3
68070,1
191323,3
191323,1
353109,3
521625,3
521625,1
519716,3
519716,1
44383,3
44383,1
44612,3
44612,1
131709,3
131709,1
343797,3
343797,1
511002,3
511002,1
151047,3
151047,1
244150,3
244150,1
350016,3
350016,1
304591,3
304591,1
136479,3
136479,1
191793,3
191793,1
144905,3
166152,3
166152,1
183594,3
183594,1
351773,3
194554,3
194554,1
124383,3
124383,1
247632,3
247632,1
23113,1
76666,3
76666,1
273391,3
273391,1
7924,3
7924,1
182538,3
182538,1
111812,1
270565,1
116517,1
155262,1
22949,3
22949,1
7926,3
7926,1
62451,3
62451,1
127113,3
127113,1
68904,3
68904,1
172105,3
172105,1
136944,3
136944,1
102712,3
102712,1
197273,3
197273,1
90678,3
90678,1
204290,3
204290,1
236173,3
236173,1
63165,3
63165,1
99410,3
99410,1
127114,3
127114,1
208921,3
208921,1
56826,3
56826,1
127554,3
127554,1
194427,3
194427,1
85308,3
85308,1
93578,3
93578,1
141223,3
141223,1
155674,3
155674,1
94407,3
94407,1
336503,3
336503,1
127115,3
127115,1
155677,3
155677,1
97850,3
97850,1
41835,3
41835,1
124167,3
124167,1
210854,3
210854,1
212176,3
212176,1
245147,3
245147,1
172576,3
172576,1
197530,3
197530,1
90942,3
90942,1
33499,3
33499,1
97849,3
97849,1
89025,3
89025,1
84335,3
84335,1
360507,3
360507,1
278445,1
56435,1
43634,3
518478,3
518478,1
181256,3
227334,3
157994,3
120688,3
90448,3
90448,1
218250,3
218250,1
197705,3
197705,1
85759,3
317159,3
7937,3
7937,1
254804,3
254804,1
177477,3
177477,1
179050,3
179050,1
101162,3
101162,1
272737,3
272737,1
242952,3
242952,1
7943,3
7943,1
269832,3
269832,1
84371,3
245149,3
245149,1
92273,3
92273,1
337419,3
337419,1
343924,3
343924,1
127487,3
127487,1
512219,3
512219,1
536644,3
536644,1
120692,3
120692,1
336743,3
336743,1
91260,3
91260,1
195407,1
237024,3
237024,1
202621,3
202621,1
65708,3
65708,1
537786,3
537786,1
151245,3
151245,1
178548,3
178548,1
68513,3
68513,1
197529,3
197529,1
307723,3
307723,1
525582,3
525582,1
96379,3
96379,1
103471,3
103471,1
59200,3
59200,1
170246,3
170246,1
537770,3
537770,1
236226,3
236226,1
55016,3
55016,1
353309,1
357610,1
346559,1
370108,1
361232,1
377913,1
359187,1
351309,1
342934,1
374247,1
367753,1
136883,3
361147,3
361147,1
293384,3
333196,3
333196,1
84947,3
84947,1
368996,3
368996,1
170777,3
170777,1
299542,3
299542,1
94705,3
94705,1
242428,3
336379,3
336379,1
325517,3
361988,3
211934,3
49542,3
307170,3
273555,3
334919,3
324049,3
307814,3
90504,3
90504,1
324050,3
324050,2
316477,3
316478,3
361149,3
307815,3
284015,3
117411,3
117411,1
315333,3
315333,1
343955,3
261470,3
175022,3
175022,1
324052,3
7955,3
7955,1
334669,3
219998,3
219998,1
307014,3
307014,1
270115,3
270115,1
179962,3
179962,1
130809,3
130809,1
99612,3
99612,1
284271,3
299336,3
83337,3
61266,3
226655,3
226655,1
377077,3
377077,1
517405,3
517405,1
319936,3
306954,3
306954,1
283490,3
283490,1
75065,3
134739,3
134739,1
316480,3
299547,3
299547,1
192721,3
65802,3
65802,1
117570,3
361145,3
361145,1
126341,3
126341,1
370182,3
355594,3
307177,3
368873,3
521554,3
137752,3
182863,3
351088,3
351088,1
254588,3
325836,3
325836,1
65803,3
65803,1
195131,3
273392,3
273392,1
79217,3
79217,1
334923,3
99419,3
99419,1
299549,3
299549,1
299551,3
299551,1
347510,3
347510,1
361141,3
361142,3
361992,3
273215,3
273215,1
194944,3
334924,3
281306,3
281306,1
361143,3
307178,3
384611,3
316507,3
316482,3
376797,3
376797,1
386894,3
386923,3
386923,1
334926,3
368444,3
368444,1
519705,3
361148,3
210751,3
382517,3
382517,1
374397,3
374397,1
354444,3
354444,1
385130,3
386924,3
386924,1
68091,3
68091,1
136431,3
136431,1
7958,3
220000,3
220000,1
223682,3
223682,1
228312,3
228312,1
315648,3
315648,1
219470,3
307106,3
307106,1
271159,3
271159,2
271159,1
350993,3
350993,1
115454,3
211133,3
220908,3
220908,1
7970,3
7970,1
241467,3
7976,3
7976,1
153199,3
153199,1
7979,3
99719,3
195789,3
227949,3
227949,1
136177,3
90048,3
227950,3
239952,3
136954,3
170914,3
169160,3
193194,3
315858,3
7984,3
7984,1
221593,3
221593,1
96515,3
286930,3
521368,3
227389,3
227389,1
208770,3
208770,1
324268,3
324268,1
226618,3
226618,1
386795,1
386799,1
354311,3
354311,1
8034,3
82893,1
8051,1
304026,3
357202,3
33621,2
33621,3
312681,3
275902,1
146369,3
356539,1
312682,3
8142,3
355301,3
268652,1
8148,1
77117,3
125486,1
114520,3
114520,1
90710,3
90710,1
104441,3
104441,1
155895,1
80300,3
80300,1
378655,1
378654,1
91308,1
33653,3
33653,1
159113,3
60013,3
8189,3
8200,1
8202,1
175158,1
33668,3
285918,3
47928,3
124355,3
168840,3
214488,3
198566,3
198566,1
179827,3
368101,3
104491,3
255000,3
255001,3
317269,3
317269,1
306904,3
44146,3
366172,3
33711,1
8255,1
297266,1
8268,1
103130,1
8267,1
8271,1
8272,1
333382,1
345640,1
8273,1
506853,1
8275,1
176662,1
506628,1
504241,1
506750,1
503904,1
504897,1
506758,1
506769,1
506557,1
503971,1
124537,3
124537,1
69122,3
69122,1
363768,3
363768,1
326965,3
101799,3
101799,1
75653,3
75653,1
161970,3
161970,1
92631,3
92631,1
326972,3
48181,3
48181,1
8335,3
8335,1
194522,3
194522,1
370529,3
370529,1
69320,3
69320,1
58743,3
58743,1
344881,3
344881,1
195643,3
195643,1
69929,3
69929,1
195648,3
195648,1
85748,3
85748,1
80208,3
80208,1
84080,3
84080,1
92495,3
92495,1
270812,3
270812,1
96886,3
96886,1
70914,3
70914,1
155682,3
384613,3
360153,3
369293,3
384614,3
384615,3
138263,3
351638,3
324936,1
355182,3
343798,3
116734,3
99362,1
79127,1
91395,3
91395,1
97118,3
97118,1
98548,1
34015,3
34015,1
55186,3
55186,1
43832,1
77469,1
205740,1
53457,1
238974,1
91673,1
65729,1
92285,1
360618,1
78337,1
209579,1
194953,1
154376,1
206634,3
206634,1
83756,1
98151,1
92663,1
253648,1
67113,3
67113,1
34024,1
73141,1
94959,1
194955,1
154377,3
154377,1
238985,1
81070,1
56782,1
182210,1
85506,1
524341,1
324220,1
511959,1
351310,1
238016,1
95366,1
92853,1
88587,1
78395,1
99004,1
204296,1
34033,1
62314,1
59025,1
79309,1
115903,1
90011,1
98443,1
69979,1
56339,3
56339,1
56810,1
63504,1
528993,1
311352,1
8466,1
8473,3
8473,1
223765,3
223765,1
223766,1
8467,1
8476,1
8468,1
223769,1
43973,1
254908,1
179483,1
85634,1
175663,3
320141,3
143573,1
114542,1
34081,1
48554,1
213162,1
164023,1
8505,1
8510,1
367757,1
334792,3
334792,1
345328,3
518042,1
518074,3
518074,1
300351,3
127415,3
103716,3
370698,3
370697,3
370697,1
211882,3
180988,3
39162,3
328470,3
514339,3
363901,3
363903,3
363905,3
500978,3
500979,3
500591,3
501733,3
308783,3
308785,3
347057,3
515218,3
237812,3
377081,3
377081,1
377078,3
388263,3
377080,3
377082,3
355187,3
270365,3
227664,3
387397,3
358838,3
251261,3
319545,3
291685,3
353363,3
328471,3
518415,3
368700,3
368700,1
228068,3
297728,3
521614,3
378066,3
301470,3
277298,3
384612,3
297713,3
271394,3
286286,3
284551,3
285233,3
237689,3
164350,3
271395,3
521455,3
374411,3
374413,3
361011,3
511349,3
511397,3
374414,3
374415,3
374415,1
307009,3
368702,3
374416,3
286076,3
286076,1
300898,3
302851,3
500818,3
385014,3
385015,3
500749,3
363900,3
363902,3
363904,3
511941,3
362134,3
326959,3
528826,3
284539,3
169666,3
285134,3
101199,3
157787,3
182539,3
138118,3
271212,3
298140,3
8572,3
344482,3
336512,3
336513,3
344483,3
385049,3
287343,3
94957,3
91688,3
94863,3
188714,3
351164,3
8575,3
227987,3
347041,3
308788,3
302817,3
308786,3
308787,3
302312,3
528822,3
346735,3
271393,3
301460,3
251253,3
287157,3
88275,3
211136,3
272751,3
307632,3
352726,3
534382,3
359578,3
285133,3
67823,3
186790,3
363895,3
335151,3
347123,3
301461,3
301463,3
301462,3
326962,3
91124,3
316650,3
100392,3
53922,3
220812,3
269853,3
238324,3
231938,3
226724,3
220813,3
226353,3
97552,3
101214,3
74777,3
74778,3
127824,3
86398,3
124387,3
124389,3
124390,3
124391,3
96871,3
50679,3
136355,3
124392,3
138257,3
124314,3
124316,3
118928,3
120165,3
101211,3
39150,3
135856,3
104276,3
99929,3
103979,3
128169,3
88305,3
88363,3
101217,3
140004,3
68684,3
8581,3
24575,3
20230,3
101221,3
8583,3
300825,3
319549,3
318860,3
325764,3
339320,3
300613,3
300614,3
335137,3
301466,3
335148,3
327183,3
56783,3
254020,3
319550,3
318857,3
337988,3
337621,3
240983,3
285921,3
501330,3
350610,3
132735,3
186960,3
522730,3
285920,3
250812,3
301464,3
334802,3
334798,3
326961,3
352723,3
389004,3
124882,3
39155,3
340871,3
180239,3
219307,3
162965,3
300617,3
351167,3
343623,3
298405,3
366530,3
333837,3
335150,3
298406,3
357478,3
298407,3
352315,3
242633,3
500980,3
511780,3
163543,3
351168,3
298408,3
209439,3
344211,3
344214,3
344215,3
168774,3
184279,3
534884,3
534227,3
337990,3
363889,3
363891,3
378054,3
378070,3
365132,3
501333,3
500878,3
324585,3
163607,3
334801,3
168116,3
205168,3
177499,3
360315,3
163622,3
324586,3
352983,3
197616,3
300352,3
333838,3
333839,3
333840,3
163634,3
521533,3
182655,3
162967,3
163644,3
160073,3
536026,3
311116,3
181338,3
181857,3
183595,3
118887,3
536861,3
160086,3
537025,3
39156,3
238263,3
271396,3
273120,3
335817,3
298443,3
335813,3
335814,3
249802,3
308116,3
238689,3
326376,3
335816,3
238691,3
238692,3
316651,3
317649,3
271398,3
326377,3
333842,3
209440,3
163564,3
226444,3
163565,3
335819,3
163567,3
240984,3
163568,3
180594,3
180594,1
322021,3
271402,3
271414,3
271410,3
271415,3
271417,3
344219,3
361045,3
271421,3
271401,3
192497,3
88897,3
345682,3
345685,3
363893,3
346817,3
335141,3
342462,3
358839,3
301475,3
301471,3
367629,3
517157,3
389003,3
389007,3
380170,3
243231,3
367761,3
227497,3
298180,3
207506,3
344216,3
163614,3
191235,3
360046,3
207501,3
163559,3
163661,3
163660,3
163663,3
346818,3
49954,3
277436,3
325766,3
337989,3
325767,3
240985,3
300616,3
208850,3
186791,3
335142,3
327184,3
327185,3
91517,3
319181,3
89850,3
124126,3
67193,3
521402,3
279851,3
124317,3
99203,3
182961,3
384107,3
127801,3
352163,3
270092,3
102691,3
384530,3
64706,3
114369,3
104330,3
87989,3
222319,3
102884,3
77716,3
270978,3
174591,3
138731,3
230155,3
136764,3
110322,3
195966,3
181136,3
181136,1
108481,3
358500,3
85967,3
250926,3
39226,3
182353,3
121461,3
373585,3
70765,3
57703,3
296615,3
325346,3
111532,3
384540,3
256338,3
111720,3
39238,3
89983,3
94543,3
102042,3
67308,3
95887,3
109931,3
39266,3
92681,3
48173,3
214105,3
76604,3
44267,3
90405,3
84983,3
79483,3
110116,3
220815,3
253851,3
384575,3
58979,3
43382,3
300353,3
380902,3
104103,3
110158,3
380903,3
175588,3
8637,3
537028,3
24258,3
252433,3
342535,3
40496,3
39093,3
90543,3
134085,3
165038,3
262323,3
277876,3
8664,1
147459,3
503912,3
504905,3
168842,3
129701,3
308444,3
376240,3
332706,3
128250,3
347762,3
347764,3
360616,3
353947,3
340877,3
327319,3
327327,3
135818,3
340872,3
316832,3
307851,3
376241,3
376241,2
376241,1
526412,3
360687,3
300325,3
300325,1
175796,3
504463,3
366828,3
334575,3
308446,3
284959,3
284959,1
376242,3
138481,3
325648,3
512282,3
352106,3
286093,3
307905,3
256763,3
272078,3
376616,3
142657,3
169865,3
169865,1
249808,3
315607,3
129083,3
135695,3
219309,3
345733,3
530792,3
530793,3
530790,3
530794,3
111442,3
332707,3
118687,3
352425,3
526288,3
132575,3
300311,3
375152,3
521617,3
112835,3
235443,3
316833,3
316833,1
248768,3
326206,3
376617,3
360688,3
376670,3
142714,3
66450,3
230610,3
285924,3
521119,3
316835,3
316835,1
87085,3
219363,3
379585,3
379586,3
214456,3
286095,3
286095,1
300312,3
525831,3
316836,3
316836,1
292725,3
89223,3
99030,3
132577,3
355021,3
520985,3
345629,3
369158,3
300433,3
369366,3
326207,3
251784,3
180219,3
142686,3
326209,3
268818,3
316837,3
235444,3
300313,3
336348,3
526111,3
526116,3
526431,3
526140,3
352107,3
352107,1
241821,3
316838,3
343474,3
385132,3
132576,3
521530,3
255023,3
241732,3
521751,3
376248,3
368246,3
504493,3
293568,3
109258,3
167860,3
526289,3
118686,3
345736,3
219475,3
96716,3
525724,3
525779,3
379587,3
525891,3
525891,1
522406,3
522560,3
525704,3
526010,3
368706,3
511565,3
376251,3
172162,3
376775,3
526344,3
302429,3
376253,3
114546,3
205190,3
293059,3
335515,3
308447,3
355025,3
135703,3
268819,3
205185,3
187206,3
269844,3
269844,1
308466,3
295435,3
249809,3
248517,3
269912,3
293580,3
293580,1
142634,3
334676,3
369113,3
369113,1
187208,3
293057,3
198988,3
352429,3
180153,3
316839,3
316839,1
248513,3
345635,3
306562,3
376260,3
308467,3
241891,3
326214,3
135708,3
54877,3
326581,3
385319,3
360729,3
333014,3
512134,3
272752,3
284420,3
115112,3
285926,3
285926,1
285405,3
285405,1
80346,3
186794,3
167861,3
167861,1
525444,3
219476,3
124808,3
287944,3
142658,3
47541,3
241887,3
352430,3
352432,3
95993,3
135968,3
316841,3
521841,3
521653,3
300317,3
132580,3
338878,3
293579,3
293579,1
346479,3
346479,1
326583,3
166446,3
521884,3
135712,3
211532,3
54428,3
23597,3
268821,3
219969,3
293058,3
315608,3
512191,3
352729,3
108492,3
135713,3
108009,3
322086,3
256529,3
293581,3
362027,3
326220,3
326220,1
172170,3
308468,3
326589,3
384635,3
384636,3
268822,3
268822,1
221900,3
221901,3
275906,3
365139,3
356533,3
379582,3
347765,3
361003,3
340878,3
503780,3
360389,3
360731,3
168515,3
135715,3
187210,3
187210,1
525925,3
375956,3
315337,3
135717,3
369164,3
376262,3
124809,3
335809,3
526296,3
528690,3
352422,3
525993,3
70937,3
526277,3
347768,3
347766,3
345742,3
345743,3
345745,3
358101,3
365140,3
526293,3
57719,3
525920,3
526200,3
526428,3
360714,3
218851,3
135701,3
105723,3
500603,3
500621,3
504190,3
500589,3
251785,3
326597,3
326577,3
369112,3
377046,3
218853,3
525760,3
525760,1
360723,3
376258,3
500624,3
526275,3
351195,3
75221,3
504666,3
526083,3
525956,3
525921,3
219951,3
253603,3
374398,3
8701,3
136432,3
136432,1
126393,3
64929,3
142695,3
40506,3
241254,3
81130,3
59236,3
59236,1
244734,3
8715,1
254040,3
118685,3
66220,3
256767,3
101224,3
101224,1
8719,3
92695,3
375955,3
344849,3
360715,3
117935,3
169386,3
40513,3
211140,3
115799,3
254269,3
155704,3
104324,3
54610,3
54610,1
8725,3
167612,3
240888,3
253716,3
256814,3
256769,3
142699,3
139930,3
25674,1
187292,1
245317,3
49366,3
164941,1
164941,3
255887,1
255887,3
153487,3
153487,1
368034,3
368034,1
164939,3
164939,1
237559,3
237559,1
367892,3
350957,3
257865,1
257865,3
51981,1
51981,3
229517,1
229517,3
255879,1
255879,3
187575,1
187575,3
8762,1
166628,3
166628,1
85400,3
85400,1
8781,3
8781,1
108801,3
237389,3
116494,3
180721,3
306659,3
517709,3
83038,3
192985,3
82704,3
297939,3
180722,3
343544,3
351780,3
313761,3
334577,3
153039,3
321460,3
297940,3
297940,1
332853,3
81251,3
517619,3
281922,3
45583,3
208880,3
306665,3
522050,3
376170,3
321465,3
116771,3
47532,3
299450,3
372739,3
69388,3
349784,3
305126,3
137022,3
167620,3
67353,3
299451,3
281928,3
116773,3
209348,3
127156,3
127156,1
281929,3
167622,3
44888,3
332857,3
251186,3
209350,3
524526,3
167624,3
88355,3
109403,3
316712,3
315955,3
343209,3
314155,3
251194,3
366335,3
110669,3
332861,3
281938,3
251197,3
372744,3
222181,3
251200,3
192991,3
118031,3
167628,3
281941,3
222183,3
222186,3
64107,3
343552,3
222187,3
332867,3
368828,3
520753,3
237394,3
93970,3
116781,3
92441,3
137163,3
332874,3
299453,3
286548,3
524642,3
306683,3
321473,3
74010,3
272353,3
385219,3
272354,3
334581,3
334582,3
209360,3
298798,3
313770,3
93708,3
97270,3
374767,3
81876,3
96811,3
152391,3
501602,3
270284,3
511463,3
251293,3
525608,3
517565,3
344469,3
97216,3
68940,3
49262,3
306687,3
311454,3
524393,3
524360,3
517566,3
524348,3
517573,3
222359,3
270285,3
193002,3
238128,3
286550,3
167633,3
251303,3
251304,3
167634,3
210816,3
209364,3
305147,3
94742,3
332887,3
298800,3
522054,3
193010,3
117305,3
306690,3
184060,3
209377,3
196470,3
349790,3
222202,3
297945,3
298803,3
517543,3
251320,3
195807,3
222205,3
238139,3
167637,3
167638,3
299458,3
222210,3
298804,3
222211,3
316716,3
102993,3
89368,3
366338,3
81584,3
251029,3
229114,3
376040,3
92800,3
151882,3
298805,3
270296,3
217090,3
306695,3
80778,3
102526,3
525598,3
74720,3
40962,3
517578,3
315610,3
314154,3
137168,3
233565,3
306696,3
503610,3
169372,3
316811,3
111223,3
193261,3
151884,3
298806,3
351784,3
524347,3
503110,3
332900,3
321482,3
370784,3
216555,3
127164,3
343561,3
47170,3
365705,3
82484,3
326504,3
239638,3
306699,3
281964,3
343563,3
90230,3
374776,3
272412,3
222366,3
137170,3
281967,3
127168,3
237405,3
316719,3
350691,3
176093,3
222216,3
103703,3
222217,3
71169,3
193015,3
525561,3
180154,3
64081,3
524493,3
69571,3
332905,3
238148,3
49150,3
251360,3
193017,3
175406,3
281969,3
116801,3
167643,3
71767,3
270306,3
237408,3
270307,3
228954,3
60819,3
162011,3
326505,3
251371,3
83701,3
77207,3
334588,3
370789,3
368832,3
252343,3
69358,3
71881,3
525577,3
518052,3
54971,3
96991,3
42955,3
208887,3
209111,3
272430,3
237412,3
297938,3
270310,3
351788,3
524565,3
315611,3
299463,3
55302,3
115338,3
85671,3
306712,3
359507,3
43105,3
251397,3
365978,3
360411,3
251399,3
334590,3
350693,3
176092,3
316724,3
176800,3
321496,3
524540,3
305168,3
237418,3
332927,3
222225,3
315888,3
525418,3
321497,3
359508,3
136781,3
51004,3
198950,3
142470,3
525534,3
69644,3
136782,3
525591,3
270317,3
296563,3
517582,3
524488,3
270318,3
153044,3
78204,3
52672,3
127714,3
127715,3
151892,3
116811,3
118021,3
281995,3
137789,3
376394,3
222232,3
47936,3
47935,3
117307,3
209393,3
251437,3
95655,3
316812,3
98967,3
222235,3
525491,3
525488,3
343573,3
99783,3
99939,3
42284,3
66129,3
99305,3
51451,3
137262,3
8804,3
93069,3
8819,3
8840,3
110821,3
40634,3
114177,2
8851,1
66804,1
8865,1
265782,3
286746,3
73269,3
73269,1
257882,3
257882,1
389049,3
389049,1
318568,3
318568,1
349494,3
349494,1
389050,3
389050,1
55715,3
55715,1
344954,3
344954,1
512396,3
512396,1
79548,3
79548,1
165141,3
165141,1
293656,3
293656,1
72767,3
72767,1
46699,3
46699,1
62476,3
62476,1
278308,3
278308,1
511742,3
511742,1
257891,3
257891,1
512310,3
512310,1
389052,3
389052,1
318445,3
176095,3
176095,1
62726,3
62726,1
379910,3
379910,1
389054,3
389054,1
389057,3
389057,1
330076,3
330076,1
350256,3
350256,1
370014,3
370014,1
510725,3
376894,3
376381,3
368372,3
368372,1
386878,3
386878,1
248571,3
166153,3
66072,3
171472,3
384739,1
361633,1
357104,1
357106,1
365172,1
357108,1
357064,1
357067,1
356937,1
505326,1
357079,1
357082,1
377090,1
357088,1
356918,1
356926,1
356932,1
376898,1
356949,1
356913,1
361639,1
382518,1
357095,1
357096,1
376608,1
159310,3
357109,1
361631,1
357071,3
357071,1
357072,1
223906,1
357078,1
188148,1
356954,1
159311,1
356996,1
357000,1
361635,1
356959,1
356963,1
356966,1
217935,1
356989,1
356987,1
357036,1
365173,1
357046,1
356907,1
357059,1
357004,1
357010,1
357026,1
357021,1
357024,1
357028,1
356905,1
357053,1
357054,1
522595,1
522377,1
8979,1
41788,3
41788,1
8999,1
8999,3
70204,3
70204,1
40893,3
40893,1
57350,1
42262,3
42262,1
86042,1
71265,1
59980,3
59980,1
43305,1
56461,1
43098,1
76888,3
76888,1
223946,1
101250,3
101250,1
202093,1
120238,1
176460,3
309441,3
320197,3
320197,1
305967,3
69936,3
169017,3
53072,3
53072,1
9061,3
9061,1
9066,3
229070,3
297978,3
369296,3
357124,3
357124,1
181259,3
383119,3
203709,3
194586,3
194586,1
41168,3
97902,3
97902,1
94352,3
94352,1
48494,3
48494,1
41181,3
41181,1
89996,3
89996,1
323504,3
323504,1
172558,3
172558,1
130050,3
130050,1
310798,3
310798,1
310797,3
310797,1
141483,1
133144,1
172245,1
55573,1
112166,3
217333,1
57933,1
65023,1
52399,3
64692,1
259645,3
172229,1
285151,1
72952,1
227504,1
125103,1
158307,1
117732,1
45835,1
103195,3
183779,3
183779,1
128593,1
128593,3
227506,1
53294,3
250712,3
67059,1
77846,1
316501,1
172257,1
317656,3
525569,3
104631,1
525526,3
50323,1
86282,1
231149,1
172230,1
70858,1
521693,3
521693,1
53236,1
79583,1
112281,1
517351,3
62984,1
172252,1
73155,1
47070,1
175939,1
64962,1
64182,1
231150,1
159305,3
54464,1
78786,3
70855,3
163495,3
143560,3
78287,1
73458,1
61519,1
231158,1
179471,1
47548,1
262591,1
172249,1
42511,1
285170,1
79406,1
143553,3
76014,1
79457,1
87676,3
56441,1
103698,3
132472,1
51784,1
60228,1
102272,3
521699,3
521699,1
80046,3
140339,1
172260,1
141614,1
61821,1
317967,1
64061,1
140341,1
342522,1
172235,1
155718,1
525793,1
142471,3
375960,3
375960,2
83578,1
74403,1
518366,3
518366,1
119591,3
102803,1
269826,3
368584,3
368584,2
368584,1
384654,3
384654,2
384654,1
119638,3
308090,3
217510,1
265633,1
519280,3
519280,1
172263,1
181031,1
125113,1
103431,1
56070,1
46678,1
57690,3
102804,3
124113,1
47533,1
242884,1
74712,1
102350,1
101707,3
283818,1
172228,1
227571,1
52655,1
67667,1
107738,1
105121,1
66032,1
75940,1
94850,1
267784,1
140343,1
80535,1
163496,3
172225,1
147603,1
124697,1
115165,3
105285,3
105285,1
282199,3
323732,3
323732,2
9222,3
9222,2
89442,3
89442,1
128041,3
128041,2
96505,3
96505,2
253331,1
253331,3
103144,3
140391,2
141736,3
9253,3
9253,1
306803,1
306803,3
9258,3
56232,3
56232,1
9263,3
236967,3
54613,1
297482,1
131199,3
131199,1
9279,3
9279,1
9281,3
9281,2
94861,3
94861,2
9287,1
9293,3
9298,3
141602,1
9306,1
9318,1
141757,1
167946,1
78798,3
9331,1
345845,1
42337,1
269653,3
269653,1
65471,3
65471,1
90379,3
90379,1
89233,3
89233,1
134932,3
134932,1
73405,3
73405,1
124811,3
9374,1
72606,1
307908,1
231521,3
231521,2
9382,3
9382,1
292247,1
81829,1
24998,1
58745,1
101398,1
98853,1
63881,1
96829,1
141780,1
47263,3
9395,1
252365,3
252365,2
86332,3
86332,2
31797,1
84609,1
114608,1
103467,1
58218,1
62956,1
134906,1
9456,1
9456,3
9475,1
45717,1
70912,1
224010,1
76708,1
9496,1
9497,1
9515,2
95794,2
121616,2
132876,2
217441,1
66915,1
78810,3
78810,1
310184,1
327526,1
368956,1
9691,1
9692,1
165642,1
9694,1
9699,1
25238,1
369990,1
368038,1
105290,3
285595,3
9732,3
9732,1
500570,1
500536,1
9733,3
9733,1
9741,1
180972,1
299981,1
536460,3
536460,1
293828,3
293828,1
320732,3
320732,1
504339,3
504339,1
526290,3
526290,1
526325,3
526325,1
331284,3
331284,1
386938,3
386938,1
331305,3
331305,1
384666,3
384666,1
194778,3
9757,3
283220,3
9771,3
9771,1
104905,3
74934,3
146716,3
256081,3
103534,3
66622,1
327527,3
327527,1
45115,1
107851,1
339583,1
280482,3
9810,3
9810,1
276843,3
276843,1
136567,3
136567,1
56554,3
56554,1
272140,3
272140,1
9818,3
9818,1
86841,3
296806,1
317659,1
52154,1
70829,1
334982,3
112338,3
112338,1
116306,3
116306,1
9867,3
9867,1
61244,3
61244,1
182879,3
182879,1
249716,3
249716,1
180314,3
180314,1
47078,3
47078,1
81097,3
81097,1
166898,3
166898,1
81096,3
81096,1
191230,3
191230,1
536727,1
117596,1
229363,1
229357,1
229360,1
41570,1
135972,1
218859,1
153815,1
138591,1
224057,1
95547,1
134569,1
45483,1
196838,1
203270,1
186267,1
382858,1
251255,1
227001,1
196840,1
332688,1
99935,1
345824,1
380502,1
533252,1
204073,1
95364,1
340916,1
180595,1
118333,1
9877,1
238999,1
82263,1
140136,1
102684,1
253452,1
140138,1
287692,1
70902,1
191047,1
190956,1
285804,1
328307,1
258838,1
237675,1
370969,1
334657,1
330082,1
517808,1
329916,1
113872,1
65306,1
9879,1
228782,1
504786,1
504757,1
504574,1
503772,1
287930,1
228778,1
277045,1
45606,1
45607,1
155994,1
155797,1
90292,1
81514,1
9888,1
525404,1
170507,1
52749,1
346182,1
359894,1
228247,1
43559,1
335520,1
172133,1
241886,1
520304,1
247594,1
268262,1
176616,1
269228,1
504265,1
504775,1
504869,1
503877,1
197115,1
201387,1
370966,1
227995,1
320149,1
364205,1
361053,1
134789,1
134790,1
172134,1
517807,1
337174,1
335523,1
335524,1
57116,1
41781,1
9884,1
356130,1
241286,1
361916,1
350996,1
252560,1
228633,1
179946,1
318751,1
276199,1
124545,1
340922,1
356134,1
533359,1
252559,1
254525,1
221307,1
280627,1
533340,1
319573,1
250897,1
182913,1
250898,1
270542,1
85161,1
352735,1
253326,1
528788,1
326596,1
370972,1
345809,1
521503,1
521432,1
521461,1
521663,1
521426,1
521700,1
263235,1
250029,1
251739,1
528913,1
528849,1
528941,1
528912,1
263236,1
212013,1
194380,1
229476,1
69266,1
384227,1
360044,1
218197,1
111263,1
523294,1
523293,1
257090,1
80503,1
280024,1
43170,1
114474,1
133487,1
224069,1
59985,1
55862,1
174855,1
275093,3
369299,3
369299,1
324108,3
270579,3
237427,3
224073,3
224073,1
117277,3
117277,1
251258,3
251258,1
182045,3
182045,1
282054,3
282054,1
226312,3
226312,1
363704,3
363704,1
9996,1
47002,1
271482,3
151870,3
151870,1
88985,3
132523,3
132523,1
327837,1
116295,3
116295,1
105158,3
105158,1
86370,3
86370,1
269955,3
369795,3
369795,1
211811,3
211811,1
373123,3
373123,1
319431,3
253755,3
275565,3
328302,3
331265,3
331265,1
71718,3
71718,1
72483,3
224075,3
352120,3
352120,1
382538,3
382538,1
380555,3
380555,1
345672,3
345672,1
334820,3
334820,1
322093,3
58920,3
270580,3
293833,3
293833,1
43118,3
43118,1
90412,3
90412,1
182310,3
182310,1
307911,3
307911,1
270116,3
328301,3
373124,3
373124,1
342441,3
342441,1
111479,1
111479,3
382753,1
382753,3
10001,3
10001,1
287268,3
287268,1
28849,1
224083,1
94525,1
311035,1
209001,1
86371,1
345162,1
136738,1
10041,1
255732,1
195121,1
351321,1
224092,1
96012,1
183830,1
152883,1
10044,1
10050,1
372608,1
100455,1
54956,1
10057,1
95102,1
96981,1
285928,1
387152,1
387153,1
387158,1
104727,1
83847,1
10062,1
68759,3
10072,3
322310,3
371654,3
348221,3
374926,3
344367,3
367778,3
110614,3
351609,3
196159,3
324594,3
58327,3
124526,3
97300,3
289293,3
317787,3
371136,3
252589,3
359914,3
98000,3
10282,1
505384,1
505383,1
54161,1
10295,1
84531,1
127970,1
10316,1
116296,1
103415,1
114475,1
72096,1
48923,1
10339,3
116297,3
116297,1
103341,3
103341,1
80075,3
80075,1
500303,3
500303,1
197587,3
29457,3
71687,3
54361,3
54361,1
10344,3
52828,3
111957,3
224143,3
91878,3
108555,3
108555,1
70043,3
307586,3
307586,1
288023,3
288023,1
228329,3
228329,1
74693,3
194455,3
56842,3
107050,3
107050,1
299793,3
97235,3
97235,1
285119,3
285119,1
10345,3
22490,3
22490,1
139112,3
139112,1
49240,3
49240,1
97326,1
48275,1
273582,3
273582,2
78115,1
120490,1
120491,1
224147,1
59706,1
324185,1
148374,1
283384,1
106167,1
10545,1
126531,1
358915,1
126535,1
78040,1
55076,1
25027,1
128264,1
128273,1
102968,1
104282,1
224176,3
224176,1
80586,3
80586,1
66734,3
66734,1
298070,3
298070,2
66967,3
66967,2
10583,3
10583,1
275829,1
293549,1
10597,1
224182,1
56143,1
219411,3
219411,1
196968,1
344084,3
10606,1
53077,1
113464,1
180009,1
25204,3
25204,1
66352,3
66352,1
105306,3
105306,1
52023,3
52023,1
91167,3
91167,1
257009,1
10613,3
10613,2
58864,1
277138,3
277138,1
269036,3
269036,1
10632,3
10632,2
505491,3
505491,2
526552,3
526552,2
505489,3
505489,2
10750,1
531306,3
531306,1
531302,3
531302,1
529696,3
529696,1
355591,1
310126,1
522862,1
10849,1
253102,1
207624,3
56852,3
91332,3
183283,3
240191,1
61448,1
233102,1
81050,1
10871,1
10915,3
159770,1
206004,1
87619,1
100470,3
10988,3
241134,3
522863,1
224244,1
11030,3
11030,1
57467,1
90083,1
52009,1
186820,3
175751,3
189962,3
189962,1
11048,2
128434,2
80483,3
80483,1
59137,3
59137,2
81670,3
81670,2
171807,3
171807,1
381661,3
381661,1
145937,3
145937,1
41864,3
41864,1
166201,3
166201,1
519992,3
519992,1
318613,3
83960,1
41253,3
46789,3
43515,1
11103,3
11103,1
523592,3
523592,2
218217,1
72445,1
57621,1
91154,3
91154,1
168213,3
168213,1
83235,3
83235,2
11147,2
42744,3
42744,2
165576,3
165576,2
520553,3
520553,1
520584,3
520584,1
65048,3
65048,1
239391,3
239391,1
385322,1
385322,3
81061,3
81061,1
47257,3
47257,1
11171,1
11174,1
92815,1
384892,3
526479,3
312304,3
371195,3
365321,3
350495,3
356178,3
381645,3
307461,3
380166,3
380167,3
380168,3
380169,3
385146,3
386383,3
350999,3
249822,3
344494,3
350022,3
361717,3
382807,3
360742,3
360743,3
360744,3
381642,3
381643,3
360745,3
374044,3
386676,3
378565,3
254026,3
254026,1
11286,1
318962,1
67046,2
344485,2
63104,1
11292,2
195622,2
76864,2
87102,3
526460,3
526460,1
309898,3
309898,1
235120,3
297071,3
74179,3
74179,1
287729,3
66654,3
66654,1
64666,3
64666,1
103292,3
103292,1
340504,3
340504,1
269827,3
269827,1
50599,3
50599,1
85002,3
85002,1
82413,3
82413,1
63687,3
63687,1
88136,3
88136,1
60392,3
60392,1
65572,3
65572,1
76570,3
76570,1
58177,3
58177,1
291935,3
84013,3
84013,1
85058,3
85058,1
104588,3
104588,1
136510,3
136510,1
48466,3
99984,3
99984,1
128879,3
523485,3
523485,1
120142,3
100492,3
257344,3
257345,3
375323,3
108015,3
54638,3
54638,1
125742,3
125742,1
92158,3
92158,1
324464,3
170823,3
170823,1
97526,3
97526,1
96042,3
96042,1
99650,3
99650,1
60505,3
60505,1
355929,3
355929,1
173150,3
173150,1
120921,3
120921,1
166993,3
166993,1
78893,3
78893,1
326042,3
326042,1
180365,3
180365,1
363379,3
363379,1
65908,3
65908,1
60442,3
60442,1
255119,3
255119,1
359517,3
277375,3
277375,1
372323,3
372323,1
45320,3
45320,1
62052,3
62052,1
183621,3
271521,3
271521,1
132805,3
132805,1
76960,3
76960,1
353015,3
120139,3
120139,1
11333,3
11333,1
11334,3
282030,3
170827,3
170827,1
92368,3
70318,3
70318,1
58146,3
58146,1
317291,3
525715,3
525715,1
379290,3
379290,1
54152,3
54152,1
43067,3
43067,1
43976,3
43976,1
333849,3
333849,1
84755,3
84755,1
50955,3
50955,1
99396,3
99396,1
55052,3
55052,1
193162,3
98831,3
98831,1
102226,3
102226,1
95523,3
71472,3
71472,1
81715,3
81715,1
86389,3
86389,1
94538,3
94538,1
46147,3
46147,1
508090,3
508090,1
136511,3
136511,1
61922,3
61922,1
69623,3
69623,1
90505,3
90505,1
235109,3
515258,3
515258,1
378228,3
378228,1
91610,3
91610,1
48098,3
48098,1
508237,3
508237,1
79163,3
79163,1
80371,3
80371,1
290503,3
508136,3
508136,1
207881,3
207881,1
280303,3
280303,1
280304,3
69012,3
69012,1
524093,3
70579,3
70579,1
64707,3
64707,1
362355,3
362355,1
97485,3
97485,1
387829,3
387829,1
217726,3
217726,1
218914,3
218914,1
282511,3
282511,1
125116,3
125116,1
379295,3
379295,1
90720,3
85283,3
85283,1
99951,3
99951,1
525635,3
525635,1
363357,3
264493,3
264493,1
82981,3
27682,3
27682,1
350346,3
110349,3
110349,1
74691,3
74691,1
508119,3
508119,1
120935,3
167011,3
167011,1
120141,3
120141,1
87517,3
87517,1
245303,3
245303,1
131681,3
131681,1
49306,3
56028,3
56028,1
226948,3
226948,1
103525,3
103525,1
78534,3
78534,1
307387,3
307387,1
508148,3
508148,1
379300,3
379300,1
508162,3
508162,1
73025,3
73025,1
91006,3
91006,1
243373,3
243373,1
338814,3
379301,3
379301,2
379301,1
92269,3
92269,1
111543,3
111543,1
51240,3
173149,3
173149,1
218915,3
218915,1
60231,3
60231,1
86373,3
86373,1
119277,3
119277,1
320635,3
320635,1
60772,3
60772,1
218199,3
218199,1
167014,3
167014,1
218910,3
218910,1
69818,3
69818,1
63141,3
63141,1
341690,3
108385,3
277405,3
277405,1
294182,3
294182,1
48777,3
86674,3
86674,1
74949,3
74949,1
104704,3
104704,1
62323,3
62323,1
53696,3
53696,1
55821,3
55821,1
90143,3
90143,1
47034,3
47034,1
121083,3
121083,1
66962,3
362032,3
131682,3
131682,1
74039,3
74039,1
297072,3
297072,1
167018,3
167018,1
99940,3
99940,1
63888,3
63888,1
363649,3
363649,1
70331,3
70331,1
62000,3
62000,1
111917,3
111917,1
340505,3
340505,1
291355,3
291355,1
136512,3
136512,1
97568,3
97568,1
269261,3
269261,1
331271,3
331271,1
91350,3
117237,3
120920,3
120920,1
120929,3
354182,3
354182,1
99355,3
99355,1
167022,3
167022,1
508124,3
508124,1
205662,3
52892,3
52892,1
62565,3
291952,3
291952,1
508158,3
508158,2
508158,1
75275,3
75275,1
45358,3
45358,1
57234,3
57234,1
170837,3
170837,1
67283,3
67283,1
67284,3
67284,1
87256,3
87256,1
304174,3
304174,1
60695,3
60695,1
276259,3
276259,1
360364,3
350963,3
76190,3
76190,1
98681,3
47789,3
47789,1
53095,3
53095,1
104265,3
104265,1
59487,3
59487,1
70412,3
70412,1
136609,3
136609,1
219225,3
219225,1
99613,3
99613,1
229160,3
229160,1
136513,3
136513,1
257392,3
257392,1
224332,3
224332,1
227593,3
227593,1
72258,3
368304,3
368304,2
368304,1
361577,1
91369,3
113084,3
113084,1
55010,3
66778,3
281626,3
281626,1
25842,3
25842,1
119629,3
119629,1
47087,3
47087,1
224339,3
224339,1
224345,3
11365,3
11365,1
27672,3
264587,3
264587,1
11369,3
224349,3
224349,1
269843,3
224355,3
224355,1
302368,3
302368,1
114826,3
114826,1
238866,3
205907,3
207392,3
207392,1
95313,3
95313,1
54409,3
54409,1
11381,3
11381,1
67385,3
67385,1
172041,3
172041,1
132825,3
132825,1
193186,3
193186,1
269848,3
269848,1
120715,3
92209,3
500138,3
258794,3
84463,3
84463,1
97871,3
97871,1
97002,3
97002,1
132433,3
132433,1
11403,1
66455,3
66455,1
11406,3
11406,1
264588,3
264588,1
287393,3
11408,3
11408,1
11410,3
11410,1
43937,3
132867,3
132867,1
286405,3
46434,3
46434,1
76251,3
76251,1
327473,3
327473,1
93757,3
80504,3
355302,3
355303,3
355303,1
355304,3
350406,3
355305,3
335380,3
522859,3
355306,3
76432,3
59347,1
190011,1
363360,1
369986,1
384684,1
299449,1
134886,1
336531,1
317008,1
237442,1
363361,3
53531,1
317009,1
224376,3
11492,1
368054,1
195274,1
328795,1
169668,1
134885,3
11500,1
170951,1
177544,1
51961,1
251915,1
134984,1
68135,3
129199,1
78616,1
115875,1
71006,1
297719,1
46012,3
46013,1
298519,1
55055,1
362758,1
162385,3
367662,3
62642,3
362759,1
362760,1
76648,1
517116,1
517117,3
138720,3
138720,1
52221,1
127972,1
284449,1
354445,1
174892,1
345384,1
190012,1
505046,3
505046,1
316312,1
317455,1
329942,3
362762,1
210480,1
195421,3
195421,1
106854,3
106854,1
106857,3
106857,1
106879,1
66970,1
227382,3
227382,1
381011,3
381011,1
376196,3
376196,1
378180,3
378180,1
269606,3
269606,1
387440,1
387526,3
387526,1
315346,3
315346,1
304592,3
304592,1
275942,3
275942,1
69636,3
69636,1
51244,3
51244,1
334993,3
334993,1
206081,3
206081,1
282140,1
239086,1
126566,1
261427,3
11553,1
335516,1
118904,1
25663,1
82687,1
386503,3
386503,1
386672,3
386672,1
386686,3
386686,1
386688,3
386688,1
386691,3
386691,1
386428,3
386428,1
386429,3
386429,1
386552,3
386552,1
386715,3
386715,1
386720,3
386720,1
386508,3
386508,1
386727,3
386727,1
386512,3
386512,1
386437,3
386437,1
386518,3
386737,3
386737,1
386448,3
386448,1
386738,3
386738,1
386716,3
386716,1
386721,3
386721,1
386687,3
386687,1
386692,3
386692,1
386689,3
386689,1
386728,3
386728,1
386553,3
386553,1
346123,3
346123,1
70730,1
344620,1
11732,1
118888,1
369590,1
99748,1
120362,1
110000,1
115581,1
47413,1
134658,3
11785,3
11785,2
85130,3
85130,2
135485,3
68973,3
68973,2
11789,3
93193,3
92546,3
353742,1
387346,1
88890,1
522872,1
522871,1
64553,1
64554,1
43502,3
138637,3
138637,1
318356,3
303933,3
52214,3
108542,3
118626,3
290370,3
11832,3
113968,3
113968,1
336207,3
68141,3
378939,3
11837,3
118625,3
195796,3
97468,3
124359,3
138416,3
114669,3
136860,3
376400,3
11839,3
272763,3
377774,3
118627,3
147694,3
93120,3
327046,3
285929,3
63068,3
74444,3
243708,3
11905,3
101584,3
235053,3
263775,3
114850,3
263766,3
263774,3
92958,1
75157,1
73177,1
194937,1
64950,1
68476,1
78081,1
76278,1
224401,1
373805,1
41793,1
204350,1
518453,1
505207,1
62487,1
508257,1
380173,1
367520,1
60561,1
11916,1
167899,1
11917,1
11918,1
79410,1
54016,1
129852,1
180568,1
11920,1
376108,1
11922,1
122296,1
58755,1
89773,1
81791,1
88993,1
516366,1
83043,1
83806,1
369090,1
521341,1
69216,1
204352,1
298254,1
367604,1
308217,3
308217,1
326601,1
46015,1
160161,3
61888,1
90573,1
179325,1
279730,1
371968,1
348195,1
72674,1
317161,1
373202,1
363279,1
366054,1
87840,1
200319,1
228586,1
117122,1
55857,1
139083,1
347803,1
382811,1
83438,1
66838,1
294420,1
294418,1
227784,1
86478,1
62939,1
120190,1
68622,1
365921,1
366764,1
100152,1
525443,1
524854,1
525381,1
310761,1
210800,1
348099,1
57423,1
126709,1
81006,1
161603,1
49446,1
366297,1
119079,1
119081,1
50939,1
12015,3
12015,1
250936,3
387845,1
180974,1
180974,3
12040,3
118285,3
118285,1
115220,3
115220,1
25407,3
25407,1
140153,3
140153,1
68052,1
68052,3
183327,1
183327,3
305827,1
178739,1
272979,1
87822,1
87822,3
48100,1
48100,3
77011,1
12058,1
515286,1
105733,1
12085,1
12117,3
353719,3
138153,3
74441,3
113970,3
196175,1
366133,3
366133,1
366268,1
12225,3
296645,3
12228,1
154143,3
154143,1
119970,1
231699,1
12242,1
44416,1
79115,1
378987,1
327505,1
163242,1
217683,1
119641,1
184831,1
87896,1
408477,1
23139,1
12253,1
12254,1
20150,1
407552,1
407599,1
12257,1
12259,1
22908,1
24432,1
12262,1
12265,1
12270,1
39121,1
408543,1
165243,1
12281,1
136296,1
153096,3
153096,1
202687,1
87435,1
12299,3
12299,1
320220,3
320220,1
151440,3
151440,1
77338,1
323399,1
12315,1
65965,1
283634,1
12318,3
12323,3
283461,3
387738,3
128742,1
47999,3
47999,1
12369,3
160282,3
60892,1
63514,1
294517,1
250184,1
77200,1
108623,1
42560,1
74081,1
147606,3
147606,1
109724,1
102890,1
69598,1
343626,1
51572,1
76785,1
57223,1
49837,1
252231,1
82533,1
192229,1
72212,1
67013,1
54834,1
110630,1
66227,1
169954,1
43637,1
75616,1
168782,1
155906,1
112075,1
146856,1
240903,1
194058,1
119643,1
111945,1
75161,1
512570,1
134552,1
70302,1
46345,1
195984,1
164947,1
53730,1
86211,1
317056,3
317056,1
124914,1
101976,1
288967,1
80423,1
79962,1
119279,1
82069,1
83316,1
286270,3
62682,1
213223,1
317322,1
125924,1
109444,1
308920,1
74032,1
227331,1
130370,1
229581,1
324352,1
84731,1
83869,1
67650,1
180691,1
129210,1
70598,1
268933,1
62711,1
78966,1
101738,1
83467,1
256974,1
355658,1
112243,1
199373,1
351339,1
355661,1
355667,1
355623,1
85247,1
120950,1
84222,1
224457,1
12393,1
12394,1
240359,1
12396,1
376017,3
376017,1
12406,1
360602,1
74534,1
57311,1
12410,3
12413,3
108918,3
108918,1
154514,1
380560,1
52161,3
253205,1
346135,1
76333,3
300257,1
270593,3
270593,1
331612,1
72813,1
344265,1
361475,1
361477,1
361483,1
361689,1
83971,1
84565,1
48112,1
504497,1
504436,1
504524,1
504332,1
512200,1
363341,1
285683,1
503816,1
504503,1
504258,1
504252,1
511309,1
363344,1
380561,1
208132,1
361476,1
361478,1
361484,1
154659,1
154659,3
61872,1
253561,1
44075,1
12444,3
183825,1
79042,1
501498,1
503587,1
323393,1
75127,1
153306,1
56688,1
202832,3
139979,3
63957,3
63957,1
336540,3
336540,1
53367,1
12464,1
12464,3
12471,1
99125,1
323582,1
42706,1
125123,1
95183,1
224498,1
72815,1
184496,1
182125,1
363086,3
380207,3
304364,3
522849,3
362960,3
20617,1
19968,3
12494,3
103707,3
304363,3
20612,3
87514,3
183165,3
20598,3
247490,3
522850,3
68075,3
68075,1
12506,3
388112,3
84069,3
48060,3
12514,3
368057,3
368057,1
12515,3
20624,3
377211,1
12517,3
47970,3
20613,3
63225,3
301107,1
300648,1
522138,3
522138,1
77933,3
77933,2
77933,1
152088,3
116286,3
116286,2
12596,1
368066,1
370732,1
370733,1
361611,1
320814,1
304997,1
372810,1
370730,1
356863,1
522381,1
327507,1
372319,1
168525,1
249868,1
142885,1
361856,1
244646,1
311044,1
201599,1
372722,1
356853,1
372318,1
244969,1
372479,1
332967,1
372493,1
332968,1
87887,1
119645,1
12610,1
318719,1
12618,1
106442,1
318721,1
263735,1
243089,1
305934,1
47824,3
47824,2
12665,3
12665,2
345644,3
383977,3
386884,3
386884,1
383979,3
383979,1
60856,3
60856,1
217436,3
217436,1
156990,3
156992,3
156992,1
301109,3
301109,1
301108,3
301108,1
239891,1
235856,1
235863,3
235863,1
369648,3
369648,1
254808,3
235866,1
41945,1
210902,3
130027,3
130027,1
137985,3
524883,3
524883,1
253641,3
235876,1
235881,3
235881,1
284147,3
520348,3
351058,1
290684,1
382813,3
162921,3
47440,3
47440,1
162923,3
162923,1
300652,3
300652,1
300653,3
300653,1
97404,1
64744,1
270273,1
72313,1
90909,3
100517,1
367597,3
111289,3
111289,1
86856,1
86857,3
86857,1
80054,3
80054,1
117204,3
79910,1
77171,1
81372,1
139812,1
233313,1
67311,1
98368,1
169364,1
139249,3
139249,1
353557,3
163045,1
227837,1
152022,1
169014,1
12731,3
12731,1
12733,1
502673,3
511173,3
517830,3
522521,3
519673,3
519673,1
319826,3
319826,1
156988,3
153581,3
302334,3
525261,3
525261,1
248771,3
270753,3
209669,3
147583,3
248765,3
209675,3
209672,3
209672,1
265999,3
285884,3
522207,3
353405,3
361690,3
521910,3
353407,3
370646,3
384698,3
360604,3
521971,3
518081,3
521962,3
360332,3
337434,3
525328,3
525328,1
502310,3
510440,3
504731,3
517583,3
162922,3
522157,3
519233,3
519233,1
337435,3
315613,3
325499,3
352267,3
352272,3
352270,3
315618,3
12751,3
12751,1
186842,3
56648,3
56648,1
130028,3
130029,3
97337,3
97337,1
84215,3
84215,1
341154,3
341154,1
341153,3
341153,1
255733,1
97211,3
97211,1
47323,1
56951,3
56951,1
115905,3
115905,1
75702,3
75702,1
189986,1
114560,1
189984,1
387419,1
380522,3
380522,1
380523,1
380524,1
211496,3
211496,1
43353,1
140057,1
300649,3
300649,1
349806,1
102901,3
102901,1
12758,3
12758,1
197253,3
197253,1
98008,1
98008,3
72865,3
72865,1
285956,3
285956,1
363780,3
363780,1
80748,1
80748,3
97389,3
97389,1
252006,1
359164,3
359164,1
344279,3
344279,1
359165,3
359165,1
367521,3
367521,1
380525,1
380526,1
184225,3
12834,3
249899,3
249899,1
320891,3
207823,3
207823,1
211769,3
211769,1
213686,3
213686,1
320892,3
211527,3
211527,1
202694,3
202694,1
42140,3
12855,3
331601,3
139782,1
525175,3
525333,3
74299,3
321357,3
321357,1
46550,1
12890,1
24404,3
24404,1
13009,3
371588,3
224548,1
13012,3
59546,3
247862,3
536957,3
374968,3
47637,3
49384,1
374970,3
519993,1
521359,1
13018,3
523229,1
178272,3
149227,3
81170,3
227423,3
227424,3
13246,3
55955,3
192902,3
209582,3
98942,3
243408,3
97182,3
240860,3
138779,1
177312,1
132247,3
202299,3
117884,3
181708,3
142061,1
86153,1
88442,1
13274,1
120501,1
13286,1
82444,1
54272,3
54272,1
271570,3
271570,1
13342,3
13342,1
233431,3
127269,3
174904,3
275840,3
55060,3
25662,3
46474,3
504797,3
294549,3
294549,1
62651,3
117561,3
117561,1
94727,3
226795,3
226795,1
152417,3
152417,1
124818,3
181314,3
126211,3
126211,1
45566,3
45566,1
80465,3
124771,3
57624,3
125126,3
217099,3
217099,1
255079,3
62827,3
62827,1
13392,3
13392,1
44806,1
51659,3
180011,3
69562,3
88445,3
170064,3
136367,3
71613,3
337155,3
78012,3
13423,3
13423,2
13423,1
269617,3
244381,3
248017,3
84115,1
196336,3
67342,3
81716,1
116717,3
96048,3
118212,3
81595,3
234865,3
224623,3
100527,3
113841,3
275102,3
25913,3
169722,3
136279,3
138172,3
138172,1
48906,3
48906,1
72333,3
349807,3
73323,1
182346,3
182346,1
297298,3
181618,3
181618,1
224631,1
112114,1
54003,3
54003,1
530818,3
530818,1
152216,1
181922,3
181922,1
383885,1
226737,3
90747,3
90747,1
13551,3
13551,2
13556,3
115952,3
224640,1
95893,3
301069,3
118344,3
73174,3
212100,3
324417,3
324417,1
152288,1
67797,3
209173,3
13615,1
180146,3
180146,1
78926,1
152060,1
118346,1
68008,1
528869,1
72823,3
72823,1
54432,3
54432,1
90812,3
90812,1
57958,3
57958,1
48968,3
48968,1
13637,3
13637,1
104293,1
13648,1
57875,1
72559,1
53826,1
115781,3
115781,1
97578,1
270093,1
131020,2
508219,3
75230,2
240245,3
51540,3
270625,3
66152,3
525622,3
533347,3
533178,3
532047,3
248960,3
149476,3
63586,3
63586,2
170499,3
60698,3
86924,3
86924,2
521125,3
57486,3
286100,3
57724,3
370960,3
170432,3
349887,3
371697,3
531228,3
236235,3
105421,3
66585,3
224653,3
280239,3
342784,3
342784,2
77323,3
131940,3
57806,3
352439,3
374265,3
89590,3
351103,3
131497,3
532704,3
531219,3
532320,3
377238,3
342618,3
506532,3
274799,3
274799,2
274803,3
507393,3
386951,3
505087,3
506791,3
506533,3
274800,3
526007,3
274802,3
334275,3
334276,3
537006,3
506565,3
532313,3
525742,3
525716,3
525782,3
49736,3
98264,3
531288,3
13673,3
317568,3
237944,3
370941,3
100010,3
324151,3
369401,3
98166,3
359192,3
521470,3
525649,3
532618,3
525636,3
525657,3
325001,3
325005,3
64069,3
322275,3
76732,3
370946,3
218976,3
97756,3
372004,3
371696,3
371699,3
371702,3
367799,3
525626,3
525626,2
307863,3
62011,3
44261,3
44261,2
135761,3
375986,3
46951,3
128986,3
521340,3
301492,3
334479,3
116046,3
333018,3
388570,3
220054,3
350026,3
525358,3
254156,3
254156,2
220051,3
370971,3
388573,3
370974,3
220055,3
352437,3
220052,3
388572,3
531112,3
333019,3
531104,3
534646,3
531105,3
322324,3
41356,3
534843,3
250483,3
531114,3
101459,3
47349,3
531106,3
525932,3
531115,3
525817,3
525869,3
370967,3
370973,3
388575,3
524869,3
531113,3
388576,3
248961,3
535886,3
101479,3
370948,3
13681,3
13681,2
91016,3
91016,2
91805,3
91805,2
131268,3
131268,2
92149,3
92149,2
92643,3
92643,2
83535,3
350721,3
359303,3
192710,3
85021,3
126746,3
73821,3
115924,3
171012,3
49921,3
237226,3
149463,3
65236,3
133900,3
78127,3
136073,3
179074,3
49493,3
531109,3
531109,1
174358,3
536545,3
536545,1
133936,3
284168,3
350829,3
350725,3
228940,3
133901,3
133901,2
179086,3
531102,3
531102,1
531103,3
531103,1
73872,3
297820,3
76060,3
169051,3
220119,3
179151,3
533763,3
533763,1
535799,3
535799,1
369855,3
369855,1
533191,3
533191,1
508297,3
508297,1
293612,3
180859,3
136217,3
136217,1
109199,3
42800,3
105243,3
136218,3
174396,3
174396,1
130579,3
68380,3
68381,3
103700,3
127843,3
144836,3
306768,3
67709,3
268881,3
133903,3
524671,3
150713,3
70333,3
124908,3
533435,3
533435,1
78326,3
47117,3
84538,3
533283,3
533283,1
220125,3
322396,3
76838,3
113414,3
45297,3
61411,3
534469,3
534469,1
179185,3
350025,3
85872,3
284241,3
46220,3
72718,3
534592,3
534592,1
71792,3
211578,1
533670,3
533670,1
81703,3
533190,3
533190,1
136222,3
533473,3
533473,1
46740,3
313960,3
64143,3
109945,3
174498,3
360520,3
531111,3
531111,1
62303,3
56734,3
13705,3
179174,3
13711,3
13711,2
227544,3
227545,3
359798,2
336583,3
100550,3
100550,2
89770,3
89770,2
13728,3
525470,3
227222,3
227222,2
76754,3
76754,2
194408,3
180322,3
27307,3
27307,2
27307,1
13740,3
13740,2
13740,1
128306,3
128306,2
89187,3
224683,3
224683,2
224683,1
92295,3
92295,2
96744,3
91009,3
99972,3
99972,2
99972,1
60748,3
60748,2
238040,3
238321,3
242038,3
242040,3
13747,3
187115,3
13755,3
308129,3
20545,3
20545,2
95403,3
95403,2
70481,3
48146,2
98741,2
13785,3
13791,3
61873,3
525393,3
212145,3
66144,3
224692,3
96213,3
83468,3
13806,1
139224,1
505085,3
519843,3
512600,3
231138,3
151019,3
151019,2
13830,3
42027,3
13837,3
520611,3
518923,3
512554,3
13841,2
72682,3
13842,3
90965,3
92244,2
99365,3
13863,3
13863,2
208089,3
23987,2
56258,3
368171,3
322971,3
221428,3
325663,3
226369,3
85547,3
66665,3
299665,3
72854,3
226370,3
50522,3
50522,1
345506,3
345506,2
299666,3
277173,3
368198,3
13877,3
322985,3
370123,3
299679,3
91708,3
368216,3
284216,3
81858,3
81858,2
322987,3
518154,3
368221,3
54236,3
368231,3
214915,3
224703,3
149182,3
149182,2
370984,3
224704,3
134917,3
382552,3
323958,3
192723,3
13896,3
42021,3
13900,3
60954,3
60954,2
334155,3
333020,3
333020,2
334156,3
334157,3
224706,3
335678,3
521107,3
224707,3
337086,3
337087,3
274801,3
59754,3
224708,3
336724,3
344489,3
257156,3
334159,3
354941,3
224710,3
314200,3
314201,3
522726,3
13904,3
42019,3
42019,2
97512,3
97512,2
344552,3
344552,2
224691,3
388578,3
13793,3
113807,3
13846,3
94403,1
117229,3
318043,3
318042,3
318046,3
272677,1
386913,3
386913,2
386913,1
351708,3
351708,2
351708,1
50576,3
50576,2
50576,1
13944,3
13944,2
13944,1
334661,3
334661,2
334661,1
517845,1
71488,3
71488,1
60042,3
60042,1
253589,1
252614,3
132238,3
77691,3
49738,3
49738,1
67404,3
240129,3
30292,1
220820,3
62605,3
136924,3
314202,3
90767,3
175804,3
88436,1
88436,3
270597,3
61178,3
154961,3
151053,3
135762,3
41310,3
93860,3
186847,3
94000,3
109651,3
136722,3
115224,3
129587,3
41275,3
92192,3
194888,3
46672,3
119026,3
326225,3
165908,3
136887,3
44666,3
90932,3
212309,3
375969,3
292564,3
137190,3
204868,3
151060,3
136717,3
134090,3
46238,3
54752,3
104289,3
14147,3
14147,2
217004,3
55194,3
116959,3
180026,3
96761,3
47351,3
14148,3
47514,3
90805,3
102863,3
128960,3
41303,3
57974,3
14153,3
256212,3
286946,3
83886,3
41307,1
41307,3
41291,3
93181,3
99583,3
95848,3
125011,3
103320,3
117333,3
90437,3
90437,1
120572,3
104134,3
97945,3
14155,3
87071,3
135984,3
78937,3
78937,1
535539,3
285146,3
286505,3
14156,3
98771,3
139757,1
139757,3
82286,3
247729,1
369130,1
78775,1
183276,1
97572,1
51010,1
67376,3
67376,1
211507,1
14171,1
125231,1
93092,1
76866,1
14181,1
41860,1
14184,1
92427,1
326605,1
352878,1
71379,1
101797,1
116974,1
343941,1
96017,1
352764,1
352765,1
352766,1
88973,1
117959,1
60933,1
237217,1
97573,1
80923,1
126275,1
94660,1
115472,3
115472,1
118090,1
29243,1
29269,1
128969,1
236642,3
326255,1
14341,1
90792,1
293662,1
383296,1
293664,1
174716,1
174715,1
353643,1
359803,1
14345,3
14374,2
14375,1
14379,3
144240,1
514485,1
140986,3
140986,1
55064,3
268009,3
334161,3
378993,1
360635,1
14468,3
140841,1
181895,1
306965,1
306967,1
84315,1
306280,3
306280,1
316398,1
41739,1
367800,1
234061,3
234061,1
15819,3
15819,1
120557,3
15929,3
141038,3
141038,1
137537,3
137537,1
139759,3
139759,1
214971,3
214971,1
227648,3
227648,1
249824,3
249824,1
125755,3
125755,1
119768,3
119768,1
129797,3
129797,1
129859,3
129859,1
195690,3
195690,1
102756,3
102756,1
90209,3
90209,1
139818,3
139818,1
131330,3
131330,1
119759,3
119759,1
228005,3
228005,1
86714,3
86714,1
139417,3
139417,1
105004,3
105004,1
142405,3
142405,1
126761,3
126761,1
119697,3
119697,1
43614,3
43614,1
150363,3
150363,1
128047,3
128047,1
297374,3
297374,1
129399,3
129399,1
118225,3
118225,1
308722,3
308722,1
353375,3
353375,1
129571,3
129571,1
138945,3
138945,1
129805,3
129805,1
145487,3
129266,3
129266,1
176226,3
176226,1
128212,3
128212,1
287515,3
287515,1
333367,3
333367,1
50433,3
50433,1
303031,3
290505,3
290505,1
122397,3
122397,1
70154,3
70154,1
145144,3
145144,1
192203,3
192203,1
125823,3
125823,1
144925,3
144925,1
256852,3
256852,1
330248,3
330248,1
339419,3
339419,1
129783,3
129783,1
269203,3
373399,3
373399,1
511604,3
511604,1
228007,3
228007,1
214889,3
214889,1
62234,3
62234,1
116260,3
116260,1
121830,3
121830,1
139566,3
139566,1
128839,3
128839,1
118156,3
118156,1
129960,3
129960,1
198947,3
198947,1
142264,3
142264,1
170483,3
170483,1
47313,3
47313,1
57373,3
57373,1
90929,3
90929,1
121829,3
121829,1
162263,3
127988,3
127988,1
352491,3
352491,1
51632,3
51632,1
160267,3
103846,3
103846,1
48469,3
48469,1
511317,3
511317,1
373401,3
373401,1
284651,3
284651,1
94433,3
94433,1
341407,3
341407,1
82597,3
82597,1
129230,3
129230,1
147241,3
147241,1
249823,3
249823,1
385103,3
385103,1
214970,3
214970,1
254832,3
254832,1
330303,3
330303,1
341431,3
341431,1
366253,3
366253,1
80097,3
80097,1
54502,3
54502,1
333592,3
333592,1
191401,3
191401,1
505183,3
505183,1
92977,3
92977,1
192741,3
192741,1
180282,3
180282,1
108164,3
108164,1
138532,3
138532,1
129235,3
129235,1
98906,3
98906,1
175656,3
175656,1
150530,3
150530,1
218152,3
218152,1
91608,3
91608,1
67129,3
67129,1
190983,3
237155,3
237155,1
90312,3
90312,1
341481,3
341481,1
254839,3
254839,1
198948,3
198948,1
209930,3
209930,1
85318,3
85318,1
129806,3
129806,1
86521,3
86521,1
157812,3
157812,1
46685,3
46685,1
94268,3
94268,1
269196,3
215527,3
215527,1
129875,3
129875,1
74301,3
74301,1
129798,3
129798,1
84472,3
84472,1
98490,3
98490,1
90609,3
90609,1
272969,3
272969,1
56495,3
56495,1
307117,3
307117,1
307118,3
307118,1
193774,3
193774,1
312223,3
312223,1
92512,3
152048,3
96047,3
165233,3
167270,3
311191,3
360041,3
303349,3
303350,3
320074,3
303354,3
165234,3
227961,3
320075,3
303348,3
16089,3
202078,3
96917,3
16090,3
503863,3
16091,3
325452,3
16092,3
319262,3
59166,3
318411,3
192388,3
148158,3
49539,3
270778,3
318409,3
318410,3
255102,3
131571,3
296909,3
182953,3
140451,3
316769,3
16093,3
16094,3
521036,3
203545,3
372114,3
265713,3
313511,3
159791,3
166331,3
311189,3
88140,3
150009,3
229790,3
16095,3
167274,3
300876,3
272776,3
365445,3
168744,3
195433,3
162695,3
317975,3
378950,3
324277,3
195014,3
197953,3
345151,3
515088,3
324603,3
368868,3
303345,3
334494,3
140449,3
83681,3
21533,3
270598,3
272002,3
181911,3
275556,3
281056,3
117860,3
197334,3
16096,3
16097,3
296063,3
351635,3
167271,3
296060,3
296062,3
25322,1
245758,1
25323,1
357364,1
192478,1
100907,1
49406,1
521592,3
522982,3
385151,3
362447,3
370676,3
517396,3
207781,3
207781,1
368985,3
512307,3
521130,3
272777,3
306281,3
522621,3
503756,3
333835,3
170742,3
170742,1
253590,1
517337,3
517337,1
80563,3
87682,3
87682,1
51124,3
51124,1
255199,3
255199,1
99677,3
99677,1
127751,3
44766,3
375155,3
375155,1
361504,3
361504,1
361512,3
361512,1
361506,3
361506,1
361508,3
361508,1
380543,3
380543,1
505565,3
505565,1
361514,3
361514,1
380547,3
380547,1
506971,3
506971,1
380138,3
380138,1
322097,3
322097,1
504996,3
504996,1
504995,3
254612,3
254612,1
131882,3
362291,3
137210,3
285616,3
285616,1
359833,3
359833,1
361535,3
361535,1
272970,3
272970,1
383714,1
251260,3
226667,3
226667,1
237625,3
237625,1
343475,3
343475,1
536515,3
536515,1
225344,3
225344,1
272684,3
524772,3
524772,1
137849,3
137849,1
180804,3
180804,1
526392,3
526392,1
134146,3
117110,3
503957,3
503957,1
504994,3
383725,1
524743,3
524743,1
380139,3
380139,1
372008,3
372008,1
85526,3
85526,1
16309,1
63299,3
63299,1
16313,3
16313,1
199724,1
286660,3
286660,1
16326,3
69546,3
69546,1
281253,3
281253,1
386644,1
361067,3
361067,1
169859,3
169859,1
138249,3
368272,3
368272,1
275628,3
275628,1
368267,3
368267,1
368270,3
368270,1
121813,3
361505,3
361505,1
361507,3
361507,1
361513,3
361513,1
361509,3
361509,1
361511,3
361511,1
505588,3
505588,1
361515,3
361515,1
380548,3
380548,1
251591,3
251591,1
69170,1
87735,3
87735,1
59646,3
59646,1
383523,1
304195,3
304195,1
519935,3
519935,1
360736,1
208831,3
208831,1
214504,3
214504,1
214506,3
214506,1
135570,3
135570,1
379640,1
204355,3
204355,1
16351,3
16351,1
207942,3
207942,1
523673,3
523673,1
182689,3
360333,3
360333,1
512549,3
512549,1
150683,3
150683,1
505571,3
387382,3
387382,1
384906,3
384906,1
194596,3
194596,1
359904,3
359904,1
374680,3
526561,3
526561,1
275962,3
275962,1
346129,3
526365,3
526365,1
346130,3
361292,3
361302,3
361302,1
346127,3
346127,1
215137,3
526206,3
526206,1
526174,3
526174,1
352770,3
352770,1
84354,3
526322,3
526322,1
325158,1
325158,3
169439,3
169439,1
307932,3
307932,1
307933,3
307933,1
308928,3
308928,1
78346,3
523519,3
523519,1
523520,3
523520,1
196999,3
196999,1
254120,3
254120,1
69231,3
69231,1
119288,3
521567,3
132930,3
132930,1
80823,3
80823,1
116167,3
384731,3
384732,3
384732,1
122046,3
273958,3
241749,3
241749,1
522754,3
522754,1
505235,3
505235,1
374687,3
374263,3
374263,1
374108,3
374108,1
361032,3
361032,1
212316,3
210907,3
210907,1
535740,3
535740,1
505237,3
505237,1
505551,3
505551,1
526245,3
526245,1
103050,3
360658,3
360658,1
178569,3
523512,3
523512,1
523513,3
523513,1
297022,3
297022,1
299721,3
299721,1
361536,3
361536,1
522108,3
297303,3
297304,3
297304,1
299723,3
299723,1
361291,3
361301,3
361301,1
344291,3
344291,1
298739,3
506724,3
506724,1
297433,3
297433,1
127389,3
83262,3
54154,3
127449,3
127449,1
48279,1
48279,3
150943,3
150943,1
45291,3
45291,1
524594,3
524594,1
97906,3
97906,1
81578,3
81578,1
319142,1
365999,3
365999,1
307061,3
307061,1
307062,3
307062,1
361591,3
361591,1
249878,3
249878,1
300358,3
300358,1
219527,3
251985,1
299640,3
299640,1
16379,1
374690,3
374690,1
521212,3
521212,1
523848,3
523848,1
523747,3
523847,1
523847,3
523748,3
523748,1
523845,3
523845,1
523850,3
523850,1
138169,3
387219,1
299728,3
299728,1
104558,3
225356,3
16375,3
319966,3
319966,1
327470,1
327470,3
217129,3
217129,1
384727,3
384727,1
182915,3
182915,1
113681,3
113681,1
227385,3
105652,3
105652,1
133942,3
133942,1
342566,3
342566,1
357884,3
357884,1
386310,3
76545,3
116993,3
116993,1
104072,3
104072,1
389165,3
389165,1
523751,3
169513,3
169513,1
388562,3
357883,3
357883,1
341055,3
341055,1
500806,3
500806,1
194524,3
161284,3
161284,1
337037,3
53308,3
53308,1
56726,3
517126,3
125627,3
66376,3
63876,3
518451,3
360601,3
360601,1
350027,3
350027,1
87436,3
87436,1
517125,3
383145,3
153227,3
226857,3
16398,3
16399,3
225364,3
66599,3
56035,3
505006,3
343017,3
336383,3
183840,3
263272,3
76164,3
370622,1
350968,1
16428,1
251898,1
288166,1
65994,1
121120,1
82956,1
333170,3
333170,2
354227,3
354227,2
354258,3
354258,2
137208,3
137208,2
354255,3
354255,2
315832,3
315832,2
264544,3
264544,2
327539,3
327539,2
132416,3
132416,2
354254,3
354254,2
131604,3
131604,2
181974,3
181974,2
376468,3
376468,2
376469,3
376469,2
193760,3
193760,2
150618,3
150618,2
16471,3
16471,2
355308,3
355308,2
16472,3
16472,2
237905,3
237905,2
48249,3
48249,2
114998,3
114998,2
16474,3
16474,2
139141,3
139141,2
214852,3
214852,2
16476,3
16476,2
97353,3
97353,2
89993,3
89993,2
152272,3
152272,2
354250,3
354250,2
82355,3
82355,2
174521,3
174521,2
76668,3
76668,2
293388,3
293388,2
333164,3
333164,2
333149,3
333149,2
116713,3
116713,2
90897,1
92198,1
218670,1
98369,1
82608,1
328870,3
310923,1
16589,1
154434,1
83719,1
525629,3
517678,3
134659,3
135777,3
179270,3
16511,1
82835,1
170240,1
92253,1
195376,3
56866,1
87461,1
153958,3
153958,1
279290,3
279290,1
225395,1
80796,1
255734,1
328878,3
134109,1
225400,1
70077,1
273959,1
174131,1
525862,1
363168,1
287233,3
72366,3
72366,1
525630,1
165197,1
306148,1
64651,3
64651,1
136255,1
51081,1
155678,1
120537,1
95238,1
91841,3
91841,1
134781,1
328882,3
204222,1
227213,1
207298,1
182830,1
96144,3
98553,3
522106,3
69057,1
284803,1
134105,3
54660,1
69547,3
216428,1
358918,1
371817,1
294527,1
287792,1
287791,1
95360,1
120538,1
105013,1
96307,3
16525,1
51428,1
328588,1
328590,1
353502,1
341059,1
341058,1
341057,3
341057,1
347548,1
380218,1
522723,3
522336,3
522510,3
522338,3
525243,3
520937,3
522594,3
328887,3
367672,3
80624,1
75722,1
254369,3
219498,3
216427,1
16583,1
182793,1
517609,3
517688,3
517640,3
252010,3
66135,1
349273,3
196547,3
89358,3
225461,1
53309,1
55103,3
95703,1
74269,3
225469,1
91882,1
225471,1
63982,3
137748,3
61416,1
91080,1
133173,1
525166,3
84210,3
48926,1
77277,1
345566,1
371814,1
371005,1
343207,1
79655,1
97785,1
317676,1
317677,1
172923,1
92308,1
215621,1
215667,1
522335,1
352282,1
368278,3
368278,1
368279,1
368276,1
522329,1
135776,3
518294,3
522132,3
525365,3
522034,3
522133,3
522337,3
522136,3
525773,1
511305,1
337612,1
337613,1
210932,1
148163,3
368280,1
333519,1
359749,1
112556,3
225480,1
88164,1
225483,1
225490,1
246156,3
16551,1
214590,1
16562,3
16562,1
244788,1
16571,3
16571,1
85465,3
225513,1
16582,1
168553,3
16588,3
521376,3
16592,3
16592,1
16593,3
16602,3
131922,3
16615,3
136494,3
138757,3
16620,3
16620,1
95096,1
352772,1
121634,1
161137,1
16670,1
172088,1
225535,1
225541,1
225543,1
16681,3
16681,2
16684,1
171818,1
42747,1
16693,1
161144,1
92249,3
16731,1
16732,3
67822,1
16745,3
16745,1
302785,1
180503,1
98506,1
16752,3
49914,3
186740,1
47527,1
60245,1
210063,1
180268,1
271669,1
48927,1
84358,1
227018,1
77276,1
98248,3
98248,1
89318,1
128987,1
253579,1
134920,3
297311,3
297311,1
368284,1
245492,1
140073,1
529102,1
380148,1
517894,1
151754,1
115890,1
299506,1
299506,3
66606,1
304927,1
281840,1
50020,1
529118,1
367375,1
380574,1
360408,1
285688,3
285688,1
72836,3
72836,1
350497,3
350497,1
304928,1
304928,3
368283,3
368283,1
169440,1
201321,1
201321,3
92638,3
92638,1
286056,1
216354,1
169441,1
221101,1
350029,3
350029,1
211715,1
211715,3
219311,1
16774,1
80072,1
20666,1
348155,1
79139,3
79139,1
323377,1
323377,3
244103,3
244103,1
16776,3
16776,1
182258,1
370282,3
370282,1
16843,1
114934,1
27290,1
47777,1
16849,1
257091,1
179884,3
179884,1
124393,1
16860,1
94182,1
368286,1
286325,1
360449,1
344561,1
16875,1
58082,3
58082,2
59021,2
48929,1
54468,3
54468,1
41928,1
25476,1
25476,3
364689,1
215234,1
505475,1
202933,1
59588,1
250942,1
505480,1
110619,1
336181,1
246604,1
369443,1
347502,1
505479,1
67800,1
350969,1
300450,1
270599,3
270599,1
190637,1
211610,1
375060,1
369444,1
250088,1
522011,3
522011,1
116851,3
116851,1
112671,1
112671,3
277897,1
277897,3
105622,1
105622,3
352223,1
352223,3
155551,3
155551,1
95560,3
95560,1
59367,3
59367,1
124786,1
124786,3
82166,3
82166,1
83240,3
83240,1
124787,3
124787,1
124788,3
124788,1
73216,3
73216,1
49975,3
49975,1
181520,1
99771,3
99771,1
131905,1
125918,1
125918,3
115015,3
115015,1
138949,3
138949,1
92712,3
92712,1
77962,1
77962,3
277944,3
277944,1
131885,1
110135,3
110135,1
86028,3
86028,1
59096,3
59096,1
79243,3
79243,1
61530,3
61530,1
113053,3
113053,1
93547,1
93547,3
107981,1
41564,1
41564,3
135496,3
135496,1
26195,1
26195,3
270255,3
270255,1
175867,3
175867,1
208780,3
208780,1
311,3
311,1
26197,1
26197,3
26203,1
26203,3
131890,3
131890,1
177522,1
177522,3
97048,3
97048,1
166043,3
166043,1
258409,3
258409,1
258410,1
258410,3
258411,3
258411,1
258413,3
258413,1
258414,3
258414,1
258416,3
258416,1
258417,3
258417,1
258418,3
258418,1
258419,3
258419,1
58901,3
58901,1
44577,3
44577,1
166045,1
166045,3
258425,3
258425,1
94371,3
94371,1
297704,3
297704,1
297702,1
297702,3
381636,1
381636,3
381637,1
381637,3
381638,1
381638,3
381639,1
381639,3
131895,3
131895,1
155004,3
155004,1
170991,3
170991,1
324872,3
324872,1
141042,3
141042,1
516360,3
516360,1
52649,3
108704,1
107992,1
107992,3
150665,1
140273,1
153458,1
107982,1
185165,1
368780,3
93255,3
44044,3
363,3
154630,3
373760,3
365,3
151261,3
217574,3
180983,3
178348,3
194890,3
186904,3
185556,3
199039,3
151069,3
26253,3
257141,3
101787,3
257139,3
270257,3
171087,3
186748,3
152300,3
185295,3
293668,3
179243,3
178349,3
185205,3
222455,3
143008,3
257134,3
258399,3
185558,3
26260,3
26260,2
404,3
404,2
347519,3
347519,2
178352,3
178352,2
348060,3
348060,2
500282,3
500282,2
334572,3
368302,3
517747,3
42803,3
304346,3
46118,3
46118,1
432,3
185444,3
536373,1
531222,1
368518,1
319268,1
329062,1
531021,1
296290,1
185692,1
185696,1
506,1
58566,1
127587,1
185707,1
185708,1
249097,3
568,3
526,3
185784,3
185779,3
543,3
73944,3
559,3
560,3
567,3
562,3
73422,3
565,3
370232,3
370232,1
294256,3
324257,3
94690,3
367851,3
367851,1
343574,3
341791,3
168016,3
168016,1
343575,3
343575,1
343576,3
343576,1
343577,3
343577,1
195239,3
195239,1
101269,3
101269,1
349767,3
275618,3
332719,3
332719,1
335559,3
335559,1
26365,3
300337,3
343579,3
343579,1
117019,3
517748,3
268739,3
268739,1
213567,3
26367,3
168106,3
168106,1
126390,3
126390,1
307876,3
613,3
26370,3
284941,3
221227,3
221227,1
315573,3
315573,1
163765,3
163765,1
504146,3
49377,3
49377,1
221983,3
308135,3
521811,3
100083,3
43535,3
43535,1
91971,3
316700,3
168018,3
168018,1
385186,3
385186,1
90020,3
117820,3
287315,3
181282,3
181282,1
341790,3
341790,1
531201,3
104035,3
26377,3
343583,3
343583,1
202387,3
202387,1
112676,3
535532,3
198992,3
518010,3
521916,3
535595,3
308098,3
308098,1
132268,3
253980,3
194501,3
194501,1
117020,3
117020,1
206745,3
98921,3
98921,1
227359,3
227359,1
135630,3
135630,1
172211,3
172211,1
343585,3
325897,3
343589,3
343589,1
339269,3
339269,1
297915,3
194543,3
194543,1
339278,3
319239,3
325898,3
297679,1
152942,3
152942,1
26397,3
317153,3
172221,3
343591,3
343591,1
206749,3
206749,1
294257,3
108932,3
108932,1
98922,3
98922,1
305117,3
300339,3
194836,3
264715,3
273925,3
273925,1
349769,3
349769,1
137463,3
517448,3
343592,3
343592,1
343594,3
343594,1
26403,3
307877,3
307877,1
236139,3
172222,3
251139,3
46436,3
323495,3
269554,3
373267,3
343597,3
287317,3
231276,3
350929,3
343598,3
528790,3
273329,1
381615,3
48874,3
323496,3
26388,3
339273,3
219698,3
311326,3
285843,3
117021,3
386111,3
257837,3
343599,3
169026,3
343600,3
519476,3
280942,3
176953,3
343601,3
168028,3
227361,1
307878,3
220763,3
112569,3
345666,3
343604,3
513775,3
92934,3
93577,1
77122,3
323497,3
323498,3
339267,3
343607,3
151350,3
118953,3
255364,3
291199,3
299845,3
308141,3
115844,3
343608,3
239994,3
127140,3
168031,3
343609,3
89124,3
343610,3
26412,3
190689,3
385118,3
170077,3
169725,3
343612,3
280943,3
194535,3
343613,3
299843,3
180905,3
26414,3
299844,3
164018,3
198043,3
299846,3
313751,3
313752,3
349773,3
349774,3
316391,3
524465,3
510839,3
103649,3
231048,3
332743,3
168032,3
332744,3
170163,3
270190,3
125048,3
332745,3
255425,3
206751,3
242223,3
381618,3
168969,3
46659,3
255335,3
323501,3
385796,3
385796,1
517526,3
316641,3
316639,3
316640,3
207816,3
287319,3
251144,3
316642,3
176272,3
108578,3
115845,3
339255,3
521917,3
372018,3
198911,3
381611,3
536110,3
43536,3
172215,3
172215,1
386380,3
372599,3
370403,3
370403,1
385798,3
385798,1
219706,3
72183,3
270874,3
139913,3
139913,1
372733,3
372733,1
367547,3
181292,3
350487,3
350487,1
517983,3
42574,3
382855,3
521553,3
368967,3
176470,3
505407,3
505407,1
501717,3
65201,3
270872,3
270872,1
618,3
65202,3
217978,3
114007,3
116816,1
98052,1
46051,3
135628,3
168123,3
104261,1
68172,1
104027,3
117819,1
166440,3
79224,3
339256,3
365698,1
187434,3
156018,3
298783,1
228151,1
251141,1
221559,3
511010,3
352612,1
325900,3
154386,3
185813,3
168026,3
201529,3
242258,3
77453,3
77453,1
502702,3
138586,3
138586,1
380705,3
503092,3
502293,3
185814,3
140253,3
198583,3
198583,1
376719,1
529100,1
182071,3
182071,1
386115,3
386115,1
313009,1
315656,3
315656,1
109004,3
109004,1
316687,3
316687,1
382796,3
382796,1
67593,3
67593,1
151737,1
286280,3
286280,1
345667,3
345667,1
345668,3
345668,1
343731,3
343731,1
342653,3
342653,1
355956,1
355956,3
342654,1
342654,3
358738,3
358738,1
374392,3
374392,1
195241,1
285580,1
171088,3
171088,1
299906,3
299906,1
294386,3
294386,1
286281,3
286281,1
302854,3
302854,1
155294,3
155294,1
346619,1
503848,1
529149,1
370759,1
500569,1
500569,3
45790,1
26430,1
182847,1
210306,3
210306,1
212189,3
212189,1
113328,3
113328,1
77314,3
77314,1
47316,1
190130,1
26431,1
164191,3
164191,1
272834,3
272834,1
336413,3
336413,1
210339,1
210338,1
218193,1
108381,1
210303,3
210303,1
361695,3
361695,2
361694,3
361694,2
185922,3
185922,1
185927,3
185927,1
529723,1
303979,1
185939,3
707,3
67615,3
67615,1
79008,3
79008,1
185978,1
246078,3
278466,3
292373,1
222092,1
186039,2
97910,2
49933,3
49933,1
334903,3
334903,1
374849,3
374849,1
115897,3
115897,1
237661,3
237661,1
53832,3
53832,1
91746,3
91746,1
177771,3
177771,1
124957,3
124957,1
285395,1
222487,3
222487,1
194897,3
194897,1
330665,3
330665,1
149019,1
149019,3
26460,3
26460,1
186107,3
802,3
802,1
811,3
811,1
26953,3
26953,1
218844,3
218844,1
82668,3
82668,1
186127,3
186127,1
186128,3
186139,3
186139,1
26473,3
119400,3
186154,3
186154,1
186158,3
186158,1
186160,3
186160,1
186161,3
186161,1
104259,3
104259,1
57088,3
57088,1
186213,3
186213,1
186215,3
844,3
273407,3
273407,1
26488,3
26488,1
186238,3
82799,3
82799,1
95236,3
95236,1
20407,3
20407,1
59709,3
59709,1
870,3
870,1
180957,3
180957,1
195244,3
195244,1
115818,3
882,3
188330,3
188330,1
60555,3
60555,1
522393,1
381559,1
381560,1
20130,1
521380,1
156172,3
156172,1
105545,3
105545,1
989,3
334323,3
180805,3
168803,3
248838,3
270877,3
334324,3
521540,3
112187,3
334325,3
104356,3
103945,3
316451,3
359384,3
101992,3
229835,3
307598,3
104442,3
276508,3
228341,3
180814,3
254360,3
146341,3
180813,3
87041,3
243591,3
115044,3
182343,3
522284,3
111129,3
254468,3
102358,3
47766,3
180845,3
120254,3
113365,3
360528,3
156525,3
318449,3
135426,3
359366,3
517559,3
377000,3
377001,3
369981,3
517635,3
316464,3
191449,3
102464,3
376756,3
109937,3
227032,3
521291,3
306945,3
315669,3
376757,3
118260,3
104386,3
358743,3
517228,3
373764,3
517398,3
375256,3
375258,3
367359,3
358745,3
517223,3
1013,3
1013,1
67996,3
67996,1
195737,3
195737,1
308370,3
308370,1
88083,3
1019,3
164020,3
180958,3
46694,3
26541,3
186635,1
285582,3
137924,3
188111,3
1096,3
46168,3
1105,1
62685,1
188175,1
188178,1
27339,3
66164,3
89231,3
26614,3
1136,3
1136,2
188240,3
188240,2
33975,3
352075,3
511788,3
382595,3
526143,3
525915,3
153786,3
331542,3
380709,3
194582,3
380707,3
511322,3
510554,3
526332,3
525570,3
281271,3
136854,3
526594,3
501470,3
386381,3
386382,3
362634,3
66590,3
519501,3
525778,3
379221,3
386717,3
270261,3
42902,3
525902,3
379222,3
522015,3
526593,3
384405,3
510336,3
382798,3
382799,3
517610,3
510549,3
138937,3
138927,3
207817,3
1259,3
252302,3
360685,3
1261,3
1261,1
350983,3
350983,1
54231,3
108342,3
99862,3
62145,3
47292,3
95915,3
350193,3
307607,3
305917,3
84030,3
102330,3
104888,3
124790,3
112682,3
101703,3
387078,3
350982,3
334704,3
120863,3
89883,3
1272,3
236247,3
179927,1
251571,1
211345,1
347382,1
96611,1
1336,3
1336,1
1337,3
1337,1
216989,3
216989,1
119989,3
119989,1
99433,3
99433,1
188578,3
156267,3
188610,3
346022,1
343223,1
319302,1
319294,1
82775,1
131753,3
134800,3
26823,3
134805,3
131754,3
171512,3
135357,3
201269,3
99387,3
272299,3
272299,1
158937,3
124683,3
252892,3
99954,3
152031,3
180602,3
275148,3
275148,1
237833,3
158938,3
82155,3
270263,3
365769,3
273511,3
50923,3
197862,3
197861,3
199287,3
126010,3
138260,3
187700,3
131127,3
112683,3
63126,3
94289,3
187231,3
334455,3
334456,3
334457,3
352568,3
187233,3
187232,3
217636,3
104043,3
131134,3
89424,3
79095,3
71322,3
83477,3
89040,3
365771,3
1397,3
96038,3
188779,3
188779,1
168424,3
1400,3
1400,1
367690,3
365768,3
188785,3
1402,3
166835,3
166835,1
211392,3
66230,3
66230,1
125886,3
222543,3
344324,3
134899,3
217635,3
50524,3
226720,3
1418,3
188794,3
188795,3
76171,3
226432,3
90541,3
90541,1
129260,3
188797,3
100859,3
76758,3
113447,3
127548,3
270358,3
270358,1
102083,3
217619,3
217637,3
102283,3
112596,3
94677,3
521979,3
521979,1
138467,3
57865,3
273035,3
136353,3
58071,3
170645,3
26822,3
92199,3
70593,3
100875,3
59420,3
59420,1
101673,3
61063,3
101709,3
217643,3
269949,3
85898,3
85898,1
131116,3
116115,3
111511,3
131118,3
316910,3
113448,3
113449,3
93994,3
231525,3
231525,1
52448,3
52448,1
59841,3
59841,1
82760,3
82760,1
27024,3
27024,1
95931,3
95931,1
1544,3
19775,3
1549,3
189077,3
1560,3
105216,3
1572,1
195107,1
20685,1
1601,1
171710,3
1621,1
135501,3
138675,3
1625,1
101981,1
96270,1
1632,1
27124,1
27124,3
217003,1
217003,3
50719,1
50719,3
41862,1
41862,3
189234,1
135566,3
222578,3
1648,1
20696,3
269100,3
94127,3
94973,3
162490,3
57813,1
174756,3
174756,2
137522,3
137522,2
114455,3
114455,2
43609,1
42514,1
28199,3
41557,3
41557,1
27186,3
23020,1
1712,1
1713,1
189469,1
24369,1
70391,1
259196,1
189471,1
175139,3
175139,1
182415,3
182415,1
152305,3
152305,1
151236,3
151236,1
170039,3
170039,1
351396,3
351396,1
309156,3
309156,1
351397,3
351397,1
521489,3
521489,1
153971,3
153971,1
267898,3
267898,1
115056,3
115056,1
327489,3
327489,1
164123,3
164123,1
517480,3
517480,1
373908,3
373908,1
325544,3
325544,1
517542,3
517542,1
175141,3
175141,1
117822,3
267896,3
267896,1
164122,3
164122,1
366596,3
366596,1
517767,3
517767,1
512278,3
512278,1
366597,3
366597,1
521304,3
521304,1
517277,3
517277,1
517645,3
517645,1
325545,3
325545,1
517670,3
517670,1
517686,3
517686,1
517392,3
517392,1
517149,3
517149,1
186761,3
186761,1
517196,3
517196,1
517724,3
517724,1
521190,3
521190,1
521297,3
521297,1
517154,3
517154,1
124336,3
57814,3
55243,3
105050,3
94251,1
27912,1
97068,3
285982,1
27427,3
27918,1
231633,1
27930,1
127486,3
208285,3
92177,1
231613,3
196140,1
196140,3
231617,3
231640,3
231636,1
300296,3
300296,1
138069,3
138069,1
315298,3
315298,1
52849,1
110022,1
64760,1
93599,1
526405,1
112696,1
112696,3
104200,1
104200,3
90434,3
210322,1
68333,3
231635,1
93600,1
93600,3
156398,3
156398,1
125391,3
43484,3
43484,1
194753,3
27233,3
92009,1
96474,1
64370,3
95452,1
79024,3
58476,3
92243,1
27240,1
1761,3
48314,3
94764,3
231642,3
306792,3
285833,3
135951,3
323056,3
210422,3
153632,3
323941,3
86735,3
74974,3
77372,3
73726,3
68116,3
93240,3
92796,3
171031,3
89263,3
97656,3
95395,3
42227,3
91677,3
95437,3
92833,3
130455,3
71540,3
44626,3
89370,3
255349,1
255349,3
78927,3
76029,3
156399,3
156399,1
183820,3
75406,3
181831,1
181831,3
143083,3
143083,1
340745,3
340745,1
340625,3
340625,1
340746,3
340746,1
369287,3
369287,1
283819,3
283819,1
139834,3
139834,1
79488,1
93410,1
1758,1
93411,1
112697,1
86322,3
71820,3
71820,2
261469,3
261469,2
112600,3
112600,2
130626,3
130626,2
27436,3
27436,2
63575,3
63575,2
53224,3
53224,2
27474,3
27474,2
274493,3
94205,3
94205,2
46410,3
46410,2
317260,3
317260,2
181504,3
181504,2
215399,3
215399,2
1800,3
1800,2
195891,3
195891,2
222624,3
222624,2
95205,3
95205,2
1802,3
1802,2
98215,3
98215,2
112734,3
112734,2
27437,3
27437,2
358895,3
358895,2
244948,3
244948,2
70698,3
70698,2
241682,3
241682,2
66994,3
66994,2
244921,3
244921,2
112736,3
112736,2
89741,3
89741,2
226225,3
226225,2
1813,3
1813,2
90861,3
90861,2
27448,3
27448,2
112766,3
112766,2
228781,3
228781,2
130140,3
130140,2
250922,3
250922,2
217072,3
217072,2
1846,3
1846,2
103161,3
103161,2
92639,3
92639,2
94693,3
94693,2
284068,3
284068,2
176978,3
176978,2
96340,3
96340,2
1819,3
1819,2
91524,3
91524,2
348420,3
348420,2
180816,3
180816,2
139008,3
139008,2
80554,3
80554,2
112765,3
112765,2
27485,3
27485,2
95005,3
95005,2
89340,3
89340,2
91823,3
91823,2
62539,3
62539,2
27442,3
27442,2
98550,3
98550,2
249457,3
249457,2
256292,3
256292,2
171089,3
171089,2
227939,3
227939,2
368554,3
368554,2
227942,3
227942,2
1832,3
1832,1
47943,3
47943,2
210913,3
210913,2
152171,3
152171,2
315796,3
315796,2
351136,3
351136,1
226835,3
226835,2
217075,3
299477,3
210915,3
256204,3
327490,3
171399,3
171399,1
256205,3
256205,2
177871,3
27542,3
27542,1
73684,3
73684,2
64774,3
64774,1
1870,3
1870,1
208898,3
208898,2
250467,3
250467,1
42197,3
42197,2
374014,3
374014,2
323943,3
62713,3
62713,2
279758,3
279758,1
168502,3
168502,2
333800,3
333800,1
54716,3
1871,3
1871,2
370855,3
370855,1
218453,3
283444,3
283444,1
317259,3
254902,3
272658,3
316689,3
316689,2
68220,3
68220,1
352455,3
206999,3
193257,3
124187,3
317258,3
272660,3
90309,3
90309,2
365838,3
365838,2
151351,3
151351,1
243331,3
294578,3
299026,3
345669,3
325819,3
96169,3
96169,2
238665,3
99937,3
99937,2
526671,3
227216,3
227216,2
358899,3
53322,3
53322,2
58752,3
58752,2
47807,3
47807,2
70408,3
114008,3
1881,1
191121,3
79123,3
169361,1
22641,1
203007,1
327838,1
203008,1
521378,1
195294,1
256512,1
521090,1
272664,1
272665,1
248926,1
85945,1
317629,1
182443,1
102147,1
51273,1
275572,1
278109,1
102748,3
529831,3
530955,3
525469,3
526233,3
529833,3
56803,3
56803,1
181785,3
181785,1
525546,3
374574,1
87911,3
92696,3
92696,1
351810,3
108733,3
108733,1
108799,3
108799,1
71867,3
71867,1
529830,3
529832,3
530877,3
530878,3
530885,3
530914,3
530914,1
64098,3
64098,1
203582,3
203582,1
102278,3
102278,1
236250,3
112196,3
112196,1
272792,3
272792,1
257060,3
257060,1
187742,3
187742,1
108379,3
108379,1
58825,3
58825,1
99116,3
99116,1
112222,3
112222,1
2029,3
2029,1
20098,3
20098,1
71337,3
71337,1
143362,3
143362,1
272800,3
272800,1
272812,3
272812,1
257064,3
257064,1
257062,3
257062,1
272784,3
272784,1
257063,3
257063,1
181811,3
181811,1
257061,3
257061,1
2054,3
303921,3
191039,3
284161,3
141226,3
367697,3
367697,2
367697,1
98233,3
362393,3
362393,2
362393,1
27846,3
298698,3
298698,2
298698,1
384145,3
384145,2
384145,1
222373,3
151238,1
203946,3
27869,1
151208,3
151208,1
203959,3
203959,1
377721,1
377729,1
377732,3
377732,1
124649,1
377707,1
525984,3
525984,1
50098,3
513811,3
513857,3
204197,3
204197,2
156539,3
198276,3
198275,3
368856,1
239995,3
239995,1
2406,1
217655,3
217655,1
271681,1
157261,1
205202,1
124184,1
2472,3
24949,3
24949,1
205336,1
28114,1
104238,2
512382,3
90908,3
129802,3
129802,1
93664,3
93664,1
97597,1
75751,1
28255,3
368944,3
28244,3
28247,3
205937,3
182543,3
95506,3
226078,3
176636,3
101282,3
101282,1
2638,3
318581,3
318581,1
2712,3
2712,1
93848,3
270922,3
270922,1
333437,3
318755,3
99598,3
99598,1
313312,3
318745,3
242731,3
94539,3
313311,3
339300,3
241576,1
308039,3
308039,1
2826,3
2826,1
219703,3
219703,1
25513,3
25513,1
121631,3
121631,1
103718,3
103718,1
306455,3
306455,1
273354,3
273354,1
113936,3
113936,1
105677,3
105677,1
169866,3
169866,1
347322,3
347322,1
2830,3
2830,1
206517,3
206517,1
243417,3
91219,3
367699,3
367699,1
500332,3
500332,1
179956,3
179956,1
94303,3
134761,3
51112,3
342418,3
342418,1
85551,3
85551,1
219953,3
327491,3
327491,1
374207,3
374207,1
374209,3
374209,1
217077,3
124342,3
341597,3
341597,1
304038,3
304038,1
92993,3
92993,1
281842,3
270552,3
339086,3
339086,1
206602,3
206602,1
2895,3
2895,1
70984,3
70984,1
206759,3
206764,3
206764,1
2906,3
2906,1
204486,1
206243,3
344763,3
345788,3
203357,3
206674,3
374306,3
98271,3
2937,3
64301,3
97303,3
206798,3
206798,1
28687,3
96408,3
96408,1
135660,3
209903,3
209903,1
198328,3
45325,3
45325,1
206677,3
206677,1
50853,3
50853,1
95589,3
93512,3
240032,3
96778,3
80596,3
28691,3
90552,3
119992,3
206802,3
206802,1
29191,3
29191,1
206688,3
206688,1
2956,3
98227,3
254918,3
50299,3
50299,1
70261,3
85755,3
241690,3
366825,3
72984,3
72984,1
48595,3
65874,3
75929,3
181152,3
228981,3
219443,3
76799,3
222909,3
180986,3
111766,3
237930,3
226837,3
226837,1
120442,3
120443,3
120445,3
120446,3
198336,3
171270,3
171270,1
180952,3
181521,3
219444,3
168464,3
77412,3
77412,1
2968,3
2968,1
206808,3
206808,1
190008,3
206810,3
51128,3
206812,3
206812,1
2983,3
2983,1
206779,3
206779,1
66661,3
66661,1
116033,3
182956,3
182956,1
309899,3
309899,1
51527,3
51527,1
206814,3
206814,1
2987,1
127301,3
166567,3
308436,3
28761,3
94336,3
300809,3
177926,3
138809,3
308442,3
228827,3
28751,3
372553,3
372555,3
378422,3
378423,3
372554,3
378419,3
361841,3
352463,3
352464,3
352465,3
352466,3
352461,3
352469,3
3049,3
222919,2
227237,3
281209,2
46499,2
226177,3
226177,1
209483,2
89736,2
115791,2
3086,3
3086,2
3092,2
104111,3
153563,3
121614,2
3100,2
28793,2
86916,2
153887,3
153887,2
208449,1
24141,1
98609,1
270933,1
183193,1
194773,1
82052,1
3233,3
28868,3
119904,3
98965,3
169178,1
307095,1
58326,1
272916,1
516737,1
75483,1
3367,3
182824,1
93739,1
170635,1
93520,1
135504,1
315766,3
315766,2
24968,3
24968,2
97111,3
97111,2
210072,3
210074,3
210083,3
193092,3
3702,3
257857,3
210120,3
210104,3
45715,3
45715,1
279239,1
3711,3
20494,3
20494,2
513893,3
513893,2
513894,3
513894,2
106365,3
106365,2
3715,3
3715,2
77732,3
77732,2
368019,3
368019,1
227863,3
253990,1
277303,1
240737,1
123597,1
123389,1
325543,1
123600,1
370805,3
370805,1
122761,3
122761,1
123588,1
60702,1
210698,1
29251,1
233046,1
327871,3
327871,1
211382,1
3782,3
61278,3
61278,1
120486,3
200173,3
222992,3
120487,3
3784,3
94146,3
94146,1
157678,3
157678,1
211453,3
211453,1
211476,3
212456,3
212458,3
61781,3
210825,3
210825,1
3839,3
3846,3
3846,1
29362,1
168246,3
168246,1
250611,3
250611,1
226840,3
226840,1
317639,3
350368,3
504575,3
136044,3
136044,1
211256,3
140310,1
211257,3
342963,3
342963,1
116315,1
342656,3
342656,1
504153,3
349474,3
317638,3
3946,3
113782,3
113782,1
287332,3
287332,1
150669,3
150669,1
135831,3
135831,1
118431,3
118431,1
165549,3
165549,1
367583,3
367583,1
195960,3
195960,1
44904,3
115809,3
56617,3
326080,3
326080,1
218981,3
218981,1
194856,3
194856,1
327135,3
322228,3
4022,1
213396,1
521826,1
521281,1
521160,1
521112,1
521829,1
521526,1
521365,1
521740,1
521709,1
521142,1
521782,1
521294,1
521247,1
521080,1
521707,1
213417,3
213417,1
72772,1
51907,3
150915,3
187795,3
507670,3
507119,3
507265,3
507411,3
507450,3
507154,3
507109,3
507342,3
507342,1
64828,3
97463,3
30562,3
213718,3
4305,1
43653,1
311205,3
320786,3
320786,1
154651,3
99710,3
99710,1
82741,3
195307,3
195307,1
4369,3
4369,1
72121,3
72121,1
52420,3
52420,1
89827,3
89827,1
171245,3
208813,3
58807,3
211493,3
20544,3
20544,1
4529,3
153698,3
529315,3
529314,3
54178,3
194170,3
194170,1
218454,3
218454,1
518719,1
4710,1
81197,1
517421,3
517421,1
370029,3
370029,1
368947,3
368947,1
357259,3
241104,3
520066,3
239356,3
239356,1
93366,3
169485,3
30863,3
115630,3
30867,3
170367,3
105620,3
307957,3
88095,3
88095,1
76626,3
109118,3
30870,3
30870,2
30870,1
79621,3
49393,3
49393,1
212068,3
196337,3
30871,3
240178,3
30872,3
30872,1
64668,3
196616,3
196616,1
30874,3
154650,3
128468,3
48033,3
30875,3
30875,1
53500,3
95344,3
194173,3
25737,3
117814,3
30881,3
270543,3
168290,3
168290,1
51626,3
344385,3
226348,3
242409,3
344386,3
344387,3
344387,1
170654,3
72131,3
108111,3
378943,3
316747,3
236953,3
300810,3
152718,3
272864,3
95890,3
64385,3
271136,3
344388,3
344388,1
298708,3
117830,3
236954,3
171094,3
168509,3
95162,3
352718,3
349779,3
351170,3
270557,3
352719,3
311327,3
94372,3
94372,1
25590,3
30894,3
95163,3
53928,3
53929,3
68511,3
66172,3
79047,3
30895,3
90740,3
48459,3
231559,3
325131,3
286363,3
117123,3
93796,3
30898,3
521934,3
275544,3
83436,3
217219,3
271068,3
117991,3
135063,3
350383,3
142614,3
118138,3
118138,1
4823,3
133926,3
88928,3
149124,3
108416,3
253860,3
253859,3
76132,3
76132,2
76132,1
215277,3
215256,3
131440,3
118012,3
109592,3
57802,3
512599,3
255214,3
181716,3
231556,3
92445,3
117804,3
135058,3
126645,3
170344,3
84257,3
89746,3
95168,3
117953,3
139194,3
231549,3
167903,3
4826,3
109469,3
109469,1
117965,3
117965,1
135050,3
521651,3
117966,3
117966,1
64912,3
272719,3
155290,3
155290,1
56402,3
103688,3
103688,1
500004,3
101729,3
103507,3
103507,1
228395,3
228395,1
215275,3
70622,3
79043,3
118082,3
174793,3
174793,1
95717,3
67277,3
215278,3
215279,3
51939,3
102789,3
138472,3
137783,3
87212,3
117810,3
103223,3
118010,3
118010,1
110418,3
117811,3
79787,3
141459,3
43789,3
118014,3
117812,3
334958,3
251940,3
135052,3
215268,3
117979,3
91552,3
306799,3
370856,3
134426,3
5091,3
353578,3
353578,1
377094,3
377094,1
341637,1
20363,1
50876,2
30990,2
158275,2
63995,2
68305,3
68305,2
91044,2
54705,3
54705,2
320311,3
334133,3
284503,3
5225,3
60928,1
82287,1
69036,1
5285,3
5286,3
5287,3
105264,3
368341,3
233084,3
317700,3
143919,3
374709,3
143921,3
136686,3
275880,3
263364,3
280915,3
196872,3
241150,3
504465,3
250279,3
77518,3
241153,3
241484,3
241263,3
306536,3
270721,3
344065,3
344065,1
344066,3
344066,1
137112,3
137112,1
511544,3
511544,1
511637,3
525788,3
256246,3
256246,1
214469,3
214469,1
183435,3
183435,1
531294,3
167985,3
167985,1
256242,3
256242,1
379479,3
69233,3
69233,1
511310,3
511310,1
525524,3
531298,3
511351,3
211805,3
211805,1
256249,3
256249,1
371961,3
371961,1
58058,3
58058,1
23679,3
23679,1
73161,1
64480,1
73224,1
116159,3
116159,1
72701,1
318714,1
158384,3
104193,3
104193,1
114430,3
114430,1
317021,3
317021,1
297976,3
297976,1
69769,3
69769,1
5640,3
5681,1
256748,1
227807,1
345340,3
345340,1
155917,1
108751,3
176248,1
117441,1
307756,1
180834,3
193784,1
209688,1
193785,1
234040,1
193791,1
219218,1
195949,3
292524,1
109093,3
180837,3
115020,3
78954,1
66231,3
157919,1
304373,1
347525,1
194239,3
234734,1
143263,1
113185,3
190507,3
265807,1
296411,1
361843,3
361843,1
175324,1
103900,1
252493,1
115029,3
74429,1
161130,1
157920,1
161129,1
143266,1
157924,1
132150,1
113186,3
72780,1
304372,1
135668,1
324310,1
361842,3
361842,1
298673,1
304374,3
5707,1
252496,3
297654,1
21600,1
49277,1
271849,1
85511,3
85511,1
5799,3
5799,1
182469,3
182469,1
100137,3
100137,1
504882,3
504882,1
212097,3
212097,1
176855,3
176855,1
5800,3
5800,1
99768,3
99768,1
240652,3
240652,1
157444,3
157444,1
171268,3
171268,1
28611,3
28611,1
62715,3
62715,1
228301,3
228301,1
22601,3
22601,1
229937,3
229937,1
186945,3
186945,1
147412,3
191632,3
71017,3
297725,3
297725,1
5822,1
5826,1
51638,1
5829,3
5829,1
5831,1
5836,1
129292,1
374242,3
374242,1
367724,3
367724,1
359111,3
359111,1
86119,3
362483,3
362483,1
273579,1
378964,3
378964,1
216986,3
216986,1
340836,3
340836,1
50896,3
348124,3
348124,1
368681,3
368681,1
348116,3
348116,1
320152,3
320152,1
370226,3
370226,1
300495,3
300495,1
44603,3
44603,1
57854,3
57854,1
61132,3
61132,1
5856,3
5856,1
64656,3
64656,1
31809,3
31809,1
5857,3
5857,1
30581,3
30581,1
20080,3
20080,1
42026,1
113605,3
113605,1
130168,1
5859,3
5859,1
29564,3
29564,1
194142,3
194142,1
5861,3
5861,1
319453,3
319453,1
293747,3
55541,3
55541,1
33042,3
33042,1
31807,3
31807,1
97206,3
97206,1
150196,3
154916,3
154916,1
348107,3
348107,1
348125,3
348125,1
376666,3
376666,1
348109,3
348109,1
348110,3
348110,1
348113,3
348113,1
319427,3
319427,1
348123,3
348123,1
344184,3
344184,1
339206,3
339206,1
319426,3
319426,1
320153,3
320153,1
370224,3
370224,1
361693,3
361693,1
5929,3
5929,2
303824,3
98915,3
523181,1
514303,1
152039,3
168646,3
5982,3
48611,3
48611,1
138265,3
138265,1
5985,3
197258,3
197258,1
118648,3
118648,1
124304,3
6009,3
41697,3
241495,3
171667,3
31920,1
168293,1
59824,3
74751,1
52747,3
66691,3
195633,3
270362,3
223284,3
73733,3
247591,3
25911,3
198014,3
179018,1
374905,3
240462,3
117960,3
525955,1
253850,1
273014,1
316311,1
364438,1
386934,1
376795,1
370700,1
370109,1
370701,1
364440,1
354187,1
317848,1
327462,1
350500,1
318744,1
353065,3
353065,1
379487,1
353088,1
331255,3
331255,1
380440,1
384451,1
519227,1
291144,1
336459,1
336464,1
353806,1
317255,1
336468,1
316738,1
356009,1
322204,1
353808,1
236523,1
218857,1
511797,1
511608,1
236512,1
299826,1
226845,1
368504,1
359552,1
323539,1
344850,1
250226,1
280222,1
316525,1
511727,1
511699,1
284878,1
355913,1
376792,1
376793,1
511714,1
514314,1
511896,1
355912,1
370183,1
382620,1
341825,1
298512,1
281353,1
506547,1
506809,1
525789,1
525983,1
536431,1
536424,1
387497,1
535875,1
376796,1
511533,1
345344,1
298392,1
384453,1
382281,1
382283,1
319813,1
524953,1
333866,1
291249,1
360494,1
315659,1
243583,1
349587,1
242601,1
500162,1
345325,1
357382,1
336470,1
318015,1
506630,1
357379,1
341816,1
336473,1
505306,1
374245,1
359664,1
378558,1
362019,1
505302,1
384499,1
362016,1
211129,1
374395,1
247663,1
307893,1
368901,1
317031,1
256127,1
207836,1
209583,1
212177,3
212177,1
203358,3
203358,1
237576,1
211394,1
358808,1
322079,1
354660,1
518118,1
240827,1
384500,1
322497,1
306758,1
317429,1
336475,1
307897,1
252157,1
234979,1
336477,1
299827,1
269586,1
521573,1
283437,3
283437,1
208849,1
280229,1
307895,1
322081,1
505301,1
334667,1
258672,3
519024,1
359112,1
320143,1
355910,1
316206,1
351191,1
315600,1
350010,1
354186,1
316392,1
323826,1
236525,1
361241,1
505298,1
355911,1
367732,1
374243,1
374344,1
357383,1
374244,1
511330,1
367736,1
372607,1
324273,1
386742,1
364623,1
505281,1
350988,3
350988,1
350011,1
315603,3
315603,1
379488,1
518073,1
517998,1
380441,1
317503,1
505283,1
519406,1
384501,1
521504,1
525604,1
368685,1
367733,1
367734,1
368686,1
367735,1
505285,1
358809,1
525423,1
360225,1
374246,1
536152,1
358810,1
521320,1
384502,1
358811,1
526209,1
374346,1
511381,1
360495,1
358812,1
236524,1
521685,1
387734,1
357391,1
526230,1
505297,1
521184,1
174796,1
85689,1
253052,1
222173,1
152732,1
79523,1
256928,1
307891,1
166970,1
308100,1
228303,1
533188,1
223332,1
365025,1
312612,1
343909,1
364443,1
192522,1
219460,1
240655,1
355907,1
355906,1
211130,1
270364,1
300307,1
302882,1
363672,1
255215,1
297428,1
321446,1
143800,1
135670,1
56732,1
266170,1
97560,1
374266,1
291254,1
252055,1
318456,1
318458,1
184084,1
251963,1
285591,1
353811,1
269147,1
280593,1
317253,1
198559,1
206924,1
283060,1
307894,1
285237,1
189815,1
316551,1
211737,3
211737,1
179548,1
170775,1
129741,1
228306,3
175792,1
221110,1
182537,1
321447,1
219461,1
306251,1
253677,1
241760,1
270112,1
526193,1
140036,1
176980,1
285913,1
511418,1
216907,1
179551,1
69049,1
379496,1
98455,1
116492,1
505307,1
179552,1
384452,1
318457,1
317646,1
249928,1
249170,1
252056,1
56891,1
31972,1
206882,3
206882,1
207737,3
207737,1
238313,1
31983,1
31984,1
121788,1
124860,1
127508,1
195964,1
52840,1
139497,1
105703,1
186732,1
98351,1
194025,1
31982,1
192278,1
122388,1
165994,1
305894,3
54735,3
54735,1
6410,1
6474,3
53728,3
142251,3
142251,2
22014,3
22014,2
42307,3
183796,3
136018,3
284951,3
168651,3
124125,3
6504,2
32097,3
263345,3
101535,1
101547,1
90699,3
90699,1
333262,3
333262,1
102357,3
112605,3
92352,1
79614,3
223393,3
6729,1
127096,3
298032,1
192446,1
361540,1
226162,1
240753,1
272534,1
119503,1
109744,1
525382,1
322082,1
279361,1
254104,1
525521,1
80020,1
6778,1
50050,1
210851,1
525606,1
50051,1
525575,1
85244,1
70443,1
77242,1
286034,1
6779,1
274709,1
129742,1
110490,1
169827,1
309505,1
6785,1
64575,1
6787,1
152344,1
101815,1
249929,1
111678,1
53897,1
347720,1
373004,1
243426,1
80021,1
370887,1
348096,1
25532,1
524846,1
537066,1
529543,1
529691,1
536955,1
529567,1
529712,1
537128,1
529726,1
529609,1
32559,1
95846,1
285396,1
525433,1
371572,1
505219,1
110994,1
149973,1
525452,1
163701,1
308766,1
525556,1
79026,1
525424,1
521790,1
237577,1
289156,1
381186,1
520468,2
63015,3
63015,1
6915,3
6915,1
194497,3
194497,1
317509,3
317509,1
300515,3
300515,1
238315,3
238315,1
307898,3
6920,3
6920,1
197903,3
361738,3
361738,1
254611,3
254611,1
151243,3
151243,1
308281,3
274710,3
274710,1
51546,3
51546,1
164070,3
193295,3
193295,1
361652,3
361652,1
252158,3
252158,1
309796,3
93200,3
93200,1
324801,3
324801,1
361653,3
361653,1
357502,3
357502,2
357494,3
357494,2
116990,3
227946,1
112598,3
54703,1
246129,3
246129,1
23077,3
23077,1
32740,1
151724,1
172368,1
44046,3
65183,3
65183,1
151726,1
7088,3
89825,1
194885,1
212098,3
212098,1
46103,3
46103,1
223446,1
223447,1
354041,3
340640,3
209648,3
74723,3
183340,3
111068,3
181459,3
120471,3
502551,1
521665,1
32846,3
32846,1
7180,3
7180,1
306604,3
79319,3
79319,2
75999,3
75999,2
32864,3
90953,3
105452,3
105452,2
338093,3
77722,3
77722,2
76000,3
76000,2
53898,3
53898,2
7218,3
7218,2
64363,3
64363,2
7224,3
7224,2
64372,3
64372,2
75800,3
75800,2
7226,3
7227,3
57716,3
57717,3
71137,3
183210,3
7292,3
294389,3
93123,3
206993,3
33018,1
308063,1
64121,1
7364,1
69772,1
90389,1
201726,1
228310,1
7384,1
153133,1
7423,1
361008,1
360343,1
133297,3
133297,1
82205,3
82205,1
366180,3
366180,1
70085,3
70085,1
98551,3
86719,1
86719,3
383584,3
86852,3
61461,3
61461,1
94900,3
94900,1
536784,3
536784,1
90717,3
90717,1
175720,3
175720,1
228701,3
44214,3
44214,1
69780,3
69780,1
76633,1
76633,3
526443,3
526443,1
63052,1
63052,3
94864,3
94864,1
283383,3
283383,1
99790,3
99790,1
52411,3
526119,3
526119,1
93921,3
93921,1
168146,3
87155,3
69112,3
69112,1
92738,3
92738,1
526114,3
526114,1
95832,3
193044,1
193044,3
97847,3
97847,1
535876,3
535876,1
307063,3
307063,1
50791,3
62179,3
33200,3
33200,1
45060,1
45060,3
68796,3
68796,1
526118,3
526118,1
78157,3
78157,1
78207,3
78207,1
135183,1
135183,3
107015,3
107015,1
69560,3
69560,1
237211,3
237211,1
89399,3
89399,1
168945,3
168945,1
116940,3
116940,1
47883,3
91023,3
91023,1
33314,3
33314,1
73107,3
73108,3
73108,1
46744,3
46744,1
72664,3
95393,3
95393,1
92630,3
387464,3
387464,1
282602,3
282602,1
120474,3
120474,1
120475,3
120475,1
340710,3
354031,3
7598,3
7598,1
113555,3
113555,1
7601,3
7601,1
210774,3
210774,1
307825,3
307825,1
369897,3
369897,1
46021,3
46021,1
336579,3
336579,1
312723,3
312723,1
312722,3
312722,1
361708,3
361708,1
303255,3
303255,1
252514,3
252514,1
282053,3
282053,1
277859,3
277859,1
273634,3
273634,1
335640,3
335640,1
63441,3
63441,1
282052,3
282052,1
334053,3
334053,1
252153,3
252153,1
237998,3
237998,1
202680,3
202680,1
338976,3
338976,1
7765,3
279908,3
82761,3
90029,3
294677,3
294677,1
359925,3
239340,3
239340,1
101916,3
101916,1
59501,3
59501,1
97417,3
97417,1
136943,3
136943,1
207964,3
385027,3
385027,1
138689,3
138689,1
294678,3
294678,1
73963,3
73963,1
105248,1
7878,3
7895,3
7895,1
192449,3
192449,1
7908,3
272561,3
272561,1
355533,3
355533,1
178559,3
268707,3
268707,1
271974,3
271974,1
285043,3
97634,3
97634,1
236962,3
236962,1
70954,3
344941,3
298375,3
47885,3
47885,1
110482,3
110482,1
273054,3
174811,3
317247,3
291876,3
95384,3
95384,1
345149,3
382973,3
119805,3
119805,1
93963,3
93963,1
94021,3
65850,3
65850,1
99770,3
99770,1
7911,1
57229,3
57229,1
97229,3
7919,3
7919,1
44738,3
44738,1
63918,3
63918,1
7921,3
7921,1
24091,1
97052,3
97052,1
91748,3
91748,1
247333,3
247333,1
226653,3
226653,1
96015,3
96015,1
105634,3
105634,1
151199,3
151199,1
179984,3
179984,1
51605,3
51605,1
247337,3
247337,1
111198,3
111198,1
70682,1
323395,3
152734,3
152734,1
334574,3
334574,2
334574,1
90115,3
90115,1
241300,3
241300,1
79827,3
79827,1
52119,3
52119,1
236858,3
236858,1
286070,3
286070,1
7987,3
7987,1
7989,3
535839,3
535839,1
525530,3
525530,1
525478,3
525478,1
271163,3
271163,1
219291,1
219291,3
297262,3
297262,1
325071,3
325071,1
133580,3
133580,1
525449,3
525449,1
297263,3
297263,1
525580,3
525580,1
80877,3
80877,1
536058,3
536058,1
284674,3
284674,1
54596,3
54596,1
525801,3
525801,1
323574,3
323574,1
152241,3
152241,1
178768,3
178768,1
525425,3
525425,1
148441,3
148441,1
525590,3
525590,1
525618,3
525618,1
33579,3
33579,1
198201,1
198201,3
289226,3
289226,1
66923,3
66923,1
48936,1
48936,3
525555,3
525555,1
290585,1
290585,3
193680,3
193680,1
525380,3
525380,1
66782,3
66782,1
525378,3
525378,1
536639,3
536639,1
525613,3
525613,1
525552,3
525552,1
525589,3
525589,1
525475,3
525475,1
97195,3
97195,1
525564,3
525564,1
93826,1
93826,3
48988,1
48988,3
351590,3
351590,1
64973,1
64973,3
8000,3
8000,1
8016,3
8016,1
8025,3
8025,1
76826,3
76826,1
357162,3
357182,3
357217,3
357219,3
357224,3
357192,3
357192,1
357240,3
355300,3
25219,1
56123,1
8204,1
46406,3
46406,1
223732,3
223732,1
359842,3
359842,1
56869,3
56869,1
78650,3
78650,1
43304,3
43304,1
77021,3
77021,1
47380,3
47380,1
53794,3
53794,1
97592,3
97592,1
55074,3
55074,1
202844,3
202844,1
49766,3
49766,1
111125,3
111125,1
53071,3
53071,1
50142,3
64441,3
352427,3
220810,3
90846,3
361826,3
322085,3
205587,3
205587,1
194405,3
89456,3
180512,3
92537,3
237113,3
252896,3
252896,1
127493,3
323827,3
257550,3
257550,1
126137,3
45030,3
237092,3
237092,1
194407,3
218279,3
152206,3
205594,3
194248,3
33994,3
238476,3
238476,1
8455,1
255219,3
255220,3
255221,3
226323,3
325137,3
529022,3
177512,3
39133,3
8558,3
517375,3
384879,3
80934,3
69962,3
82763,3
155692,3
39132,3
93197,3
8569,3
165374,3
125488,3
42034,3
322044,3
101208,3
140005,3
271419,3
127826,3
344656,3
352152,3
352153,3
323116,3
298358,3
52786,3
182129,3
373710,3
358470,3
127799,3
162365,3
127800,3
314492,3
82024,3
65580,3
298133,3
335286,3
83399,3
182957,3
314493,3
79266,3
384520,3
346076,3
272799,3
253003,3
373574,3
227658,3
300759,3
111803,3
212633,3
344659,3
251059,3
237623,3
306047,3
145963,3
270976,3
344660,3
314494,3
182960,3
179294,3
369187,3
314495,3
195333,3
48684,3
358471,3
306801,3
195091,3
358472,3
352156,3
249344,3
209339,3
220141,3
249345,3
323117,3
182963,3
314496,3
384521,3
274003,3
250848,3
324547,3
335873,3
285772,3
314497,3
87976,3
52256,3
83976,3
325326,3
299951,3
79423,3
250980,3
373711,3
335874,3
344661,3
283981,3
149062,3
256316,3
358474,3
384524,3
369188,3
344662,3
358475,3
358476,3
140009,3
249346,3
127802,3
141186,3
333867,3
384427,3
149063,3
93151,3
181131,3
198397,3
171451,3
45692,3
208371,3
317369,3
87831,3
298147,3
49321,3
323838,3
335875,3
367154,3
171018,3
170133,3
335876,3
384108,3
108128,3
369189,3
314501,3
270986,3
335877,3
127803,3
352159,3
503401,3
358477,3
358478,3
270977,3
169095,3
270091,3
325838,3
39191,3
140331,3
316467,3
285736,3
114365,3
59072,3
344664,3
182975,3
250984,3
299957,3
78932,3
270205,3
68893,3
250849,3
193310,3
182978,3
182696,3
228879,3
358480,3
110483,3
335878,3
102046,3
227659,3
102047,3
274005,3
384112,3
358481,3
151021,3
316552,3
43872,3
183848,3
344665,3
335879,3
227660,3
317097,3
170522,3
39194,3
335880,3
352160,3
138729,3
88058,3
95690,3
344666,3
352161,3
83735,3
226785,3
358482,3
300707,3
344667,3
166290,3
384525,3
71118,3
39195,3
352162,3
109667,3
104268,3
503737,3
114367,3
179832,3
297986,3
323123,3
369191,3
170134,3
344668,3
343851,3
97860,3
342918,3
122343,3
228880,3
307351,3
325883,3
42138,3
42129,3
39199,3
39200,3
109341,3
111882,3
325328,3
352164,3
317522,3
89113,3
358483,3
108687,3
335882,3
206966,3
220143,3
384526,3
206968,3
79500,3
352165,3
358484,3
352166,3
206969,3
352167,3
138730,3
228882,3
352168,3
285337,3
344670,3
369192,3
180304,3
180439,3
226445,3
359289,3
98030,3
182983,3
314509,3
504559,3
292049,3
250850,3
154508,3
153378,3
352169,3
299961,3
269381,3
90725,3
174590,3
297020,3
325332,3
169015,3
273864,3
269045,3
344671,3
369193,3
373576,3
149064,3
146216,3
326449,3
352170,3
110091,3
292050,3
358487,3
249347,3
343241,3
384527,3
384528,3
124801,3
352171,3
384529,3
369194,3
342524,3
170569,3
307969,3
285821,3
352172,3
352173,3
93868,3
298174,3
358488,3
384116,3
248785,3
300760,3
344672,3
369195,3
76683,3
55458,3
333976,3
212638,3
344673,3
369197,3
369199,3
369203,3
384118,3
296614,3
122344,3
213134,3
228883,3
335885,3
183294,3
335886,3
352174,3
316739,3
344674,3
88045,3
313647,3
344675,3
369201,3
358701,3
352175,3
195095,3
282298,3
153313,3
253067,3
369204,3
315532,3
358490,3
124802,3
358491,3
103874,3
373577,3
300725,3
299962,3
282300,3
317370,3
344676,3
325335,3
60574,3
109428,3
242472,3
246262,3
127804,3
358493,3
285773,3
208372,3
384531,3
352176,3
300708,3
344677,3
74733,3
373713,3
76072,3
252422,3
373578,3
335887,3
373714,3
384120,3
373579,3
501947,3
168514,3
137117,3
51783,3
47435,3
344221,3
502153,3
335888,3
335889,3
300761,3
220146,3
63489,3
333109,3
222320,3
352177,3
149065,3
226452,3
352178,3
174824,3
250989,3
134664,3
335890,3
99343,3
241472,3
314520,3
325338,3
138733,3
335891,3
373715,3
282301,3
249348,3
351074,3
343852,3
335892,3
306570,3
238409,3
314521,3
170135,3
344678,3
255992,3
323131,3
344679,3
270987,3
298179,3
181134,3
93549,3
70426,3
306574,3
328111,3
352179,3
177311,3
87210,3
325339,3
50383,3
111762,3
206970,3
250991,3
181135,3
373716,3
170524,3
335893,3
307141,3
335894,3
83665,3
373581,3
67514,3
369207,3
373582,3
207357,3
384533,3
323134,3
250851,3
350018,3
335895,3
384534,3
90777,3
180440,3
352180,3
352181,3
369209,3
226868,3
335896,3
314532,3
195098,3
210801,3
343853,3
300721,3
241473,3
73642,3
249349,3
135963,3
300762,3
137138,3
43755,3
182352,3
116251,3
129299,3
109071,3
137139,3
43756,3
88048,3
109650,3
250853,3
50810,3
137118,3
151201,3
108241,3
116252,3
193313,3
292066,3
63434,3
344680,3
352182,3
384124,3
344681,3
94482,3
300763,3
104724,3
71871,3
195394,3
182965,3
60741,3
169105,3
83126,3
335897,3
333110,3
299963,3
269671,3
250992,3
138736,3
343854,3
282302,3
43701,3
325342,3
250854,3
85099,3
344682,3
335898,3
138734,3
306576,3
227661,3
182968,3
352183,3
335899,3
384130,3
210802,3
113898,3
250855,3
343855,3
81081,3
343259,3
352184,3
149066,3
358495,3
384535,3
369210,3
170543,3
299505,3
384536,3
352185,3
137119,3
503039,3
85965,3
501954,3
298185,3
63633,3
352186,3
170187,3
73234,3
352187,3
212647,3
249350,3
238178,3
352189,3
115863,3
250856,3
373717,3
90983,3
242476,3
352188,3
62847,3
373583,3
369212,3
240880,3
124638,3
111010,3
238179,3
182977,3
503007,3
503113,3
228387,3
358499,3
314538,3
298367,3
344683,3
153144,3
182656,3
63178,3
63634,3
73235,3
369213,3
282671,3
352190,3
103536,3
79804,3
220149,3
238410,3
358501,3
134724,3
358502,3
352191,3
369215,3
352192,3
25678,3
344684,3
101771,3
335900,3
352193,3
111397,3
138297,3
240881,3
384131,3
169113,3
65463,3
373718,3
344685,3
299968,3
384537,3
352194,3
282307,3
39227,3
171444,3
373584,3
344686,3
368642,3
344687,3
358504,3
169115,3
207359,3
250857,3
174595,3
335901,3
238411,3
88044,3
250858,3
170570,3
250859,3
521441,3
177487,3
373586,3
228885,3
250860,3
250861,3
270210,3
250862,3
368450,3
50878,3
297987,3
335902,3
250863,3
250864,3
250865,3
352197,3
384133,3
369217,3
170919,3
103069,3
323429,3
111309,3
384538,3
204810,3
284126,3
127807,3
206972,3
335903,3
335904,3
373587,3
369220,3
179833,3
75460,3
373719,3
49525,3
91102,3
238301,3
307190,3
373588,3
369221,3
501693,3
269385,3
373589,3
352198,3
369222,3
333869,3
384134,3
352199,3
369223,3
314547,3
270096,3
358507,3
352201,3
358505,3
358506,3
62731,3
242478,3
273868,3
352200,3
503417,3
373590,3
270864,3
208375,3
179834,3
521288,3
135688,3
181195,3
83925,3
114967,3
108402,3
58661,3
103041,3
254571,3
384137,3
113062,3
316289,3
212653,3
298192,3
368555,3
154052,3
250928,3
352202,3
137120,3
384539,3
367160,3
282312,3
170571,3
343856,3
358510,3
300717,3
207360,3
87978,3
323839,3
208374,3
231457,3
376290,3
323431,3
111557,3
174597,3
249352,3
195100,3
316468,3
323147,3
298193,3
358511,3
195967,3
254573,3
197866,3
194650,3
180345,3
369225,3
325347,3
55564,3
86221,3
299972,3
195101,3
502043,3
153379,3
238413,3
325348,3
325349,3
179835,3
170525,3
270211,3
86222,3
325350,3
169097,3
369226,3
384140,3
285824,3
223791,3
134726,3
323432,3
358512,3
358513,3
127808,3
358514,3
241566,3
352203,3
316470,3
194651,3
373721,3
325351,3
149067,3
103993,3
384428,3
270098,3
137121,3
240882,3
352204,3
138300,3
207363,3
300766,3
182990,3
95734,3
212661,3
252423,3
180441,3
502902,3
195396,3
352205,3
344690,3
502950,3
314556,3
325839,3
352206,3
352207,3
314557,3
335906,3
298369,3
358516,3
373592,3
384541,3
352208,3
242481,3
212662,3
170226,3
326452,3
174599,3
316471,3
343265,3
44739,3
517669,3
166291,3
352210,3
384143,3
325357,3
335908,3
207365,3
94098,3
53034,3
193320,3
194658,3
521150,3
321452,3
344692,3
373595,3
73939,3
314569,3
59084,3
323157,3
207366,3
299992,3
89652,3
111821,3
384149,3
358526,3
307642,3
307149,3
384547,3
342525,3
373596,3
335918,3
127812,3
323159,3
358535,3
307150,3
358536,3
373597,3
103347,3
358537,3
169595,3
48792,3
96810,3
314589,3
344695,3
65076,3
149070,3
195149,3
270214,3
344697,3
369237,3
384550,3
358541,3
369238,3
222323,3
325364,3
384161,3
369239,3
244022,3
344701,3
96549,3
335335,3
343275,3
122345,3
181138,3
284358,3
358548,3
206976,3
335929,3
282672,3
314609,3
253073,3
269390,3
358551,3
61753,3
297991,3
274702,3
335934,3
244025,3
55711,3
8600,3
325841,3
325371,3
325370,3
228896,3
249358,3
92201,3
116763,3
352265,3
352265,2
352265,1
146223,3
352269,3
352269,1
94314,3
39265,3
109653,3
103568,3
92940,3
207402,3
210807,3
169099,3
190018,3
335939,3
228899,3
352279,3
298231,3
325380,3
99538,3
69988,3
344710,3
335942,3
249360,3
220174,3
183012,3
50584,3
335946,3
384557,3
53445,3
282325,3
358579,3
109736,3
214219,3
214218,3
160399,3
207415,3
344712,3
369244,3
369245,3
300224,3
352298,3
358582,3
207420,3
384173,3
92421,3
324429,3
168786,3
138309,3
170552,3
175221,3
53035,3
183026,3
344713,3
343290,3
358591,3
333115,3
344715,3
91388,3
124803,3
300455,3
99052,3
121918,3
153151,3
166292,3
335347,3
333871,3
335957,3
249363,3
138313,3
283976,3
352319,3
94431,3
314678,3
195156,3
358601,3
373615,3
384568,3
180444,3
328113,3
352325,3
136766,3
314683,3
166293,3
197282,3
39285,3
138316,3
537121,3
257066,3
344723,3
344724,3
64933,3
314688,3
108243,3
352331,3
369255,3
373736,3
335961,3
384573,3
521218,3
213340,3
237629,3
226354,3
298295,3
98037,3
170555,3
272809,3
285344,3
129699,3
314771,3
297904,3
358611,3
228911,3
250932,3
236772,3
284127,3
42130,3
103282,3
154140,3
314779,3
298300,3
270222,3
181143,3
100014,3
323437,3
87985,3
104051,3
358704,3
222332,3
244046,3
298306,3
108682,3
215019,3
373742,3
220177,3
47592,3
298308,3
113899,3
352342,3
183073,3
252428,3
211531,3
140011,3
103747,3
78189,3
129301,3
170533,3
249369,3
323844,3
358623,3
127151,3
104725,3
129313,3
367158,3
177484,3
153159,3
335978,3
183048,3
314797,3
358627,3
99494,3
183050,3
250880,3
358630,3
89090,3
108558,3
181209,3
373633,3
149079,3
325412,3
169117,3
81861,3
300753,3
325413,3
228917,3
201499,3
153153,3
359298,3
63952,3
384212,3
108728,3
358638,3
358639,3
314811,3
110009,3
314812,3
219635,3
253082,3
314837,3
517413,3
384587,3
369275,3
344741,3
300754,3
314815,3
358649,3
207434,3
47944,3
300755,3
328115,3
335990,3
196723,3
365134,3
373073,3
365135,3
366099,3
386759,3
505228,3
373074,3
505226,3
505227,3
253083,3
352379,3
334672,3
282350,3
344748,3
502037,3
39303,3
358658,3
71574,3
352387,3
178336,3
300037,3
373641,3
102975,3
344750,3
270226,3
181151,3
352391,3
212765,3
244073,3
350708,3
69930,3
504042,3
384620,3
384621,3
365133,3
504513,3
380640,3
384623,3
384624,3
384625,3
365136,3
181210,3
52255,3
146356,3
8618,3
8621,3
92888,3
161046,3
214185,3
325645,3
101935,3
8628,3
115202,3
375064,3
187874,3
516867,3
516874,3
516876,3
142724,3
303117,3
361623,3
303118,3
361624,3
345063,3
303121,3
212767,3
303127,3
303130,3
303131,3
316924,3
303144,3
368978,3
303148,3
303151,3
361625,3
303156,3
314449,3
159195,3
159195,1
292724,3
102200,3
93627,3
8691,3
127474,3
8723,3
105628,3
121650,3
109382,3
48513,3
92280,3
369161,3
43573,3
113777,3
505240,3
8707,3
82279,3
178355,3
124768,3
44979,3
187291,3
40511,3
8793,1
40577,3
40577,1
91999,3
67486,3
252178,3
45834,3
95289,3
222196,3
105136,3
42916,3
67124,3
81656,3
136775,3
50137,3
137173,3
93227,3
326501,3
22655,3
112961,3
91513,3
294827,3
522591,3
269033,3
376893,3
376379,3
506772,3
357098,1
356916,1
356921,1
356925,1
356928,1
356946,1
357001,1
356911,1
357093,1
217002,1
159312,1
357048,1
357056,1
357032,1
361638,1
357051,1
357055,1
357060,1
522362,1
40852,3
40852,1
179646,1
233559,2
25705,3
25705,1
113408,3
9159,3
102094,3
68096,3
101836,3
24731,3
526097,1
70720,1
519303,3
519303,1
227501,3
227501,1
49031,1
140189,1
108386,1
526091,1
525968,1
174283,1
45212,3
45212,1
166688,1
212240,1
152636,1
89183,1
141489,3
173135,3
173135,1
119235,1
210737,3
272901,3
187211,1
128993,1
79404,1
212241,1
326095,3
326095,1
525958,1
196508,3
196508,1
181617,3
181617,1
109166,1
110053,3
46592,3
46592,1
352881,1
336216,1
352883,3
352883,1
83340,1
372699,1
378477,1
378475,1
316609,1
64415,3
64415,1
360281,3
360281,1
269461,1
66025,1
352884,3
352884,1
103574,3
103574,1
259787,3
259787,1
352885,3
352885,1
66026,1
336217,1
76013,3
76013,1
336218,3
336218,1
368924,3
368924,1
300006,3
300006,1
316610,3
316610,1
316611,3
316611,1
300007,1
349802,1
360282,1
141506,3
141508,2
519019,1
194143,1
56185,3
56185,1
161120,1
85455,1
180476,1
128592,1
197923,3
197923,2
97411,1
44226,3
166081,3
166081,1
42988,1
202509,3
202509,1
156688,1
526076,1
161125,1
315998,1
519290,3
519290,1
195836,3
78076,1
46354,1
102784,1
42558,1
299614,1
164849,3
164849,1
46138,3
56267,1
128594,3
128594,1
94586,3
65606,3
260337,2
70429,1
374300,1
48432,1
63510,1
526039,1
172258,1
133442,1
53635,3
53635,1
141523,3
141523,2
99135,3
99135,1
367367,3
367367,1
367367,2
260620,3
260620,2
260620,1
260699,3
260699,2
260699,1
270573,3
270573,1
183782,1
151435,1
141356,3
83030,3
83030,1
121636,2
362281,1
525734,1
379010,1
519963,3
519963,1
228480,1
525264,1
378187,1
109109,3
109109,1
43295,3
141532,2
172274,1
66006,3
66006,1
181084,1
525830,1
175325,1
80357,3
80357,1
151430,1
263461,1
361019,3
361019,1
158840,3
158840,1
141533,3
119236,1
521720,3
261146,3
268168,1
261215,3
75752,1
520670,3
520670,1
227518,3
227518,2
55744,1
129008,1
75980,3
75980,1
525973,1
261357,1
49801,1
521657,1
151459,1
176351,3
176351,1
328370,1
78695,1
316149,3
181010,3
181010,1
518062,3
518062,1
228491,1
261573,3
94807,3
69937,1
228492,1
65800,1
106033,1
261604,1
141543,1
93655,1
137266,3
137266,1
50193,1
84339,3
84339,1
525241,1
151671,1
140190,1
231566,1
231578,1
242887,3
525291,1
261818,3
101706,1
162547,3
162547,1
163491,1
103697,1
170292,3
170292,1
103208,3
44855,3
124764,1
141562,2
58823,3
58823,1
520769,3
520769,1
302036,3
302036,1
47955,3
47955,1
521556,3
521556,1
151153,1
262024,3
262024,2
269686,1
132471,1
69655,3
69655,1
526050,1
161128,1
525814,1
525711,1
228503,3
228503,1
519089,3
519089,1
525152,1
141570,3
141571,3
217374,1
175954,1
78124,1
176054,1
74885,3
74885,1
525338,1
195846,3
307515,1
525770,1
262360,3
526070,1
212079,3
212079,2
140338,1
182967,3
131235,1
129019,1
87649,3
87649,1
262427,3
262427,2
141576,3
76153,3
76153,1
206537,3
206537,1
520740,3
520740,1
218875,1
250896,3
250896,1
81574,3
262514,3
262514,1
351123,3
314636,3
526098,1
64612,1
518949,3
518949,1
228512,1
81277,2
316015,1
526025,1
61157,3
61157,1
262603,3
141581,2
316016,1
111613,1
140375,3
140375,1
109654,3
109654,1
77937,3
77937,1
155717,3
155717,1
52140,1
227552,1
61287,1
307521,1
525898,1
520376,3
520376,1
141586,3
91073,1
163494,1
525872,1
324635,1
283766,1
86516,3
90511,3
151485,1
525959,1
324636,1
102271,1
262949,2
161121,1
79758,1
525749,1
526014,1
221994,1
263083,3
80439,1
137269,1
263119,2
316019,1
197924,3
197924,2
71870,1
83019,1
139631,3
263624,2
263624,3
257900,1
236623,3
236623,1
285174,1
231529,1
74896,1
176578,1
87640,3
87640,1
47330,3
47330,1
240602,1
218878,1
510837,3
510837,1
525710,1
241072,3
319498,1
75294,1
72703,3
72703,1
181098,1
518437,3
518437,1
525812,1
525755,1
132470,1
50126,1
84302,1
176009,1
175326,1
59503,1
316023,1
264849,3
518534,3
518534,1
525682,1
162399,1
228199,1
518018,3
518018,1
183559,1
181649,1
163492,1
141624,3
71367,1
163493,1
517458,3
517458,1
518606,3
518606,1
82542,1
522022,3
522022,1
521213,3
521213,1
519126,3
519126,1
250304,1
525800,1
126029,1
328365,1
525352,1
64989,3
64989,1
367646,1
119007,1
84729,1
520933,3
520933,1
525234,1
286497,1
179476,1
141637,3
228534,3
228534,1
378995,1
265267,2
84319,1
525922,1
521649,3
521649,1
518414,3
518414,1
525818,1
525845,1
285184,1
83579,1
180211,1
209136,3
209136,1
107940,1
141642,3
525686,1
151486,1
318176,3
318176,2
58538,3
58538,2
58538,1
44034,1
70222,1
57247,1
265463,1
108742,1
228537,1
65690,1
141647,3
77285,3
77285,2
119237,1
525772,1
521363,3
521363,1
75803,1
265621,3
112277,1
343012,3
56058,1
526130,1
212269,1
360902,3
360902,1
168124,1
119238,1
63785,1
231573,1
181108,3
181108,1
42458,1
79578,1
140342,1
141657,3
383236,3
383236,2
42840,1
147787,3
147787,1
69321,1
181109,1
525701,1
198610,1
70446,1
81316,3
231571,1
333810,1
62632,1
87750,3
378188,1
151689,1
266220,3
266235,3
323541,3
526046,1
161127,1
158156,3
54465,1
119249,3
180218,3
180218,1
96128,2
518920,3
518920,1
110636,1
119250,3
266408,3
266408,2
85476,1
228546,1
92241,3
250891,1
83956,3
83956,1
44859,1
316036,1
318185,1
324641,1
329273,1
266482,1
525775,1
52536,1
43002,1
307545,1
525907,1
228549,1
286527,1
48449,1
119240,1
141460,3
333963,3
333963,1
119242,1
141680,3
249459,1
250770,1
526063,3
526063,2
141682,3
170989,1
525673,1
150842,3
76211,3
76211,1
53074,1
57596,1
525685,1
71932,3
71932,1
119251,3
141687,3
103575,1
95698,1
128608,1
266897,2
107739,1
536312,3
520722,3
520722,1
176579,1
241464,1
65110,1
108975,1
59764,1
525926,1
74900,1
308050,1
525884,1
318188,3
178886,1
337428,3
378994,1
85491,1
102444,3
520227,3
520227,1
65529,1
59215,3
59215,1
83135,1
109810,1
362286,1
51503,1
84824,3
84824,1
525949,1
44671,3
44671,1
526186,1
521336,3
521336,1
525203,1
54112,1
65001,1
42219,3
42219,1
104716,1
267309,3
137272,3
137272,2
112276,1
353930,1
79343,1
285203,1
110612,1
44356,3
44356,1
59122,1
67668,1
181118,1
525981,1
87833,1
521742,3
521742,1
152650,1
383251,1
525901,1
525309,1
227575,1
525719,1
195861,1
43257,1
316044,1
212276,1
378221,1
46816,1
102717,1
77300,1
65557,3
65557,1
49820,1
519413,3
519413,1
111877,3
111807,1
520546,3
520546,1
228569,1
65311,1
205683,3
205683,1
84759,1
80536,3
80536,1
141716,3
141716,2
75781,1
273614,1
525847,1
186806,1
81071,1
67826,1
141719,3
49002,1
105794,3
111570,3
111570,2
78797,1
264249,3
344359,1
9205,1
159383,1
46667,1
271472,1
9226,3
253163,3
9239,3
9239,1
9240,2
101968,3
101968,2
54375,3
54375,2
228465,3
228465,2
349400,3
349400,2
197135,3
197135,2
48881,2
109101,2
521738,3
521738,2
103648,2
104616,3
104616,2
384639,2
384639,3
384641,2
384641,3
525520,2
368558,3
368558,2
196282,3
196282,2
103638,3
103638,2
521804,3
521804,2
112236,2
170575,3
170575,2
99649,3
99649,2
103361,3
103361,2
114621,2
67060,2
67060,3
119243,2
253680,3
253680,2
138704,3
138704,2
351921,3
351921,2
209650,3
209650,2
153513,3
153513,2
89250,2
119244,2
109664,2
109971,3
109971,2
108473,2
141800,2
148145,2
148145,3
54037,3
54037,2
113578,2
104246,3
104246,2
367771,2
367771,3
192383,2
192383,3
82262,2
34133,3
34133,2
119245,2
324062,3
324062,2
34119,2
34119,3
113575,2
117528,2
60189,3
60189,2
113576,2
48635,2
277875,2
277875,3
155595,2
166477,2
151694,3
151694,2
151695,2
250192,2
329230,3
329230,2
329233,2
195855,2
307873,2
155596,2
109190,2
109190,3
77188,2
77188,3
88944,2
60464,2
52574,2
99775,2
192384,2
192384,3
22914,1
9250,3
9250,1
93688,3
93688,2
93688,1
141739,3
141739,2
141739,1
58091,2
9256,1
238318,3
238318,1
169497,1
306804,1
226176,1
228158,1
209048,1
306805,3
306805,1
223988,3
292251,3
92900,3
9268,1
9268,3
223989,1
9271,1
9273,1
20229,1
73951,2
66028,1
9289,1
9294,2
231293,2
97450,2
90754,2
138705,3
302067,1
101241,3
9319,3
66611,1
95372,3
121458,3
9324,3
142603,1
9326,1
58239,1
95600,1
92302,1
9328,1
95370,1
198420,1
141761,1
22340,3
22340,2
368580,3
110748,3
110748,2
9352,1
118605,3
9355,1
84937,3
112242,3
120567,3
130991,3
130991,2
130991,1
181321,3
181321,2
181321,1
92024,3
61146,3
67754,3
155143,3
112972,3
58101,3
158158,3
98339,3
61158,3
112974,3
81113,3
228265,3
77451,3
91014,3
69922,3
196996,3
196996,2
384647,3
384647,1
384647,2
94076,3
55421,3
382708,3
156514,3
119247,3
119248,3
241368,1
68794,3
93029,3
83202,3
71253,3
220905,3
81808,3
267314,3
267314,2
92284,3
92284,2
272536,1
111222,3
116155,1
113957,1
9366,3
94160,3
117749,1
97490,1
91360,3
9380,1
44899,1
9387,1
9397,2
139963,1
323547,3
323547,2
97508,2
102406,2
179484,2
166486,2
101400,1
103340,3
103340,2
9405,3
9405,2
154520,1
522036,1
303206,3
303206,1
117777,3
117777,2
280371,3
280371,1
9674,1
109735,1
9702,1
75013,3
186808,3
186808,1
207487,3
138635,1
53810,1
42485,1
523474,3
523474,1
284128,1
526020,1
61000,1
350994,1
244928,1
110161,1
172458,1
314039,3
314039,1
83783,3
367773,3
59812,3
59812,1
73148,3
504580,3
504580,1
70316,3
283381,3
47141,3
47142,3
77224,3
85050,3
61980,3
283358,3
58384,3
521721,3
521721,1
316998,3
108283,3
259064,3
316741,3
210889,3
243486,3
183198,3
99489,3
216356,3
358852,3
208318,3
208318,1
90830,3
322091,3
78532,3
89833,3
316999,3
108244,3
521569,3
521569,1
81817,3
194963,3
384668,3
384668,1
322092,3
317398,3
316742,3
536125,3
384667,3
384667,1
536812,3
296757,3
334812,3
384669,3
384669,1
155068,3
91489,3
279104,3
279104,1
327993,3
216028,3
83293,3
98075,3
142546,3
51397,3
331285,3
376995,3
365183,3
377234,3
100146,3
221943,3
221943,1
370956,3
331306,3
313896,3
365184,3
375961,3
103967,3
178357,3
87671,3
236188,3
253852,3
100350,3
100350,1
112061,3
291154,3
291154,1
43405,3
43405,1
211634,3
247936,3
314037,3
82334,3
82334,1
368923,3
83784,3
83784,1
22899,3
9765,3
67763,3
67763,1
134907,3
137797,3
9767,3
220558,3
9778,3
9779,3
85947,3
337985,3
93959,3
93959,1
68151,3
68151,1
89214,3
89214,1
9860,3
9860,1
75050,3
75050,1
198437,1
101693,1
292845,1
196420,1
327551,1
166697,1
229309,1
197138,1
175774,1
287693,1
100239,1
287931,1
201925,1
319572,1
117183,1
324109,1
269229,1
306994,1
329312,1
163301,1
61298,1
150725,1
69265,1
180353,1
169619,1
48571,1
153814,1
201593,1
209513,1
97556,1
48239,1
59016,1
363673,1
210795,1
76707,1
218196,1
536484,1
523343,1
62534,1
335639,1
379486,1
253643,3
299834,3
299834,1
307110,3
335738,3
335738,1
291704,3
74281,3
74281,1
296397,3
296397,1
157679,3
157679,1
327874,3
327874,1
218051,3
218051,1
100453,3
100453,1
197620,3
197620,1
218052,3
218052,1
32804,3
42887,3
64858,3
316692,3
316692,1
194797,3
192867,3
84815,3
327304,3
325143,3
325143,1
356293,3
356293,1
298104,3
73156,3
116271,3
116271,1
105038,3
105038,1
63102,3
382540,3
94524,3
511294,3
511294,1
57080,3
57080,1
94658,3
10004,3
296595,1
268906,3
268906,1
169504,3
224095,3
103054,3
103054,1
306471,3
10064,3
87127,3
56246,3
84510,3
106356,3
51130,3
211595,3
254787,3
297866,3
251884,3
10071,3
197218,3
196544,3
190988,3
190987,3
10096,3
197732,3
268829,1
10099,1
359784,3
343928,3
506936,3
342392,3
328299,3
328299,1
252580,3
229137,3
98752,3
297347,3
224103,3
375290,3
333811,3
331282,3
90782,3
90782,1
363352,3
371648,3
328808,3
260642,3
500609,3
331281,3
355355,3
371104,3
371147,3
133048,3
383380,3
374927,3
90707,3
257740,3
50367,3
311036,3
344501,3
312565,3
371137,3
371137,1
360559,3
360559,1
374929,3
62581,3
62581,1
278068,3
375298,3
367779,3
506937,3
90726,3
90726,1
221595,3
351611,3
375300,3
375301,3
375303,3
375305,3
275332,3
308812,3
275335,3
326496,3
67232,3
344507,3
115579,3
85718,3
113837,3
369301,3
178231,3
275568,1
269873,3
313016,3
257985,3
377003,3
374931,3
375962,3
257739,3
371191,3
371191,1
355216,3
355216,1
107018,3
351626,3
345436,3
345436,1
344511,3
305057,3
305057,1
179907,3
179907,1
238022,3
238022,1
297282,3
213979,3
177176,3
147489,3
340925,3
182725,3
209138,3
367780,3
351328,3
275387,3
235374,3
326101,3
375318,3
371669,3
371669,1
112945,3
258015,3
258015,1
337464,3
252590,3
252590,1
311455,3
241771,3
375321,3
258019,3
358856,3
356275,3
45453,3
45453,1
135235,3
371103,3
371148,3
355354,3
359175,3
10151,3
92383,3
212565,3
212565,1
255040,3
255040,1
107186,1
10201,1
358773,3
358773,1
10216,3
361048,3
361048,1
22865,3
22865,1
10234,3
10253,3
10253,1
23037,3
224135,3
10267,3
94149,3
94149,1
10280,1
534871,1
534157,1
10284,1
10285,1
286944,1
120604,1
71750,1
85500,1
299918,1
10291,1
55263,1
58211,1
319295,1
159598,3
82859,3
82859,2
60974,3
60974,2
212183,3
212183,2
53342,3
53342,2
58463,3
58463,2
270584,3
270584,2
190584,3
96062,3
96062,2
242441,3
242441,2
199961,3
191843,3
179064,3
67724,3
85914,3
85914,2
197303,3
197303,2
90393,3
90393,2
86643,3
86643,2
60865,3
60865,2
522360,3
522360,1
10394,2
229769,3
229769,2
336523,3
336523,2
352454,3
352454,2
231206,3
231206,2
152142,3
152142,2
119988,2
64200,2
92412,3
92412,1
154431,3
154431,1
25633,3
118460,3
519257,3
384676,3
168680,3
128253,3
90532,3
113394,2
195578,3
25671,3
25671,2
198439,3
81030,3
81030,2
280912,3
280912,2
375964,3
375964,2
231199,3
231199,2
231204,3
231204,2
231205,3
231205,2
256822,3
256822,2
231207,3
359116,3
359116,2
345066,3
345066,2
231198,3
229761,3
231214,3
231214,2
231184,3
231184,2
506719,3
506719,2
506572,3
506572,2
506623,3
506623,2
26076,3
26076,2
384677,3
384677,2
384678,3
384678,2
135360,3
135360,2
229763,3
229763,2
345065,3
345065,2
242187,3
242187,2
506686,3
506686,2
506545,3
506545,2
505406,3
505406,2
10555,3
10555,1
248688,1
237815,1
85006,1
149030,1
126534,1
529147,1
193243,1
237818,1
94101,1
202272,1
178146,1
110034,1
202273,1
175173,1
86359,1
45712,1
50311,1
251479,1
373163,1
339513,1
324022,1
511380,1
525980,1
24038,3
197736,1
194178,1
159640,3
128275,1
212865,3
212865,1
10577,3
10577,1
54087,3
54087,2
58046,3
58046,1
51793,3
51793,2
138522,3
138522,1
87304,3
87304,2
196545,3
195900,1
10600,1
219764,1
56144,3
126034,3
359380,1
19807,1
88271,1
10603,1
116327,1
62435,3
62435,1
293209,3
293209,1
10605,3
215135,3
216347,3
194188,3
138716,3
138716,1
293207,3
293207,1
71559,1
294263,1
26093,2
314617,2
229904,3
229904,2
227785,3
227785,2
76986,3
76986,2
137440,3
137440,2
77007,3
77007,2
239687,3
239687,2
60229,3
60229,2
45228,3
45228,2
25466,3
25466,2
113966,3
113966,2
91828,2
91828,3
61125,3
136655,3
226851,3
226851,2
10642,2
102703,3
102703,2
97898,2
44122,3
44122,2
81686,2
135423,3
135423,2
180795,3
180795,2
111066,3
111066,2
51160,3
51160,2
84209,2
22219,3
220064,3
325435,3
106172,3
268970,3
10797,3
193653,3
193653,1
90820,3
90820,1
253378,3
238293,3
82711,3
48284,3
118975,3
194225,3
334147,3
175001,3
174993,3
240754,3
153112,3
286273,3
194492,3
294753,3
294752,3
337998,3
111201,3
108810,3
102187,3
81570,3
139004,3
139004,1
293210,3
293210,1
64377,1
205465,1
388788,1
273900,1
11040,1
241024,3
241024,1
189961,2
189961,3
69278,2
69278,3
319017,2
319017,3
136893,3
136893,1
100475,3
100475,1
319018,2
319018,3
159816,2
523599,2
11143,2
46734,2
46734,3
533419,3
533419,1
86198,3
86198,1
279653,3
279653,2
11170,3
11170,1
187256,3
187256,2
270588,3
270588,1
241096,3
241096,2
86082,3
86082,1
80050,3
69183,3
525192,3
89264,3
344247,3
75448,3
524476,3
524519,3
176983,3
118742,3
118190,3
110115,3
372780,3
372781,3
70207,3
46984,3
54221,3
79680,3
103605,3
116634,3
524561,3
52264,3
61537,3
104430,3
85669,3
74042,3
116636,3
120203,3
52990,3
52990,1
67779,3
249891,3
120204,3
11181,3
11184,3
224277,3
180337,3
169166,3
195779,3
120209,3
367356,3
352118,3
336044,3
120210,3
120217,3
154320,3
120225,3
187271,3
11203,1
301062,1
11211,1
170542,1
91092,3
91092,1
120922,3
120922,1
74664,3
74664,1
108645,3
511600,3
89387,3
89387,1
180372,3
180372,1
218918,3
218918,1
136619,3
136619,1
120767,3
120767,1
294236,3
294236,1
120934,3
280381,3
280381,1
167008,3
167008,1
87332,3
87332,1
109293,3
109293,1
307659,3
77868,3
77868,1
67975,3
183633,3
183633,1
52581,3
52581,1
120147,3
165764,3
165764,1
11344,1
11344,3
324481,3
324481,1
504328,1
202303,3
202303,1
167935,3
167935,1
302109,3
237566,3
307337,1
226778,1
242641,3
254590,3
174891,1
360284,1
362678,1
72558,1
11497,3
11497,1
113331,1
61067,1
335462,1
66115,1
345383,1
66178,1
518517,1
11502,1
359931,1
326001,1
212043,1
58041,3
11504,1
112239,1
67737,3
270994,3
271527,1
249806,1
219160,3
243646,3
108725,1
152753,1
57765,1
135003,1
179933,1
210479,1
274084,3
274084,1
126570,3
126570,1
56079,3
56079,1
503796,3
503796,1
103187,3
103187,1
387439,1
303937,3
303937,1
11573,1
11724,3
11724,2
270589,3
270589,1
82519,1
170073,1
76938,3
76938,1
104768,3
104768,1
43240,3
43240,1
58730,1
58730,3
82520,1
116639,3
116639,1
131077,1
102429,3
102429,1
386421,3
386421,1
386423,3
386423,1
386427,3
386427,1
386695,3
386695,1
386698,3
386698,1
386700,3
386700,1
386729,3
386729,1
386711,3
386711,1
386443,3
386443,1
386444,3
386444,1
386447,3
386447,1
386725,3
386725,1
386701,3
386701,1
386696,3
386696,1
386699,3
386699,1
386712,3
386712,1
386730,3
386730,1
62868,3
62868,1
25533,1
25145,3
25145,1
125377,1
91381,1
124690,1
124690,3
524327,3
524327,1
309454,1
68206,1
41899,1
49538,3
49538,1
60428,3
60428,1
67512,3
67222,3
71956,3
51677,3
360047,1
121891,1
41749,1
79411,1
11919,1
76433,1
116722,1
89180,1
118290,1
512602,3
512602,1
308218,3
308218,1
53721,1
11976,1
67738,3
67738,1
280048,3
280048,1
11999,3
11999,2
56146,3
56146,1
70266,3
70266,1
284882,3
284882,1
80525,3
80525,1
332141,3
332141,1
196520,3
316049,3
150807,3
316056,3
327482,3
55058,3
53636,3
55364,3
111341,3
316051,3
56093,3
219589,3
72668,3
219611,3
307697,3
67125,3
134911,3
53570,3
59832,3
12179,3
285434,1
315252,1
366636,1
366637,1
271608,1
47941,1
359087,1
368056,1
366115,1
366219,3
366219,1
366228,3
366228,1
366270,3
366270,1
366373,3
366373,1
366388,3
366388,1
517817,3
517817,1
366454,3
366454,1
366499,3
366499,1
366507,3
366507,1
366528,3
366528,1
366533,3
366533,1
366789,3
366789,1
366793,3
366793,1
364742,3
364742,1
73109,1
216529,3
216529,1
115877,3
115877,1
226734,3
226734,1
221599,3
221599,1
50405,3
50405,1
47333,3
47333,1
83221,3
83221,1
55308,3
55308,1
253197,3
253197,1
50943,3
50943,1
298412,3
298412,1
53140,3
53140,1
12288,3
12304,3
12304,1
12351,3
12351,1
206069,3
206069,1
82273,3
59357,1
79890,1
116237,1
83501,1
119280,1
190310,1
101431,1
12387,1
224453,1
67676,1
58518,1
211711,1
43532,1
84982,2
43919,2
52980,2
129843,2
271611,3
271611,1
99809,1
226740,1
46091,1
69152,1
57805,1
54748,1
53326,1
66297,1
186836,1
271892,1
359467,1
73585,1
190291,1
306960,1
346911,1
142987,1
109796,1
55164,1
58395,1
89434,1
221098,1
94480,1
59076,1
96560,1
316395,1
112739,1
44518,1
53574,3
59077,1
226741,1
504918,1
260764,1
226541,1
324596,1
226742,1
300256,1
97126,1
58280,1
98542,1
54280,1
380515,1
380517,1
380518,1
226542,3
226542,1
224475,3
224475,1
50157,3
152354,1
96971,1
109020,1
84025,1
286108,1
371674,1
318941,1
57085,1
124520,1
57086,1
42268,1
51319,1
65884,1
77352,1
253206,1
69856,1
195829,1
91204,1
226743,1
226744,1
55251,1
109585,1
253207,1
57049,1
62970,1
79703,1
297350,1
252019,1
60827,1
387379,1
83799,1
93100,1
320871,1
310706,1
78944,1
227800,1
196177,1
152998,1
191191,1
191192,1
152999,1
287101,1
227801,1
153002,1
227802,1
153004,3
153004,1
153005,1
153006,1
197729,1
227803,1
227804,1
339764,1
318543,1
153010,1
162416,1
191193,1
162406,3
162406,1
298382,1
191194,1
339774,1
162414,1
194313,1
162404,1
163860,1
153012,1
227805,1
316744,1
42185,1
128951,1
91495,1
224487,1
324844,1
44142,1
105193,1
331613,1
52998,1
68073,1
61638,1
65885,1
275950,1
80875,1
47310,1
49363,1
54078,1
87793,1
140038,1
67036,1
42948,1
79704,1
79705,1
89778,1
95781,1
81945,3
75884,1
298383,3
298383,1
95191,1
253208,1
248656,1
258801,1
298384,1
90054,1
113469,1
224490,1
345237,3
345237,1
196338,3
196338,1
325147,1
226745,1
65754,1
73880,3
211553,1
169971,3
169971,1
231316,3
231316,1
142547,3
142547,1
135098,3
135098,1
135099,3
135099,1
154760,3
154760,1
310705,1
322030,1
380516,1
306892,1
380519,1
84904,1
12434,1
12440,1
224492,1
94702,1
12449,1
367669,1
139980,1
279246,1
47812,1
501778,1
502580,1
171691,1
66754,1
77364,1
224493,1
224494,1
271613,1
33479,1
12465,1
72814,1
70121,1
99178,1
224497,1
33480,1
12460,1
311847,3
342386,1
342937,1
376264,3
345008,3
351092,3
116282,3
514450,3
255724,3
136313,3
376306,3
50281,3
50281,2
64992,1
47092,3
49200,3
351842,3
224502,1
64701,3
64701,1
531192,1
522675,3
522657,3
522788,3
368067,1
12617,1
119647,1
259201,3
259201,1
216995,3
216995,1
279659,1
12689,3
212457,3
279624,1
522887,3
522887,1
279623,1
12691,3
12691,1
210152,1
504839,1
12709,3
319888,3
252005,3
296643,3
306961,3
273524,3
521167,3
521149,3
153784,3
12711,3
85220,3
49019,3
97818,3
101720,3
101720,1
175184,3
150435,3
225997,3
105104,3
100095,3
116708,3
116708,1
57949,3
57949,1
137058,3
64593,3
95328,3
70997,3
343803,3
339524,3
70752,3
184195,3
184197,3
72974,3
91405,3
50917,3
248773,3
298520,3
316555,3
135980,3
91520,3
298148,3
336285,3
336285,1
124816,3
102108,3
47711,3
184213,3
53476,3
309935,3
103892,3
510747,3
74314,3
525642,3
525642,1
44787,3
270754,3
211840,3
138494,3
92188,3
62805,3
272939,3
49659,3
343378,3
343378,1
54046,3
265992,3
115888,3
68986,3
56967,3
294051,3
359137,3
306910,3
306908,3
358733,3
43782,3
265993,3
184220,3
209144,3
98606,3
98606,1
120500,3
120500,1
503762,3
503762,1
504075,3
504075,1
504120,3
504120,1
504224,3
504224,1
504393,3
504393,1
504491,3
504491,1
503884,3
503884,1
504442,3
504442,1
504369,3
504369,1
51156,1
286945,3
219766,3
12881,3
134799,3
116942,3
168483,3
101796,3
254538,3
60174,3
102370,3
46891,3
96263,3
80533,3
116720,3
86717,3
280018,3
280018,1
280019,3
280019,1
13262,3
13262,1
228773,3
201926,3
69482,3
108868,3
59462,3
59462,1
55061,3
55061,1
13380,3
130509,3
104892,3
213912,3
59294,3
117560,3
343630,3
343204,3
47859,3
96346,3
105239,3
169930,3
100522,3
100522,1
59434,3
44658,3
13391,3
122460,3
363800,3
214960,3
115423,3
182797,3
13405,3
73765,3
42568,3
13406,3
171646,3
219494,3
274659,3
101437,3
88952,3
13415,3
51919,3
84179,3
175269,3
44819,3
127348,3
117317,3
44820,3
226855,3
334492,3
13420,3
251956,3
241413,3
42562,3
263327,3
114674,3
168740,3
45722,3
64357,3
242807,3
45884,1
134914,3
13442,3
13442,2
13447,1
93035,3
13453,3
95736,3
224611,3
220835,3
300435,3
300435,2
56032,2
42600,2
58701,2
273137,2
83001,2
20076,2
207824,2
285805,2
285059,2
13772,2
13779,2
75168,2
126542,3
168396,2
271636,2
212593,2
211819,2
505086,3
90564,2
116049,2
23854,2
115728,2
13860,2
91331,2
534068,3
534068,1
219639,2
100581,3
20808,2
13909,2
251460,3
181961,1
112744,1
151408,1
195780,1
180490,3
180490,1
271304,1
14335,3
97224,3
122352,3
50360,3
233587,3
64389,3
205742,3
102020,3
73869,3
217981,3
295560,3
135764,3
153945,1
322712,3
322712,1
145334,3
145334,1
319434,3
319434,1
376918,3
376918,1
284368,3
284368,1
139702,3
139702,1
203426,3
203426,1
386956,3
386956,1
118515,3
118515,1
126496,3
126496,1
126938,3
126938,1
44891,3
44891,1
377667,3
377667,1
218459,3
218459,1
127716,3
127716,1
348010,3
348010,1
150744,3
150744,1
39648,3
39648,1
500666,3
500666,1
147174,3
147174,1
171327,3
171327,1
203373,3
203367,3
203367,1
275263,3
309882,3
309882,1
337755,3
337755,1
94576,3
94576,1
67093,3
67093,1
162456,3
162456,1
127667,3
126979,3
126979,1
120565,3
120565,1
505137,3
505137,1
376956,3
376956,1
129584,3
129584,1
218076,3
218076,1
139474,3
139474,1
61587,3
61587,1
322801,3
322801,1
283499,3
283499,1
306049,3
306049,1
339377,3
339377,1
357994,3
357994,1
176176,3
347555,3
347555,1
518346,3
518346,1
519617,3
519617,1
527335,3
527335,1
520734,3
520734,1
519927,3
519927,1
145583,3
145583,1
519618,3
519618,1
500664,3
500664,1
312184,3
312184,1
502436,3
502436,1
176178,3
176178,1
127671,3
127671,1
128764,3
128764,1
92605,3
92605,1
118585,3
118585,1
128172,3
128172,1
119878,3
119878,1
248831,3
120968,3
120968,1
179663,3
179663,1
179658,3
179658,1
127539,3
127539,1
128775,3
128775,1
300678,3
300678,1
15981,3
15981,1
330717,3
330717,1
203216,3
203216,1
361059,3
361059,1
378162,3
378162,1
500674,3
500674,1
333362,3
333362,1
330738,3
330738,1
301283,3
301283,1
127066,3
127066,1
164141,3
164141,1
302713,3
302713,1
145159,3
145159,1
118492,3
118492,1
348308,3
348308,1
118401,3
118401,1
130007,3
130007,1
118489,3
118489,1
164495,3
164495,1
285544,3
285544,1
89143,3
89143,1
360987,3
360987,1
346230,3
346230,1
97179,3
97179,1
228008,3
228008,1
129591,3
129591,1
90548,3
90548,1
302678,3
302678,1
311331,3
311331,1
321840,3
321840,1
346214,3
346214,1
250346,3
250346,1
318078,3
318078,1
214584,3
214584,1
263285,3
263285,1
98491,3
98491,1
73027,3
73027,1
219850,3
219850,1
287497,3
287497,1
247596,3
247596,1
145595,3
145595,1
139627,3
139627,1
286827,3
286827,1
120973,3
281370,3
281370,1
360054,3
360054,1
312185,3
312185,1
332037,3
332037,1
322803,3
322803,1
360060,3
360060,1
218131,3
218131,1
388174,3
388174,1
376270,3
376270,1
280497,3
280497,1
157632,3
157632,1
162254,3
162254,1
203429,3
203429,1
127929,3
127929,1
133823,3
133823,1
113121,3
113121,1
103386,3
103386,1
370813,3
370813,1
376957,3
376957,1
218460,3
218460,1
201638,3
345541,3
345541,1
137889,3
137889,1
384802,3
384802,1
218124,3
218124,1
347569,3
347569,1
91324,3
91324,1
330718,3
330718,1
118587,3
118587,1
376273,3
376273,1
388279,3
388279,1
161150,3
161150,1
95951,3
95951,1
309247,3
309247,1
218077,3
218077,1
349020,3
349020,1
522454,3
522454,1
168013,3
168013,1
104402,3
91049,3
91049,1
332003,3
332003,1
359937,3
359937,1
349136,3
349136,1
133963,3
133963,1
96040,3
96040,1
347567,3
347567,1
39807,3
39807,1
112924,3
112924,1
330739,3
330739,1
118586,3
118586,1
130353,3
130353,1
530426,3
530426,1
322730,3
322730,1
312186,3
312186,1
139525,3
139525,1
501179,3
501179,1
347568,3
347568,1
508025,3
508025,1
139518,3
139518,1
271811,3
360988,3
360988,1
247597,3
247597,1
280833,3
280833,1
90880,3
90880,1
308221,3
308221,1
360678,3
360678,1
316584,3
316584,1
164496,3
164496,1
95962,3
95962,1
113316,3
113316,1
322796,3
322796,1
98723,3
98723,1
316264,3
316264,1
118493,3
118493,1
113123,3
113123,1
388278,3
388278,1
292859,3
292859,1
120560,3
120560,1
322802,3
322802,1
311330,3
311330,1
330769,3
330769,1
202749,3
202749,1
212334,3
212334,1
323993,3
323993,1
99642,3
99642,1
139463,3
139463,1
215770,3
215770,1
219849,3
219849,1
376287,3
376287,1
45797,3
45797,1
148254,3
148254,1
345554,3
345554,1
519064,3
519064,1
518196,3
518196,1
518236,3
518236,1
527198,3
527198,1
104962,3
104962,1
209931,3
209931,1
209932,3
209932,1
202111,3
202111,1
249332,3
249332,1
120974,3
113319,3
113319,1
388283,3
388283,1
181535,3
181535,1
319435,3
319435,1
203365,3
203365,1
388275,3
388275,1
388276,3
388276,1
231375,3
231375,1
95828,3
95828,1
348011,3
348011,1
333589,3
333589,1
141051,3
141051,1
177604,3
203371,3
536597,3
536597,1
382937,3
382937,1
517882,3
255100,3
376239,3
170465,3
517883,3
282635,3
358800,3
358800,1
242011,3
242011,1
334879,1
307119,3
307119,1
115172,3
115172,1
347370,3
347370,1
347373,3
347373,1
347372,3
347372,1
347371,3
347371,1
142293,3
359381,1
370674,3
370674,1
98948,3
25146,3
359382,1
367803,3
367803,1
16156,3
298522,3
510942,3
517682,3
136951,3
375218,3
163666,3
58880,3
225321,3
180325,3
44596,3
182541,3
285289,1
16170,1
210908,1
521323,3
521323,1
526381,3
526381,1
352030,3
352030,1
287896,1
369438,3
369438,1
306318,3
382792,3
382792,1
386877,3
386877,1
310650,3
310650,1
368939,3
368939,1
380569,3
380569,1
299637,3
299637,1
373927,3
373927,1
256879,3
256879,1
521148,3
521148,1
526548,1
333511,1
526262,3
526262,1
526524,3
526525,3
518310,3
371574,3
371574,1
351156,3
351156,1
382660,1
334886,3
334886,1
306974,3
306974,1
301186,3
139835,1
314622,3
314622,1
336738,3
336738,1
272689,1
227321,3
227321,1
45289,1
203961,3
203961,1
227242,1
360227,3
360227,1
321695,3
321695,1
353108,1
376708,3
353085,3
521676,3
521676,1
517890,3
517890,1
517892,3
517892,1
375931,3
375931,1
517893,3
517893,1
211920,3
211920,1
135568,3
135568,1
211919,3
211919,1
137093,3
137093,1
180979,1
376618,3
376618,1
333199,1
345331,3
300447,3
300447,1
376135,3
383994,3
376136,3
518751,3
16310,1
77410,3
16315,3
16316,3
16316,1
308302,3
375072,3
16317,3
16320,3
153514,3
153514,1
215213,1
16328,1
92763,1
128446,3
124766,3
142599,3
142599,1
517145,3
517145,1
16333,3
16333,1
285938,1
334646,3
334646,1
227716,3
227716,1
521713,3
521713,1
374616,3
374616,1
526271,3
526271,1
526224,3
526224,1
368265,1
165786,1
79855,1
134918,1
176723,1
166315,3
166315,1
150682,3
150682,1
231244,3
231244,1
214891,3
214891,1
505579,3
505579,1
226673,3
226673,1
226674,3
226674,1
49424,1
60176,3
60176,1
284967,3
147585,3
269850,3
132931,3
521176,3
521176,1
86129,3
78745,1
117545,3
91515,3
16364,1
245906,3
245906,1
119289,1
75720,1
300264,3
190480,1
195018,3
235376,1
273639,1
286338,1
273637,1
100935,1
16365,1
74360,3
74360,1
209049,3
209049,1
16367,1
384076,3
384076,1
384192,1
386351,3
386351,1
386656,3
386656,1
16368,1
500071,1
317058,1
301134,3
301134,1
523543,3
523543,1
299516,3
16376,3
69251,3
69251,1
94072,1
43562,1
121061,3
383697,1
383699,1
523789,3
523852,3
134570,1
522268,3
522268,1
342565,1
526249,3
526249,1
290702,1
521909,3
521909,1
304975,1
336573,1
304973,1
121815,1
304974,1
320200,1
215219,3
215219,1
215218,3
215218,1
521624,3
521624,1
342442,1
181790,1
96907,3
48547,3
113680,3
86212,1
116997,3
215220,3
44585,3
217102,3
318232,3
368428,3
316696,3
369000,3
511889,3
368904,3
164127,3
228361,3
521639,3
166635,3
175445,3
299797,3
297307,1
297305,1
368986,1
16432,1
16441,1
171821,1
66191,1
87539,1
311045,3
311045,2
333165,3
333165,2
342083,3
342083,2
303911,3
303911,2
111431,3
111431,2
101467,3
101467,2
139268,3
139268,2
126158,3
126158,2
16470,3
16470,2
96343,3
96343,2
16475,3
16475,2
52822,3
52822,2
45599,3
45599,2
376475,3
376475,2
349386,3
349386,2
149105,2
320199,3
320199,1
181510,1
186858,3
186858,2
103129,1
51023,1
316389,3
316389,1
97845,1
286941,3
16772,1
25147,1
53249,3
76374,1
51752,1
523658,3
523658,1
280007,3
70437,3
254549,3
280005,3
225566,3
209402,3
502595,3
178756,3
16817,3
77136,3
76437,3
221258,3
16818,3
352926,3
195139,3
52823,3
82356,3
200031,3
176877,3
94123,3
190706,3
62635,3
87481,3
96106,3
76669,3
134607,3
151089,3
24355,1
24355,3
359808,3
121619,2
82610,2
16904,3
16904,2
80657,2
68377,3
68377,1
42076,3
42076,1
113987,1
89708,1
270087,1
256364,1
44635,1
220769,1
111050,1
275023,1
209802,1
103544,1
113332,1
106354,1
256516,1
117384,1
56378,1
263713,1
301980,1
161201,1
118891,1
226376,1
42658,1
194763,1
17013,1
108580,1
119001,1
80943,1
17014,1
255130,1
118907,1
253769,1
275630,1
64514,1
246448,1
110421,1
17017,1
269642,1
254084,1
137962,1
208733,1
142100,1
24474,3
65936,1
47381,1
363544,1
298421,3
298421,1
17237,3
17237,1
315875,3
24960,1
167976,1
71003,3
71003,1
44935,1
65501,1
81144,3
238233,3
68571,3
89406,3
76047,3
71986,3
51671,3
91928,3
17304,3
225599,3
179057,3
517907,1
518055,3
518088,1
518065,1
105493,1
17328,3
17328,1
293208,3
293208,1
293121,3
517995,3
387428,3
518048,3
97851,3
97851,1
174529,3
174529,1
100957,1
48408,1
17371,1
58053,2
17387,2
98040,2
17398,3
17398,1
17418,3
17419,3
22008,3
17422,3
17425,3
52587,3
53291,3
57175,3
72950,3
211562,3
80168,3
81747,3
83433,3
83433,1
96480,1
68863,1
17496,1
344939,1
99171,1
388761,3
304426,3
221442,3
387388,3
302687,3
525661,3
525661,1
79223,1
57920,3
57920,1
382185,1
359812,3
359812,1
17715,3
17715,1
151414,1
115894,1
91593,1
50675,3
50675,1
129751,1
202746,1
17719,1
202743,1
62530,3
62530,1
17722,3
85114,1
69499,3
69499,1
353703,1
161388,3
161388,1
114935,3
114935,1
70693,3
70693,1
137952,1
87148,1
174577,3
174577,1
58857,3
58857,1
105696,3
105696,1
17803,1
82985,1
82985,3
70173,3
70173,1
115252,3
191859,3
191859,1
151156,3
281161,1
275731,1
19870,3
180510,3
17832,3
178633,1
178633,3
17837,1
17837,3
17838,1
17838,3
66602,1
66602,3
290544,3
290544,2
17856,3
253870,3
122370,3
159808,3
159808,2
238482,3
238482,2
17881,1
340478,3
345881,3
340826,1
340634,3
340634,1
340755,3
340644,1
340646,1
340647,3
340648,1
340765,3
354038,3
340650,1
340053,3
340056,3
339974,3
339977,3
339981,3
340018,3
340059,3
340071,3
340092,3
340104,3
340602,3
340141,3
340149,3
340170,3
341670,1
341670,3
340226,3
340229,3
340232,3
340296,3
340328,3
340396,3
340419,3
340428,3
340466,3
340467,3
340563,3
340564,3
340483,1
340483,3
340707,3
340707,1
340668,3
17968,1
325903,1
17980,1
111128,1
97515,1
75467,1
127323,1
116323,1
50489,1
58428,3
58428,1
17985,3
17985,1
17990,3
17990,1
83765,3
83765,1
255254,3
18039,3
99045,3
99045,1
43582,3
43582,1
100136,3
100136,1
42054,3
42054,1
44956,1
368987,3
373705,3
374648,3
373704,3
373571,3
208778,3
208778,2
81729,3
68487,3
504800,3
504800,2
103058,3
103058,2
117489,3
117489,2
42196,3
42196,2
221111,3
221111,2
18079,3
88031,3
377820,3
18090,3
18090,2
77636,3
68901,3
68901,2
374958,3
374958,2
129089,3
255294,3
255294,1
299889,3
299889,1
310159,1
18270,3
18275,3
127402,3
153456,3
153456,1
152298,3
152301,3
152332,3
152338,3
152338,1
18308,3
18304,3
334191,3
64044,3
81522,3
43761,3
77570,3
77570,1
239564,3
169192,3
194764,3
70547,3
255229,3
82045,3
18350,3
113682,3
195140,3
18351,3
134853,3
82046,3
152011,3
154383,3
87176,3
18368,3
18368,1
48388,3
48388,1
18377,3
170083,3
81350,3
18383,3
70616,3
61192,3
18415,3
18416,3
21026,3
340665,1
321978,1
283305,3
283379,3
283379,1
283269,3
283377,3
283377,1
283297,3
283297,1
319064,3
319064,1
283375,3
305971,3
305970,3
18444,2
334056,2
153219,2
225746,2
18445,2
25537,3
25537,2
54725,2
125213,2
18449,3
18449,2
106274,2
18454,3
18454,2
42226,2
57361,2
79446,2
84184,2
315949,2
57362,2
61452,2
22049,3
208150,3
386896,1
511838,1
332140,3
332140,1
18568,2
59167,3
59167,1
18636,3
113990,3
191229,3
524888,3
53724,3
67021,1
59724,1
18749,1
283311,3
168192,1
168194,1
181610,1
177520,1
247994,1
209217,1
161765,1
202963,1
212046,1
191863,1
168199,1
194010,3
194010,1
182908,1
25524,1
78507,1
216358,1
82551,1
351005,1
153459,1
522087,1
180995,1
526503,3
526264,3
322463,3
525769,3
80750,3
50967,3
50967,1
299267,3
299267,1
228379,3
228379,1
167885,3
167885,1
47057,3
126144,3
126144,1
260920,3
260920,1
71710,3
80548,3
18843,3
18843,1
47056,3
181958,3
315368,3
135801,3
183366,3
343935,3
153465,3
153465,1
220102,3
220102,1
75849,3
78291,3
78291,1
506264,3
100995,3
100995,1
270606,3
270606,1
154797,3
154797,1
110717,3
110717,1
226512,3
226512,1
142607,3
142607,1
284714,3
284714,1
176467,3
176467,1
115912,3
72599,3
85570,3
192414,3
380228,3
380229,3
19052,1
385138,3
19074,3
19074,1
20468,3
20468,1
345677,3
19142,3
19148,3
363857,1
364189,1
368045,1
355328,3
355328,2
201518,3
201518,2
355312,3
355312,2
349627,3
349627,2
330202,3
330202,2
341958,3
341958,2
330200,3
330200,2
355331,3
355331,2
355335,3
355335,2
158375,3
158375,2
300880,3
300880,2
527936,3
243618,3
243618,2
331121,3
331121,2
328485,3
328485,2
349629,3
349629,2
158370,3
158370,2
349636,3
349636,1
355322,3
355322,2
285693,3
285693,2
341970,3
341968,3
341968,2
355314,3
355314,2
526774,3
19233,3
111299,3
341662,1
327510,1
300930,3
286104,3
286104,1
300931,3
300931,1
328346,1
328348,1
327504,1
59579,3
59579,1
107561,3
107561,1
270344,1
80717,1
156517,3
156517,1
72358,3
72358,1
182741,3
182741,1
209081,3
209083,3
90009,3
89282,3
109955,3
185216,3
185216,2
52687,3
52687,2
299732,3
242751,3
242751,1
270256,3
182742,3
99571,3
185226,3
125467,3
125467,1
185289,3
190965,3
172189,3
378,3
109148,3
52639,3
202021,3
379,3
380,3
380,2
222458,3
222458,1
26255,3
26255,1
23675,3
23675,1
26256,3
381,3
207647,3
79152,3
382,3
95378,3
95378,2
384,3
384,2
83572,3
83572,1
83573,3
58016,3
42058,3
185296,3
153562,3
185224,3
26247,3
96594,3
219976,3
170242,3
88186,3
165592,3
156095,3
156095,2
255723,3
195237,3
195237,2
306935,3
197961,3
197961,2
361976,3
67280,3
57816,3
431,3
351661,3
272574,3
284774,3
372729,3
372729,1
242383,3
339254,3
97243,3
242211,3
332739,3
264699,3
194840,3
376790,3
528627,3
301678,3
344752,3
332740,3
170079,3
273927,3
343614,3
215707,3
112050,3
206750,3
321454,3
98900,3
316645,3
55893,3
342013,3
527203,3
300343,3
351059,3
270379,3
270379,1
619,3
96569,3
620,3
581,3
581,1
529266,3
343590,3
332747,1
372601,3
25485,3
26357,3
242257,3
205606,3
375246,3
270985,1
115403,1
154950,3
154950,1
128433,1
210307,1
33739,1
210310,1
210309,1
67338,1
103151,1
117894,1
759,1
58292,3
58292,1
112043,3
112043,1
111328,1
104260,3
104260,1
196739,1
182463,3
182463,1
330666,3
330666,1
26465,1
186143,1
26476,1
167654,3
167654,1
367814,3
367814,1
186195,1
212318,3
212318,1
204861,1
89862,3
89862,1
387330,1
381869,1
873,1
82372,3
82372,1
243758,1
243759,3
243759,1
334868,1
243755,1
43845,3
43845,1
186471,3
26536,3
186480,3
26961,3
299648,3
103018,3
119424,3
62737,3
25698,3
65279,3
89665,3
1267,3
138932,3
99602,3
44175,3
171692,3
24513,1
233772,3
52070,3
58184,3
189073,3
62352,3
1565,3
56419,3
56419,2
67136,3
67136,2
106056,1
172916,1
319393,1
269532,1
239708,1
139830,1
1708,1
1709,1
189470,1
27195,1
198293,3
70572,3
27896,3
27896,1
90874,3
90874,1
68289,1
241004,3
63879,3
296026,3
102342,3
99451,3
99451,1
58973,3
67695,3
138604,3
76112,3
53057,3
210418,3
27346,3
226728,3
82987,3
227356,3
29698,3
182347,3
87790,3
239438,3
336426,3
99261,3
504164,3
112712,3
153631,3
227932,3
109079,3
45050,3
45050,1
48315,3
287956,3
81678,3
81678,1
93109,3
44213,3
56818,3
63880,3
183818,3
143030,3
27416,3
98592,3
24542,3
138677,1
138677,3
117260,3
117260,2
101966,3
101966,2
92852,3
92852,2
222646,3
222646,2
158260,3
158260,2
158261,3
158261,2
112790,3
112790,2
89593,3
89593,2
99108,3
99108,2
247863,3
247863,1
389132,3
204458,1
204458,3
204460,1
204460,3
344973,3
106078,3
204859,3
380469,3
380469,1
149399,2
2567,2
74564,2
234778,1
298700,3
298700,1
175620,3
175620,1
226344,3
226344,1
114266,3
114266,1
112855,3
112855,1
88747,3
88747,1
100145,3
100145,1
118992,3
118992,1
206787,3
206787,1
2936,3
2936,1
125878,3
104644,3
316828,3
353082,3
97388,3
212047,3
54616,3
89081,3
2944,3
2944,1
54170,1
54170,3
206801,3
206801,1
28706,3
157383,1
2996,1
195926,3
192498,3
161583,3
108825,3
166551,3
192550,3
98584,3
92724,3
127299,3
97640,3
192571,3
92297,3
152141,3
94337,3
96587,3
59049,3
192601,3
93407,3
77677,3
190387,3
189321,3
228608,3
328269,3
328269,1
157422,3
157422,1
42450,3
3363,3
69965,3
226839,3
226839,2
29328,3
3810,3
3810,2
91681,3
3813,3
3813,2
220808,3
220808,2
24730,3
349797,3
137929,3
137929,1
328154,3
328154,1
73051,3
73051,1
3842,3
3842,1
342479,3
342479,1
328155,3
328155,1
75413,3
75413,2
89285,3
352961,3
322201,3
361220,3
350944,3
171371,3
352450,3
380813,3
504378,3
386144,3
280744,3
380814,3
285900,3
504648,3
382791,3
213131,3
213139,3
382775,3
382775,1
213143,3
3972,3
211047,3
89518,3
178396,3
49555,3
90527,1
328157,3
328157,2
176648,3
176649,3
43794,3
47850,3
4365,3
360490,3
90456,3
95886,3
97014,3
112811,3
270459,3
269576,3
279266,3
117989,3
64207,3
4830,3
231458,3
104544,3
104544,1
226287,3
212096,3
30956,3
301707,2
5283,3
5283,1
235615,3
235615,1
235616,3
235616,1
235617,3
235617,1
271619,3
271619,1
375267,3
210705,3
277506,3
313718,3
277531,3
317485,3
276127,3
276127,1
254635,3
254635,1
500160,3
500160,1
84504,3
84504,1
130644,3
79311,3
79311,1
162484,3
162484,1
77110,3
77110,1
219153,3
219153,1
71742,3
71742,1
149129,3
149129,1
168672,3
168672,1
512021,3
512021,1
153645,3
153645,1
108223,3
108223,1
70570,3
70570,1
63116,3
63116,1
183919,3
183919,1
43472,3
43472,1
84045,3
84045,1
525693,3
525693,1
101308,3
101308,1
525900,3
525900,1
143249,3
143249,1
504867,3
504867,1
239044,3
239044,1
125531,3
256289,3
61800,3
61800,1
5686,1
379070,1
378948,1
94547,1
71888,3
210724,3
115024,3
115038,3
297653,3
306345,1
368637,3
368637,1
307890,3
307890,1
313754,3
313754,1
268791,3
268791,1
193993,3
193993,1
177950,3
177950,1
208301,1
208301,3
526166,3
526166,1
526418,3
526418,1
139598,3
139598,1
5830,3
5830,1
274725,1
274725,3
5838,1
93116,1
226843,3
226843,1
196814,3
196814,1
180342,3
180342,1
5840,1
5840,3
90637,3
90637,1
139595,1
272722,3
272722,1
5844,1
137619,3
137619,1
5850,3
166543,3
234797,1
41734,3
41734,1
234799,1
6097,3
296913,1
63244,1
41568,1
168145,1
157519,1
298622,1
92067,1
84445,1
136980,1
375870,1
219241,3
219241,1
263279,1
370729,1
239541,3
239542,3
125919,3
7091,3
81325,3
272033,3
7179,3
7179,2
7179,1
158808,3
158808,2
158808,1
101057,3
86997,3
76203,3
96034,3
49891,3
7383,1
69773,1
201718,1
201722,1
92363,1
99133,1
95027,1
32989,1
78614,1
95212,1
95211,1
56544,1
70084,1
326252,3
326252,1
109147,3
109147,1
33562,3
33562,1
33564,3
33564,1
121838,3
121838,1
325070,3
325070,1
312725,3
312725,1
525414,3
525414,1
133598,3
133598,1
536204,3
536204,1
318000,1
318000,3
178759,3
178759,1
167376,3
167376,1
43865,3
43865,1
300302,3
300302,1
345433,3
345433,1
52388,3
52388,1
81631,3
81631,1
69808,3
69808,1
325078,3
325078,1
340861,3
340861,1
369059,3
369059,1
71777,3
71777,1
187314,3
187314,1
535589,3
535589,1
48537,3
48537,1
356521,3
356521,1
60135,3
60135,1
525499,3
525499,1
292422,3
292422,1
339507,3
339507,1
536239,3
536239,1
302425,3
302425,1
133721,1
133721,3
522292,3
522292,1
154238,3
154238,1
215771,3
215771,1
43089,3
43089,1
8006,1
159006,1
99493,1
182018,1
182018,3
78355,1
379031,3
379031,1
20933,3
33636,3
48567,3
48567,1
325136,3
98664,3
300284,3
92668,3
102934,3
300285,3
54674,3
115860,3
99269,3
115861,3
135961,3
175728,3
8449,3
78055,3
175725,3
49543,3
116012,3
33993,3
194245,3
8450,3
347175,3
118720,3
528682,3
39134,3
58249,3
163844,3
184168,3
112298,3
91160,3
373573,3
299949,3
358469,3
282286,3
344657,3
291988,3
323897,3
384106,3
299950,3
352155,3
358473,3
384522,3
92197,3
384523,3
352157,3
384109,3
352158,3
384110,3
502904,3
298165,3
373712,3
96396,3
384114,3
109998,3
270207,3
67598,3
358485,3
358486,3
502868,3
98393,3
502679,3
282299,3
501813,3
209908,3
197204,3
384532,3
170523,3
336235,3
373580,3
358494,3
501829,3
242473,3
384122,3
384126,3
300452,3
384128,3
299964,3
299965,3
85966,3
358498,3
212649,3
282306,3
358503,3
352195,3
352196,3
369219,3
39211,3
299969,3
138298,3
308337,3
93450,3
373591,3
79044,3
284356,3
170136,3
373720,3
358515,3
501736,3
325355,3
503468,3
109788,3
314574,3
352228,3
65075,3
358539,3
373598,3
333113,3
373601,3
55095,3
111572,3
384176,3
307616,3
352312,3
197211,3
242488,3
60203,3
53780,3
328114,3
103351,3
352355,3
314816,3
98458,3
270278,3
299396,3
381418,3
525916,1
338011,3
338011,1
525854,1
76587,3
228473,1
525765,1
77644,3
77644,1
108459,3
108459,1
140374,3
140374,1
53073,3
53073,1
307667,1
202827,1
525717,1
25486,2
129020,1
526145,1
228511,3
228511,1
318165,3
195847,1
141028,3
141028,1
102324,3
102324,1
324637,1
228530,3
228530,1
48156,3
48156,1
525842,1
318179,3
251140,3
251140,1
526208,1
318180,3
62767,1
56098,1
517364,3
517364,1
266628,3
318187,3
228561,3
228561,1
526263,1
217869,3
318196,3
108329,1
9237,3
143558,2
62315,2
9248,2
120623,2
195612,2
72898,1
72897,1
9357,3
220865,3
220867,3
144326,3
174280,3
99407,3
220926,3
220926,1
238497,3
178578,2
74641,2
30320,1
46146,3
139846,1
139846,3
9742,1
98471,3
98471,1
82865,3
82865,1
75287,3
75287,1
331114,3
331114,1
253682,3
9862,3
9862,1
358732,3
358732,1
10063,3
10063,1
103721,3
103721,1
10094,3
524834,3
22413,3
22413,1
316307,3
316307,1
344235,3
257902,3
348222,3
143530,1
259623,3
259623,1
319432,3
319432,1
77861,3
367776,3
231261,3
367777,3
47602,3
375291,3
171943,3
171943,1
324959,3
191704,3
319433,3
323578,3
221594,3
330371,3
330372,3
377007,3
234700,3
370775,3
133040,3
80306,3
371095,3
136493,3
344236,3
317115,3
250581,3
327310,3
370776,3
370776,1
362256,3
362256,1
311037,3
280614,3
196160,3
311038,3
170817,3
342935,3
113104,3
251414,3
367775,3
313011,3
313011,1
326099,3
326099,1
324966,3
279598,3
355352,1
285425,3
187417,3
367902,3
68156,3
351624,3
120488,3
120488,1
313470,3
308677,1
284411,3
351607,3
334824,3
33981,3
33981,1
370077,3
302099,3
371169,3
271492,3
258001,3
171006,3
177198,3
257741,3
313012,3
313012,1
182720,3
313014,3
313014,1
305053,3
364133,3
306507,3
344504,3
313015,3
313015,1
71190,3
71190,1
165707,3
371110,3
171942,3
171942,1
348857,3
348857,1
351627,3
351627,1
329497,3
113551,3
113551,1
219320,3
346615,3
231254,3
347385,3
347385,1
84878,3
252565,3
342941,3
238857,3
258024,3
370815,3
362367,1
355438,1
230177,1
177177,3
45452,3
45452,1
70679,3
250647,3
351323,3
351324,3
42234,3
42234,1
302100,3
169161,3
61747,3
61747,1
375315,3
330960,3
330961,3
351325,3
221146,3
237725,1
300487,3
10158,3
316221,3
47661,3
10162,3
10162,1
10166,1
271768,3
10170,3
118264,1
10181,1
55017,3
55017,1
91726,3
91726,1
19924,3
10194,1
167750,3
287705,3
171104,3
164377,3
383488,1
338946,3
338946,1
339842,3
339842,1
302139,1
10205,3
10205,1
105299,3
105299,1
10235,3
271782,3
10249,3
10249,1
10248,3
10248,1
128983,3
128983,1
10255,3
105301,3
105301,2
83634,3
97611,3
95861,3
113463,3
113463,1
176500,3
176500,1
271784,3
271784,1
88257,3
88257,1
82226,3
82226,1
71916,3
71916,2
231186,3
231186,2
79630,3
10645,2
10647,2
116301,2
85936,2
315408,2
47331,2
224230,3
215203,3
239150,3
308375,3
285970,3
196969,3
294756,3
178680,3
176694,3
153111,3
153113,3
282105,3
174995,3
168986,3
69132,3
10969,3
311025,3
127346,3
169007,3
224236,3
224242,3
117847,3
89752,3
90461,3
175003,3
64376,3
64376,1
373185,3
373185,1
154636,3
154636,1
155555,3
155555,1
72206,3
72206,1
45513,3
45513,1
239390,3
239390,1
49857,3
49857,1
116633,3
522617,3
101875,3
102468,3
116635,3
53674,3
59450,3
67626,3
11185,3
120214,3
120222,3
329091,3
307027,1
96507,3
96507,1
96508,1
242804,1
195495,3
195495,1
159992,3
159992,1
332087,3
25480,3
84694,1
84694,3
337404,3
337404,1
64951,1
111627,1
177549,1
111558,1
180851,1
194024,1
360154,3
521344,3
226082,3
219580,3
12707,1
504476,1
212308,3
43783,3
64592,3
50575,3
341768,3
137945,3
316064,3
316064,1
45208,3
45208,1
13413,3
89364,3
84773,2
75821,2
245030,2
237361,3
342789,3
152290,3
347329,1
343916,1
70860,1
79351,1
236453,3
236453,1
236452,3
236452,1
329145,3
242467,3
242467,1
252185,3
252185,1
72079,1
200455,3
45616,1
376442,3
307058,3
307058,1
16324,1
176717,3
176717,1
70170,1
245897,3
245897,1
125440,3
125440,1
204883,3
255656,3
359272,3
343838,3
370075,3
226858,3
197335,3
370066,3
369383,3
370076,3
304860,3
16403,3
307935,3
325566,3
211536,3
72055,3
167972,3
193030,3
16407,1
349765,1
353034,1
16429,1
289270,1
140167,1
21167,3
120675,3
175199,3
115307,3
68017,3
518075,3
283910,1
262036,1
17498,3
17498,1
329090,3
65610,3
526131,3
526131,1
340822,3
340822,1
340829,1
345875,3
345879,3
340614,3
340619,3
340685,3
340778,3
342582,3
340622,3
340781,3
339968,3
339972,3
339973,3
339979,3
339983,3
339984,3
359280,3
339999,3
347320,3
342579,3
340007,3
340028,3
340028,1
340030,3
340043,3
340046,3
340046,1
354032,3
340076,3
340709,3
534093,3
372169,3
153344,3
275398,3
18071,3
18071,2
56533,3
73814,3
272787,3
347946,3
347946,2
131734,3
152327,3
18077,3
18077,2
79443,3
79443,2
307478,3
272641,3
316058,3
316058,2
217615,3
153129,3
153129,2
44616,3
44616,2
18082,3
125212,3
73044,3
98203,3
359630,3
296487,3
272838,3
18088,3
18088,2
57656,3
115946,3
105651,1
105648,3
92736,3
18788,3
236337,3
190993,1
190931,1
168196,1
168195,1
168197,1
18795,1
142604,1
87693,1
48472,1
96442,1
128480,1
124951,1
225804,1
505444,3
175210,3
525957,3
109243,3
109243,2
124822,3
88135,3
18847,3
335703,3
204884,3
308028,3
511863,3
135989,3
50603,3
50603,1
44473,3
48943,3
326130,3
113362,3
19078,3
336768,3
73295,1
73295,3
202383,3
26250,3
92739,3
100649,3
256003,3
128037,3
202024,3
351716,3
240625,3
26258,3
170034,3
257143,3
153308,3
96389,3
196051,3
196051,1
212038,3
212038,1
212085,3
212085,1
212086,3
212086,1
829,3
829,1
130648,3
130648,1
27185,3
27185,1
98212,3
98212,2
131744,3
131744,2
185200,1
27725,1
95467,1
129124,1
92625,3
92625,1
256981,1
79744,1
508105,3
508105,1
204482,3
2344,3
204478,3
96468,3
27961,3
204479,3
166533,3
195812,3
164031,3
76640,3
76640,2
76206,2
76206,3
300871,3
175428,3
288094,3
285672,3
139684,3
139684,2
206912,3
3001,3
255589,3
146872,3
54526,3
177887,3
376198,3
206913,3
309817,3
286220,3
20999,3
207663,3
209723,1
55797,1
70492,3
290408,3
91289,3
91289,1
111179,3
174730,3
174743,3
174743,1
51534,3
51534,1
175570,3
175570,1
312066,3
312066,1
282669,3
282669,1
6093,3
284345,3
249374,3
24472,3
59691,3
59691,1
165863,3
217608,3
159141,3
181312,3
346198,3
237681,3
169096,3
373575,3
253103,3
325893,3
8656,3
202829,1
176015,1
64426,1
292903,3
292903,1
313986,3
9747,3
59932,3
283332,3
285422,3
76565,3
251609,3
251658,3
371858,3
107373,3
371859,3
119431,3
148150,3
148150,1
89541,3
89541,1
10221,3
10221,1
10224,3
10224,1
228966,3
212305,3
212305,1
81707,3
81707,1
11280,3
12438,1
24480,3
24480,1
153946,3
225308,3
225308,1
226554,3
226554,1
76281,3
76281,1
242599,3
242599,1
115173,3
115173,1
242493,3
242493,1
115171,3
115171,1
87734,3
87734,1
86851,3
86851,1
195937,3
195937,1
73917,3
73917,1
47620,3
47620,1
59126,3
59126,1
242512,3
242512,1
201386,3
201386,1
226503,3
226503,1
129074,3
129074,1
526274,3
526274,1
517320,3
517320,1
515371,3
515371,1
265981,3
242560,3
182861,3
370064,3
129750,3
196711,3
16404,3
285623,3
263268,3
56274,3
56274,1
109140,3
109140,1
308830,3
269107,3
221893,3
221893,2
74143,3
226656,3
185347,3
127316,3
18791,3
18807,1
325308,3
325308,1
286749,3
286749,1
42079,3
42079,1
241592,3
241592,1
198798,3
130278,3
130278,1
325570,3
325570,1
19057,3
376588,3
376588,1
273029,3
273029,1
273030,3
273030,1
358960,1
204480,1
40499,3
90409,3
268698,3
64602,3
212848,3
61639,3
121368,3
74765,3
121369,3
114111,3
516846,3
10183,3
10183,1
16794,3
261426,3
308696,3
306913,3
372764,3
320319,3
331095,3
347278,3
372765,3
319898,3
347279,3
331094,3
343766,3
95671,1
25983,1
82149,3
75348,1
81628,1
69526,1
500296,1
41844,1
23796,3
124280,1
117,1
51029,1
104501,1
124,1
93817,1
242377,3
242377,1
254852,1
300872,1
26019,3
185014,1
26020,1
134160,1
97164,1
44043,1
185017,3
185017,1
154,3
182461,3
67596,3
109754,3
109754,1
83088,3
83088,1
299561,1
326202,3
326202,1
185018,3
185018,1
253704,3
156,3
156,1
185021,3
185021,1
185023,1
185026,3
185026,1
208280,3
208280,1
157,1
100642,3
100642,1
185028,3
185028,1
244323,3
244323,1
105200,1
68388,1
68388,3
113036,3
113036,1
222445,3
222445,1
86956,3
86956,1
131891,1
131891,3
61092,1
61092,3
113928,3
113928,1
51966,3
51966,1
94493,3
94493,1
111672,1
93958,3
93958,1
194578,3
194578,1
132717,3
132717,1
60417,3
60417,1
306934,1
306934,3
98974,3
98974,1
226826,3
226826,1
297706,1
297706,3
90152,3
90152,1
307979,3
307979,1
161151,3
301676,3
301676,1
326782,3
326782,1
277905,3
277905,1
119036,3
119036,1
80070,1
80070,3
140205,3
140205,1
107468,3
107468,1
90798,3
90798,1
52383,3
52383,1
91601,3
91601,1
84544,3
84544,1
51965,3
113869,1
113869,3
258407,3
258407,1
76090,3
76090,1
258408,3
258408,1
258421,3
258421,1
258423,3
258423,1
50528,3
50528,1
56958,3
56958,1
258424,3
258424,1
74651,1
74651,3
161992,3
161992,1
193347,3
193347,1
43893,3
43893,1
324808,1
324808,3
324809,1
324809,3
324810,1
324810,3
180328,1
180328,3
196398,1
196398,3
258426,3
258426,1
314,3
152117,3
342438,3
342438,1
381640,3
85311,3
85311,1
54852,3
100646,3
26586,3
26586,1
168799,3
168799,1
274643,3
274643,1
26587,3
26587,1
182306,3
170973,3
236170,3
189080,3
202382,3
202382,1
368,3
269264,3
80788,3
139840,3
256004,3
75973,3
369,3
369,2
185267,3
185267,2
171722,3
171723,3
171723,1
72777,3
243574,3
174635,3
316976,3
33788,3
149093,3
57357,3
265843,3
185291,3
185293,3
185293,2
111014,3
114259,3
114259,2
386,3
156086,3
156086,2
317987,3
369597,3
185299,3
156089,3
325272,3
98152,3
185300,3
185300,2
185303,3
227663,3
185587,3
56897,3
396,3
396,2
300092,3
336411,3
219977,3
163337,3
163337,2
249446,3
165605,3
165595,3
351717,3
165600,3
214585,3
214585,2
165612,3
165612,2
165614,3
165614,2
165597,3
165597,2
165609,3
270863,3
270863,2
227224,3
165617,3
165617,2
300847,3
316544,3
166899,3
166899,2
165625,3
165625,2
183586,3
165615,3
165615,2
166702,3
141203,3
56053,3
57965,3
97520,3
231042,3
257327,3
261442,3
20934,3
227610,1
523624,1
536046,1
338879,1
314094,1
517536,1
107582,1
507,1
185704,1
383604,3
518285,3
519298,3
566,3
308134,3
351550,1
351551,1
367529,3
367529,1
160935,3
137674,3
44601,3
282137,3
282137,1
214847,3
214847,1
96183,3
127133,3
127133,1
151529,3
151529,1
332721,3
332721,1
231043,3
231043,1
176251,3
176251,1
250810,3
250810,1
524454,1
360632,3
360632,1
343580,3
343580,1
334701,3
95345,3
194532,3
236777,3
285838,3
285838,1
319940,3
244813,3
100231,3
137458,3
365517,3
369089,3
369089,1
360150,3
360150,1
281620,3
281620,1
26374,3
168019,3
168019,1
168020,3
168020,1
127135,3
127135,1
25685,3
25685,1
26376,3
26376,1
524538,3
300338,3
300338,1
172219,3
172219,1
118933,3
502665,3
502665,1
227461,3
168021,3
168021,1
313750,3
313750,1
198247,3
198247,1
176252,3
176252,1
343584,3
343584,1
339279,3
339279,1
287316,3
332727,3
332727,1
339272,3
339272,1
321453,3
321453,1
251137,3
251137,1
372731,3
372731,1
381612,3
381612,1
381613,3
381613,1
365696,3
365696,1
376908,3
207814,3
207814,1
152941,3
227360,3
191043,3
534723,3
343587,3
343587,1
343588,3
343588,1
285842,3
285842,1
349768,3
349768,1
137677,3
368782,3
368782,1
308136,3
336864,3
281907,3
166046,3
161778,3
161778,1
61122,3
61122,1
137919,3
137919,1
233586,3
353163,3
332735,3
137462,3
137462,1
339274,3
339274,1
231262,3
231262,1
242212,3
286474,3
286474,1
273326,3
308138,3
308138,1
332736,3
332736,1
168025,3
168025,1
300340,3
511218,3
308139,3
110134,3
300342,3
245579,3
233583,3
373761,3
341741,3
341741,1
135267,3
214126,3
190582,3
339275,3
339275,1
242221,3
194534,3
320061,3
308142,3
161780,3
536740,3
227367,3
75173,3
282136,3
282136,1
367530,3
367530,1
365695,3
365695,1
367528,3
367528,1
231067,3
370402,3
536756,3
363687,3
363687,1
339276,3
339280,3
339280,1
270258,3
283771,1
152076,3
152076,1
210316,3
283768,1
101840,3
26347,3
196533,3
196533,1
117821,1
622,3
365699,1
285746,1
222170,3
222169,1
170272,3
170272,1
149094,3
55976,1
26887,3
115673,1
226335,3
26358,3
625,1
242260,1
222171,1
376907,3
114388,1
114389,1
26888,1
531039,3
342014,3
359499,3
297681,1
49528,1
153931,1
26360,3
185817,3
74141,3
320205,3
320205,1
299975,3
299975,1
254063,3
254063,1
363689,1
364776,1
49099,3
82491,3
82491,1
388087,1
142837,3
142837,2
257101,3
257101,2
257109,3
257109,2
185923,3
185923,2
144536,1
62748,3
62748,1
185957,3
185957,1
246170,3
246170,1
241331,3
241331,1
241331,2
279650,3
279650,1
279650,2
105125,3
105125,1
61545,3
61545,1
61545,2
725,3
725,1
725,2
279649,3
279649,1
279649,2
185993,3
185993,1
278494,3
278494,1
298422,3
222475,3
521155,3
178182,3
521375,3
301680,3
272652,3
521152,3
521182,3
309915,3
521582,3
239827,3
239827,1
89997,3
89997,2
26435,3
26435,1
30302,3
30302,2
91364,3
91364,1
134892,3
134892,2
742,3
742,2
101734,3
101734,2
522009,3
94495,3
236853,3
236853,2
302373,3
313600,3
313600,2
89313,3
96488,3
96488,2
89998,3
180956,3
180956,1
512237,3
56690,3
48292,3
48292,2
61916,3
61917,3
65092,3
745,3
745,2
103502,3
103502,2
113427,3
113427,2
521198,3
91336,3
91336,2
211147,3
211147,2
522008,3
142820,3
142820,2
142822,3
142822,2
62155,3
62155,2
44395,3
142821,3
142821,2
142823,3
142823,2
142819,3
142819,2
26442,3
26442,2
195055,1
383148,3
57087,1
521988,3
324873,1
324875,1
315086,1
298624,1
320361,3
152934,3
152723,3
186023,3
156142,3
76540,3
49043,3
327415,1
24246,3
24246,1
186282,3
186282,1
879,3
879,1
322414,3
320204,3
215089,3
193061,3
215090,3
503866,3
372019,3
105786,3
915,3
504110,3
126584,3
281824,3
131678,3
522537,3
136827,3
141187,1
137715,1
379148,1
52057,3
1009,3
302849,3
105206,3
254358,3
221488,3
135424,3
376685,1
201479,3
229950,3
180846,3
276509,3
283812,3
248905,3
64621,3
254359,3
120264,3
334454,3
334454,1
345145,3
364010,3
364010,1
355020,3
303573,3
376224,3
154900,3
311959,3
375255,3
375255,1
351636,3
375257,1
104465,3
196804,3
139951,3
79522,3
195763,3
183834,3
1023,3
1023,1
186529,3
186529,1
87168,1
73608,1
280115,1
235905,3
235905,1
181731,3
66204,3
352638,3
367510,3
188168,1
1106,1
188173,1
188174,1
1116,3
1116,1
1121,3
57997,3
57997,2
188259,3
286285,1
374035,1
84419,1
253687,1
188275,3
311253,3
311253,1
45201,3
33974,3
349796,3
331023,3
131645,3
372862,3
380710,3
372863,3
194581,3
331591,3
380711,3
372861,3
384404,3
372865,3
1231,3
362992,3
1230,3
334702,3
76813,3
94662,3
386722,3
272654,3
334703,3
270262,3
352567,3
99160,3
92948,3
511323,3
384406,3
140201,3
151365,3
89634,3
324814,3
138934,3
95202,3
287985,3
112681,3
278114,3
363103,3
56959,3
500188,3
500187,3
285130,3
222528,3
222529,3
147574,3
26680,3
26680,1
74724,3
188342,3
174671,3
171956,3
26700,3
23548,3
100489,3
97144,3
26730,3
138466,3
133113,3
49053,3
358747,3
75076,3
95098,3
112594,3
151777,3
274492,3
51083,3
192415,3
94849,3
99841,3
138933,3
94079,3
26675,3
305918,3
26732,3
99806,3
26677,3
1235,3
1236,3
386709,3
117011,3
92748,3
249585,3
249585,2
188375,3
175229,3
526319,3
510683,3
510683,1
188488,1
1297,1
188489,1
188490,1
335003,1
293347,1
505244,1
1298,1
317438,1
351677,1
297438,1
525405,1
525482,1
344971,1
109110,1
111180,1
26746,1
44865,1
188545,3
188545,1
1324,1
26749,1
188553,3
250979,3
222535,1
155174,1
156262,1
88180,1
26753,1
96328,1
85700,1
19863,1
120178,1
98124,1
118896,1
120177,1
120176,1
66498,1
296833,3
296833,1
1339,3
1339,1
294524,3
322843,3
517761,3
200102,3
364813,3
370835,3
383610,3
517758,3
363335,3
334198,3
383611,3
322878,3
350175,3
357971,3
361696,3
184828,3
250627,3
250628,3
26761,3
53630,1
319306,1
328965,1
26827,3
256034,3
93304,3
117916,3
188778,3
188778,1
1398,3
1398,1
82935,3
82935,1
188786,3
188786,1
168263,3
168263,1
1412,3
1412,1
1413,3
1413,1
24709,3
24709,1
1420,3
1420,1
105212,3
105212,1
100873,3
100873,1
188798,3
188798,1
286046,3
1428,3
1428,1
222551,1
68086,1
106054,1
137312,3
1543,3
45148,3
21087,3
100382,3
174748,3
126965,3
142654,1
75824,1
154450,1
327916,3
327916,1
328027,3
328027,1
1622,1
369650,1
368003,1
189226,1
1627,1
189227,1
41752,1
217000,1
217001,1
59900,1
71498,3
1634,3
167586,3
167586,1
270265,3
505014,3
505014,1
100891,3
90615,3
41676,3
48020,3
1636,1
89012,1
41677,1
119455,1
1637,1
311412,1
1639,1
27134,1
27135,1
1644,1
1646,1
1646,3
114759,1
66469,1
174753,3
174753,2
128979,3
42845,3
42845,2
101882,2
195625,3
112691,2
1665,2
77045,2
45828,2
154698,3
181249,2
189290,3
27152,2
171475,3
189371,1
189372,1
156356,3
156356,1
73286,3
73286,2
73286,1
25096,3
25096,2
25096,1
99535,3
99535,2
99535,1
189373,1
189376,1
189381,1
27176,3
1677,3
267581,3
1678,3
126987,3
385216,3
140054,3
103830,3
103830,2
129056,1
1692,3
130647,1
173043,1
79155,3
189501,3
189501,1
189533,1
189560,1
1735,3
1735,1
222595,3
124337,3
300095,3
231598,1
196137,3
500129,3
99950,3
183785,1
179778,3
231624,1
297592,3
387787,3
387787,1
231634,1
297984,3
525698,3
525698,1
73606,3
183786,1
231619,1
315798,1
194906,3
83314,3
27220,1
146868,1
1742,3
1742,1
190005,3
190005,1
251722,3
251722,1
92915,1
27424,1
90917,1
239437,3
85970,1
321979,1
27228,3
66350,3
24153,3
45672,1
226339,3
109406,1
135643,1
27343,3
85155,3
208189,3
108824,1
70573,3
134736,1
296357,3
27350,3
91173,3
335565,3
92356,3
94398,3
99477,3
182348,3
195212,3
323940,3
117324,3
179786,3
179786,1
199744,3
78464,3
115057,3
101961,3
234761,3
57826,1
57826,3
90079,3
81184,3
70180,3
74159,3
54215,3
314411,3
52861,3
64810,3
1768,3
50184,3
226340,3
49193,3
254896,3
54120,3
99869,3
90772,3
83991,1
274645,1
249465,3
172183,3
172183,1
81190,3
231653,3
27405,1
126332,1
29824,3
29824,1
27408,3
27408,1
111231,1
93744,3
93744,1
95555,3
95555,1
95556,3
95556,1
29822,3
29822,1
340624,3
340624,1
340628,3
340628,1
340629,3
340629,1
206921,3
206921,1
68723,3
68723,1
243179,3
243179,1
316376,3
27417,1
27418,3
27418,1
27421,3
27421,1
98260,1
82116,1
20119,3
183660,3
183660,2
81412,3
81412,2
228594,3
228594,2
97571,3
97571,2
137019,3
137019,2
275445,3
275445,2
275449,3
275449,2
95723,3
95723,2
27435,3
27435,2
42596,3
42596,2
220045,3
86226,3
232224,3
232224,2
241757,3
241757,2
343784,3
343784,2
232165,3
232165,2
333194,3
333194,2
318313,3
318313,2
290371,3
290371,2
226223,3
226223,2
112733,3
112733,2
103584,3
103584,2
226224,3
226224,2
1798,3
1798,2
350984,3
350984,2
131137,3
131137,2
137020,3
137020,2
222622,3
222622,2
138470,3
138470,2
67471,3
67471,2
244953,3
244953,2
1799,3
1799,2
55183,3
55183,2
181159,3
181159,2
104267,3
104267,2
112735,3
112735,2
222626,3
222626,2
91788,3
91788,2
367360,3
367360,2
308606,3
308606,2
98875,3
98875,2
83734,3
83734,2
27480,3
27480,2
99526,3
99526,2
163628,3
163628,2
306946,3
306946,2
153560,3
153560,2
65520,3
65520,2
96331,3
96331,2
58057,3
58057,2
232344,3
232344,2
244692,3
244692,2
94757,3
94757,2
308607,3
308607,2
139000,3
139000,2
85896,3
85896,2
180815,3
180815,2
298943,3
298943,2
103365,3
103365,2
91817,3
91817,2
226227,3
226227,2
244920,3
244920,2
244934,3
244934,2
112738,3
112738,2
232172,3
232172,2
232354,3
232354,2
27482,3
27482,2
91566,3
91566,2
53438,3
53438,2
298970,3
298970,2
232360,3
232360,2
97412,3
97412,2
270894,3
270894,2
270893,3
270893,2
81536,3
81536,2
63491,3
63491,2
97456,3
97456,2
65218,3
65218,2
227938,3
227938,2
1825,3
1825,2
248766,3
248766,2
68551,3
68551,2
70782,3
70782,2
297222,3
297222,2
1844,3
1844,2
1831,3
1831,2
238217,3
238217,2
227940,3
227940,2
227941,3
227941,2
1836,3
1836,2
1837,3
1837,2
1838,3
1838,2
222650,3
222650,2
232016,3
232016,2
159437,3
159437,2
525600,3
525600,2
254585,3
254585,2
222657,3
222657,2
181505,3
181505,2
286348,3
286348,2
90687,3
90687,2
237810,3
237810,2
25548,3
25548,2
153886,3
168408,3
168408,2
206922,3
206922,2
217837,3
343830,3
343830,2
323946,3
323946,2
375022,3
375022,1
384414,3
384414,2
298019,3
255341,3
287933,3
374174,3
1869,3
1869,2
282719,3
282719,1
360276,3
360276,2
277153,3
277153,2
209827,3
209827,2
254899,3
254899,2
524280,3
524280,2
524320,3
524320,2
384424,3
384424,2
384425,3
384425,2
99713,3
99713,2
99714,3
99714,2
367361,3
272661,3
386532,3
386532,1
386392,3
386392,2
272662,3
504083,3
504083,2
503046,3
503046,2
521292,3
521292,2
386533,3
386533,1
367580,3
367580,2
384413,3
384413,2
47993,3
47993,1
109872,3
109872,2
177875,3
177875,2
153596,3
153596,2
27547,3
93809,3
93809,2
529207,1
298767,1
525157,1
525351,1
529111,1
525988,1
502287,1
52218,1
64697,3
64697,1
279629,3
114762,3
114762,1
318582,3
1962,1
1964,1
521183,3
521183,1
344785,3
521122,1
349216,1
349214,1
343785,1
368005,1
349213,1
349215,1
387502,1
368006,1
349212,1
179788,1
349217,1
198308,1
1980,1
351070,1
61143,1
255640,1
203071,1
203072,1
34153,1
33410,1
382730,1
203073,1
41218,1
203075,1
349218,1
65443,3
65443,1
88449,3
88449,1
130660,3
130660,1
124654,3
124654,1
181757,1
120116,1
153356,3
153356,1
234890,1
241793,1
169290,3
169290,1
109539,3
109539,1
81869,3
81869,1
135184,1
111007,1
135185,1
120123,1
210087,1
360086,1
374861,3
344625,3
310061,1
236706,3
236706,1
306842,1
48783,1
368144,1
170935,1
77558,1
203432,1
307480,1
2014,3
143436,3
169809,3
203440,3
272823,3
369917,3
272832,3
2023,1
296756,3
272821,3
88464,1
374841,1
315993,3
195299,3
272828,3
272814,3
136154,1
202586,3
255495,3
272818,3
374859,3
272830,3
2075,1
343767,3
343767,1
341801,3
341801,1
64420,3
259158,3
243041,3
243041,2
243041,1
198374,3
27850,3
27850,2
27850,1
161998,3
55244,3
56202,3
383178,3
383178,2
383178,1
135952,3
186919,3
375023,3
375023,2
375023,1
93596,3
342439,3
72444,3
90441,3
179999,3
93491,3
335568,3
335568,2
335568,1
87408,3
153045,3
171728,3
325970,3
135650,3
2209,3
152124,3
89222,3
197020,3
59854,3
133923,1
227694,1
355963,1
382608,1
374021,1
384842,1
386960,1
377730,1
377733,1
526546,1
377714,1
377719,1
27933,3
163931,3
368421,3
109248,3
112192,3
2293,3
2293,1
49101,3
49101,1
521110,3
521110,2
389131,3
204189,3
513808,3
513808,2
513809,3
389141,3
389141,2
513818,3
513820,3
513820,2
513807,3
513807,2
513821,3
389137,3
389137,2
513830,3
513832,3
513833,3
513833,2
389138,3
389133,3
389133,2
513837,3
513837,2
513838,3
513838,2
513839,3
513843,3
513844,3
513845,3
528932,3
513803,3
513803,2
389134,3
513842,3
513846,3
513847,3
389143,3
513849,3
513849,2
513805,2
513805,3
389140,3
513854,3
513855,3
513855,2
513860,3
389145,3
513864,3
513867,3
389142,3
513802,3
513802,2
513804,2
513804,3
513806,3
513806,2
328000,3
513868,3
204196,3
204196,2
320645,3
320645,2
513876,3
513876,2
2311,3
236662,3
91916,3
74022,3
178250,3
117049,3
238195,3
510759,3
73727,3
227122,3
227123,3
48872,3
204464,3
327495,1
322447,1
351825,3
327466,3
270957,3
270957,1
56296,3
56296,1
205031,1
334665,3
504577,3
90195,3
295952,3
96758,3
295957,3
172201,3
387407,3
360550,3
284625,3
322075,3
351184,3
186920,3
319812,3
295949,3
375149,3
89230,3
182598,3
359181,3
359181,1
359182,3
359182,1
360381,1
357463,3
357463,1
361660,3
361660,1
316222,3
316222,1
504601,3
504601,1
360382,1
313742,3
313742,1
313721,3
313721,1
504516,3
504516,1
254449,3
254449,1
376973,3
376973,1
320171,3
320171,1
360917,3
360917,1
360919,3
360919,1
313737,3
313737,1
313741,3
313741,1
504026,3
504026,1
375975,3
375975,1
350941,3
350941,1
521921,1
521927,1
521919,1
521920,1
518105,1
520272,3
520272,1
379005,3
379005,1
379004,3
379004,1
521278,3
521278,1
525617,3
525617,1
521203,1
521735,1
518037,1
521851,1
521305,1
520134,3
520134,1
353060,3
353060,1
377226,3
377226,1
205334,3
205334,2
48508,3
48508,2
239996,3
239996,1
205792,3
205792,1
153020,3
153020,1
129801,3
129801,1
157530,3
157530,1
205793,3
205793,1
198923,3
198923,1
72074,3
72074,1
2605,1
304025,3
318727,3
304031,3
28243,3
205982,3
51113,3
2633,3
176990,3
119564,3
206172,1
379305,1
379307,1
379306,1
379308,1
338608,1
20094,3
20094,1
517649,3
517649,1
65249,2
62104,2
174530,3
218388,3
368327,3
368327,1
95607,3
218391,3
99147,3
99399,3
96650,3
94848,3
92678,3
97937,3
94420,3
98326,3
92060,3
93927,3
93862,3
98357,3
96824,3
90340,3
171380,3
92582,3
174533,3
29775,3
29775,1
89288,3
98622,3
222794,3
171383,3
174103,3
325688,3
93459,3
172107,3
100321,3
95500,1
95500,3
89292,3
92829,3
174104,3
168755,3
90806,3
90806,1
98820,3
98821,3
174535,3
174536,3
168756,3
95133,3
174538,3
41810,3
30132,3
171381,3
96355,3
91939,3
30134,3
99476,3
97117,3
293754,3
30147,3
95086,3
105130,3
345414,3
30161,3
29926,3
171386,3
171378,3
30162,3
92162,3
94560,3
96504,3
29934,1
30173,3
98717,3
89759,3
95294,3
93891,3
92606,3
30180,3
90183,3
79070,3
29963,3
74653,3
30186,3
96310,3
92530,3
174549,3
192914,3
92270,3
2754,3
92271,3
90691,3
99425,3
89954,3
112726,3
98191,3
98191,1
92343,3
92343,1
96909,3
30011,3
97407,3
91017,3
97426,3
98711,3
90902,3
30222,3
92592,3
108658,3
109913,3
2765,1
2807,2
28283,2
76161,2
181288,2
105708,2
143538,1
272027,3
255342,3
166319,3
166319,1
126089,3
126089,1
300105,3
300105,1
43260,3
43260,1
204495,3
204495,1
155100,3
155100,1
96441,3
206651,3
342423,3
342424,3
110459,3
206770,3
251996,3
64095,3
61023,3
367701,3
94502,3
344633,3
335299,3
298346,3
81987,3
46569,3
2931,3
309950,3
206803,3
94261,3
2966,3
227431,3
227431,1
93869,3
166538,3
166545,3
162670,3
352460,3
166557,3
324431,3
70887,3
318917,3
209846,3
46144,3
110899,3
209848,3
87880,3
195813,3
109643,3
71015,3
286752,3
175429,3
360293,3
166591,3
181285,3
151239,3
166599,3
28766,3
101856,3
169400,3
209858,3
299144,3
299144,2
192707,3
130335,3
207684,3
191041,3
138774,3
114496,3
166671,3
56136,3
208291,3
110330,3
49343,3
523886,3
137372,3
46497,3
360296,3
169408,3
233315,3
95854,3
45389,3
68087,3
255570,3
111106,3
333659,3
79063,3
109798,3
109798,2
298849,3
324433,3
237546,3
285001,3
207682,3
90931,3
226346,3
226346,2
500124,3
85740,3
80432,3
117705,3
137373,3
299145,3
299145,2
136058,3
192702,3
228829,3
3002,3
189305,3
206910,3
28755,3
241862,3
98223,3
64542,3
206914,3
92942,1
28781,3
28781,2
183206,3
25666,3
3050,3
108790,3
47387,3
47387,1
515399,3
328150,3
237440,3
237440,1
212826,3
212826,1
251219,3
139088,3
139088,2
139090,2
208294,3
208294,2
241877,3
241877,1
3074,3
3074,1
300955,3
300955,1
237441,3
237441,1
273624,3
273624,1
375943,3
375943,1
128685,3
128685,2
128685,1
3081,3
3081,1
285760,3
285760,1
113788,3
113788,1
3082,3
3082,1
255603,3
79064,2
81080,3
81080,1
207573,3
207573,2
3085,2
227680,3
227680,1
207574,2
207574,3
99270,3
99270,1
375198,3
84119,3
84119,2
103067,3
103067,2
374210,3
374750,3
69184,3
69184,1
69184,2
281547,2
3094,2
3094,3
171051,2
171051,3
55875,2
55875,3
3095,2
77714,2
207570,3
207570,1
60798,3
60798,2
209484,3
209484,2
153031,3
153031,2
124346,3
124346,2
63832,3
63832,2
83677,3
83677,1
299910,3
299910,1
3102,3
3102,1
274497,3
274497,1
239983,3
239983,1
184499,1
189894,1
259629,3
259629,1
357909,1
195615,1
353319,1
191832,3
191832,1
375140,1
349303,1
207936,3
207936,2
25368,1
178351,1
202304,3
3311,3
523339,3
523339,1
523435,1
299491,3
207835,3
207835,1
98427,3
98427,1
328358,1
53176,3
53176,1
42260,1
3364,3
285374,3
280324,3
228397,3
228397,1
154955,3
28956,3
98256,3
43178,1
3370,1
328511,1
328361,1
91612,1
28968,3
241006,3
135338,3
135338,2
3382,3
65739,3
3409,3
3409,1
209760,1
209775,1
74288,1
209793,1
3451,1
3688,3
3688,2
3697,1
3735,3
3735,1
50390,3
50390,1
62852,3
62852,1
281284,1
261101,1
221394,3
29236,3
285480,3
285480,1
123875,3
123875,1
306245,3
306245,1
253639,3
253639,1
305305,3
305305,1
123775,3
123775,1
227065,3
227065,1
123344,3
123344,1
308371,3
308371,1
122855,3
122855,1
260942,1
123994,3
123994,1
335110,3
335110,1
335112,3
335112,1
308567,3
308567,1
122862,3
122862,1
125473,3
125473,1
123513,3
123513,1
123249,1
123163,3
123163,1
290703,1
375752,3
375752,1
123267,3
123267,1
168350,3
168350,1
123873,1
268686,3
268686,1
504567,3
504567,1
165394,3
165394,1
273944,3
273944,1
166942,3
166942,1
221579,3
221579,1
303702,3
303702,1
123277,3
123277,1
315300,3
315300,1
210687,3
210687,1
29262,1
157673,3
157673,1
352969,3
352969,1
220539,3
220539,1
99459,3
211429,2
211437,3
29286,2
122802,3
122802,1
193127,3
193127,1
102727,3
29319,3
29319,1
367937,3
174786,3
241651,3
241651,2
170785,3
170785,2
167941,3
167941,2
181740,3
181740,2
310019,3
241653,3
241653,2
3808,3
22698,3
22698,2
101081,3
101081,2
24732,3
501695,3
149982,3
30506,3
30506,2
29332,3
29332,2
148139,3
148139,2
51666,3
51666,2
3811,3
3811,2
3814,3
3814,2
147688,3
147688,2
297427,3
3815,3
241652,3
241652,2
168831,3
209128,3
209128,2
120449,3
120449,2
212500,3
212500,2
149047,3
149047,2
212499,3
212499,2
96524,3
96524,2
96481,3
96481,2
143107,3
94295,3
94295,2
101082,3
101082,2
136168,3
328151,3
121159,3
121159,1
58591,3
3844,1
29340,3
212847,1
3854,1
72690,3
106000,1
523767,1
523766,1
174115,1
45977,1
322963,1
29377,1
184240,1
29248,1
145172,1
500145,1
212884,1
119038,1
20867,1
24133,1
43179,1
3867,1
90184,1
139124,1
43180,1
162697,1
3880,1
281246,1
89049,1
116000,1
220715,1
29369,1
59616,1
130518,1
212857,1
304813,1
98685,1
209691,1
163509,1
223004,1
93715,1
91672,1
29360,1
322996,1
146847,1
523776,1
523775,1
523779,1
93118,1
523778,1
327556,1
327512,1
306482,3
91373,3
210274,3
116220,3
138391,3
248443,3
248443,1
80890,3
207213,3
211455,3
65570,3
314136,3
60369,3
43511,3
182867,3
50259,3
151310,3
336810,3
336812,3
336812,1
155101,3
155101,1
105769,3
50895,3
83478,3
93783,3
57460,3
375762,3
194371,3
98389,3
181514,3
211339,3
96207,3
332962,3
327250,3
515184,3
135829,3
515185,3
96082,3
236557,3
150059,3
150059,1
348161,3
97605,3
96860,3
523309,3
537765,3
529575,3
529477,3
197716,3
243487,3
197711,3
220387,3
197714,3
240438,3
215543,3
215545,3
215547,3
215547,1
275088,3
215549,3
215549,1
215551,3
215554,3
215554,1
215568,3
340970,3
215571,3
215571,1
213958,3
213958,1
215573,3
284700,3
309232,3
300852,3
215579,3
301887,3
240395,3
240395,1
272608,3
284699,3
275541,3
300956,3
324343,3
355939,3
337343,3
326135,3
343478,3
300925,3
317066,3
351731,3
349092,3
320194,3
317064,3
341785,3
360993,1
324344,3
353323,3
317065,3
337341,3
326137,3
326137,1
337342,3
337344,3
353322,3
353152,3
380811,3
369974,3
369973,3
370058,3
376987,3
326136,3
370059,3
378589,3
388453,3
121384,3
121363,3
192952,3
209596,3
176002,3
173014,3
241013,3
194369,3
194369,1
242737,3
80121,3
82290,3
243832,3
81821,3
183803,3
45601,3
191879,3
194378,3
209600,3
143123,3
29428,3
331402,1
138409,3
194375,3
331776,3
280095,3
337074,3
342007,3
165897,3
198413,3
29426,3
198414,3
96731,3
218959,3
248287,3
68257,3
67999,3
59159,3
218958,3
155028,3
155028,1
292816,3
89078,3
45411,3
379003,3
379003,1
89349,3
99627,3
328373,3
57365,3
269518,3
382777,3
80498,3
181518,3
93840,3
292734,3
75185,3
59035,3
210084,3
337073,3
92156,3
133895,3
138429,3
68258,3
194373,3
378205,3
138433,3
96722,3
44842,3
218960,3
141173,1
59413,3
46501,3
86388,3
76353,3
49945,3
375766,3
71896,3
57420,3
515186,3
227089,3
96069,3
227090,3
331400,1
86938,3
536881,3
223010,3
133890,3
328375,3
59702,3
29478,3
121408,3
121408,1
46801,3
55115,3
383625,3
118677,3
86075,3
71691,3
248376,3
210954,3
210871,3
248378,3
138443,3
81182,3
272918,3
187138,3
66955,3
95160,3
124310,3
250375,3
194372,3
76126,3
54459,3
133891,3
317069,3
349435,3
345660,3
70118,3
210020,3
48084,3
50038,3
138448,3
86175,3
269524,3
269524,1
287461,3
515187,3
53221,3
102957,3
153342,3
58282,3
168210,3
326508,3
367142,3
382780,3
78281,3
78281,1
243737,3
99793,3
99851,3
94458,3
96302,3
92572,3
110029,3
52716,3
126164,3
336176,3
83374,3
70114,3
42541,3
42541,1
378206,3
357518,3
369961,3
350038,3
346018,3
384474,3
384474,1
357519,3
531032,3
534410,3
314030,3
317071,3
231284,3
337462,3
295059,3
295060,3
165961,3
275448,3
314386,3
29510,1
307075,3
121409,3
121409,1
315258,3
297895,3
313747,3
215550,3
215550,1
357422,3
121364,3
317068,3
530673,3
382280,3
382280,1
319897,3
238048,3
43868,3
63782,3
207214,3
504704,3
215552,3
529731,3
215569,3
343469,3
322220,3
282535,3
215546,3
238045,3
238045,1
341784,3
336023,3
215572,3
215572,1
292737,3
297115,3
282536,3
507636,3
281493,3
334758,3
537849,3
238047,3
334759,3
322221,3
533192,3
270842,3
244661,1
218968,3
215548,3
215548,1
322223,3
357423,3
298706,3
197712,3
197713,3
239580,3
351732,3
162614,3
380812,3
324425,3
269514,3
372816,3
349475,3
368499,3
215544,3
258585,3
352596,3
114533,3
114533,1
334757,3
343468,3
352592,3
370851,3
215555,3
215555,1
121385,3
194377,3
194377,1
91068,3
248370,3
238377,3
239581,3
239581,1
238378,3
367513,3
313904,3
258237,3
297516,3
368500,3
343470,3
197715,3
349091,3
334760,3
322225,3
322225,1
367703,3
297517,3
378207,3
248390,3
533297,3
322227,3
315259,3
215580,3
367704,3
521444,3
215574,3
378588,3
328005,3
531037,3
352601,3
358806,1
315260,3
248344,3
213065,3
223017,3
95824,3
89092,3
269520,3
239579,3
80497,3
170486,3
179958,3
136936,1
136936,3
72691,3
115810,3
115810,1
151313,3
151313,1
3950,3
66295,3
66295,1
93261,3
93261,1
254815,3
61311,3
51767,3
23290,3
29445,3
213304,3
91233,3
115602,3
3974,3
251869,3
109366,3
58954,3
170212,3
180464,3
138254,3
164240,1
164240,3
166389,3
183857,1
183857,3
29467,3
251906,3
29470,3
248409,3
29471,3
248412,3
227095,3
368667,3
29477,3
274739,3
272844,3
89876,3
3993,3
29482,3
104889,3
110901,1
238582,3
238583,3
207216,3
238584,3
91305,3
213087,3
167886,3
97329,1
213395,1
191575,3
4011,3
29557,3
231567,3
213415,3
213415,1
163280,3
112990,3
115989,3
113031,3
507449,3
507449,1
507632,3
507632,1
507066,1
521159,3
299562,3
281825,3
281826,3
521231,3
307779,3
154478,3
526009,3
504208,3
322460,3
374635,3
515188,3
292899,3
536485,3
285377,3
307780,3
126589,3
359375,3
115078,3
219644,3
375944,3
296297,3
284347,3
284348,3
536007,3
536275,3
511667,3
536646,3
197182,3
306739,3
282416,3
142616,3
44949,1
75151,1
158021,2
243582,3
327492,3
327492,2
263323,3
69446,3
69446,1
4331,3
4331,1
195921,1
158060,1
510891,3
510891,1
510949,3
510949,1
510613,3
510613,1
176647,3
176650,3
176650,1
282764,3
282764,1
217078,3
217078,1
342583,3
342583,1
316205,3
316205,1
30610,3
30610,1
219214,3
219214,1
343734,1
168851,3
214671,3
214671,1
318308,3
318309,3
257548,3
19636,3
324868,1
520080,1
518985,1
519784,1
4698,3
137243,3
130632,3
4804,3
130631,3
325130,3
325130,1
141840,3
131195,3
223103,3
517527,3
117941,3
519815,3
521483,3
128486,3
128486,1
208715,3
208715,1
135061,3
223105,3
77960,3
77960,1
103902,3
103902,1
374987,3
372207,3
374988,3
117807,3
80183,3
269578,3
521290,3
520372,3
317507,3
103744,3
132933,3
236956,3
109095,3
117831,3
255213,3
135060,3
30862,3
94704,3
30899,3
73539,3
73539,1
102892,3
4831,3
101886,3
101886,1
62573,3
4824,3
126646,3
126646,1
117808,3
30861,3
83593,3
83593,1
388781,1
350761,3
328429,3
341639,1
401897,1
107473,3
107473,1
105878,3
105878,1
23413,1
107475,1
341627,1
280055,1
105935,3
105935,1
105843,3
105843,1
107482,3
107482,1
105908,3
105908,1
383027,1
401988,1
41192,1
171483,1
105879,3
105879,1
327496,1
346877,1
107490,3
107490,1
402095,1
383032,1
107494,1
402163,1
402164,1
327497,1
107534,1
105815,1
42099,1
119548,3
119548,1
233670,1
280064,1
162835,3
162835,1
23395,1
105848,3
105848,1
366104,1
112518,1
107525,1
107526,3
107526,1
105902,1
41155,1
119530,1
128611,3
128611,1
40938,1
105819,1
280059,1
5169,1
401935,1
5171,1
105828,1
105813,1
201466,1
5173,1
5174,1
240442,1
64718,1
5177,1
105859,1
5179,3
5179,1
402429,1
402553,1
5186,1
22170,3
79573,1
30989,2
177308,2
74116,2
177307,2
94731,2
174710,2
5204,2
56264,2
5206,2
5207,2
72447,2
528694,3
295893,3
287069,3
256002,3
256002,1
5235,3
22791,3
228839,1
228837,1
223168,1
286961,1
173089,1
95433,1
26091,1
223170,1
90594,1
74895,1
96990,1
171388,1
97507,1
98149,1
89858,1
44079,1
89391,1
215951,1
370409,1
89536,1
90273,1
119063,1
228840,1
387479,1
71464,1
309235,3
231843,3
237118,3
111383,3
173307,3
173315,3
526531,3
368734,3
526521,3
180939,3
173419,3
168960,3
360371,3
369479,3
146089,3
43443,3
353558,3
141109,3
337940,3
173660,3
242097,3
83188,3
143920,3
242160,3
255701,3
237111,3
303588,3
327856,3
329462,3
165303,3
371614,3
338339,3
165311,3
197962,3
371591,3
20451,3
5296,3
5307,3
5307,1
5347,2
92473,2
242033,2
529327,1
524982,1
115089,1
67143,1
344978,1
5379,1
529328,1
529329,1
59103,3
59103,1
179043,3
89527,3
89527,1
256263,3
256263,1
256264,3
256264,1
256266,3
256266,1
256268,3
256268,1
256269,3
256269,1
256270,3
256270,1
504406,3
504406,1
116160,3
116160,1
52432,3
52432,1
144642,3
144642,1
97701,3
97701,1
54055,3
54055,1
89870,3
89870,1
243175,3
243175,1
48157,3
48157,1
279244,3
279244,1
523043,3
99181,3
99181,1
115773,3
115773,1
242994,3
242994,1
177793,3
177793,1
65818,3
65818,1
69970,3
96530,3
96530,1
65924,3
65924,1
379477,3
379477,1
69813,3
69813,1
256248,3
256248,1
334774,3
334774,1
256247,3
256247,1
275089,3
109120,3
109120,1
160999,3
160999,1
93228,3
93228,1
510763,3
514289,3
504835,3
504184,3
525797,3
89860,3
31199,3
31199,1
89086,3
89086,1
347714,3
347714,1
174990,3
174990,1
271848,3
271848,1
93995,3
93995,1
97023,3
97023,1
255626,3
270111,3
253049,3
239654,3
229670,3
175037,3
175037,1
306949,3
306949,1
191392,3
191392,1
162485,3
162485,1
162478,3
162478,1
143276,3
143276,1
207053,3
207053,1
31207,3
31207,1
334775,3
334775,1
70569,3
70569,1
143275,3
143275,1
43498,3
43498,1
97251,3
97251,1
161360,3
161360,1
183195,3
334776,3
334776,1
167983,3
167983,1
525437,3
167984,3
167984,1
334777,3
334777,1
226440,3
226440,1
167986,3
103484,3
103484,1
94046,3
94046,1
79377,3
79377,1
275579,3
275579,1
341813,3
341813,1
271105,3
147390,3
147390,1
84310,3
84310,1
84311,3
84311,1
94262,3
94262,1
168669,3
168669,1
249515,3
249515,1
177500,3
256283,3
256283,1
324915,3
324915,1
31218,3
31218,1
256245,3
256245,1
275090,3
234662,3
97383,3
97383,1
250973,3
90206,3
90206,1
333043,3
71242,3
71242,1
375150,3
375150,1
92377,3
92377,1
116162,3
116162,1
90575,3
90575,1
113178,3
98923,3
98923,1
45783,3
45783,1
133216,3
133216,1
239146,3
239146,1
66630,3
66630,1
291865,3
167758,3
167758,1
50464,3
50464,1
191091,3
191091,1
75535,3
75535,1
83866,3
83866,1
58660,3
58660,1
131838,3
131838,1
48967,3
48967,1
201245,3
201245,1
101296,3
101296,1
101297,3
101297,1
44259,3
44259,1
306947,3
306947,1
379478,3
379478,1
101302,3
101302,1
511951,3
504674,3
510806,3
503995,3
525493,3
510820,3
278139,3
101306,3
101306,1
52839,3
52839,1
162917,3
162917,1
101324,3
101324,1
223181,3
223181,1
5398,3
5398,1
256277,3
256277,1
137824,3
137824,1
256278,3
256280,3
284725,3
251465,3
191089,3
191089,1
256281,3
256281,1
256282,3
256284,3
272230,3
272230,1
256285,3
256285,1
207803,3
207803,1
69932,3
69932,1
151204,3
151204,1
286003,3
286003,1
286004,3
286004,1
256287,3
256287,1
84267,3
84267,1
80275,3
80275,1
62963,3
62963,1
43926,3
43926,1
92549,3
92549,1
44275,3
44275,1
69539,3
69539,1
58704,1
55552,3
55552,1
59659,3
59659,1
84125,1
59981,3
59981,1
157674,3
157674,1
31313,3
31313,1
116122,3
232280,3
232280,1
5638,3
5638,1
31502,3
31502,1
117717,3
117717,1
91512,3
91512,1
114437,3
114437,1
197021,3
197021,1
62337,3
62337,1
102008,3
102008,1
381860,3
371917,3
135618,3
223199,1
102651,1
114439,1
58330,1
99169,3
99169,2
202613,3
345697,3
299821,3
362402,3
285912,3
299823,3
299824,3
376621,3
31761,3
101180,3
5773,3
180300,3
180300,2
181294,3
93308,3
93308,1
293039,3
293039,1
5782,3
5782,2
94084,3
94084,2
503982,3
145645,3
521101,3
315885,3
517786,3
256023,3
256023,1
68160,3
68160,1
96172,3
177949,3
177949,1
374901,1
114241,1
40914,1
126098,3
126098,1
140909,1
140909,3
108813,1
5843,3
5843,1
353064,3
353064,1
350954,3
350954,1
317986,1
44628,3
44628,1
5885,1
530000,1
529902,1
5890,1
523654,3
136964,3
136964,2
5960,3
5960,2
286218,3
286218,1
286217,3
181207,3
339309,3
236279,3
236279,1
305876,3
31841,3
89628,3
340677,3
340677,1
368858,3
368858,1
47768,3
47768,1
202626,3
202626,1
114440,3
138255,3
99826,3
73225,3
6024,3
31893,3
6026,3
84935,3
6025,3
6027,3
6027,1
96551,3
86906,3
31897,1
193418,1
127362,1
6115,1
31930,1
6149,1
223264,3
6180,3
6180,2
134083,3
87557,3
87557,1
6191,3
158514,3
182583,3
82838,3
6192,3
113094,3
182585,3
377041,3
374182,3
153230,3
223327,3
31950,1
31950,3
511247,3
511247,1
6213,3
6213,1
308914,1
316990,1
202635,1
340841,1
353813,1
331254,1
349586,1
379489,1
379491,1
380552,1
340842,1
380550,1
343721,1
243491,1
227130,1
353810,1
343472,1
300328,1
218623,1
281501,1
386746,1
364441,1
341815,1
322078,1
356006,1
313606,1
377075,1
154634,1
325135,1
301457,1
345224,1
216530,1
316207,1
269334,1
350989,1
307892,1
240037,1
298513,1
326507,1
349538,1
356007,1
364445,1
526433,1
371263,1
343769,1
521217,1
521168,1
320851,1
241414,1
364442,1
313905,1
319788,1
353809,1
345346,1
349537,1
324832,1
307896,1
306559,1
317395,1
526128,1
316234,1
526366,1
306951,1
269102,1
349535,1
241724,1
234980,1
511573,1
505292,1
371276,1
505291,1
386745,1
505294,1
505282,1
349540,1
236526,1
521399,1
521513,1
526157,1
505303,1
273013,1
354185,1
368503,1
323538,1
375948,1
345323,1
371277,1
505296,1
384495,1
505293,1
520126,1
518998,1
521711,1
521355,1
227131,1
371264,1
526435,1
206438,1
239703,1
360383,1
505295,1
322080,1
526202,1
350012,1
379492,1
315602,1
353035,1
379490,1
315604,1
380551,1
380553,1
507859,1
507858,1
367737,1
31969,1
193129,1
72550,1
253195,1
228305,1
220610,1
216589,1
379493,1
300329,1
124796,1
227227,1
301458,1
315601,1
238954,1
206923,1
216585,1
222174,1
367516,1
168108,1
296074,1
279829,1
179817,1
256168,1
301708,1
285143,1
317254,1
368683,1
364444,1
289150,1
379494,1
241320,1
379495,1
331256,1
78524,1
243416,1
384496,1
352714,1
369963,1
31981,1
31985,1
44211,1
114273,3
114273,1
105663,3
105663,1
132463,1
132463,3
45997,1
45997,3
350990,1
350990,3
273633,3
273633,1
59261,1
223334,1
105702,3
105702,1
6283,1
168970,1
168970,3
285042,1
227350,1
114302,1
305889,3
124760,3
305893,3
79486,3
79486,1
45778,3
45778,1
6352,3
6408,1
304711,3
127558,3
336921,3
114351,3
118452,3
106294,3
27648,3
109348,3
170981,3
375214,3
150426,3
114465,3
93756,3
77617,3
194792,3
41320,3
91441,3
360428,3
87042,3
278661,3
198657,1
191424,1
191420,1
6516,3
6517,3
71063,3
294275,2
294275,3
103560,2
177800,2
177800,3
6527,2
373651,2
158623,2
158623,3
281846,2
281846,3
131504,2
6532,2
182280,3
182280,1
86011,3
86011,1
155010,1
155010,3
180242,1
180242,3
151922,3
151922,1
73403,1
187308,1
181503,1
186778,1
136982,1
176751,1
54169,1
116003,1
111347,1
242270,1
101664,1
223355,1
524634,1
187310,1
170369,1
287755,1
300062,1
327851,1
28925,1
6547,1
6548,1
32120,3
32120,1
62450,1
84954,1
178446,1
81951,1
168383,1
63817,1
6643,3
6643,1
91930,3
91930,1
90090,3
90090,1
99447,3
99447,1
95891,3
95891,1
99448,3
99448,1
94341,3
94341,1
105073,3
105073,1
75000,3
75000,1
99709,3
99709,1
97134,3
97134,1
98059,3
98059,1
173138,3
173138,1
48757,3
48757,1
43066,3
43066,1
173139,3
173139,1
307706,3
307706,1
51149,3
51149,1
51150,3
51150,1
97319,3
97319,1
97921,3
97921,1
96925,3
96925,1
62387,3
62387,1
78642,3
78642,1
93888,3
93888,1
318763,3
318763,1
96948,3
96948,1
96869,3
96869,1
98979,3
98979,1
70297,3
70297,1
99291,3
99291,1
68754,3
68754,1
223383,3
223383,1
82902,3
82902,1
239344,3
89689,3
95121,3
74099,3
318580,3
318580,1
77590,3
77590,1
78292,3
78292,1
32435,3
32435,1
6693,3
6693,1
98096,3
98096,1
98346,3
98346,1
97764,3
97764,1
61751,3
61751,1
62353,3
62353,1
300271,1
300271,3
334284,3
334284,1
32448,3
32448,1
90819,3
90819,1
46025,3
46025,1
95988,3
95988,1
99496,3
99496,1
93334,3
93334,1
97000,3
97000,1
43315,3
43315,1
92651,3
92651,1
105236,3
105236,1
96827,1
32437,3
32437,1
97384,3
97384,1
32442,3
32442,1
6698,3
6698,1
90981,3
90981,1
89326,3
89326,1
173102,3
173102,1
94487,3
94487,1
6628,3
6628,1
156684,3
156684,1
199718,3
199718,1
215964,3
215964,1
293427,3
293427,1
102508,3
102508,1
300274,3
300274,1
291747,3
291747,1
91317,3
91317,1
98093,3
98093,1
93179,3
93179,1
300273,3
300273,1
218403,3
218403,1
307719,3
307719,1
82613,3
82613,1
102509,1
99864,3
55608,3
55608,1
98838,3
98838,1
91624,3
91624,1
168767,3
168767,1
128829,3
128829,1
115659,1
102006,1
114442,1
97429,1
66706,1
105771,1
109456,1
114502,1
114504,1
104257,1
67456,1
154071,1
67773,1
114009,1
74722,1
63524,1
49830,1
95608,1
49573,1
300501,1
113798,1
324918,1
32487,1
226383,1
170637,1
6725,1
208784,1
523323,3
195456,1
64816,1
6777,1
75520,1
500299,3
97796,1
6784,3
243425,3
32557,1
132462,1
6792,1
353689,1
156168,1
244808,1
168111,1
53933,1
371931,1
94780,1
269830,1
32570,1
101336,1
308061,1
100204,1
387039,1
234554,1
6922,1
361737,1
164068,1
58286,3
58286,1
306349,3
89679,3
95125,3
304250,3
85742,3
68655,3
68655,1
95418,3
95418,1
342662,3
242418,3
242418,2
158764,3
158764,2
112011,3
112011,2
270952,3
270952,2
208000,3
208000,2
208000,1
273045,3
253788,3
253788,2
253788,1
248598,3
248598,2
248598,1
115493,3
115493,2
115493,1
71433,3
71433,2
71433,1
248600,3
248600,2
298621,3
298621,2
298621,1
181252,3
181252,2
181252,1
240789,3
270953,3
248485,3
248485,2
130177,3
7028,3
7028,2
7028,1
195958,3
195958,2
195958,1
206925,3
206925,2
206925,1
285879,3
126484,3
126484,2
126484,1
126133,3
126133,2
253791,3
253791,2
306222,1
253158,3
270897,3
270897,2
270897,1
7030,3
7030,1
72758,3
72758,2
7031,3
7031,2
7031,1
153888,3
153888,2
42650,3
42650,2
42650,1
108798,3
108798,2
108798,1
80975,3
80975,2
80975,1
130800,3
130800,2
130800,1
130801,3
130801,2
254414,3
254414,2
199223,3
109437,3
216807,3
270946,3
270946,2
248669,3
248669,2
248669,1
231919,3
231919,2
231919,1
7032,3
7032,2
105643,3
105643,2
134625,3
134625,2
124797,3
124797,2
80739,3
80739,2
248486,3
248486,2
174989,1
169663,1
180792,1
169030,1
168513,3
168513,1
522354,1
7034,3
7034,1
300583,1
256132,1
270191,1
142488,1
109472,3
109472,1
66216,3
66216,1
98990,3
98990,1
309922,1
309923,1
351734,1
124798,1
124799,1
181253,1
256130,1
67452,1
363778,1
201508,1
240815,1
95791,1
75196,1
102905,1
53834,1
320333,1
32732,3
169488,1
127747,1
81924,1
163023,1
7053,3
7053,1
332105,3
332105,1
332111,3
332111,1
332101,3
332101,1
99740,1
99740,3
7056,3
99556,3
72613,3
89512,3
51337,3
7058,3
250643,1
101237,1
101236,3
7078,3
32745,3
32745,1
279667,3
279667,1
60050,3
60050,1
129295,3
129295,1
287362,3
287362,1
239957,3
239957,1
118306,3
118307,1
90192,1
285397,1
194504,1
240657,1
312316,1
320332,1
254803,1
361082,1
274889,1
521815,1
264742,1
358818,1
340635,3
500923,3
500923,2
500923,1
501157,3
501157,2
501158,3
501158,2
501158,1
500796,3
500796,2
500796,1
248226,3
248226,2
248226,1
500931,3
500931,2
500931,1
501174,3
501174,2
500737,3
500737,2
501173,1
388561,3
500739,3
500739,2
500739,1
248229,3
248229,1
501176,3
501176,2
500915,3
209647,2
113070,3
63641,3
63641,2
175156,3
175156,2
374751,3
374751,2
22728,3
22728,2
63631,3
162463,3
358819,3
352610,3
254984,1
170211,1
101714,1
24471,1
45037,1
104793,1
76506,1
521718,3
521718,1
147427,3
226351,3
226351,2
7221,3
7221,2
81896,3
81896,2
95088,3
95088,2
32871,3
32871,2
95847,2
95847,3
77737,3
43739,3
152402,3
158862,3
342411,3
342411,1
516742,3
138101,3
180005,3
125042,3
223487,3
128049,3
98308,3
268789,3
7291,3
286152,3
7418,1
7429,1
114677,1
114677,3
315011,3
315011,1
309773,3
309773,1
51315,3
51315,1
92610,3
127639,3
127639,1
91153,3
91153,1
84196,3
84196,1
46708,3
46708,1
174160,3
330459,3
330459,1
347730,3
347730,1
182081,3
96830,3
96830,1
96874,3
96874,1
97344,3
97344,1
150705,3
150705,1
67106,3
67106,1
96464,3
96464,1
75873,3
75873,1
58473,3
58473,1
145694,3
145694,1
315022,3
315022,1
306297,3
306297,1
182216,3
182216,1
220700,3
220700,1
222062,3
222062,1
521187,3
95591,3
95591,1
53101,3
53101,1
373045,3
373045,1
93014,3
93014,1
59787,3
59787,1
238937,3
238937,1
87543,3
87543,1
52317,3
52317,1
65197,3
65197,1
64779,3
82023,3
82023,1
521400,3
269208,3
269208,1
219356,3
219356,1
315034,3
315034,1
115199,3
115199,1
66370,3
66370,1
91030,3
91030,1
91990,3
91990,1
169256,3
169256,1
89489,3
89489,1
33201,3
33201,1
197576,3
197576,1
198529,3
98840,3
98840,1
84426,3
84426,1
63266,3
63266,1
526241,3
526241,1
521462,3
58417,3
58417,1
87708,3
77468,3
77468,1
47563,3
105242,3
105242,1
97087,3
97087,1
90535,3
90535,1
92387,3
92387,1
166638,3
166638,1
93772,3
93772,1
72176,3
72176,1
73302,3
526214,3
526214,1
526304,3
526304,1
59205,3
59205,1
113631,3
113631,1
63164,3
63164,1
101344,3
101344,1
99701,3
94376,3
244898,3
244898,1
518266,3
518266,1
182324,3
182324,1
99572,3
99572,1
95077,3
95077,1
104623,3
104623,1
369155,3
369155,1
83472,3
83472,1
70136,3
162474,3
162474,1
80662,3
80662,1
317035,3
317035,1
117247,3
117247,1
56204,3
56204,1
179028,3
179028,1
102752,3
102752,1
67132,1
67132,3
316125,3
373538,3
373538,1
347325,3
347325,1
504061,3
90244,3
90244,1
101089,1
101089,3
7479,1
7479,3
162573,3
162573,1
92570,3
92570,1
238936,3
238936,1
376439,3
376439,1
159011,3
159011,1
354804,3
354804,1
321397,3
321397,1
189971,3
189971,1
223599,3
33035,3
33035,1
33036,3
33036,1
125920,1
125920,3
193738,3
193738,1
82107,3
82107,1
49135,3
167544,3
167544,1
101092,3
101092,1
7514,3
296211,3
7516,3
7516,1
7524,1
7524,3
175861,3
175861,1
195463,3
89307,3
104806,3
104806,1
47390,3
47390,1
371127,1
67388,1
340673,1
97425,3
97425,1
25547,3
25547,1
51832,3
51832,1
134904,3
134904,1
23749,3
23749,1
60332,3
60332,1
134974,3
134974,1
33346,3
33346,1
31420,3
31420,1
7591,3
7591,1
7594,3
7594,1
301207,3
301208,3
67076,3
270563,3
270563,1
33382,3
33382,1
381313,3
381313,1
231328,3
231328,1
125065,3
125065,1
125483,3
125483,1
178008,3
178008,1
213366,3
213366,1
290260,3
290260,1
197023,3
197023,1
183491,3
183491,1
298725,3
298725,1
7733,1
100053,1
29193,1
7743,1
7793,3
23531,3
23531,1
46850,3
46850,1
319810,3
319810,1
504387,3
504387,1
167105,3
167105,1
510451,3
510451,1
370913,3
133839,3
133839,1
316393,3
316393,1
315419,3
315419,1
289170,3
289170,1
97252,3
97252,1
138261,3
138261,1
97345,3
97345,1
249461,3
249461,1
196715,3
196715,1
323953,3
323953,1
301594,3
301594,1
83567,3
83567,1
269103,3
226867,3
226867,1
206989,3
206989,1
306953,3
218005,3
218005,1
255756,3
255756,1
122408,3
122408,1
141923,3
141923,1
363695,3
363695,1
77627,3
77627,1
194421,3
194421,1
33525,3
33525,1
175220,3
175220,1
239962,3
239962,1
49279,3
49279,1
94611,3
94611,1
226847,3
226847,1
128502,3
247320,3
284943,3
284943,1
510919,3
510919,1
298514,3
298514,1
316992,3
316992,1
59776,3
272623,3
272623,1
247309,3
137507,3
137507,1
84056,3
84056,1
249447,3
249447,1
127482,3
104699,3
272733,3
272733,1
91735,3
91735,1
297594,3
297594,1
298395,3
298395,1
73838,3
73838,1
56436,3
56436,1
58862,3
58862,1
248767,3
248767,1
218006,3
218006,1
137509,3
137509,1
33530,3
33530,1
240022,3
240022,1
216239,3
216239,1
510630,3
510630,1
241922,3
241922,1
239048,3
239048,1
153768,3
153768,1
190687,3
190687,1
50209,3
171757,1
24086,3
168914,3
168914,1
72719,1
129889,3
129889,1
7860,1
168411,3
168411,1
116663,3
116663,1
381644,3
381644,1
158991,3
7877,3
7877,1
43939,3
43939,1
33456,3
33456,1
120483,3
120483,1
97719,3
97719,1
7885,3
7885,1
518252,3
518252,1
172701,3
172701,1
79341,3
104493,3
104493,1
194121,3
194121,1
136888,3
7886,3
7886,1
66826,3
66826,1
7887,3
7891,3
7891,1
94759,3
94759,1
93462,3
93462,1
97811,3
97811,1
195210,3
195210,1
97812,3
97812,1
110223,3
110223,1
116969,3
116969,1
85474,3
85474,1
165373,3
74692,3
74692,1
60740,3
60740,1
7893,3
7893,1
117373,3
117373,1
63663,3
63663,1
89995,3
89995,1
33469,3
186784,3
186784,1
178912,3
178912,1
179044,3
179044,1
535759,3
535759,1
54875,3
250662,3
250662,1
367942,3
367942,1
272731,3
272731,1
317250,3
317250,1
325826,3
325826,1
271004,3
136882,3
136882,1
7904,1
7905,3
7905,1
95015,1
149132,3
236959,3
137301,3
45261,3
180969,3
180969,1
236961,3
236961,1
236740,3
234270,3
227795,3
227795,1
226352,3
181281,1
180970,3
104359,3
105079,3
179982,3
92154,1
49540,3
49540,1
49541,3
202405,3
202405,1
114013,3
114013,1
7914,3
7914,1
7915,3
7915,1
226120,3
226120,1
503071,3
503071,1
384607,3
384607,1
357419,3
357419,1
269670,3
103346,3
103346,1
236042,3
236042,1
343011,3
343011,1
191045,3
191045,1
99080,3
99080,1
203360,3
203360,1
169692,3
169692,1
147576,3
147576,1
130806,3
130806,1
99081,3
99081,1
111303,3
111303,1
504179,3
504179,1
503968,3
503968,1
120917,3
120917,1
122459,3
122459,1
7917,3
7917,1
78171,3
78171,1
73319,3
73319,1
286768,3
286768,1
94591,3
94591,1
73320,3
73320,1
113708,3
113708,1
241535,3
241535,1
219997,3
219997,1
7918,3
7918,1
77676,3
77676,1
307902,3
307902,1
172103,3
172103,1
217794,3
242421,3
242421,1
58917,3
136942,1
181337,3
181337,1
33667,3
33667,1
92120,3
92120,1
87078,3
87078,1
166973,3
166973,1
51853,3
51853,1
154648,3
202404,3
202404,1
503792,3
503792,1
66710,3
33508,3
65521,3
92716,3
97978,3
97978,1
94266,3
94266,1
7941,3
7941,1
98216,3
98216,1
251622,3
251622,1
307584,3
307584,1
236965,3
236965,1
516380,3
516380,1
503804,3
503804,1
328465,3
328465,1
307336,3
307336,1
256134,3
256134,1
300606,3
300606,1
241728,3
241728,1
375951,3
375951,1
356164,3
356164,1
7944,3
151403,3
269320,3
194430,3
194430,1
245146,3
313402,3
92274,3
92274,1
86952,3
86952,1
325834,3
325834,1
254115,3
254115,1
72563,3
72563,1
70260,3
70260,1
95458,3
95458,1
95989,3
95989,1
521544,3
521544,1
86765,1
248000,3
170787,3
170787,1
82235,3
247335,3
247335,1
42555,3
99605,3
99605,1
58284,3
58284,1
226111,3
226111,1
169110,3
169110,1
153564,3
153564,1
92753,3
92753,1
235064,3
235064,1
136881,3
136881,1
96754,3
96754,1
358969,3
358969,1
59564,3
59564,1
197528,3
197528,1
50738,3
50738,1
102389,3
102389,1
358834,3
47660,3
47660,1
44513,3
44513,1
82118,3
82118,1
344480,3
344480,1
227793,3
227793,1
127489,3
127489,1
350017,3
350017,1
116027,3
116027,1
93902,3
93902,1
136940,3
136940,1
345359,3
55128,3
55128,1
55129,3
55129,1
91252,3
91252,1
7903,3
7903,1
134842,3
134842,1
236216,3
236216,1
236229,3
236229,1
97705,3
97705,1
79386,3
79386,1
360709,3
360709,1
46806,3
46806,1
91085,3
91085,1
322083,3
322083,1
168839,3
168839,1
517338,3
517338,1
383007,3
383007,1
7960,3
7960,1
7961,3
7961,1
83338,3
83338,1
272746,3
535926,3
535926,1
353881,3
107803,3
8071,3
49605,3
322934,1
231961,1
357155,3
386631,3
357191,3
177478,3
177478,1
370500,3
522302,1
522369,1
522363,1
75466,3
156750,3
33641,3
33642,3
299200,1
138571,1
114783,1
139746,1
79617,1
97861,1
95502,1
114518,1
103654,1
63624,1
269032,1
374554,1
382882,1
53919,1
209435,3
209435,1
268693,3
268693,1
298099,3
298099,1
227635,3
227635,1
500157,3
500157,1
518050,3
518050,1
293226,3
293226,1
268691,3
268691,1
502933,3
502933,1
518030,3
518030,1
293224,3
293224,1
268694,3
268694,1
268692,3
268692,1
271199,3
271199,1
61809,1
50017,3
50017,1
67051,3
67051,1
371558,3
371558,1
60980,3
60980,1
81092,3
81092,1
51884,3
51884,1
42409,3
42409,1
115798,3
115798,1
325291,3
87496,3
68335,3
8425,3
227921,3
8427,3
190075,3
22657,3
8432,3
227924,3
344792,3
115859,3
81353,3
93771,3
237026,3
170372,3
103938,3
103422,3
103422,1
78054,3
184709,3
56756,3
87079,3
203361,3
203361,1
55534,3
66774,3
99462,3
307609,3
283492,3
94886,3
94886,1
184710,3
154918,3
8451,3
336033,3
336034,3
350376,3
345673,3
255217,3
255217,1
255218,3
321973,1
95796,1
97979,3
97979,1
59821,1
238975,1
244809,1
368805,1
206635,1
524377,1
244718,1
8471,3
8471,1
34004,1
61168,3
154425,3
154425,1
269593,3
298042,3
53769,3
79853,3
137007,3
99914,3
203934,3
96273,3
346193,3
34041,3
113871,3
43469,3
23595,3
376298,3
8494,3
165738,3
75409,1
169234,1
8501,1
182329,1
34062,1
169611,1
202894,1
322935,1
91924,3
91924,1
8536,1
99522,3
99522,1
8545,1
55949,1
8555,3
8555,1
155707,3
249463,3
285403,3
325316,3
8557,3
8559,3
227952,3
517230,3
117112,3
104099,3
253126,3
75843,3
299945,3
104100,3
300115,3
227954,3
517620,3
155705,3
163754,3
55883,3
209893,3
163835,3
374257,3
360600,3
504462,3
504749,3
114544,3
67592,3
517373,3
251078,3
226385,3
226385,1
114545,3
211135,3
211135,1
178913,3
50393,3
83874,3
347759,3
302225,3
368697,3
502760,3
377079,3
307007,3
374412,3
503022,3
8565,3
149997,3
378101,3
126064,3
59822,3
110742,3
70224,3
300824,3
252904,3
273949,3
41349,3
306311,3
271400,3
367758,3
319554,3
268757,3
308117,3
300618,3
238690,3
317650,3
336024,3
277435,3
88740,3
88740,1
53983,3
237717,3
89935,3
39193,3
174589,1
358489,3
97834,3
170225,3
317371,3
182992,3
91426,3
99212,3
93264,3
501607,3
501773,3
501892,3
503605,3
503685,3
193319,3
503074,3
503196,3
174602,3
501535,3
21469,3
69079,3
501922,3
502802,3
335915,3
503442,3
503342,3
502794,3
503131,3
502220,3
502009,3
501668,3
503036,3
502691,3
502610,3
151782,3
537415,3
502692,3
52233,3
135964,3
81326,3
102917,3
504733,3
335930,3
98330,3
298847,3
94697,3
503643,3
93841,3
503674,3
503142,3
501533,3
212685,3
212685,2
502294,3
501725,3
501441,3
300219,3
504411,3
501710,3
502411,3
520392,3
502968,3
103015,3
501819,3
501796,3
74603,3
68215,3
502039,3
503330,3
212695,3
501765,3
102998,3
228902,3
174612,3
222325,3
503622,3
504685,3
502408,3
502832,3
503518,3
503649,3
501878,3
501722,3
89831,3
502927,3
501930,3
501515,3
61027,3
503093,3
251016,3
501788,3
350705,3
501823,3
503205,3
502160,3
503280,3
501857,3
198942,3
501762,3
503694,3
504814,3
502383,3
501621,3
111799,3
503625,3
78840,3
503345,1
504050,3
503257,3
86276,3
87789,3
138856,3
111427,3
183045,3
502462,3
131687,3
502084,3
502627,3
502190,3
78579,3
502961,3
501891,3
502887,3
153160,3
502109,3
502349,3
502457,3
501669,3
253084,3
169101,3
537414,3
8616,3
115201,3
39179,3
39179,2
8622,3
67839,3
39183,3
39183,2
47208,3
8632,3
46940,3
40501,1
307724,3
280856,3
352428,3
360627,3
297269,3
360721,3
248769,3
211139,3
382316,3
212181,3
512063,3
361715,3
334679,3
360689,3
40504,3
336391,3
178487,3
167041,3
78310,3
294672,3
359846,3
50176,3
296144,3
306923,3
306924,3
306927,3
360698,3
361083,3
296148,3
49653,3
296155,3
363371,1
382309,3
515219,1
8755,3
8755,1
8779,3
115330,3
116766,3
118029,3
313759,3
263471,3
297757,3
332848,3
349782,3
182116,3
152390,3
209341,3
517249,3
357429,3
328110,3
194043,3
169872,3
70522,3
376031,3
251158,3
376032,3
127153,3
94408,3
94408,1
45679,3
148447,3
68385,3
85432,3
183963,3
321458,3
251161,3
376033,3
180723,3
510470,3
238107,3
321459,3
127154,3
238108,3
99430,3
368926,3
75241,3
40664,3
70590,3
89694,3
95503,3
238111,3
112056,3
297759,3
69236,3
238112,3
104462,3
95375,3
95375,1
252311,3
343546,3
332855,3
343547,3
255689,3
96584,3
524620,3
198403,3
298786,3
96567,3
209108,3
305846,3
56733,3
281927,3
251182,3
209346,3
343548,3
272332,3
104937,3
306667,3
76476,3
201512,3
368826,3
43603,3
251185,3
217086,3
316711,3
298787,3
68072,3
332859,3
326490,3
321468,3
375544,3
281935,3
237393,3
524373,3
298789,3
251190,3
136768,3
44296,3
209352,3
305130,3
196466,3
73472,3
102822,3
298790,3
45620,3
169519,3
196467,3
300333,3
125913,3
111098,3
209110,3
192989,3
217088,3
254268,3
53485,3
191794,3
263357,3
100020,3
316807,3
89394,3
137261,3
64028,3
40686,3
73603,3
127158,3
332863,3
251202,3
57497,3
111213,3
238120,3
253089,3
372745,3
209355,3
180730,3
316713,3
209010,3
343551,3
210814,3
136769,3
222188,3
306677,3
524523,3
381623,3
332868,3
332869,3
222190,3
56691,3
306679,3
102561,3
182422,3
291276,3
40689,3
71683,3
90814,3
252189,3
154859,3
93235,3
237396,3
73074,3
251206,3
306682,3
237397,3
193254,3
332876,3
524365,3
209359,3
40629,3
43150,3
81654,3
81655,3
176094,3
82812,3
89145,3
524486,3
222194,3
127159,3
54942,3
64451,3
78811,3
321474,3
238123,3
114982,3
148451,3
66620,3
245944,3
524570,3
105120,3
357433,3
115334,3
151878,3
237400,3
281949,3
124518,3
367630,3
251295,3
332880,3
52738,3
272365,3
372749,3
526129,3
372751,3
517575,3
372752,3
56341,3
84608,3
524345,3
332884,3
66721,3
251305,3
299454,3
75686,3
222197,3
251306,3
306689,3
269540,3
45064,3
51481,3
248930,3
167636,3
93490,3
217089,3
332888,3
95806,3
270290,3
176982,3
524391,3
238132,3
501566,3
116793,3
209385,3
222362,3
222199,3
298801,3
169239,3
222201,3
222203,3
193256,3
222206,3
305186,3
305188,3
251327,3
272392,3
370786,3
251333,3
193012,3
180738,3
182423,3
332895,3
151883,3
365967,3
332897,3
202547,3
251337,3
299460,3
111763,3
313783,3
115335,3
78764,3
306366,3
167641,3
46328,3
196833,3
180291,3
306698,3
251343,3
344470,3
58568,3
290831,3
196834,3
116797,3
96131,3
151885,3
98247,3
136774,3
208886,3
222213,3
222365,3
148454,3
209389,3
209390,3
332903,3
82485,3
281965,3
237404,3
270304,3
127165,3
286554,3
286555,3
300623,3
524513,3
184072,3
64893,3
251351,3
66046,3
92830,3
251353,3
44783,3
526051,3
116798,3
96616,3
99863,3
93212,3
332904,3
524390,3
109078,3
316808,3
251362,3
196835,3
305588,3
251363,3
270305,3
84712,3
222367,3
315975,3
315975,1
373669,3
238149,3
252336,3
334804,3
115336,3
116802,3
315976,3
169882,3
182424,3
193019,3
272422,3
504197,3
45420,3
184051,3
270308,3
63985,3
180155,3
184061,3
127708,3
75292,3
383349,3
104469,3
343568,3
91937,3
332913,3
47479,3
524439,3
140106,3
272427,3
62334,3
196474,3
116805,3
129367,3
332914,3
298817,3
47200,3
97610,3
70177,3
127170,3
306709,3
349792,3
114987,3
517265,3
291709,3
525599,3
524512,3
524346,3
332917,3
524532,3
332919,3
343569,3
334656,3
77477,3
115337,3
97688,3
382491,3
149017,3
238154,3
372756,3
212303,3
316722,3
251396,3
350692,3
239644,3
316723,3
237414,3
365708,3
50136,3
85672,3
281986,3
102320,3
99523,3
504149,3
332926,3
239646,3
299465,3
127711,3
180752,3
270314,3
92669,3
136780,3
116807,3
283448,3
222223,3
237417,3
98629,3
196475,3
299466,3
252218,3
374778,3
222227,3
332929,3
209392,3
332930,3
239647,3
238158,3
137026,3
526385,3
501691,3
237422,3
365710,3
381632,3
98780,3
94923,3
48868,3
222230,3
365713,3
212791,3
254805,3
251358,3
524468,3
343572,3
78177,3
332932,3
281994,3
524530,3
238163,3
376178,3
91244,3
366046,3
351025,3
251427,3
166270,3
40754,3
46218,3
115339,3
103466,3
167610,3
272446,3
251433,3
70664,3
76898,3
81465,3
57980,3
72209,3
169238,3
69151,3
57528,3
223844,3
95992,3
78658,3
48526,3
65631,3
67622,3
193777,3
94931,3
91303,3
222222,3
149012,3
180735,3
175444,3
70178,3
223863,3
108594,3
8829,3
195150,3
113086,3
8803,3
8805,3
8807,3
126008,3
523901,3
73531,3
64064,3
64109,3
69718,3
55713,3
48869,3
223870,3
8813,3
336621,3
97035,3
50823,3
8815,3
40609,3
8818,3
40614,3
40621,3
8821,3
129315,3
530741,3
46814,3
58129,3
8823,3
209828,3
99289,3
195605,3
85092,3
223875,3
40643,3
56770,3
42597,3
81909,3
89658,3
81884,3
8838,3
155427,3
40652,3
62141,3
84220,3
251944,3
113867,3
40633,3
112271,3
40635,3
8830,3
220816,3
305885,1
305885,3
8842,3
8842,2
133263,3
133263,2
90526,3
90526,2
125492,3
125492,2
90257,3
90257,2
137936,3
137936,2
101803,3
101803,2
125577,3
125577,2
40764,3
40764,2
133841,3
133841,2
85860,3
85860,2
81284,3
81284,2
8871,1
220528,3
208535,3
338884,3
338884,1
365152,3
365152,1
176518,3
176517,3
285446,3
338885,3
338885,1
376887,3
376361,3
517106,3
171312,3
151346,3
44501,3
192167,3
307590,3
327475,3
307591,3
351312,3
139936,3
90491,3
209101,3
211817,3
41560,3
78075,3
219212,3
54699,3
361720,3
381355,3
358846,3
383683,3
383686,3
374250,3
356498,3
294939,3
160517,3
209442,3
211760,3
296749,3
296748,3
340894,3
45614,3
326918,3
328295,3
280234,3
139938,3
180569,3
139937,3
361719,3
294425,3
363803,3
381356,3
387744,3
376896,3
219366,3
385204,3
385204,2
385204,1
346060,3
387785,3
387756,3
387757,3
387758,3
506800,3
387749,3
387750,3
387751,3
387753,3
387752,3
387754,3
387755,3
365171,3
386586,3
386586,2
386586,1
360966,3
345737,3
383692,3
383692,2
383692,1
360539,3
388606,3
387773,3
387763,3
387762,3
387766,3
387764,3
387761,3
387770,3
387765,3
387772,3
387771,3
345759,3
387786,3
387784,3
375037,3
376383,3
361018,3
273061,3
316898,3
211203,3
275589,3
221150,3
245189,3
523297,3
502864,3
308251,3
133988,3
523296,3
501941,3
275591,3
273066,3
143296,2
357105,1
357107,3
357092,3
357094,3
357084,1
357097,1
357042,1
522574,1
522446,3
522787,3
364379,3
364379,1
373084,3
373084,1
348590,3
348590,1
375248,3
89832,1
227245,3
219910,3
219910,1
194415,3
194415,1
230543,3
230543,1
230539,3
230539,1
61269,3
273669,3
273669,1
380499,3
380499,1
368955,3
368955,1
374022,3
374022,1
378982,3
378982,1
8987,3
8987,1
115271,3
134782,3
134782,1
121974,3
70475,1
223914,3
223914,1
132862,3
124384,3
8997,3
8997,1
331251,3
100043,3
238695,3
238695,1
296567,3
296567,1
375189,1
318329,3
318329,1
40888,3
40888,1
311260,3
125423,3
125423,1
309440,3
309440,1
309439,3
309439,1
9021,3
75395,3
328566,3
328566,1
353140,3
353140,1
305544,3
305544,1
305346,3
305346,1
357671,3
357671,1
333830,3
333830,1
115250,1
178180,3
277041,3
277041,1
263233,3
263233,1
230544,3
230544,1
358686,3
358686,1
328567,3
328567,1
230540,3
230540,1
350655,3
350655,1
305543,3
305543,1
333829,3
333829,1
255604,3
255604,1
89802,3
89802,1
272932,3
349741,3
349741,1
320189,3
320189,1
308123,3
9155,3
369542,3
326263,3
9156,3
118047,3
232013,1
87020,1
79806,2
79806,3
9170,3
9170,1
9171,3
9172,3
9173,3
9173,2
190939,3
9176,3
9176,2
41187,3
41187,1
69124,3
69124,1
212353,1
226045,1
76498,3
76498,1
208965,3
208965,1
310796,3
310796,1
238650,3
238650,1
43900,3
43900,1
41191,3
41191,1
264264,1
43848,1
525038,1
176549,3
73511,1
371577,1
86281,1
217350,1
217350,3
526087,3
526087,2
79028,3
79028,1
180181,3
180181,1
141522,1
525985,1
525982,3
525982,2
147638,3
147638,1
164862,1
58315,1
141556,3
141556,2
141556,1
58709,3
58709,1
124557,1
98796,1
318209,3
369625,3
369625,2
369625,1
80234,1
525709,1
151492,1
333930,1
524497,3
524497,2
525815,3
525815,2
82241,1
162548,3
162548,1
525190,1
69551,1
131200,3
131200,2
131200,1
104657,3
104657,1
210573,3
71550,2
64287,3
64287,2
64287,1
170815,1
51275,3
51275,2
54346,1
48216,1
526056,1
318178,3
318178,2
76770,1
337424,1
525965,3
525965,2
42148,3
42148,2
42148,1
103916,3
103916,2
103916,1
104205,2
266236,3
266236,1
526019,1
525938,1
525730,1
263462,1
105631,3
105631,1
102052,1
220920,3
77747,3
77747,2
77747,1
103513,3
103513,1
371575,1
264270,1
141031,3
141031,1
162544,3
162544,1
242346,3
242346,1
242254,3
242254,1
231580,1
316150,1
59121,1
384881,3
150841,3
267786,3
267786,2
50551,3
50551,2
172712,3
172712,1
264206,1
183260,1
115141,3
267567,2
104730,1
9233,3
77546,2
218340,1
80685,3
80685,2
80686,3
80686,2
9257,1
369629,1
84612,1
47762,2
207511,2
315898,2
141764,2
47763,2
9336,1
236723,1
21175,1
255154,3
255154,1
71966,3
71966,1
47295,3
47295,2
47295,1
92671,3
223997,2
384649,3
384649,2
384649,1
384656,3
119246,3
119246,2
65310,3
65310,2
9362,3
162539,3
162539,1
9375,1
76930,2
46071,2
155214,2
311370,2
119587,1
517161,3
517161,1
124673,3
124673,1
9430,3
9430,1
244112,3
244112,1
255997,3
255997,1
255998,3
255998,1
255999,3
255999,1
127462,3
127462,1
9432,3
9432,1
9433,3
9433,1
9517,2
53283,3
53283,2
237438,3
237438,2
234191,3
234191,2
234191,1
9520,3
9520,2
9520,1
268060,3
268060,2
268060,1
59504,3
59504,1
69692,3
69692,1
256174,3
256174,1
63926,3
63926,1
9651,3
315339,3
28154,3
285594,3
193263,3
361196,3
180419,3
9729,3
9728,3
353999,1
59930,3
89897,3
67749,3
517605,3
517605,1
155732,3
85051,3
85051,1
235124,3
235124,1
168895,3
115119,3
54264,3
103627,3
275412,3
196053,3
196053,1
293682,3
296951,3
135728,3
51741,3
72005,3
43954,3
116014,1
89834,3
42983,3
42983,1
247937,3
68817,3
82335,3
292943,3
292943,1
59984,3
59984,1
259070,3
259070,1
64139,3
55283,3
246325,3
292990,3
104391,3
59931,3
294393,3
294393,1
226830,3
61001,3
115125,3
75711,3
211664,3
65161,3
313983,3
216384,3
125447,3
125447,1
9751,3
178496,3
294395,3
294394,3
194962,3
97720,3
9753,3
9753,1
283086,3
283086,1
72006,3
72006,1
9755,3
283166,3
283167,3
211633,3
211633,1
283170,3
283177,3
213855,1
306216,3
9756,3
283226,3
283235,3
81043,3
81043,1
91833,3
91833,1
283242,3
283242,1
98604,3
98604,1
115126,3
9764,3
9764,1
304579,3
129328,3
189322,1
125730,3
125730,1
54706,3
211647,3
283258,3
283258,1
211625,3
9759,3
9759,1
514382,3
514382,2
59705,3
59705,1
195120,3
195120,1
121221,3
121221,1
121225,3
121225,1
307102,3
307102,1
159513,3
159513,1
31424,3
31424,1
300935,3
300935,1
72666,3
72666,1
58985,3
58985,1
93299,3
93299,1
138066,3
138066,1
112207,3
112207,1
9812,3
9812,1
51742,3
51742,1
98954,3
98954,1
139756,3
139756,1
307909,3
307909,1
56553,3
56553,1
62585,3
62585,1
89934,3
89934,1
189437,3
189437,1
62586,3
62586,1
61544,3
61544,1
296624,3
296624,1
90876,3
90876,1
125071,3
125071,1
293049,3
293049,2
293051,3
293051,2
384463,3
293050,3
312637,3
343625,3
511679,3
386139,3
512224,3
299979,3
368980,3
336890,3
280114,3
280114,1
500126,3
500126,1
61662,3
61662,1
81171,3
81171,2
48530,3
48530,1
500132,1
143508,1
197137,1
154254,1
114784,1
171337,1
102095,1
224055,1
143253,1
269954,1
214892,1
112836,1
121858,1
143252,1
9878,1
224056,1
143254,1
225995,1
175773,1
138243,1
224058,1
165968,1
209784,1
93234,1
228771,1
103385,1
181157,1
103631,1
189898,1
330081,1
159826,1
50856,1
367368,1
287460,1
67017,1
182431,1
96353,1
296823,1
295408,1
45459,1
178588,1
322103,1
112022,1
116721,1
99904,1
120606,1
166621,1
178590,1
239000,1
117184,1
162629,1
42824,1
138090,1
260645,1
281020,1
282089,1
9880,1
378937,1
239747,1
60876,1
72564,1
108219,1
9881,1
212225,1
9883,1
241885,1
231665,1
226011,1
500316,1
116831,1
24039,1
521383,1
151673,1
192434,1
278256,1
212226,1
322028,1
287697,1
117267,1
220595,1
41930,1
379710,1
41929,1
93937,1
121860,1
318853,1
251862,1
209445,1
124546,1
239755,1
239758,1
521317,1
374732,1
73305,1
196842,1
9886,1
184589,1
128414,1
46748,1
61784,1
209514,1
120605,1
66304,1
226537,1
380267,1
386174,1
386170,1
380266,1
380268,1
380269,1
178484,1
197122,1
344274,3
344274,1
124933,1
533248,1
225994,1
106372,1
110059,1
515236,1
356137,1
363674,1
363675,1
45869,1
338067,1
197139,1
74019,1
55964,1
337170,1
229295,1
359092,1
201924,1
44035,1
181158,1
160534,1
536029,1
351531,1
334815,1
363783,1
334816,1
44515,1
322105,1
335522,1
361004,1
139853,1
194008,1
361091,3
361091,1
358854,3
358854,1
66305,1
24487,1
73623,1
84881,1
9940,3
9943,1
290519,1
56674,3
22409,1
58195,1
118420,1
9993,2
314038,3
324038,3
324038,1
332833,3
332833,1
316211,3
316211,1
128981,3
61421,2
98781,3
57020,3
57020,1
316209,3
154281,3
237090,3
237090,1
162012,3
162012,1
224074,3
224074,1
211812,3
211812,1
86436,3
86436,1
317730,3
317730,1
322498,3
107270,3
107270,1
345376,3
345376,1
373125,3
373125,1
511691,3
511691,1
333309,3
333309,1
141837,3
141837,1
351039,3
351039,1
180315,3
180315,1
85624,3
85624,1
77687,3
77687,1
373126,3
373126,1
315674,3
315674,1
75550,1
241273,1
109141,1
246623,3
52559,3
52559,1
10030,3
61886,3
61886,1
57081,1
248921,3
269913,3
190407,3
10066,3
23471,3
341777,3
341773,3
10067,3
10068,3
349237,3
10069,3
249456,3
249455,3
236033,3
50199,3
341772,3
221771,2
99394,2
221770,2
284744,2
368653,2
86178,2
83179,2
115651,2
78582,3
78582,2
10083,3
10083,2
89107,2
273635,3
273635,2
167792,3
167792,2
255128,2
90290,2
368982,2
209094,2
23892,2
238847,2
99437,3
224098,3
224098,2
159574,3
159574,2
118995,2
162475,2
76660,2
188451,2
224102,3
177199,3
177199,1
324515,3
371206,3
306493,3
334987,3
58461,3
258007,3
372161,3
372161,1
271770,3
89734,3
10261,1
10293,1
306806,1
94680,1
10303,3
383385,3
65820,3
65820,2
74338,3
74338,2
146013,3
317140,3
281774,3
281774,2
116101,3
116101,1
10407,1
204274,1
506642,3
506861,3
288035,3
288035,2
350021,3
343013,3
506658,3
506684,3
10421,3
537773,1
537847,1
129344,3
129344,1
10471,3
45804,3
367316,3
53380,3
138715,3
138715,1
288063,3
288063,1
286758,3
286758,1
23449,3
23449,1
53568,3
53568,1
181408,3
44861,3
291834,3
372766,3
372767,3
135736,3
135736,1
245955,3
245955,1
195473,3
53381,1
309331,3
309331,2
80172,1
197925,1
130635,1
53382,3
53382,2
75141,3
75141,2
309330,3
309330,2
57652,2
243725,2
149024,1
359117,1
273952,1
345249,1
178067,1
175171,1
72322,1
181278,1
104186,1
315846,1
315847,1
512402,1
512471,1
512022,1
512322,1
512440,1
84968,1
343912,1
156103,1
307913,1
505277,1
176495,1
512124,1
101412,1
57956,1
525933,1
526033,1
239009,1
318544,1
10573,3
10573,1
227337,1
234078,1
125099,3
358865,1
46652,3
46652,2
115653,3
115653,2
115653,1
265859,3
10629,3
10629,2
270732,3
103682,3
139123,3
47321,3
47321,2
47321,1
372606,3
372606,2
372606,1
504101,3
504101,2
504101,1
10634,3
10636,2
10637,2
10643,2
73153,2
505490,3
505490,2
298920,3
298920,1
297900,3
297900,1
294564,3
294564,1
10748,3
131022,3
65967,3
194589,3
22851,3
23752,3
24175,3
324977,3
507376,3
507376,1
507100,3
507100,1
10796,3
69790,1
81733,3
81733,1
507369,1
10799,3
10799,1
146760,3
146760,1
110775,3
110775,1
332167,1
131019,3
131019,1
128292,3
128292,1
10874,2
291777,2
184716,1
240676,1
47911,3
47911,2
10926,3
294754,3
345852,3
285972,3
177869,3
237941,3
247635,3
176696,3
11031,3
11031,1
74809,3
74809,1
11042,3
270955,3
270955,1
369628,3
116500,3
360280,3
166960,3
169023,3
219314,3
219314,2
75995,2
145927,2
150183,3
150183,2
344996,3
343906,3
121879,3
121879,1
150202,3
150202,2
155859,3
155859,2
272084,3
41243,3
331643,3
331643,1
102199,3
102199,1
121888,3
121888,2
59138,3
59138,2
218842,3
369463,3
369463,2
44984,3
44984,2
344999,3
344999,1
169163,3
253435,3
253435,1
155861,3
155861,2
155862,3
155862,2
145938,3
319081,2
155860,3
155860,2
138941,2
166195,1
166195,3
140130,3
140130,2
132229,3
135284,3
135284,2
104608,3
104628,3
104628,2
381666,3
381666,1
150185,3
150185,1
354446,3
354446,1
62732,1
325018,3
251695,1
55098,3
125100,3
326142,2
326142,3
11144,3
81058,3
11156,1
280994,1
212867,3
212867,1
212868,3
212868,1
184093,3
184093,1
33976,3
33976,1
252420,3
252420,1
359529,3
359529,1
155419,3
155419,1
352744,3
352744,1
175634,3
11157,3
11157,1
140139,3
140139,1
285762,3
285762,1
116018,3
116018,1
118188,3
118188,1
518426,3
518426,1
104385,3
104385,1
111158,3
111158,1
272758,3
272758,1
373189,3
373189,1
163836,3
163836,1
73460,3
73460,1
154637,3
154637,1
118737,3
118737,1
80383,3
80383,1
154638,3
154638,1
177291,3
177291,1
181226,3
181226,1
359902,3
359902,1
63387,3
63387,1
63119,3
63119,1
137370,3
137370,1
528138,3
528138,1
367784,3
367784,1
189436,3
189436,1
54584,3
54584,1
369126,3
369126,1
224270,3
224270,1
155479,3
155479,1
224271,3
224271,1
271977,3
271977,1
102670,3
102670,1
86196,3
86196,1
74617,3
81059,3
81059,1
316297,3
316297,1
372179,3
372179,1
519222,3
519222,1
76328,3
76328,1
99154,3
99154,1
170737,3
170737,1
108680,3
108680,1
357500,3
357500,1
153123,3
153123,1
90406,3
90406,1
212873,3
212873,1
87808,3
87808,1
11169,3
115804,3
239392,3
239392,2
48168,3
48168,1
59229,3
59229,1
78820,3
78820,1
78272,3
78272,2
62132,3
300063,3
129087,3
317187,3
118189,3
63236,3
63236,2
70206,3
70206,1
84795,3
116632,3
116629,3
382290,3
11183,3
104429,3
251574,3
251489,3
74037,3
176763,3
45229,3
350772,3
168686,3
504324,3
345382,3
67712,3
57233,3
210325,3
193276,3
168925,3
381649,3
118745,3
116630,3
151338,3
64957,3
298926,3
73885,3
47116,3
105730,3
54222,3
196500,3
349804,3
387951,3
248973,3
379765,3
120049,3
196306,3
187272,3
255056,3
194348,1
194348,3
194033,1
194033,3
11285,3
107606,3
46121,3
11303,3
512144,3
512144,1
101416,3
101416,1
73449,3
73449,1
353068,3
353068,1
350961,3
350961,1
511386,3
511386,1
212231,3
318630,2
324098,2
95546,3
84380,3
11444,3
57664,3
57665,3
67511,3
326813,3
172554,3
105203,3
380557,3
380557,1
323957,1
191883,1
362679,1
325600,1
345710,1
179401,1
44467,1
351090,1
217093,1
226779,1
11491,1
322096,1
351091,1
81198,1
79562,1
134887,1
221236,1
113967,1
516929,1
516930,1
295410,1
11498,1
336046,1
131448,1
212042,1
138642,1
362799,1
48633,1
53403,1
11503,1
362753,1
115211,1
520660,1
180796,1
219487,1
74642,1
114397,1
220192,1
360438,1
522073,3
522073,1
204075,1
166318,1
380559,3
380559,1
522084,3
522084,1
367786,1
511674,3
511674,1
505048,3
505048,1
327589,1
350023,1
224378,1
324526,1
505047,3
505047,1
511311,3
511311,1
26079,1
58296,3
304353,3
283373,3
283373,1
283372,3
283372,1
67591,2
500127,2
117765,2
96475,2
526291,2
100066,2
138201,2
97205,2
90608,2
90180,2
95293,2
167616,2
48821,2
64146,2
92044,2
90395,2
137688,2
89650,2
11627,3
160021,3
522708,3
11643,1
11644,1
256792,1
315863,3
315863,2
195627,3
195627,2
160040,2
224387,3
224387,2
85496,3
85496,2
218722,2
11725,3
11725,1
336819,1
129497,3
129497,1
103918,1
116637,1
82688,1
386670,3
386670,1
386441,3
386441,1
386548,3
386548,1
386546,3
386546,1
386413,3
386413,1
386671,3
386671,1
386549,3
386549,1
386547,3
386547,1
229845,1
226507,1
224389,1
523653,3
523653,2
99699,1
11820,1
11834,3
11834,1
11835,3
11835,1
175258,3
175258,1
20593,3
20593,1
60746,3
120496,3
256139,1
178001,1
54017,1
171119,1
160130,1
11923,1
521484,1
183502,1
61723,1
11998,3
11998,2
63319,1
75739,1
67961,1
50940,1
224413,1
87841,1
269958,1
57146,1
46928,1
75740,1
74060,3
74060,1
126285,3
126285,1
85723,3
85723,1
12084,3
12084,2
181263,3
181263,1
12104,3
124580,3
137988,3
63688,3
342470,3
219550,3
137989,3
178427,3
336036,3
514437,3
376299,3
178426,3
235083,3
335193,3
250938,3
46276,3
256827,3
251714,3
61523,3
315854,3
506850,3
335195,3
53510,3
382454,3
286170,3
156070,3
212281,3
78856,3
58808,3
219551,3
208128,3
80257,3
169144,3
383257,3
273201,3
519452,3
183597,3
47682,3
198602,3
327481,3
78855,3
273212,3
156069,3
102456,3
345453,3
247608,3
519429,3
343435,3
285213,3
235959,3
369198,3
64147,3
351131,3
333881,3
183355,3
255137,3
25379,3
235804,3
78429,3
336407,3
251712,3
226127,3
334768,3
344254,3
351132,3
106302,3
333883,3
239698,3
344255,3
286188,3
518240,3
227592,3
506701,3
351014,3
103128,3
285214,3
114974,3
243054,3
504589,3
336692,3
103061,3
273200,3
286190,3
285215,3
367789,3
72217,3
243055,3
219555,3
286192,3
178429,3
218455,3
270590,3
517741,3
351230,3
307694,3
137995,3
345744,3
169142,3
107680,3
359125,3
344258,3
55375,3
317607,3
506760,3
150812,3
235805,3
345572,3
211212,3
375126,3
235806,3
286196,3
334770,3
504697,3
95686,3
376304,3
366850,3
367667,3
317210,3
382464,3
352756,3
116257,3
54832,3
504236,3
368890,3
178431,3
59610,3
351134,3
178432,3
506787,3
81993,3
325662,3
255704,3
324843,3
124595,3
345456,3
219559,3
219612,3
219609,3
219587,3
78439,3
150565,3
180549,3
264474,3
255427,3
137403,3
12118,3
22774,3
345221,3
92423,3
301189,3
377750,3
377771,3
72726,3
12121,3
90181,3
201461,3
217023,3
12122,3
105784,3
12123,3
71657,3
44414,3
56447,3
336404,3
48822,3
67669,3
326760,3
140143,3
345814,3
86572,3
72303,3
197312,3
169125,3
77696,3
104753,3
196522,3
180817,3
336405,3
94402,3
90494,3
307648,3
91110,3
66816,3
351055,3
351055,1
56127,3
196521,3
256304,3
270591,3
46277,3
48954,3
345713,3
343433,3
316553,3
299624,3
212021,3
170739,3
97030,3
317190,3
273204,3
97776,3
345720,3
240890,3
525768,3
90182,3
50106,3
48823,3
74480,3
96414,3
255142,3
98148,3
307670,3
77697,3
83829,3
49707,3
219564,3
169133,3
98117,3
180010,3
273209,3
83446,3
95323,3
219565,3
182524,3
86444,3
91631,3
86445,3
172172,3
273080,3
257119,3
55162,3
345180,3
219605,3
374551,3
241083,3
76308,3
51794,3
55980,3
209581,3
353710,3
75088,3
367788,3
69149,3
93628,3
82281,3
353718,3
62802,3
72669,3
78973,3
338295,3
70684,3
74381,3
526222,3
228340,3
219590,3
307681,3
353715,3
48361,3
326771,3
58001,3
46555,3
65050,3
252899,3
353720,3
307683,3
65744,3
219613,3
196174,3
48228,3
52193,3
65673,3
62462,3
77576,3
44277,3
526187,3
44759,3
182392,3
353714,3
118291,3
66292,3
307684,3
50713,3
151353,3
387689,3
182528,3
64841,3
64841,1
178579,3
182529,3
299436,3
68321,3
194122,3
74716,3
307690,3
81360,3
43053,3
105107,3
175181,3
77614,3
52895,3
526329,3
68207,3
48747,3
333017,3
98527,3
182396,3
179879,3
345728,3
360270,3
74883,3
151354,3
324982,3
324656,3
353717,3
526347,3
343438,3
91077,3
514440,3
54831,3
79798,3
219596,3
99303,3
138723,3
182907,3
526427,3
526393,3
70808,3
76779,3
333886,3
50553,3
525638,3
219599,3
526368,3
86673,3
50075,3
335206,3
316055,3
299633,3
99787,3
73214,3
55698,3
112006,3
112006,1
221282,3
276488,3
221349,3
228456,3
196172,3
12155,3
117522,3
272879,3
80440,3
138125,3
12159,3
97880,3
64591,3
76397,3
12162,3
12163,3
12164,3
377827,3
377760,3
62633,3
12165,3
41555,3
79111,3
69200,3
91269,3
46400,3
99395,3
377761,3
82946,3
94318,3
91813,3
70928,3
12172,3
101426,3
47681,3
92520,3
114173,3
12184,3
113467,3
30913,3
12186,3
138156,3
95905,3
149090,3
370216,3
370219,3
370215,3
228342,3
112341,3
254124,1
154643,3
154643,1
226852,1
256971,1
504931,1
71459,1
168516,3
168516,1
103968,3
103968,1
190013,1
73745,1
168517,1
151251,3
151251,1
54562,1
47192,1
167944,1
65667,1
154394,3
154394,1
154397,3
154397,1
366038,1
366039,3
366039,1
366143,1
366202,1
366223,1
366240,1
366240,3
366252,3
366263,1
366267,1
366293,1
366295,1
62243,1
366382,1
366421,1
366432,3
366439,1
366479,1
366526,1
366779,1
12226,1
115223,1
215384,3
215384,1
52777,1
86453,1
177519,1
117529,1
119971,1
105131,1
43341,1
43341,3
53650,3
119973,1
82443,1
119972,1
77446,1
297925,3
297925,1
78636,1
86697,1
67601,3
90445,1
81954,1
113883,1
68936,1
196356,1
90926,3
90926,1
114399,1
61951,1
207011,3
207011,1
335167,3
335167,1
12302,1
65975,3
54515,1
138793,1
196002,1
73256,3
73256,1
59300,1
59740,1
12404,1
46730,1
12407,1
120465,2
41605,2
54153,1
270958,1
226853,1
270118,1
377823,1
220768,3
220768,1
152375,1
154652,1
335637,1
352125,3
352125,1
43921,1
358372,1
124814,1
206280,1
269612,1
74219,1
82409,1
66851,1
180619,1
70387,1
286503,1
352759,1
148123,1
175183,1
297293,1
219230,1
275324,1
252305,1
287829,1
124815,1
342460,3
342460,1
367794,3
367794,1
342444,3
342444,1
342471,3
342471,1
342446,3
342446,1
331608,1
12420,1
357800,1
169213,1
230693,1
72803,1
71081,1
209638,3
209638,1
126896,1
511813,1
162405,1
162411,1
108181,1
181781,1
338228,1
85008,1
86031,1
153664,1
154660,1
154660,3
520444,1
226313,3
226313,1
12479,1
211890,1
12486,3
12486,2
80589,3
80589,1
12538,3
12538,1
120479,3
93157,1
113482,1
272061,1
285603,1
193571,1
12557,1
382856,3
382856,1
286110,1
128953,1
374260,1
228635,1
135978,1
526310,3
526310,1
371678,1
12559,1
307114,3
307114,2
325217,3
331067,3
181707,3
277086,3
227588,3
227588,2
65281,3
75763,3
75763,2
96291,3
96291,2
351723,3
42825,3
42825,2
255072,3
269613,3
269613,2
131255,3
131255,2
127367,3
194464,3
194464,2
241008,3
298051,3
272766,3
272766,2
378691,3
125923,3
125923,2
85609,3
85609,2
280692,3
280692,2
197323,3
290508,3
303222,3
349529,3
322501,3
378694,3
378694,2
378692,3
227901,3
370467,3
317217,3
378696,3
297890,3
297890,2
289036,2
289036,3
272767,3
324993,3
254119,3
47239,3
47239,2
324549,3
285604,3
317218,3
317218,2
521885,3
521885,2
152215,3
325879,3
378695,3
378693,3
378693,2
279840,2
279840,3
54730,3
54730,2
60829,3
54731,3
54731,2
61373,3
61373,2
56675,3
75232,3
75232,2
50280,3
50280,2
514444,3
61968,3
514446,3
514447,3
514448,3
514449,3
514451,3
378689,3
152665,3
152666,3
516934,3
260261,3
198567,3
297746,3
179854,3
180347,3
290134,3
284213,3
254537,3
115227,3
136500,3
327890,3
31413,3
124363,3
12592,3
12592,1
370734,1
330231,1
522501,1
259202,3
259202,1
63940,3
70149,3
12621,3
12621,1
12624,3
505239,3
55453,3
69147,3
521192,3
522955,3
505567,3
363926,3
505569,3
325017,3
62471,3
62471,1
86218,3
108679,3
108679,1
32999,3
32999,1
193574,3
193574,1
47685,3
47685,1
12705,3
12705,1
12706,3
12706,1
72387,1
365342,1
30469,3
30469,1
504627,3
504483,1
504581,1
156991,3
156991,1
504193,1
521744,1
517501,1
368075,3
374744,3
368076,3
368077,3
351159,3
115230,3
153783,3
198574,3
76459,3
300118,3
248770,3
129581,3
162920,3
162920,1
369388,3
369389,3
504392,3
504871,3
51655,3
65254,3
127495,3
137061,3
77354,3
221402,3
12736,3
297961,3
270751,3
184194,3
342472,3
364324,3
373252,3
373251,3
386581,3
364328,3
364329,3
86095,3
323082,3
274789,3
274788,3
273504,3
243651,3
83962,3
53534,3
66975,3
352761,3
378879,3
95904,3
272626,3
180977,3
168754,3
127975,3
271617,3
135620,3
302645,3
302644,3
302642,3
319455,3
339525,3
302336,3
302337,3
521628,3
115977,3
66128,3
133946,3
201130,3
68294,3
61049,3
184212,3
76550,3
365344,3
157540,3
53756,3
265983,3
79413,3
265905,3
324598,3
83648,3
189910,3
116710,3
103438,3
194802,3
265931,3
352923,3
116258,3
116711,3
102676,3
137060,3
45853,3
126537,3
135981,3
169699,3
345386,3
521511,3
137804,3
70595,3
239939,3
124194,3
124195,3
182483,3
109797,3
124493,3
103092,3
368876,3
61163,3
307597,3
81181,3
78121,3
522164,3
272938,3
265996,3
266000,3
138707,3
211841,3
132316,3
265998,3
344278,3
352924,3
297720,3
178583,3
180317,3
85237,3
126149,3
102609,3
265961,3
107669,3
44750,3
323548,3
374355,3
302648,3
47632,3
63893,3
282539,3
522161,3
184228,3
137059,3
180338,3
135983,3
359135,3
360603,3
294052,3
336541,3
337439,3
293364,3
108730,3
374717,3
359129,3
359130,3
382547,3
359138,3
359131,3
359132,3
359133,3
369801,3
48001,3
53119,3
297431,3
337440,3
306907,3
337438,3
306909,3
306911,3
306783,3
275011,3
265997,3
271355,3
337446,3
337447,3
315614,3
335207,3
333874,3
376802,3
325497,3
345271,3
325498,3
369387,3
335208,3
358734,3
315616,3
315617,3
337450,3
337454,3
242448,3
48786,3
48786,1
118317,3
306942,3
184224,3
302917,3
135032,3
135032,1
92561,3
92561,1
181743,3
181743,1
296131,3
296131,1
196496,3
196496,1
194514,3
194514,1
110096,3
110096,1
139777,3
139777,1
50814,3
50814,1
95494,3
95494,1
191817,3
191817,1
239766,3
239766,1
111761,3
111761,1
105627,3
105627,1
202704,3
202704,1
312816,3
312816,1
279230,3
279230,1
182572,3
182572,1
64059,3
64059,1
282072,3
282072,1
263228,3
263228,1
533583,3
533583,1
224528,3
224528,1
12789,3
12789,1
224530,3
224530,1
104392,3
104392,1
136359,3
136359,1
69760,3
69760,1
12792,3
12792,1
228860,3
228860,1
378946,3
378946,1
241259,3
241259,1
135026,3
135026,1
12796,3
12796,1
88989,3
88989,1
327060,3
327060,1
198064,3
198064,1
240243,3
240243,1
238095,3
238095,1
253050,3
253050,1
60191,3
229219,3
229219,1
178006,3
178006,1
169773,3
135878,3
211766,3
211766,1
211767,3
211767,1
208003,3
208003,1
207822,3
207822,1
211768,3
211768,1
213681,3
213681,1
213683,3
213683,1
213685,3
213685,1
80983,3
49912,3
140496,3
224532,3
107226,3
107226,1
97696,3
136024,3
67810,3
239768,3
239768,1
178043,3
211526,3
211526,1
204171,3
204171,1
211922,3
211922,1
271624,3
271624,1
89633,3
89633,1
53953,3
53953,1
195409,3
195409,1
198063,3
198063,1
202691,3
202691,1
202692,3
202692,1
202693,3
202693,1
12840,3
12840,2
12872,1
307924,1
195428,3
195428,1
67602,1
275613,3
275613,1
92728,1
128171,1
271625,3
271625,1
44249,3
336543,3
12882,3
61622,3
374967,3
374973,3
69398,1
331667,1
13027,1
73547,3
13033,3
374947,3
386376,3
386376,1
382519,3
382519,1
196605,3
196605,1
353150,3
353150,1
362266,3
362266,1
361060,3
361060,1
103696,3
103696,1
142963,3
142963,1
139791,3
139791,1
134283,3
134283,1
282520,3
282520,1
62003,1
166961,3
166961,1
142903,1
49223,1
105029,3
105029,1
178713,3
178713,1
103522,3
103522,1
115234,3
13373,3
355000,1
343943,1
23177,3
98849,3
20664,3
22599,3
66375,3
52427,3
142051,3
142051,2
180012,3
13422,3
245049,3
245049,2
13433,3
13433,2
13426,3
13426,2
13432,3
13432,2
245048,3
245048,2
88101,3
88101,2
13435,3
13435,2
13436,3
13436,2
13437,3
13437,2
245060,3
13440,3
235972,3
235972,2
351223,3
152139,3
112205,3
21323,3
86886,3
280300,3
13467,3
196348,3
361682,3
25900,1
75490,3
42341,3
526455,3
190904,3
25908,1
286115,3
286115,1
99438,3
240127,3
131430,3
131276,3
92030,3
46445,3
235462,3
263577,3
54002,3
239601,3
100526,3
100538,3
91521,3
257115,3
65505,3
226736,3
51071,3
68007,3
99907,1
53825,3
53825,1
290516,3
290516,1
224635,3
224635,1
104401,3
97436,1
50341,3
13558,3
13558,1
224639,3
224643,3
331838,3
13572,3
285877,3
372993,3
308601,3
177957,3
517318,3
72665,3
99143,3
99143,1
371998,3
517317,3
308602,3
50371,3
21883,3
25565,1
224645,3
224645,1
88745,3
88745,1
13627,2
382437,1
76178,3
246615,3
237358,3
526024,3
525666,3
525883,3
13701,2
13703,2
43043,3
43043,2
62749,3
62749,2
211894,3
211894,2
131274,3
131274,2
13725,3
13725,2
342469,3
342469,2
180014,3
180014,2
13757,3
13757,2
208812,2
90294,3
90294,2
94874,3
94874,2
94875,3
94875,2
199491,3
199491,2
28147,3
84276,3
84276,2
89056,3
89056,2
131269,2
73832,3
73832,2
318041,3
13938,3
13938,2
13938,1
79865,3
85418,3
85418,2
85418,1
78703,3
137142,3
206638,3
273955,3
514475,3
514474,3
514476,3
517839,1
246628,3
67248,2
67248,3
135069,3
136886,3
80191,3
232776,3
232776,1
84941,3
14154,3
270270,3
57554,3
210097,3
210097,1
89189,3
46537,3
68227,3
63980,3
63980,1
272774,3
272774,1
75121,3
75121,1
43173,3
43173,1
380405,1
380407,1
380409,1
14364,2
50188,2
14436,1
346610,3
353996,3
353996,1
92170,3
74170,3
88793,3
88757,3
88780,3
14471,2
368081,3
224814,3
370001,3
88792,3
209744,3
126771,3
118337,3
88784,3
88806,3
118338,3
82565,3
140198,3
241741,3
87687,3
88773,3
206819,3
115167,3
118342,3
70672,3
90601,3
111116,3
15827,3
90679,3
227436,3
201062,3
201108,3
201126,3
201194,3
533792,3
45982,3
136975,3
74152,3
142387,3
101737,3
154972,3
361589,3
135071,3
135071,2
333021,3
333021,2
217100,2
217100,3
299784,3
176766,3
165759,3
165759,2
217101,3
217101,2
56722,3
41732,3
273595,3
78837,3
78837,2
530551,3
530551,2
92650,3
220836,2
220836,3
170065,3
170065,2
70103,3
70103,2
180017,3
15922,3
15922,2
82667,3
70111,3
70111,2
209145,3
46263,3
169034,3
330688,3
330688,1
153027,3
153027,1
263284,3
263284,1
295595,3
295595,1
225069,3
225069,1
194037,3
194037,1
530419,3
530419,1
98002,3
98002,1
77305,3
77305,1
352484,3
352484,1
93372,3
93372,1
268811,3
268811,1
225070,3
225071,3
225071,1
126439,3
126439,1
97335,3
97335,1
225072,3
225072,1
56724,3
56724,1
97980,3
97980,1
225073,3
225073,1
154871,3
154871,1
48937,3
48937,1
249247,3
249247,1
182650,3
182650,1
98425,3
98425,1
90851,3
90851,1
249248,3
249248,1
90626,3
90626,1
80961,3
80961,1
69651,3
69651,1
127627,3
127627,1
129649,3
129649,1
171608,3
171608,1
95394,3
95394,1
93573,3
93573,1
385159,3
385159,1
83411,3
83411,1
311466,3
311466,1
365398,3
365398,1
55837,3
55837,1
146456,3
146456,1
142562,3
142562,1
278484,3
278484,1
197881,3
197881,1
187173,3
187173,1
127514,3
127514,1
328379,3
328379,1
122279,3
122279,1
284459,3
284459,1
234433,3
234433,1
126714,3
126714,1
139208,3
139208,1
128510,3
128510,1
112566,3
112566,1
311385,3
311385,1
126885,3
126885,1
122147,3
122147,1
118572,3
118572,1
150372,3
150372,1
378512,3
378512,1
175910,3
175910,1
284463,3
284463,1
142409,3
142409,1
219921,3
219921,1
127552,3
127552,1
175914,3
175914,1
171742,3
171742,1
202444,3
202444,1
279490,3
279490,1
159337,3
159337,1
129261,3
129261,1
238533,3
238533,1
175908,3
175908,1
302147,3
302147,1
130432,3
130432,1
127532,3
127532,1
128712,3
279489,3
279489,1
131341,3
131341,1
142271,3
142271,1
128117,3
128117,1
129763,3
129763,1
341441,3
341441,1
112567,3
112567,1
128766,3
128766,1
319486,3
319486,1
319492,3
319492,1
284465,3
284465,1
200913,3
200913,1
187169,3
187169,1
302161,3
302161,1
346445,3
346445,1
353932,3
353932,1
321933,3
321933,1
129557,3
129557,1
247519,3
247519,1
319488,3
319488,1
128792,3
128792,1
505143,3
505143,1
121823,3
121823,1
128583,3
128583,1
159335,3
159335,1
302149,3
302149,1
311187,3
311187,1
129846,3
129846,1
247520,3
247520,1
247517,3
247517,1
128158,3
128158,1
126512,3
126512,1
129988,3
129988,1
129484,3
129484,1
120975,3
120975,1
238271,3
238271,1
217498,3
217498,1
175906,3
175906,1
167449,3
167449,1
302145,1
302145,3
202440,3
202440,1
353936,3
353936,1
175916,3
175916,1
139485,3
139485,1
129996,3
129996,1
150374,3
150374,1
280524,3
280524,1
129934,3
129934,1
118488,3
358388,3
358388,1
338882,3
338882,1
167447,3
167447,1
121472,3
121472,1
128658,3
128658,1
67663,3
67663,1
249250,3
249250,1
98835,3
98835,1
233267,3
233267,1
175779,3
99499,3
99499,1
104557,3
104557,1
95135,3
95135,1
127784,3
127784,1
511572,3
511572,1
300821,3
300821,1
215567,3
353118,3
353118,1
128261,3
128261,1
327444,3
327444,1
243578,3
243578,1
284371,3
284371,1
284376,3
284376,1
300820,3
300820,1
293318,3
293318,1
320297,3
320297,1
320250,3
320250,1
302115,3
302115,1
157588,3
157588,1
319508,3
319508,1
353867,3
353867,1
328817,3
328817,1
339839,3
339839,1
320301,3
320301,1
139342,3
139342,1
352939,3
352939,1
157592,3
157592,1
377691,3
512187,3
512187,1
512230,3
512321,3
512321,1
127792,3
127792,1
124605,3
157594,3
157594,1
142548,3
142548,1
121466,3
121466,1
92321,3
92321,1
89947,3
89947,1
384800,3
172269,3
172269,1
79619,3
79619,1
366247,3
366247,1
47875,3
47875,1
82433,3
82433,1
119699,3
119699,1
154872,3
154872,1
67266,3
67266,1
72639,3
72639,1
60619,3
60619,1
386830,3
386830,1
522535,3
522535,1
293584,3
293584,1
86933,3
86933,1
287790,3
287790,1
183321,3
183321,1
71408,3
71408,1
121955,3
121955,1
129777,3
129777,1
139659,3
139659,1
94521,3
94521,1
91060,3
91060,1
195679,3
195679,1
50409,3
50409,1
357983,3
357983,1
94481,3
94481,1
57990,3
57990,1
49299,3
49299,1
83116,3
83116,1
387573,3
357263,3
357263,1
119726,3
119726,1
353131,3
353131,1
183682,3
183682,1
333000,3
333000,1
522224,3
522224,1
534623,3
534623,1
357334,3
357334,1
327397,3
327397,1
128232,3
128232,1
320254,3
522411,3
522411,1
196032,3
196032,1
239091,3
239091,1
175977,3
175977,1
175976,3
175976,1
96075,3
96075,1
256375,3
256375,1
119687,3
119687,1
119742,3
119742,1
118246,3
118246,1
127007,3
127007,1
142553,3
129603,3
129603,1
194347,3
194347,1
249405,3
249405,1
63719,3
63719,1
98845,3
98845,1
225103,3
225103,1
59041,3
59041,1
64589,3
64589,1
74860,3
74860,1
139441,3
139441,1
121495,3
121495,1
94131,3
94131,1
85604,3
85604,1
238538,3
238538,1
92868,3
92868,1
91720,3
91720,1
169631,3
169631,1
44915,3
44915,1
93811,3
93811,1
59817,3
59817,1
95567,3
95567,1
59142,3
59142,1
99580,3
99580,1
42489,3
42489,1
256389,3
256389,1
297775,3
297775,1
96338,3
96338,1
94857,3
94857,1
300923,3
300923,1
283538,3
283538,1
386812,3
386812,1
324007,3
324007,1
125037,3
125037,1
386860,3
256450,3
256450,1
155958,3
155958,1
243369,3
348267,3
348267,1
155952,3
155952,1
204233,3
204233,1
155957,3
155957,1
206694,3
206694,1
537155,3
537155,1
155954,3
155954,1
240079,3
240079,1
319993,3
319993,1
237150,3
237150,1
248832,3
248832,1
42766,3
42766,1
330917,3
330917,1
129458,3
129458,1
48062,3
48062,1
320267,3
320267,1
237509,3
237509,1
129816,3
129816,1
122122,3
122122,1
249826,3
249826,1
280898,3
280898,1
117568,3
117568,1
119712,3
119712,1
119728,3
119728,1
119695,3
119695,1
119770,3
119770,1
119715,3
119715,1
343894,3
343894,1
119780,3
119780,1
126936,3
126936,1
138948,3
138948,1
360949,3
129542,3
129542,1
124990,3
124990,1
128078,3
128078,1
118240,3
118240,1
507851,3
507851,1
121028,3
121028,1
146763,3
146763,1
139191,3
139187,3
139189,3
139189,1
146756,3
146756,1
149533,3
149533,1
352948,3
352948,1
89093,3
89093,1
15958,1
99894,3
99894,1
91822,3
91822,1
78143,3
78143,1
59938,3
59938,1
85439,3
85439,1
43271,3
43271,1
98454,3
98454,1
90580,3
90580,1
69440,3
69440,1
99591,3
99591,1
157601,3
157601,1
225116,3
225116,1
95476,3
95476,1
89704,3
89704,1
98145,3
98145,1
75492,3
75492,1
97741,3
97741,1
86329,3
86329,1
368489,3
368489,1
92984,3
92984,1
195060,3
195060,1
159565,3
159565,1
64015,3
64015,1
65189,3
65189,1
145162,3
145162,1
127388,3
127388,1
133820,3
133820,1
95758,3
95758,1
51414,3
51414,1
281904,3
281904,1
74543,3
74543,1
45398,3
45398,1
202999,3
202999,1
353483,3
353483,1
99563,3
99563,1
149532,3
149532,1
96300,3
96300,1
58233,3
58233,1
72802,3
72802,1
139421,3
139421,1
139333,3
139725,3
139725,1
150370,1
150370,3
184653,3
184653,1
253113,3
184654,3
184654,1
155624,3
155624,1
203370,3
243586,3
243586,1
270434,3
270434,1
275548,3
275548,1
119894,3
119894,1
248712,3
248712,1
297780,3
297780,1
287494,3
287494,1
288071,3
288071,1
281857,3
281857,1
309879,3
279196,3
279196,1
306076,3
306076,1
322325,3
322325,1
278474,3
297778,3
297778,1
290524,3
290524,1
280870,3
280870,1
330692,3
330692,1
328174,3
328174,1
334279,3
334279,1
118194,3
118194,1
127865,3
127865,1
318080,3
318080,1
311425,3
311425,1
311458,3
311458,1
330732,3
330732,1
353130,3
353130,1
336307,3
336307,1
386303,3
386303,1
139206,3
118412,3
118412,1
127908,3
127908,1
122130,3
122130,1
118203,3
118203,1
129523,3
129523,1
505155,3
505155,1
118174,3
118174,1
127500,3
127500,1
196033,3
196033,1
225131,3
225131,1
98619,3
98619,1
97204,3
97204,1
214968,3
214968,1
195681,3
195681,1
196685,3
302112,3
302112,1
172268,3
172268,1
237152,3
237152,1
164764,3
164764,1
128353,3
128353,1
90852,3
90852,1
357286,3
357286,1
112896,3
112896,1
172488,3
172488,1
118210,3
118210,1
118500,3
118500,1
515462,3
515462,1
129192,3
139765,3
150397,3
150397,1
139600,3
139600,1
150387,3
150387,1
142576,3
142576,1
514505,3
514505,1
142579,3
142579,1
139647,3
139647,1
215632,3
215632,1
142558,3
142582,3
142582,1
175956,3
175956,1
175961,3
161047,3
161047,1
128071,3
128071,1
219846,3
219846,1
222134,3
222134,1
219206,3
128056,3
128056,1
217499,3
217499,1
244807,3
119689,3
119689,1
290486,3
290486,1
119734,3
119734,1
529248,3
529248,1
280370,3
280370,1
302101,3
243147,3
243147,1
275553,3
275553,1
303194,3
322138,3
322138,1
342370,3
342370,1
126725,3
126725,1
295759,3
303193,3
288633,3
288633,1
311439,3
311439,1
119738,3
119738,1
121464,3
121464,1
119693,3
125761,3
125761,1
129661,3
129661,1
97650,3
97650,1
92667,3
92667,1
129853,3
129853,1
119754,3
119754,1
302034,3
322329,3
322329,1
320258,3
320258,1
126510,3
126510,1
302103,3
302103,1
355213,3
355213,1
129779,3
129779,1
119749,3
119749,1
117994,3
117994,1
119730,3
119730,1
126838,3
126838,1
126878,3
142076,3
142076,1
346451,3
346451,1
376697,3
376884,3
376884,1
348008,3
129595,3
129595,1
142084,3
142084,1
128285,3
128285,1
537769,3
537769,1
376699,3
376699,1
131371,3
131371,1
125044,3
125044,1
128000,3
128000,1
70899,3
70899,1
73230,3
73230,1
93106,3
93106,1
153565,3
153565,1
43018,3
43018,1
263468,3
263468,1
45905,3
45905,1
122275,3
122275,1
125614,3
125614,1
293320,3
293320,1
293301,3
293301,1
311382,3
311382,1
85838,3
85838,1
352927,3
352927,1
45787,3
45787,1
15973,3
15973,1
102960,3
102960,1
290949,3
290949,1
164465,3
164465,1
233263,3
233263,1
520030,3
520030,1
100002,3
100002,1
74607,3
74607,1
302186,3
302186,1
505182,3
505182,1
85015,3
85015,1
164753,3
164753,1
204219,3
204219,1
280375,3
139184,3
139184,1
300998,3
160454,3
160454,1
139527,3
139527,1
142106,3
142106,1
62559,3
62559,1
281465,3
281465,1
274890,3
274890,1
69345,3
69345,1
77705,3
77705,1
139832,3
139832,1
98587,3
98587,1
154870,3
154870,1
125676,3
125676,1
177585,3
177585,1
77605,3
77605,1
95676,3
95676,1
155936,3
155936,1
72923,3
119725,3
119725,1
73633,3
73633,1
225153,3
225153,1
214875,3
301284,3
301284,1
139705,3
139705,1
165892,3
165892,1
198608,3
198608,1
150368,3
150368,1
200902,3
200902,1
121905,3
121905,1
125612,3
125612,1
312248,3
312248,1
175929,3
175929,1
142109,3
142109,1
312258,3
312258,1
129472,3
129472,1
187666,3
187666,1
175928,3
118588,3
118588,1
524830,3
524830,1
226261,3
331372,3
331372,1
127861,3
127861,1
131322,3
131322,1
288622,3
288622,1
279486,3
279486,1
322619,3
322619,1
309884,3
309884,1
127663,3
127663,1
248876,3
248876,1
201636,3
500667,3
500667,1
312221,3
312221,1
125033,3
125033,1
126069,3
126069,1
124732,3
125811,3
125811,1
221359,3
221359,1
145584,3
322620,3
322620,1
365446,3
365446,1
118243,3
118243,1
355881,3
121454,3
121454,1
226263,3
226263,1
129663,3
129663,1
128160,3
128160,1
128705,3
128705,1
171729,3
171729,1
176177,3
176177,1
500662,3
500662,1
297434,3
297434,1
39869,3
39869,1
275803,3
275803,1
275665,3
275665,1
98084,3
98084,1
322618,3
322618,1
312252,3
312252,1
221360,3
221360,1
322617,3
322617,1
142575,3
142575,1
141022,3
141022,1
126868,3
126868,1
219198,3
219198,1
164449,3
164449,1
121904,3
121904,1
127768,3
127768,1
119746,3
119746,1
519358,3
519358,1
126984,3
126984,1
81571,3
81571,1
98244,3
67529,3
67529,1
95816,3
95816,1
133825,3
133825,1
129785,3
129785,1
72279,3
72279,1
67067,3
67067,1
386790,3
386790,1
300822,3
300822,1
254557,3
254557,1
96723,3
96723,1
87566,3
87566,1
368083,3
368083,1
345546,3
345546,1
44190,3
44190,1
98265,3
98265,1
169024,3
169024,1
129515,3
129515,1
128837,3
128837,1
124999,3
124999,1
139758,3
139758,1
142107,3
142107,1
126506,3
126506,1
126522,3
126522,1
155618,3
155618,1
128622,3
128622,1
128129,3
128129,1
118222,3
118222,1
128678,3
128678,1
78353,3
78353,1
208688,3
208688,1
119901,3
119901,1
61588,3
61588,1
72829,3
72829,1
97942,3
97942,1
273353,3
273353,1
44632,3
44632,1
96772,3
96772,1
92419,3
92419,1
78077,3
78077,1
116986,3
116986,1
318234,3
318234,1
52528,3
52528,1
80098,3
80098,1
46606,3
46606,1
256413,3
256413,1
54266,3
54266,1
139186,3
139186,1
39942,3
39942,1
116989,3
116989,1
63226,3
63226,1
225171,3
225171,1
256416,3
256416,1
352930,3
352930,1
98266,3
98266,1
73426,3
73426,1
73427,3
73427,1
98483,3
98483,1
73782,3
73782,1
97005,3
97005,1
500933,3
500933,1
500669,3
500669,1
128255,3
128255,1
127850,3
127850,1
102909,3
102909,1
74135,3
74135,1
505175,3
505175,1
218119,3
218119,1
164796,3
164796,1
162315,3
162315,1
144499,3
144499,1
276828,3
276828,1
142187,3
142187,1
129174,3
361024,3
361024,1
128844,3
128844,1
284797,3
284797,1
145266,3
284778,3
284778,1
119700,3
119700,1
339437,3
339437,1
128131,3
128131,1
290389,3
285463,3
285463,1
324013,3
324013,1
339436,3
339436,1
122247,1
122247,3
127084,3
127084,1
129872,3
129872,1
346207,3
346207,1
179630,3
179630,1
128754,3
128754,1
287512,3
287512,1
142196,3
142196,1
284791,3
284791,1
145025,3
145025,1
154621,3
154621,1
145023,3
145023,1
295227,3
129720,3
129720,1
348276,3
348276,1
122231,3
511821,3
511821,1
71129,3
71129,1
139447,3
139447,1
55548,3
55548,1
94618,3
94618,1
352932,3
352932,1
71286,3
71286,1
522567,3
522567,1
127502,3
127502,1
98440,3
98440,1
121894,3
121894,1
121896,3
121896,1
70367,3
70367,1
46961,3
46961,1
52981,3
52981,1
99202,3
99202,1
281813,3
281813,1
96142,3
96142,1
330754,3
330754,1
76933,3
76933,1
89471,3
89471,1
99831,3
99831,1
89714,3
89714,1
249404,3
249404,1
364062,3
364062,1
321845,3
321845,1
364063,3
364063,1
311745,3
311745,1
279264,3
279264,1
145117,3
194250,3
194250,1
220354,3
220354,1
164805,3
164805,1
145587,3
145587,1
99518,3
99518,1
80605,3
80605,1
90084,3
90084,1
91861,3
91861,1
287495,3
287495,1
286835,3
286835,1
152994,3
152994,1
187184,3
187184,1
248903,3
248903,1
242144,3
242144,1
329193,3
329193,1
47775,3
47775,1
97607,3
97607,1
61230,3
61230,1
244848,3
244848,1
121965,3
121965,1
118502,3
118502,1
139685,3
139685,1
256440,3
300861,3
90734,3
90734,1
95997,3
95997,1
522349,3
522349,1
51951,3
51951,1
74624,3
74624,1
81971,3
81971,1
112220,3
112220,1
99225,3
99225,1
48788,3
48788,1
99558,3
99558,1
183787,3
183787,1
94554,3
94554,1
70715,3
70715,1
64595,3
64595,1
322625,3
322625,1
209920,3
209920,1
129883,3
129883,1
145510,3
145510,1
295139,3
295139,1
122155,3
122155,1
139768,3
118518,3
118518,1
229358,3
229358,1
192186,3
192186,1
128251,3
128251,1
144493,3
144493,1
192207,3
192207,1
240344,3
240344,1
348304,3
348304,1
171133,3
171133,1
119722,3
119722,1
139183,3
139183,1
70716,3
70716,1
139185,3
139185,1
511828,3
511828,1
129433,3
129433,1
220790,3
220790,1
295141,3
295141,1
348312,3
348312,1
176186,3
176186,1
176187,3
176187,1
131355,3
131355,1
388221,3
388221,1
526542,3
526542,1
119876,3
119876,1
315622,3
315622,1
65559,3
65559,1
249265,3
249265,1
15991,3
15991,1
85999,3
85999,1
57203,3
57203,1
219196,3
219196,1
98201,3
98201,1
174063,3
48578,3
48578,1
208686,3
208686,1
208687,3
208687,1
293550,3
293550,1
44849,3
44849,1
360945,3
360945,1
360938,3
360938,1
521459,3
521459,1
353481,3
337661,3
337661,1
152772,3
152772,1
73126,3
73126,1
263282,1
92346,3
48017,3
48017,1
79711,3
79711,1
73499,3
73499,1
73562,3
73562,1
51623,3
51623,1
56151,3
56151,1
216556,3
216556,1
64713,3
64713,1
84235,3
84235,1
79151,3
79151,1
71878,3
71878,1
58843,3
58843,1
50843,3
50843,1
81646,3
81646,1
66355,3
66355,1
139369,3
139369,1
90915,3
90915,1
64682,3
64682,1
55858,3
55858,1
93703,3
93703,1
86569,3
86569,1
96432,3
96432,1
81160,3
81160,1
144506,3
144506,1
127059,3
71836,3
71836,1
75878,3
75878,1
50718,3
50718,1
119748,3
119748,1
89567,3
89567,1
39337,3
39337,1
121828,3
121828,1
129264,3
129264,1
145180,3
145180,1
87796,3
87796,1
345111,3
345111,1
237157,3
237157,1
119751,3
119751,1
51139,3
51139,1
144943,3
144943,1
500673,3
500673,1
66106,3
66106,1
43210,3
43210,1
327590,3
327590,1
302113,3
302113,1
301491,3
301491,1
337449,3
337449,1
284763,3
284763,1
52959,3
52959,1
53142,3
53142,1
230300,3
230300,1
201597,3
65450,3
65450,1
183508,3
183508,1
187496,3
187496,1
330897,3
330897,1
142569,3
142569,1
330900,3
330900,1
380090,3
380090,1
505172,3
505172,1
49875,3
49875,1
139182,3
139182,1
122243,3
122243,1
60495,3
60495,1
226511,3
226511,1
209451,3
209451,1
95454,3
95454,1
93469,3
93469,1
352942,3
352942,1
52950,3
52950,1
152778,3
152778,1
80003,3
80003,1
71907,3
71907,1
42376,3
42376,1
214967,3
214967,1
248708,3
248708,1
287951,3
287951,1
287953,3
287953,1
330915,3
330915,1
301290,3
301290,1
311696,3
311696,1
280901,3
280901,1
330792,3
348287,3
348287,1
358010,3
358010,1
380040,3
380040,1
202567,3
202567,1
275816,3
275816,1
275818,3
275818,1
236449,3
236449,1
248714,3
248714,1
142496,3
142496,1
175964,3
175964,1
139190,3
139190,1
126921,3
126921,1
122100,3
145112,3
145112,1
129623,3
179631,3
179631,1
194266,3
194266,1
128008,3
128008,1
129194,3
129194,1
154577,3
154577,1
122255,3
122255,1
145114,3
145114,1
129866,3
129866,1
127526,3
127526,1
171766,3
171766,1
43409,3
43409,1
254841,3
254841,1
67366,3
67366,1
45187,3
45187,1
357336,3
84140,3
84140,1
125500,3
172267,3
172267,1
49987,3
49987,1
285687,3
285687,1
95617,3
95617,1
529377,3
139737,3
139737,1
330907,3
330907,1
96983,3
96983,1
64512,3
64512,1
288285,3
288285,1
244266,3
244266,1
225244,3
225244,1
99035,3
99035,1
330910,3
330910,1
82501,3
82501,1
96113,3
91371,3
91371,1
341439,3
341439,1
296239,3
296239,1
529378,3
352944,3
352944,1
533404,3
533404,1
183685,3
183685,1
308719,3
308719,1
320252,3
320252,1
349176,3
349176,1
374633,3
374633,1
290433,3
290433,1
329672,3
329672,1
157578,3
157578,1
160492,3
160492,1
290438,3
290438,1
280700,3
280700,1
275259,3
275259,1
243464,3
243464,1
201634,3
201634,1
279753,3
279753,1
341365,3
341365,1
386466,3
386466,1
90077,3
90077,1
219208,3
219208,1
297693,3
297693,1
99872,3
99872,1
312187,3
312187,1
182316,3
182316,1
40362,3
40362,1
345112,3
345112,1
63660,3
63660,1
39643,3
39643,1
253107,3
253107,1
218134,3
157698,3
157698,1
90790,3
90790,1
248877,3
248877,1
281849,3
281849,1
157889,3
157889,1
380041,3
380041,1
349185,3
349185,1
237491,3
237491,1
99313,3
99313,1
98534,3
98534,1
192705,3
311459,3
311459,1
175915,3
175915,1
157633,3
90431,3
90431,1
93738,3
376723,3
376723,1
148192,3
148192,1
98083,3
98083,1
191393,3
191393,1
357262,3
357262,1
295596,3
295596,1
164765,3
164765,1
92054,3
92054,1
139205,3
139205,1
124603,3
124603,1
53667,3
53667,1
90383,3
90383,1
303200,3
303200,1
146285,3
146285,1
155937,3
155937,1
330691,3
330691,1
164797,3
164797,1
164786,3
164786,1
264724,3
264724,1
157895,3
157895,1
164806,3
164806,1
177605,3
177605,1
110244,3
110244,1
293319,3
293319,1
311720,3
311720,1
511257,3
511257,1
331688,3
331688,1
27075,3
375191,3
375191,1
521923,3
521923,1
180555,3
180555,1
164754,3
164754,1
91485,3
91485,1
49922,3
49922,1
225080,3
225080,1
160493,3
160493,1
89623,3
139535,3
139535,1
296184,3
296184,1
91695,3
91695,1
139553,3
139553,1
57941,3
57941,1
385160,3
511384,3
511384,1
175911,3
175911,1
157775,3
157775,1
365422,3
365422,1
339459,3
339459,1
155727,3
155727,1
133805,3
133805,1
297435,3
297435,1
96230,3
96230,1
236448,3
236448,1
45499,1
45499,3
306048,3
306048,1
322622,3
322622,1
230301,3
230301,1
96391,3
96391,1
365447,3
365447,1
302102,3
376060,3
376060,1
351358,3
94317,3
94317,1
253108,3
320253,3
320253,1
323989,3
323989,1
96430,3
96430,1
120533,3
120533,1
273082,3
273082,1
385098,3
385098,1
183788,3
183788,1
175965,3
175965,1
117232,3
117232,1
219672,3
219672,1
175957,3
175957,1
96536,3
96536,1
112230,3
112230,1
316259,3
129228,3
129228,1
92167,3
92167,1
72712,3
72712,1
219197,3
219197,1
160455,3
160455,1
134314,3
134314,1
165907,3
530427,3
530427,1
154923,3
154923,1
192745,3
192745,1
507865,3
507865,1
349024,3
349024,1
244267,3
244267,1
258871,3
258871,1
537873,3
537873,1
388284,3
388284,1
78976,3
78976,1
121550,3
121550,1
180866,3
180866,1
91794,3
91794,1
309258,3
91115,3
91115,1
219199,3
219199,1
329731,3
329731,1
235499,3
235499,1
139434,3
139434,1
349114,3
349114,1
360665,3
360665,1
161059,3
161059,1
120564,3
120564,1
154924,3
154924,1
248822,3
345533,3
345533,1
312222,3
312222,1
98027,3
98027,1
222238,3
222238,1
331702,3
331702,1
270847,3
270847,1
161048,3
161048,1
94820,3
94820,1
290457,3
290457,1
192854,3
192854,1
302104,3
302104,1
238282,3
238282,1
287513,3
287513,1
204218,3
204218,1
349018,3
349018,1
121903,3
121903,1
375193,3
375193,1
175917,3
175917,1
39544,3
39544,1
184509,3
184509,1
241780,3
241780,1
250062,3
250062,1
222240,3
222240,1
148992,3
148992,1
170472,3
170472,1
334278,3
334278,1
159336,3
159336,1
281555,3
281555,1
515461,3
515461,1
39583,3
39583,1
505141,3
505141,1
514502,3
514502,1
320257,3
320257,1
275547,3
275547,1
341366,3
341366,1
330916,3
330916,1
139204,3
139204,1
357278,3
357278,1
97281,3
97281,1
125501,3
125501,1
237651,3
237651,1
214139,3
214139,1
328815,3
328815,1
295760,3
133822,3
133822,1
301287,3
301287,1
281375,3
281375,1
105135,3
105135,1
191396,3
191396,1
139218,3
139218,1
52799,3
52799,1
92217,3
92217,1
162316,3
162316,1
320264,3
320264,1
79991,3
79991,1
290460,3
290460,1
292196,3
91488,3
91488,1
286800,3
286800,1
113424,3
113424,1
175930,3
175930,1
98495,3
98495,1
349128,3
349128,1
378510,3
378510,1
90788,3
90788,1
90471,3
90471,1
372792,3
372792,1
348157,3
348157,1
292860,3
316704,3
316704,1
96248,3
96248,1
133815,3
133815,1
320268,3
320268,1
146274,3
146274,1
136151,3
136151,1
94275,3
94275,1
205318,3
205318,1
244263,3
244263,1
322695,3
248680,3
248680,1
97698,3
97698,1
88428,3
88428,1
518705,3
518705,1
199958,3
199958,1
263830,3
263830,1
192671,3
192671,1
229684,3
229684,1
171013,3
171013,1
285936,3
319994,3
319994,1
169633,3
169633,1
297777,3
297777,1
217733,3
217733,1
332999,3
332999,1
157896,3
157896,1
349000,3
349000,1
95766,3
95766,1
92341,3
92341,1
139523,3
139523,1
145026,3
145026,1
270433,3
270433,1
95439,3
95439,1
46159,3
46159,1
388280,3
388280,1
218144,3
218144,1
339840,3
339840,1
118589,3
118589,1
175966,3
175966,1
309499,3
309499,1
90439,3
90439,1
92094,3
92094,1
220789,3
220789,1
290465,3
341347,3
341347,1
93966,3
93966,1
93968,3
93968,1
196684,3
196684,1
170577,3
170577,1
169635,3
169635,1
349130,3
349130,1
187667,3
187667,1
90821,3
90821,1
233268,3
233268,1
203379,3
248711,3
248711,1
92809,3
92809,1
121954,3
121954,1
94575,3
94575,1
157899,3
157899,1
175909,3
175909,1
194013,3
194013,1
231434,3
505176,3
505176,1
152862,3
152862,1
133816,3
133816,1
296186,3
141021,3
141021,1
141020,3
141020,1
204231,3
204231,1
157738,3
157738,1
280369,3
280369,1
373823,3
373823,1
90277,3
90277,1
201635,3
201635,1
152861,3
152861,1
349135,3
349135,1
505151,3
256150,3
256150,1
330729,3
330729,1
330730,3
330730,1
171269,3
171269,1
328175,3
328175,1
330731,3
330731,1
202445,3
202445,1
138526,3
138526,1
191065,3
191065,1
208690,3
208690,1
360672,3
360672,1
319487,3
319487,1
139528,3
139528,1
117544,3
117544,1
150995,3
244264,3
136156,3
136156,1
192831,3
192831,1
74571,3
74571,1
139529,3
139529,1
385106,3
385106,1
154927,3
154927,1
184077,3
184077,1
50424,3
50424,1
365399,3
365399,1
40420,3
293005,3
293005,1
215633,3
215633,1
137558,3
137558,1
306770,3
306770,1
270435,3
270435,1
248713,3
248713,1
263837,3
263837,1
124496,3
124496,1
219205,3
219205,1
57909,3
57909,1
70467,3
70467,1
353935,3
353935,1
154928,3
154928,1
39815,3
39815,1
259253,3
259253,1
341367,3
341367,1
93134,3
93134,1
274615,3
274615,1
98927,3
137559,3
134590,3
134590,1
270436,3
270436,1
507850,3
507850,1
296183,3
296183,1
137890,3
137890,1
180868,3
180868,1
96361,3
96361,1
65006,3
65006,1
281158,3
281158,1
506765,3
506765,1
93816,3
93816,1
341533,3
341533,1
522550,3
522550,1
296185,3
296185,1
102394,3
102394,1
189880,3
189880,1
297779,3
297779,1
170440,3
170440,1
293314,3
293314,1
360762,3
360762,1
293768,3
293768,1
284655,3
284655,1
96880,3
96880,1
218139,3
218139,1
95719,3
95719,1
203368,3
346444,3
346444,1
94826,3
94826,1
322139,3
322139,1
284462,3
284462,1
183517,3
183517,1
94394,3
94394,1
101915,3
101915,1
277912,3
145992,3
145992,1
234434,3
234434,1
175299,3
175299,1
322330,3
322330,1
60416,3
60416,1
311386,3
311386,1
284464,3
284464,1
137560,3
137560,1
312259,3
312259,1
43785,3
43785,1
233264,3
233264,1
280900,3
280900,1
284765,3
284765,1
293321,3
293321,1
286811,3
286811,1
145024,3
145024,1
350791,3
350791,1
311426,3
311426,1
192734,3
192734,1
244820,3
244820,1
85151,3
249825,3
249825,1
35205,3
343893,3
343893,1
130231,3
130231,1
99275,3
99275,1
287548,3
287548,1
274617,3
274617,1
129233,3
376281,3
302027,3
302027,1
196206,3
196206,1
295140,3
295140,1
352058,3
352058,1
175972,3
175972,1
175559,3
238544,3
238544,1
39919,3
39919,1
195683,3
195683,1
180554,3
180554,1
376283,3
376283,1
360676,3
92277,3
92277,1
511287,3
271810,3
271810,1
212110,3
296187,3
296187,1
348009,3
500293,3
128391,3
128391,1
134591,3
134591,1
302144,1
302144,3
139419,3
139419,1
92232,3
92232,1
76819,3
76819,1
59584,3
59584,1
365448,3
365448,1
90225,3
90225,1
139549,3
139549,1
241422,3
241422,1
97133,3
97133,1
121601,3
121601,1
353624,3
353624,1
520098,3
520098,1
90968,3
90968,1
97140,3
97140,1
169025,3
169025,1
388281,3
388281,1
46252,3
46252,1
324001,3
324001,1
96792,3
96792,1
98846,3
98846,1
519276,3
519276,1
177914,3
177914,1
296240,3
296240,1
388282,3
388282,1
240329,3
240329,1
341440,3
341440,1
158935,3
158935,1
382921,3
382921,1
104581,3
104581,1
237968,3
237968,1
280615,3
280615,1
256154,3
256154,1
187056,3
187056,1
96533,3
96533,1
253059,3
253059,1
145994,3
145994,1
258239,3
258239,1
248707,3
248707,1
330755,3
180870,3
180870,1
226260,3
165893,3
165893,1
295142,3
295142,1
311430,3
311430,1
320296,3
320296,1
264723,3
264723,1
194035,3
194035,1
192826,3
192826,1
66447,3
66447,1
526543,3
526543,1
115720,3
95070,3
95070,1
92826,3
92826,1
116292,3
116292,1
346093,3
346093,1
137561,3
137561,1
322624,3
322624,1
263882,3
263882,1
505191,3
505191,1
110750,3
110750,1
382922,3
382922,1
121602,3
47494,3
47494,1
341442,3
341442,1
505174,3
505174,1
357326,3
357326,1
150751,3
150751,1
42591,3
42591,1
533411,3
533411,1
71461,3
352933,3
352933,1
89300,3
89300,1
322626,3
322626,1
222184,3
222184,1
511340,3
511340,1
133824,3
133824,1
97869,3
97869,1
162280,3
162280,1
111486,3
111486,1
80293,3
94060,3
94060,1
154873,3
154873,1
98512,3
98512,1
290390,3
94717,3
94717,1
384815,3
384815,1
209928,3
209928,1
170447,3
170447,1
90732,3
90732,1
95522,3
95522,1
301489,3
124632,3
124632,1
67117,3
67117,1
172913,3
172913,1
150518,3
150518,1
148999,3
148999,1
522213,3
522213,1
95566,3
95566,1
48710,3
48710,1
149000,3
312188,3
312188,1
341591,3
341591,1
290388,3
290388,1
180871,3
180871,1
330793,3
94867,3
323992,3
323992,1
91145,3
91145,1
293369,3
293369,1
376724,3
376724,1
58035,3
58035,1
117234,3
95852,3
95852,1
303192,3
303192,1
286801,3
286801,1
258241,3
258241,1
48114,3
48114,1
146275,3
146275,1
341456,3
341456,1
320110,3
320110,1
330766,3
330766,1
96174,3
96174,1
115721,3
115721,1
133821,3
306072,3
137821,3
302146,3
302146,1
349164,3
349164,1
298240,3
298240,1
218133,3
175962,3
301286,3
301286,1
94122,3
94122,1
46805,3
46805,1
217438,3
217438,1
192676,3
192676,1
280374,3
259252,3
259252,1
511407,3
511407,1
256163,3
256163,1
236751,3
219207,3
96878,3
96878,1
97952,3
97952,1
351359,3
351359,1
153287,3
153287,1
218120,3
218120,1
319509,3
319509,1
99640,3
99640,1
100085,3
100085,1
240340,3
240340,1
97363,3
97363,1
89631,3
89631,1
149530,3
149530,1
320300,3
320300,1
353931,3
353931,1
97449,3
97449,1
290434,3
290434,1
98873,3
297781,3
297781,1
216377,3
216377,1
92685,3
92685,1
202441,3
202441,1
198009,3
198009,1
265006,3
265006,1
129721,3
129721,1
98814,3
98814,1
191404,3
191404,1
319489,3
319489,1
98526,3
98526,1
366257,3
366257,1
113108,3
113108,1
113311,3
113311,1
95343,3
95343,1
202563,3
104142,3
104142,1
76142,3
76142,1
221421,3
221421,1
352938,3
352938,1
202234,3
202234,1
96205,3
96205,1
95182,3
95182,1
201456,3
201456,1
62235,3
62235,1
323996,3
323996,1
529373,3
121977,3
121977,1
59134,3
59134,1
217768,1
376116,3
376116,1
184655,3
184655,1
92843,3
92843,1
45087,3
45087,1
96314,3
96314,1
336314,3
336314,1
177613,3
177613,1
139526,3
139526,1
251897,3
251897,1
217835,3
217835,1
89127,3
89127,1
94835,3
94835,1
521120,3
521120,1
170448,3
170448,1
148189,3
148189,1
168015,3
168015,1
93839,3
93839,1
349004,3
349004,1
244889,3
244889,1
258242,3
258242,1
121899,3
121899,1
357333,3
357333,1
90719,3
90719,1
164450,3
164450,1
199959,3
199959,1
238283,3
222037,3
380091,3
380091,1
124615,3
124615,1
215487,3
215487,1
312253,3
312253,1
204258,3
204258,1
529091,3
529091,1
306075,3
306075,1
202170,3
202170,1
150753,3
150753,1
234051,3
234051,1
192677,3
192677,1
147246,3
147246,1
330899,3
330899,1
110995,3
110995,1
187057,3
187057,1
368414,3
368414,1
62188,3
62188,1
256171,3
256171,1
284789,3
284789,1
150528,3
150528,1
97500,3
97500,1
85397,3
85397,1
250064,3
250064,1
238270,3
238270,1
201832,3
201832,1
90549,3
90549,1
297951,3
373827,3
373827,1
312544,3
312544,1
331581,3
331581,1
118208,3
118208,1
113110,3
113110,1
154147,3
154147,1
298241,3
298241,1
200903,3
200903,1
92782,3
92782,1
281856,3
281856,1
284793,3
284793,1
202226,3
202226,1
66625,3
66625,1
302148,3
302148,1
346450,3
346450,1
72883,3
72883,1
303204,3
303204,1
320307,3
320307,1
355882,3
202247,3
222239,3
222239,1
284795,3
284795,1
202184,3
202184,1
139567,3
93472,3
93472,1
120976,3
120976,1
158932,3
158932,1
153384,3
153384,1
244888,3
244888,1
146459,3
146459,1
98707,3
98707,1
138535,3
148197,3
148197,1
296337,3
296337,1
348085,3
348085,1
307727,3
307727,1
325501,3
325501,1
216581,3
216581,1
109546,3
109546,1
148232,3
148232,1
311383,3
311383,1
315624,3
315624,1
388277,3
388277,1
373821,3
215607,3
215607,1
56106,3
56106,1
119895,3
119895,1
77028,3
77028,1
328378,3
328378,1
302160,3
302160,1
175907,3
175907,1
45419,3
129935,3
129935,1
61955,3
61955,1
338883,3
338883,1
74302,3
74302,1
147237,3
147237,1
175963,3
201596,3
201596,1
73535,3
73535,1
260260,3
260260,1
147238,1
147238,3
157864,3
157864,1
383990,3
383990,1
373985,3
373985,1
373986,3
373986,1
121029,3
121029,1
113125,3
113125,1
192725,3
192725,1
237508,3
237508,1
302114,3
302114,1
127503,3
127503,1
95390,3
95390,1
79076,3
79076,1
319493,3
319493,1
42377,3
42377,1
511308,3
511308,1
116293,3
116293,1
206336,3
206336,1
293302,3
349175,3
349175,1
93474,3
93474,1
85435,3
85435,1
97732,3
97732,1
271813,3
271813,1
95250,3
95250,1
524599,3
524599,1
524717,3
524717,1
341530,3
255433,3
255433,1
53926,3
53926,1
320178,3
320178,1
240343,3
240343,1
202564,3
202564,1
112934,3
112934,1
93378,3
93378,1
195685,3
195685,1
139738,3
283963,3
283963,1
256155,3
256155,1
167448,3
167448,1
92702,3
92702,1
311001,3
311001,1
89509,3
89509,1
51415,3
51415,1
96670,3
96670,1
278105,3
278105,1
210300,3
210300,1
124497,3
124497,1
80215,3
80215,1
72541,3
72541,1
310935,3
310935,1
261740,3
261740,1
316267,3
316267,1
278107,3
278107,1
533482,3
533482,1
94009,3
94009,1
70248,3
70248,1
59039,3
59039,1
303851,3
303851,1
303861,3
303861,1
22368,1
49723,1
16018,3
16018,1
33919,3
33919,1
40397,3
40397,1
16023,3
16023,1
237739,3
237739,1
75890,3
75890,1
16027,3
16027,1
60060,3
60060,1
153451,3
153451,1
225280,3
225280,1
225281,3
225281,1
225282,3
225282,1
225283,3
225283,1
225284,3
225284,1
97997,3
97997,1
40460,3
40460,1
94206,3
94206,1
33946,3
33946,1
99528,3
99528,1
16059,3
16059,2
16059,1
97948,3
97948,1
83543,3
83543,1
124594,1
46608,1
64954,1
75166,1
89443,3
89443,1
97010,1
16068,3
16068,1
48115,3
48115,1
303899,3
303899,1
303865,3
303865,1
77250,3
77250,1
52065,3
52065,1
303864,3
303864,1
52548,3
52548,1
231414,1
231416,1
231418,1
231424,3
231424,1
231382,1
39342,1
303862,3
303862,1
99136,3
99136,1
33905,3
33905,1
33912,3
33912,1
33914,3
33914,1
82265,3
82265,1
225274,3
225274,1
33927,3
33927,1
225275,3
225275,1
16024,3
16024,1
329182,3
329182,1
53026,3
53026,1
48278,3
48278,1
168742,3
168745,3
228636,1
136658,1
150942,3
150942,1
345762,3
345762,1
44620,1
50435,1
198003,1
225304,1
196232,3
196232,1
200022,1
64458,1
171039,1
54547,1
228405,3
228405,1
91025,1
55733,1
72054,3
72054,1
181619,3
181619,1
90432,1
369466,3
369466,1
193602,3
193602,1
78560,3
78560,1
210733,3
210733,1
48075,3
48075,1
286274,3
286274,1
317167,1
80512,1
87231,1
299985,3
299985,1
317901,3
317901,1
260649,1
81292,3
81292,1
317969,3
317969,1
86680,1
82393,1
357409,3
357409,1
16122,3
16122,1
43801,3
43801,2
368084,3
369116,3
291026,3
368085,3
16137,3
16137,1
282034,3
282034,1
293128,3
522109,3
357375,3
522110,3
155162,3
155162,1
24235,3
104345,3
337187,3
337187,1
337188,3
337188,1
370677,3
370675,3
256169,3
116991,3
96354,3
367805,3
335711,3
335711,1
367804,3
334680,3
334680,1
335708,3
335708,1
47499,3
112261,3
225319,3
225319,1
165650,3
165650,1
334882,3
334882,1
42620,3
194850,3
203939,3
81200,3
83772,3
138752,3
138752,1
110536,3
225322,3
53669,3
45617,3
268913,3
328133,3
160966,3
160966,1
16169,3
16169,2
16169,1
21448,3
21448,1
219497,3
219497,1
220446,3
220446,1
101045,3
310409,1
41891,1
53712,3
53712,2
264460,3
64772,3
317099,3
505544,3
505544,1
377695,3
377695,1
375195,3
375195,1
531153,3
531153,1
374048,3
383693,1
526422,3
526422,1
383851,3
383851,1
526318,3
526318,1
286814,3
286814,1
105196,3
105196,1
526133,3
526133,1
505556,3
505556,1
317492,3
317492,1
380568,3
380568,1
383631,1
208839,3
208839,1
345714,3
345714,1
269968,3
269968,1
82138,3
334647,3
334647,1
375077,3
375077,1
387495,3
387495,1
363669,3
363669,1
375078,3
375078,1
325763,3
325763,1
228409,3
228409,1
357486,3
357486,1
352040,3
352040,1
383636,1
383689,1
114486,1
177387,3
177387,1
247497,3
247497,1
195746,3
195746,1
351255,3
351255,1
336321,3
336321,1
308306,3
308306,1
523523,3
523523,1
124328,3
124328,1
283648,3
283648,1
226767,3
226767,1
196692,1
380635,3
380635,1
334125,3
334125,1
351257,3
351257,1
383744,1
326608,3
326608,1
324278,3
324278,1
117095,3
117095,1
504122,3
217045,3
217045,1
182557,3
182557,1
531159,3
531159,1
526309,3
526309,1
526353,3
526353,1
283407,3
283407,1
522590,3
522590,1
180803,3
180803,1
536701,3
536701,1
505549,3
505549,1
324279,3
324279,1
177386,3
177386,1
306565,3
306565,1
526350,3
526350,1
374047,3
374047,1
523501,3
523501,1
526199,3
526199,1
532085,3
532085,1
374113,3
374113,1
505561,3
505561,1
517130,3
517130,1
363670,3
363670,1
370999,3
370999,1
376669,3
376669,1
522587,3
522587,1
536713,3
536713,1
86666,3
86666,1
72795,3
72795,1
500069,3
16308,3
85984,3
85984,1
150379,3
150379,1
16312,3
16312,1
322804,1
78421,3
16321,3
16321,1
108440,3
108440,1
55079,3
113723,1
316399,3
316399,1
25621,1
81865,3
81865,1
16331,3
16331,1
16334,3
16334,1
125605,3
125605,1
16335,3
16335,1
374678,3
374678,1
151753,3
151753,1
182744,3
182744,1
271663,3
271663,1
368268,3
368268,1
306973,3
306973,1
369439,3
369439,1
69518,3
69518,1
51485,3
51485,1
153602,3
153602,1
152143,3
152143,1
183851,3
183851,1
181393,3
181393,1
16336,3
269376,3
269376,1
65598,3
191293,3
191293,1
67821,1
379169,3
44254,1
16338,1
16339,3
194409,3
96630,1
60127,3
373795,3
373795,1
176726,3
176726,1
521560,3
16343,1
16345,3
113726,3
208848,3
208848,1
63082,3
63082,1
251551,3
251551,1
281229,3
317389,3
317389,1
228412,3
228412,1
27513,3
27513,1
16349,3
16349,1
505557,3
505557,1
534626,3
534626,1
342451,3
101941,3
505590,3
505590,1
520566,3
520566,1
518707,3
518707,1
382049,1
368266,3
368266,1
206216,3
206216,1
208829,1
118348,1
192286,3
192286,1
382794,3
382794,1
50690,3
50690,1
119287,3
138251,3
138251,1
317457,3
317457,1
234636,3
234636,1
236648,3
236648,1
368728,3
368728,1
505587,3
505587,1
214505,3
214505,1
137092,3
137092,1
298209,3
298209,1
176722,3
176722,1
381641,1
121060,3
121060,1
70200,3
70200,1
114591,3
114591,1
255847,3
517211,3
517211,1
65765,3
522319,3
522319,1
522320,3
522320,1
522630,3
522630,1
521227,3
521227,1
363801,3
374685,3
374685,1
521390,3
521390,1
521830,3
521830,1
522107,3
522107,1
523515,3
523515,1
238882,3
16356,3
16356,1
55945,3
55945,1
329131,1
329131,3
523521,1
523521,3
383400,3
383400,1
68040,1
68040,3
326511,3
326511,1
153583,3
153583,1
235991,3
235991,1
51486,1
51486,3
91576,1
91576,3
519797,3
519797,1
192336,3
192336,1
89524,3
89524,1
79856,3
79856,1
92970,1
92970,3
93173,1
93173,3
194410,3
194410,1
100934,3
100934,1
116507,3
116507,1
92734,1
145948,3
145948,1
108093,1
204434,3
228416,3
75365,3
75365,1
16359,3
82139,3
65911,3
168552,3
298385,3
298385,1
386655,3
386655,1
383953,1
387215,1
528940,1
386325,1
384015,3
384015,1
384017,1
387218,1
384082,1
384083,3
384083,1
384084,1
387216,1
386360,3
386360,1
384198,3
384198,1
384252,3
384252,1
385727,1
386347,3
386347,1
384258,3
384258,1
384265,3
384265,1
386349,3
386349,1
384274,3
384274,1
384277,1
384280,1
387217,1
528828,1
386352,3
386352,1
386321,1
386322,1
386336,3
386336,1
386646,3
386646,1
69800,1
23948,1
65433,3
65433,1
204447,3
16378,3
87225,3
307329,3
286309,3
91101,1
168520,1
135985,1
383687,3
383687,1
383709,1
383708,1
522317,3
522317,1
524870,1
522318,3
522318,1
383706,1
383623,1
215215,3
215215,1
345990,3
345990,1
258396,3
258396,1
317494,3
317494,1
90092,3
90092,1
359838,3
359838,1
25619,1
215204,1
307325,3
307325,1
92307,3
92307,1
254657,3
254657,1
368269,3
368269,1
212237,3
118216,3
118216,1
269106,3
269106,1
208843,3
208843,1
194441,3
194441,1
228626,3
228626,1
228411,3
228411,1
528719,1
215212,3
215212,1
301293,3
301293,1
380142,3
254067,3
254067,1
325160,3
22401,3
327471,3
308122,3
285619,3
343837,3
255247,3
217103,3
343839,3
382667,3
323959,3
370090,3
359273,3
370092,3
284305,3
351097,3
370073,3
370089,3
327990,3
72832,3
72832,2
109356,3
16401,3
255110,3
130239,3
54770,3
16402,3
159730,3
80044,3
80044,2
102853,3
201531,3
285621,3
65212,3
134919,3
134919,2
256881,3
108190,3
108190,2
255460,3
502540,3
307612,3
315917,3
86305,3
274662,3
536766,3
285622,3
343844,3
169036,3
242954,3
193748,3
263267,3
16405,3
317902,1
371004,1
503766,3
503766,1
342118,3
342118,1
342119,3
342119,1
316202,3
316202,1
182560,3
182560,1
335050,3
335050,1
16461,3
16461,2
338073,3
338073,2
16462,3
16462,2
175918,3
175918,2
333200,3
333200,2
139269,3
139269,2
139267,3
139267,2
327542,3
327542,2
59401,3
59401,2
91066,3
91066,2
69530,3
69530,2
349385,3
349385,2
376474,3
376474,2
135774,3
135774,1
16661,3
16759,3
77470,3
61745,3
30525,3
30525,1
352997,3
352997,1
323831,3
323831,1
30519,1
316390,3
316390,1
85248,3
85248,1
76478,3
76478,1
116031,3
116031,1
287386,3
287386,1
86919,3
86919,1
237375,3
237375,1
84297,3
84297,1
58612,3
53250,3
48303,1
64704,1
279190,1
66400,1
502821,1
271981,1
154517,1
307936,1
76736,2
136162,2
225573,2
16886,2
52372,2
206246,2
41848,3
54101,3
16898,3
124053,3
325579,3
328958,1
16902,2
16902,3
16902,1
16903,2
16903,3
16903,1
82609,2
82609,3
319247,2
319247,3
319247,1
334896,1
346033,3
285940,3
219501,3
274663,3
274663,1
343778,3
173074,1
317535,1
243199,1
195023,3
195023,1
356890,1
102953,1
86579,1
16975,1
22380,1
43328,1
176063,3
176063,1
524692,1
16999,1
226000,3
64324,1
524587,1
518601,1
520199,1
168987,1
181496,1
203535,3
75253,3
119590,1
74670,1
50086,2
17189,2
17222,3
17222,1
60197,2
28521,1
307940,1
328281,3
328281,1
269627,1
66357,3
137063,3
92489,3
193383,3
193383,1
517905,3
517905,1
271691,3
220910,3
220910,1
229817,3
229817,1
361025,3
361025,1
17357,3
17358,3
17358,1
135782,3
135782,1
297582,3
312877,3
330176,3
346959,3
348049,3
368964,3
369447,3
161274,3
19768,3
293714,3
125512,3
139339,3
285528,3
256877,3
256877,1
17471,3
17471,1
146867,1
99527,1
117477,1
138580,1
117394,1
117395,1
117395,3
85824,1
104450,1
95970,1
103066,1
103066,3
272887,1
272887,3
17484,1
104449,1
299767,1
127315,1
131397,1
70106,1
56532,1
56532,3
91739,1
162919,1
135278,1
194493,1
503805,1
105321,1
83558,1
63648,1
169514,1
101910,3
208094,3
60633,1
60634,1
85108,3
85108,2
61333,3
61333,2
182474,1
283262,3
154573,1
104755,1
120667,1
255224,1
111322,1
255226,1
99322,1
17640,3
302686,3
96684,3
52125,3
323883,3
70993,3
70993,1
86836,3
202588,3
202589,3
68251,3
71031,3
71031,2
50893,3
50893,2
17653,3
17653,1
225650,3
225650,1
57507,3
274642,3
243058,1
183614,1
108702,1
263561,1
384755,1
384756,1
17707,1
83020,1
102084,1
94455,1
97647,1
225662,1
92189,1
45921,1
67559,1
526182,1
120576,1
197360,1
101496,1
84117,3
84117,2
215152,3
215152,1
193090,3
193090,1
99102,3
26240,3
26240,1
63571,3
63571,1
255158,3
255158,1
128408,3
128408,1
167329,1
17802,3
17802,1
206994,3
206994,1
60265,3
60265,1
257509,3
257509,1
26241,3
26241,1
174573,3
174573,1
272829,1
360353,3
360353,1
511534,3
511534,1
511320,3
511320,1
146772,3
146772,1
17841,3
530210,3
132895,3
300934,3
300934,1
300359,3
300359,1
93403,3
93403,1
345863,3
345876,3
340830,3
340608,3
340763,1
340652,1
363295,1
340776,3
340476,3
342580,3
342581,3
340477,3
340700,1
340701,3
339967,3
340054,3
339969,3
339970,3
339971,3
339997,3
339998,3
340002,3
340001,3
340010,3
340016,3
340016,1
340019,3
340020,3
340024,3
340025,3
340026,3
340029,1
340029,3
340031,3
340032,3
340040,3
340041,3
340044,3
340050,3
340051,3
340057,3
340064,3
340069,3
354035,3
340201,3
340486,3
340569,3
340703,1
340669,3
340669,1
340675,3
340676,1
340671,3
71733,3
98492,3
192722,3
67054,3
25552,3
17885,3
180036,3
75444,3
238189,3
76981,3
521724,3
17887,3
17887,2
110689,3
108577,3
174574,3
194306,3
92971,3
92971,2
92219,3
17899,3
133122,3
312891,1
25098,1
271701,1
19621,1
176016,3
183637,3
183637,2
18038,3
18038,2
48698,1
48698,3
68110,1
68110,3
182690,1
182690,3
18066,1
60322,1
143574,3
343695,3
343695,2
525829,3
525329,3
317391,3
317391,2
313907,3
313907,2
309046,3
526005,3
343696,3
343696,2
109125,3
109125,2
254272,3
254272,2
525669,3
130271,3
18076,3
526232,3
204893,3
161532,3
307944,3
88979,3
88979,2
385215,3
118456,3
83105,3
81183,3
81183,1
18109,3
72002,3
72002,2
522886,3
522886,2
118580,1
117038,1
292727,3
319429,1
305547,3
296499,3
296499,1
152173,3
152173,1
201485,3
142510,3
121667,3
72491,3
72491,1
62835,3
219312,3
83140,3
87175,3
18354,3
116967,1
93633,1
48235,1
41779,3
41779,1
180982,3
180982,1
283313,3
283274,3
283314,3
283266,3
283266,1
234079,3
117209,3
117209,2
116261,3
116261,2
115896,3
115896,2
18458,3
18458,2
179880,3
179880,2
118464,3
118464,2
84183,3
84183,2
77176,3
77176,2
280026,3
280026,2
154350,3
225750,3
85985,3
238306,3
18648,3
46036,3
57013,3
71343,3
271600,3
364178,3
347536,3
375823,3
375824,3
18738,3
57039,3
18741,3
18784,3
281359,3
129752,3
197066,1
168900,1
280895,1
196743,1
227810,1
183336,1
238917,1
136366,1
239016,1
61473,1
87622,1
253335,1
226006,1
505445,3
46918,3
51252,3
270605,3
58687,1
285691,3
285691,1
248607,1
241882,3
258820,3
49040,3
49040,1
129753,3
104816,3
104816,2
343849,3
343849,2
517968,3
517968,1
388409,3
388409,1
505892,3
505892,1
388518,3
388518,1
523967,3
523967,1
523961,3
523961,1
506467,3
506467,1
157529,3
505883,3
505883,1
506523,3
506523,1
521123,3
521123,1
388352,3
388352,1
384763,1
102353,3
102353,1
506423,3
506423,1
521626,3
521626,1
388364,3
388364,1
388339,3
388339,1
521710,3
521710,1
388325,3
388325,1
97275,3
97275,1
319848,3
319848,1
62986,3
62986,1
112711,3
112711,1
18841,3
18841,1
245478,3
245478,1
78334,3
521652,3
521652,1
521395,3
521395,1
78335,3
78335,1
117501,3
102525,3
286132,3
43978,3
526075,3
526075,1
68859,3
78460,1
98116,3
98116,1
70916,3
70916,1
138641,3
138641,1
74888,3
74888,1
43880,3
43880,1
368295,3
368295,1
521102,3
521102,1
521250,3
521250,1
74889,3
74889,1
93363,3
93363,1
319853,3
319853,1
319856,3
319856,1
248883,3
248883,1
353693,3
75850,3
120166,3
353694,3
194256,3
524528,3
177034,3
524715,3
18873,3
114022,3
316204,3
140089,3
228380,3
109381,3
111539,3
131419,3
91609,3
505614,3
215378,3
225813,3
83550,3
86038,3
328090,3
92688,3
153143,3
301183,3
300335,3
241294,3
241294,1
227056,3
227056,1
327558,1
526376,3
195293,3
349312,3
332942,3
19185,1
158373,3
158373,2
122393,3
122393,2
341972,3
341972,2
336230,2
121924,3
121924,2
167978,2
175063,2
69276,2
134575,3
282664,3
19238,3
312552,1
92451,1
97792,1
8726,3
308472,3
375153,3
336394,3
336365,3
345746,3
369167,3
360690,3
207837,3
127475,3
315609,3
361016,3
503721,3
308453,3
360976,3
504404,3
46161,3
223826,3
341745,3
354043,3
363995,3
384238,3
388808,1
388811,1
388810,1
250073,3
344405,3
342436,3
517550,3
517551,3
160559,3
160559,1
160560,3
160560,1
5,3
5,1
256469,3
351035,3
256065,3
327127,3
253995,3
322071,3
254432,3
226833,1
179769,3
179769,1
185019,3
185019,1
185020,1
155,1
204864,1
26035,1
194593,1
197960,1
178415,3
178415,1
182846,3
182846,1
154628,1
26036,3
26036,1
244320,3
244320,1
206337,1
125433,3
125433,1
185027,1
227616,3
227616,1
348025,3
348025,1
275597,3
275597,1
106409,3
106409,1
207785,3
207785,1
46855,3
393,3
273961,3
273961,2
522855,3
522855,2
163355,3
165618,3
184049,3
185395,1
185398,1
185399,1
426,1
368941,1
281541,1
24962,3
24962,1
92914,3
92914,1
26342,1
103016,1
134794,1
188012,1
300336,3
98738,1
643,3
326545,3
326545,2
511241,1
511241,3
195689,1
252825,1
296294,3
176893,1
382444,3
921,1
194360,3
182592,1
186527,3
186527,2
186527,1
1024,3
1024,2
1024,1
186535,3
186535,2
186535,1
79700,1
517755,3
128871,3
128871,1
323405,3
1274,3
1275,3
162400,3
54662,1
307448,3
1455,3
231538,1
94831,1
1641,1
77248,3
77248,2
77248,1
279942,1
50478,3
50478,1
285909,1
189544,3
169727,3
86792,3
307165,3
95519,3
335429,3
135647,3
1767,3
1767,1
112713,3
112713,1
91573,3
91573,1
272995,3
1779,3
1779,1
133185,3
386931,3
350661,3
1824,3
1824,2
27487,3
27487,2
134458,1
294498,3
65865,1
2095,3
2095,1
203843,3
203843,1
321920,3
321920,1
232590,1
232590,3
27796,1
27796,3
203855,1
203855,3
316858,1
316858,3
203865,3
203865,1
129589,3
129589,1
93750,3
93750,1
525695,3
526121,3
508253,3
508253,1
204192,3
204192,2
513812,3
513840,3
513840,2
72680,3
204402,3
204418,3
204416,3
522998,2
135495,2
20634,3
204548,1
324703,3
145494,1
190723,1
92527,3
92527,1
352584,3
214426,1
195613,3
195613,1
256703,3
256703,1
387409,3
387409,1
380471,3
380471,1
342385,3
308608,3
337615,3
337615,1
135418,3
135418,1
305877,3
308086,3
308086,1
306599,3
308609,3
336349,3
336349,1
212320,1
254813,3
254813,1
303455,3
303455,1
95324,1
237255,1
2468,1
46007,1
109244,1
255157,3
255157,1
138296,3
138296,1
284104,3
284104,1
256704,3
256704,1
75987,1
46155,3
85668,3
166537,3
254136,3
138776,3
166644,3
326172,3
189307,3
107701,3
19873,3
3069,2
157436,2
115991,2
74342,2
285993,1
113477,3
323982,3
211089,3
258403,1
101640,3
228992,3
252058,3
205297,3
523411,1
523439,1
3401,1
3449,1
3468,1
288050,1
285323,1
331398,1
331397,1
29329,3
91657,3
33023,3
89259,3
212530,2
157809,3
157809,1
3849,3
3850,3
82571,3
212817,3
3852,3
212830,3
157806,3
157806,1
3853,3
3853,1
212849,3
212849,1
3856,3
3856,1
29376,1
113563,1
162878,1
212885,1
75807,1
22292,1
139128,1
3708,1
22588,1
3877,1
3878,1
3879,1
94293,1
270940,1
125464,1
89381,1
276244,1
275540,1
193400,1
3875,1
98890,1
120412,1
193405,1
289323,1
332075,1
119918,1
343465,3
94170,3
44387,3
44387,1
48965,3
59630,3
293098,3
71090,3
57586,3
203617,3
102289,3
102289,1
97227,3
105683,3
105683,1
77762,3
145689,3
80470,3
66727,3
52056,3
68367,3
330947,3
248410,3
162359,3
162359,1
210206,3
210208,3
210249,3
64361,3
94399,3
236931,3
269008,3
280738,3
47448,3
269510,3
91740,3
138397,3
135830,3
91407,3
104989,3
133886,3
528751,3
121392,3
197718,3
215541,3
211174,1
205474,3
215565,3
215565,1
240428,3
240380,3
257096,3
350183,3
341789,3
372954,3
369975,3
522272,3
521534,3
521594,3
522190,3
210211,3
210212,3
210213,3
113550,3
99347,3
236932,3
52294,3
95071,3
83370,3
138406,3
241014,3
131729,3
92323,3
155123,3
48706,3
210217,3
211456,3
333803,3
248297,3
138418,3
207217,3
94497,3
54487,3
253806,3
70996,3
166338,3
100044,3
210073,3
44905,3
70581,3
46101,3
98756,3
248329,3
209989,3
215631,3
521419,3
218964,3
218964,1
372817,3
77000,3
48658,3
150613,3
65221,3
181519,3
192957,3
98193,3
209598,3
209995,3
138438,3
98375,3
126183,3
168991,3
95347,3
249316,3
192958,3
333184,3
350947,3
138428,3
296472,1
328376,3
242614,3
194982,3
248380,3
138444,3
304572,3
227091,3
108165,3
108165,1
171372,3
118016,3
210230,3
210230,1
95929,3
370198,3
370234,3
210238,3
69666,3
355144,3
99381,3
367141,3
98792,3
98792,1
352599,3
248365,3
517193,3
218966,3
324271,3
94019,3
105246,3
98992,3
357464,3
357464,1
101855,3
114538,3
243944,3
97686,3
211184,3
102634,3
331401,3
338032,3
108058,3
210241,3
210036,3
210036,1
210250,3
194370,3
55296,3
369962,3
342962,3
357522,3
342964,3
362087,3
376903,3
350040,3
376905,3
517350,3
295301,3
295304,3
295305,3
295308,3
275447,3
275451,3
275452,3
207286,3
310351,3
295312,3
295061,3
82858,3
91084,3
92936,3
342655,3
238043,3
370678,3
215566,3
215566,1
248252,3
248494,3
295300,3
238046,3
521333,3
295303,3
295306,3
295307,3
269513,3
295302,3
121393,3
350184,3
256917,3
342657,3
341788,3
269667,3
269521,3
215542,3
362086,3
349477,3
207266,3
310352,3
517088,3
357425,3
367515,3
383627,3
378224,3
295313,3
374147,3
374148,3
292739,3
522271,3
368510,3
240431,3
201327,3
193300,1
248495,3
197717,3
372958,3
3919,3
154935,3
153927,3
240292,3
136923,3
42006,3
96554,3
89329,3
108675,3
89488,3
96366,3
69311,3
68123,3
69759,3
198522,3
178385,3
96555,3
42004,3
42676,3
42676,1
94951,3
112228,3
335541,3
335541,1
100086,3
216423,3
98281,3
77359,3
77359,1
213120,3
335540,3
213122,3
29410,3
354753,3
354754,3
42010,3
296339,3
92148,3
91536,3
180463,3
111711,3
213127,1
127404,3
3935,3
3935,1
59157,3
213132,3
3937,3
155075,3
83258,3
83258,1
121387,3
121387,1
65760,3
150285,3
150285,1
155730,3
93286,3
93286,1
178200,3
296439,3
296439,1
296436,3
296436,1
121388,3
121388,1
175815,3
175816,3
175816,1
248491,1
70896,3
210772,3
210772,1
91393,3
91393,1
90018,3
236937,3
136043,3
93567,3
93567,1
227333,3
149979,3
124306,3
248306,3
355610,3
355609,3
90287,3
95072,3
89123,3
96527,3
63420,3
116223,3
313749,3
313749,1
29436,3
124243,3
80006,3
80006,1
3953,3
117527,3
117527,1
227088,3
227088,1
248334,3
248334,1
97183,3
3966,3
135833,3
213302,3
248228,3
229874,3
202711,3
3977,3
105249,3
94226,1
3982,3
145690,3
3984,3
3984,1
165548,3
165548,1
42039,3
29466,3
29469,3
251844,3
251844,1
42014,3
152838,3
239036,3
368666,3
269683,3
3991,3
254440,3
152839,3
151325,3
162358,3
29474,3
165902,3
29475,3
223041,3
42015,3
3992,3
42016,3
131849,3
213322,3
210758,3
210762,3
210762,1
210765,3
210765,1
91989,3
72137,3
72137,1
93782,3
93782,1
58283,3
4080,3
153205,1
102458,1
217518,1
140335,1
153932,1
217519,1
195050,3
4249,3
138830,3
239735,3
30608,3
30608,1
68653,3
68653,1
159473,3
159473,2
159473,1
124532,3
124532,2
124532,1
158659,3
158659,2
158659,1
243042,3
243042,1
223062,3
223062,1
88940,3
88940,1
214674,3
214674,1
70101,3
70101,1
90584,3
90584,1
48172,3
48172,1
79722,3
79722,1
84706,3
84706,1
191789,3
191789,1
96286,3
96286,1
114057,3
4709,1
353589,1
76926,1
523198,1
71078,3
71078,1
212216,1
317547,1
243411,1
243411,3
388710,1
86063,1
86063,3
86312,1
86312,3
136890,1
56390,1
5192,1
5205,2
151340,1
92783,1
80123,1
86021,1
198591,1
98480,1
5254,1
31020,1
149741,1
332085,1
332078,1
332080,1
31011,1
53733,1
19988,1
70960,1
280801,3
280802,3
5312,1
5312,3
5650,3
89506,3
524531,3
524531,1
31763,3
20773,3
236274,3
53522,3
234796,3
234796,1
345017,1
223249,1
110781,1
337640,1
181968,3
181968,1
31891,3
43075,3
65112,3
65112,2
65112,1
80157,3
80157,2
80157,1
175846,3
175846,1
55351,3
55351,1
129346,3
129346,1
352712,1
135421,1
135421,3
6279,1
6279,3
64191,1
19837,3
6325,2
47716,1
6475,2
6475,3
101692,2
128956,2
179874,1
211693,3
211693,1
6549,1
6552,1
86987,2
73264,2
158645,2
57685,2
64815,3
64815,1
32556,3
32556,1
101879,3
202371,3
202371,1
248152,3
248152,2
248152,1
117111,3
7024,3
7024,2
7025,3
7025,2
56700,3
56700,2
267057,3
267057,2
248484,3
248484,2
267056,3
267056,2
267058,3
267058,2
112068,3
104833,3
32718,3
32718,2
32718,1
253130,3
208785,3
32720,3
32720,2
60182,3
249092,3
248604,3
227602,3
227602,1
241496,1
93184,3
93184,1
32728,1
82903,1
109521,1
32730,1
173491,1
176833,1
176468,1
99051,1
140098,1
63218,1
94040,1
171754,1
84143,1
67698,1
95123,1
95286,1
7051,3
7051,1
78613,3
78613,1
45800,3
45800,1
53764,1
114010,3
114010,1
32751,3
32751,1
32754,1
32756,1
171828,1
25116,1
136341,1
7098,1
202325,1
248153,3
248153,2
248153,1
501177,3
500738,3
59522,3
49181,3
360159,3
360160,3
332269,3
362624,3
41973,3
356457,3
356459,3
360699,3
358172,3
358171,3
505317,3
137829,3
360162,3
85913,3
298724,3
115101,3
94823,3
94823,2
7278,3
7278,2
7278,1
75482,3
75482,1
168530,3
168530,1
79264,3
79264,1
98528,3
98528,1
91127,3
91127,1
114693,3
114693,1
91985,3
91985,1
90700,3
90700,1
96410,3
96410,1
134682,3
134682,1
113632,3
113632,1
7527,3
7527,1
75786,3
75786,1
98220,3
98220,1
47674,3
47674,1
46314,3
46314,1
43050,3
43050,1
7494,3
7494,1
92289,3
92289,1
7496,3
7496,1
223603,3
223603,1
92591,3
92591,1
253476,3
253476,1
89853,3
89853,1
333081,3
333081,1
99803,3
99803,1
112741,3
112741,1
79960,3
79960,1
104740,3
104740,1
57272,3
57272,1
116962,3
116962,1
33412,1
244144,3
244144,1
226723,3
226723,1
74392,3
108524,3
108524,1
96119,3
96119,1
89298,3
89298,1
226677,3
226677,1
170244,3
170244,1
92986,3
92986,1
127106,3
131758,3
131758,1
33482,3
33482,1
57230,3
57230,1
226652,3
49514,3
49514,1
94818,3
94818,1
7939,3
7939,1
7942,3
7942,1
228078,3
228078,1
197527,3
197527,1
8064,3
8171,1
324935,1
297231,3
326840,3
326970,3
48360,3
48360,1
329811,3
329811,1
165426,3
165426,1
60372,3
60372,1
55143,3
55143,1
273219,3
304298,3
8418,3
269592,3
103053,3
25516,3
8492,3
68062,3
172828,3
74223,3
129694,1
129694,3
233513,3
40520,1
87086,1
327524,3
361656,3
349746,3
361657,3
367229,3
103520,3
110227,3
112577,1
159243,1
115329,3
313758,3
381367,3
89515,3
196465,3
503034,3
525870,3
251159,3
83111,3
153040,3
251164,3
321461,3
75240,3
117590,3
60529,3
281918,3
238109,3
99938,3
251174,3
40671,3
54932,3
40675,3
92320,3
127155,3
524520,3
343545,3
524564,3
115331,3
238115,3
167623,3
251187,3
365955,3
43691,3
167626,3
137161,3
45619,3
381621,3
76242,3
198946,3
367763,3
270282,3
281940,3
281940,1
306676,3
298794,3
343553,3
305136,3
66709,3
306685,3
284703,3
46888,3
42536,3
149009,3
66621,3
71413,3
180288,3
238127,3
238129,3
270286,3
332885,3
125914,3
104749,3
110209,3
167635,3
251311,3
242564,3
94097,3
237402,3
313779,3
222207,3
206927,3
270299,3
500135,3
286552,3
376175,3
70176,3
136889,3
270301,3
48119,3
169878,3
196473,3
252204,3
180293,3
525419,3
114985,3
222345,3
372235,3
222368,3
371093,3
130189,3
366342,3
321494,3
281981,3
72808,3
148455,3
127709,3
270312,3
180751,3
103205,3
94415,3
208889,3
175020,3
238160,3
524502,3
238162,3
118535,3
251031,3
237424,3
524440,3
376396,3
376056,3
504009,3
72101,3
155426,3
8824,3
168361,3
8832,3
8850,1
517471,1
277709,1
277608,1
117276,1
82162,1
345027,1
181773,1
526399,3
526403,3
270352,3
300426,3
308245,3
526255,3
501619,3
304323,3
41577,3
227477,3
323882,3
247040,3
526160,3
297519,3
537832,3
526170,3
516751,3
537780,3
526292,3
271443,3
381384,3
357505,3
387467,3
353410,3
360404,3
352810,3
372620,3
360405,3
357497,3
71910,3
42557,3
120022,3
315981,3
41702,3
8908,3
526439,3
168472,3
151436,3
277299,3
277299,1
345473,3
40791,3
102356,3
114550,3
222351,3
294510,3
89125,3
276646,3
86970,3
229973,3
336721,3
365374,3
347169,3
305535,3
305537,3
336725,3
239053,3
306885,3
386908,3
348598,3
346803,3
347211,3
347212,3
348591,3
365146,3
365148,3
168220,3
311553,3
380929,3
378094,3
330117,3
330114,3
318324,3
379605,3
287621,3
329137,3
227381,3
306886,3
194092,3
347195,3
85274,3
40839,3
88261,3
334807,3
191037,3
212330,3
178461,3
68352,3
287435,3
294511,3
88264,3
276644,3
101842,3
279698,1
386897,3
242637,3
89045,3
114554,3
381412,3
71747,3
245180,3
365168,3
245179,3
307081,3
227705,3
61246,3
368712,3
124542,3
245185,3
324042,1
304322,3
294934,3
154248,3
277036,3
55717,3
345291,3
369908,3
344227,3
344228,3
334806,3
378092,3
358843,3
358844,3
305536,3
305538,3
363805,3
256101,3
202607,3
292087,3
292088,3
347196,3
128023,3
144708,3
164061,3
346804,3
372589,3
381431,3
328809,3
367765,3
367766,3
371903,3
367767,3
367768,3
347194,3
318328,3
318325,3
360535,3
179446,3
168147,3
86280,3
385194,3
238920,3
336742,3
212329,3
384380,3
374251,3
378095,3
378096,3
104400,3
77141,3
348599,3
348600,3
273977,1
285410,3
21740,3
311555,3
309987,3
40820,3
271468,3
256659,3
337433,3
376892,3
387746,3
279819,3
353378,3
346103,3
387760,3
387748,3
303357,3
177819,3
506735,3
506870,3
342213,3
353411,3
264573,3
376895,3
380600,3
286253,3
336744,3
375144,3
352815,3
346178,3
530020,3
387768,3
387769,3
311556,3
352108,3
345760,3
360540,3
345781,3
385205,3
376382,3
536480,3
388599,3
380601,3
388600,3
264574,3
254419,3
387747,3
241765,3
25075,3
308249,3
282699,3
83775,3
191892,3
308250,3
512186,3
194613,3
503910,3
316899,3
365379,3
168441,1
8994,3
8994,1
279251,1
361089,1
345600,1
358851,1
9006,3
9008,3
323893,3
19594,3
61961,3
40895,3
101244,3
9028,3
94158,1
9334,2
79996,1
9414,3
9414,1
65962,3
111566,3
111566,1
58652,3
58652,1
62007,3
62007,1
175166,3
259061,3
86184,3
247935,3
282667,3
304578,3
240666,3
211616,3
283068,3
163879,3
163879,1
112762,3
283211,3
283213,3
283215,3
207035,3
207035,1
9766,3
514380,3
514380,2
514378,3
514378,2
514377,3
514377,2
272498,3
57691,3
60779,3
9852,3
9852,1
71071,3
71071,1
171797,3
171797,1
102621,1
41571,1
147488,1
91398,1
324015,1
43560,1
166764,1
77547,1
54571,1
90727,1
324113,1
97043,1
287694,1
238330,1
287695,1
49593,1
170506,1
229284,1
57431,3
57431,1
324957,1
229842,1
211103,1
115421,3
115421,1
51827,3
51827,1
198589,1
124547,3
124547,1
226505,1
134778,3
134778,1
181211,1
263246,1
263247,1
201424,3
201424,1
178584,3
178584,1
178616,3
178616,1
178617,3
178617,1
227303,1
331027,1
227996,1
331028,1
41821,1
25184,1
202941,1
9965,1
95650,1
9973,1
75772,1
293766,3
19600,3
19600,2
66391,2
10093,3
10093,2
112208,3
112208,2
10098,2
91622,2
321774,3
179546,3
10396,3
10396,1
10399,3
10399,1
10431,3
10431,1
367370,3
10498,3
343959,3
23450,3
66529,3
66529,2
10579,3
10579,2
270586,3
42354,3
42354,1
207689,3
10669,3
126141,3
198447,3
198447,1
22442,3
171750,3
507310,1
507659,1
507179,1
168212,1
507417,1
507315,3
507315,1
507533,3
507533,1
507619,3
507619,1
507555,3
507555,1
507401,1
507091,1
10802,1
67949,2
203998,3
203998,2
77020,3
307995,3
204523,3
204523,1
138954,3
180799,3
180799,1
336289,3
336289,1
211929,3
211929,2
224245,3
224245,1
101974,3
101974,2
45689,3
11049,3
11049,2
128436,3
128436,1
11054,3
79977,3
79977,1
11055,3
11055,2
212015,3
212015,2
368041,3
368041,2
113592,3
113592,2
125569,3
125569,2
98755,3
92744,3
113567,3
381662,3
381662,1
79517,3
79517,2
45819,3
45819,2
182743,3
41212,3
72853,3
60480,3
11050,3
11050,1
384890,3
384890,1
384891,3
384891,1
212625,3
212625,1
169162,3
169162,1
103678,3
103678,2
239979,3
239979,1
76118,3
76118,1
253434,3
253434,1
212866,1
212866,3
210938,3
210938,1
252419,3
252419,1
128984,3
128984,1
140140,3
119089,3
119089,1
271509,3
271509,1
11158,3
243745,3
95355,3
95355,1
137057,3
55099,3
55099,1
316296,3
316296,1
104206,3
104206,1
208922,3
208922,1
209652,3
209652,1
201480,3
201480,1
344246,3
344246,1
369612,3
369612,1
41718,3
57609,3
57609,1
85722,3
85722,1
154639,3
154639,1
129810,3
137631,3
137631,1
76523,3
76523,1
286770,3
286770,1
118739,3
118739,1
300643,3
300643,1
306890,3
306890,1
384448,3
384448,1
111896,3
111896,1
155534,3
155534,1
115816,3
115816,1
41719,3
41719,1
112760,3
112760,1
116628,3
116628,1
227050,3
227050,1
102874,3
102874,1
49855,3
49855,1
75716,3
75716,1
112842,3
112842,1
155556,3
155556,1
86197,3
86197,1
118608,3
118608,1
118613,3
118613,1
58655,3
58655,1
129812,3
129812,1
82271,3
82271,1
500304,3
500304,1
81708,3
81708,1
139351,3
127670,3
127670,1
305928,1
228963,3
228964,1
228964,3
183330,3
59228,3
115148,3
84915,1
84915,3
58540,3
58540,1
176984,3
211516,3
104650,3
122268,3
122267,3
122266,3
122265,3
197570,3
11233,3
102983,3
11242,3
11438,2
11508,3
11602,2
46293,2
193768,2
148131,2
98263,2
93836,2
45053,2
351967,2
124734,2
91843,2
183162,2
114636,2
93957,2
46274,2
97341,2
150750,2
72989,2
97029,2
114814,2
92455,2
114815,2
97523,2
154867,2
247271,2
219636,2
91284,2
253027,2
64766,2
54380,2
11629,2
90996,2
91136,2
90536,2
91721,2
152140,2
92985,2
94916,2
100029,2
89309,2
99897,2
239323,2
114639,2
43253,2
77406,2
89253,2
98800,2
93818,2
97193,2
98143,2
165265,2
89177,2
176066,2
124754,2
74598,2
11623,2
197226,2
61682,2
11633,2
117757,2
194545,2
283889,3
283889,1
122358,3
122358,1
306321,3
306321,1
160027,3
160027,1
88303,3
22196,3
22196,1
49845,1
12099,3
12099,1
12191,3
12191,1
154644,1
519630,1
383965,3
212878,1
43920,1
60617,1
285797,1
321642,3
507872,3
74798,3
74798,2
388059,3
388059,2
100515,3
100515,2
349251,3
71744,3
71744,2
72759,3
72759,2
316225,3
118209,3
118209,2
111524,3
111524,2
321448,3
321448,2
335052,3
131503,3
269329,3
269329,2
43473,3
43473,2
43473,1
140046,3
140046,2
62952,3
62952,2
125211,1
525259,3
45558,3
45558,1
154161,3
154161,1
102279,3
83914,3
83914,1
138862,3
138862,1
111550,3
111550,1
296132,3
296132,1
12835,3
188938,3
47147,3
112266,3
112266,1
63237,3
22209,3
96240,3
96240,1
180544,3
91496,3
95243,3
114019,3
346031,3
526470,3
525550,3
525879,3
343776,3
525893,3
526136,3
12895,3
64180,3
129143,3
341020,3
341020,1
198605,3
198605,1
342577,3
342577,1
13375,3
212146,3
212146,2
13430,3
13430,2
13429,3
13429,2
113569,3
113569,2
273962,3
273962,2
13486,3
224629,3
42852,3
75474,3
320213,3
320213,1
319900,3
319900,1
14440,1
239772,3
336295,3
226856,3
224799,3
64402,3
64402,2
96006,3
96006,2
93590,3
277380,3
176312,3
88817,3
155126,3
72458,3
44471,3
113552,3
56250,3
87686,3
74332,3
168810,3
300357,3
69334,3
216770,3
208540,3
49497,3
87688,3
184507,3
317528,3
66261,3
142534,3
166412,3
317694,3
79293,3
269065,3
217868,3
71358,3
72030,3
56451,3
142535,3
227435,3
85902,3
52124,3
42898,3
85003,3
63551,3
367698,3
245685,3
282031,3
50488,3
106234,3
518778,3
112036,3
15880,3
109083,3
159711,3
303599,3
309194,3
84160,3
235479,3
73881,3
48407,3
218955,3
347388,3
15898,3
200996,3
201041,3
376214,3
255432,3
201061,3
254055,3
298848,3
296126,3
201076,3
201081,3
201100,3
201159,3
201253,3
306024,3
62870,3
51807,3
139637,3
59507,3
68064,3
54303,3
110505,3
76787,3
139636,3
74556,3
74556,1
126025,3
126025,1
522633,3
297045,3
131829,3
120024,3
120024,2
15918,3
15918,2
136360,3
214462,3
15919,3
15921,3
15921,2
15921,1
135077,3
135077,2
56723,3
56723,2
15927,3
15927,2
15928,3
15928,2
353374,3
353374,1
225067,3
225067,1
89851,3
89851,1
93479,3
93479,1
33902,3
33902,1
352483,3
352483,1
57282,3
57282,1
50929,3
50929,1
244020,1
102396,3
102396,1
55986,3
55986,1
523289,3
523289,1
118251,3
118251,1
529374,3
529374,1
127733,3
127733,1
129980,3
129980,1
126862,3
126862,1
200916,3
200916,1
202442,3
202442,1
118252,3
118252,1
131360,3
371125,3
371125,1
125654,3
125654,1
290441,3
290441,1
177342,3
177342,1
129450,3
129450,1
127679,3
127679,1
139436,3
139436,1
121327,3
121327,1
125004,3
125004,1
378587,3
378587,1
126508,3
126508,1
122455,3
122455,1
127770,3
127770,1
371121,3
371121,1
515114,3
515114,1
126103,3
126103,1
122289,3
122289,1
130439,3
130439,1
234548,3
234548,1
187170,3
187170,1
118476,3
118476,1
346443,3
346443,1
125773,3
125773,1
129924,3
129924,1
125637,3
125637,1
302151,3
302151,1
515115,3
515115,1
129976,3
129976,1
119718,3
119718,1
275079,3
275079,1
121756,3
121756,1
302143,3
302143,1
201455,3
201455,1
201450,3
201450,1
362030,3
362030,1
126956,3
514503,3
514503,1
125644,3
125644,1
247515,3
247515,1
234431,3
234431,1
128512,3
128512,1
112563,3
112563,1
201457,3
201457,1
311378,3
311378,1
131337,3
131337,1
311423,3
311423,1
371123,3
371123,1
328384,3
238272,3
238272,1
319490,3
319490,1
284461,3
284461,1
247518,3
247518,1
128004,3
128004,1
150394,3
150394,1
55598,3
55598,1
349188,3
349188,1
256673,3
256673,1
82257,3
82257,1
300823,3
300823,1
300819,3
300819,1
353116,3
353116,1
330763,3
330763,1
319510,3
319510,1
358715,3
358715,1
371270,3
371270,1
362289,3
362289,1
278316,3
278316,1
199425,3
199425,1
249251,3
249251,1
85765,3
85765,1
69589,3
69589,1
60651,3
60651,1
70541,3
70541,1
82432,3
82432,1
92697,3
92697,1
217877,3
217877,1
94976,3
94976,1
108289,3
108289,1
94732,3
94732,1
89785,3
89785,1
56252,3
56252,1
196031,3
196031,1
93267,3
93267,1
58672,3
58672,1
66574,3
66574,1
46241,3
46241,1
385099,3
385099,1
82679,3
82679,1
75212,3
75212,1
42707,3
42707,1
91446,3
91446,1
155924,3
155924,1
240342,3
240342,1
175969,3
138846,3
138846,1
139462,3
139462,1
119702,3
119702,1
60737,3
60737,1
85289,3
85289,1
110298,3
110298,1
45402,3
45402,1
110980,3
110980,1
237146,3
237146,1
151395,3
151395,1
70796,3
70796,1
73773,3
73773,1
90120,3
90120,1
68775,3
68775,1
89091,3
89091,1
51993,3
51993,1
99644,3
99644,1
96059,3
96059,1
360941,3
360941,1
91789,3
91789,1
62753,3
62753,1
51835,3
51835,1
237867,3
237867,1
92539,3
92539,1
195552,3
195552,1
306071,3
306071,1
370803,3
370803,1
337619,3
337619,1
353429,3
353429,1
360982,3
360982,1
237507,3
237507,1
249831,3
249831,1
118200,3
118200,1
94464,3
94464,1
61289,3
61289,1
95552,3
95552,1
225113,3
225113,1
215382,3
215382,1
322300,3
322300,1
95477,3
95477,1
62948,3
62948,1
91161,3
91161,1
95914,3
95914,1
79654,3
79654,1
70144,3
70144,1
94922,3
94922,1
91276,3
91276,1
99182,3
99182,1
191064,3
191064,1
89885,3
89885,1
77119,3
77119,1
352952,3
352952,1
214877,3
214877,1
120652,3
120652,1
281374,3
281374,1
80379,3
80379,1
96241,3
96241,1
98630,3
98630,1
96676,3
96676,1
68496,3
68496,1
98162,3
98162,1
129657,3
129657,1
80807,3
80807,1
97228,3
97228,1
78229,3
78229,1
329266,3
329266,1
92810,3
92810,1
91637,3
91637,1
55145,3
55145,1
99777,3
99777,1
95735,3
95735,1
349187,3
349187,1
129234,3
129234,1
142408,3
142408,1
124969,3
124969,1
311440,3
311440,1
119703,3
119703,1
121802,3
121802,1
76544,3
76544,1
129824,3
129824,1
27460,3
27460,1
91421,3
91421,1
139396,3
139396,1
89404,3
89404,1
82305,3
82305,1
78576,3
78576,1
225146,3
225146,1
202533,3
202533,1
240333,3
240333,1
251107,3
251107,1
328818,3
328818,1
215387,3
215387,1
119744,3
119744,1
126524,3
126524,1
55002,3
55002,1
95681,3
95681,1
128027,3
128027,1
146737,3
146737,1
93436,3
93436,1
278106,3
278106,1
296182,3
296182,1
79777,3
79777,1
76034,3
76034,1
139454,3
139454,1
320088,3
320088,1
288167,3
288167,1
256415,3
256415,1
84328,3
84328,1
118168,3
118168,1
129610,3
129610,1
348265,3
348265,1
39866,3
39866,1
127773,3
127773,1
177347,3
177347,1
119757,3
119757,1
139555,3
139555,1
376803,3
376803,1
145549,3
39870,3
39870,1
116822,3
116822,1
176179,3
176179,1
226265,3
226265,1
119882,3
119882,1
97397,3
97397,1
81011,3
81011,1
225156,3
225156,1
83499,3
83499,1
98610,3
98610,1
128690,3
128690,1
361235,3
361235,1
243447,3
243447,1
39917,3
39917,1
127853,3
75829,3
75829,1
58189,3
58189,1
98310,3
98310,1
57007,3
57007,1
68611,3
68611,1
90003,3
63485,3
63485,1
39935,3
39935,1
249261,3
249261,1
85576,3
85576,1
92083,3
92083,1
121928,3
121928,1
69545,3
69545,1
81012,3
81012,1
93870,3
93870,1
256394,3
256394,1
243542,3
243542,1
175971,3
175971,1
341338,3
341338,1
129176,3
129176,1
524685,3
524685,1
129920,3
129920,1
128151,3
128151,1
204257,3
204257,1
130350,3
130350,1
125751,3
125751,1
125767,3
125767,1
339434,3
339434,1
155442,3
155442,1
318813,3
318813,1
98160,3
98160,1
84716,3
84716,1
76932,3
76932,1
296191,3
296191,1
288294,3
288294,1
94622,3
94622,1
86395,3
86395,1
281586,3
281586,1
364061,3
364061,1
339385,3
339385,1
283535,3
283535,1
121042,3
121042,1
119710,3
119710,1
70105,3
70105,1
75268,3
75268,1
66427,3
66427,1
87358,3
87358,1
297689,3
297689,1
61907,3
61907,1
57514,1
349160,3
349160,1
95118,3
95118,1
42295,3
42295,1
94377,3
94377,1
82943,3
82943,1
129159,3
129159,1
349549,3
349549,1
167148,3
167148,1
171129,3
171129,1
192189,3
192189,1
171134,3
171134,1
131344,3
131344,1
171138,3
171138,1
126757,3
126757,1
144979,3
144979,1
275550,3
275550,1
192211,3
192211,1
171137,3
171137,1
192190,3
192190,1
95855,3
95855,1
93225,3
93225,1
45531,3
45531,1
359942,3
359942,1
301083,3
301083,1
93631,3
93631,1
64436,3
64436,1
72211,3
72211,1
86965,3
86965,1
103797,3
103797,1
99058,3
99058,1
238547,3
238547,1
92242,3
92242,1
50557,3
50557,1
87795,3
87795,1
96681,3
96681,1
352940,3
352940,1
256455,3
256455,1
77041,3
77041,1
239092,3
239092,1
237114,3
237114,1
96934,3
96934,1
71176,3
71176,1
243970,3
243970,1
97684,3
97684,1
98704,3
98704,1
75054,3
75054,1
90378,3
90378,1
174057,3
75327,3
75327,1
102828,3
102828,1
103047,3
103047,1
225231,3
225231,1
225233,3
225233,1
313130,3
313130,1
230506,3
230506,1
121952,3
121952,1
50746,3
50746,1
94954,3
94954,1
55349,3
55349,1
69684,3
69684,1
295374,3
295374,1
99360,3
99360,1
329180,3
329180,1
39343,3
39343,1
329002,3
329002,1
98377,3
98377,1
58586,3
58586,1
386846,3
386846,1
524817,3
524817,1
77414,3
77414,1
84688,3
84688,1
297335,3
297335,1
303201,3
303201,1
349172,3
349172,1
69876,3
69876,1
51456,3
51456,1
67981,3
67981,1
40346,3
40346,1
99855,3
99855,1
93394,3
93394,1
98627,3
98627,1
94452,3
94452,1
78111,3
78111,1
151222,3
151222,1
119783,3
119783,1
90775,3
90775,1
95968,3
95968,1
237506,3
237506,1
121755,3
121755,1
48847,3
48847,1
358928,3
358928,1
48848,3
48848,1
121801,3
121801,1
75513,3
75513,1
75514,3
75514,1
139643,3
95788,3
95788,1
91271,3
91271,1
336303,3
336303,1
146263,3
146263,1
191394,3
191394,1
191395,3
191395,1
157821,3
157821,1
177606,3
177606,1
202532,3
202532,1
515112,3
515112,1
95436,3
95436,1
319511,3
319511,1
94454,3
94454,1
152739,3
152739,1
302142,3
302142,1
328385,3
293386,3
293386,1
132877,3
132877,1
240069,3
240069,1
70562,3
70562,1
92996,3
92996,1
200785,3
200785,1
53867,3
53867,1
93061,3
93061,1
229925,3
229925,1
121881,3
121881,1
121887,3
121887,1
93063,3
93063,1
170430,3
170430,1
214124,3
214124,1
51992,3
51992,1
311561,3
311561,1
99095,3
99095,1
58526,3
58526,1
360666,3
360666,1
318816,3
318816,1
93065,3
93065,1
146264,3
146264,1
362029,3
362029,1
523290,3
523290,1
98521,3
98521,1
524437,3
524437,1
357274,3
357274,1
346442,3
346442,1
505177,3
505177,1
145989,3
145989,1
515113,3
515113,1
295375,3
295375,1
240071,3
240071,1
97734,3
97734,1
371269,3
371269,1
323046,3
323046,1
371122,3
371122,1
529370,3
529370,1
303910,3
303910,1
53245,3
53245,1
91389,3
91389,1
93172,3
93172,1
311002,3
311002,1
386461,3
386461,1
119711,3
119711,1
274628,3
274628,1
256162,3
256162,1
121043,3
121043,1
328998,3
328998,1
45104,3
285686,3
285686,1
378586,3
378586,1
238269,3
238269,1
234432,3
234432,1
121976,3
121976,1
93918,3
93918,1
328814,3
328814,1
129869,3
129869,1
90507,3
90507,1
81361,3
81361,1
99285,3
99285,1
99653,3
99653,1
296029,3
296029,1
348999,3
348999,1
202443,3
202443,1
318815,3
318815,1
192738,3
192738,1
130228,3
130228,1
200912,3
200912,1
99936,3
99936,1
352931,3
352931,1
196208,3
196208,1
115717,3
115717,1
360983,3
360983,1
374598,3
374598,1
55900,3
55900,1
296708,3
296708,1
244890,3
244890,1
375194,3
375194,1
271809,3
271809,1
99565,3
99565,1
153950,3
153950,1
103370,3
103370,1
358714,3
358714,1
124608,3
320089,3
320089,1
157615,3
157615,1
110455,3
110455,1
310527,3
310527,1
108000,3
108000,1
331696,3
331696,1
362288,3
362288,1
55293,3
55293,1
170446,3
170446,1
269194,3
269194,1
32676,3
32676,1
121638,3
121638,1
201632,3
201632,1
81377,3
81377,1
95804,3
95804,1
121953,3
121953,1
94107,3
94107,1
55425,3
55425,1
212112,3
212112,1
330764,3
330764,1
385107,3
385107,1
111140,3
111140,1
258238,3
258238,1
376725,3
376725,1
311424,3
311424,1
89616,3
89616,1
114029,3
114029,1
101834,3
101834,1
240332,3
240332,1
318814,3
318814,1
90033,3
90033,1
204256,3
204256,1
349550,3
349550,1
129611,3
129611,1
97256,3
97256,1
129658,3
129658,1
94381,3
94381,1
187668,3
187668,1
145550,3
93454,3
93454,1
187055,3
187055,1
124613,3
124613,1
77419,3
77419,1
191405,3
191405,1
313171,3
313171,1
241781,3
241781,1
78434,1
112902,3
112902,1
254564,3
254564,1
514504,3
514504,1
280087,3
280087,1
238268,3
238268,1
248829,3
248829,1
524597,3
524597,1
296709,3
296709,1
170450,3
170450,1
339454,3
339454,1
343463,3
343463,1
386624,3
386624,1
202214,3
202214,1
175970,3
244891,3
244891,1
385108,3
385108,1
349171,3
349171,1
148193,3
148193,1
226264,3
226264,1
91907,3
91907,1
339458,3
339458,1
81026,3
81026,1
136422,3
136422,1
98417,3
98417,1
91247,3
91247,1
69515,3
69515,1
290440,3
290440,1
122454,3
122454,1
102235,3
102235,1
129977,3
129977,1
45225,3
45225,1
59996,3
59996,1
161052,3
201458,3
201458,1
311441,3
311441,1
319491,3
319491,1
371124,3
371124,1
237570,3
237570,1
385271,3
385271,1
220795,3
220795,1
127734,3
127734,1
248827,3
248827,1
373987,3
373987,1
371126,3
371126,1
27083,3
27083,1
118520,3
118520,1
127774,3
127774,1
113126,3
113126,1
170454,3
170454,1
91292,3
139537,3
139537,1
170456,3
170456,1
116828,3
116828,1
40340,3
40340,1
40341,3
40341,1
116824,3
116824,1
45514,3
45514,1
84473,3
84473,1
234549,3
234549,1
270852,3
270852,1
249830,3
249830,1
201451,3
201451,1
98693,3
98693,1
153253,3
153253,1
98737,3
98737,1
58990,3
58990,1
16007,3
16007,1
33903,3
33903,1
231592,1
16012,3
16012,1
139673,3
139673,1
49724,3
49724,1
21225,3
21225,1
96503,3
96503,1
99139,3
99139,1
303849,3
303849,1
33924,3
33924,1
58007,3
58007,1
82365,3
82365,1
48470,3
48470,1
69361,3
69361,1
83594,3
83594,1
89115,3
89115,1
166570,3
166570,1
95757,3
95757,1
303870,3
303870,1
33936,3
33936,1
96591,3
96591,1
16033,3
16033,1
329181,3
329181,1
303875,3
303875,1
139430,3
139430,1
331979,3
331979,1
131304,3
131304,1
182730,3
182730,1
120594,3
120594,1
33949,3
33949,1
58900,3
58900,1
53166,3
53166,1
303868,3
303868,1
303872,3
303872,1
246909,3
246909,1
329185,3
329185,1
25007,3
25007,1
98150,3
98150,1
332614,3
332614,1
53272,3
53272,1
160926,3
160926,1
15985,3
15985,1
57093,3
57093,1
120970,3
120970,1
82585,3
82585,1
67609,3
67609,1
16063,3
16063,1
237889,3
237889,1
16064,1
90537,1
81689,3
81689,1
332016,3
332016,1
49522,3
49522,1
112883,3
112883,1
329189,3
329189,1
91045,3
91045,1
89564,3
89564,1
95638,3
95638,1
237895,1
39329,3
39329,1
303856,3
303856,1
59976,3
66252,3
66252,1
86964,3
86964,1
225291,3
225291,1
95339,3
95339,1
126377,3
126377,1
39333,3
39333,1
39334,3
39334,1
500387,3
500387,1
126017,3
126017,1
324339,3
324339,1
39336,3
39336,1
119869,3
119869,1
95399,3
95399,1
39339,3
39339,1
291647,3
291647,1
66478,3
66478,1
54945,3
54945,1
374002,3
374002,1
39326,1
231377,1
231406,3
231406,1
332027,3
332027,1
231408,3
231408,1
303871,3
303871,1
331978,3
331978,1
303873,3
303873,1
70379,3
70379,1
304188,3
304188,1
522907,3
522907,1
52753,3
52753,1
16084,3
16084,1
131301,3
131301,1
39345,3
39345,1
54006,3
54006,1
500285,3
500285,1
82351,3
82351,1
39348,3
39348,1
68963,3
68963,1
57281,3
57281,1
33901,3
33901,1
160927,3
160927,1
165906,3
165906,1
115945,3
115945,1
215121,3
225261,3
225261,1
225262,3
225262,1
225263,3
225263,1
225267,3
225267,1
98552,3
98552,1
225268,3
225268,1
225269,3
225269,1
214979,3
214979,1
214978,3
214978,1
225271,3
225271,1
215232,3
215232,1
332616,3
332616,1
33928,3
33928,1
54734,3
54734,1
53043,3
53043,1
269915,3
269915,1
47688,3
47689,3
48645,3
48645,1
33957,3
33957,1
205970,3
205970,1
72046,3
72046,1
89805,3
89805,1
91938,3
91938,1
110350,3
110350,1
52635,3
52635,1
46463,1
129071,3
129071,1
301142,3
317169,3
121192,3
303778,3
127283,3
137914,3
137914,1
291457,3
281779,3
281779,1
238174,3
238174,1
232408,3
312811,3
57627,3
292211,3
286122,3
302898,3
78493,3
78494,3
54907,3
43727,3
281795,3
61025,3
70869,3
156241,3
242468,3
242468,1
62299,3
221861,3
221861,1
312183,3
210960,3
131912,3
338706,3
239776,3
239776,1
309203,3
315691,3
46279,3
46279,1
16140,3
16140,1
73762,3
73762,1
96497,3
89325,3
77506,3
16160,3
16171,3
16171,1
285269,3
285269,1
285272,3
285272,1
81136,2
16194,2
16282,3
16282,2
192332,3
193607,3
344438,1
271666,3
271666,1
74682,1
74682,3
59903,1
16311,1
16311,3
16327,3
16327,1
500070,1
100910,1
336317,1
315805,1
180081,3
180081,1
16346,1
165611,1
92074,1
94409,1
16353,1
524596,3
524596,1
351094,3
343840,3
376076,3
323961,3
343842,3
308102,3
308929,3
307934,3
343841,3
336575,3
109876,3
336384,3
272778,3
343845,3
263270,3
84460,1
84460,3
248890,1
248890,3
243185,1
243185,3
165177,1
305717,1
525271,3
525161,3
193769,2
62834,2
121618,2
280734,2
281028,2
16884,2
301981,1
16968,1
161233,3
161233,2
161233,1
17424,3
170722,3
171457,3
171458,3
74364,1
74364,3
67874,1
67874,3
44975,3
44975,1
205745,3
205745,1
217822,3
217822,1
303284,1
322159,1
17801,3
17801,1
335701,3
271697,3
271697,1
124370,3
124370,1
351847,1
302798,3
302798,1
300933,3
300933,1
296713,3
296713,1
305286,3
305286,1
98147,3
98147,1
340055,3
339986,3
340013,3
340022,3
340027,3
340045,3
340045,1
354033,3
354033,1
340678,3
17886,3
17886,2
95220,3
57315,3
57315,1
54508,1
101775,3
283265,3
283280,3
216119,3
18459,3
18567,2
66358,2
18710,3
176932,1
159498,1
181957,1
207962,1
200066,3
200066,2
50453,3
50453,2
505877,3
388309,3
18876,1
82730,1
206738,3
324517,3
324517,1
336909,3
31416,3
176882,3
176882,2
176882,1
48498,3
124371,3
124371,2
124371,1
93320,3
93320,1
18973,3
309322,3
225823,3
63999,3
87366,3
109455,3
309323,3
374362,3
384858,3
87232,3
87233,3
161486,3
161486,2
161486,1
45724,3
163998,3
367681,3
367681,1
163997,3
81557,3
78164,3
99297,3
309326,3
327557,1
524470,3
524470,1
524508,3
524508,1
273028,1
319808,1
319808,3
320107,3
320107,1
701,3
370466,3
186360,3
197177,3
136814,3
76443,1
51987,1
1080,1
279606,1
235563,1
156224,1
62079,1
26678,3
188329,3
92654,3
1452,3
188860,3
252054,3
176858,3
188936,3
188936,1
27000,3
27000,1
27165,3
189380,3
189380,1
189382,3
204060,3
204100,3
229800,3
84816,3
204103,3
2345,1
269666,1
114052,1
204508,3
204508,1
198599,1
525557,3
285301,1
91436,3
91436,1
279422,1
229826,1
505038,3
505038,1
222355,1
267957,3
267957,1
28037,1
222764,3
222764,1
160597,1
160601,1
160605,1
85196,1
76414,1
92952,1
215028,1
85314,1
162303,1
91231,1
62689,1
160608,1
160599,1
160600,1
72250,1
2450,3
2450,1
94584,1
288047,1
316563,3
316563,1
3007,3
322522,3
377850,1
85666,1
117949,1
153280,1
380896,1
107938,1
3256,1
3263,1
209918,1
99752,1
209938,3
209938,1
210071,3
210071,2
210071,1
317980,3
317983,3
121215,3
121215,2
121215,1
193093,3
193097,3
3729,3
3873,1
192948,3
45163,3
104347,3
96784,3
42686,3
47562,3
166427,3
92742,3
115605,3
115605,1
155023,3
158105,3
210201,1
275081,3
125875,3
83479,3
228293,3
175771,3
175771,1
309500,3
309500,1
58113,1
357472,3
47922,3
42310,3
135819,3
210865,3
92911,3
92911,1
121355,3
240435,3
240435,1
236388,3
236388,1
343476,3
370153,3
121395,3
84931,3
330948,3
330948,1
124773,3
66751,3
74764,3
118322,3
93629,3
93629,1
42965,3
92677,3
72944,3
102460,3
73491,3
248294,3
105770,3
191880,3
52852,3
60374,3
138419,3
89684,3
269517,3
64885,3
325730,3
90019,3
63662,3
89251,3
89251,1
248326,3
248326,1
179951,3
258270,3
210051,3
210051,1
64636,3
68575,3
210285,3
336174,3
86150,3
223011,3
121411,3
211341,3
165444,3
118020,3
66003,3
210828,3
55221,3
151322,3
95290,3
218967,3
109855,3
386133,3
214272,3
345663,3
273152,3
209761,3
378470,3
363821,3
314964,3
62064,3
248371,3
135364,3
62379,3
44484,3
227096,3
240897,3
285911,3
277428,3
98808,3
192961,1
210980,3
210980,1
369960,3
357517,3
350041,3
350041,1
287946,3
287946,1
275537,3
287585,3
317729,3
295309,3
343466,3
317853,3
317853,1
121398,3
283674,3
283674,1
248385,3
248457,3
181515,3
181515,1
135820,3
183757,3
183757,1
368498,3
269668,3
281770,3
76469,3
280941,3
315658,3
382788,3
367512,3
238049,3
238049,1
295310,3
121356,3
111659,3
349479,3
349479,1
121412,3
166980,3
369153,3
100048,3
100048,1
357492,3
272994,3
46821,1
236939,3
3922,1
101084,3
213128,3
3930,3
158122,3
298389,1
243587,1
51873,3
239582,3
52851,3
3940,3
197000,3
138410,3
76727,3
52296,3
315470,3
29433,3
171093,3
367702,3
29434,3
366810,3
315476,3
93961,3
162676,3
177380,3
223029,3
29444,3
209285,3
90318,3
91934,3
213183,3
213184,3
101094,3
115601,3
3968,3
3970,3
210968,3
210968,1
22086,3
170243,3
3975,3
320528,3
56819,3
96425,3
335067,3
335067,1
213316,3
3981,3
3981,1
94609,3
211176,1
20154,3
139151,3
248411,3
174136,3
248413,3
89878,3
236942,3
81568,3
65762,3
68369,3
213160,3
176514,3
214210,1
30617,3
30617,1
42714,3
42714,1
4431,3
4431,1
383818,3
383818,1
334653,3
334653,1
96790,3
96790,1
290367,3
290367,1
91339,3
91339,1
251723,3
251723,1
4695,1
86881,1
243108,3
5187,1
118678,1
73325,1
88997,3
88997,1
5352,3
31170,3
31530,3
179107,3
179106,3
353620,3
6052,3
203383,3
70239,1
6296,1
6329,1
6471,3
6471,2
6471,1
143557,3
47112,3
220414,3
56095,3
89377,3
315404,3
315404,2
315404,1
194469,2
82419,2
76037,2
201744,3
201744,1
135266,3
135266,1
31411,1
196699,1
105021,3
105021,2
356566,1
356567,3
356567,1
227876,1
299328,1
236572,1
255445,3
87415,3
7513,3
7513,1
49149,3
49149,1
247298,3
247298,1
234183,3
234183,1
52680,3
52680,1
247299,3
247299,1
229865,3
229865,1
124800,3
124800,1
159027,2
92065,2
8068,2
57031,2
53745,2
49472,3
49472,1
8233,1
8234,1
195667,3
195667,1
99849,1
99849,3
39245,3
204072,3
502129,3
108526,3
108424,3
202927,3
116786,3
526495,3
272380,3
332890,3
62333,3
179838,3
169884,3
270315,3
306716,3
286558,3
91715,3
117193,3
162460,3
101019,3
175630,3
181585,3
381385,3
127219,3
334805,3
91532,3
114574,3
71746,3
71746,1
130976,3
181976,3
100400,3
381386,3
372357,3
372132,3
50906,3
154519,3
90816,3
98931,3
136425,3
511060,3
305539,3
319790,3
286080,3
177827,3
305540,3
358860,3
333080,3
86012,1
522650,1
510831,1
56719,3
49955,3
49955,1
103384,3
103384,1
182233,1
74325,1
109035,3
109035,1
63904,3
63904,1
117114,3
117114,1
525457,3
525457,1
124403,1
132684,1
85207,1
9890,1
191049,1
57117,1
53254,3
53254,1
202436,3
202436,1
224063,1
224065,1
178587,1
178611,3
178611,1
178603,3
178603,1
178613,3
178613,1
178605,1
141959,1
142412,1
63829,1
270825,1
73338,1
272624,1
375375,1
293767,1
284866,1
73943,2
334827,3
334827,2
334827,1
314989,3
21324,3
10439,3
118808,1
118808,3
324253,3
10565,1
286087,1
350960,1
153388,1
57749,3
301212,3
10657,3
10672,3
10672,1
75812,3
75812,1
526158,3
526158,1
526297,3
526297,1
507326,1
528701,1
507615,3
507615,1
507272,1
507259,3
507259,1
507237,3
507237,1
507413,3
507413,1
507531,1
507669,1
507628,1
46843,3
211142,3
319080,3
92325,3
74908,3
315253,3
168214,3
168214,1
63736,3
63736,1
243743,3
243743,1
113476,3
113476,1
129746,3
129746,1
169012,3
169012,1
49537,1
11436,1
515271,1
89513,2
26964,2
92079,2
43955,2
120495,2
103096,2
94252,2
219637,2
259103,2
81626,2
11723,2
315769,3
23213,3
184370,3
12399,1
168482,1
78601,3
78601,1
261422,3
68996,3
68996,1
182551,3
182551,1
12701,3
12701,1
330945,3
330945,1
182177,3
182177,1
193575,3
193575,1
91535,3
91535,2
91535,1
74236,3
74236,2
74236,1
84757,3
84757,1
13256,3
13256,1
94563,3
94563,1
279604,1
105518,3
114313,1
14215,3
160828,2
58876,3
73640,3
88816,3
14476,3
109972,3
97064,3
89235,3
300890,3
224841,3
56251,3
106017,3
61820,3
89357,3
102502,3
200995,3
61089,3
285761,3
285761,2
15925,3
15925,2
242043,3
242043,2
239921,3
239921,1
74133,3
74133,1
328857,3
328857,1
75860,3
75860,1
165889,3
165889,1
311384,3
311384,1
77159,3
77159,1
275727,3
275727,1
96306,3
96306,1
313134,3
91887,3
91887,1
91663,3
66644,3
66644,1
329162,3
329162,1
49944,3
49944,1
48849,3
48849,1
121819,3
121819,1
51261,3
51261,1
353934,3
385272,3
385272,1
118372,3
118372,1
150754,3
150754,1
130060,3
130060,1
119705,3
119705,1
129773,3
129773,1
95631,3
95631,1
75567,3
75567,1
55292,3
55292,1
95820,3
95820,1
301289,3
301289,1
346709,3
346709,1
371272,3
371272,1
99025,3
99025,1
352490,3
352490,1
44752,3
44752,1
302183,3
302183,1
49618,3
49618,1
71407,3
71407,1
92472,3
92472,1
195680,3
195680,1
279488,3
279488,1
281852,3
349551,3
119880,3
119880,1
333002,3
333002,1
118163,3
155939,3
155939,1
125813,3
125813,1
46673,3
46673,1
83300,3
83300,1
98787,3
98787,1
237144,3
237144,1
151394,3
151394,1
68057,3
68057,1
78664,3
78664,1
120969,3
120969,1
60098,3
60098,1
50058,3
50058,1
52441,3
52441,1
98177,3
98177,1
98520,3
98520,1
39546,3
39546,1
56331,3
56331,1
225104,3
225104,1
105114,3
105114,1
96511,3
96511,1
39569,3
39569,1
85290,3
85290,1
89698,3
89698,1
217732,3
217732,1
142619,3
142619,1
204249,3
204249,1
119691,3
119691,1
33930,3
33930,1
349891,3
349891,1
89946,3
89946,1
96303,3
96303,1
329387,3
329387,1
48418,3
48418,1
99113,3
99113,1
99573,3
99573,1
171761,3
171761,1
214878,3
214878,1
147176,3
147176,1
126117,3
126117,1
202393,3
202393,1
256381,3
256381,1
100077,3
100077,1
43355,3
43355,1
96545,3
96545,1
78433,3
78433,1
295271,3
295271,1
121960,3
121960,1
127662,3
127662,1
142277,3
142277,1
143615,3
143615,1
171735,3
171735,1
217501,3
217501,1
288632,3
288632,1
39782,3
39782,1
320306,3
320306,1
280367,3
280367,1
57489,3
57489,1
329063,3
329063,1
355017,3
355017,1
376696,3
376696,1
126872,3
126872,1
31382,3
31382,1
97957,3
97957,1
199208,3
199208,1
82306,3
82306,1
33950,1
33950,3
97350,1
97350,3
385169,3
385169,1
93417,3
93417,1
90783,3
90783,1
280498,3
280498,1
526454,3
526454,1
281853,3
281853,1
243589,3
243589,1
128832,3
128832,1
139398,3
139398,1
219202,3
219202,1
122403,3
122403,1
127653,3
127653,1
121468,3
121468,1
511748,3
511748,1
145436,3
145436,1
125680,3
125680,1
129653,3
129653,1
329533,3
329533,1
90137,3
90137,1
57756,3
57756,1
94161,3
119708,3
119708,1
119720,3
119720,1
153639,3
153639,1
93951,3
93951,1
93950,3
93950,1
72828,3
72828,1
42976,3
42976,1
53593,3
53593,1
256414,3
256414,1
142565,3
142565,1
126244,3
126244,1
79166,3
79166,1
99104,3
99104,1
84642,3
84642,1
98311,3
98311,1
90342,3
90342,1
98209,3
98209,1
127740,3
127740,1
276821,3
276821,1
129521,3
129521,1
86742,3
86742,1
154624,3
154624,1
126494,3
126494,1
256419,3
256419,1
51334,3
51334,1
310374,3
310374,1
97549,3
97549,1
94921,3
94921,1
59759,3
59759,1
119002,3
119002,1
93987,3
93987,1
225189,3
225189,1
82421,3
82421,1
140946,3
140946,1
227211,3
227211,1
40092,3
40092,1
295145,3
295145,1
131346,3
131346,1
118175,3
118175,1
214494,3
214494,1
62992,3
62992,1
215227,3
215227,1
47417,3
47417,1
63579,3
63579,1
58887,3
58887,1
90701,3
90701,1
142605,3
142605,1
74956,3
74956,1
91326,3
91326,1
86672,3
86672,1
89806,3
89806,1
93486,3
93486,1
84374,3
84374,1
90049,3
90049,1
312972,3
312972,1
229291,3
229291,1
64511,3
64511,1
49640,3
49640,1
89758,3
89758,1
331358,3
331358,1
61754,3
61754,1
115713,3
115713,1
93776,3
93776,1
281851,3
39375,3
39375,1
157638,3
157638,1
121820,3
121820,1
175605,3
175605,1
80994,3
80994,1
353033,3
353933,3
270845,3
270845,1
79658,3
79658,1
312974,3
312974,1
331393,3
331393,1
320090,3
320090,1
222243,3
222243,1
373820,3
373820,1
379022,3
379022,1
102369,3
102369,1
525703,3
525703,1
313058,3
313058,1
94854,3
94854,1
95090,3
95090,1
301288,3
301288,1
219673,3
219673,1
331648,3
331648,1
56237,3
56237,1
150543,3
150543,1
137888,3
137888,1
99896,3
99896,1
45432,3
45432,1
109801,3
109801,1
329372,3
329372,1
371271,3
371271,1
311377,3
311377,1
119714,3
119714,1
181217,3
181217,1
270848,3
270848,1
219203,3
219203,1
295146,3
295146,1
93649,3
93649,1
70891,3
70891,1
139504,3
139504,1
202394,3
202394,1
66156,3
66156,1
95248,3
95248,1
47426,3
47426,1
241747,3
241747,1
129368,3
129368,1
333001,3
333001,1
104154,3
108245,3
108245,1
67851,3
67851,1
170772,3
170772,1
157749,3
157749,1
204248,3
204248,1
511334,3
511334,1
143616,3
143616,1
93610,3
93610,1
282464,3
282464,1
211673,3
211673,1
218116,3
218116,1
212113,3
212113,1
313057,3
313057,1
129655,3
129655,1
42501,3
42501,1
154931,3
154931,1
27082,3
27082,1
76291,3
76291,1
53991,3
53991,1
349552,3
202258,3
202258,1
324284,3
130061,3
130061,1
98864,3
98864,1
346247,3
346247,1
127779,3
127779,1
170453,3
170453,1
320305,3
320305,1
284792,3
217500,3
217500,1
98933,3
98933,1
297692,3
297692,1
355016,3
355016,1
150035,3
150035,1
153588,3
153588,1
295712,3
295712,1
329061,3
329061,1
77050,3
77050,1
175960,3
175960,1
148200,3
148200,1
85497,3
85497,1
280366,3
280366,1
192847,3
192847,1
205480,3
114028,3
114028,1
72871,3
72871,1
93875,3
93875,1
55836,3
55836,1
383493,3
383493,1
16013,3
16013,1
131303,3
131303,1
303897,3
303897,1
87007,3
166566,3
166566,1
303853,3
303853,1
304215,3
304215,1
16026,3
16026,1
304217,3
304217,1
16037,3
16037,1
83430,3
83430,1
303857,3
140978,3
140978,1
263511,3
263511,1
16044,3
16044,1
39312,3
39312,1
304211,3
304211,1
303896,3
303896,1
304224,3
304224,1
99226,3
99226,1
304343,3
304343,1
97132,3
97132,1
22258,3
22258,1
304218,3
304218,1
94872,3
94872,1
92108,1
92108,3
226763,3
226763,1
226764,3
226764,1
304344,3
304344,1
304219,3
304219,1
324354,3
324354,1
304350,3
304350,1
57614,3
57614,1
304210,3
304210,1
303846,3
303846,1
303855,3
303855,1
16070,3
16070,1
225292,3
225292,1
225293,3
225293,1
304226,3
304345,3
304345,1
73193,3
73193,1
70355,3
70355,1
304216,3
304216,1
16082,3
16082,1
39340,3
39340,1
304209,3
304209,1
104673,3
104673,1
69752,3
69752,1
304208,3
304208,1
304321,3
112027,3
112027,1
90051,3
90051,1
90476,3
90476,1
48428,3
48428,1
33926,3
33926,1
77484,3
77484,1
15993,3
15993,1
55648,3
55648,1
39330,3
39330,1
53788,3
53788,1
121842,3
121842,1
341906,3
341906,1
44595,3
44595,1
48444,3
48444,1
52686,3
52686,1
200324,3
200324,1
126379,3
126379,1
60609,3
135616,3
153693,3
59437,3
511265,3
511265,1
131374,3
131374,1
83398,3
83398,1
115238,3
75680,3
75680,1
307083,3
306022,3
306022,1
291458,3
66875,3
66875,1
71001,3
330682,3
16143,3
84198,3
84198,1
323512,3
323512,1
216501,3
216501,1
321555,3
321555,1
249852,3
249852,1
152629,3
124621,3
124621,1
159019,3
159019,1
159018,3
159018,1
112476,3
159014,3
227322,3
116992,3
102808,3
47501,3
226681,3
16157,3
203940,3
59508,3
238543,1
195078,3
361033,3
360407,3
359276,3
62982,3
62982,2
100949,3
100949,2
58365,3
41733,2
20116,3
20116,1
522895,3
522895,1
64467,2
131970,3
131970,1
208144,3
24335,3
24335,1
17456,3
51043,3
137236,3
282654,1
18098,1
18292,3
18292,1
18785,3
324521,3
324521,1
238738,3
99385,3
168066,3
18969,3
18969,2
18969,1
388776,3
98185,3
329951,3
96065,3
96065,1
52267,3
226259,3
104167,3
93999,3
83849,3
18976,3
227652,3
19129,3
368921,3
19130,3
19131,3
19131,2
524496,3
524496,1
273383,3
26265,1
96689,1
222463,1
202841,3
221284,3
156491,1
183384,1
136813,3
186369,3
1094,3
188652,3
105790,3
188683,3
50493,1
42323,1
92569,1
111077,1
118071,1
116863,1
108966,1
61882,1
113906,1
85517,1
160530,1
118062,1
70344,1
116877,1
45443,1
84760,1
72862,1
108112,1
99916,1
111872,1
58402,1
27991,1
153118,1
74315,1
50191,1
222757,1
2361,1
76834,1
90612,1
49153,1
160509,1
45517,1
153072,1
92305,1
222761,3
222761,1
28038,1
2442,1
94248,3
94248,1
46482,3
46482,1
62432,3
62432,1
2449,3
2449,1
28087,1
28094,1
85046,1
503505,3
503505,1
291226,3
291226,1
502957,3
502957,1
524628,3
524628,1
59631,3
89188,3
210218,3
281344,3
210260,3
121379,3
210261,3
275316,3
166978,1
210235,3
138415,3
210870,3
378468,3
210262,3
378473,3
210237,3
229011,3
248506,3
378472,3
210271,3
101289,3
101289,1
350039,3
48122,3
121380,3
236559,3
210248,3
349476,3
275317,3
166423,1
3925,3
42306,3
78970,3
75827,3
3929,3
94696,3
194933,3
233813,3
98541,3
98541,1
144236,3
223025,3
275318,3
142484,3
142483,3
223026,3
103810,3
194538,3
73268,3
178393,3
60289,3
210221,3
79001,3
97474,3
89987,3
97574,3
58045,3
83290,3
90776,3
195617,3
56328,3
213303,3
210343,3
322226,3
95043,3
3979,3
52523,3
67837,3
517389,3
171775,3
85541,3
210662,3
296296,3
73304,1
5210,3
100130,3
246285,3
387503,3
387503,1
60412,1
352800,1
97434,1
6398,3
529334,3
253241,3
247140,3
137754,3
137754,1
9443,1
329573,1
202559,3
202559,1
128629,3
128629,1
108090,3
108090,1
208182,1
321786,3
321786,1
321788,3
321788,1
198446,3
198446,1
198445,3
198445,1
526104,2
54329,3
54329,1
54212,3
54212,1
98635,3
98635,1
95670,3
95670,1
311420,3
328380,3
328380,1
42718,3
42718,1
67249,3
67249,1
97284,3
97284,1
57799,3
57799,1
237142,3
237142,1
72315,3
72315,1
63413,3
63413,1
53123,3
53123,1
125765,3
125765,1
66412,3
66412,1
256402,3
256402,1
203431,3
175958,3
175958,1
39798,3
39798,1
128761,3
128761,1
195831,3
195831,1
42437,3
42437,1
127079,3
127079,1
182651,3
182651,1
54334,3
54334,1
63929,3
63929,1
302155,3
302155,1
72195,3
72195,1
256424,3
256424,1
70028,3
70028,1
320038,3
320038,1
68016,3
68016,1
79762,3
79762,1
82500,3
82500,1
317845,3
317845,1
155724,3
99392,3
99392,1
97998,3
97998,1
320040,3
320040,1
316263,3
316263,1
97683,3
97683,1
318811,3
318811,1
328381,3
328381,1
175959,3
175959,1
311003,3
329165,3
329165,1
40466,3
40466,1
16051,3
16053,3
16053,1
21234,3
21234,1
20302,3
20302,1
75454,3
75454,1
131924,3
70674,3
50568,3
94042,3
94042,1
237975,3
372446,3
372445,3
87706,3
76245,3
220551,3
121841,3
297896,3
79371,3
372444,3
16133,3
99054,3
16146,3
16146,1
98947,3
98947,1
57012,3
373802,3
16304,3
202362,1
17427,1
114079,1
300972,3
17458,3
17458,1
63714,2
75408,2
255321,3
255321,1
138514,3
138514,1
17979,3
17979,1
18618,3
18618,1
324518,3
329749,3
52351,3
344130,3
190971,3
120550,1
188906,3
188906,1
59389,3
59389,1
153934,3
311449,1
311449,3
81324,1
320084,3
127797,3
210270,3
210270,1
111737,3
223030,3
223030,1
90381,3
90381,1
362089,3
500492,3
32839,1
9848,3
243481,3
12568,3
12568,2
120838,3
239328,3
127281,3
75308,3
296336,3
296336,1
254057,3
254057,1
179398,3
179398,1
121054,3
121054,1
44494,3
44494,1
239774,3
239774,1
192830,3
192830,1
59044,3
59044,1
230253,3
230253,1
45647,3
45647,1
120837,3
18051,1
191283,1
357126,3
184101,3
184101,1
178240,3
178240,1
197951,3
197951,1
246022,3
246022,1
56432,3
56432,1
154998,3
154998,1
84488,3
332058,3
409,3
222462,3
76425,3
89646,3
95206,3
20686,3
20686,1
158052,3
158052,1
12053,3
336045,3
11,3
11,1
12,3
184842,3
18,3
19,3
21,3
20,3
133245,3
24,3
93673,3
130416,3
96451,3
27,3
29,3
295433,3
184845,3
25970,3
329412,3
21584,3
184847,3
135893,3
33,3
34,3
35,3
135897,3
37,3
184850,3
38,3
192629,3
135900,3
43,3
44,3
44,1
108732,3
272893,3
180100,3
45,3
48,3
49,3
184856,3
89735,3
184857,3
73753,3
53,3
327545,3
50206,3
60282,3
42392,3
54,3
55,3
55,1
184865,3
184865,1
184869,3
59,3
96162,3
60,3
79631,3
61,3
328806,3
49756,3
59496,3
375361,3
238660,3
177970,3
350048,3
272896,3
92953,3
326201,3
375362,3
238661,3
136387,3
136387,1
327546,3
101263,3
101263,1
63,3
66,3
68,3
96544,3
69,3
74,3
184875,3
77611,3
184877,3
99742,3
184879,3
272653,3
272653,1
241646,3
379588,3
379588,1
90724,3
90724,1
153883,3
153883,1
269083,3
185047,3
130359,3
116421,3
374992,3
374992,1
515157,3
99757,3
171,3
171,1
172,3
172,1
95741,3
95741,1
93814,3
93814,1
197667,3
197667,1
77212,3
178,3
178,1
180,3
185057,3
185057,1
183,3
183,1
99727,3
99727,1
93022,3
93022,1
327429,3
327429,1
100035,3
100035,1
125660,3
125660,1
188,3
192,3
192,1
90308,3
90308,1
197,3
197,1
98827,3
98827,1
269908,3
269908,1
26050,3
26050,1
185079,3
63737,3
63737,1
198120,3
185080,3
185080,1
26054,3
26054,1
185084,3
185084,1
312408,3
312408,1
185089,3
185089,1
209,3
209,1
210,3
210,1
213,3
214,3
126382,3
26057,3
26057,1
185103,3
185104,3
185104,1
224,3
185108,3
185109,3
185109,1
254245,3
98062,3
366890,3
158285,3
181349,3
81863,3
93695,3
45363,3
191899,3
191899,1
57510,3
94932,3
48739,3
170385,3
366989,3
219,3
124217,3
181366,3
170485,3
170485,1
306731,3
93291,3
73496,3
60978,3
321632,3
515160,3
160503,3
42760,3
233,3
167915,3
232427,3
23217,3
154502,3
87546,3
185110,3
185110,1
244,3
244,1
55175,3
55175,1
335493,3
335493,1
87420,3
185117,3
246,3
246,1
192856,3
192856,1
72422,3
72422,1
251,3
251,1
89715,3
89715,1
87341,3
254,3
254,1
64076,3
99961,3
99961,1
94700,3
94700,1
97093,3
97093,1
197690,3
197690,1
89005,3
89005,1
124258,3
124258,1
86268,3
98869,3
98869,1
260,3
260,1
173048,3
173048,1
117421,3
117421,1
83939,3
90164,3
90164,1
249819,3
249819,1
81263,3
81263,1
94728,3
94728,1
328811,3
54579,3
119802,3
119802,1
89699,3
89699,1
175032,3
175032,1
90538,3
90538,1
232445,3
232445,1
274,3
274,1
276,3
276,1
180671,3
180671,1
198119,3
198119,1
227692,3
209826,3
209826,1
160563,3
160563,1
239412,3
97324,3
97324,1
278318,3
278318,1
119848,3
119848,1
97418,3
222273,3
222274,3
253674,3
253674,1
119803,3
119803,1
64775,3
64775,1
92729,3
92729,1
185127,3
185127,1
26179,3
277,3
277,1
167916,3
167916,1
170617,3
170617,1
72203,3
72203,1
192858,3
192858,1
26180,3
68648,3
60612,3
60612,1
185128,3
185128,1
281,3
281,1
66162,3
130358,3
90714,3
116215,3
116215,1
185133,3
67192,3
67192,1
167917,3
195003,3
185136,3
185136,1
95568,3
95568,1
289,3
289,1
194728,3
194728,1
178549,3
178549,1
85460,3
85460,1
185139,3
291,3
291,1
293,3
85154,3
48947,3
48947,1
45383,3
45383,1
197645,3
197645,1
131447,3
131447,1
66660,3
66660,1
312420,3
26324,3
578,3
578,1
579,3
579,1
99222,3
26340,3
580,3
580,1
124282,3
124282,1
585,3
585,1
91606,3
91606,1
80276,3
80276,1
129635,3
77295,3
77295,1
73183,3
82900,3
102995,3
102995,1
130554,3
247931,3
95991,3
95991,1
181167,3
26338,3
26338,1
185789,3
185789,1
91551,3
91551,1
92615,3
185790,3
185791,3
88590,3
206719,3
590,3
590,1
282575,3
99221,3
118753,3
96712,3
91652,3
91652,1
95710,3
26335,3
26335,1
138602,3
138602,1
90136,3
90136,1
588,3
733,3
733,1
734,3
734,1
64275,3
64275,1
65015,1
65015,3
751,1
751,3
379017,3
379017,1
894,3
894,2
530546,3
530546,2
530596,3
530596,2
186322,3
186322,2
26513,2
312426,2
24232,2
897,3
897,2
99028,3
99028,2
80567,2
312428,2
379185,2
901,3
901,2
901,1
373694,2
99331,3
99331,2
99331,1
232646,2
26518,2
201936,2
26520,2
133163,3
908,3
26525,3
26525,2
186349,3
186349,2
91790,3
91790,2
91790,1
965,1
22801,3
186498,3
247058,3
186503,3
186505,3
1073,3
186704,3
23797,3
188232,3
188852,1
85829,3
99232,3
92355,3
82737,3
308236,3
1456,3
188904,3
66328,3
1469,3
20471,3
188909,3
188919,3
188920,3
188921,3
1472,1
188924,3
188926,1
26852,3
273549,3
273549,1
276388,3
276388,1
276369,3
276369,1
1474,3
188930,3
1476,1
1477,1
383406,1
187734,1
156157,3
243120,3
1687,3
156847,3
1929,3
1934,3
1934,1
1935,3
1935,1
523356,3
312434,1
203081,1
1993,1
25200,3
328103,3
328103,1
203743,3
203743,1
203744,3
203744,1
203746,3
203746,1
203747,3
203747,1
203751,3
155168,3
155168,1
331771,3
331771,1
90581,3
90581,1
205671,3
205671,1
98997,3
98997,1
387087,3
387349,3
387349,1
191983,3
365909,3
365909,1
102758,3
102758,1
27873,3
500196,3
500196,1
27874,3
27874,1
500195,3
180672,3
180672,1
282529,3
282529,1
203973,3
96281,3
96281,1
108836,3
108836,1
313625,3
313625,1
328436,3
328436,1
328433,3
328433,1
124420,3
124420,1
110595,3
110595,1
88401,3
88401,1
291159,3
291159,1
121575,3
121575,1
252628,3
252628,1
276480,3
276480,1
98645,3
98645,1
25806,3
203962,3
203976,3
203976,1
312122,1
312122,3
203978,3
203978,1
203979,3
203983,3
203983,1
203984,3
48794,1
48794,3
222739,3
222739,1
2240,3
2240,1
101745,3
153030,1
153030,3
203986,1
203986,3
387042,1
387042,3
387044,3
2241,1
2241,3
2242,3
2242,1
82669,3
239413,3
239413,1
82829,3
82829,1
330985,3
330985,1
328086,3
328086,1
236176,3
236176,1
170726,3
170726,1
167919,3
167919,1
172786,3
172786,1
27889,3
27889,1
232649,3
232649,1
203015,3
203015,1
2245,3
203989,3
203989,1
203991,3
203991,1
2247,3
2247,2
332079,2
332079,3
2248,3
2248,1
203992,3
203992,1
387068,3
387068,2
387075,2
387075,3
2251,3
2251,1
27898,3
27898,1
25805,3
203994,3
203994,1
203995,1
203995,3
217927,3
217927,1
117491,1
117491,3
2258,3
317630,3
232777,3
232777,1
322039,3
322039,1
324902,2
324902,3
324902,1
387188,3
92252,3
92252,1
127382,3
197971,3
197971,1
204000,3
204000,1
204001,3
204001,1
2260,3
2260,1
51269,3
51269,1
93820,3
93820,1
134149,1
134149,3
322108,3
322108,1
21419,3
21419,1
2261,3
2261,1
171216,3
171216,1
177978,3
374785,3
250272,3
250272,1
232666,3
387048,3
387048,1
387049,3
387049,1
387053,3
94258,3
94258,1
96844,3
96844,1
135400,3
135400,1
91605,3
91605,1
97920,3
97920,1
92577,3
92577,1
92990,3
92990,1
297791,3
297791,1
174960,3
203967,3
233015,3
143091,3
162028,3
162028,1
162029,3
162029,1
27907,3
27907,1
2269,3
2269,1
134178,3
134178,1
204006,3
2276,3
2276,1
107126,3
107126,1
204007,3
204007,1
204008,3
204010,3
100356,3
100356,1
374786,3
374786,1
121913,3
121913,1
128260,3
128260,1
209813,3
214752,3
214752,1
170867,3
170867,1
222750,3
222750,1
387109,3
387109,1
387114,3
387114,1
387115,3
387115,1
387120,3
387120,1
387363,3
387363,1
387118,3
387118,1
387122,3
387122,1
387129,3
387129,1
387131,3
387131,1
387132,3
387132,1
386979,3
386979,1
386980,3
386980,1
386981,3
386981,1
386983,3
386983,1
110896,3
110896,1
386986,3
386986,1
137094,3
137094,1
386989,3
386989,1
386990,3
386990,1
387356,3
387356,1
337921,3
337921,1
331664,3
331664,1
330980,3
330980,1
243172,3
243172,1
308241,3
308241,1
327986,3
327986,1
387357,3
387357,1
168313,3
168313,1
94928,3
94928,1
111776,3
111776,1
99682,3
99682,1
113111,3
113111,1
27924,3
27924,1
243334,3
243334,1
238504,3
238504,1
242610,3
94666,3
94666,1
342211,3
342211,1
222752,3
222752,1
167920,3
167920,1
203972,3
203972,1
255438,3
255438,1
308695,3
308695,1
204011,3
204011,1
308242,3
308242,1
83686,3
282528,3
282528,1
222753,3
204012,3
204012,1
204014,1
204014,3
27897,3
27897,1
161288,3
171459,3
334686,3
204686,1
114325,1
19713,1
84953,1
2381,1
60348,1
204809,1
204817,1
204813,1
2425,3
2425,1
2763,1
90793,3
242730,3
154506,3
154506,1
196538,3
196538,1
215091,3
215091,1
91172,3
91172,1
170235,3
170235,1
129865,3
129865,1
155907,3
155907,1
80374,3
80374,1
335091,3
335091,1
523189,3
523189,2
523189,1
96627,3
96627,1
56006,3
56006,1
523162,3
523162,2
523162,1
3141,3
3141,1
207708,3
207708,1
21840,3
21840,1
207804,3
207806,3
82937,3
82937,2
3149,3
28836,3
28836,1
207815,3
21418,3
207825,3
207825,1
207893,3
207897,3
75193,3
207901,3
28858,1
3191,1
208363,1
208364,1
3201,3
3201,1
93435,3
57894,3
88036,3
381874,3
208436,3
208436,1
208437,3
208442,3
208444,3
3203,3
21380,3
43621,3
208446,3
208446,1
98518,3
3288,1
133002,1
133005,1
133006,1
329621,1
222940,1
3295,1
93375,1
84567,3
84567,1
181573,1
3298,1
167956,1
100314,1
211077,1
156296,1
96107,1
94144,1
99703,1
115814,1
3292,1
96662,1
208951,1
3351,1
208956,1
329640,3
329642,3
3387,3
3389,3
305869,3
305866,3
305871,3
305867,3
136846,3
209332,3
305599,3
305599,1
3415,3
3415,1
187904,3
187904,1
179785,3
179785,1
140394,3
140394,1
187903,3
187903,1
187905,3
187905,1
94012,3
94012,1
178306,3
178306,1
97899,3
97899,1
3416,3
3416,1
150341,3
150341,1
151107,3
151107,1
28979,3
245164,1
360238,1
245162,1
335786,3
506544,1
251128,3
268915,3
195814,3
506839,1
506795,1
335783,3
309064,3
309065,3
3417,1
3417,3
150342,3
336152,3
109212,3
24283,1
28983,1
81956,3
198651,1
58391,1
209556,1
209575,1
227239,1
157556,1
28987,1
3433,1
255925,3
227465,3
3571,3
64632,3
69279,3
92923,3
500203,3
500202,3
329644,3
29092,3
59712,3
329645,3
98378,3
77528,3
254326,3
92331,3
91895,3
91732,3
94601,3
94044,3
94045,3
96372,3
29115,3
83068,3
43652,3
90452,3
116308,3
90250,3
52803,3
66124,3
150986,3
93306,3
91563,3
95050,3
93292,3
95007,3
99620,3
94470,3
110100,3
94544,3
99380,3
101852,3
91638,3
93460,3
91143,3
100019,3
329671,3
93565,3
165958,3
90087,3
334215,3
50581,3
3614,3
72221,3
72221,1
84060,3
325482,3
79190,3
94843,3
98740,3
90973,3
98224,3
329681,3
76450,3
93755,3
99245,3
375368,3
97558,3
136391,3
126625,3
91501,3
329687,3
329688,3
97370,3
91179,3
81370,3
3639,3
97582,3
99057,3
227072,3
90008,3
59286,3
44078,3
83364,1
83363,1
210096,1
3695,1
517691,1
3731,1
3731,3
195004,1
195004,3
59390,1
211487,3
112190,3
112190,1
171749,3
171749,1
212944,3
226530,3
84577,3
84768,3
3898,1
29393,1
3899,3
196458,3
187584,1
213464,3
213465,3
213466,3
213473,3
213477,3
213480,3
78700,3
213488,3
228834,3
228834,1
4361,3
4361,1
79167,3
79167,1
196443,3
196443,1
94390,3
94390,1
191099,3
103072,3
103072,1
371901,3
371901,1
214608,3
214608,1
30629,3
30629,1
61691,3
61691,1
113383,3
113383,1
21060,3
21060,1
95509,3
95509,1
179792,3
179792,1
43654,3
43654,1
72222,3
72222,1
89706,3
89706,1
56107,3
56107,1
31316,3
31316,1
4391,3
4391,1
30641,3
30641,1
241759,3
241759,1
222295,3
222295,1
347380,3
347380,1
75613,3
75613,1
529873,3
529873,1
150347,3
150347,1
239420,3
239420,1
86660,3
86660,1
53094,3
53094,1
140395,3
140395,1
4396,3
4396,1
201715,3
201715,1
195871,3
195871,1
349262,3
349262,1
243311,3
243311,1
238265,3
238265,1
167955,3
167955,1
374788,3
374788,1
4517,3
4517,1
85342,3
85342,1
324302,3
214722,1
180756,3
180756,1
30798,3
30798,1
323400,3
323400,1
30802,3
30802,1
30804,3
30804,1
305586,3
305586,1
4769,3
4769,1
90132,3
90132,1
192860,3
192860,1
80216,3
80216,1
121852,3
121852,1
116107,3
116107,1
93812,3
93812,1
57661,3
57661,1
49409,3
49409,1
85068,3
85068,1
334564,3
334564,1
4770,3
4770,1
70857,3
70857,1
113247,3
113247,1
516663,3
516663,1
516670,3
516670,1
45245,3
45245,1
323478,3
323478,1
138587,3
138587,1
30827,3
30827,1
30828,3
30828,1
138588,3
138588,1
30830,3
30830,1
90715,3
90715,1
30825,3
30825,1
195872,3
195872,1
168233,3
168233,1
89242,3
89242,1
194356,3
194356,1
134311,3
134311,1
30835,3
30835,1
30841,3
30841,1
4782,3
4782,1
241416,3
241416,1
61356,3
61356,1
30816,3
30816,1
516625,3
516625,1
516628,3
516628,1
516627,3
516627,1
516632,3
516632,1
516634,3
516634,1
516637,3
516637,1
516636,3
516636,1
516639,3
516639,1
516641,3
516641,1
516642,3
516642,1
516640,3
516640,1
516643,3
516643,1
516644,3
516644,1
516647,3
516647,1
5000,3
5015,3
92100,3
284972,3
52344,3
58692,3
82657,3
134559,3
287964,3
87694,3
94935,3
90995,3
59187,3
43219,3
89043,3
115524,3
5022,3
115813,3
5032,3
91984,3
75370,3
22775,3
30936,1
85769,1
74526,1
55428,1
124756,1
320879,1
5062,1
244831,1
124323,1
247015,1
5071,1
30940,1
90963,1
111922,1
95940,1
97666,1
329710,1
5079,1
45903,1
58173,1
50461,1
136396,1
46311,1
5115,3
5116,3
525322,3
154592,3
24531,3
5117,3
271200,3
22191,3
59482,3
271203,3
194106,3
5127,3
192421,3
158306,3
161194,3
77387,1
51297,1
273982,1
5364,3
5364,1
334936,3
334936,1
380535,3
380535,1
293544,3
293544,1
206721,3
206721,1
96467,3
96467,1
31317,3
31317,1
5794,3
5796,3
5797,3
5906,3
324027,1
5919,1
5920,1
324086,3
324086,1
20885,1
6092,3
31928,3
6122,3
182055,3
182055,1
31925,1
180514,3
180514,1
6127,3
6127,1
62394,3
62394,1
331599,3
331599,1
128311,1
140187,1
161594,1
223340,3
115565,3
81713,3
6347,3
6350,3
6387,3
6387,1
32035,3
32035,1
94345,3
94345,1
131224,3
131224,1
32039,3
32039,1
6394,3
6394,1
328168,3
328168,1
239353,3
239353,1
32041,3
32041,1
6735,1
22404,3
327518,1
158662,1
158666,1
158667,1
158664,1
158663,1
248846,1
134394,3
134394,1
6877,3
6877,1
158708,1
158708,3
19678,3
19678,1
373709,3
373709,1
158712,1
19680,1
22818,1
158713,1
134395,1
54425,1
158696,1
156637,1
125713,1
77748,3
6880,3
6880,2
6880,1
115419,3
115419,1
6882,3
181736,3
167933,3
6887,3
6887,1
54787,3
6900,3
6900,2
6900,1
181744,3
181744,2
181744,1
98006,3
98006,1
71440,3
71440,1
32649,3
32649,1
32652,3
32652,1
61945,1
6910,3
6910,2
6910,1
6911,3
6911,1
195492,3
195492,1
6926,3
6926,1
200667,3
6928,3
223428,3
200669,3
292102,3
6929,3
6930,3
6938,3
102923,3
46130,3
136663,3
241546,3
6932,3
89495,3
94846,3
99157,3
94255,3
74604,3
32658,3
197756,3
91467,3
198383,3
89331,3
6964,1
324783,1
32772,1
254286,3
254286,1
324884,3
324884,1
378550,1
7122,3
7122,1
324889,3
324889,1
7123,3
7123,1
156677,3
156677,1
32822,1
254226,1
516740,3
516740,1
7127,3
7127,1
7128,3
7128,1
325020,3
325020,1
64778,3
64778,1
102176,3
102176,1
98653,3
98653,1
98654,3
98654,1
95987,3
95987,1
93753,3
93753,1
32825,3
32825,1
32829,1
25831,1
91418,3
91418,1
329072,3
329072,1
99417,3
99417,1
32833,3
32833,1
192862,3
192862,1
94421,3
94421,1
99254,1
90896,3
90896,1
94363,1
98911,3
98911,1
162310,1
112542,3
112542,1
60571,3
60571,1
54622,1
162663,1
156415,3
156415,1
32855,3
304261,3
32860,3
32860,1
158820,3
7233,3
7233,1
329742,3
329742,1
32955,3
32955,1
272631,3
7297,3
77330,3
77330,1
26862,3
26862,1
7300,3
7300,1
32945,3
32945,1
32934,3
234872,3
7308,3
102959,3
251131,3
251131,1
92471,3
92471,1
93971,3
93971,1
96779,3
7311,3
7316,3
7316,1
91099,3
91099,1
7319,3
7319,1
256934,3
253984,3
25143,2
325236,3
325236,1
32951,2
101076,1
275924,1
255810,1
218776,1
7990,1
92071,1
270484,1
270485,1
285917,1
321387,1
358835,1
96255,1
226112,1
195007,1
316996,1
63231,1
63232,1
78045,1
298736,1
54608,1
47124,1
137486,1
33602,1
321653,3
321653,1
80918,3
80918,1
80437,3
80437,1
98663,3
98663,1
179570,3
179570,1
8114,3
8114,1
250604,1
66126,3
293490,3
293469,3
293473,1
146141,3
293483,3
73019,3
8223,3
85197,1
63777,3
8222,3
250599,3
250602,3
250598,3
130387,3
130387,1
108843,3
108843,1
106374,3
106374,1
516910,3
8765,3
8765,1
90871,3
90871,1
297076,3
297076,1
88988,3
88988,1
114569,3
114569,1
323874,3
323874,1
8775,3
8775,1
239292,3
239292,1
331356,3
8844,3
8845,1
41013,3
90616,3
90616,1
9087,3
9087,1
223960,3
223960,1
91514,3
91514,1
323903,3
323903,1
54374,3
54374,1
323904,3
323904,1
94288,3
94288,1
68612,3
68612,1
9095,3
9095,1
365892,3
365892,1
220562,3
220562,1
41061,3
41061,1
41064,3
41064,1
92635,3
92635,1
93164,3
93164,1
94263,3
94263,1
107159,3
107159,1
41073,3
41073,1
9104,3
9104,1
89722,3
89722,1
160776,3
160776,1
96595,3
96595,1
95739,3
95739,1
99695,3
99695,1
94307,3
94307,1
75934,3
75934,1
89342,3
89342,1
63339,3
63339,1
79739,3
79739,1
159349,3
159349,1
373011,3
373011,1
160777,3
160777,1
323624,3
323624,1
323909,3
323909,1
175631,3
175631,1
191694,3
191694,1
343327,3
135410,3
135410,1
218895,3
21251,3
21251,1
41117,3
41117,1
22169,3
22169,1
141100,3
141100,1
97711,3
97711,1
94473,3
94473,1
96268,3
96268,1
194034,3
194034,1
95564,3
95564,1
99486,3
99486,1
92652,3
92652,1
72918,3
72918,1
93440,3
93440,1
41119,3
41119,1
80681,3
80681,1
80682,3
80682,1
383426,1
9500,3
110889,3
57479,1
521656,3
85325,3
85326,3
85326,1
59459,3
59459,1
9504,3
9504,1
241103,3
179236,3
179236,1
238921,1
250358,1
9532,1
95911,1
93419,1
69145,1
9537,1
91774,1
93445,1
52767,1
92920,1
198426,1
329789,1
97581,1
95006,1
329832,1
134565,1
224014,1
144278,1
329831,1
98531,1
9619,1
9619,3
57480,1
53771,1
329792,1
9636,3
9636,1
253439,1
97506,1
139993,1
9643,1
74918,1
224016,1
124324,1
131762,1
329867,1
120485,1
119074,1
9586,1
55518,1
103060,3
536060,3
536060,1
52691,3
120484,1
9743,3
9743,1
49265,1
336165,1
9772,3
9772,1
177985,3
177985,1
95532,3
95532,1
113337,3
113337,1
501414,1
317658,1
522698,1
105654,1
44171,1
309843,1
64883,3
526078,3
526078,1
100448,1
66102,1
337345,1
334813,1
375138,3
69924,3
526282,3
526282,1
140547,1
140693,1
9876,1
99463,1
537076,1
530198,1
74790,1
27587,3
66117,1
10103,1
19593,3
89477,3
89477,1
89478,3
89478,1
25852,3
25852,1
21737,3
21737,1
93167,3
93167,1
134953,3
134953,1
241207,3
241207,1
146049,3
146049,1
180669,3
180669,1
145959,3
145959,1
47772,3
47772,1
152082,3
152082,1
109631,3
10338,3
10338,1
48707,3
48707,1
100293,3
100293,1
80337,3
80337,1
200049,3
200049,1
349236,3
349236,1
228181,3
10350,3
10350,1
301973,3
301973,1
10385,3
522909,1
23783,3
247062,3
22206,3
19921,1
44874,1
228849,3
52470,3
10624,3
74323,3
46577,3
326287,3
85550,3
41407,3
41407,1
144201,3
517540,3
517540,1
518340,3
518340,1
43334,3
521599,3
521599,1
110596,3
140730,3
140730,1
292103,3
292103,1
106308,3
106308,1
144200,3
234966,3
222314,3
181916,3
217861,3
155056,3
217852,3
110432,3
241031,3
241032,3
140627,3
140478,3
241774,3
88858,3
189766,3
194357,3
113404,3
113404,1
112062,3
195073,3
129559,3
302877,3
302877,1
63114,3
63114,1
120493,3
120493,1
92931,3
92931,1
88862,3
88862,1
156225,3
110406,3
131226,3
170791,3
172955,3
46896,3
46897,3
46897,1
521746,3
521746,1
385719,3
75128,3
287492,3
287491,3
529338,3
10687,3
284813,3
284813,1
140605,3
10689,3
10685,3
69226,3
150385,3
309286,3
216831,3
82978,3
141110,3
107272,3
139127,3
91481,3
91481,1
140733,3
511878,3
98283,3
309285,3
150501,3
154048,3
150504,3
355964,3
95963,3
249640,3
249640,1
284507,3
284507,1
345474,3
345474,1
23437,3
211248,3
374506,1
374506,3
155846,3
284542,3
306185,3
22141,3
22141,1
138582,3
138582,1
324313,3
324313,1
10699,3
10699,1
80812,3
80812,1
196437,3
196437,1
64268,3
64268,1
119324,3
119324,1
284032,3
284032,1
60854,3
60854,1
224193,3
224193,1
10701,3
10701,1
137773,3
140625,3
379019,3
379019,1
137323,3
137323,1
272203,3
324338,3
324338,1
383561,3
383561,1
23120,3
23120,1
298945,3
298945,1
131840,3
308254,3
308254,1
178464,3
60019,3
60019,1
140650,3
140650,1
10714,3
10714,1
158326,3
158326,1
155951,3
155951,1
129561,3
129561,1
65141,3
58212,3
58212,1
88901,3
141103,3
141103,1
239625,3
239625,1
139140,3
190857,3
153789,3
140781,3
10722,3
10722,1
79464,3
79464,1
331030,3
191994,3
331029,3
299744,3
299744,2
268726,3
268726,1
164617,3
164617,1
85968,3
54062,3
93884,3
93884,1
324335,3
324335,1
75776,3
75776,1
133388,3
10706,3
10706,1
119227,3
82053,3
47348,3
55643,3
319839,3
139139,3
58159,3
58159,1
140655,3
83946,3
78533,3
39792,3
190854,3
67825,3
72570,3
517511,3
517511,1
331487,3
10762,3
98350,3
98350,1
178939,3
178939,1
45272,3
45272,1
117432,3
117432,1
71740,3
71740,1
304293,3
10765,3
91559,3
91559,1
10768,3
202338,3
524648,3
524648,1
113257,3
180764,3
180764,1
379048,3
379048,1
60558,3
212571,3
212571,1
207712,3
10778,3
80151,3
42329,3
25759,3
60855,3
217919,3
10771,3
10771,1
49938,3
49938,1
180853,3
180853,1
80907,3
80907,1
159736,1
159736,3
308664,3
308664,1
522908,1
10960,3
90895,3
90895,1
56078,3
56078,1
64367,3
64367,1
11088,3
11088,1
11093,3
42372,3
42372,2
182094,3
182094,2
376195,3
299510,3
263256,3
341676,3
284570,3
284566,3
379018,3
379018,1
246247,3
177855,3
177855,1
227887,3
227887,1
177854,3
177854,1
296046,3
296046,1
22143,3
22143,1
323817,3
292865,3
292865,1
329308,3
11216,3
83475,3
83475,1
78885,3
78885,1
132977,3
132977,1
329320,3
329320,1
183314,3
49779,3
85536,3
21747,3
193004,3
193004,1
72578,3
72578,1
227998,3
227998,1
171242,3
171242,1
75705,3
75705,1
83476,3
83476,1
11217,3
11217,1
78886,3
78886,1
49960,3
49960,1
45439,1
48637,1
11313,3
11315,1
239678,3
354256,3
375402,3
106196,1
297530,3
297530,1
11565,3
11565,1
25176,3
25176,1
78084,2
353032,3
353032,2
329519,1
174080,1
174079,1
25895,1
349483,3
349483,2
258465,1
11640,1
276335,3
276335,2
276335,1
251092,3
251092,2
251092,1
343131,3
343131,2
269378,1
46235,1
307735,3
307735,2
307735,1
174075,3
174075,2
174075,1
307736,3
307736,2
307736,1
240356,3
240356,2
240356,1
67363,3
67363,2
67363,1
110147,1
88367,1
511746,3
249401,3
249401,2
249401,1
276334,3
276334,2
276334,1
329518,2
174083,1
273615,1
171243,1
11735,1
125365,1
335185,1
12012,3
12012,1
12060,3
141267,1
12082,1
141384,1
375415,1
269856,1
77014,1
77014,3
44704,1
44704,3
12341,3
12341,1
334242,3
334242,1
124274,3
124274,1
227964,3
361051,3
361051,1
194984,3
307364,3
75875,3
351809,3
271610,3
271610,1
54136,3
54136,1
359338,3
359338,1
329545,3
329545,1
163271,3
163271,1
176017,3
176017,1
235063,1
107687,3
107687,1
369601,3
369601,1
21410,1
375426,3
21378,3
24488,1
12667,1
168087,3
72567,3
12767,1
12768,1
12771,3
12802,3
12802,1
12803,3
12803,1
83343,3
83343,1
82748,3
82748,1
253825,3
253825,1
21013,3
21013,1
20535,3
20535,1
99155,3
99155,1
12852,3
140783,3
140783,1
12899,3
97950,3
44449,3
84262,3
44450,3
126627,3
117433,3
83770,3
94308,3
368132,3
98841,3
160385,3
91486,3
115358,3
53864,3
180117,3
318221,3
386206,3
101830,3
116943,3
140792,3
54418,3
329987,3
12928,3
12931,3
12936,3
88250,3
12941,3
367147,3
385655,3
181542,3
83270,3
69028,3
12947,3
79000,3
12954,3
330006,3
56015,3
95700,3
140949,3
330000,3
12966,3
99400,3
252947,3
90723,3
226136,3
12969,3
92725,3
211216,3
82185,3
75326,3
12974,3
291206,3
195010,3
195010,1
79265,3
224541,3
238710,3
375437,3
138342,3
87502,3
110211,3
298435,3
91537,3
98036,3
59991,3
141134,3
92653,3
12980,3
330033,3
12984,3
168042,3
70814,3
52609,3
12985,3
196028,3
12990,3
12990,1
80060,3
80060,1
13050,1
13056,1
13057,1
13066,1
284474,1
55341,1
13067,1
13068,1
77655,1
13075,1
168043,1
331832,3
13085,1
24678,1
13087,1
368381,1
133030,1
84341,1
331783,1
13090,1
56049,1
13092,1
194382,1
224556,1
208026,1
330171,1
251948,1
299512,1
198454,1
331807,1
293740,1
331802,1
208694,1
98407,3
98407,1
69227,1
48246,1
71377,1
89481,1
94086,1
165975,1
72728,1
182553,1
224558,1
270508,1
93034,1
47267,1
13106,1
13107,1
45470,1
226142,1
331813,1
500224,1
45127,1
75246,1
46921,1
44091,1
215365,1
46920,1
13113,1
77345,1
67902,1
346632,1
346098,1
360921,1
208027,1
142740,1
69464,1
13115,1
13118,1
13123,1
331846,1
58231,1
13128,1
85554,1
142776,1
13130,1
13132,1
13138,1
87248,1
80992,1
43092,1
275013,1
13141,1
91667,1
84553,1
85516,1
103378,1
66741,1
82350,1
68010,1
330671,1
83464,1
99295,1
133032,1
143237,1
13148,1
115367,1
254540,1
45916,1
13152,1
13169,1
62073,3
62073,1
218472,3
218472,1
329932,3
329932,1
331884,1
331885,1
13226,1
13228,1
84135,1
42513,1
53405,1
96764,1
13225,1
173479,3
19629,3
13244,3
165465,3
165988,3
354425,3
165484,3
165490,3
508056,3
13348,3
72418,3
88343,3
22225,3
13364,3
13395,3
331875,3
331873,3
331865,3
88677,3
88677,1
13503,3
13503,2
13503,1
67867,3
67867,2
67867,1
88346,3
88346,2
88346,1
307988,3
307988,2
307988,1
13510,3
13510,1
331869,3
331869,2
331869,1
13512,3
13512,2
131261,3
131261,2
58361,3
58361,2
101023,3
101023,2
42248,3
42248,2
42248,1
65086,3
65086,2
156655,3
156655,1
160637,3
160637,2
160637,1
88347,3
88347,1
13520,3
13520,2
13520,1
13527,3
13527,1
108956,3
70023,3
323268,3
88345,3
113336,3
68970,3
68970,1
96277,3
25828,3
88344,3
331877,3
331877,1
180674,3
180674,1
98451,3
98451,2
98451,1
13508,3
13508,1
331874,3
192875,3
54600,3
21842,3
56931,3
56931,1
142858,3
142858,1
25812,3
25812,1
150377,3
150377,2
150377,1
331862,3
95518,3
95518,1
205677,3
205677,1
251950,3
111205,3
111205,1
130221,3
130221,1
98361,3
155185,3
155185,1
227379,3
227379,1
155186,3
155186,1
97537,3
97537,1
322911,3
322911,1
90553,3
99553,3
99553,1
255968,3
255968,1
60881,3
60881,1
361597,3
171108,3
319256,3
319256,1
172409,3
172409,1
319255,3
248870,3
248870,1
312531,3
312531,1
236181,3
236181,1
133175,3
44470,3
44470,1
138501,3
138501,1
82563,3
82563,1
52927,3
52927,1
138498,3
138498,1
128314,3
128314,1
59936,3
59936,1
102973,3
102973,1
105250,3
105250,1
209814,3
194749,3
194749,1
224714,3
224714,1
44103,3
44103,1
334121,3
248869,3
248869,1
13950,3
13950,1
87559,3
87559,1
525656,3
525656,1
331809,3
331809,1
96348,3
96348,1
219117,3
219117,1
324405,3
324405,1
53590,3
53590,1
517180,3
517180,1
291217,3
291217,1
219666,3
219666,1
89636,3
89636,1
61117,3
61117,1
99810,3
99810,1
150140,3
150140,1
94416,3
94416,1
256109,3
256109,1
13958,3
13958,1
151375,3
151375,1
323242,3
385267,3
385267,1
74004,3
74004,1
319257,3
319257,1
95022,3
95022,1
179816,3
179816,1
309117,3
309117,1
271646,3
271646,1
534937,3
71927,3
71927,1
331803,3
331803,1
13977,3
13977,1
534519,3
14003,3
14003,1
89675,3
89675,1
99044,3
99044,1
323085,3
323085,1
305598,3
14012,3
14012,1
89562,3
89562,1
55063,3
55063,1
536605,3
536605,1
535987,3
535987,1
66542,3
66542,1
325251,3
97220,3
97220,1
305593,3
14021,3
14021,1
330944,3
330944,1
151368,3
151368,1
14022,3
14022,1
155191,3
128316,3
14023,3
14023,1
14025,3
14025,1
153896,3
153896,1
327372,3
327372,1
155192,3
155192,1
153897,3
153897,1
51643,3
51643,1
151364,3
151364,1
14027,3
14027,1
25731,3
273956,3
273956,1
49495,3
49495,1
14028,3
151367,3
151367,1
77775,3
77775,1
331744,3
331744,1
331737,3
331731,3
331731,1
331734,3
323024,3
323024,1
89351,3
89351,1
14041,3
97063,3
97063,1
48560,3
305597,3
75794,3
75794,1
44127,3
124644,3
124644,1
83999,3
83999,1
94025,3
94025,1
192879,3
253106,3
253106,1
99735,3
99735,1
331746,3
331746,1
52928,3
52928,1
57292,3
57292,1
271649,3
271649,1
57293,3
57293,1
14055,3
14055,1
331745,3
331745,1
14069,3
331868,3
331867,3
206324,3
14113,1
92834,1
322893,3
14123,3
14124,3
202499,3
45549,3
25256,3
269507,3
524103,1
524136,1
245581,3
245581,1
352641,3
352641,1
305584,3
282102,3
282102,1
282101,3
282101,1
282103,1
14226,1
14226,3
89839,3
89839,1
96418,3
96418,1
14227,3
14227,1
237537,1
237537,3
378081,3
378081,1
182211,3
182211,1
305583,3
14231,1
14231,3
14232,3
14232,1
69543,1
69543,3
91185,3
91185,1
256591,3
357448,3
92364,3
92364,1
291762,3
291762,1
64645,3
14240,3
14240,1
324384,3
324384,1
322747,3
322748,3
114954,3
114954,1
14243,3
14243,2
118402,3
80799,3
80799,1
121096,3
121096,1
121095,3
121095,1
181171,3
14244,3
14244,1
14245,3
25755,3
14246,3
14246,1
124414,3
105396,3
329194,3
14250,3
124415,3
121126,3
134696,3
134696,1
134697,3
286415,3
242276,3
134391,3
28926,3
28926,1
324382,3
326262,3
109152,3
43109,3
14256,3
14256,1
379147,3
375447,3
14257,3
254304,3
14264,3
14264,1
83321,3
118404,3
76025,3
254308,3
14275,3
41869,3
25869,3
25869,1
46209,3
322743,3
322743,1
21515,3
103618,3
153807,3
51913,3
51913,1
28189,3
121094,3
121094,2
14286,3
14288,3
14290,3
91838,3
14294,3
14294,1
54821,3
291765,3
60209,3
174916,3
49314,3
291766,3
14305,3
14305,1
97110,3
97110,1
140480,3
14306,3
14306,1
337645,3
139605,3
14307,3
23744,3
23744,1
21259,1
21259,3
235984,3
14309,1
282722,3
14310,3
375463,3
254421,3
140352,3
378194,3
378197,3
378198,3
378201,3
378201,1
41027,3
14260,3
134960,3
14262,3
75037,3
75037,1
174920,3
174920,1
71207,3
113503,3
113503,1
49462,3
80096,3
113532,3
86010,3
86010,1
121106,3
121106,1
92590,3
92590,1
306894,3
276849,3
254232,3
273159,3
44576,3
44576,1
81966,3
81966,1
380538,3
14466,1
14886,3
80979,3
62088,3
130593,3
14906,3
322345,3
329363,3
15247,3
15371,3
100801,3
15573,3
15711,3
331830,3
15831,3
21746,3
328093,3
328850,3
328851,3
15837,3
15914,3
15914,1
42278,3
42278,1
329743,1
324250,3
89135,3
89135,1
323325,3
152425,3
152425,1
44624,3
44624,1
58736,3
58736,1
97712,3
97712,2
128317,3
128317,2
25117,3
25117,1
297507,3
297507,1
220873,3
220873,1
16221,3
16221,1
64024,3
300926,3
300926,1
370650,3
68890,3
244564,3
244564,1
329150,3
329150,1
53942,3
53942,1
53943,3
53943,1
78773,3
78773,1
225328,3
225328,1
50139,3
50139,1
47245,3
93158,3
93158,1
225329,3
225329,1
121056,3
85868,3
85868,1
121055,3
121055,1
84906,3
84906,1
206373,3
206373,1
297501,3
297501,1
66012,3
72246,3
72246,2
73906,3
73906,2
303840,3
303840,2
82656,3
82656,1
194488,3
211794,3
211794,1
45355,3
68026,3
89961,3
89961,1
16256,3
92968,3
92968,1
51693,3
16295,3
253370,3
253370,1
221216,3
221216,1
65886,3
65886,1
322784,3
322784,1
215645,3
215645,1
329151,3
16249,3
324235,3
239902,3
137115,3
121196,3
62283,3
226272,3
324193,3
324192,3
58302,3
44746,3
245865,3
329129,3
245866,3
196884,3
256946,3
161170,1
16830,3
165986,3
335099,1
335099,3
370754,3
370754,1
285444,1
285444,3
17257,1
17257,3
211227,1
211227,3
91144,1
91144,3
165422,3
165422,1
63744,1
23554,3
185344,3
17505,1
17508,1
235384,1
88671,3
88671,1
112216,3
112216,1
58043,3
58043,1
155196,3
155196,1
63856,3
63856,1
323404,3
323404,1
500065,3
239143,3
77449,3
77449,1
225616,3
225616,1
95813,3
95813,1
104150,3
104150,1
323406,3
323406,1
286342,3
286342,1
153901,3
153901,1
80424,3
80424,1
95171,3
95171,1
17529,1
17531,3
17531,1
332162,3
201421,3
201421,1
238580,3
238580,1
17533,3
17533,1
82558,3
82558,1
17534,3
17534,1
72576,3
72576,1
90459,3
90459,1
50205,3
50205,1
251123,3
251123,1
192885,3
192885,1
17539,1
68847,3
68847,1
97366,3
236059,3
236059,1
192888,3
192888,1
374053,3
374053,1
332246,3
332246,1
43982,3
43982,1
209816,3
209816,1
97177,3
318338,3
318338,1
101725,3
101725,1
332164,3
332164,1
202540,3
202540,1
332254,3
332254,1
44755,3
44755,1
282104,3
282104,1
171405,3
171405,1
171404,3
171404,1
107087,3
17544,3
17544,1
205663,3
205663,1
269825,3
269825,1
17548,3
17548,1
67651,3
67651,1
244224,3
244224,1
281809,3
281809,1
273106,3
273106,1
342917,3
342917,1
284804,3
284804,1
282646,3
282646,1
17549,3
332165,3
102372,3
24216,3
24216,1
100962,3
100962,1
17552,3
17552,1
285335,3
285335,1
17553,3
326299,3
326299,1
360363,3
360363,1
107222,3
107222,1
24220,3
24220,1
170493,3
170493,1
117486,3
117486,1
114646,3
114646,1
17560,3
47335,3
47335,1
24221,3
24221,1
132897,3
132897,1
332061,3
332061,1
125209,3
125209,1
98770,3
98770,1
17566,3
17566,1
249684,3
249684,1
23351,3
23351,1
20715,3
17570,3
17570,1
17571,3
17571,1
136681,3
136681,1
249685,3
17573,3
17573,1
113711,3
113711,1
20717,3
20717,1
53961,3
238564,3
238564,1
238568,3
238568,1
238556,3
238556,1
322298,3
322298,1
17582,3
17582,1
328896,3
328896,1
83382,3
83382,1
171487,1
23377,3
23377,1
20308,3
238569,3
238569,1
17595,3
17595,1
25064,3
56089,3
56089,1
385590,3
95322,3
95322,1
329080,3
329080,1
17606,3
17606,1
354869,3
354869,1
354868,3
354868,1
43516,3
20333,3
20333,1
17609,3
17609,1
369939,3
369939,1
88670,3
88670,1
17610,3
17610,1
387163,3
17612,1
54063,3
54063,1
72281,3
72281,1
515468,3
525141,3
515481,3
124549,3
258566,3
82984,3
258567,3
323856,3
17726,3
323855,3
100221,3
55652,3
51662,3
141262,1
383452,1
103952,3
103952,1
133873,3
328901,3
328901,1
91737,3
91737,1
280782,3
17794,3
17794,1
87137,3
87137,1
17795,3
17795,1
115586,3
17798,3
113783,3
113783,1
181920,3
181920,1
231724,1
75792,3
526191,3
75039,3
75039,1
54141,3
17850,3
52430,3
177966,3
177966,1
376729,3
376729,1
17970,3
17969,3
24097,3
120549,3
120549,2
17999,3
17999,2
166033,3
166033,2
194153,3
194153,2
363375,3
363375,1
283842,3
283842,2
18001,1
379177,1
78410,1
97090,1
511104,1
56556,1
84176,1
331750,1
90853,1
18007,1
57475,1
57476,1
331753,1
95998,1
105994,1
521407,1
56503,1
352019,1
89667,1
84979,1
99126,1
98202,1
92969,1
331752,1
521469,1
345611,1
18025,1
93746,1
340960,1
161287,3
501694,3
18042,3
170161,3
334514,3
374005,3
19630,1
136269,1
138594,3
331904,3
63457,3
77166,3
331765,3
18131,3
78230,3
64199,3
220797,3
59180,3
225708,3
78520,3
60960,3
90085,3
96463,3
18157,3
96265,3
227054,3
103379,3
84774,3
298507,3
25788,3
89917,3
18170,3
69411,3
57316,3
115837,3
99151,3
322173,3
18223,3
323175,3
187671,3
102387,3
75377,3
305943,3
332368,3
78021,3
115836,3
18224,3
349993,3
18225,3
374006,3
51734,3
52502,3
251955,3
327963,3
131975,3
245757,3
326305,3
332184,3
83664,3
296670,3
18230,3
96290,3
290692,3
500201,3
22341,3
290135,3
66942,3
18234,3
115838,3
18235,3
179562,3
25855,3
308267,3
18236,3
245639,3
323212,3
18239,3
332183,3
95031,3
46186,3
89065,3
139904,3
18245,3
82635,3
208794,3
18238,3
331116,3
92313,3
93218,3
96599,3
94300,3
332177,3
524298,3
22638,3
373844,3
330002,1
18291,1
120575,3
326903,3
182559,3
227929,1
111432,3
121849,1
305874,1
137722,1
18327,1
18443,3
171360,3
331911,3
18463,3
18463,1
95190,3
18473,3
20927,3
382682,1
332197,3
332197,1
332190,1
500167,1
156665,1
323224,1
323230,1
18586,1
96715,3
96715,1
51798,3
51798,1
164598,1
192898,1
343760,3
343760,1
323240,3
323240,1
94715,1
217903,1
21508,1
329033,3
329033,1
18596,3
18596,1
323247,1
18605,1
351646,3
351646,1
383454,1
268898,1
349989,1
19070,1
301019,3
196548,3
68706,1
298950,1
132160,1
182647,1
522674,1
75341,1
323306,3
323306,1
535606,3
329931,3
329931,1
19206,3
19206,1
297901,3
350629,3
299756,3
53967,1
283712,1
90186,3
253670,3
265880,3
318335,3
318335,1
318336,3
318336,1
318416,3
1,3
138970,3
25328,1
137191,3
192962,3
192962,1
219615,3
219616,3
75982,3
4,3
139826,3
329112,3
329112,1
138980,3
302861,3
378494,3
116005,3
336408,3
318415,3
176688,3
370045,1
92408,3
189357,3
176687,3
189358,3
342440,1
112841,3
363867,1
307583,3
338009,3
110230,3
337027,3
150776,3
297695,3
314382,3
521097,3
521754,3
521476,3
521806,3
521806,1
64337,3
523869,3
523869,1
96120,3
25995,3
25997,3
385566,1
334632,3
334632,1
99764,1
299321,1
124617,1
146054,1
303970,3
303970,1
97476,1
345618,1
102489,1
145999,3
102877,3
99375,3
146391,3
146391,1
276402,3
276402,1
50694,3
299322,3
299322,1
89612,3
523644,1
94010,3
26006,3
345624,1
254431,1
334643,1
231032,3
231032,1
319953,3
319953,1
303973,3
303973,1
71373,3
184899,3
323397,1
334637,1
162024,3
162024,1
202288,1
87,1
63392,3
95797,3
90286,3
25976,3
93283,1
182254,1
91091,1
95673,1
90,1
77808,3
77808,1
184934,1
84362,1
104,1
180579,3
248654,3
119599,3
180991,3
90150,3
184962,3
26012,3
184970,1
184971,1
120518,1
184974,1
325323,1
67987,1
184988,1
137,1
138,1
184994,1
26032,1
119073,1
334237,3
503303,3
502766,3
26038,3
281568,3
204370,3
197651,3
334697,3
334697,1
152398,3
185071,3
193,3
76175,3
270868,3
26059,3
26059,1
329287,3
329287,1
134609,3
74539,3
269427,3
114144,3
366869,3
74161,3
50818,3
116246,3
227,3
80236,3
156632,3
46878,3
52826,3
86481,3
196210,3
74748,3
47997,3
517721,3
83670,3
517660,3
241717,3
80644,3
299455,3
209978,3
327445,3
222421,3
64080,3
197669,3
517666,3
170384,3
180663,3
517705,3
501522,3
307444,3
196217,3
124214,3
315795,3
343765,3
520954,3
210409,3
117420,3
181350,3
124213,3
209977,3
196224,3
55198,3
95977,3
209955,3
210410,3
307445,3
51096,3
194876,3
181353,3
86628,3
75656,3
74992,3
91580,3
517415,3
300947,3
357370,3
64981,3
84386,3
194990,3
56762,3
222262,3
307990,3
366972,3
335442,3
366973,3
99319,3
517420,3
517276,3
382866,3
517387,3
47342,3
56763,3
269152,3
517425,3
114941,3
48740,3
366994,3
81067,3
517434,3
517989,3
517436,3
81792,3
66647,3
77146,3
99414,3
84880,3
181365,3
367029,3
85888,3
197521,3
238669,3
517531,3
206486,3
89272,3
149374,3
109523,3
73331,3
197679,3
69083,3
131412,3
206657,3
238503,3
367051,3
102087,3
53727,3
114943,3
68446,3
135016,3
104659,3
324499,3
57864,3
89375,3
343377,3
194999,3
521450,3
521091,3
348412,3
194979,3
46266,3
529596,3
180664,3
367085,3
153800,3
518112,3
43578,3
298491,3
67818,3
196755,3
195001,3
236946,3
269447,3
517745,3
520694,3
26148,3
74232,3
517715,3
517423,3
375062,3
231040,3
210447,3
76857,3
76759,3
502756,3
185050,3
301674,3
301675,3
144454,3
517665,3
26628,3
84481,3
84481,1
70362,1
359,1
120861,2
89046,2
171672,2
83905,2
84989,3
185360,1
232463,3
66609,3
269475,3
139845,3
113688,1
136523,3
77998,1
99755,1
305531,3
139844,3
305530,3
413,3
413,1
345658,3
190776,3
306028,3
306028,1
416,3
416,1
306026,3
306026,1
306027,3
306027,1
98708,3
143604,3
195629,3
445,3
226515,3
79231,3
148134,3
446,3
207492,3
98347,3
82294,3
185506,3
477,3
59419,3
26303,3
487,3
106038,3
522170,1
314082,1
314083,1
304567,1
521353,1
521912,1
522172,1
522173,1
521808,1
521271,1
520983,1
372634,1
376522,1
518742,1
385399,1
520862,1
367850,1
296292,1
498,1
83034,1
115631,1
379210,1
185690,1
185699,1
185691,1
500,1
501,1
117880,1
363550,1
168381,1
502,1
87203,1
185698,1
157560,1
359538,1
54654,1
189966,1
168382,1
508,1
114287,1
521606,1
185709,1
511,1
376425,1
517073,1
520413,1
375209,1
185771,1
185771,3
400084,3
546,3
26315,3
185787,3
593,1
136010,1
149095,3
149095,1
388019,1
283807,1
372381,1
372370,1
179326,1
139918,1
63945,1
194892,1
269556,1
19714,1
334797,1
84677,1
60161,1
694,1
698,1
218823,1
218754,1
218822,1
258727,1
318725,1
304057,1
176630,1
155071,2
185980,1
26443,3
126923,3
747,3
118759,3
118760,3
124396,3
118762,3
748,3
372805,3
103526,3
359540,1
909,3
909,2
297874,2
524624,3
182464,3
388779,3
190972,2
516721,3
318295,3
318295,2
316781,3
186358,3
96161,3
47871,3
249001,1
186414,1
923,1
924,1
186415,1
51706,1
932,1
934,1
79616,1
186420,1
954,1
186422,1
186423,1
170647,1
957,1
58482,1
186424,1
186425,1
135837,1
970,1
971,1
975,1
976,1
980,1
981,1
156167,1
186431,1
973,1
501411,1
131619,1
321685,1
73635,1
284648,1
990,1
267966,3
68521,1
63092,3
63092,1
175531,3
175531,1
58960,3
58960,1
88155,3
88155,1
26593,3
26593,1
186640,3
186640,1
154903,3
154903,1
186659,3
186659,1
1063,3
1063,1
186677,3
186677,1
186682,3
186682,1
128258,3
128258,1
186680,3
186688,3
111325,3
111325,1
1070,3
186692,3
186692,1
1071,3
1071,1
186714,3
236024,3
188057,1
188057,3
69365,1
69365,3
156203,3
156203,1
44699,3
44699,1
192967,3
192967,1
133125,3
66351,3
188073,3
329664,3
329663,3
188072,3
114758,3
188075,3
80553,3
62872,3
222505,3
188076,3
188076,1
74858,3
74858,1
188079,3
188079,1
188080,3
188082,3
188082,1
52913,3
188086,3
188086,1
89323,3
188087,3
26134,3
523366,3
218282,3
218282,1
330929,2
156214,2
234064,2
188234,3
115552,3
308605,3
308605,2
97744,3
97744,2
105667,3
105667,2
99711,3
99711,2
188242,3
1185,3
1186,3
1192,3
188324,3
188352,3
1284,3
1293,3
1317,1
382955,1
165272,1
188524,1
27624,1
400218,1
26745,1
1358,3
188644,3
353713,3
1361,3
26768,3
113924,1
244635,1
1386,2
25289,1
188768,1
188769,1
1395,1
283643,3
81387,3
61123,3
117923,3
115050,3
77999,3
318222,1
1448,3
1449,3
1449,2
192458,1
88374,1
188864,3
188871,3
27280,3
27280,1
526099,3
526099,1
94003,1
83125,1
525411,3
525411,1
23940,3
23940,1
1492,3
1492,1
363913,1
30319,1
156323,1
189072,3
27046,3
164160,3
1545,3
1548,3
1556,3
52944,3
1559,3
389089,1
189089,3
189089,1
108361,3
19867,3
19867,1
189090,3
1581,3
1581,1
27050,3
1577,3
1580,3
20706,3
20706,1
1583,3
1583,1
1586,3
1586,1
84281,3
84281,1
27108,1
180497,1
27097,1
189119,1
189120,1
93843,1
503972,1
27055,1
222566,1
189121,1
28161,1
189124,1
143025,1
189128,1
513777,1
504417,1
99839,1
28160,1
513778,1
189132,1
189133,1
1597,1
98199,1
222569,1
103842,1
112690,1
328663,1
175135,1
96568,1
50992,1
1600,1
314700,1
24286,1
104652,1
272192,3
194733,3
98354,3
189162,3
189165,3
115404,3
27114,3
196494,3
145010,3
66652,3
1610,3
189168,3
189169,3
281658,3
43102,3
204387,3
196488,3
182664,3
93705,3
189173,1
189173,3
1612,1
1612,3
166600,1
166600,3
92327,1
1623,1
1624,1
45986,1
1628,1
43299,1
127453,1
90659,1
189232,1
75996,1
90705,3
90705,1
189344,3
1667,3
189345,3
1668,3
189346,3
27153,3
189350,3
94191,3
1670,3
61752,3
27158,3
82171,3
46857,3
27162,3
1671,3
70390,3
189361,3
27167,3
331981,3
86972,3
27169,3
189363,3
97602,3
22727,3
22727,1
27173,3
86973,3
26073,3
1675,3
1675,2
1675,1
189377,3
189377,2
189379,3
189379,1
278281,1
269531,3
269531,1
239707,1
1700,3
1700,1
71077,3
71077,1
27189,1
75385,3
75385,1
41246,3
52127,3
52127,1
189463,1
27192,3
27192,1
189476,3
189479,3
189480,3
189480,1
189486,3
189492,3
189515,3
189515,2
189515,1
189516,3
189517,3
189517,2
189553,3
189581,3
189581,2
189585,3
189586,3
189589,3
168453,3
168453,1
190726,3
241598,3
1721,3
370498,3
370499,3
304006,3
372872,3
378563,3
1723,3
245528,3
189676,3
189676,1
189606,3
189606,1
87597,3
87597,1
189709,3
189709,1
189713,3
1728,3
380722,3
291477,3
25910,3
27207,3
113933,3
113933,1
148137,3
148137,1
27210,3
27210,1
25929,3
25915,3
25915,1
105619,3
105619,1
100918,3
100918,1
1731,3
189759,3
189610,3
289026,3
245527,3
138204,3
269567,3
373766,3
50479,3
50479,1
47428,3
55049,3
152631,3
239301,3
378945,3
1790,3
183721,1
513781,1
43874,3
182576,3
182577,3
267550,3
182578,3
281807,3
205678,3
226573,3
226573,1
1897,3
128361,3
215070,3
270268,3
299424,3
94344,3
60870,3
336925,3
359947,3
104023,3
25930,3
100922,3
194974,3
99458,3
281273,3
114417,3
27552,3
278108,3
267548,3
267548,1
189714,3
182575,3
182575,1
344051,3
271376,3
344846,3
120314,3
228394,3
228394,1
271377,3
285326,3
227943,3
227787,3
198571,3
350687,3
203711,3
195289,3
288003,3
168821,3
27565,3
1902,1
1903,1
98880,1
90873,1
222680,1
1917,1
182546,3
182546,1
137012,3
137012,1
55848,3
55848,1
63776,3
63776,1
131947,3
131947,1
125055,3
125055,1
206871,3
206871,1
182053,3
182053,1
213963,3
213963,1
194267,3
194267,1
151768,3
151767,3
150967,3
153906,3
152508,3
329318,3
331939,3
328127,3
328129,3
187277,3
331835,3
331944,3
329359,3
328144,3
331833,3
328171,3
530722,3
178257,3
114291,3
331987,3
332142,3
137249,3
239025,1
20264,1
20513,1
344786,1
203074,1
203872,3
1992,3
142290,3
1995,3
346718,3
317543,1
2009,1
27695,1
228138,1
148474,1
63105,1
274765,1
2026,1
203641,1
203732,3
2069,3
2069,1
203749,3
203752,3
133978,3
88908,3
88908,1
27835,3
27835,1
27787,3
27787,1
2080,3
2080,1
333263,3
333264,1
333264,3
2081,3
2081,1
81261,3
27843,3
27843,1
242609,3
242609,1
287699,3
287699,1
203824,3
203824,1
203825,3
2084,1
2084,3
121684,3
121684,1
92918,3
92918,1
68984,3
68984,1
27809,3
27809,1
53397,3
53397,1
2091,3
84075,3
84075,1
91396,3
91396,1
2093,3
232559,3
2094,3
27767,1
27767,3
203833,1
203833,3
219621,1
219621,3
2101,1
2101,3
2104,1
2104,3
209418,3
209418,1
129568,3
129568,1
314959,1
314959,3
203838,3
49984,3
49984,1
2110,3
523042,3
523042,1
523000,3
523000,1
59225,3
29181,3
29181,1
27777,3
27777,1
92891,3
92891,1
95164,3
95164,1
203779,3
203841,3
203841,1
236252,1
236252,3
2121,3
27783,3
27783,1
2128,1
203796,1
2130,3
2130,1
2132,3
2132,1
2138,3
57998,3
203845,1
203845,3
81567,3
81567,1
27840,3
174281,3
321970,3
321970,1
272775,3
272775,1
203848,3
203848,1
203851,3
203851,1
287937,1
287937,3
203852,3
285749,1
285749,3
27808,1
2183,3
2183,1
192071,3
192071,1
99053,3
99053,1
142493,3
142493,1
72244,3
72244,1
521342,3
521342,1
274976,3
274976,1
240914,3
240914,1
298439,3
298439,1
380727,3
380727,1
29184,3
29184,1
239030,3
239030,1
240498,3
240498,1
182902,3
182902,1
301684,3
301684,1
81367,3
81367,1
65629,3
65629,1
76139,3
76139,1
74862,3
74862,1
222724,3
222724,1
364854,3
364854,1
89179,3
89179,1
56582,3
56582,1
240951,3
240951,1
366407,3
366407,1
240974,3
240974,1
357469,3
357469,1
275605,3
275605,1
67278,3
67278,1
110417,3
110417,1
301688,3
301688,1
222726,3
222726,1
316789,1
316789,3
240961,3
240961,1
240976,3
240976,1
366409,3
366409,1
94975,3
217801,3
217801,1
379255,3
379255,1
379299,3
379299,1
276435,3
276435,1
53521,1
53521,3
58070,3
58070,1
380728,3
380728,1
521099,3
521099,1
115555,3
115555,1
364890,3
364890,1
301685,3
301685,1
301689,3
301689,1
99268,3
99268,1
92715,3
92715,1
384866,3
384866,1
47996,3
47996,1
27814,3
27814,1
42519,3
42519,1
73387,3
73387,1
72893,3
72893,1
54949,3
54949,1
54950,3
54950,1
271017,3
271017,1
240910,3
240910,1
369177,1
369177,3
203862,3
291153,3
291153,1
21666,3
2194,3
23277,1
23277,3
2196,3
2196,1
85926,1
85926,3
93409,1
93409,3
90366,1
90366,3
203788,3
91562,3
91562,1
94169,3
94169,1
77074,3
77074,1
171092,3
171092,1
53607,3
53607,1
112604,3
99217,3
203808,3
203808,1
142567,3
142567,1
51665,3
51665,1
115553,1
115553,3
91187,3
91187,1
100082,3
100082,1
60811,3
60811,1
332150,3
332150,1
354374,3
354374,1
2224,1
2224,3
130462,1
27870,1
95269,3
255437,3
75942,3
75942,2
135024,3
135024,2
204009,3
204009,2
204047,3
204053,3
204055,3
204059,3
204061,3
204083,3
204098,3
204108,3
204108,1
204115,3
204115,1
2301,1
99567,3
99567,1
204177,1
528747,3
528747,2
513791,3
513797,3
513797,2
204199,3
204199,2
204324,3
204324,2
296496,3
115370,3
115370,1
247063,3
247063,2
523282,3
169912,3
169912,1
2317,3
2317,2
2320,3
2320,2
126880,3
218511,3
229943,3
243358,3
378100,3
24116,3
24116,1
233345,3
204547,1
204565,1
2355,3
2355,1
116862,3
54243,1
57902,1
139794,1
85766,1
213748,1
91850,3
97016,3
104068,3
222758,3
222758,1
236856,1
50219,1
86133,3
86133,1
190982,1
80811,1
65314,3
65314,1
222759,3
222759,1
171731,3
171731,1
171732,3
171732,1
60324,1
523671,1
523671,3
205527,1
204832,1
28011,1
2386,1
204833,1
28016,1
2391,1
204981,3
205052,2
205092,3
381920,3
381937,3
218537,3
383945,3
82284,3
67306,3
67307,3
143095,3
79128,3
219089,3
195744,3
105709,3
351797,3
324715,3
324683,3
152590,3
195738,3
253214,3
381953,3
108397,3
108397,1
335587,3
335587,1
525057,3
525057,1
2437,3
2437,1
46614,3
46614,1
524972,3
524972,1
145493,3
145493,1
189912,3
189912,1
232988,3
232988,1
232989,3
232989,1
263231,3
263231,1
92877,1
377231,3
377231,1
320170,1
124399,3
124399,1
285986,3
285986,1
99087,1
351726,3
351726,1
331098,3
331098,1
300954,3
300954,1
20042,3
20042,1
70609,3
70609,1
2443,1
344880,1
2447,1
2448,1
184170,3
184170,1
99262,3
99262,1
52474,3
52474,1
98768,3
98768,1
515177,1
284390,3
284390,1
28047,3
28047,1
75470,3
75470,1
290890,3
290890,1
74569,3
74569,1
70962,3
70962,1
98219,3
98219,1
278739,3
278739,1
518560,3
518560,1
96918,3
96918,1
98769,3
98769,1
220530,3
220530,1
28052,3
28052,1
131105,3
131105,1
96033,3
96033,1
75471,3
75471,1
387408,3
387408,1
273656,3
273656,1
227035,3
227035,1
330055,3
330055,1
243507,3
243507,1
222765,3
222765,1
308645,3
308645,1
124262,3
124262,1
196843,3
196843,1
277206,3
277206,1
91046,3
91046,1
184171,3
184171,1
222766,1
291730,3
291730,1
80086,3
80086,1
80087,3
80087,1
51708,3
51708,1
55659,3
55659,1
175592,3
175592,1
98946,3
98946,1
61498,3
61498,1
184172,3
184172,1
239032,3
239032,1
96809,3
96809,1
125056,3
125056,1
375024,3
375024,1
83287,3
83287,1
162305,3
162305,1
279610,3
279610,1
83288,3
83288,1
380430,3
380430,1
277231,3
277231,1
139078,3
139078,1
522121,1
522553,1
342384,1
351728,1
308610,1
83008,3
83008,1
364679,3
364679,1
85396,3
85396,1
68780,1
91047,3
91047,1
135419,3
135419,1
357470,1
94740,3
94740,1
176462,3
176462,1
351729,1
357426,1
350985,1
308085,1
522389,1
294461,3
305878,1
308611,1
364680,3
364680,1
515176,1
519020,3
519020,1
241721,3
241721,1
89225,3
89225,1
176461,3
176461,1
176469,3
176469,1
303456,3
303456,1
139079,3
139079,1
74568,3
74568,1
96586,3
96586,1
28083,3
28083,1
232987,3
232987,1
131452,1
94212,3
94212,1
2452,3
2452,1
2453,3
2453,1
62129,3
62129,1
239602,3
239602,1
2454,3
2454,1
21296,3
21296,1
2455,3
2455,1
521367,1
82412,3
82412,1
27267,3
27267,1
176922,1
191076,3
191076,1
205266,3
205266,1
2456,3
2456,1
91107,3
91107,1
2459,1
70403,3
70403,1
70404,1
360783,1
20124,1
50337,1
205267,1
522183,3
522183,1
145079,1
336961,3
336961,1
91799,3
91799,1
297894,3
297894,1
89656,3
89656,1
2555,1
222770,3
222770,1
180087,1
243167,3
243167,1
52375,3
52375,1
87165,1
2571,1
104818,3
104818,1
197749,3
197749,1
220419,3
220419,1
227036,3
227036,1
79713,3
79713,1
231437,3
231437,1
226403,3
226403,1
98879,1
98879,3
64153,3
64153,1
90299,1
90299,3
87524,1
87524,3
28134,1
66577,3
66577,1
96431,3
96431,1
139080,1
44882,1
57393,3
57393,1
513884,3
513884,1
97084,3
97084,1
77743,3
77743,1
99372,3
99372,1
28141,3
28141,1
139081,3
139081,1
205410,1
368943,3
368943,1
508304,3
288344,3
288344,1
310436,3
310436,1
28245,3
28245,1
354320,3
357471,3
357471,1
63186,3
42712,3
42712,1
2628,3
2628,1
2631,3
78452,3
90958,3
90958,1
62289,3
62289,1
361700,3
361700,1
122039,3
169303,3
206000,3
2643,3
2643,1
2663,3
2663,2
206136,1
78558,3
78558,2
206141,3
206141,2
206148,1
43929,2
23425,2
206195,1
2673,3
2673,1
206196,3
206196,1
124198,1
524946,1
524873,1
525838,3
525838,1
192969,3
192969,1
21742,1
99513,1
517430,3
517430,1
517394,3
517394,1
91375,1
2679,1
167963,1
2680,1
206220,1
28270,1
2681,3
2681,1
93515,1
197723,3
197723,1
322280,1
176313,1
58815,1
2685,1
206265,3
297062,3
297062,1
513888,3
513888,1
206266,3
198324,3
96648,3
53191,3
53191,1
47071,3
47071,1
139082,3
139082,1
380580,3
380580,1
513887,3
513887,1
299484,3
299484,1
80005,3
80005,1
382514,3
382514,1
178517,3
178517,1
109137,3
109137,1
69781,3
94177,3
254791,3
254791,1
56977,3
56977,1
2696,3
2696,1
203415,3
203415,1
54323,3
239734,3
2282,3
2282,2
505081,3
505081,1
505080,3
505080,1
505078,3
505078,1
28274,3
2695,3
174911,3
174911,2
105010,3
105010,1
28275,3
28275,1
94419,3
54865,3
170870,3
170870,1
2697,3
29685,3
29685,1
97677,3
97677,1
96470,3
96470,1
92974,3
92974,1
87952,3
87952,1
112721,3
112721,1
110842,3
110842,1
90338,3
90338,1
100319,3
100319,1
110999,3
110999,1
345411,3
30045,1
92106,3
92106,1
96905,3
96905,1
89247,3
89247,1
91376,3
91376,1
98961,3
98961,1
89128,3
89128,1
28291,3
28291,1
97203,3
94178,3
94178,1
99398,1
91351,3
91351,1
89036,3
89036,1
91697,3
91697,1
109722,3
109722,1
92056,3
92056,1
75906,3
75906,1
95984,3
95984,1
29733,1
29744,3
29744,1
98648,3
98648,1
28318,3
28318,1
61444,3
61444,1
94244,3
97680,3
97680,1
96471,3
96471,1
90648,3
90648,1
30083,3
30083,1
29766,3
29766,1
28306,3
28306,1
95635,3
95635,1
96826,1
89884,3
89884,1
97561,3
97561,1
28307,3
28307,1
98128,3
98128,1
29792,3
29792,1
97522,3
97522,1
86664,1
28314,3
28314,1
368908,3
368908,1
29802,3
29802,1
95263,3
95263,1
90388,3
90388,1
92391,3
92391,1
93716,1
93716,3
91122,1
368553,1
368553,3
98757,3
98757,1
345412,3
345412,1
112723,3
112723,1
98758,3
98758,1
111549,3
111549,1
91744,3
91744,1
95226,3
95226,1
96227,1
96227,3
28316,3
28316,1
92039,3
92039,1
98504,3
98504,1
93303,1
218394,3
218394,1
29828,3
29828,1
92957,3
92957,1
174534,3
174534,1
93325,1
322289,3
322289,1
98156,3
98156,1
92777,3
92777,1
90611,1
91508,3
91508,1
30119,3
30119,1
47714,3
47714,1
94350,3
94350,1
368349,3
368349,1
94483,3
94483,1
97432,3
97432,1
30125,3
30125,1
95685,3
95685,1
91433,3
58616,1
99577,3
99577,1
92347,1
291738,3
97857,3
97857,1
94803,3
94803,1
111151,3
111151,1
333301,3
333301,1
30145,3
30145,1
65207,3
65207,1
99382,3
99382,1
87096,3
87096,1
99237,3
99237,1
92878,3
92878,1
30157,3
30157,1
100058,3
100058,1
96200,3
96200,1
99932,3
99932,1
90322,3
90322,1
83368,3
83368,1
90894,3
90894,1
95926,3
95926,1
97532,3
97532,1
96808,3
96808,1
98680,3
98680,1
89504,3
89504,1
92182,3
92182,1
97286,3
97286,1
89955,3
89955,1
98192,3
98192,1
90779,3
90779,1
91932,3
91932,1
91266,3
91266,1
98545,3
98545,1
90121,3
90121,1
171379,3
171379,1
98894,3
98894,1
94822,3
94822,1
171377,3
171377,1
90729,3
90729,1
89601,3
89601,1
98949,3
98949,1
96385,1
30227,3
30227,1
358894,1
352540,3
226888,3
139686,3
139686,1
2817,3
2817,1
202623,3
202623,1
373699,3
239414,3
206423,3
206423,1
325488,3
325488,1
228668,3
228668,1
335098,3
335098,1
179754,3
179754,1
129356,3
129356,1
528972,3
528972,1
136536,3
136536,1
507793,3
507793,1
334721,3
334721,1
507794,3
507794,1
28323,3
280047,3
280047,1
337616,3
337616,1
336498,3
336498,1
387456,3
387456,1
325804,3
325804,1
387459,3
387459,1
167286,3
167286,1
94548,3
94548,1
150837,3
150837,1
194720,3
194720,1
387462,3
387462,1
54671,3
54671,1
102656,1
102656,3
114217,3
114217,1
139719,3
139719,1
44903,3
44903,1
154974,3
154974,1
164222,3
164222,1
157378,3
369154,3
254012,3
254012,1
28745,3
503786,3
44017,3
329666,3
154906,3
154906,1
46620,3
44018,3
124530,3
97959,3
331252,3
331252,1
207058,3
207480,1
170043,3
525135,3
300891,3
299323,3
515555,3
89750,3
3061,3
3063,3
256939,3
3146,1
170248,1
90302,1
92602,1
93279,3
93279,1
101641,1
102023,3
102023,1
97161,1
176078,3
176078,1
93792,1
360956,1
261104,1
288093,1
526321,1
353061,1
228991,1
285371,3
285371,1
89405,3
89405,1
352587,1
360529,1
164032,3
164032,1
258486,1
350942,1
524629,1
285910,1
3162,1
67477,1
97470,1
92424,1
28863,3
28863,1
330982,1
330982,3
120392,1
120392,3
208495,1
208495,3
106456,1
106456,3
383003,1
383003,3
401072,1
401072,3
258770,1
258770,3
330999,1
330999,3
3213,1
3213,3
20247,1
20247,3
23489,3
23489,1
3215,1
3215,3
165273,1
165273,3
3220,1
3220,3
119482,1
119482,3
3223,1
3223,3
3224,1
3224,3
31605,1
31605,3
3226,3
3226,1
208934,1
208934,3
401651,1
401651,3
258896,1
258896,3
257862,1
257862,3
85906,1
91791,1
95792,1
95844,1
63246,1
96855,1
91792,1
95793,1
3249,1
322732,1
90952,1
52951,1
298095,1
270934,1
270935,1
322740,1
276207,1
275600,1
322744,1
99013,1
91343,1
197738,1
95971,1
236885,1
300057,1
95105,1
57322,1
28921,1
271054,1
271198,1
140503,1
322758,1
154907,1
272917,1
28922,1
222937,1
3253,1
3261,1
98762,1
227622,1
3262,1
92029,1
236875,1
217944,1
28896,1
96813,1
236882,1
3278,1
271154,1
353922,1
64302,1
274981,1
93532,1
214091,1
202282,1
271053,1
271173,1
208592,1
94754,1
269354,1
69338,1
70553,1
46202,1
99363,1
52985,1
133008,1
329633,1
96259,1
94796,1
208619,1
3312,3
3381,3
209185,1
209208,1
209209,1
209222,1
3396,3
142413,3
142413,1
3411,3
3411,1
337162,1
104459,3
104459,1
334727,1
379211,1
282176,1
319867,1
324617,1
285375,1
209558,1
209616,1
209778,1
3448,1
91344,3
91344,1
3453,1
3454,1
3454,3
209836,3
209836,1
209844,3
209844,1
3457,3
3457,1
209847,1
209847,3
153283,3
153283,1
96562,1
96562,3
153285,3
153285,1
255924,3
255924,1
222953,3
222953,1
343768,3
343768,1
151702,3
151702,1
117133,3
117133,1
191490,3
191490,1
178005,3
178005,1
209917,3
209917,1
3461,3
3461,1
342481,3
342481,1
205680,3
205680,1
124684,3
124684,1
124686,3
124686,1
344974,3
344974,1
49129,3
49129,1
3462,3
3462,1
291605,3
291605,1
92001,3
92001,1
100040,3
100040,1
62075,3
62075,1
209916,3
209916,1
237042,3
237042,1
74760,3
74760,1
3463,3
3463,1
364906,3
364906,1
43960,3
43960,1
335509,3
335509,1
114775,3
114775,1
29022,3
29022,1
96642,3
96642,1
298704,3
298704,1
270936,3
270936,1
29024,3
29024,1
270937,3
270937,1
115416,3
115416,1
364904,3
364904,1
300927,3
300927,1
54394,3
54394,1
99751,3
99751,1
302852,3
302852,1
124131,3
124131,1
352792,3
352792,1
92439,3
92439,1
302853,3
302853,1
96643,3
96643,1
96661,3
96661,1
125057,3
125057,1
300346,3
300346,1
364905,3
364905,1
364907,3
364907,1
181330,3
181330,1
113690,3
113690,1
95348,3
95348,1
29042,3
29042,1
79953,3
79953,1
98439,3
98439,1
77907,3
77907,1
93509,3
93509,1
89673,3
89673,1
380243,3
380243,1
73789,3
73789,1
96701,3
96701,1
83887,3
83887,1
90248,3
90248,1
155175,3
155175,1
97837,3
97837,1
194413,3
194413,1
102477,3
102477,1
300436,3
300436,1
91977,3
91977,1
154370,3
154370,1
81103,3
81103,1
89965,3
89965,1
29064,3
29064,1
155176,3
155176,1
357133,1
530735,1
530670,1
298423,3
77511,3
65074,1
74953,3
29099,3
29104,3
3498,3
79957,3
177980,3
3564,3
91591,3
150773,3
99472,3
91400,3
70610,3
348476,3
522052,3
68093,3
3623,3
77684,3
77684,1
334728,3
220105,3
249915,3
284970,3
209263,3
3669,3
331113,3
94746,3
126790,3
126790,1
105679,1
124709,1
105680,3
69422,3
76646,3
121848,1
210090,3
3696,1
3698,1
210136,1
143455,1
161913,1
210431,3
210431,1
210481,3
331989,3
46649,3
72103,1
72103,3
29227,3
29227,1
23694,3
23694,1
3758,3
353522,1
353522,3
157658,1
157658,3
3761,1
3761,3
191491,1
191491,3
312670,1
312670,3
91043,3
91043,1
67933,3
67933,1
256183,1
256183,3
187784,1
187784,3
210602,1
210602,3
383622,1
350190,3
320198,3
516569,1
369920,1
350943,1
312592,1
350373,1
350374,1
29238,3
29238,1
29322,3
3797,3
3798,3
170579,3
56764,3
212819,3
29245,3
212831,3
212831,1
212835,3
212837,3
212837,1
212811,3
3855,3
212854,3
184234,1
184235,1
49852,1
89380,1
191787,1
161721,1
95979,1
29375,1
136109,1
97693,1
184241,1
222996,1
110256,1
109627,1
29380,1
528712,1
194716,1
214377,1
3862,1
222997,1
93424,1
29342,1
523768,1
523769,1
22582,3
22582,1
193362,3
193362,1
212858,1
86603,3
86603,1
89094,1
101083,3
101083,1
500143,1
212890,1
303277,3
303277,1
139126,3
139126,1
298076,3
298076,1
64614,1
194249,1
100349,1
3871,1
43181,1
523765,1
523759,1
3872,1
212862,1
523752,1
114557,1
197725,1
193368,1
91845,1
22581,1
75163,1
523754,1
120427,1
47933,1
51441,1
153317,1
322936,1
89899,1
139129,1
138558,1
523755,1
92784,1
212859,1
164814,1
256206,1
99333,1
89379,1
165790,1
93425,1
97020,1
120405,1
92494,1
301031,3
301031,1
196404,1
298440,3
298440,1
523783,1
258383,1
105358,1
3876,1
97954,1
97261,1
90960,1
98132,1
212897,1
523762,1
523787,1
212901,3
170122,3
287135,3
70347,3
151150,3
157902,3
320544,3
320579,3
121607,3
129222,3
212950,3
526134,3
139130,3
94237,3
212974,3
105707,3
320455,3
320500,3
202585,3
370849,3
320549,3
102966,3
320548,3
126429,3
69317,3
136486,3
102624,3
3906,1
3906,3
3908,1
3908,3
3910,1
3910,3
3911,1
3911,3
166106,3
166106,1
119774,3
119774,1
120350,3
120350,1
250348,3
522866,3
370726,3
104709,3
523959,1
523959,3
523974,1
523979,1
387071,3
387071,1
275658,1
11672,3
11672,1
166142,3
166142,1
258957,3
258957,1
371048,1
371048,3
372372,1
372382,1
84462,3
163714,3
163714,1
258784,1
258784,3
357872,1
120367,1
120367,3
372541,1
372541,3
372492,1
372492,3
169835,3
64808,3
99428,1
90160,1
87642,1
91570,1
99241,1
33355,3
223625,3
506531,1
506746,1
330859,1
330859,3
332265,1
332265,3
328185,3
328185,1
334182,3
206630,1
206630,3
180635,1
180635,3
30556,1
368049,1
368049,3
275773,1
275774,1
368048,1
29390,3
187785,3
182412,3
99423,3
81900,3
66731,3
116675,3
280622,1
330986,3
330986,1
332092,3
332092,1
331946,3
331946,1
364617,1
208521,1
378296,1
378296,3
320245,1
320245,3
400634,1
400634,3
204918,1
204918,3
120371,1
120371,3
2394,1
2394,3
310077,1
310077,3
310079,1
310079,3
400399,1
400399,3
204908,1
204908,3
400380,1
400380,3
120349,1
120349,3
400361,1
400361,3
310078,1
310078,3
189417,3
162643,1
206739,3
19209,3
289698,3
289698,1
387433,1
332231,1
85612,1
234998,1
19203,1
91139,1
62997,1
114274,1
100268,1
20721,1
19195,1
286023,2
368966,2
60961,2
312276,2
89813,2
19190,2
288161,2
19186,2
225849,2
329111,3
329111,1
31351,3
31350,3
195035,1
19177,1
45845,1
195034,1
23329,1
102827,1
20495,1
306822,1
19167,3
19167,1
171154,3
171154,1
195053,3
195053,1
44292,3
44292,1
154351,3
154351,1
155959,3
155959,1
58688,3
58688,1
369453,3
369453,1
19140,3
246973,3
69045,3
69045,2
102400,3
19127,3
155434,3
145006,3
131760,3
71258,3
104756,3
68077,3
200834,3
19106,1
372638,1
106279,1
55624,3
55624,1
174688,1
130318,1
328979,3
328979,1
338886,3
19099,3
19099,1
151193,3
151193,1
332402,3
332402,1
274639,3
274639,1
157356,3
157356,1
511279,3
511279,1
512040,3
512040,1
77178,3
77178,1
226555,3
226555,1
241787,3
241787,1
287507,3
287507,1
387956,3
387956,1
535584,3
535584,1
533548,3
533548,1
380607,3
380607,1
536587,3
536587,1
319901,3
319901,1
275989,3
275989,1
380606,3
380606,1
243617,3
243617,1
82651,3
82651,1
19094,3
534686,3
534686,1
511723,3
511723,1
83721,3
83721,1
383886,3
383886,1
71257,3
71257,1
240723,3
286135,3
286135,1
179514,3
303210,3
303210,1
536478,3
536478,1
287506,3
287506,1
52603,3
52603,1
176206,3
176206,1
157354,3
157354,1
101006,3
101006,1
100248,3
100248,1
46766,3
46766,1
27274,3
27274,1
117729,3
117729,1
378959,3
378959,1
169244,3
169244,1
339235,3
339235,1
226513,3
226513,1
521604,3
521604,1
78475,3
78475,1
515389,3
515389,1
86179,3
86179,1
348053,3
348053,1
329945,3
329945,1
378958,3
378958,1
523287,3
523287,1
321676,3
321676,1
284389,3
284389,1
329026,3
329026,1
128423,3
128423,1
117138,3
117138,1
286942,3
286942,1
387714,3
387714,1
60010,3
60010,1
54102,3
54102,1
95928,3
65435,3
65435,1
515388,3
515388,1
56858,3
59589,3
59589,1
372359,3
372359,1
80174,3
80174,1
329025,3
329025,1
175591,3
175591,1
308566,3
308566,1
176453,3
176453,1
113795,3
113795,1
64001,3
64001,1
171250,1
19069,3
19069,2
19069,1
68843,3
304478,1
329844,3
329844,1
19043,3
19041,1
87410,1
82213,1
530257,3
530257,1
60886,1
227601,1
155000,3
155000,1
324618,1
110721,3
110721,1
77807,1
225839,3
225839,1
113428,1
48730,1
132173,1
104030,1
183302,1
196197,1
85026,1
68269,1
47712,1
77560,3
77560,1
69665,1
66690,1
117507,1
56381,1
75712,1
73150,1
225836,1
154997,1
48337,3
48337,1
255415,1
48364,3
48364,1
46721,1
178245,3
178245,1
46720,1
132210,1
503941,1
226073,1
241555,3
241555,1
86785,1
111892,3
111892,1
57414,1
368301,1
80103,1
54681,3
54681,1
521223,3
521223,1
50511,1
329753,1
129077,1
235478,3
235478,1
189975,3
189975,1
72049,1
67436,1
134401,1
329632,3
20909,3
20909,1
86718,3
86718,1
329631,3
55510,3
55510,1
80362,3
80362,1
329886,3
329886,1
116970,1
524040,1
19024,3
19024,1
240062,3
240062,1
66538,3
66538,1
77806,3
77806,1
228862,1
115590,1
62569,1
54796,3
54796,1
45844,1
72168,1
325870,1
245926,1
372820,1
117506,3
117506,1
83400,1
166255,1
145076,1
116309,1
228620,3
228620,1
108075,1
203614,1
240077,1
184081,1
126380,1
86876,1
68399,1
51754,1
360254,1
30295,1
50771,3
50771,1
329839,1
86786,1
226528,3
226528,1
203283,1
226072,1
80403,1
57774,1
293618,3
293618,1
203282,3
203282,1
505210,3
505210,1
505211,3
505211,1
43844,3
43844,1
174062,3
174062,2
174062,1
271982,3
271982,2
271982,1
94534,3
94534,2
94534,1
62927,3
62927,2
62927,1
91184,3
91184,2
91184,1
81126,3
81126,2
81126,1
208929,3
208929,2
208929,1
64368,3
64368,2
64368,1
202759,3
202759,2
202759,1
195954,3
195954,2
195954,1
81889,3
81889,2
81889,1
225824,3
225824,2
225824,1
18975,3
18975,2
18975,1
57387,3
57387,2
57387,1
81165,3
81165,2
81165,1
58970,3
58970,2
58970,1
64000,3
64000,2
64000,1
96889,3
96889,2
96889,1
53560,3
53560,2
53560,1
171040,3
171040,2
171040,1
90781,3
90781,2
90781,1
98342,3
98342,2
98342,1
182320,3
182320,2
182320,1
113060,3
113060,2
113060,1
23728,3
23728,2
23728,1
196594,2
297762,2
194330,3
194330,1
179822,3
179822,1
92689,3
92689,1
140251,3
140251,1
89151,3
89151,1
50996,3
50996,1
94460,3
94460,1
307732,3
307732,1
92511,3
92511,1
196958,3
196958,1
18948,3
48705,3
48705,1
328935,3
41495,3
315290,3
315290,1
51788,3
51788,1
41487,3
41487,1
62724,3
62724,1
83589,3
83589,1
181221,3
318847,3
318847,1
270524,3
87836,3
87836,1
275280,3
275280,1
136008,3
136008,1
275285,3
275285,1
213850,3
213850,1
225819,3
225819,1
213849,3
213849,1
213848,3
213848,1
211238,3
213843,3
213843,1
23767,3
66348,3
66348,1
82128,3
82128,1
500274,3
175106,3
326310,3
211236,3
211236,2
70900,3
327459,3
121816,3
328939,3
103360,3
103360,1
191042,3
191042,1
18918,3
18918,1
138655,3
62772,3
62772,1
328091,3
328091,1
18911,3
18910,3
332619,3
332619,1
127331,3
20930,3
66246,3
66246,1
314915,3
250076,3
18898,3
373842,3
41459,3
270523,3
270523,1
157358,3
275622,3
275622,1
157357,3
18893,3
156152,3
82818,3
18888,3
18888,2
18888,1
178731,3
178731,1
91815,3
91815,1
134958,3
134958,1
95932,3
95932,1
323275,3
18880,3
18880,1
171743,3
171743,1
384075,3
97190,3
97190,1
323296,3
323296,1
386876,3
194342,3
194342,1
323279,3
323279,1
147839,3
147839,1
323274,3
323274,1
50968,3
50968,1
320551,1
506254,3
506254,1
506174,3
506174,1
522745,3
522745,1
506498,3
506498,1
506416,3
506416,1
506214,3
506214,1
388373,3
388373,1
506470,3
506470,1
506406,3
506406,1
506038,3
506038,1
506378,3
506378,1
506757,1
506757,3
505805,3
505805,1
388382,3
388382,1
506449,3
506449,1
506064,3
506064,1
505791,3
505791,1
506070,3
506070,1
388333,3
388333,1
505950,3
505950,1
505998,3
505998,1
388316,3
388316,1
506097,3
506097,1
522398,3
522398,1
506316,3
506316,1
388324,3
388324,1
505915,3
505915,1
333206,3
333206,1
161809,3
161809,1
528774,3
528774,1
506099,3
506099,1
505750,3
505750,1
18860,3
18860,1
388337,3
388337,1
522495,3
522495,1
506522,3
506522,1
388361,3
388361,1
506430,3
506430,1
506281,3
506281,1
506035,1
506035,3
161806,3
161806,1
506269,3
388401,3
388401,1
506442,3
506442,1
388402,3
388402,1
506081,3
506081,1
506098,3
506098,1
506109,3
506109,1
388321,3
388321,1
506196,3
506196,1
388335,3
505932,3
505932,1
388399,3
388399,1
506395,3
506395,1
506244,3
506244,1
388301,3
388301,1
388300,3
388300,1
505978,3
505978,1
347950,3
347950,1
506215,3
506215,1
522602,1
522602,3
506114,3
506114,1
505925,3
505925,1
506218,3
506218,1
522365,3
522365,2
506043,1
506043,3
506060,3
506060,1
522593,1
522593,3
522549,3
522549,1
506294,3
506294,2
506354,1
522483,3
522483,1
505918,3
505918,1
506208,3
506208,1
506471,1
506471,3
506343,1
506343,3
505771,1
505937,3
505937,1
522563,3
522563,1
388311,3
388311,1
388312,3
388312,1
506448,3
506448,1
506503,3
506503,1
506008,3
506008,1
506307,3
506307,1
506334,3
506334,1
505963,3
505963,1
506149,3
506149,1
506398,3
506398,1
506308,3
506308,1
506507,3
506507,1
505904,3
505904,1
505814,3
505814,1
522578,3
522578,1
505887,3
505887,1
161804,3
161804,1
506153,3
506153,1
506542,3
506207,3
506207,1
388320,1
388320,3
506263,3
506263,1
506094,3
506094,1
62368,2
505905,3
505905,1
506285,3
506285,1
506445,1
506445,3
506031,3
506031,1
505956,3
505956,1
505996,1
505996,3
506361,3
506361,1
388376,3
388376,1
506267,1
506319,3
506319,1
388308,3
388308,1
505923,3
505923,1
388351,3
388351,1
505927,3
505927,1
388349,3
388349,1
514813,3
388369,3
388369,1
388390,3
388390,1
506133,3
506133,1
388328,3
388328,1
511286,3
511286,1
506352,3
506352,1
506216,3
506216,1
506327,3
506327,1
506113,3
506113,1
506227,3
506227,1
388365,3
388365,1
388404,3
388404,1
506318,3
506318,1
505823,3
505823,1
388400,3
388400,1
506122,3
506122,1
506069,3
506069,1
506419,3
506419,1
506438,3
506438,1
388406,3
388406,1
505984,3
505984,1
505908,3
505908,1
388375,3
388375,1
506401,3
506401,1
506067,3
506067,1
506039,3
506039,1
506365,3
506365,1
388413,3
388413,1
388329,3
388329,1
505834,3
505834,1
388403,3
388403,1
388353,3
388374,3
388374,1
388323,3
388323,1
388338,3
388338,1
388319,3
388319,1
505999,3
505999,1
522625,3
522625,1
388298,3
388298,1
505940,3
505940,1
506182,3
506182,1
505985,3
505985,1
505857,3
505857,1
506286,3
506286,1
506231,3
506231,1
511965,3
511965,1
506360,3
506360,1
507738,3
507738,1
522755,3
522755,1
506392,3
506392,1
388395,3
388395,1
505760,3
505760,1
522514,3
522514,1
388322,3
388322,1
507739,3
507739,1
505840,3
505840,1
506197,3
506197,1
388398,3
388398,1
388344,3
388344,1
505941,3
505941,1
506034,3
506034,1
388341,3
388341,1
388394,3
388394,1
506393,3
506393,1
388393,3
388372,3
388372,1
522623,3
522623,1
506185,3
506185,1
388381,3
388381,1
506091,3
506091,1
522515,3
522515,1
506427,3
506427,1
522734,3
522734,1
505796,3
505796,1
522775,3
522775,1
506373,3
506373,1
505845,3
505845,1
388371,3
522496,3
522496,1
505976,3
505976,1
505922,3
505922,1
506363,3
506363,1
388370,3
388370,1
506088,3
506088,1
388396,3
388396,1
506525,3
506525,1
388332,3
505801,3
505801,1
388392,3
388392,1
506456,3
506456,1
388368,3
388368,1
506051,3
506051,1
506396,3
506396,1
388327,3
388327,1
388331,3
388331,1
388326,3
388326,1
388367,3
388340,3
388340,1
522531,3
522531,1
388294,3
388294,1
505906,3
505906,1
388391,3
522659,3
522659,1
506306,3
506306,1
388380,3
388380,1
506213,3
506213,1
388315,3
388315,1
388347,3
388347,1
506222,3
506222,1
388411,3
388411,1
388343,3
388343,1
506229,3
506229,1
506335,3
506335,1
506045,3
506045,1
505780,3
505780,1
506042,3
506042,1
506166,3
506166,1
506315,3
506315,1
506063,3
506063,1
506377,3
506377,1
388519,3
388519,1
505789,3
505789,1
388314,3
388314,1
388414,3
388414,1
522678,3
522678,1
388291,3
388291,1
522739,3
522739,1
388303,3
388303,1
506473,3
506473,1
506388,3
506388,1
506188,3
506188,1
388389,3
388389,1
388346,3
388346,1
506200,3
506200,1
506820,3
506820,1
506001,3
506001,1
505948,3
505948,1
388342,3
388342,1
388310,3
388310,1
506096,3
506096,1
506176,3
506176,1
506017,3
506017,1
506493,3
506493,1
506390,3
506390,1
505829,3
505829,1
528722,3
528722,1
522763,3
522763,1
388293,3
388293,1
505781,3
505781,1
506457,3
506457,1
505960,3
505960,1
506071,3
506071,1
522432,3
522432,1
523971,3
523971,1
523972,3
523972,1
388299,3
388299,1
388405,3
388405,1
506614,3
506614,1
522408,3
522408,1
388410,3
388410,1
522394,3
522394,1
522699,3
522699,1
506027,3
506027,1
505756,3
505756,1
388388,3
388388,1
388318,3
388318,1
506020,3
506020,1
388387,3
388387,1
506291,3
506291,1
505968,3
505968,1
388385,3
388385,1
388386,3
388386,1
388307,3
388307,1
388345,3
388345,1
388306,3
388306,1
522645,3
522645,1
388362,3
388362,1
388384,3
388384,1
388517,3
388517,1
388383,3
388383,1
528761,3
528761,1
388296,3
388296,1
506180,3
506180,1
506126,3
506126,1
506072,3
506072,1
505909,3
505909,1
388408,3
388408,1
506280,3
506280,1
388359,3
388359,1
505763,3
505763,1
506247,3
506247,1
506324,3
506324,1
94936,1
338803,3
18760,3
258637,3
18765,3
18764,3
409787,3
18763,3
409772,3
409767,3
384767,3
119675,3
409752,3
409750,3
409744,3
409730,3
409728,3
409727,3
409721,3
409719,3
18761,3
332278,3
409709,3
409708,3
18758,3
409706,3
18757,3
409682,3
409682,1
409676,3
409674,3
409672,3
18755,3
341625,3
386286,3
386283,3
380370,3
386250,3
386268,3
386264,3
282737,3
282750,3
372808,3
282751,3
189806,3
386270,3
380367,3
386277,3
378921,3
363609,3
165186,3
18754,3
409736,3
372481,3
284022,3
409724,3
386256,3
386289,3
409717,3
357870,3
282749,3
282739,3
386253,3
378923,3
386272,3
357117,3
386288,3
386285,3
386282,3
386276,3
386271,3
386269,3
386267,3
386263,3
386255,3
386252,3
386248,3
380369,3
380366,3
378922,3
378920,3
341624,3
384766,3
341622,3
100988,3
100988,1
305848,3
329964,3
329964,1
225801,3
225801,1
18679,3
18679,1
372656,3
175596,3
80821,3
3913,1
515182,3
210266,3
62093,3
315469,3
121403,3
125876,1
210210,3
248272,3
229010,3
56066,3
210263,3
54200,3
139147,3
378469,3
121405,3
210214,3
3923,3
98689,3
196149,3
29408,3
71510,3
120898,3
69919,3
58087,3
213133,3
70710,3
42009,3
3956,1
3957,3
226038,3
3959,3
275092,3
103226,3
194537,3
79336,3
79336,1
223027,3
68000,3
275084,3
92121,3
118017,3
118017,1
96540,3
210265,3
55257,3
46574,3
46574,1
213093,3
101096,3
42829,3
67894,3
67894,1
79834,3
79834,1
44371,3
522270,3
136172,3
101098,3
101098,1
3990,3
3990,1
140865,3
140864,3
196539,1
169607,1
29541,3
29541,1
213356,3
213356,1
79901,3
4004,3
29545,3
99837,3
21585,3
205800,3
115559,3
352604,3
323033,3
115560,3
181214,3
335785,3
335784,3
150715,1
321914,1
321913,1
4019,1
91900,1
92055,1
170774,1
321912,1
74527,1
78821,1
90156,1
56820,1
213572,3
57195,3
379064,3
213420,3
213420,1
4057,3
4057,1
78701,3
50984,3
65702,3
43307,3
34096,3
34096,1
30247,3
30247,1
131481,3
131481,1
258951,3
258951,1
4114,3
4114,1
4129,3
4129,1
401828,3
401828,1
369513,3
369513,1
4144,3
4144,1
341629,3
341629,1
30256,3
30256,1
165369,3
165369,1
4159,3
158002,3
213558,3
157998,3
157999,3
157999,1
213561,3
158003,3
158004,3
158004,1
337637,1
23653,3
20998,2
4248,2
133485,2
175241,2
27534,1
97422,3
158030,3
72394,3
114925,3
214050,1
214056,1
214057,1
214058,1
214060,1
214059,1
176640,1
214068,1
214071,1
176642,1
214082,1
214085,1
214087,1
214093,1
176643,1
214100,1
214101,1
214111,1
214112,1
214132,1
214138,1
214142,1
214165,1
214171,1
214177,1
214183,1
214186,1
214189,1
214190,1
176646,1
214194,1
214198,1
4333,1
214287,1
106102,1
214301,1
226520,3
322018,3
285675,3
327171,3
239736,3
300854,3
316880,3
343006,3
343006,1
297952,3
316881,3
293367,3
249606,3
4357,3
512156,3
512156,1
347709,3
347709,1
342008,3
342008,1
317130,3
317130,1
153087,3
153087,1
357473,3
357473,1
226521,3
226521,1
58329,3
58329,1
253316,3
253316,1
273758,3
273758,1
511284,3
511284,1
316882,3
316882,1
228610,3
228610,1
504999,3
504999,1
139170,3
139170,1
211521,3
211521,1
4362,3
378947,3
281601,3
348465,3
348465,1
307104,3
383357,3
383357,1
58328,3
58328,1
370060,3
370060,1
367707,3
367707,1
77139,3
77139,1
298676,3
298676,1
71980,3
71980,1
229829,3
229829,1
214532,3
214532,1
99361,3
99361,1
222288,3
222288,1
116231,3
116231,2
143506,3
143506,1
89376,3
89376,1
44679,3
44679,1
196402,3
196402,1
141035,3
141035,1
96756,3
96756,1
275543,3
275543,1
229828,3
229828,1
103180,3
103180,1
243761,3
90279,3
90279,1
99959,3
99959,1
227043,3
227043,1
92514,3
92514,1
93558,3
93558,1
316984,3
316984,1
271063,3
271063,1
4379,3
4379,1
212529,3
212529,1
214594,3
214594,2
214595,3
214595,1
4383,3
4383,1
222290,3
222290,1
98376,3
98376,1
4384,3
214603,3
214603,1
212957,3
212957,1
223058,3
223058,1
231440,3
231440,1
79479,3
79479,1
141032,3
141032,1
243475,3
243475,1
241265,3
241265,1
515192,3
515191,3
214614,3
214614,1
238675,3
238675,1
68691,3
68691,1
112839,3
112839,1
4404,3
4404,1
4408,3
4408,1
174691,3
174691,2
174691,1
155628,3
155628,2
155628,1
116233,3
116233,2
116233,1
55152,3
55152,1
174934,3
174934,1
57639,3
57639,1
222302,3
222302,1
312087,3
312087,1
214577,3
214577,1
49418,3
49418,1
138206,3
138206,2
138206,1
92515,3
92515,2
92515,1
4411,3
4411,2
222303,3
222303,1
183523,3
183523,1
302973,3
302973,2
183526,3
183526,2
183526,1
222304,3
222304,1
4412,3
4412,1
196403,3
196403,1
183527,3
183527,1
210963,3
210963,1
30659,3
30659,1
143335,3
143335,2
183800,3
183800,1
183801,3
183801,1
203097,3
203097,1
183528,3
183528,2
214624,3
214624,1
243355,3
243355,1
214625,3
214625,1
138205,3
138205,1
219918,3
219918,1
30658,3
30658,2
93444,3
93444,1
118604,3
118604,2
131964,3
131964,2
131964,1
97402,3
97402,1
194919,3
194919,1
118603,3
118603,1
89070,3
89070,1
144587,3
144587,2
136476,3
136476,1
42677,3
42677,1
51650,3
51650,1
131182,3
131182,2
214627,3
214627,1
214626,3
214626,1
214628,3
214628,1
214629,3
214629,1
372720,1
246980,1
4415,1
364732,1
290347,1
4418,1
355585,1
84094,1
114779,1
206299,1
71101,1
355586,1
79315,1
47695,1
380839,1
226578,1
114780,1
371213,1
355584,1
60284,1
376809,1
237573,3
237573,1
4420,1
30670,3
30670,1
4421,1
344060,1
214643,3
214643,1
208181,3
208181,1
358100,1
115081,1
72223,3
72223,1
91923,3
97419,3
30674,3
84395,3
136542,3
136542,1
49145,3
54825,3
54825,1
239691,3
4423,3
4423,1
269909,3
214652,3
214652,1
4427,3
4427,1
30675,3
30675,1
30676,3
30676,1
19926,3
19926,1
254121,3
254121,1
164065,3
164065,1
129803,3
129803,1
4429,3
202407,3
202407,1
30678,1
101292,3
101292,1
30679,3
62911,3
62911,1
256920,3
256920,1
248007,3
248007,1
141839,3
141839,1
170107,3
170107,1
4435,1
240987,3
240987,1
62912,3
62912,1
42928,3
42928,1
176471,3
176471,1
51014,3
51014,1
103607,3
241526,3
153548,3
179498,3
138236,3
167965,3
374789,3
374789,1
210159,3
210159,1
89855,3
89855,1
68060,3
526646,3
526646,1
75587,3
75587,1
301249,3
301249,1
68800,3
68800,1
374692,1
374692,3
213667,3
213667,1
51168,3
91491,3
91491,1
373930,1
373930,3
58457,3
58457,1
43390,3
30704,3
53470,3
66757,3
71660,3
71660,1
323294,3
323294,1
374688,1
374688,3
30705,1
30705,3
374682,1
374682,3
370724,1
370724,3
374684,1
374684,3
374686,1
374686,3
223071,1
223071,3
352796,1
352796,3
368359,3
368359,1
368668,3
368668,1
59651,3
59651,1
372827,3
374689,1
374689,3
4511,3
4511,1
373929,1
373929,3
524545,3
524545,1
129057,3
129057,1
214710,3
214710,1
30709,3
65140,3
46974,3
214711,3
374691,1
374691,3
80635,1
80635,3
250586,3
250586,1
117728,3
117727,3
214718,1
381910,3
381914,3
381949,1
381964,1
214727,3
214727,1
214728,3
214728,1
214732,3
214732,1
106105,1
97510,3
97510,1
30733,3
30733,1
89294,3
89294,1
205991,3
205991,1
202899,3
202899,1
4552,3
4552,1
131850,3
131850,1
20278,3
20278,1
147186,3
147186,1
137770,3
137770,1
154251,3
154251,1
30774,1
223074,1
4558,1
237122,1
98472,1
30782,1
366847,1
4562,3
4562,1
30746,1
315381,1
30734,1
43356,1
62238,1
4577,1
180257,1
68252,1
155963,1
175477,1
180149,1
306299,1
4588,1
4589,3
4589,1
95985,1
110828,1
175488,1
4590,1
30744,1
302206,1
30783,3
30783,1
62369,1
315640,1
323313,1
125360,1
21994,1
4601,1
4605,1
125359,1
30753,1
4615,1
4619,1
98700,1
20156,1
55708,1
102347,1
4635,1
4639,1
223085,1
72204,1
307105,1
4651,1
21991,1
128418,1
60414,3
60414,1
182128,1
54086,1
66001,1
302079,1
302077,1
30761,1
75810,1
91655,1
66896,1
68801,1
94939,1
131680,3
131680,1
302078,1
4673,1
20319,1
175517,1
23525,3
23525,1
4677,1
99093,1
4682,1
119778,1
47155,1
82394,3
82394,1
70014,1
273004,3
66185,1
114300,1
253100,1
327513,1
48357,1
205894,1
522969,1
196828,1
327925,1
339157,1
4716,1
4716,3
4714,1
214378,1
214378,3
268580,1
111802,1
90313,1
226325,1
523621,1
76158,1
71434,1
4734,1
134108,1
4739,1
349063,1
213605,1
115153,1
213602,1
156860,1
210430,1
182261,1
370625,1
340964,1
503988,1
335606,1
76030,1
210702,1
190940,1
226327,1
388157,1
4743,1
186670,1
4744,1
107622,1
43675,1
194920,1
61591,1
336208,1
103879,1
4748,1
4749,1
4750,1
47463,1
522642,1
86608,1
64375,1
214387,1
333415,1
24479,1
42165,1
315748,3
279971,3
378174,3
94273,3
58155,3
75543,3
68621,3
500294,3
136337,3
376784,3
47284,3
115527,3
145768,3
77290,3
5026,3
30925,3
30925,2
96279,3
30926,3
187810,3
5028,3
504553,1
504027,1
5036,1
352917,1
5037,1
368146,3
22569,1
110914,1
305383,3
305383,1
537170,1
5145,1
360402,1
273347,1
93365,1
51925,1
253659,3
50540,3
50540,1
323520,3
323520,1
73354,3
73354,2
180536,3
131963,3
349439,3
322780,3
322780,1
324911,3
317580,3
329771,3
254220,3
360340,3
305985,3
324131,3
309503,3
335534,3
371078,3
144921,3
192402,3
174973,3
174974,3
60584,3
287067,3
288146,3
189769,1
90330,1
87827,1
91725,1
58649,1
89362,1
98559,1
93942,1
87527,1
90006,1
102971,1
114428,1
98479,1
66380,1
31003,1
20271,1
31004,3
5244,1
31008,1
68885,1
31010,1
323558,1
44670,1
98153,1
136718,1
332083,1
332082,1
332086,1
100000,1
94209,1
31054,1
93135,1
372335,1
96805,1
42463,1
369667,1
119067,1
119069,1
91008,1
97767,1
245386,3
114349,1
102796,3
102796,1
524090,3
226616,3
226616,1
162386,3
162386,1
273007,3
78299,3
156689,3
238430,3
238430,1
5308,3
5311,3
5311,1
65250,3
353031,3
335194,3
150416,3
150416,1
104443,3
104443,1
154945,3
309210,3
309211,3
380618,3
325224,3
325224,1
134581,3
134581,1
93021,3
41547,3
41547,1
175607,3
5314,3
517677,3
31124,3
31124,1
31129,3
233439,3
351680,3
5323,3
5323,1
56990,3
56990,1
5328,3
90801,3
56504,1
5331,3
5331,1
381439,3
381439,1
46175,3
46175,1
56422,3
56422,1
361663,3
42627,3
42627,1
517714,3
287737,3
350951,3
287738,3
286240,3
286240,1
111394,3
90607,3
90607,1
5337,3
31154,3
311238,1
5339,1
101167,3
258666,3
368673,3
253551,3
89814,3
89814,1
61750,3
208545,3
89400,3
226250,3
226250,1
109714,3
109714,1
159211,3
159211,1
195402,3
103009,3
103009,1
134950,3
324139,3
156366,1
156365,3
167598,3
227899,3
227899,1
318022,3
318022,1
317156,3
317156,1
317521,3
317521,1
167600,3
219931,3
219931,1
327566,3
327566,1
318021,3
318021,1
156362,3
156362,1
5349,1
82740,3
75047,3
79802,3
5354,3
5356,3
5359,3
5360,3
5361,3
76895,3
131210,3
64089,3
5371,3
240650,3
54201,3
54201,1
69290,3
181224,1
181225,1
50077,1
151744,1
346721,1
293387,1
386639,1
378701,1
341520,1
371029,1
165753,1
164243,1
378175,1
372559,1
165739,1
341604,1
388740,1
341515,1
364612,1
341517,1
31339,1
132447,1
165755,1
353045,1
378702,1
383648,1
353046,1
178339,1
168534,1
164245,1
180698,1
258953,1
165354,1
165916,1
165104,1
402741,1
5432,1
5433,1
40939,1
5436,1
158381,1
143349,1
5453,1
5456,1
5466,3
5475,1
119576,1
371022,1
31325,1
5486,1
5487,1
5508,1
5509,1
341522,1
5513,1
402938,1
5517,1
5518,1
402946,1
5522,1
20561,1
5536,1
42088,1
403007,1
31363,1
31368,1
31369,1
403064,1
158382,1
5581,1
5597,1
5603,1
88868,1
5611,1
158841,1
5499,1
158842,1
165742,1
31372,1
20911,1
183209,1
323854,1
69116,1
537776,3
323859,3
323859,1
171271,3
332461,3
332461,1
323906,3
118448,3
323928,3
323928,2
331112,3
357501,3
323871,3
323871,2
68892,3
55989,3
48910,3
48910,2
198024,3
198024,2
117521,3
537721,3
357493,3
5652,3
98126,3
189318,3
80676,3
80676,2
5661,3
93489,3
162556,3
162556,2
147575,3
98445,3
98445,2
170050,3
5666,3
241816,3
241816,2
31526,3
23222,3
5672,3
74153,3
74153,1
96461,3
96461,1
96462,3
58372,3
92028,3
89836,3
89837,3
31515,3
95835,3
95835,2
60461,3
60461,1
195826,3
195826,1
91742,3
92761,3
323899,3
323899,2
95265,3
95265,2
205681,3
323889,3
323886,3
124535,3
124535,2
137529,3
137529,2
94810,3
92251,3
99441,3
99441,2
195353,3
195353,2
89655,3
100022,3
89152,3
350381,3
350382,3
331111,3
46757,3
46757,1
202614,3
202614,1
219215,3
219215,1
296419,3
296419,1
5787,1
5787,3
74917,3
47389,3
5811,3
178015,3
178014,3
49700,3
66254,3
262317,3
262317,1
324016,3
324016,1
5846,3
5846,1
51371,3
51371,1
5847,3
5847,1
5848,1
62526,1
365021,3
365021,1
366173,3
366173,1
234813,3
234813,1
318233,1
155974,1
121703,1
128944,1
93351,1
31825,1
5913,1
196450,1
125063,1
53129,1
5927,1
281179,1
281178,1
364711,3
327515,3
219647,1
62906,3
5996,3
130747,3
93964,3
179111,3
6016,1
359501,3
6019,3
6040,1
6041,3
306644,1
6055,1
6075,1
230395,3
146212,3
230124,3
187825,3
281048,3
164273,3
226081,3
76255,3
31917,3
86081,3
223260,3
6091,3
368027,3
83211,3
103756,3
293060,3
73332,3
154041,3
119080,3
89347,3
124248,3
85346,3
383654,3
275262,3
106994,3
256029,3
283958,3
102124,3
341689,3
125442,3
530138,1
31927,1
209670,1
301001,1
19902,3
19902,1
98232,1
49121,1
6152,1
89146,1
529331,3
529331,2
529331,1
22167,3
242923,3
223265,3
96817,3
48153,3
209338,3
209338,2
99611,3
65882,3
68738,3
131417,3
152396,3
207661,3
223269,3
113943,3
101201,3
203715,3
223270,3
223271,3
223277,3
196041,3
196041,1
50790,3
50790,2
31943,3
31943,2
101762,3
6179,3
182579,3
103626,3
103626,1
53481,3
53481,2
58216,3
58216,2
195628,3
195628,2
6182,3
6182,2
65855,3
65855,2
54214,3
54214,2
103913,3
25899,3
25899,2
25899,1
219161,3
219161,2
219161,1
223287,3
223287,2
152144,3
152144,2
191120,3
191120,2
114462,3
114462,2
62128,3
94168,3
94168,2
92002,3
92002,2
243749,3
6185,3
6185,2
51349,3
99759,3
99759,2
99759,1
62115,3
60401,3
60401,1
46860,3
46860,2
247096,3
247096,1
158521,3
70345,3
158520,3
240122,3
240122,2
25939,3
249486,3
31947,3
31949,3
31948,3
22785,3
158510,3
158511,3
158511,2
69247,3
69247,2
158523,3
25903,3
182580,3
44340,3
21499,1
58725,3
58725,1
104031,1
312560,1
384316,1
192171,1
254007,1
297251,1
511539,1
104319,1
327516,1
312611,1
379542,1
211282,1
102956,1
187832,1
6220,1
120893,3
381708,1
505521,1
342350,1
385415,1
505267,1
312559,1
244689,1
247078,1
377748,1
377745,1
42907,1
6232,1
314104,1
6235,1
6235,3
107623,1
6239,1
6240,1
31966,1
529000,1
6242,3
6242,1
125401,1
6245,1
268548,1
327517,1
140026,1
102178,1
218385,1
219159,1
6261,1
6263,1
115504,1
6266,1
31979,1
106114,1
6275,1
290630,1
293298,1
218383,1
107366,1
383077,1
31986,1
233499,1
120137,1
31990,1
351879,3
227627,3
227627,1
58015,3
58015,1
228843,3
228843,1
6310,3
6310,1
128912,3
128912,1
21732,3
21732,1
324125,3
324125,1
91539,3
91539,1
324143,3
324143,1
83069,3
83069,1
6311,3
6311,1
195355,1
195355,3
324179,3
324179,1
21344,3
21344,1
60411,3
60411,1
95361,3
95361,1
126009,3
126009,1
64568,3
64568,1
66158,3
66158,1
321283,3
321283,1
99017,3
99017,1
21089,3
21089,1
380536,3
269487,3
269487,1
269488,3
269488,1
93213,3
93213,1
78023,3
78023,1
307421,3
307421,1
103354,3
103354,1
142414,3
142414,1
89095,1
42776,3
42776,1
296773,3
296773,1
142415,3
142415,1
128269,3
128269,1
169093,3
169093,1
377010,3
377010,1
361202,3
361202,1
361203,3
361203,1
361216,3
361216,1
361207,1
361215,3
361215,1
361214,3
361214,1
361218,3
361218,1
375031,3
375031,1
73957,3
120469,3
57401,3
6336,2
68802,2
6339,1
192984,3
115566,3
188023,1
255434,3
187438,3
68842,1
386961,1
32065,1
32064,1
387181,1
76491,1
68370,1
64756,3
29549,3
98221,3
83710,3
97815,3
237027,3
278576,1
278933,3
278569,3
529070,1
32100,3
361702,3
95426,3
371929,3
97816,3
501317,3
289153,3
372533,3
202734,3
373002,3
501318,3
373003,3
6522,3
6522,2
6522,1
158622,3
158622,2
158622,1
45833,3
45833,2
45833,1
245387,3
6539,3
248731,1
6544,3
76467,3
121251,3
121251,1
287338,3
287338,1
324194,3
324194,1
140431,3
140431,1
46093,1
239347,1
6596,1
223358,3
223358,1
273051,3
273051,1
328184,3
328184,1
96751,1
291746,1
54981,1
360839,1
32134,1
23567,3
23567,1
6602,3
48431,3
48431,1
223359,3
223359,1
93944,3
93944,1
223361,3
223361,1
286963,3
286963,1
98591,3
98591,1
91575,3
91575,1
345418,3
345418,1
242749,3
242749,1
352290,3
352290,1
74780,3
74780,1
173098,3
173098,1
109862,3
109862,1
223368,3
223368,1
89537,3
89537,1
47261,3
47261,1
81015,3
81015,1
91978,3
91978,1
99906,3
99906,1
95524,3
95524,1
156682,3
156682,1
53895,3
53895,1
92870,1
89926,3
89926,1
90935,3
90935,1
300272,3
300272,1
72797,3
72797,1
97318,3
97318,1
6607,3
6607,1
223373,3
223373,1
78787,3
99507,3
99507,1
47240,3
47240,1
91781,3
91781,1
42628,3
42628,1
78641,3
78641,1
57105,3
57105,1
90415,3
90415,1
76297,3
76297,1
53767,3
53767,1
97702,3
97702,1
92839,3
92839,1
77760,3
77760,1
93499,3
93499,1
91206,3
91206,1
355599,3
355599,1
98068,3
98068,1
98656,3
98656,1
90663,3
90663,1
96868,3
96868,1
93199,1
369944,3
369944,1
91597,1
95416,1
52366,1
91704,1
95227,3
95227,1
293395,3
293395,1
32266,3
32266,1
98475,1
89709,1
89710,1
48295,1
223375,3
223375,1
91315,3
91315,1
98064,3
98064,1
96439,3
96439,1
91475,3
91475,1
98092,3
98092,1
93177,3
93177,1
99466,3
99466,1
72798,3
72798,1
192841,3
192841,1
51769,3
51769,1
90610,3
90610,1
71925,3
71925,1
98661,3
98661,1
352291,3
352291,1
32295,3
32295,1
67318,3
67318,1
72720,3
72720,1
89866,3
89866,1
51079,3
51079,1
91783,3
91783,1
128924,3
128924,1
98829,3
98829,1
302465,3
302465,1
95406,3
95406,1
97001,3
97001,1
90416,3
90416,1
90417,3
90417,1
63111,3
63111,1
32307,3
32307,1
92551,3
92551,1
97365,3
97365,1
99962,3
99962,1
90937,3
90937,1
91207,3
91207,1
97703,3
97703,1
90464,3
90464,1
55773,3
55773,1
95046,3
95046,1
89678,3
89678,1
95124,3
95124,1
307708,3
307708,1
171390,3
171390,1
368393,3
368393,1
194041,3
194041,1
91598,3
91598,1
97316,3
97316,1
96924,3
96924,1
98660,3
98660,1
111378,3
111378,1
32278,3
32278,1
91780,3
91780,1
98976,3
98976,1
94384,3
94384,1
97314,1
97315,3
97315,1
97503,1
91357,1
156054,3
156054,1
99804,1
93500,1
91705,3
91705,1
96252,3
96252,1
324236,3
324236,1
324258,3
127600,3
127600,1
66112,3
66112,1
94942,3
94942,1
91700,3
91700,1
97707,3
97707,1
97708,3
97708,1
293433,3
293433,1
96814,1
96814,3
91666,3
91666,1
95340,3
95340,1
99539,1
99539,3
67884,3
67884,1
95642,1
95642,3
91569,3
91569,1
89137,3
89137,1
97888,3
97888,1
90411,3
90411,1
99298,3
99298,1
68755,1
68755,3
32377,1
88272,3
88272,1
75195,3
75195,1
331724,3
331724,1
94518,3
94518,1
171309,3
171309,1
6640,3
6640,1
6665,3
6665,1
293428,3
293428,1
322191,3
322191,1
105997,3
105997,1
317856,3
317856,1
91340,3
91340,1
239345,3
239345,1
338792,3
32388,3
45349,3
140457,3
46190,1
333328,3
333328,1
6669,1
70365,1
47073,3
47073,1
90078,3
90078,1
223386,3
223386,1
120914,1
113435,1
239446,3
239446,1
239443,3
239443,1
239442,3
239442,1
239445,1
239445,3
239444,3
239444,1
6673,1
32397,1
328177,1
64978,1
95111,1
65645,1
324255,3
6681,3
87959,1
90131,1
51336,3
32404,3
32405,3
96506,3
66703,3
93909,3
32412,3
171393,3
87949,3
32416,3
62164,3
293411,3
293411,1
156687,3
89295,3
89296,3
317868,3
67674,3
96618,3
6686,3
32429,3
94077,3
94077,1
96236,3
61550,3
90918,3
97870,3
97870,1
97181,3
97181,1
64017,3
64017,1
90239,3
90239,1
293398,3
293398,1
89672,3
89672,1
93679,3
93679,1
98450,3
98450,1
293397,3
293397,1
6706,3
6706,1
307703,1
266092,1
93502,3
93502,1
298935,3
298935,1
91316,3
91316,1
98065,3
98065,1
99805,3
99805,1
91476,3
91476,1
48322,3
48322,1
93178,3
93178,1
91318,3
91318,1
275893,3
275893,1
95498,3
95498,1
235368,3
235368,1
258439,3
258439,1
103745,3
103745,1
258437,3
258437,1
75095,3
75095,1
305328,3
305328,1
109473,3
109473,1
127599,3
127599,1
91477,3
91477,1
127392,3
127392,1
298936,3
298936,1
114441,3
114441,1
111200,3
111200,1
172977,3
172977,1
130591,3
130591,1
176805,3
176805,1
169170,3
169170,1
128974,3
128974,1
381441,3
381441,1
32396,3
90191,3
90191,1
94811,3
90517,3
90517,1
98442,3
98442,1
90226,3
90226,1
92414,3
92414,1
339596,3
339596,1
90599,3
90599,1
97149,3
97149,1
110724,3
110724,1
174572,1
64777,3
64777,1
116823,3
116823,1
6736,1
59970,1
6741,1
374664,3
374664,1
383660,3
508048,1
385774,1
32582,3
337240,3
337240,1
96211,3
96211,1
241531,3
241531,1
52886,3
52886,1
99676,3
99676,1
32616,3
32616,1
89828,3
89828,1
98844,3
98844,1
98363,3
98363,1
239047,3
239047,1
363781,3
363781,1
521611,3
521611,1
78529,3
78529,1
89707,3
89707,1
95579,3
95579,1
386935,3
386935,1
91898,3
91898,1
319899,3
319899,1
94674,3
94674,1
103930,3
103930,1
97349,3
97349,1
92470,3
92470,1
384876,3
384876,1
98168,3
98168,1
372762,3
372762,1
334668,3
334668,1
521648,3
521648,1
44649,3
44649,1
387266,3
387266,1
387265,3
387265,1
32598,3
32598,1
59051,3
59051,1
43206,3
43206,1
333418,3
333418,1
521138,3
521138,1
343381,3
343381,1
20037,3
20037,1
324287,3
324287,1
54360,3
54360,1
32599,3
32599,1
387268,3
387268,1
32605,3
32605,1
194842,3
194842,1
32603,3
32603,1
6861,3
6861,1
55322,3
55322,1
97333,3
97333,1
387275,3
387275,1
324289,3
324289,1
6868,1
6869,1
403419,3
158706,1
158706,3
240710,1
19677,1
158709,1
240063,3
240063,1
24109,1
32641,3
32641,1
294810,1
337333,1
182089,1
25081,3
25081,1
347723,3
374761,3
227875,3
329035,3
177972,3
177972,1
373928,3
373928,1
171496,3
171496,1
169757,3
169757,1
169698,3
169698,1
227977,3
227977,1
169758,3
169758,1
171497,3
171497,1
95909,3
95909,1
206003,3
206003,1
117271,3
117271,1
96285,3
96285,1
76922,3
76922,1
6980,3
6980,1
128420,3
128420,1
51770,3
51770,1
6982,1
6982,3
48106,1
48106,3
345062,3
345062,1
84256,3
84256,1
96928,3
96928,1
6987,3
6987,1
89867,3
89867,1
308617,3
308617,1
275735,3
275735,1
119856,3
119856,1
194845,3
194845,1
98830,3
98830,1
32687,3
32687,1
89058,3
89058,1
90418,3
90418,1
191101,3
191101,1
72799,3
72799,1
345061,3
345061,1
119849,3
119849,1
251734,3
251734,1
241725,3
241725,1
308618,3
308618,1
92112,3
92112,1
6989,3
6989,1
243592,3
243592,1
205880,3
205880,1
7001,3
7001,1
95047,3
95047,1
285916,3
285916,1
52733,3
52733,1
324815,3
324815,1
344198,3
227973,3
63943,3
63943,1
111162,3
111162,1
63944,3
63944,1
104783,3
104783,1
269588,3
269588,1
209430,3
209430,1
32716,3
32716,1
241277,3
241277,1
108180,3
108180,1
209431,3
209431,1
174799,3
174799,1
177971,3
177971,1
381392,3
381392,1
146219,3
146219,1
343421,3
343421,1
75349,3
75349,1
96870,3
96870,1
43191,3
43191,1
271130,3
271130,1
68656,3
68656,1
70298,3
70298,1
59235,3
59235,1
319512,3
319512,1
91706,3
91706,1
95229,3
155570,3
155570,1
108610,3
108610,1
103162,3
103162,1
241278,3
241278,1
319513,3
319513,1
343422,3
343422,1
32704,3
32704,1
502891,3
502891,1
7006,3
7006,1
25120,3
25120,1
7009,3
7009,1
317964,3
317964,1
69797,3
69797,1
7012,3
7012,1
227971,3
227971,1
211194,3
211194,1
374995,3
374995,1
91109,3
91109,1
84808,3
84808,1
32715,3
32715,1
184248,3
248266,3
145721,3
80740,3
7052,1
327519,1
24426,1
206180,1
370893,1
131790,1
7068,1
7071,1
524809,1
7105,1
77801,1
324861,1
7107,1
7108,1
324869,3
7118,3
366505,3
347360,3
326814,3
326814,1
355249,3
347361,3
110200,3
110200,1
310119,3
310119,1
311451,3
311451,1
7120,3
54520,3
54520,1
7143,3
7143,1
301077,3
524636,3
360165,3
526496,3
297260,3
130653,3
374331,3
374332,3
227046,3
227046,1
332272,3
308243,3
337178,3
374333,3
180907,3
82475,3
352611,3
126846,3
227702,3
63525,3
351706,3
359503,3
255443,3
190953,3
180908,3
52298,3
372714,3
304554,3
189903,3
212074,3
300877,3
331033,3
238682,3
372713,3
56352,3
79375,1
7145,1
124104,1
79635,1
7146,1
383663,3
183683,3
182564,3
131600,1
7161,1
308635,1
328319,1
248056,1
514325,1
327521,1
141246,1
116144,1
7170,1
7171,1
382351,1
7173,1
176315,3
110704,3
143630,3
93230,3
61296,3
97060,3
146546,3
202910,3
147426,3
304268,3
124224,3
124242,3
57837,3
319954,3
372948,3
50052,3
522848,3
124237,3
187637,3
187638,3
7210,3
86173,3
81278,3
362184,3
325126,3
91274,3
95900,3
112593,3
83089,3
83089,1
97759,3
105057,3
223460,3
96068,3
228149,3
105615,3
71890,3
254817,3
253703,3
381530,3
91165,3
91165,1
7260,3
96692,3
7261,3
95573,3
99480,3
256793,3
48006,3
94712,3
32903,3
515210,3
217961,3
227703,3
297711,3
89900,3
151034,3
214902,3
98658,3
254818,3
342410,3
223463,3
99468,3
48475,3
91228,3
95251,3
223464,3
515209,3
347156,3
217962,3
257040,3
101339,3
51570,3
32913,3
32915,3
269536,3
226999,3
183347,3
81901,3
101061,3
32916,3
32917,3
274777,3
279517,3
273946,3
273946,1
158867,3
218497,3
308924,3
218499,3
307455,3
523223,3
96406,3
96406,1
163507,1
163507,3
7331,3
32966,3
45580,3
45580,1
67324,3
67324,1
52606,3
52606,1
47576,3
47576,1
74763,3
74763,1
81976,3
81976,1
96415,3
96415,1
64212,3
64212,1
83027,3
83027,1
90985,3
90985,1
76451,3
76451,1
33274,3
33274,1
249867,3
249867,1
87699,3
87699,1
7473,3
7473,1
7480,3
7482,3
7482,1
93095,3
93095,1
93221,3
93221,1
138566,3
138566,1
7498,3
7498,1
290759,3
92301,3
92301,1
76985,3
76985,1
60777,3
60777,1
47101,3
47101,1
61607,3
57076,3
24665,3
24665,1
137326,3
63397,3
7595,3
285400,3
219334,3
86039,3
194229,3
82206,3
33348,3
7605,3
359568,3
194367,3
219335,3
504382,1
504062,1
118140,3
285765,3
49239,3
7679,3
304900,3
370631,3
368028,3
287890,3
7686,3
7686,1
93115,3
57511,3
33397,3
69691,1
80186,3
33402,1
67729,3
7728,1
7732,1
114269,1
89863,1
90457,1
90174,1
56925,1
120482,1
94064,1
7756,3
24393,3
183318,1
236988,1
334848,1
375378,1
103734,1
210450,1
386782,1
386784,1
386806,1
386765,1
386766,1
386769,1
386776,1
386781,1
386809,1
8030,3
8048,1
346879,3
346879,1
370691,3
357165,3
357165,1
357166,3
361662,3
361662,1
357171,3
386634,3
386634,1
302211,3
302211,1
386632,3
386632,1
357178,3
357178,1
508144,3
357223,3
357228,3
357228,1
357231,3
357231,1
371064,3
371064,1
357241,3
357248,3
357248,1
8082,3
8082,2
180024,3
180024,2
505645,1
308693,1
8108,1
74878,1
8110,1
268551,1
522375,1
139672,1
347178,1
332883,3
332883,1
523637,1
523637,3
515614,3
515614,1
76751,3
106141,1
106142,1
341701,1
106143,1
8153,1
106144,1
106145,1
8156,3
125026,3
8196,3
113953,3
8197,3
81271,1
91600,3
90032,1
119041,1
80471,1
8228,1
8230,1
65047,1
69512,1
33682,1
8231,1
31417,1
8232,1
256274,1
107212,3
107212,1
83024,3
83024,1
92893,3
92893,1
130088,3
130088,1
33713,3
166277,3
78043,3
8260,3
33719,1
8266,1
33717,1
155369,1
327522,1
140947,1
379200,3
379200,1
98657,3
98657,1
94150,3
94150,1
131455,3
131455,1
136369,3
136369,1
215233,3
215233,1
8294,3
8294,1
307588,3
307588,1
82209,3
82209,1
175597,3
175597,1
33786,3
33786,1
241730,3
241730,1
98902,3
98902,1
215186,3
215186,1
180592,3
180592,1
359143,3
359143,1
359144,3
359144,1
33796,3
33796,1
83862,3
83862,1
92521,3
92521,1
33798,3
33798,1
72197,3
72197,1
503428,3
503428,1
354852,3
354852,1
359145,3
359145,1
182269,3
182269,1
203412,3
203412,1
124402,3
124402,1
351735,3
351735,1
367755,3
367755,1
83412,3
83412,1
359146,3
359146,1
379199,3
379199,1
132885,3
132885,1
337932,3
337932,1
99068,3
99068,1
94071,3
94071,1
54789,3
54789,1
68472,3
68472,1
68473,3
68473,1
97171,3
97171,1
47522,3
47522,1
162613,3
162613,1
78181,3
78181,1
500156,3
500156,1
500155,3
500155,1
300610,3
300610,1
298102,3
298102,1
94592,3
94592,1
60028,3
60028,1
99153,3
99153,1
101181,3
101181,1
335136,3
335136,1
271193,3
271193,1
209437,3
209437,1
98956,3
98956,1
94671,3
94671,1
89498,3
89498,1
242623,3
242623,1
128575,3
128575,1
89720,3
89720,1
352717,3
352717,1
65152,3
65152,1
96202,3
96202,1
195620,3
195620,1
334212,3
334212,1
92309,3
92309,1
80914,3
80914,1
25109,3
25109,1
44147,3
44147,1
181183,3
181183,1
341781,3
341781,1
363825,3
363825,1
131133,3
131133,1
124835,3
124835,1
242626,3
242626,1
99827,3
99827,1
48867,3
48867,1
91901,3
91901,1
189896,3
189896,1
80795,3
80795,1
109888,3
109888,1
339010,3
339010,1
89700,3
89700,1
242628,3
242628,1
334790,3
334790,1
101901,3
101901,1
342432,3
342432,1
326964,3
326964,1
326967,3
326967,1
386566,3
386566,1
301071,3
301071,1
346075,3
346075,1
363997,3
363997,1
386567,3
386567,1
298103,3
298103,1
90157,3
90157,1
50924,3
50924,1
171001,3
171001,1
311628,3
311628,1
96237,3
96237,1
381192,3
381192,1
348158,3
348158,1
60997,3
60997,1
52450,3
52450,1
356526,3
285332,3
285332,1
99747,3
99747,1
62239,3
62239,1
501487,3
501487,1
131122,3
64296,3
64296,1
69865,3
69865,1
56096,3
56096,1
171898,3
171898,1
171305,3
171305,1
89028,3
89028,1
68587,3
68587,1
150064,3
150064,1
193964,3
193964,1
139906,3
139906,1
104284,3
104284,1
180593,3
94166,3
94166,1
138697,3
138697,1
124538,3
124538,1
348160,3
348160,1
169610,3
169610,1
226442,3
226442,1
136000,3
136000,1
65153,3
65153,1
171098,3
242630,3
242630,1
97635,3
97635,1
92997,3
92997,1
92998,3
92998,1
61039,3
61039,1
131124,3
128576,3
128576,1
97282,3
97282,1
250355,3
250355,1
69798,3
69798,1
33836,3
33836,1
271205,3
271205,1
98085,3
98085,1
239449,3
239449,1
56457,3
56457,1
286075,3
286075,1
103260,3
103260,1
78284,3
78284,1
356527,3
226526,3
226526,1
348159,3
348159,1
345796,3
345796,1
33840,3
33840,1
72342,3
72342,1
135875,3
135875,1
215182,3
215182,1
89830,3
89830,1
317138,3
317138,1
223708,3
223708,1
42395,3
42395,1
56808,3
56808,1
515494,3
515494,1
136377,3
136377,1
191788,3
191788,1
343252,3
343252,1
93330,3
93330,1
97916,3
97916,1
341827,3
341827,1
349705,3
349705,1
326839,3
326839,1
304904,3
304904,1
304905,3
304905,1
331246,3
331246,1
195621,3
195621,1
48896,3
48896,1
220300,3
220300,1
80083,3
80083,1
94836,3
94836,1
136373,3
136373,1
71192,3
71192,1
98437,3
98437,1
51585,3
51585,1
365076,3
365076,1
307099,3
92061,3
92061,1
128579,3
128579,1
102233,3
102233,1
104694,3
104694,1
103596,3
103596,1
226527,3
226527,1
102683,3
102683,1
104713,3
104713,1
109189,3
109189,1
169738,3
169738,1
110271,3
110271,1
90829,3
90829,1
318322,3
318322,1
294694,3
294694,1
311629,3
311629,1
326973,3
326973,1
207483,3
207483,1
383669,3
383669,1
293225,3
293225,1
209436,3
209436,1
268696,3
268696,1
343249,3
343249,1
339009,3
339009,1
294695,3
294695,1
318323,3
318323,1
318320,3
318320,1
308088,3
308088,1
327563,3
327563,1
359086,3
359086,1
358935,3
358935,1
141804,3
141804,1
307098,3
307098,1
320219,3
320219,1
383671,3
383671,1
375090,3
375090,1
309925,3
309925,1
8304,3
8304,1
227633,3
227633,1
182470,3
182470,1
83459,3
83459,1
124536,3
124536,1
93093,3
93093,1
135999,3
135999,1
136375,1
33732,1
33732,3
338065,3
338065,1
101184,3
101184,1
337657,3
337657,1
171686,3
171686,1
8307,1
8307,3
214541,3
214541,1
52558,3
52558,1
164619,3
164619,1
8309,3
8309,1
8310,1
8310,3
8311,3
8311,1
167693,3
167693,1
48682,3
48682,1
8312,3
8312,1
215190,3
115571,3
115571,1
86274,3
86274,1
76021,3
76021,1
361167,3
361167,1
43884,3
43884,1
8314,3
8314,1
332569,3
332569,1
33742,3
33742,1
8317,3
8317,1
8318,3
8318,1
8319,3
8319,1
55258,3
55258,1
19580,3
19580,1
72509,3
72509,1
8322,3
8322,1
91425,3
91425,1
55301,3
55301,1
8326,3
8326,1
8325,3
8325,1
8327,3
8327,1
33745,3
33745,1
21635,3
21635,1
165964,3
165964,1
293221,3
293221,1
84412,3
84412,1
271190,3
271190,1
8329,3
8329,1
80203,3
80203,1
164596,3
164596,1
8330,1
33747,1
33747,3
75026,3
75026,1
8332,1
8332,3
21411,3
21411,1
323636,3
323636,1
33791,3
33791,1
8333,1
22319,3
22319,1
57065,3
57065,2
337658,3
337658,1
338050,1
338050,3
33757,3
33757,1
94116,3
94116,1
74504,3
74504,2
75833,3
75833,1
53414,3
53414,1
344756,3
344756,1
8337,3
8337,1
8338,3
8338,1
73584,3
73584,1
8341,3
8341,1
48238,1
48238,3
58115,3
58115,1
89765,3
89765,1
8343,3
8343,1
93885,3
93885,1
96110,3
96110,1
47069,3
47069,1
152137,3
152137,1
8345,3
8345,1
65947,3
65947,1
8346,3
8346,1
99320,3
99320,1
8347,3
8347,1
85173,3
105705,3
105705,1
128522,3
128522,1
57343,3
57343,1
33762,3
33762,1
97780,3
97780,1
171426,3
171426,1
44198,3
44198,1
8349,3
8349,1
93654,3
93654,1
50156,3
50156,1
97194,3
97194,1
8352,3
8352,1
98167,3
98167,1
62106,3
46851,1
46851,3
8356,3
8356,1
8357,3
8357,1
33769,3
33769,1
134455,3
134455,1
8358,1
8358,3
8359,3
8359,1
71387,3
71387,1
8361,3
8361,1
87643,3
87643,1
8362,3
8362,1
383881,3
383881,1
128577,3
128577,1
8363,3
8363,1
105261,3
105261,1
86441,3
86441,1
8364,3
8364,1
139907,3
139907,1
124539,3
124539,1
98774,3
98774,1
118308,3
118308,1
171681,3
171681,1
250356,3
250356,1
8366,3
8366,1
245230,3
245230,1
113739,3
113739,1
8367,3
8367,1
33775,3
33775,1
8369,3
8369,1
70274,3
70274,1
43481,3
43481,1
8370,1
8370,3
33777,3
33777,1
46407,3
46407,1
56634,3
56634,1
64158,3
64158,1
8371,3
8371,1
332571,3
332571,1
93922,3
93922,1
98691,3
98691,1
55877,3
55877,1
214535,3
214535,1
93989,3
93989,1
117014,3
117014,1
215192,3
215192,1
95299,3
95299,1
215184,3
215184,1
215183,3
215183,1
113738,3
113738,1
92098,3
92098,1
229782,3
229782,1
172979,3
172979,1
173134,3
173134,1
86440,3
86440,1
248262,3
248265,3
154019,3
154019,1
33894,3
33894,1
164162,3
164162,1
362211,3
362211,1
362194,3
362194,1
82862,3
82862,1
257129,3
257129,1
62321,3
62321,1
304291,3
304291,1
362189,3
362189,1
329810,3
329810,1
370432,3
370432,1
370449,3
370449,1
370448,3
370448,1
370496,3
370496,1
27500,3
27500,1
370506,3
370506,1
329669,3
329669,1
33854,3
33854,1
263383,3
263383,1
93683,3
93683,1
61040,3
61040,1
8379,3
8379,1
93684,3
93684,1
362203,3
362203,1
362216,3
362216,1
8383,3
8383,1
33863,3
33863,1
88950,3
88950,1
370518,3
370518,1
94612,3
94612,1
96135,3
96135,1
98370,3
98370,1
329565,3
329565,1
362235,3
362235,1
362244,3
362244,1
219146,3
219146,1
88951,3
88951,1
97681,3
97681,1
219147,3
219147,1
93685,3
93685,1
94278,3
94278,1
362221,3
362221,1
362224,3
362224,1
362226,3
362226,1
362222,3
362222,1
362223,3
362223,1
362225,3
362225,1
362227,3
362227,1
362228,3
362228,1
362229,3
362229,1
95930,3
95930,1
48510,3
48510,1
193286,3
193286,1
180334,3
180334,1
370454,3
370454,1
370455,3
370455,1
85801,3
85801,1
370486,3
370486,1
329568,3
329568,1
59529,3
59529,1
359576,3
359576,1
84292,3
84292,1
170715,3
170715,1
56244,3
56244,1
50160,3
50160,1
62528,3
62528,1
51431,3
51431,1
55233,3
55233,1
33872,3
33872,1
51432,3
51432,1
53581,3
53581,1
91457,3
91457,1
195638,3
195638,1
8392,3
8392,1
45939,3
45939,1
56671,3
56671,1
193290,3
193290,1
27499,3
27499,1
193285,3
193285,1
118964,3
118964,1
33873,3
33873,1
86653,3
86653,1
87406,3
87406,1
103715,3
103715,1
380780,3
380780,1
66564,3
66564,1
219143,3
219143,1
74400,3
74400,1
87611,3
87611,1
69490,3
69490,1
45202,3
45202,1
67832,3
67832,1
75425,3
75425,1
59375,3
59375,1
42805,3
42805,1
223740,3
223740,1
115797,3
115797,1
75678,3
75678,1
77625,3
77625,1
27511,3
27511,1
195649,3
195649,1
60339,3
60339,1
61482,3
61482,1
212059,3
212059,1
77169,3
77169,1
141466,3
141466,1
63410,3
63410,1
329567,3
329567,1
52327,3
52327,1
154020,3
154020,1
48538,3
48538,1
182739,3
182739,1
64634,3
64634,1
92486,3
92486,1
79134,3
79134,1
362148,3
362148,1
500194,3
500194,1
58287,3
58287,1
64386,3
64386,1
153757,3
153757,1
207495,3
207495,1
84242,3
84242,1
82440,3
82440,1
202843,3
202843,1
120365,3
120365,1
83264,3
83264,1
27521,3
27521,1
70637,3
70637,1
72504,3
72504,1
86926,3
86926,1
223749,3
223749,1
73542,3
73542,1
241601,3
241601,1
223750,3
223750,1
60778,3
60778,1
82144,3
82144,1
193297,3
193297,1
93311,3
93311,1
111124,3
111124,1
264470,3
264470,1
193287,3
193287,1
63376,3
63376,1
195664,3
195664,1
59366,3
59366,1
47507,3
47507,1
270816,3
270816,1
227639,3
227639,1
195666,3
195666,1
362149,3
362149,1
370489,3
370489,1
370508,3
370508,1
66206,3
66206,1
357634,3
357634,1
357531,3
357531,1
51067,3
51067,1
55092,3
55092,1
362206,3
362206,1
362238,3
362238,1
219138,3
219138,1
362239,3
362239,1
329878,3
329878,1
8406,3
8406,1
358691,3
358691,1
370515,3
370515,1
370517,3
370517,1
45593,3
45593,1
55093,3
55093,1
171786,3
171786,1
229907,3
229907,1
70824,3
70824,1
27502,3
27502,1
44795,3
44795,1
53707,3
53707,1
19999,3
19999,1
357640,3
357640,1
78185,3
78185,1
357647,3
357647,1
357649,3
357649,1
120377,3
120377,1
8407,3
8407,1
355579,1
355579,3
43015,3
43015,1
182728,3
182728,1
362252,3
362252,1
27505,3
27505,1
75220,3
75220,1
182156,3
182156,1
111270,3
111270,1
55050,3
55050,1
362254,3
362254,1
362255,3
362255,1
153038,3
237731,3
317648,3
168673,3
170668,3
171760,3
137744,3
316678,3
305808,3
273931,3
307785,3
349249,3
317970,3
8414,3
345471,3
93982,3
227917,3
169316,3
111548,3
351135,3
8422,3
90442,3
207104,3
8423,3
255419,3
62799,3
168675,3
227920,3
8426,3
369924,3
526117,3
191350,3
242593,3
218065,3
168683,3
201906,3
169320,3
525185,3
349247,3
272749,3
282605,3
344984,3
218425,3
359928,3
8434,3
521636,3
8435,3
87228,3
168717,3
520311,3
33898,3
312149,3
305786,3
8431,3
253013,3
253013,1
8456,3
90690,1
57246,1
96938,1
95604,1
54248,1
93392,1
332572,1
8460,3
8460,1
80199,3
80199,1
311309,1
8469,3
8469,1
209133,3
209133,1
34005,1
311305,1
76896,1
159142,3
159142,1
98365,1
49420,1
21951,1
8520,1
8521,1
8523,1
8534,1
34074,1
8547,1
59014,3
106146,1
168388,3
168388,1
319555,3
301469,3
25243,1
8587,3
8588,3
40487,3
8652,3
154452,3
233797,3
165037,3
63190,3
174116,3
152159,3
8651,3
353079,3
353079,1
351194,3
351194,1
516901,3
516901,1
516909,3
516909,1
516912,3
516912,1
516913,3
516913,1
8668,1
54434,1
525584,1
310021,1
323863,1
314486,3
314486,1
308623,1
40552,3
40552,1
300817,1
353113,3
353113,1
368707,3
368707,1
378932,3
378932,1
331064,1
348163,3
348163,1
524163,3
524163,1
535772,1
40524,1
61187,1
8739,3
8739,1
87120,3
92136,3
92136,1
169597,3
169597,1
54878,3
80347,3
98401,3
98401,1
94428,3
294696,3
60825,3
60825,1
155817,3
155817,1
155818,3
155818,1
337422,3
337422,1
91903,3
91903,1
180262,3
182402,3
182402,1
40550,3
346681,3
346681,1
340888,3
331170,3
331170,1
287730,3
96923,3
96923,1
355602,3
355602,1
369487,3
252856,3
40545,3
40545,1
80008,3
195952,3
91031,3
91031,1
254043,3
361013,3
294697,3
525754,3
525754,1
346677,3
355601,3
355601,1
85330,3
85330,1
346676,3
346676,1
336719,3
336719,1
51928,3
51928,1
368033,3
287731,3
107256,3
107256,1
8738,1
275072,1
96717,1
41208,3
375240,3
77693,1
243515,1
375241,1
239744,1
226602,3
512373,3
512373,1
209229,3
332337,3
332337,1
8774,3
301180,3
162601,3
524338,3
524338,1
236209,3
8783,1
8783,3
377835,1
25646,2
91738,1
82709,1
124332,1
277813,1
130978,1
124329,1
130979,1
130975,1
83016,1
8856,1
233839,1
377822,3
323880,3
323880,1
223893,3
223893,1
330975,3
330975,1
230172,3
315672,3
315672,1
176334,3
176334,1
330973,3
254824,3
247727,3
8899,3
276152,3
223894,3
223894,1
175163,3
223895,3
202497,3
218297,3
218297,1
218298,3
218298,1
97793,3
97793,1
125068,3
125068,1
116254,3
254796,3
371617,3
247042,3
247042,1
330974,3
330974,1
371616,3
273612,3
323879,3
323879,1
510640,3
526545,3
329572,3
125955,3
322087,3
8902,3
249631,3
325737,3
96797,3
175250,3
55515,3
90684,3
183835,3
325296,3
191141,3
191142,3
8903,3
272929,3
343914,3
90486,3
90486,1
376886,3
59530,3
59530,1
372621,3
357504,3
372614,3
372617,3
301196,3
270488,3
372618,3
372615,3
383676,3
376360,3
301195,3
372619,3
372616,3
372610,3
372624,3
372623,3
357496,3
240320,3
98930,3
270490,3
120021,3
120021,1
332578,3
332578,1
249182,3
514353,3
41700,3
510740,3
510816,3
388053,3
122308,3
122308,1
388050,3
388052,3
327165,3
528691,3
500312,3
112183,3
325298,3
40784,3
511005,1
511005,3
132531,3
287159,3
171176,3
287459,3
287459,1
117179,3
117179,1
117180,3
117181,3
117181,1
40787,3
528915,3
511170,3
24234,3
8915,3
97410,3
97410,1
175535,3
178460,3
162615,3
378093,3
211758,3
98866,3
98866,1
92536,3
96699,3
96699,1
322084,3
41635,3
124540,3
124540,1
90005,3
90005,1
191103,3
347160,3
363142,3
273611,3
114551,3
65384,3
90797,3
105039,3
212328,3
89407,3
89407,1
94761,3
94761,1
256771,3
256771,1
40795,3
40795,1
108516,3
336723,3
242634,3
242634,1
64685,3
346118,3
344226,3
346065,3
346065,1
343800,3
343800,1
383680,3
326906,3
326906,1
343771,3
343771,1
368036,3
368036,1
343801,3
256825,3
97446,3
352813,3
352813,1
193260,3
41628,3
526235,3
114552,3
331071,3
97795,3
97795,1
60912,3
324945,3
324945,1
187299,3
187300,3
345606,3
88267,3
40797,3
90899,3
90899,1
95130,3
268699,3
93784,3
93784,1
360965,3
365150,3
526148,3
98218,3
275073,3
330115,3
311040,3
98641,3
113796,3
164352,3
311551,3
318326,3
308625,3
272930,3
312123,3
381668,3
308011,3
381458,3
347185,3
328188,3
363856,3
130049,3
376368,3
347188,3
520944,3
97836,3
367258,3
199954,3
506697,3
350391,3
61489,3
248558,3
71599,3
347189,3
302848,3
321070,3
321070,1
181588,3
336733,3
128668,3
128669,3
211088,3
98588,3
98588,1
180572,3
95203,3
95203,1
229061,3
94370,3
96064,3
96064,1
306887,3
360390,3
40804,3
40804,1
166286,3
166286,1
166285,3
166285,1
178223,3
178223,1
96799,3
96799,1
85177,3
96798,3
63035,3
97276,3
41624,3
170444,3
170444,1
229062,3
90487,3
160675,3
40808,3
40808,1
132932,3
132932,1
276645,3
243623,3
93285,3
93285,1
125514,3
73442,3
94978,3
113685,3
305554,3
175039,3
89044,3
271466,3
346898,3
98694,3
93731,3
230412,3
147465,3
147466,3
326908,3
197617,3
118729,3
81202,3
521116,3
130471,3
387468,3
331973,3
348595,3
356505,3
176516,3
245174,3
342465,3
380942,3
380942,1
369964,3
369964,1
303361,3
243516,3
296732,3
296772,3
332579,3
332579,1
91082,3
40813,3
363679,3
331069,3
114555,3
315926,3
223904,3
124543,3
256773,3
256773,1
294512,3
376891,3
91259,3
91259,1
81246,3
347207,3
90365,3
94585,3
97082,3
97082,1
49000,3
49000,1
345604,3
345604,1
98795,3
98795,1
97832,3
97832,1
152081,3
303358,3
346601,3
277038,3
529335,3
229063,3
241542,3
40792,3
520559,3
311034,3
248581,3
344229,3
349094,3
503913,3
346899,3
92138,3
59224,3
53645,3
160676,3
360531,3
245173,3
256102,3
256102,1
248582,3
248594,3
348162,3
155584,3
294373,3
386312,3
382535,3
519111,3
526213,3
363855,3
286079,3
286079,1
287436,3
287436,1
254825,3
254825,1
345365,3
241543,3
121652,3
181587,3
170781,3
276562,3
346157,3
381134,3
96859,3
238653,3
276833,3
381429,3
381430,3
294505,3
358845,3
331068,3
331070,3
363680,3
68284,3
256099,3
345243,3
308626,3
347128,3
311552,3
306259,3
284448,3
318327,3
383690,3
383691,3
347200,3
312124,3
347190,3
347186,3
40842,3
175040,3
127363,3
381680,3
381681,3
41638,3
67182,3
334808,3
155587,3
155587,1
96051,3
376376,3
360537,3
360391,3
363678,3
363677,3
66256,3
70921,3
70920,3
368037,3
327172,3
121653,3
381425,3
248579,3
291729,3
291729,1
510633,3
8944,3
8944,1
226116,3
177807,3
177807,1
308643,3
308643,1
312739,3
305850,3
90753,3
90753,1
273839,3
273839,1
247143,3
247143,1
526049,3
525684,3
525969,3
387745,3
217987,3
217987,1
177810,3
325554,3
325554,1
177811,3
177811,1
229844,3
229844,1
89002,3
98580,3
98580,1
177812,3
98581,3
98581,1
90930,3
90930,1
524615,3
524616,3
524617,3
524618,3
327166,3
327166,1
308702,3
139945,3
139945,1
336749,3
336749,1
92330,3
92330,1
177815,3
154246,3
154246,1
273903,3
335310,3
335310,1
306888,3
306888,1
270492,3
177816,3
177817,3
177818,3
194826,3
525683,3
177820,3
177820,1
95132,3
95132,1
177821,3
93767,3
93767,1
318025,3
318025,1
305542,3
305542,1
160774,3
356487,3
387774,3
177822,3
177822,1
177823,3
331075,3
387775,3
282731,3
282731,1
217988,3
217988,1
94297,3
94297,1
99633,3
99633,1
346061,3
346061,1
80353,3
80353,1
387778,3
298919,3
298919,1
234903,3
234903,1
160775,3
322090,3
322090,1
351200,3
351200,1
177809,3
177809,1
317433,3
317433,1
233443,3
233443,1
331074,3
301550,3
334809,3
334809,1
306261,3
306261,1
312740,3
345780,3
345780,1
307020,3
524548,3
524498,3
524492,3
524505,3
217989,3
217989,1
525986,3
525913,3
525688,3
139944,3
139944,1
226118,3
226118,1
273904,3
273904,1
305541,3
305541,1
504178,3
504178,1
273902,3
387776,3
388042,3
388031,3
40824,3
388033,3
388041,3
67015,3
8949,3
8949,1
118782,3
118782,1
140476,3
218387,3
218387,1
261102,3
261102,1
140477,3
139948,3
69400,3
69400,1
57704,3
312741,3
197747,3
197747,1
309803,3
309803,1
137374,3
309804,3
529439,3
58496,3
525822,3
217969,3
217969,1
72325,3
279638,3
299738,3
261103,3
261103,1
139947,3
218386,3
218386,1
107688,3
90252,3
352109,3
325303,3
245155,3
327164,3
84400,3
84400,1
375244,3
62592,3
179295,3
315982,3
94172,3
94172,1
344110,3
297202,3
87368,3
87368,1
91444,3
91444,1
211762,3
290358,3
524643,3
149045,3
133984,3
133985,3
385246,3
365381,3
178462,3
216860,3
321345,3
268701,3
66423,3
66423,1
133986,3
382884,3
161983,3
99134,3
99134,1
198271,3
194612,3
113692,3
94743,3
94743,1
313607,3
216869,3
179298,3
248574,3
201714,3
242139,3
112647,3
112647,1
194614,3
204831,3
321350,3
321353,3
321348,3
323878,3
323878,1
148183,3
148183,1
270354,3
184441,3
49303,3
252368,3
252368,1
21520,3
247041,3
515556,3
510701,3
53234,2
8972,3
523464,3
338069,3
338069,1
326941,3
326941,1
326938,3
326938,1
373095,3
373095,1
116321,3
116321,1
93054,3
93054,1
301240,3
301240,1
526432,3
526432,1
112544,3
112544,1
97331,3
97331,1
98240,3
98240,1
322024,3
322024,1
336516,3
336516,1
335155,3
335155,1
380501,3
380501,1
299833,3
299833,1
525466,3
525466,1
40858,3
40858,1
8986,3
8986,1
40861,3
517401,3
517401,1
8992,3
8998,3
9002,3
9002,1
9005,3
9005,1
96215,3
96215,1
506539,3
506539,1
517334,3
517334,1
9013,3
9013,1
27512,3
27512,1
500193,3
500193,1
9017,3
517461,3
517461,1
9020,3
9020,1
112313,3
40894,3
40894,1
56392,3
56392,1
323898,3
323898,1
40897,3
40897,1
223955,3
223955,1
90196,3
98462,3
98462,1
332180,3
332180,1
90920,3
90920,1
96633,3
96633,1
45017,3
45017,1
86265,3
86265,1
73160,1
58320,1
64105,3
40905,3
181434,1
9056,1
9057,3
9057,1
75417,1
81054,1
41569,1
58313,1
183737,1
306959,3
306959,1
332609,3
332609,1
285355,3
285355,1
104665,3
114606,3
62170,3
256542,3
58403,3
58403,1
332687,3
332687,1
92538,3
92538,1
41141,3
93032,3
93032,1
296691,3
296691,1
323621,3
323621,1
357672,3
357672,1
96274,3
96274,1
171100,3
171100,1
44443,3
44443,1
183300,3
183300,1
277437,3
277437,1
285881,3
285881,1
78350,3
78350,1
73151,3
73151,1
90757,3
90757,1
137832,3
137832,1
63938,3
94286,3
94286,1
526616,3
526616,1
363788,3
363788,1
526628,3
526628,1
41108,3
41108,1
102029,3
102029,1
9128,3
9128,1
323923,3
323923,1
48959,3
48959,2
221225,3
221225,1
69653,3
69653,1
105265,3
158429,3
230622,3
118349,3
172646,3
331091,3
331091,2
331093,3
118351,3
179035,3
80105,3
184010,3
97808,3
9138,3
331090,3
331090,2
331092,3
361724,1
361724,3
177152,1
177152,3
269034,1
269034,3
345368,1
345368,3
252060,1
252060,3
360406,1
360406,3
319267,3
319267,1
41175,3
41175,1
379201,3
379201,1
41176,3
41176,1
352499,3
352499,1
241766,3
241766,1
293764,3
293764,1
321506,3
321506,1
55440,3
55440,1
312030,3
312030,1
21018,3
21018,1
319266,3
319266,1
337675,3
337675,1
337673,3
337673,1
500235,3
500235,1
500232,3
500232,1
500233,3
500233,1
337674,3
337674,1
372590,3
372590,1
110069,3
110069,1
41173,3
101621,3
101621,1
239073,2
98016,2
9415,3
9415,1
81714,3
81714,1
150351,3
157350,3
157353,3
9431,3
9431,1
287137,3
287137,1
130406,1
130406,3
168179,3
168179,1
137753,1
23662,1
9444,3
9444,1
224006,1
168181,1
375351,1
9447,1
168184,1
54316,1
309421,1
118949,3
168186,3
168186,1
101251,1
47929,3
47929,1
54204,1
168190,1
168191,3
168191,1
9450,1
111697,1
92208,1
376194,1
9452,1
102274,1
79859,1
77195,1
9453,3
9453,1
9454,3
9454,1
168180,3
168180,1
48266,3
48266,1
86313,1
91893,1
224009,1
224009,3
130405,1
130405,3
70192,3
70192,1
361728,1
70193,3
70193,1
103103,1
103103,3
334810,1
89815,3
89815,1
168187,3
168187,1
9457,1
168202,1
51239,3
51239,1
168203,3
168203,1
58524,3
168206,1
329574,1
168207,3
168207,1
168208,1
9459,3
9459,1
116612,1
60491,1
9473,1
85262,1
55355,3
55355,1
61140,3
61140,1
77106,3
77106,1
251749,1
251749,3
68752,1
284976,3
284976,1
326234,3
326234,1
270452,1
270452,3
143235,1
241056,3
241056,1
118681,3
118681,1
329863,1
118682,3
118682,1
72157,1
52321,3
52321,1
81371,1
29317,3
29317,1
45421,3
45421,1
95693,3
95693,1
77291,3
77291,1
47201,3
47201,1
9650,3
325424,3
325424,1
99018,3
522976,3
522976,1
45078,3
45078,1
9668,3
9668,1
236689,1
9701,1
515227,1
375353,3
64956,3
361192,3
218287,3
218287,2
346119,3
47138,3
77502,3
153048,3
297561,3
183312,3
47139,3
138486,3
46817,3
61567,3
297201,3
9709,3
9709,2
294502,3
294502,2
100042,3
100042,2
9710,3
72614,3
9715,1
42317,3
508316,3
83583,3
19842,3
19842,1
47031,3
47031,1
9720,3
9720,1
97763,3
97763,1
42982,3
42982,1
224031,3
224031,1
9719,3
9719,1
127157,3
127157,1
9734,1
131665,1
9780,3
9780,1
135862,1
67708,3
67708,1
302118,1
9805,2
522474,1
301202,3
517400,1
301206,3
357506,3
357498,3
64168,1
63679,1
99415,3
269744,3
45564,3
269745,3
192433,3
9827,3
229754,3
77022,3
9828,3
272198,3
92730,3
50005,3
41682,3
41682,1
43004,3
43004,1
83608,3
83608,1
22256,1
167766,1
178591,3
178591,1
178599,3
178599,1
178602,3
178602,1
380983,1
361777,1
343722,1
380984,1
9900,3
97865,3
97865,2
270498,3
270498,2
324124,3
9903,3
159644,3
219484,1
238334,1
177474,1
107051,3
297789,1
97894,3
9964,1
113741,1
61743,1
120047,1
103171,1
20260,3
62096,1
9978,1
208325,1
56973,1
226569,1
62293,1
101405,1
96413,1
58643,1
78583,1
19719,1
69635,3
9980,1
46183,1
178504,1
73337,1
75900,1
195562,1
334817,1
360835,1
130019,1
254235,1
9990,1
138184,1
348187,3
535632,1
84293,1
114335,3
146717,3
327305,3
518865,3
212014,3
224082,3
224082,2
196725,3
196725,2
124098,3
124098,2
104183,3
104183,2
196724,3
196724,2
519417,3
199951,3
199951,2
196779,3
124099,3
124099,2
10017,3
254046,3
254046,2
213205,3
326966,3
253756,3
10018,3
10018,2
154976,3
327191,3
109682,3
109682,2
70343,3
308655,3
308655,2
167710,3
167710,2
134770,3
134770,2
324505,3
285415,3
285415,2
69847,3
351888,3
160283,3
160283,2
51147,3
51147,2
268790,3
268790,1
10060,3
10060,1
10061,3
10061,1
272079,3
272079,1
175033,3
175033,1
287462,3
287462,1
175589,3
175589,1
178651,3
178651,1
176466,3
176466,1
43006,1
360512,1
268905,1
256019,3
256019,1
324169,3
324169,1
194271,3
194271,1
90392,3
90392,1
324173,3
324173,1
318310,3
318310,1
318311,3
318311,1
77548,3
230438,3
230438,1
45594,1
45594,3
231524,3
231524,1
132500,3
92713,3
92713,1
45144,3
45144,1
96735,3
96735,1
350535,3
350535,1
24759,1
81603,3
81603,1
117430,1
117430,3
21424,3
21424,1
192516,3
192516,1
179808,3
179808,1
239763,3
239763,1
350536,3
350536,1
202266,3
136342,3
318768,2
10298,3
22137,3
22137,1
134059,3
134059,1
325429,3
383382,3
505455,1
10307,1
80219,1
522860,1
377845,3
181594,1
92586,1
92266,1
373978,1
78266,1
10353,1
108404,1
274602,1
10354,1
376153,1
318913,1
10355,1
219029,1
10366,1
150643,1
10367,1
10372,1
378080,1
52708,1
21193,1
62009,1
318912,1
382635,1
106166,1
512607,1
10423,3
10423,1
271383,3
271383,1
10426,1
133751,3
133751,1
74792,1
74792,3
10430,1
10430,3
169252,3
222111,3
329612,3
82664,3
324239,3
324239,1
228331,3
228331,1
41005,3
328854,3
328854,1
136001,3
239836,3
55027,3
10440,3
10446,1
10446,3
190774,3
190774,1
249426,3
93269,1
273574,3
293139,3
293139,1
276680,1
344886,1
373274,1
381472,1
190441,3
190441,1
22402,3
329704,3
56125,3
308075,3
23276,3
23276,1
240672,3
175084,1
10461,3
10461,1
59789,3
59789,1
47629,1
63762,3
63762,1
10463,3
10463,1
159623,3
159623,1
76064,3
68665,3
68665,1
244067,3
10465,3
308076,3
308076,1
21094,3
21094,1
67170,3
194983,3
83319,3
10473,3
10473,1
10474,3
10474,1
10478,3
10478,1
99211,3
99211,1
10480,3
44695,3
192496,3
136112,3
65421,3
65421,1
96707,3
93277,3
79096,3
79096,1
162469,3
45837,3
45837,1
324910,3
324910,1
383840,3
383840,1
153462,3
153462,1
196581,3
60802,3
96080,3
10484,3
251086,3
324218,3
324218,1
367327,3
367327,1
367328,3
367328,1
381191,3
381191,1
367330,3
367330,1
367311,3
367311,1
501586,3
501586,1
512420,3
512420,1
367317,3
367317,1
367319,3
367319,1
381195,3
381195,1
367321,3
367321,1
367322,3
367322,1
177954,3
177954,1
367320,3
367320,1
511415,3
511415,1
502806,3
502806,1
367372,3
367372,1
308079,3
197870,3
197870,1
512596,3
512596,1
73645,3
73645,1
128279,3
128279,1
125623,3
125623,1
116299,3
116299,1
224163,3
224163,1
138953,3
138953,1
103155,3
103155,1
114667,3
114667,1
61339,3
61339,1
316223,3
316223,1
57650,3
57650,1
512615,3
512615,1
21337,1
10504,3
10504,1
329613,3
10508,3
259008,3
52050,3
131457,3
294715,3
294715,1
82426,3
74793,3
98731,3
60183,3
327477,3
62760,3
341742,3
178009,3
224165,3
93077,3
69023,3
357446,3
83944,3
325597,3
317141,3
317141,1
365949,3
365949,1
152505,3
152505,1
71611,3
71611,1
79966,3
224166,3
224166,1
79967,3
79967,1
91239,3
47508,3
85374,3
179231,3
179231,1
137518,3
137518,1
196582,3
82430,3
10520,3
10520,1
170492,3
170492,1
59790,3
59790,1
308080,3
10521,3
10521,1
68666,3
68666,1
52092,3
55249,3
55249,1
21343,3
170954,3
170954,1
10530,3
10530,1
90218,3
94143,3
89570,3
198443,3
523909,3
523909,1
523893,3
523893,1
148725,3
92647,3
224161,3
74914,3
48383,3
259007,3
259007,1
306385,3
306385,1
131243,3
108066,3
331227,3
331227,1
90219,3
90219,1
92648,3
308118,3
96081,3
153939,3
10535,3
170897,3
194510,3
285298,3
301218,3
131013,3
318360,3
359587,3
118809,3
118810,3
118810,1
301217,3
288059,3
324290,3
238778,3
238778,1
169498,1
122441,1
319964,1
193245,3
193245,1
10582,3
86879,3
86879,1
74460,3
74460,1
10609,3
10609,1
159658,1
62296,2
62346,3
10659,3
150404,3
284024,3
284024,1
368378,3
368378,1
140728,3
140728,1
140724,3
140724,1
88927,3
88927,1
154296,3
154296,1
154310,3
154310,1
181748,3
181748,1
125961,3
94940,3
94940,1
284034,3
284034,1
248925,3
248925,1
353084,1
353084,3
140729,3
140729,1
388545,3
386565,3
324340,3
324340,1
189765,3
189765,1
140638,3
140638,1
341353,3
341353,1
88902,3
63113,3
227709,3
227709,1
176157,3
251046,3
533280,3
533280,1
269966,3
329499,1
329499,3
355927,1
355927,3
383348,3
284567,3
284567,1
378968,3
378968,1
234964,3
234964,1
534950,3
138365,3
156011,3
50909,3
50909,1
285257,3
285257,1
288053,3
288053,1
526377,3
526377,1
297794,3
297794,1
48733,3
48733,1
385718,3
107266,3
107266,1
284455,3
284455,1
296048,3
296048,1
272676,3
272676,1
232619,3
232619,1
256631,3
256631,1
221129,3
221129,1
86739,3
86739,1
332648,3
332648,1
505213,3
505213,1
379174,3
379174,1
232636,3
232636,1
331031,3
331031,1
275601,3
275601,1
10730,3
10730,1
50760,3
50760,1
80893,3
80893,1
254533,3
254533,1
232617,3
232617,1
272935,3
272935,1
58581,3
58581,1
232611,3
232611,1
10731,3
10731,1
375121,3
375121,1
20712,3
20712,1
292194,3
292194,1
327203,3
327203,1
322095,3
322095,1
332155,3
332155,1
523084,3
523084,1
529340,3
529340,1
327167,3
327167,1
529339,3
529339,1
20925,3
20925,1
241217,1
10733,3
10733,1
345585,3
345585,1
100468,3
100468,1
379205,3
379205,1
203319,3
203319,1
249200,3
249200,1
375387,3
375387,1
353699,3
353699,1
10738,3
10738,1
107128,3
107128,1
314108,3
314108,1
10739,3
10739,1
10741,3
10741,1
10743,3
10743,1
375391,3
375391,1
375392,3
375392,1
375394,3
375394,1
224196,3
224196,1
88033,3
88033,1
68943,3
68943,1
375388,3
375388,1
155767,3
155767,1
84624,3
84624,1
77400,3
77400,1
90841,3
90841,1
346722,1
224201,3
224201,1
224202,3
224202,1
238789,3
238789,1
153095,3
224207,3
224207,1
224210,3
224210,1
46233,3
46233,1
66873,3
66873,1
63612,3
63612,1
68182,3
68182,1
71057,3
71057,1
336054,3
336055,3
336056,3
69871,3
69871,1
76430,3
76430,1
334763,3
334763,1
224215,3
224215,1
209216,3
209216,1
80069,3
80069,1
66756,3
66756,1
224217,3
224217,1
42287,3
42287,1
346378,3
346378,1
55628,3
55628,1
520693,3
520693,1
519598,3
519598,1
520948,3
160551,3
160551,1
70631,3
70631,1
48031,3
48031,1
155543,3
155543,1
67965,3
67965,1
71074,3
71074,1
49442,3
49442,1
42527,3
42527,1
51843,3
51843,1
224220,3
224220,1
65344,3
65344,1
45524,3
45524,1
76238,3
76238,1
43906,3
43906,1
334765,3
334765,1
79736,3
79736,1
334767,3
334767,1
51909,3
51909,1
73200,3
73200,1
50346,3
50346,1
334771,3
334771,1
85590,3
85590,1
83378,3
83378,1
72192,3
72192,1
74563,1
65308,3
65308,1
79737,3
79737,1
78042,3
78042,1
60455,3
60455,1
338213,3
338213,1
79236,3
79236,1
112595,3
112595,1
346396,3
346396,1
50399,3
50399,1
116110,3
116110,1
67417,3
67417,1
316381,3
316381,1
81332,3
81332,1
77077,3
77077,1
76279,3
76279,1
83057,3
83057,1
64524,3
64524,1
309895,3
309895,1
51900,3
70780,3
70780,1
338737,3
338737,1
338730,3
338730,1
71167,3
71167,1
346401,3
346401,1
138489,3
138489,1
74882,3
169798,3
169798,1
102366,3
102366,1
47370,3
47370,1
81944,3
81944,1
59596,3
59596,1
52907,3
52907,1
58130,3
58130,1
84790,3
84790,1
56317,3
56317,1
49063,3
49063,1
328136,3
328136,1
42989,3
42989,1
61048,3
61048,1
70330,3
70330,1
65808,3
65808,1
518881,3
518881,1
518801,3
520489,3
520489,1
132343,3
132343,1
115054,3
115054,1
114994,3
114994,1
74756,3
74756,1
369457,3
124548,3
124548,1
131016,3
131016,1
171106,3
362088,3
362088,1
507380,1
507425,1
507667,3
507667,1
507395,3
507395,1
507583,3
507583,1
507469,1
507660,1
507485,1
507243,1
106174,1
106175,1
106176,1
106177,1
10811,1
10815,1
237707,1
106178,1
10821,1
10825,1
10830,1
10832,1
106179,1
382364,1
10833,1
516922,1
187891,1
106180,1
10843,1
106181,1
386599,1
287947,3
257503,3
87434,3
50035,3
81610,3
53040,3
120494,3
70194,3
67925,3
191106,3
119598,3
119598,1
10920,3
514414,1
514415,1
106183,1
364651,1
10923,1
371042,1
371042,3
10930,1
10930,3
404796,1
404796,3
404798,1
404798,3
133076,1
133076,3
10935,1
10935,3
404802,1
404802,3
10941,1
10941,3
10944,1
10944,3
10945,1
10945,3
10947,1
10947,3
10948,1
10948,3
140217,1
140217,3
10949,1
10949,3
404819,1
404819,3
516514,1
516514,3
404824,1
404824,3
10952,1
10952,3
11004,3
379761,3
382367,1
253218,3
11026,3
11026,1
57957,3
85975,3
84304,3
231514,3
110826,3
79252,3
149020,3
149020,2
65651,3
65651,2
218843,3
218843,2
224252,3
224252,2
79518,3
79518,2
11057,2
41537,3
58295,3
46061,3
54919,3
11063,3
23121,3
150219,3
286089,3
286089,1
52027,3
52027,1
21790,3
21790,1
250294,3
250294,1
250301,3
250301,1
296049,3
296049,1
106184,3
329286,3
255390,3
130003,3
167248,3
508009,3
508008,3
11191,3
508006,3
521316,3
523669,3
508007,3
368052,3
505074,3
522864,1
522864,3
363370,3
363370,1
377773,3
377773,1
362033,3
362033,1
363681,3
363681,1
362034,3
362034,1
11220,3
11220,1
11221,3
11221,1
171352,3
11224,3
228772,3
254732,3
116613,3
116613,1
126798,1
11230,1
134038,3
134038,1
372454,1
137955,3
137955,1
227597,3
227597,1
529148,3
529148,1
248551,3
248551,1
227927,3
227927,1
529132,3
529132,1
11240,3
11240,1
65340,3
57090,3
248657,3
56047,2
49107,2
385867,2
11298,2
69328,2
84539,2
11310,1
307606,3
11320,3
343724,3
11326,3
292159,3
53051,3
360977,3
343775,3
93938,3
99812,3
274430,3
320174,3
349320,3
84154,1
501265,3
501264,3
501264,1
112578,1
106189,1
120666,1
120665,1
248133,1
106191,1
382370,1
67065,3
187899,3
11475,3
304352,3
11507,3
236665,3
243097,3
337948,3
176665,3
176666,3
222000,3
176667,3
236666,3
520858,3
106502,3
106502,1
106524,3
106524,1
351085,3
351085,1
352512,3
352512,1
106568,3
106568,1
344791,3
344791,1
343396,3
343396,1
132309,3
132309,1
106719,3
106719,1
106763,3
106763,1
343397,3
343397,1
106839,3
106839,1
106885,3
106885,1
106926,3
106926,1
72041,3
72041,1
361252,3
361252,1
367908,3
367908,1
344608,3
344608,1
332591,3
332591,1
77219,3
77219,1
96974,3
96974,1
84299,3
84299,1
520061,3
126553,3
126553,1
71827,3
71827,1
80618,3
174721,3
174721,1
316930,3
316930,1
107103,3
107103,1
280920,3
280920,1
11525,3
183720,1
106197,1
11580,1
106198,1
11585,1
106199,1
106200,1
131642,1
382372,1
11586,1
11589,1
11591,1
236205,1
11592,1
132888,3
70319,2
329517,3
47064,2
11639,2
166171,3
166171,1
259042,3
259042,1
406633,3
406633,1
11722,3
11740,3
11740,1
227318,1
271391,1
89412,1
311964,1
46777,3
46777,1
11756,1
51040,1
96257,1
11768,1
45734,3
45734,1
49532,1
11777,1
228851,3
228851,1
94555,1
76193,3
76193,1
99767,3
99767,1
329525,1
44008,1
11782,3
11782,1
522867,1
523973,1
523948,1
523948,3
332023,3
332023,1
332373,3
332373,1
372809,1
332366,3
332366,1
332295,3
332295,1
327502,1
407250,3
407250,1
387339,3
387339,1
332084,3
332084,1
11807,3
11807,1
407350,3
407350,1
22745,3
22745,1
11816,3
11816,2
51676,3
11850,3
11850,2
106201,1
120497,1
237737,1
327530,1
120546,1
11911,1
316343,3
317891,3
525487,3
160129,3
11924,3
11924,1
11925,1
11925,3
11967,2
78617,1
48341,1
197733,1
31385,3
153124,2
153124,3
12000,2
12000,3
12001,3
12001,2
113969,3
113969,2
96976,2
96976,3
12002,3
12002,2
12007,3
138079,1
12041,3
12041,1
12046,1
271039,1
12052,1
25413,1
177805,1
21362,1
40761,1
177804,1
135750,1
68822,1
224421,1
75498,1
76969,1
25119,1
329529,1
79098,1
51287,1
317663,1
129726,1
12078,3
59934,3
59934,1
177986,3
177986,1
91844,3
91844,2
74937,3
20503,1
378594,3
196179,3
526173,3
227580,3
72290,3
286167,3
526000,3
525384,3
12107,3
235803,3
526161,3
273194,3
247607,3
156068,3
227584,3
526062,3
196182,3
526196,3
108866,3
196184,3
500009,1
196188,3
526342,3
59964,3
42338,3
336690,3
526315,3
307687,3
161760,3
518284,3
526413,3
203553,3
526303,3
526406,3
381013,3
526474,3
373205,3
221440,3
525529,3
227587,3
286198,3
196205,3
526225,3
308012,3
345287,3
265779,1
153017,3
524608,3
375412,3
526250,3
526475,3
251942,3
130380,3
141479,3
21612,3
524607,3
100502,3
234819,3
380529,3
188525,3
243399,3
51132,3
101672,3
150562,3
138128,3
12174,3
106035,3
500153,1
500154,1
114575,1
221346,3
500149,1
500227,1
12182,3
94017,1
76539,3
276483,3
60880,3
103687,3
52060,3
102948,3
137274,3
103686,3
334832,3
337617,3
140147,3
297204,3
116692,3
153468,3
116694,3
265780,1
344253,3
500054,1
116702,3
116691,3
101955,3
103523,3
108846,3
102556,3
137279,3
104248,3
519473,3
58002,3
367790,3
206161,3
116686,3
116641,3
137281,3
367792,3
181696,3
344252,3
116700,3
104817,3
104605,3
171726,3
116684,3
297206,3
110581,3
138149,3
377762,3
74761,3
221328,3
126007,3
74157,3
63743,3
79313,3
74308,3
50802,3
221340,3
500276,1
68103,3
66182,3
378452,1
310567,1
236891,1
12202,1
200809,3
90149,3
59139,3
63209,3
42080,3
226060,3
12219,3
163220,1
372489,1
372577,1
407809,1
407889,1
332827,1
408076,1
380636,1
341607,1
408170,1
341608,1
388217,1
165241,1
408441,1
408450,1
119642,1
201973,1
163219,1
341611,1
12255,1
407839,1
407892,1
217569,1
163231,1
407996,1
12268,1
320206,1
12271,1
12272,1
87895,1
12274,1
12275,1
42108,1
12276,1
12278,1
105721,1
383743,1
12280,1
408636,1
68100,3
68100,1
253820,3
253820,1
80728,3
80728,1
62085,3
62085,1
256973,3
256973,1
115506,1
119922,1
119923,1
117769,1
236185,1
250630,1
140219,1
106207,1
12333,1
250772,1
236211,1
236158,1
254535,3
254535,1
12346,3
12346,1
116715,3
116715,1
61878,3
61878,1
12348,3
12348,1
12349,3
12349,1
257000,3
257000,1
135754,3
135754,1
321263,3
321263,1
321264,3
321264,1
256635,3
256635,1
77064,3
22725,3
49901,3
12350,3
12350,1
107238,3
72360,3
101849,3
93819,3
56115,3
281790,3
351664,3
329721,3
220364,3
79005,3
281791,3
311324,3
52684,3
113161,3
74449,3
319282,3
350967,3
350967,1
69041,3
120571,3
218373,3
298549,3
228856,3
190899,3
363865,3
363865,1
61068,3
168250,3
72478,3
117573,3
12356,3
12356,1
210060,1
210060,3
305875,3
305875,1
69390,3
288554,1
288554,3
241852,1
241852,3
63454,3
68461,3
68461,1
69583,3
50588,3
128390,3
68185,3
87601,3
60891,3
60891,1
329648,3
194846,3
12363,3
12364,3
42615,3
68183,3
60659,3
76115,3
60660,3
113177,3
116661,1
61362,1
58866,1
62033,1
90022,1
54986,1
12409,3
12411,3
114868,3
12469,1
70130,1
12477,1
51411,1
20627,3
20627,1
106212,3
106212,1
12534,3
132843,3
12546,3
277539,3
71302,3
71302,2
60308,3
67494,3
67494,2
71678,3
71678,2
12567,3
12567,2
327889,3
327889,2
327987,3
327987,2
50029,1
329847,3
329847,1
270959,1
138789,1
12619,1
55771,1
147711,1
270596,1
12620,1
523450,1
523346,1
107624,1
162223,1
283861,1
67769,1
71402,1
12625,3
12625,2
51563,3
51563,1
84659,3
84659,1
97918,3
97918,1
92831,3
92831,1
96574,3
96574,1
153610,3
153610,1
197880,3
197880,1
182212,3
182212,1
179572,3
179572,1
72499,3
72499,1
56014,3
56014,1
85790,3
85790,1
99581,3
99581,1
60221,3
60221,1
369933,3
369933,1
332371,3
332371,1
47649,3
47649,1
286111,3
286111,1
111199,3
111199,1
196399,3
196399,1
140048,3
140048,1
93713,3
93713,1
50042,3
50042,1
331954,3
331954,1
380954,3
380954,1
49734,3
49734,1
523291,1
153612,3
153612,1
153613,3
153613,1
129582,3
129582,1
66244,3
66244,1
66243,3
66243,1
382889,3
382889,1
128806,3
128806,1
210933,3
210933,1
153603,1
153603,3
360542,3
360542,1
91218,3
91218,1
49561,3
49561,1
132847,3
132847,1
331956,3
331956,1
128125,3
128125,1
74669,3
74669,1
45694,3
45694,1
95216,3
95216,1
534521,1
114097,3
114097,1
168753,1
241547,3
241547,1
331958,3
331958,1
375565,3
375565,1
70402,3
70402,1
156488,3
156488,1
116705,3
116705,1
104714,3
104714,1
274431,3
274431,1
74838,3
74838,1
77317,3
77317,1
272937,3
272937,1
54647,3
54647,1
156490,3
156490,1
308091,3
308091,1
125973,3
125973,1
98876,3
98876,1
118566,3
118566,1
529351,1
224507,1
209447,3
209447,1
226132,3
226132,1
523292,1
534872,1
529350,1
63812,3
63812,1
161838,3
161838,1
70685,1
331959,3
331959,1
342695,3
342695,1
56061,3
56061,1
85789,3
85789,1
12635,3
12635,1
12636,3
12636,1
224508,3
224508,1
21745,1
92563,3
92563,1
98429,3
98429,1
190517,3
190517,1
12638,3
12638,1
12640,3
12640,1
120061,1
227889,3
227889,1
331952,1
12641,3
12641,1
185337,3
185337,1
12642,3
12642,1
12643,1
12643,3
160350,3
160350,1
12644,3
12644,1
141447,3
141447,1
85263,3
85263,1
233820,3
233820,1
12652,3
12652,1
83397,3
83397,1
119453,3
119453,1
170199,3
170199,1
171030,3
171030,1
525581,3
525581,1
156555,3
156555,1
227891,3
227891,1
297077,3
297077,1
302154,3
302154,1
329558,3
329558,1
103954,3
103954,1
21966,3
21966,1
128701,3
128701,1
81651,3
81651,1
255073,3
255073,1
155016,3
155016,1
300835,3
300835,1
12653,3
128700,3
151221,3
151221,1
175829,3
175829,1
152226,3
152226,1
156515,3
156515,1
88632,3
88632,1
12654,3
12654,1
12657,3
12657,1
329560,3
329560,1
12658,3
12658,1
156561,3
156561,1
300432,3
300432,1
83870,3
83870,1
112320,3
112320,1
12661,3
12661,1
12662,3
12662,1
140350,3
140350,1
156516,3
156516,1
331957,3
331957,1
112279,3
112279,1
12639,3
12639,1
331953,3
331953,1
94392,3
94392,1
12649,3
12649,1
12650,3
12650,1
12648,3
12648,1
101433,3
101433,1
224511,3
224511,1
12651,3
12651,1
111561,3
111561,1
233986,3
233986,1
12655,3
12655,1
12656,3
12656,1
69242,3
69242,1
331960,3
331960,1
132090,3
132090,1
12663,3
12663,1
44115,1
315281,3
388866,3
526378,3
510918,3
378520,3
526132,3
272080,1
526301,3
54678,3
522528,3
247855,3
182569,3
315280,3
47835,3
66433,3
69146,3
70465,3
353721,1
514461,3
382446,3
254662,1
521331,3
12681,3
12683,3
523124,3
523085,3
47836,3
523054,3
233640,1
55454,3
522444,3
536101,3
59193,1
383976,3
317843,3
119567,1
234430,1
510416,3
519453,3
519332,3
386697,3
108380,3
108380,1
12699,3
12699,1
12700,3
12700,1
25155,1
65597,3
65597,1
60857,3
60857,1
50572,3
50572,1
235867,1
235880,1
57213,1
93564,1
99492,1
194513,3
194513,1
258155,3
258155,1
267575,3
267575,1
363826,3
363826,1
220208,3
220208,1
111271,3
111271,1
195075,3
195075,1
196485,3
196485,1
177944,3
177944,1
69951,3
69951,1
56843,3
56843,1
92392,3
92392,1
108330,3
108330,1
103881,3
103881,1
112135,3
112135,1
247850,3
247850,1
534525,3
534525,1
239765,3
239765,1
20907,3
20907,1
80154,3
80154,1
271623,3
271623,1
182046,3
182046,1
109138,3
109138,1
126186,3
126186,1
101960,3
101960,1
156634,3
156634,1
97781,3
97781,1
253773,3
253773,1
194274,3
194274,1
183503,3
183503,1
379212,3
379212,1
192518,3
192518,1
287690,3
287690,1
256186,3
256186,1
375442,3
375442,1
241450,3
241450,1
239767,3
239767,1
67276,1
67276,3
67806,1
67806,3
12810,3
12810,1
329790,1
329790,3
76901,1
76901,3
247499,3
247499,1
351736,3
218000,3
218000,1
351737,3
211213,3
211213,1
333828,3
333828,1
290292,3
290292,1
280681,3
280681,1
221313,3
221313,1
94830,3
94830,1
196452,3
196452,1
307465,3
307465,1
333827,3
333827,1
54026,3
54026,2
71803,3
71803,2
74082,3
74082,2
121491,3
121491,2
133913,3
133913,2
60192,3
60192,1
176155,3
176155,1
12838,3
12838,1
94301,3
94301,1
117387,3
117387,1
166234,3
220834,3
220834,1
12847,3
12846,3
12853,3
212881,3
75274,3
283962,3
54207,3
154349,3
500066,3
79106,3
60173,3
198410,3
198411,3
116714,3
86716,3
103786,3
58619,3
53662,3
196579,3
332098,3
235763,3
72988,3
12864,3
12866,3
12869,3
332118,3
80646,3
332119,3
78374,3
332122,3
116259,3
50947,3
48859,3
198452,3
74142,3
74142,1
298115,3
253630,3
320215,3
252857,3
307113,3
73067,3
338074,3
12876,3
338075,3
286755,3
326200,3
338080,3
333042,3
96334,3
96334,1
105625,3
105625,1
308715,3
331055,3
331055,1
341433,3
515525,3
361750,3
361750,1
304924,3
227111,3
361767,3
361767,1
273913,3
273913,1
325318,3
325318,1
338079,3
338079,1
256735,3
341434,3
254809,3
228351,3
250341,3
341432,3
361752,3
361752,1
331056,3
331056,1
338082,3
227112,3
252168,3
381199,3
249460,3
332243,3
338077,3
310555,3
338076,3
256736,3
338081,3
56813,3
95507,3
307438,3
385673,3
535559,3
536506,3
59640,3
361658,3
504958,3
314488,3
361659,3
504956,3
94125,3
105436,3
13015,1
141388,1
250738,1
22194,1
526486,1
115361,3
115361,1
47052,1
511777,1
192756,1
165976,3
165976,1
358683,1
69580,1
272940,1
326323,1
80084,1
66742,1
220165,1
80292,1
354833,1
61257,1
58437,1
70351,1
13166,1
245130,1
13167,1
25153,1
270176,3
270176,1
285685,3
285685,1
19716,3
19716,1
44751,3
71578,1
280748,3
280748,1
60970,1
298737,3
298737,1
369517,3
369517,1
113755,3
113755,1
80940,3
80940,1
370201,3
370201,1
77209,3
77209,1
235504,3
138189,3
138189,1
62159,3
62159,1
241675,3
241675,1
136553,3
136553,1
369313,1
77368,3
13235,3
19712,3
13238,3
13260,3
13260,1
210281,3
34157,3
49196,3
140058,3
151140,3
43608,3
13265,3
13266,3
13267,3
62826,3
13269,3
176118,3
41210,3
13270,3
47874,1
68105,1
13277,1
176669,1
327532,1
120467,3
525486,3
525536,3
525536,1
525507,3
525507,1
525427,3
525427,1
525471,3
525471,1
525465,3
525465,1
13333,1
258158,1
72285,1
20937,1
140990,1
151158,1
241778,3
241778,1
62794,3
62794,1
62795,3
62795,1
171058,3
171058,1
55892,1
55892,3
13396,1
76366,1
98625,1
49579,1
98187,1
331887,1
216520,1
378171,3
235900,1
20908,3
20908,1
64850,1
331892,3
331890,1
56000,1
357132,1
357140,1
357138,1
357139,1
357141,1
273480,3
41908,3
41908,2
13424,3
13425,3
13425,2
72018,3
72018,1
71963,3
71963,1
13449,3
13449,2
108486,3
248016,3
72126,3
13463,1
13463,3
13464,3
13464,1
99495,3
13471,3
217867,3
156812,3
176670,3
33492,3
25943,3
79785,3
13487,3
13490,3
145163,3
208462,3
196298,3
145164,3
114024,3
52610,3
99001,3
46657,3
41906,3
259189,3
66118,3
66119,3
77381,3
352763,3
240126,3
110872,3
13502,2
54273,2
80693,2
224630,3
224630,1
13539,3
13539,1
116519,3
116519,1
175638,3
175638,1
51007,3
51007,1
92057,3
92057,1
224632,3
224632,1
104409,3
104409,1
60975,3
60975,1
224633,3
224633,1
45597,3
45597,1
13544,3
13544,1
107698,3
107698,1
13552,3
13552,1
224641,3
224641,1
224642,3
224642,1
120502,3
120502,1
114134,3
114134,1
13582,3
80737,3
80737,1
94920,3
94920,1
95489,3
95489,1
94958,3
94958,1
179942,3
179942,1
102677,3
102677,1
168778,3
168778,1
59124,3
59124,1
103250,3
103250,1
65958,3
65958,1
58300,3
58300,1
64731,3
64731,1
118345,3
118345,1
90597,3
90597,1
61707,3
61707,1
87538,3
87538,1
59478,3
59478,1
138237,3
138237,1
357593,3
357594,3
83728,3
83728,1
59642,3
59642,1
97675,3
97675,1
102068,3
102068,1
75333,3
43017,3
43017,1
103442,3
103442,1
138497,3
138497,1
13584,3
13584,1
199950,3
199950,1
116972,3
116972,1
72193,3
72193,1
131263,3
131263,1
68731,3
68731,1
103439,3
103439,1
97657,3
97657,1
129868,3
129868,1
178174,3
178174,1
121087,3
121087,1
77618,3
77618,1
13589,3
13589,1
140275,3
140275,1
92694,3
92694,1
371694,3
308603,3
60422,3
60422,1
105023,3
105023,1
65871,3
65871,1
95785,3
95785,1
127576,3
127576,1
69329,3
69329,1
229955,3
90190,3
90190,1
104197,3
104197,1
74853,3
74853,1
86698,3
86698,1
368983,3
369315,3
160564,3
160564,1
177959,3
177959,1
175558,3
131262,3
131262,1
66767,3
66767,1
116968,3
116968,1
71114,3
71114,1
331840,3
331840,1
331852,3
331852,1
66443,3
66443,1
13595,3
13595,1
13602,3
13602,1
13604,3
13604,1
120503,3
131936,3
112098,1
322270,1
13915,3
273056,3
126024,3
126024,1
200817,3
65053,3
57132,3
57132,1
78597,3
78597,1
324409,3
324409,1
80162,3
80162,1
13930,1
384516,3
384516,1
220550,3
220550,1
139745,3
529688,3
529688,1
128045,3
128045,1
535692,3
535692,1
337006,3
337006,1
311960,3
311960,1
227378,3
227378,1
97245,3
97245,1
172411,3
172411,1
155190,3
155190,1
377058,3
377058,1
236180,3
236180,1
65394,3
65394,1
371130,3
371130,1
132216,3
132216,1
152184,3
152184,1
529365,3
529365,1
311753,3
311753,1
49071,3
49071,1
138247,3
311961,3
311961,1
370648,3
370648,1
369411,3
369411,1
51228,3
332992,3
332992,1
154532,3
522167,3
522167,1
140063,3
140063,1
175410,3
175410,1
82523,3
82523,1
126770,3
126770,1
126376,3
534510,3
203317,3
196180,3
219279,3
372834,3
372834,1
536571,3
536571,1
521778,3
521778,1
58104,3
58104,1
137589,3
137589,1
78889,3
78889,1
533692,3
533692,1
56116,3
56116,1
535230,3
535230,1
535854,3
535854,1
204656,3
204656,1
77629,3
77629,1
43108,3
43108,1
75036,3
75036,1
534138,3
534138,1
66209,3
66209,1
68391,3
68391,1
204658,3
204658,1
204659,3
204659,1
59056,3
59056,1
137913,3
137913,1
146506,3
146506,1
131852,3
131852,1
78986,3
78986,1
521771,3
521771,1
166872,3
166872,1
219667,3
219667,1
131463,3
131463,1
47607,3
47607,1
57782,3
57782,1
375968,3
375968,1
63690,3
60208,3
60208,1
81932,3
81932,1
131967,3
131967,1
55784,3
55784,1
521451,3
521451,1
77189,3
77189,1
73394,3
73394,1
79992,3
79992,1
73959,3
73959,1
43663,3
43663,1
52628,3
52628,1
65635,3
65635,1
64953,3
64953,1
79419,3
79419,1
126805,3
126805,1
227432,3
227432,1
372835,3
372835,1
60618,3
60618,1
56514,3
56514,1
68011,3
68011,1
149360,3
149360,1
73178,3
73178,1
126806,3
126806,1
361685,3
361685,1
113293,3
113293,1
62595,3
62595,1
132081,3
132081,1
132082,3
132082,1
525648,3
525648,1
79177,3
79177,1
113295,3
113295,1
116114,3
116114,1
137526,3
137526,1
73868,3
73868,1
47582,3
47582,1
49660,3
49660,1
61654,3
61654,1
372836,3
372836,1
375860,3
375860,1
521275,3
521275,1
86953,3
86953,1
285898,3
285898,1
113298,3
113298,1
132217,3
132217,1
522166,3
522166,1
119306,3
119306,1
226500,3
86954,3
86954,1
73588,3
73588,1
52014,3
52014,1
56163,3
56163,1
84405,3
84405,1
100913,3
100913,1
46762,3
46762,1
140064,3
140064,1
62751,3
62751,1
140066,3
140066,1
361727,3
361727,1
160711,3
160711,1
224722,3
224722,1
13965,3
160701,3
68225,3
68226,3
83275,3
70924,3
70924,1
316962,3
316962,1
253838,3
72278,3
72278,1
86399,3
86399,1
45723,3
45723,1
224725,3
224725,1
271645,3
271645,1
66550,3
66550,1
55755,3
55755,1
81205,3
81205,1
374795,3
374795,1
160704,3
331796,3
147295,3
147295,1
90692,3
90692,1
98538,3
98538,1
224727,3
224727,1
536120,3
536120,1
238995,3
238995,1
341869,3
341869,1
99596,3
99596,1
299404,3
299404,1
94772,3
94772,1
331790,3
331790,1
97846,3
97846,1
275623,3
275623,1
70534,3
70534,1
196345,3
196345,1
518250,3
518250,1
99043,3
99043,1
89674,3
89674,1
130222,3
130222,1
272961,3
272961,1
535990,3
535990,1
323073,3
323073,1
520422,3
332987,3
332987,1
81599,3
82321,3
324611,3
75989,3
75989,1
60724,3
59008,3
74492,3
131863,3
103741,3
81464,3
315650,3
315650,1
131862,3
55217,3
255776,3
57732,3
175412,3
125079,3
133330,3
79511,3
46172,3
518197,3
518197,1
66951,3
322951,3
519215,3
519215,1
69405,3
69405,1
76061,3
76062,3
160710,3
219283,3
533734,3
533734,1
536595,3
536595,1
146526,3
524675,3
196737,3
196737,1
343670,3
343670,1
150322,3
150322,1
14030,3
14030,1
307471,3
307471,1
96915,3
96915,1
90492,3
90492,1
97486,3
90628,3
90628,1
322918,3
184393,3
184393,1
62796,3
192901,3
192901,1
24130,1
129055,1
91146,1
48838,1
24128,1
84437,1
253318,1
360174,3
535980,3
14080,3
66679,3
72804,3
14095,3
14095,1
254545,3
254545,1
119104,3
119104,1
100589,3
299425,3
68581,3
287274,3
246626,3
53688,3
382646,1
327533,1
106219,1
122049,3
51496,1
315361,1
72855,1
14197,1
14199,1
315363,1
14202,3
14202,1
14203,3
14203,1
120957,3
224753,3
224753,1
84899,3
84899,1
108759,3
343727,3
343727,1
53740,3
53740,1
142054,3
142054,1
60124,3
60124,1
73599,3
61902,3
61902,1
46453,3
46453,1
168937,3
168937,1
224754,3
87279,3
87279,1
57354,3
57354,1
84191,3
84191,1
62012,3
62012,1
81740,3
81740,1
105381,3
287383,3
14208,3
14208,1
89808,3
89808,1
53738,3
53739,3
53739,1
357733,3
357733,1
132703,3
132703,1
14210,3
14210,1
84900,3
84900,1
171113,3
171113,1
329243,3
329243,1
205674,3
205674,1
205675,3
205675,1
365427,3
365427,1
46952,3
46952,1
51198,3
51198,1
130116,3
130116,1
53836,3
53836,1
59094,3
59094,1
61972,3
61972,1
74814,3
74814,1
76945,3
76945,1
71466,3
71466,1
343764,3
343764,1
50892,3
50892,1
65056,3
65056,1
85569,3
85569,1
81695,3
81695,1
42518,3
368920,3
106221,3
380404,1
380408,1
262315,1
318431,1
249866,1
14407,1
119927,1
107401,1
106224,1
327534,1
327535,1
328371,1
120661,1
155370,1
14411,1
117907,1
268603,1
112584,1
269090,1
328372,1
327536,1
328374,1
116132,1
106226,1
384946,1
119930,1
516361,1
516362,1
378090,1
327537,1
327538,1
119658,1
512609,1
107386,1
193799,1
14414,1
119929,1
269092,1
14417,1
126824,3
14441,3
341479,3
341479,1
14453,3
111016,3
198895,3
310568,1
14463,3
514489,3
512245,3
179495,3
139612,3
44880,3
14465,3
72655,3
72655,1
72655,2
106228,1
25101,1
14483,1
14486,1
59937,1
140843,1
14502,1
106230,1
14508,1
80484,3
79940,3
69776,3
89681,3
375123,3
98633,3
83330,3
204599,3
68392,3
72158,3
73118,3
73994,3
91195,3
249415,3
63122,3
46356,3
166341,3
70583,3
110600,3
110600,1
63831,3
515366,3
58180,3
74148,3
73149,3
67632,3
78290,3
256751,3
59613,3
98514,3
39098,3
69838,3
176999,3
305644,3
305645,3
85381,3
113997,3
70303,3
47118,3
56888,3
59770,3
249424,3
43991,3
204468,3
196438,3
74041,3
14570,3
280985,3
62004,3
65278,3
98777,3
86140,3
53121,3
98677,3
74087,3
150970,3
100121,3
89130,3
221411,3
82170,3
534170,3
71247,3
194627,3
78188,3
98293,3
63124,3
84839,3
61769,3
354094,3
53425,3
305654,3
99431,3
378459,3
120992,3
48871,3
221099,3
129240,3
89425,3
307472,3
60223,3
95605,3
47961,3
80819,3
89879,3
344795,3
93125,3
113999,3
93150,3
64074,3
58181,3
69976,3
120991,3
153057,3
317672,3
229993,3
234976,3
86862,3
196858,3
61580,3
56039,3
71737,3
60959,3
107587,3
42213,3
42214,3
168938,3
140745,3
51322,3
56330,3
108052,3
168733,3
76807,3
112845,3
322565,3
137634,3
210064,3
86598,3
54712,3
170124,3
328159,3
533230,3
533302,3
86593,3
54713,3
81063,3
84465,3
80322,3
56923,3
83878,3
70323,3
118675,3
93698,3
155463,3
201410,3
98683,3
64601,3
54240,3
81211,3
108005,3
91086,3
91968,3
328392,3
323565,3
323563,3
330951,3
378990,3
140044,3
183797,3
46750,3
321265,3
334039,3
114001,3
177032,3
323276,3
328422,3
48787,3
173151,3
58188,3
55984,3
91654,3
97493,3
58095,3
42756,3
79164,3
49453,3
98222,3
104705,3
93059,3
228696,3
63131,3
354048,3
57821,3
114091,3
99086,3
151343,3
77624,3
53459,3
100607,3
42113,3
132270,3
41237,3
89385,3
66347,3
138503,3
182520,3
46781,3
79318,3
102851,3
59155,3
89772,3
100351,3
151785,3
76257,3
116979,3
67603,3
89278,3
89278,1
96720,3
15377,3
47650,3
68428,3
108261,3
55739,3
198899,3
124395,3
89352,3
89352,1
15350,3
533238,3
280441,3
331936,3
131626,3
57771,3
85940,3
537827,3
134644,3
71067,3
111100,3
324421,3
44798,3
136004,3
100196,3
305665,3
77318,3
135542,3
76053,3
234519,3
234519,1
81556,3
125243,3
325743,3
124510,3
359492,3
359494,3
158407,3
385475,3
91545,3
82187,3
162794,3
329871,3
97312,3
99014,3
67242,3
50778,3
96494,3
57810,3
84071,3
139640,3
52633,3
65922,3
240822,3
93053,3
70036,3
57100,3
95697,3
139026,3
51704,3
61167,3
166352,3
284258,3
343622,3
97408,3
91190,3
84320,3
120865,3
50729,3
83895,3
91553,3
94583,3
182496,3
182496,1
73267,3
61710,3
156173,3
79794,3
153446,3
59147,3
62181,3
66154,3
121728,3
94909,3
63281,3
362508,3
100120,3
243493,3
111224,3
180266,3
61880,3
171603,3
238071,3
93846,3
111117,3
69630,3
301097,3
94128,3
63830,3
84416,3
152187,3
71625,3
116527,3
103381,3
71562,3
48888,3
45427,3
120989,3
45428,3
250490,3
500300,3
338356,3
108053,3
344285,3
65233,3
211107,3
535976,3
288271,3
321586,3
43073,3
68805,3
94405,3
194741,3
65156,3
54137,3
93894,3
95136,3
51454,3
373572,3
94181,3
116981,3
103193,3
138916,3
112844,3
72920,3
23366,3
182823,3
97374,3
89226,3
99608,3
44922,3
94001,3
346358,3
58930,3
57988,3
271657,3
90667,3
93898,3
61096,3
151547,3
76357,3
332636,3
77524,3
73040,3
166377,3
64409,3
44220,3
368116,3
57917,3
46114,3
351117,3
114006,3
317673,3
100091,3
97191,3
96367,3
77417,3
64181,3
97159,3
114004,3
65290,3
65290,1
62306,3
79765,3
168011,1
270910,3
61716,3
76094,3
135554,3
72198,3
98020,3
52659,3
134372,3
64733,3
211042,3
170152,3
22649,1
346134,3
162287,3
99022,3
120168,3
298267,3
67302,3
71237,3
90482,3
254759,3
44653,3
211775,3
51445,3
86029,3
107668,3
234973,3
121754,3
78631,3
69437,3
84478,3
166344,3
244347,3
244351,3
244350,3
168936,3
151970,3
93539,3
97299,3
119836,3
151963,3
94530,3
79452,3
93764,3
94952,3
84928,3
60111,3
119888,3
119888,1
82165,3
14819,3
62744,3
94397,3
97153,3
211108,3
536702,3
328393,3
375108,3
89299,3
90901,3
335064,3
532090,3
314715,3
155462,3
344286,3
323015,3
94475,3
534065,3
533660,3
174273,3
96187,3
533301,3
533231,3
258920,3
330950,3
320176,3
378989,3
320177,3
346625,3
537705,3
334939,3
224966,3
168935,3
82317,3
135551,3
96433,3
89984,3
515365,3
90377,3
97209,3
98183,3
328421,3
21805,3
14877,3
94529,3
91147,3
375104,3
255681,3
110737,3
50507,1
322350,3
14995,3
14996,3
331799,3
89552,3
329319,3
15009,3
95331,3
92597,3
67290,3
224976,3
224977,3
94624,3
130086,3
101610,3
105748,3
269123,3
15051,3
224979,3
15053,3
322370,3
15058,3
204469,3
93519,3
204471,3
66668,3
100670,3
100671,3
118230,3
15130,3
70946,3
87692,3
21067,3
322398,3
21072,3
15181,1
324988,3
323542,3
83210,3
53081,3
91547,3
21766,3
89507,3
95023,3
69240,3
42117,3
131064,3
15226,3
98405,3
116385,3
124501,3
311433,3
311433,2
311435,3
311435,2
329337,3
77584,3
101371,3
372653,3
15288,3
287195,3
87104,3
95873,3
100754,3
101372,3
224994,3
15290,3
209911,3
249417,3
249419,3
249420,3
249423,3
249421,3
101611,3
91807,3
96220,3
15319,3
15321,3
62616,3
15340,3
15340,1
322446,3
225004,3
153060,3
15376,3
60830,3
97044,3
305664,3
15406,3
15421,3
197103,3
15430,3
331812,3
519237,3
15301,3
537784,3
46357,3
130413,3
332624,3
322448,3
115409,3
62262,3
42143,3
121748,3
140521,3
104038,3
94788,3
124168,3
239134,3
112520,3
273278,3
64845,3
92823,3
100821,3
58388,3
15551,3
133020,3
151565,3
100828,3
323523,3
15564,3
15569,3
15570,3
323536,3
15578,3
15594,3
93470,3
15607,3
45195,3
15648,3
15648,2
94447,3
41324,3
324989,3
323544,3
15682,3
370865,3
125311,3
131969,3
130383,3
62723,3
15727,3
74190,3
90056,3
15767,3
62745,3
41336,3
293022,3
15793,3
255334,3
68152,3
58702,3
241549,3
174070,3
256258,3
210116,3
211031,3
99600,3
78948,3
322493,3
15080,3
98668,3
15245,3
100241,3
500321,3
15544,3
321630,3
325063,1
79868,3
79868,1
79869,3
79869,1
66406,3
75977,3
75977,1
15835,3
140681,1
15849,3
15849,1
15851,3
15851,1
15852,3
15852,2
175302,3
175302,1
15862,3
46163,3
46163,1
25797,3
25797,1
15884,3
15884,1
69067,3
69067,1
49066,3
49066,1
140070,3
140070,1
47848,3
47848,1
74084,3
74084,1
116982,3
116982,1
57940,3
57940,1
105266,3
105266,1
50752,3
50752,1
15885,3
521674,3
521674,1
362513,3
96197,3
96197,1
210514,1
210514,3
99843,3
99843,1
66407,3
66407,1
85538,3
291635,3
141438,3
141438,1
99980,3
99980,1
254828,3
254828,1
69031,3
69031,1
305978,3
49325,3
49325,1
131297,3
131297,1
225041,3
225041,1
368389,3
44410,3
44410,1
15892,3
15892,1
129070,3
129070,1
312158,3
312158,1
77027,3
92863,3
92863,1
21715,3
21715,1
92107,3
92107,1
92397,3
92397,1
92598,3
92598,1
98001,3
98001,1
77304,3
77304,1
50268,3
50268,1
99314,3
99314,1
124602,3
124602,1
88831,3
88831,1
159339,3
319485,3
159333,3
159333,1
247516,3
247516,1
197882,3
362078,3
362078,1
131363,3
131363,1
344760,3
344760,1
284468,3
284468,1
362076,3
362076,1
279487,3
279487,1
159328,3
159328,1
159325,3
159325,1
128199,3
328383,3
328383,1
92185,3
92185,1
284377,3
284377,1
126353,3
126353,1
332008,3
332008,1
361020,3
361020,1
60406,3
60406,1
63174,3
63174,1
15945,3
15945,1
79294,3
79294,1
73530,3
73530,1
87217,3
87217,1
93752,3
93752,1
50688,3
50688,1
39502,3
39502,1
88829,3
88829,1
203375,3
203375,1
360948,3
360948,1
352492,3
89430,3
89430,1
165160,3
165160,1
72946,3
72946,1
80002,3
80002,1
59312,3
59312,1
78972,3
78972,1
237141,3
237141,1
237143,3
237143,1
87545,3
87545,1
51950,3
51950,1
59572,3
59572,1
78078,3
78078,1
76931,3
76931,1
63008,3
63008,1
237147,3
237147,1
61100,3
61100,1
69194,3
69194,1
80655,3
80655,1
125789,3
125789,1
96473,3
96473,1
122221,3
122221,1
39567,3
39567,1
93000,3
93000,1
93040,3
93040,1
126246,3
126246,1
90298,3
90298,1
360935,3
360935,1
60866,3
60866,1
139444,3
139444,1
98289,3
99356,3
99356,1
59838,3
59838,1
39624,3
39624,1
97735,3
97735,1
88827,3
88827,1
94491,3
94491,1
84381,3
84381,1
91730,3
91730,1
95063,3
95063,1
122171,3
122171,1
330794,3
95586,3
95586,1
139443,3
139443,1
83750,3
83750,1
49168,3
49168,1
97747,3
97747,1
332009,3
332009,1
93702,3
96807,3
96807,1
95576,3
95576,1
119717,3
119717,1
90990,3
90990,1
94980,3
94980,1
231402,3
231402,1
161044,3
161044,1
122277,3
122277,1
291902,3
291902,1
339837,3
80544,3
80544,1
129828,3
129828,1
139397,3
139397,1
127556,3
127556,1
50425,3
50425,1
127231,3
127231,1
57384,3
155446,3
155446,1
215648,3
154944,3
154944,1
119740,3
119740,1
120524,3
120524,1
95898,3
95898,1
92535,3
92535,1
138074,3
138074,1
201639,3
201639,1
94395,3
119010,3
119010,1
93638,3
93638,1
102418,3
102418,1
94213,3
94213,1
53025,3
53025,1
124988,3
124988,1
121030,3
121030,1
99741,3
99741,1
98313,3
98313,1
95981,3
95981,1
98484,3
98484,1
99832,3
99832,1
175973,3
175973,1
91354,3
91354,1
284781,3
284781,1
507788,3
507788,1
97655,3
97655,1
119732,3
119732,1
377908,3
377908,1
83237,3
96212,3
96212,1
145194,3
91894,3
91894,1
217557,3
92073,3
92073,1
96950,3
96950,1
96961,3
96961,1
95767,3
95767,1
95768,3
95768,1
80211,3
80211,1
51296,3
51296,1
125777,3
125777,1
95534,3
95534,1
54335,3
54335,1
128236,3
128236,1
75073,3
75073,1
112891,3
112891,1
100089,3
100089,1
96757,3
96757,1
101413,3
101413,1
154875,3
154875,1
57601,3
57601,1
97443,3
97443,1
40152,3
40152,1
112648,3
112648,1
248902,3
248902,1
62815,3
62815,1
91751,3
91751,1
40184,3
40184,1
95641,3
95641,1
98060,3
98060,1
72830,3
72830,1
16000,3
16000,1
16001,3
16001,1
40226,3
40226,1
119013,3
119013,1
97019,3
57125,3
57125,1
145572,3
228357,3
228357,1
89756,3
89756,1
125805,3
125805,1
142600,3
142600,1
60496,3
60496,1
334877,3
334877,1
95933,3
95933,1
131349,3
131349,1
89291,3
89291,1
295612,3
295612,1
96103,3
96103,1
320108,3
320108,1
96250,3
96250,1
67980,3
56088,3
90035,3
90035,1
129471,3
129471,1
291901,3
291901,1
360661,3
360661,1
90283,3
90283,1
311388,3
89403,3
89403,1
96920,3
96920,1
269188,3
137557,3
137557,1
258240,3
258240,1
54385,3
54385,1
77049,3
77049,1
66552,3
66552,1
143328,3
129147,3
129147,1
89921,3
89921,1
244819,3
244819,1
116291,3
116291,1
159329,3
159329,1
165882,3
199174,3
69994,3
69994,1
61198,3
61198,1
161045,3
161045,1
152752,3
152752,1
97893,3
97893,1
295613,3
295613,1
158934,3
158934,1
362075,3
362075,1
139486,3
139486,1
96801,3
96801,1
92858,3
92858,1
360674,3
360674,1
192673,3
192673,1
158936,3
93789,3
93789,1
124610,3
124610,1
94468,3
89166,3
89166,1
320109,3
320109,1
215649,3
284779,3
284779,1
89908,3
89908,1
108656,3
108656,1
70615,3
70615,1
330795,3
339838,3
141017,3
141017,1
126093,3
126093,1
203374,3
203374,1
199175,3
61657,3
61657,1
136423,3
136423,1
201640,3
201640,1
196207,3
341496,3
341496,1
284467,3
284467,1
328382,3
328382,1
121031,3
121031,1
362077,3
362077,1
159326,3
159326,1
281812,3
281812,1
154036,3
507789,3
507789,1
97346,3
97346,1
88826,3
88826,1
67581,3
67581,1
80805,3
80805,1
323484,3
323484,1
74208,3
74208,1
40391,3
40391,1
49825,3
49825,1
59902,3
59902,1
77408,3
77408,1
33904,3
33904,1
16015,3
16015,1
89429,3
16017,3
16017,1
236742,3
236742,1
33917,3
33917,1
171839,3
171839,1
303891,3
303891,1
62113,3
62113,1
304225,3
303887,3
303887,1
22257,3
22257,1
21239,3
279605,3
279605,1
33925,3
48527,3
48527,1
324368,3
324368,1
166568,3
166568,1
304342,3
40481,3
322301,3
322301,1
58762,3
58762,1
140979,3
140979,1
99405,3
99405,1
304180,3
304180,1
192078,3
16040,3
16040,1
215167,3
215167,1
16041,3
16041,1
101430,3
101430,1
344190,3
344190,1
16043,3
16043,1
225285,3
225285,1
304178,3
304178,1
19664,3
19664,1
166571,3
166571,1
39791,3
39791,1
33951,3
33951,1
324358,3
324358,1
304200,3
16046,3
16046,1
89685,3
89685,1
16047,3
16047,1
40472,3
40472,1
16048,3
16048,1
101613,3
101613,1
92230,3
92230,1
358863,3
358863,1
16049,3
16049,1
333584,3
324355,3
303892,3
303892,1
329177,3
329184,3
329184,1
65493,3
65493,1
56895,3
56895,1
78577,3
78577,1
105800,3
105800,1
16055,1
16055,3
52982,3
52982,1
81860,3
81860,1
71046,3
71046,1
16056,3
16056,1
317876,3
317876,1
92238,3
92238,1
55538,3
55538,1
237885,3
237885,1
304202,3
304202,1
324342,3
324342,1
303843,3
303843,1
304181,3
304181,1
21192,3
16072,3
31384,3
31384,1
118713,3
118713,1
303842,3
303842,1
26387,3
26387,1
166576,3
166576,1
16078,3
16078,1
78435,3
78435,1
16079,3
16079,1
48102,3
66888,3
66888,1
324334,3
324334,1
39341,3
39341,1
19665,3
19665,1
303890,3
303890,1
75312,3
304223,3
304183,3
304183,1
78184,3
78184,1
16086,3
16086,1
272885,3
272885,1
225260,3
225264,3
225264,1
39316,3
39316,1
40477,3
40477,1
89692,3
89692,1
96275,3
96275,1
56881,3
56881,1
329191,3
329191,1
42801,3
42801,1
270425,3
270425,1
287698,3
287698,1
272690,3
272690,1
116166,3
116166,1
153817,3
153817,1
124331,3
124331,1
205743,3
205743,1
118893,1
86679,3
86679,1
16099,1
332329,3
332329,1
315285,3
315285,1
180685,1
199435,3
199435,1
297301,3
297301,1
193593,3
193593,1
180267,1
118365,3
118365,1
154798,3
154798,1
173105,3
173105,1
153753,3
153753,1
219520,3
219520,1
181199,3
181199,1
199465,3
199465,1
293007,3
293007,1
184288,3
184288,1
239773,3
239773,1
77172,3
77172,1
82037,1
225305,1
332047,3
332047,1
357361,3
357361,1
191837,3
191837,1
138576,3
138576,1
57929,3
57929,1
357408,3
357408,1
91816,1
112306,1
154675,3
154675,1
232306,3
232306,1
150940,3
150940,1
178714,3
178714,1
137309,3
137309,1
154799,3
154799,1
329444,3
329444,1
88317,3
88317,1
120174,3
120174,1
150825,3
150825,1
226031,3
226031,1
332330,3
332330,1
50111,3
50111,1
85294,3
85294,1
64506,3
64506,1
54546,3
54546,1
322032,3
322032,1
72238,3
72238,1
73549,3
73549,1
353598,3
75074,3
75074,1
114135,3
114135,1
524303,3
524303,1
524326,3
524326,1
524289,3
524289,1
524332,3
524332,1
524270,3
524270,1
16125,3
16125,1
524277,3
524277,1
524314,3
524314,1
302699,3
302699,1
524317,3
524317,1
318447,3
318447,1
324280,3
324280,1
119893,3
119893,1
132317,3
132317,1
16128,3
16128,1
87705,3
87705,1
524278,3
524278,1
524329,3
524329,1
524302,3
524302,1
524301,3
524301,1
524268,3
524268,1
524309,3
524309,1
16132,3
16132,1
524331,3
524331,1
322683,3
322683,1
524253,3
524253,1
524288,3
524288,1
524272,3
524272,1
524273,3
524273,1
524299,3
524299,1
524333,3
524333,1
21165,3
21165,1
524259,3
524259,1
524300,3
524300,1
16141,3
16141,1
524266,3
524266,1
302692,3
302692,1
330683,3
330683,1
524285,3
524285,1
524334,3
524334,1
524262,3
524262,1
524321,3
524321,1
524292,3
524292,1
524265,3
524265,1
524323,3
524323,1
57885,3
57885,1
73551,3
73551,1
524294,3
524294,1
244085,3
244085,1
16149,3
16149,1
524283,3
524283,1
524269,3
524269,1
90028,3
90028,1
92134,3
92134,1
16150,3
16150,1
58879,3
58879,1
524274,3
524274,1
329152,3
329152,1
524254,3
524254,1
524286,3
524286,1
250595,3
16151,3
16151,1
118855,3
118855,1
84001,3
84001,1
211224,3
16182,1
67481,1
160975,1
77750,1
90569,1
310406,1
160976,3
160976,1
85973,3
85973,1
168943,3
168943,1
50129,2
328866,3
324228,3
56847,3
324219,3
164576,3
97263,3
16268,3
302820,3
239631,3
239631,2
16229,3
150482,3
107155,3
324269,3
324269,2
16231,3
16231,2
78246,3
74544,3
152424,3
59382,3
65730,3
344917,3
16238,3
329147,3
329147,2
16239,3
16239,2
161035,3
74102,3
74102,1
59538,3
55521,3
63414,3
351051,3
328865,3
16255,3
140355,3
128026,3
255685,3
127857,3
16261,3
328864,3
66615,3
16270,3
16270,2
44117,3
52539,3
332334,3
83834,3
83834,1
16275,3
16276,3
61854,3
61854,2
80806,3
328867,3
226275,3
44279,3
329136,3
322778,3
322778,2
16285,3
16285,1
153503,3
153503,1
335683,2
335683,3
84734,3
84734,2
264584,3
16301,3
16301,2
285283,2
285283,3
170743,3
301975,3
16299,3
296402,3
296402,1
119286,3
153600,3
153600,1
41245,3
41245,1
41566,3
41566,1
384001,3
384001,1
384014,1
384018,3
384018,1
384019,3
384019,1
387434,3
387434,1
384088,3
384088,1
386331,3
386331,1
384091,3
384091,1
384094,3
384094,1
384111,3
384111,1
522103,3
522103,1
521128,3
521128,1
384115,3
384115,1
386333,3
386333,1
384683,1
384249,3
384249,1
386346,3
386346,1
386350,3
386350,1
384285,1
386353,3
386353,1
386319,3
386319,1
386335,3
386335,1
386359,3
386359,1
386338,3
386338,1
386344,3
386344,1
384211,1
386318,3
386318,1
386334,3
386334,1
386645,3
386645,1
387185,3
387185,1
368260,3
368260,1
194381,3
194381,1
239095,3
239095,1
180773,3
74529,3
74529,1
86833,3
86833,1
332059,3
332059,1
351739,3
351739,1
42791,3
42791,1
61569,3
61569,1
323340,3
61744,3
61744,1
177411,3
177411,1
351740,3
351740,1
197772,3
197772,1
197771,3
197771,1
380571,3
380571,1
115668,3
330955,3
330955,1
325617,3
98399,3
328017,3
377839,3
377841,3
297306,1
16411,1
351023,1
16430,1
103285,1
253243,1
81378,1
258292,1
66279,1
199565,1
378756,1
97639,1
250275,3
250275,1
225366,3
225366,1
19856,3
19856,1
43896,1
43896,3
286125,3
286125,1
225367,3
225367,1
268172,3
268172,1
83302,3
83302,1
68757,3
68757,1
53246,3
53246,1
359839,1
359839,3
79441,3
79441,1
287385,3
287385,1
232166,3
232166,1
107609,1
232167,1
232167,3
225369,1
225369,3
87458,3
87458,1
68414,1
69611,1
69611,3
87459,1
70435,1
70435,3
254811,3
254811,1
46527,3
46527,1
48302,3
48302,1
183328,3
183328,1
225370,3
225370,1
64703,3
64703,1
16434,3
16434,1
87460,3
87460,1
409307,1
409307,3
409309,1
409309,3
254453,3
254453,1
48076,3
48076,1
316949,3
314930,3
16452,3
136252,3
16453,3
233013,3
233013,1
96073,3
65567,3
65567,1
323988,3
96875,3
386755,3
386753,3
135173,3
384002,3
50660,3
277984,3
23542,3
66399,3
66399,1
95357,3
260154,3
260154,1
16456,3
297187,3
366106,3
366106,2
333162,3
333162,2
187978,3
187978,2
77804,3
77804,2
354228,3
354228,2
100352,3
100352,2
21397,3
21397,2
45048,3
45048,2
126156,3
126156,2
171785,3
171785,2
193763,3
193763,2
16467,3
16467,2
209095,3
209095,2
116707,3
116707,2
42688,3
42688,2
99765,3
99765,2
89617,3
89617,2
70957,3
70957,2
354260,3
354260,2
376484,3
376484,2
332138,3
73739,3
202535,3
51817,3
70543,3
41195,3
16479,3
54588,3
48768,3
43897,3
202534,3
16484,1
16496,2
225408,3
225408,1
71455,3
71455,1
169824,1
140466,3
16692,1
75723,1
92908,1
86835,1
225491,3
225491,1
92583,1
16622,1
225527,1
246141,3
246141,1
91150,3
91150,1
534548,1
105286,1
268015,3
268015,1
332622,3
332622,1
205225,3
205225,1
16803,3
16805,3
16805,1
113063,3
113063,1
137109,3
137109,1
329833,3
329833,1
80261,3
136257,3
16806,3
16806,1
101036,3
101036,1
16807,3
16807,1
108603,3
358873,3
141324,1
330497,1
141323,1
141323,3
301764,3
233020,3
23973,1
23973,3
65527,3
65527,2
225572,3
119870,3
119870,1
389094,3
389094,1
387006,3
387006,1
308827,3
308827,1
387008,3
387008,1
93929,3
93929,1
387007,3
387007,1
97461,3
97461,1
105609,3
105609,2
16883,3
16883,2
152866,3
152866,2
325148,1
377829,1
356919,1
16932,1
85467,1
185343,1
69410,1
84211,1
48750,1
17057,3
62902,3
48737,3
165776,3
77943,3
82276,1
82386,1
136331,1
178855,1
241260,1
211325,1
384044,1
17066,1
17075,1
43751,1
135229,1
281606,1
95857,1
47612,1
90263,1
17100,1
91604,1
17110,1
363546,1
228427,1
17164,1
17167,1
363551,1
107253,1
375220,1
92350,3
92350,1
232214,1
75393,1
360777,3
360777,1
219055,1
232228,3
232228,1
58367,3
58367,1
80948,3
80948,1
84347,1
21910,1
100953,3
100953,1
17226,1
87783,3
87783,1
17231,1
376445,1
17239,3
17239,1
133115,1
55474,1
212077,3
212077,1
99449,3
99449,1
515377,3
515377,1
344928,3
344928,1
17274,1
215079,3
31352,3
94119,3
48657,3
17361,3
249403,3
102996,3
102996,1
87861,3
322033,3
136113,3
17399,3
297190,3
297191,3
323353,3
17401,3
80141,3
87090,3
242536,3
299405,3
330177,3
68498,3
151448,3
355989,3
229372,3
334897,3
43525,3
80120,3
99977,3
74241,3
94063,3
53626,3
80924,3
289513,3
129341,3
91312,3
105807,3
113095,3
241752,3
374272,3
90122,3
61267,3
247894,3
500225,3
332170,3
87866,3
17410,3
92617,3
71372,3
97176,3
17453,3
17453,1
95590,3
512578,3
512578,1
150759,3
150759,1
150760,3
234263,3
272071,3
69829,3
73283,3
17517,3
376897,3
376387,3
17519,3
58235,3
215029,3
215029,1
215030,3
215030,1
194751,3
194751,1
68743,1
61876,1
135561,3
135561,1
272973,3
24223,1
107184,3
107184,1
68455,1
78666,3
17623,3
17628,3
17628,1
225644,3
225644,1
244345,3
244345,1
130512,3
130512,1
327138,3
327138,1
353104,3
353104,1
529582,3
529582,1
130500,3
130500,1
353105,3
353105,1
307120,3
307120,1
322902,3
17639,3
17639,2
301113,3
378219,3
378219,1
378220,3
378220,1
365623,3
365623,1
291676,3
291676,1
317174,3
317174,1
286772,3
286772,1
365625,3
365625,1
323929,3
323929,1
17649,3
17649,1
134703,3
134703,1
328055,3
328055,1
17658,3
17658,1
58439,3
58439,1
191246,1
191246,3
24236,3
181605,3
181605,1
23532,3
23532,1
87465,3
87465,1
96104,3
96104,1
312889,3
312889,1
46716,3
46716,1
17672,3
17672,1
142466,3
142466,1
92159,3
92159,1
80099,3
80099,1
142467,3
142467,1
54863,3
54863,1
351742,3
351742,1
47597,3
47597,1
527367,3
527367,1
61316,3
61316,1
349614,3
349614,1
378541,3
378541,1
48081,3
48081,1
378536,3
378536,1
57437,3
57437,1
378537,3
378537,1
225653,3
225653,1
378291,3
378291,1
372769,3
372769,1
162419,3
162419,1
351744,3
351744,1
351743,3
351743,1
351745,3
351745,1
378538,3
378538,1
378292,3
378292,1
113037,3
113037,1
104244,3
104244,1
312890,3
312890,1
372768,3
372768,1
378542,3
378542,1
279220,3
279220,1
328056,3
328056,1
17676,3
322243,3
385153,3
385153,1
381703,3
381703,1
225656,3
225656,1
17687,3
17687,1
54723,3
54723,1
56856,3
56856,1
331605,3
104952,3
77779,3
323872,3
323872,1
323870,3
323869,3
49685,3
49685,1
286295,3
286295,1
125951,3
125951,1
17695,3
17695,1
17699,3
17699,1
94157,3
94157,1
96548,3
96548,1
17651,3
17651,1
244340,3
244340,1
291104,3
291104,1
323892,3
323892,1
225649,3
225649,1
131973,3
131973,1
97141,3
155693,3
155693,1
151711,3
151711,1
202813,3
202813,1
82075,3
82075,1
149373,3
195595,3
120091,3
120091,1
287874,3
287874,1
19582,3
19582,1
287855,3
287855,1
17731,3
17731,1
17732,3
17732,1
17733,3
17733,1
162421,3
162421,1
287877,3
287877,1
287857,3
287857,1
287853,3
287853,1
125735,3
125735,1
17736,3
17736,1
287868,3
287868,1
17737,3
17737,1
17738,3
17738,1
341665,3
341665,1
17739,3
17739,1
516537,3
516537,1
285578,1
17744,1
253909,1
253911,1
17748,1
106244,1
253913,1
20040,1
382420,1
327544,1
382422,1
99645,3
43659,3
17781,3
17781,1
17806,2
17828,3
17836,3
341075,1
345390,1
52694,1
238326,1
371610,1
78321,3
101811,3
17842,3
207030,3
344755,3
274456,3
249397,3
343417,3
226161,3
84805,3
315989,3
315989,1
230274,3
230274,1
274784,3
274784,1
228794,3
268591,1
112580,1
112581,1
120627,1
112585,1
131630,1
112586,1
112587,1
516365,1
268593,1
112588,1
268594,1
112589,1
323208,3
323208,1
323217,3
323217,1
328118,3
328118,1
328119,3
328119,2
120492,3
323467,3
323467,1
58309,3
58309,1
90232,3
90232,1
17876,3
17876,2
17876,1
84874,3
84874,2
84874,1
65301,3
65301,2
65301,1
76851,3
76851,2
76851,1
17877,3
17877,1
322168,3
322168,2
322168,1
132496,3
132496,1
151205,3
151205,1
74016,3
98268,3
101954,1
17896,3
182570,3
361707,3
254850,3
372536,3
150401,3
150401,1
370042,3
370042,1
178655,3
178655,1
137811,3
137811,1
152886,3
152886,1
247927,3
247927,1
311968,3
311968,1
323770,3
323770,1
196187,3
196187,1
311969,3
311969,1
243675,3
243675,1
336591,3
336591,1
198905,3
198905,1
150359,3
150359,1
202849,3
202849,1
362532,3
362531,3
362531,1
362530,3
370664,3
370662,3
370663,3
370663,1
202848,3
202848,1
17919,3
17919,1
17922,3
17922,1
179307,3
179307,1
119000,3
119000,1
119025,3
119025,1
323678,3
323678,1
323723,3
323723,1
536362,3
536362,1
17931,3
17931,1
17933,3
17933,1
235523,3
235523,1
535699,3
535699,1
536432,3
536432,1
92075,3
92075,1
535762,3
535762,1
271700,3
271700,1
220553,3
220553,1
536075,3
536075,1
275981,3
275981,1
89496,3
89496,1
81052,3
81052,1
536261,3
536261,1
157010,3
157010,1
535906,3
535906,1
156601,3
156601,1
118442,3
118442,1
96635,3
96635,1
157011,3
157011,1
179566,3
179566,1
138513,3
138513,1
77002,3
77002,1
226280,3
226280,1
316733,3
316733,1
61529,3
61529,1
17960,3
17960,1
272975,3
272975,1
329066,3
69478,3
79801,3
79801,1
536122,3
536122,1
304376,3
304376,1
243680,3
243680,1
111495,3
111495,1
80919,3
80919,1
56696,3
56696,1
212314,3
212314,1
25291,1
329722,3
329719,3
206736,3
206736,2
70874,1
340959,1
314752,1
385663,1
345992,1
55791,1
232678,3
74630,1
74630,3
52836,3
18035,1
233817,3
522647,1
315758,3
206132,1
66575,3
70587,1
18060,1
74406,1
18068,2
71186,3
71186,1
53578,3
56430,3
22726,3
76367,3
360177,3
86777,3
86777,1
115515,1
25231,1
372635,1
170969,3
170969,2
182589,2
20658,3
20658,2
228814,3
308832,3
308832,1
163488,3
209311,3
343628,3
343628,1
308629,3
308629,1
62598,3
62598,1
292602,3
292602,1
81503,3
81503,1
296733,3
296733,1
165987,3
165987,1
82650,3
82650,1
336071,3
336071,1
55890,3
55890,1
135111,3
135111,1
80079,3
80079,1
343195,3
343195,1
325485,3
325485,1
81940,3
81940,1
256681,3
331902,3
102240,3
45177,3
81533,3
81533,1
331903,3
91964,3
180778,3
180778,1
254423,3
101497,3
18176,3
388215,3
388215,1
125636,3
125636,1
130804,3
130804,1
207989,1
48890,1
225713,3
225713,1
225714,1
98125,1
272569,1
119884,1
121570,1
290513,1
251492,1
306619,1
92917,1
42492,1
225715,1
225716,1
116985,3
116985,1
225717,1
49024,1
75886,1
235985,1
257085,1
277282,1
25583,1
116987,1
69904,1
104521,1
98267,1
225719,3
225719,1
374118,1
301497,1
178665,1
180892,1
178667,1
178656,1
182242,1
135381,1
18189,1
225722,1
220596,1
75868,1
83821,1
243731,1
98133,3
98133,1
90739,3
90739,1
59677,1
42416,1
96407,1
74385,1
52341,3
52341,1
152476,1
286927,1
182276,1
78232,1
72908,1
18191,1
161574,3
161574,1
99824,1
225724,1
140281,1
105763,1
105762,1
98837,1
211918,1
131431,1
96267,1
140177,1
89490,1
170642,1
120551,1
273666,1
95019,1
25586,1
326633,1
55747,1
53652,3
53652,1
149134,3
149134,1
149135,3
149135,1
149136,1
121573,3
121573,1
149138,1
290514,1
187192,3
187192,1
124600,1
151288,3
151288,1
153291,3
153291,1
105106,1
208541,1
89408,1
149140,1
187191,3
187191,1
96309,1
49023,1
277381,1
65020,1
273667,1
201917,1
77670,1
89277,1
53773,1
90194,1
48891,1
169683,1
208637,1
180251,1
69695,1
85596,1
43281,1
178657,1
89918,1
208932,1
82792,1
149141,1
178658,1
87453,3
87453,1
44837,1
18213,1
59678,1
134881,1
240004,1
370541,1
136898,1
74389,1
255735,3
255735,1
102263,1
104332,1
334165,1
368864,1
239969,3
118601,3
118601,1
525512,3
525512,1
18218,3
18218,1
73986,3
73986,1
18220,3
18220,1
59795,3
49798,3
49798,1
335381,1
76505,1
18249,1
85756,1
85121,1
286881,1
69254,1
73661,1
18258,1
169752,1
268526,1
226071,1
18282,1
169785,3
169785,1
297800,1
306744,1
178471,1
512087,1
257155,1
511254,1
210911,1
329623,1
329624,1
329625,1
18287,1
375794,1
302764,1
512535,1
77641,3
77641,1
93768,1
336593,1
170955,3
170955,1
90889,3
90889,1
300360,1
62637,1
18288,3
18288,1
100978,1
18289,1
18296,1
88884,1
25294,1
23964,3
239961,3
18460,3
409666,3
86219,3
86219,1
327888,3
327888,2
18565,2
274605,2
180271,2
18566,2
343228,3
239785,3
18573,3
189902,3
343428,3
380577,3
332206,1
21314,1
255973,1
76137,1
364712,3
258503,3
258502,3
231116,3
231117,3
227836,3
231121,3
343418,3
231123,3
231108,3
292072,3
124872,3
206820,3
216440,3
216437,3
57014,3
86334,3
372655,3
216439,3
108696,3
227830,3
269535,3
78234,3
25967,3
36,3
269,3
269,1
268,3
268,1
133269,3
133269,1
102688,3
102688,1
586,3
586,1
652,3
1457,3
1460,3
139012,3
1461,3
1889,3
80461,1
67442,1
207703,3
207703,1
3136,3
3136,1
93978,3
93978,1
363963,3
363963,1
89775,3
89775,1
3139,3
3139,1
207704,3
207704,1
108131,3
108131,1
207706,3
207706,1
170663,3
170663,1
3142,3
3142,1
282531,3
282531,1
207709,3
207709,1
166438,3
93770,1
77900,1
133001,1
3294,1
95935,1
67464,1
213492,1
214601,3
214601,1
4387,3
4387,1
214615,3
214615,1
92589,1
92567,3
92567,1
90499,3
90499,1
205672,3
205672,1
92131,3
92131,1
105716,3
105716,1
101338,3
101338,1
101052,3
101052,1
325053,3
325053,1
7138,3
7138,1
7196,3
158814,3
529493,3
529494,3
337987,3
334793,3
41058,3
41058,1
99033,3
99033,1
9499,3
72295,3
9503,3
9503,1
329934,3
9835,1
9838,3
9843,1
57396,1
175408,1
10334,3
10334,1
241242,3
241242,1
241243,3
241243,1
69541,3
69541,1
92105,3
92105,1
241182,3
241182,1
241251,3
241251,1
241249,3
241249,1
241193,3
241193,1
241248,3
241248,1
98319,3
98319,1
45248,3
45248,1
41440,3
41440,1
98806,3
98806,1
177868,3
177868,1
363376,3
363376,1
245371,3
245371,1
10335,3
10335,1
47085,3
47085,1
51398,3
51398,1
325847,3
325847,1
84664,3
84664,1
96260,3
96260,1
77915,3
331038,3
331039,3
299511,3
11097,3
11097,1
87319,3
87319,1
287675,3
263257,3
375397,3
11557,3
11561,3
140708,3
12518,3
360255,3
330041,3
12988,3
224551,1
13059,1
13061,1
13071,1
330167,3
352132,3
57505,3
133029,1
71791,1
13094,1
331800,1
13101,1
133031,1
93466,1
105357,1
13119,1
13122,1
165977,1
115366,1
13150,3
79725,1
286247,3
286247,1
329929,3
329929,1
331882,3
331882,1
66395,3
66395,1
81339,3
81339,1
63557,3
13362,3
13365,3
79695,3
62396,3
13937,3
59913,1
331700,1
14090,1
53879,1
14248,3
14248,1
14249,3
14249,1
121101,3
121101,1
93508,3
93508,1
121102,3
121102,1
102145,3
80490,3
80490,1
14252,3
14252,1
88412,3
88412,1
92818,3
92818,1
14253,3
14253,1
14279,3
14279,1
318045,3
318045,2
317436,3
317436,2
14280,3
14280,1
69287,3
69287,1
181306,3
181306,1
324364,3
324364,1
205754,3
205754,1
23746,3
23746,1
73960,3
73960,1
329158,3
329158,1
14313,3
14313,1
284769,3
284769,1
17252,3
360992,3
360992,1
374150,3
374150,1
236465,3
236465,1
328101,3
328101,1
331708,3
128320,1
22125,3
65862,1
142341,3
142341,1
54823,3
54823,1
500226,1
245665,1
192899,1
176292,1
18598,1
249853,1
94531,3
94531,1
225796,3
225796,1
134274,3
134274,1
79372,3
79372,1
329930,3
329930,1
371441,3
335495,3
138346,3
