71839,1
379082,4
379082,8
26083,1
76583,1
59418,1
50593,1
80913,1
80913,11
322413,1
65552,1
351549,1
51307,1
93024,1
67032,1
77036,1
55434,1
336097,1
185167,1
26215,1
120655,1
185164,1
185166,1
507786,1
280246,1
285633,1
119116,1
178741,1
176700,1
255628,1
721,3
177523,1
722,6
185972,12
523363,6
80980,12
279648,6
105540,6
156134,6
279647,6
279646,6
279645,6
523362,12
737,12
523361,12
260682,6
270260,4
211541,4
52621,4
298623,4
168703,4
374843,4
170218,4
324876,4
324878,4
324880,4
298625,4
344837,4
182428,4
339126,4
344131,4
344132,4
344133,4
298626,4
296016,4
42964,4
152930,4
270259,4
152931,4
240228,4
152932,4
152933,4
240229,4
179188,4
152935,4
349272,4
108938,4
111252,4
112203,4
211065,3
334247,3
211313,12
106042,3
101270,3
312575,3
184518,3
282043,3
214929,3
221465,3
147978,3
184488,3
112436,3
139328,3
368000,3
139329,3
184524,3
220727,3
280724,3
156521,3
184517,3
333793,3
112442,3
112444,3
173876,3
173881,3
148633,3
173889,3
364778,3
148672,3
214927,3
202885,3
112430,3
378145,3
378146,3
378147,3
333091,3
184525,3
241693,3
378156,3
337141,3
112439,3
184519,3
112443,3
375089,3
89875,3
95918,3
26468,3
186131,3
186134,3
517979,3
517341,3
337684,3
221474,3
221494,3
831,3
840,3
186210,3
186211,3
186219,3
292273,3
353623,3
349964,3
312577,3
349969,3
112402,3
165502,3
350035,4
194710,4
217953,3
165496,3
349980,3
112404,3
521559,4
165500,3
858,3
196810,3
333795,3
253448,3
282512,3
334256,3
521083,3
78771,3
334226,3
521169,3
334249,4
333796,3
226282,3
517750,3
218227,3
521171,3
522791,3
334255,3
521326,3
186242,3
877,3
186284,3
520210,3
156182,4
315296,4
174270,1
259188,1
106044,1
200398,1
132153,4
142631,1
200395,1
200395,4
304718,1
238930,1
307774,1
142632,1
156196,1
156196,4
186569,4
106045,1
106046,1
186571,1
186572,1
143018,4
237172,1
106047,1
186574,4
186576,4
142633,1
186578,1
105497,1
280976,1
178819,1
175314,3
1104,6
188276,4
344766,1
191524,1
191524,4
190714,1
190714,4
291463,1
291463,4
292252,1
292252,4
121188,12
1313,4
97932,4
65620,1
233129,1
199173,1
215499,1
215394,1
193659,1
199176,1
215451,1
215486,1
190175,1
380437,1
119443,1
106051,1
233228,1
233230,1
233507,1
233162,1
233178,1
119435,1
215308,1
215311,1
215312,1
233137,1
106052,1
176778,1
140380,1
325179,4
234893,4
389167,4
234891,3
119498,4
246796,4
172570,4
139302,4
199444,4
165507,4
156042,1
226748,6
52447,6
109542,1
26895,1
68576,4
68576,1
522279,1
524919,1
525088,1
1575,2
1575,11
79002,2
79002,11
284003,2
284003,11
114041,2
114041,11
284001,2
284001,11
20903,3
20903,4
20903,10
191382,1
526674,1
523088,1
523088,4
105555,12
277906,12
105559,12
70045,1
68713,1
156883,4
134180,2
134179,2
55729,3
55729,4
55729,10
103867,1
106060,1
127412,1
146647,1
306453,1
306453,11
271941,11
43477,1
351282,1
237490,11
27734,1
27734,3
296992,11
296996,11
279711,11
248691,1
347654,1
239115,1
250148,11
331044,1
48754,1
307183,11
292698,7
292698,11
347912,1
257075,1
348088,1
296970,11
302972,11
325490,7
513784,1
513783,1
348067,1
253805,11
292421,11
176780,1
177888,1
347903,11
164608,11
348074,11
203596,1
203584,1
203584,11
84584,1
75912,1
75912,11
234423,4
261229,4
325535,3
325968,3
132707,3
107279,3
353488,3
234900,12
524962,3
235494,3
353443,4
107280,3
246739,3
107289,3
353444,3
107281,3
234899,3
173270,3
206888,3
48143,3
139288,3
353445,3
107282,1
246746,3
278378,3
353446,3
215525,3
246740,3
246734,3
199201,3
353507,3
353505,3
107283,1
353485,3
353508,3
173254,3
246743,3
246744,3
107286,3
173154,3
246737,3
235495,3
173278,3
173256,1
353450,3
107288,3
165061,3
304019,1
318422,4
318423,3
27854,4
27854,3
318425,3
165063,3
162815,3
139362,3
368796,11
368796,8
526442,3
526442,11
525811,3
525811,11
526599,3
526599,11
302867,11
302867,8
353962,11
353962,8
120895,11
120895,8
363872,3
363872,11
528759,3
528759,11
361804,11
361804,8
361805,4
525578,3
525578,11
525464,3
525464,11
525553,3
525553,11
298832,11
298832,8
204032,1
204032,4
525046,4
525046,1
204413,4
57302,3
57302,4
302176,8
302176,11
302176,1
311031,8
311031,11
195919,8
195919,11
360304,8
360304,11
303724,8
303724,11
303724,1
216092,8
216092,11
168876,8
168876,4
82637,8
82637,4
153697,8
153697,4
29468,8
29468,11
116447,8
116447,11
106063,1
521773,1
521773,3
304021,3
517369,1
517369,3
157228,1
204846,1
204849,4
204850,4
204850,12
277684,1
365945,1
338818,1
280714,1
369969,1
280725,1
362085,1
157186,1
204853,12
204853,4
184326,3
184327,3
149640,3
252648,3
149657,12
184325,3
139382,3
139381,12
139381,4
284344,1
281858,1
349892,4
163552,1
163552,3
206889,1
206889,3
349894,3
349894,4
134666,1
134666,3
517450,1
517450,3
536988,1
536988,3
504028,1
504028,3
135076,3
135092,3
135059,3
349901,1
349901,3
112390,3
357746,3
241841,3
233039,1
122060,3
246926,3
184541,3
107456,1
346331,3
184533,3
346336,3
246929,3
122188,12
234898,3
346339,1
122189,3
199777,1
119488,3
184538,3
122069,1
246931,3
156545,1
346342,3
279943,1
184536,1
233040,1
367395,1
346345,3
292866,3
241676,1
184547,3
346346,3
172377,1
172377,3
293284,3
353463,3
293269,3
353470,3
293279,3
529291,1
529291,3
279579,3
107311,3
176830,3
353475,4
133333,3
107315,1
133404,3
521743,1
521743,3
246018,12
107320,1
107320,3
139296,3
529300,1
529300,3
293283,3
353511,1
293280,1
293289,12
293290,3
353512,3
522181,1
522181,3
119152,1
119154,3
293273,3
139297,3
107329,12
353516,3
139298,3
350490,3
241812,4
349853,4
246749,4
349863,4
156345,4
521608,1
521608,3
156346,4
349856,4
349855,4
517345,1
517345,3
349848,4
241814,4
241594,4
246759,4
245445,4
521918,1
521918,3
251818,3
112393,3
381568,12
251820,3
124565,1
119155,4
207346,3
217885,4
217909,4
119135,3
372727,4
119158,3
269246,3
337366,3
199437,4
207339,3
337396,1
233030,3
337996,3
337384,1
119138,4
337997,3
217900,4
119140,3
217899,3
347164,1
106080,4
139301,4
2392,4
106081,4
112514,4
537002,1
537002,3
360192,4
521734,1
521734,3
204856,4
157217,4
157217,12
204857,4
204857,12
309061,4
303551,4
316083,12
303562,4
303557,4
303564,12
370088,12
370086,4
370105,12
370102,12
207958,4
122199,12
221572,3
221573,1
139387,12
370050,12
388128,1
112513,3
122198,4
122198,12
106083,4
106083,12
201459,12
280713,12
2424,12
50646,1
104013,4
265695,4
24950,4
157291,8
361108,1
353413,1
347335,1
353414,1
353412,1
237825,1
299909,1
143903,1
279712,1
360305,1
360306,1
360308,1
250464,1
378552,1
239355,1
249757,1
143904,1
219409,1
370885,1
361109,1
361107,1
351284,1
347334,1
351285,1
351286,1
157318,3
157319,1
157319,3
328038,1
328038,3
168217,1
328037,1
328037,3
352907,1
206166,1
247182,1
247181,1
217040,1
206160,1
217041,1
247191,1
247186,1
153592,1
205115,1
202703,1
217043,1
238351,1
371881,1
247208,1
247200,1
247201,1
247187,1
247203,1
247206,1
217048,1
247205,1
247204,1
247202,1
247198,1
247209,1
217050,1
368799,1
366016,1
206158,1
247185,1
176611,1
337331,1
247213,1
217053,1
259254,1
247210,1
217054,1
217055,1
217059,1
217061,1
206165,1
238352,1
177526,1
247212,1
536941,1
247197,1
247207,1
247199,1
217064,1
247196,1
304032,1
247195,1
247214,1
382658,1
247215,1
247194,1
88722,1
247193,1
206167,1
237420,1
279267,11
318516,11
327345,11
330507,11
327343,11
362334,11
317783,11
353304,11
308663,4
308663,11
353303,11
337952,1
337952,11
520014,11
243511,11
310421,11
229738,11
220979,11
310444,11
298996,11
319764,11
372706,11
311518,11
302488,11
379317,4
379317,11
291493,1
291493,11
362344,11
371108,11
362348,11
371105,11
371107,11
371106,11
346089,11
362338,11
351241,11
197920,1
197920,11
197918,11
302939,11
236362,11
197940,11
302941,11
199680,11
526085,11
525691,11
386136,11
386137,1
386137,11
362314,11
526409,11
242712,11
362302,11
362300,11
526331,11
362329,11
362327,11
281327,11
281326,11
362328,4
362328,11
526374,11
362058,11
362062,4
362062,11
325067,11
253808,11
297225,11
325066,11
338678,11
362333,11
362301,11
362298,11
362475,11
362473,11
525614,11
525566,11
241573,11
310420,11
226814,11
227194,11
362318,11
362317,11
362319,11
362265,11
362268,11
315670,11
325073,11
362264,11
352911,11
334463,4
334463,11
352913,11
306844,4
306844,11
525917,11
334465,1
334465,11
242728,11
362311,11
362312,1
362312,11
362313,11
525531,11
362296,1
362296,11
362295,11
362294,11
362293,11
286006,11
362273,11
351288,11
353705,11
344629,11
236375,11
302940,11
197915,11
197943,11
310141,11
197919,1
197919,11
302942,11
298640,1
298640,11
362257,11
362343,11
361857,11
362346,11
362342,11
362347,11
310443,11
362262,11
362261,11
363356,11
362341,11
362340,11
362337,11
202027,11
202025,1
202025,11
520394,11
524793,11
199681,11
211942,11
524792,11
524808,11
525139,11
525265,11
367815,11
156433,1
526675,1
206616,1
248450,4
248450,12
206619,4
206619,12
133111,3
133111,4
344138,3
344138,4
55173,3
55173,4
80135,3
80135,4
44937,3
44937,4
206519,4
206520,4
157369,4
90822,4
105534,4
259166,1
517190,1
378119,1
343227,4
71018,4
71018,8
287907,1
287907,4
236719,1
329575,1
319071,4
345569,4
345569,8
278248,4
278248,8
270426,1
270426,4
347316,1
325164,1
329595,1
329595,4
534038,1
251801,1
522830,1
251803,1
345570,1
236718,1
346581,1
287914,1
371583,1
306727,1
302125,4
346582,4
251806,1
522813,1
346583,4
329584,1
346584,1
522817,8
329591,4
329591,1
522805,8
329585,1
251809,1
522818,4
522818,7
329228,1
329608,4
517159,1
329609,1
329609,4
378969,4
329599,8
251804,4
354045,3
354045,8
354046,4
273493,1
297297,1
354058,4
354059,4
309231,4
218349,1
518121,1
354103,1
251808,1
246868,1
106088,1
246853,4
241699,4
241702,4
241703,4
241703,8
106090,1
241704,4
241705,4
246863,4
361040,4
241706,8
106092,4
210490,1
241707,1
246859,4
246864,4
241710,1
275170,1
275170,4
241701,4
207112,1
329598,1
329598,8
329592,1
207116,1
219165,1
219165,4
157404,1
157405,1
383264,1
210495,1
210489,1
207136,1
207137,1
522006,1
517173,1
518089,1
346586,1
346587,4
251815,1
371986,4
217771,1
346591,4
251814,1
307212,1
306745,1
217770,1
157406,1
157406,4
207141,1
207141,4
119108,3
121158,3
52915,3
3055,3
300994,3
28782,2
20782,1
176857,6
295470,1
290938,1
290928,1
290933,1
290935,1
290930,1
290931,1
290936,1
290934,1
295280,1
295073,1
295074,1
295072,1
295276,1
295277,1
290939,1
349565,4
342006,4
298137,1
295273,1
295079,1
295078,1
295070,1
295062,1
295066,1
295068,1
295063,1
295064,1
295069,1
295067,1
295075,1
295076,1
295071,1
299492,8
344159,3
106096,3
370796,3
238381,3
371879,3
348385,3
208968,3
209062,1
209068,1
157515,1
174782,1
209074,1
209106,1
209104,1
142250,6
142250,8
109388,4
210112,1
105499,8
210411,4
210411,1
210412,4
3722,4
3722,1
157604,4
163712,4
163712,1
181608,4
181608,1
285698,8
157618,4
140062,4
178973,1
143418,1
285482,4
122757,4
363373,4
376201,3
376201,4
217806,1
229721,1
217788,1
217789,1
208651,1
172430,1
143697,1
178969,1
252359,3
252359,1
299709,4
142134,4
143691,1
143195,1
143323,1
143196,1
143818,4
126283,4
178976,1
176742,4
176737,4
135154,1
123903,1
143268,4
305311,1
156112,1
359207,1
285495,1
313340,1
337202,1
178986,4
143271,1
160820,1
233401,4
199007,4
374699,1
160815,1
147376,1
124022,1
123623,1
178962,1
313336,1
176734,4
176735,1
147312,4
123260,1
135199,1
371082,1
157332,1
157338,1
220560,4
135135,1
299017,1
214407,1
147371,1
155804,1
155404,1
221547,1
122786,1
122616,1
257221,1
175566,1
122619,1
122719,1
150906,1
122514,1
229725,1
122872,1
229729,1
211486,1
157692,1
157692,2
295461,1
119347,1
194680,1
194684,12
212550,3
212550,4
138136,4
138134,4
360994,4
247699,4
360311,4
73965,1
73965,4
250370,4
518907,1
518907,4
519891,4
213334,4
44177,4
71766,1
71766,4
380630,4
90825,4
89639,4
94635,4
138200,4
282208,4
70009,4
238359,1
25953,4
153666,4
139227,4
280957,4
60836,4
82456,4
281486,1
105511,3
214514,1
214515,1
82742,3
214516,1
60968,1
280981,1
269782,1
240058,1
240058,3
376990,1
376991,1
376989,3
376989,4
376992,1
376992,3
264550,4
239160,4
212131,1
141809,3
142726,1
351242,4
353834,3
353833,3
353832,3
385781,1
133329,3
353863,3
353821,1
353822,1
353823,1
353824,1
353842,3
353843,3
353838,3
353839,4
362480,1
353852,4
133327,4
163396,4
323048,4
353848,4
294465,4
353865,4
353853,1
353855,4
353856,4
355787,1
355786,4
353831,3
353831,4
353849,4
355789,4
142734,4
142733,1
529104,3
529104,4
353840,4
237456,4
142725,1
353860,4
282033,4
365286,3
353858,4
142746,4
351169,3
351169,4
329917,3
329917,4
353861,4
354173,4
132450,4
350254,4
287471,3
133323,1
133323,3
235171,4
353857,4
355788,4
343431,4
174979,3
30720,4
353864,4
142763,1
141807,1
163393,3
163393,4
141806,1
141806,3
353836,3
353836,4
122437,1
122437,4
353828,4
142773,4
525723,1
525723,4
353948,4
353829,1
311509,1
354177,4
142779,1
163402,1
158205,11
158205,2
105565,11
105565,2
293239,2
293239,11
293236,2
293236,8
199931,2
199931,8
518185,2
518185,11
112426,2
112426,8
297286,2
297286,11
158213,2
158213,11
105568,2
378140,11
378140,2
173930,2
119336,1
139319,2
173948,2
173947,2
293191,2
293191,11
388146,11
388146,2
301559,11
387334,2
516567,2
516567,11
517782,2
517782,11
307216,2
378137,11
378142,11
378142,2
378136,2
119342,2
119342,11
293192,11
361002,2
361002,11
500531,2
500531,11
302126,11
302126,2
378134,2
521605,2
521605,11
293194,11
500543,11
500543,2
173936,2
173946,11
173946,2
378984,1
378984,11
388253,1
388253,11
194078,11
388254,1
388254,11
158218,8
158218,11
199782,11
199801,1
199801,11
199915,11
237223,11
279953,11
199873,1
199873,11
327174,1
327174,11
199875,1
199875,11
310560,11
199876,11
199876,1
380389,11
199854,11
199910,11
364573,11
246060,11
246060,1
310559,11
310559,1
199886,3
199887,11
199895,11
139350,11
199868,11
139378,11
246049,11
286298,11
364548,11
246050,11
246050,1
203333,11
203333,2
199853,11
199862,11
199918,11
106106,1
106106,2
304068,1
265848,1
265848,11
320734,1
199837,8
199837,11
349227,8
349227,11
124421,3
133280,3
133280,1
337867,3
337867,1
311806,1
258689,2
203334,1
233043,1
311754,1
370632,3
370632,1
199730,1
251828,3
506748,8
506748,11
364570,8
364570,11
199819,11
112370,3
112371,3
112371,1
133284,1
133284,3
199812,11
265849,3
265849,1
251824,1
199811,11
139317,11
311758,1
337904,1
139318,1
318439,1
318439,11
310557,11
199860,11
297119,1
199839,11
139349,11
337894,1
337894,11
133285,1
133285,11
346141,1
199733,1
199773,11
199774,1
199774,2
387294,1
337878,1
311807,1
307217,1
337912,3
337912,1
251825,3
251825,1
337880,1
337880,3
301818,1
199823,11
330675,1
265855,1
265855,3
337890,3
347163,2
199834,11
252187,1
199883,11
520203,1
520203,11
517177,8
517177,11
251835,8
199903,3
112373,1
267553,3
310558,3
388706,1
124424,11
124424,1
265853,3
265853,1
265851,3
265851,1
364549,11
133288,3
311794,11
337893,1
246034,8
246034,11
105584,8
105584,11
72392,1
158243,2
121513,2
158240,2
119184,1
119194,1
103211,3
180350,3
170165,3
173181,3
328264,3
344411,3
353393,3
42417,3
293216,3
165835,3
282380,3
282382,3
306459,3
300464,3
327387,3
234457,3
173211,3
317641,3
302856,3
320649,3
320672,3
57110,3
173251,3
286395,3
271073,3
249104,3
376631,3
372394,3
197449,3
177686,3
198347,3
338038,3
385613,3
383286,3
216939,3
351579,3
58097,3
327685,3
62200,3
238015,3
290580,3
230672,3
121477,3
180927,3
248700,3
372410,3
372406,3
345425,3
167347,3
192096,3
146132,3
350950,3
352660,3
352662,3
352671,3
352674,3
327273,3
184671,3
307078,3
331220,3
353523,3
298716,3
59748,3
48350,3
249103,3
94897,3
134654,3
213089,3
372420,3
514203,3
77084,3
239039,3
109314,3
350873,3
337651,3
271087,3
306767,3
248790,3
229267,3
504876,3
352978,3
143510,3
170170,3
308032,3
65181,3
72627,3
173443,3
310326,3
248734,3
243512,3
248735,3
360370,3
331211,3
309299,3
250816,3
306535,3
344410,3
58707,3
365009,3
349584,3
349575,3
366101,3
372439,3
78663,3
375279,3
360360,3
523911,3
183092,3
143260,3
50875,3
85704,3
290581,3
345427,3
173520,3
248738,3
269361,3
136691,3
178229,3
293217,3
241159,3
338043,3
67744,3
255376,3
234128,3
306441,3
173581,3
170174,3
368345,3
253430,3
372453,3
307639,3
333804,3
234213,3
197486,3
275878,3
213116,3
353659,3
104188,3
207790,3
325092,3
173632,3
79193,3
173646,3
317643,3
342453,3
317644,3
342447,3
52228,3
80212,3
345432,3
241929,3
233085,3
173665,3
43496,3
43497,3
309407,3
94984,3
241485,3
190681,3
297245,3
170175,3
253431,3
372466,3
56240,3
44906,3
263317,3
96897,3
325093,3
184661,3
315726,3
248757,3
116445,3
369039,3
352979,3
273375,3
47748,3
114204,3
62628,3
104132,3
209192,3
274820,3
345575,3
173792,3
271354,3
209193,3
127396,3
372494,3
76337,3
241928,3
353787,3
70521,3
197497,3
173834,3
158048,3
84042,3
43686,3
352782,3
208248,3
338053,3
68772,3
226987,3
309435,3
152615,3
368348,3
317092,3
317093,3
208249,3
173994,3
233734,3
197504,3
289126,3
99455,3
369047,3
338059,3
360890,3
370876,3
344175,3
99606,3
231305,3
56242,3
170180,3
379027,3
307080,3
65564,3
281785,3
309492,3
113833,3
360899,3
327261,3
177502,3
282401,3
372411,3
372407,3
167348,3
317702,3
177894,3
374214,3
255615,3
317712,3
370119,3
367712,3
374212,3
101753,3
352682,3
335803,3
308905,3
342459,3
306600,3
335124,3
176784,3
310327,3
365008,3
350617,3
350618,3
365002,3
504401,3
503787,3
258279,3
239696,3
254479,3
320650,3
320673,3
94183,3
367710,3
344174,3
61336,3
181404,3
20718,3
524193,1
128885,1
130555,1
42495,1
5355,1
142927,3
303162,3
303164,3
246937,3
342102,4
307220,12
119325,4
107428,3
534869,3
343709,3
343703,12
199438,12
307222,1
342106,12
246943,12
241838,3
343705,12
139299,3
328308,3
199442,12
142929,3
303168,3
142930,3
107442,12
198020,1
303174,12
107446,3
246951,3
219223,1
296470,1
343715,12
219151,12
246952,3
342105,3
246954,12
370630,3
307223,3
246724,12
241840,3
245986,3
370628,3
163929,12
158355,12
177563,4
101304,4
25789,4
325172,4
59104,4
74520,1
140524,4
5399,1
311053,1
194176,4
115985,4
31239,1
105276,1
85047,1
105280,1
111293,1
97096,1
73993,1
59408,1
102025,1
44655,1
243818,1
243818,3
368676,1
352710,1
367721,1
367722,1
317645,1
202008,1
202008,3
338949,3
380422,6
380424,6
326825,6
276168,6
230598,6
230600,6
214393,6
175111,6
175111,11
229778,3
298599,6
298599,11
298600,6
298600,11
335305,3
335305,6
360314,3
360314,6
310472,6
193296,6
230599,6
327162,6
529203,6
230601,6
511934,6
196425,6
248972,6
511937,6
169362,6
169362,11
202629,3
249818,6
249818,11
249797,6
249797,11
359108,6
359109,6
310845,3
500209,3
31753,3
5758,3
228300,11
228300,3
376603,3
111393,11
111393,3
117081,11
117081,3
536850,1
537075,1
537064,1
536876,1
536870,1
536922,1
537014,1
536908,1
537012,1
105507,1
105507,4
5889,1
5889,4
347718,12
61139,12
25370,11
264307,3
6342,3
121217,3
89957,1
158639,3
158655,1
73475,1
23105,3
360480,3
240038,1
240038,4
337625,1
337625,4
334717,1
334717,4
335807,1
363866,1
360772,1
111052,1
111052,4
237434,1
237434,4
244098,1
244098,4
351299,1
217905,1
217905,4
288841,1
288841,4
169158,1
169158,4
332704,1
332704,8
522608,6
187703,1
217472,1
207329,1
207321,1
207326,1
217486,1
217484,1
264308,1
137431,1
207328,1
217544,1
308653,1
217489,1
358817,1
137432,1
173046,1
207784,1
201476,1
308923,1
311058,1
217478,1
103185,1
158765,1
48585,1
158770,4
57197,1
61927,1
523195,1
320008,4
245119,4
523159,1
81109,4
158799,3
361935,1
199743,3
378128,3
241685,3
378130,3
246768,3
320207,3
304271,3
367741,3
367742,3
367743,3
320209,3
320210,3
351300,3
285801,3
54426,4
115674,3
114275,4
303181,4
7431,3
207641,7
125006,11
125006,1
523203,11
63025,11
235102,11
71504,1
121177,1
263313,1
234124,1
105478,11
158926,12
158928,12
294467,6
7700,6
238316,6
288861,6
23110,12
125485,1
7875,8
96913,1
114258,1
27631,1
51285,1
344342,1
353886,1
504945,1
354584,8
158994,4
218098,4
142818,1
121180,1
246291,1
200062,3
200062,1
139825,1
121944,1
386820,4
387964,4
159145,12
529135,1
529135,3
503554,1
503554,3
502735,1
529223,1
529223,3
502809,1
501580,1
501580,3
105515,4
346297,4
529254,1
529254,3
346194,1
346192,1
346192,3
249756,1
249756,3
529253,1
529253,3
346197,4
346197,8
277035,4
165512,4
523298,1
523298,3
165520,1
346299,4
238099,4
529106,1
529106,3
529029,1
529029,3
357477,1
357477,3
346304,4
346201,4
165511,1
165511,3
529034,1
529034,3
529109,1
529109,3
528971,1
528971,3
528992,1
528992,3
237682,4
197739,8
346309,1
346309,3
294430,4
529056,1
529056,3
173112,1
173112,3
338913,1
346263,1
528988,1
528988,3
529041,1
529041,3
529068,1
529068,3
529003,1
529003,3
528999,1
528999,3
346220,4
528937,1
528937,3
346882,1
346882,3
346325,4
346264,1
346264,3
346292,8
528977,1
528977,3
346290,1
346290,3
529077,1
529077,3
371573,1
347376,4
346213,1
346213,3
346277,1
346277,3
346281,1
346281,3
346282,1
346268,4
338239,1
338239,3
168546,1
528976,1
528976,3
165527,4
141812,8
346326,8
118725,1
118725,3
528978,1
528978,3
528996,1
528996,3
139234,4
214849,1
214849,3
304299,1
529146,1
529146,3
529093,1
529093,3
529142,1
529142,3
529124,1
529124,3
529217,1
529217,3
529175,1
529175,3
529164,1
529164,3
529085,1
529085,3
529204,1
529204,3
529040,1
529040,3
529170,1
529170,3
371185,1
529199,1
529199,3
529166,1
529166,3
529230,1
346307,1
346307,3
173129,8
173107,8
69164,3
327896,1
286096,3
334678,3
116608,1
85851,4
344833,4
277899,1
277899,4
277900,1
277900,4
159259,1
159259,4
65383,4
44830,4
525839,4
318564,4
318562,4
67753,12
67753,8
301614,12
301614,8
301613,12
301613,8
301617,12
301617,8
159351,6
159351,11
500426,1
343786,1
339287,1
339071,1
43771,1
261464,1
237999,1
339103,1
149101,4
149101,10
308024,1
285755,4
285755,10
336665,4
336665,10
242269,4
242269,10
9153,4
9153,10
118860,4
118860,10
261526,1
110933,1
95402,1
372136,1
176787,1
285660,11
215761,2
106149,2
9185,2
9185,11
367422,2
367422,11
319825,2
290849,2
290849,11
294978,11
504951,2
504951,11
299217,2
299217,11
297740,2
297740,11
298417,11
504948,2
504948,11
306263,2
306263,11
291804,2
239055,2
292811,2
169853,2
103542,2
291803,2
114278,2
515222,2
215375,2
378504,2
109285,2
264240,3
250266,1
523468,1
159461,1
106150,1
517170,3
184468,3
184475,3
305352,3
119355,12
143345,3
119356,12
264482,3
125895,3
119357,4
112409,3
142968,3
171652,3
208404,12
363310,12
119360,12
297270,3
297273,3
119362,3
313432,3
172527,3
264478,3
142971,3
112416,3
142972,3
112417,3
297272,3
119367,3
363325,3
319168,3
517368,3
208400,3
184471,3
309700,12
119371,3
208408,3
353391,3
350042,3
142973,3
363314,3
297274,3
297275,3
297276,3
119374,3
147875,3
142975,3
363330,3
184466,3
309312,3
184467,3
208409,1
319166,3
139326,3
149749,3
172532,3
143346,3
521488,3
349041,12
521561,3
159494,3
532471,3
159495,3
258236,3
321536,2
298933,2
341739,2
341740,2
224052,2
95493,2
507744,2
257610,2
352985,2
507887,2
257600,2
259151,2
217177,2
251698,2
290774,2
199191,2
507746,2
507757,2
189331,2
507747,2
507765,2
507748,2
507768,2
103537,2
208008,2
119305,2
176041,2
523295,2
507888,2
507766,2
293741,2
333182,2
329043,2
133196,2
507749,2
236746,2
199192,2
507759,2
233254,2
208222,2
178135,2
290773,2
248963,2
507770,2
507750,2
328833,2
279880,2
175709,2
322346,2
339189,2
507751,2
237846,2
165030,2
507771,2
279884,2
291406,2
194298,2
257611,2
166279,2
507758,2
322343,2
104805,2
178575,2
329404,2
339240,2
329406,2
339242,2
329405,2
339241,2
210022,2
204121,2
507760,2
507761,2
507752,2
166288,2
507753,2
507767,2
507762,2
507754,2
505457,2
329410,2
367424,2
507755,2
45868,2
376678,2
174732,2
507756,2
210023,2
166282,2
166280,2
210027,2
133357,2
507763,2
174734,2
221379,2
241835,2
199190,2
221382,2
137344,2
178158,2
517110,2
215433,2
339191,2
176029,2
178162,2
221385,2
217197,2
208221,2
237669,2
329375,2
165456,2
341449,2
316153,2
335181,1
119291,1
119291,6
119291,11
9861,2
9861,11
113962,2
81095,2
324103,3
523856,2
346151,2
346152,2
523857,2
507792,2
346150,2
249750,1
329134,12
10091,3
10091,4
178087,4
344081,1
153776,1
336017,1
336017,11
283434,1
75859,1
310926,1
280949,1
252018,1
280587,1
274703,1
336018,4
336018,8
114782,4
114782,8
379110,4
379110,8
235508,9
235509,9
10383,9
191740,11
250480,11
156937,11
176048,11
345806,11
176128,11
142728,11
310833,11
310833,6
290639,11
269421,11
351331,11
286014,11
319578,11
319578,6
310810,1
310810,11
319642,1
351330,11
310913,1
310913,11
310809,1
310809,11
306863,11
306863,6
311039,11
272148,11
285663,11
285663,6
137386,1
176790,3
176791,1
159635,2
10550,2
143417,2
200040,2
200041,2
522423,1
105572,1
102972,1
102972,4
280588,1
103489,1
159637,1
159637,4
105481,1
105481,4
105481,2
121315,4
265866,4
246839,1
218054,1
218054,4
163183,4
218055,4
218056,1
122203,4
265863,4
221568,4
112502,4
246829,1
246829,11
112503,4
112503,1
291501,4
122204,2
122204,1
265864,1
265864,4
163167,4
122209,4
221555,4
218058,1
163170,4
163169,4
133273,4
112505,4
122205,4
265860,4
293343,1
265861,4
112507,1
112507,2
265856,1
265856,2
139385,1
139385,2
163171,4
133278,4
221567,8
112508,4
246834,1
246836,1
139386,1
139386,11
246838,11
246838,1
199928,1
199928,11
199927,1
199927,11
219179,1
219179,2
112510,4
122213,1
122213,4
291094,1
291094,2
252600,4
148582,1
148582,2
148585,2
148585,1
43377,1
77703,1
136891,1
140124,1
159787,12
327991,12
327992,12
343231,2
25310,6
279600,12
235689,4
119886,1
119886,3
11145,6
64380,6
159867,6
156418,1
11264,3
158000,3
85994,3
87569,3
106188,1
213880,1
178481,3
245308,12
341692,4
52052,12
61328,12
56048,4
224308,12
45311,12
81551,12
49079,3
101800,12
54718,12
286200,3
224373,3
287394,12
212229,2
363873,1
388647,1
360396,1
310768,1
515098,1
515099,1
516691,1
516691,11
236868,1
505369,1
301080,1
301081,1
337973,1
386927,1
349936,1
386928,1
189963,1
189964,1
276572,1
256961,1
505373,1
505372,1
505365,1
505366,1
505368,1
505374,1
363876,1
505371,1
308120,1
284088,1
284087,1
284961,1
284090,1
363874,1
514433,1
505367,1
237850,1
365324,1
296755,1
383168,1
360318,1
236866,1
388418,1
361938,1
388669,1
179206,1
299947,1
179208,1
323956,1
272149,1
299948,1
253761,1
388628,1
269956,1
388657,1
388657,11
515095,1
388655,1
310767,1
388642,1
376144,1
199677,1
365325,1
361937,1
388646,1
388668,1
334470,1
336817,1
367595,1
367596,1
385315,1
175831,1
52667,1
68006,1
187710,1
184689,1
353013,1
342675,4
525756,4
41818,1
181778,4
136481,1
75069,1
75069,4
202604,4
250133,1
280845,1
207780,1
202878,1
190181,1
106195,1
106194,1
139239,4
138145,1
287476,4
280968,3
379067,3
205117,1
165529,1
165528,1
240048,1
350965,1
212138,1
136295,1
11676,4
320009,4
228585,1
315702,1
308678,1
510434,1
308679,1
251699,1
515276,1
515277,1
515278,1
195476,1
319601,1
191855,1
331043,1
146896,1
221137,1
290956,1
229935,1
146774,1
270667,1
163321,1
319600,1
371811,1
298638,1
271319,1
169433,1
510600,1
239273,1
306563,1
306564,1
317688,1
200866,1
121945,1
134514,1
347518,3
522631,3
156644,3
519032,3
520104,3
380388,3
65666,3
63210,3
237823,1
237823,4
296478,4
49065,4
344261,3
160228,1
296476,4
296477,4
124067,1
385786,1
371880,4
344263,1
217461,1
58799,4
270132,1
270132,4
334834,1
529256,1
529256,4
282482,4
320065,1
294448,1
294448,4
217532,1
217542,1
217542,4
136483,1
202757,4
165167,1
165167,4
218231,1
334835,1
217533,1
126201,1
24473,4
24473,3
293182,4
173852,4
139331,4
173861,4
222128,4
173847,4
362434,4
298135,4
379034,4
112449,4
362461,4
173857,4
120949,4
73968,4
206885,3
247382,3
240712,3
207819,3
105473,4
118211,4
319102,3
319102,1
324565,11
310725,1
310735,1
308675,1
525128,11
373674,1
156960,11
197508,11
181611,11
199464,11
199466,11
380212,11
163952,11
166804,11
360329,11
347833,11
525646,11
526037,11
526052,11
386455,11
331298,1
370126,11
234185,11
234185,8
234184,11
234184,8
315677,11
269216,1
269215,1
371987,1
275699,11
275702,11
288561,11
197927,11
303602,11
372704,11
198507,11
529349,11
156965,11
290640,11
290640,8
121283,11
283473,11
339672,11
353095,11
500542,11
386452,11
175717,11
175717,8
191197,11
353094,11
354862,11
353091,11
338912,1
356081,11
166805,11
372630,1
372630,11
234562,11
361825,11
169527,11
121286,11
131546,1
131546,11
147180,11
206708,11
231177,11
310208,11
256535,11
171574,11
171575,11
339515,11
297542,11
141087,11
231176,11
121268,11
339517,11
356086,11
353427,11
275695,11
300866,11
290861,1
290861,11
297541,11
302933,11
121274,11
370120,11
526048,11
277857,11
276583,1
276583,11
241582,11
234560,11
525945,11
525863,11
353803,11
525762,1
526471,11
195551,11
370112,11
370114,11
525804,11
361932,11
354145,11
525753,1
338911,1
335753,1
306871,1
199601,11
525659,11
525962,11
525402,11
354154,11
334478,11
166779,11
166792,11
197507,11
197509,11
197511,11
197512,11
525663,11
525647,11
351346,11
525864,11
360326,11
367823,11
361847,11
317325,11
367818,11
351249,11
351250,11
335749,11
370176,11
368064,11
249938,11
361940,11
367829,11
367827,11
351260,11
367828,11
367830,11
521607,11
383143,11
505498,11
371988,11
505499,11
294481,1
368815,1
294488,1
179218,11
195542,11
131545,1
131545,11
361800,11
371683,11
529348,11
349988,11
505501,11
367824,11
310724,1
310734,1
169991,11
372629,1
372629,11
371239,11
521382,11
361873,11
500647,11
263547,1
263547,11
201270,11
199605,11
276581,1
276581,11
526472,11
525129,11
238085,11
121281,11
121269,11
525623,11
367821,11
367826,11
208669,11
371594,11
281528,11
253622,11
238164,11
208670,11
168864,11
352922,11
121272,11
310218,11
253623,11
255431,11
361501,1
361501,11
310198,1
310198,11
302934,11
168865,11
121275,11
121287,11
141086,11
310211,11
367809,11
120078,11
168866,11
360330,1
360330,11
310200,11
303601,11
525792,11
386454,11
363815,11
311965,11
367808,11
121284,11
344641,11
361802,11
354142,11
264549,11
253057,11
253057,8
351348,11
281254,11
198508,11
168868,11
524789,11
525413,11
120062,11
120062,8
265700,11
265700,8
273101,1
265703,11
265703,8
277357,1
277357,11
265698,8
265698,11
120064,11
120064,8
339665,11
355373,11
371051,11
526650,11
526637,11
526617,11
371050,11
525142,11
525226,11
354861,11
303710,11
292019,11
292023,11
308672,4
308672,3
522771,8
522668,8
355040,8
522512,8
314261,8
341308,8
378867,8
378863,8
522477,8
522536,8
522499,8
522397,8
386146,8
386130,8
520037,8
355437,8
520863,8
522497,8
522451,8
522681,8
522370,8
522502,8
522421,8
522667,8
522596,8
522689,8
522658,8
522376,8
168538,4
522719,8
106215,2
112477,2
248675,2
143433,2
328298,2
143398,2
199790,2
112478,2
256664,2
337129,2
337131,2
253403,2
292718,1
142617,2
112480,2
295018,2
143426,2
143404,2
143429,2
143395,2
295019,2
143406,2
112646,2
337134,2
143379,2
105457,2
521145,2
521145,4
112360,2
229601,1
112378,1
287310,2
199447,2
199448,2
246016,2
252065,1
148645,1
172392,2
523427,2
112380,1
357804,1
378605,1
112364,2
378606,2
307229,2
119128,1
372351,2
281451,2
304950,1
112365,2
253409,1
281449,2
173919,2
112367,2
173908,1
281450,2
139284,1
246318,1
173902,1
347261,2
112383,1
290105,1
148085,1
173915,1
119131,1
521688,2
521688,4
526623,2
184217,1
254807,4
210836,8
202505,8
124162,1
256830,4
248772,4
329031,3
73715,1
308230,2
106216,2
165728,2
133362,2
235554,2
215900,2
378980,2
199797,2
163112,2
307228,2
112452,2
346810,2
148409,2
122305,2
361751,2
122306,2
347230,2
367793,2
133368,2
293256,2
361756,2
133371,2
191771,2
346812,2
133373,2
148405,2
163116,1
149925,2
215891,2
112459,2
328575,2
183875,2
348742,2
105456,2
133360,2
378997,2
264567,3
13217,3
264568,3
258685,3
42126,3
13220,3
258684,3
141902,1
141902,8
119102,12
89642,4
116467,4
245054,4
76183,4
335728,8
60169,8
60169,1
337183,8
387198,1
387208,3
387208,1
387209,1
159589,4
306895,3
105475,3
333819,1
293661,1
94423,3
336548,3
109634,3
14355,3
295629,3
105558,4
281127,12
139353,12
281123,12
337246,12
345900,3
199786,12
112469,12
160833,12
337288,12
281126,12
281125,12
194721,12
281128,12
145061,3
387166,4
253217,1
67257,4
106235,1
63006,1
253157,1
131299,1
114213,1
181956,1
84285,3
71850,3
45667,3
285229,3
161055,1
161055,4
161060,1
161061,3
276368,1
528883,1
238652,1
281087,1
310654,1
281248,1
523133,1
63081,1
114401,1
152132,1
103772,1
193807,1
310653,1
75364,4
280972,3
142602,1
184613,3
384907,4
280971,4
368088,4
84963,4
156451,11
156451,6
132273,4
299729,3
299729,8
137436,1
380381,4
68415,11
69612,11
526242,1
526242,11
526237,1
526237,11
526159,1
526159,11
217446,3
105523,4
77435,3
244104,3
157229,1
119101,1
524922,3
234351,1
105479,1
293619,1
293619,4
293619,2
307232,4
337813,4
293685,4
529080,1
529080,2
293689,4
505699,1
505699,2
293694,1
338594,4
293697,1
293697,4
374283,1
374283,2
338561,1
338561,2
529088,1
366055,4
325191,4
307234,4
366070,4
320836,4
523288,1
344753,4
338562,1
338562,2
293706,4
348874,1
348874,2
504768,2
529087,1
529087,2
293710,4
366073,1
366073,2
354853,11
354853,1
334449,4
375119,1
375119,2
293725,1
338567,1
338567,2
375116,4
500648,1
500648,2
293727,4
325195,1
325195,2
304410,4
293863,4
319038,4
293871,4
293872,4
387279,4
293873,1
293873,11
344765,4
293874,4
293874,1
293876,4
293878,2
293878,1
293879,1
293879,4
529160,1
529160,2
293883,4
293887,4
347225,11
347225,1
387281,1
387281,4
356401,4
293891,4
337984,4
386622,4
529156,1
529156,2
375115,1
293897,1
529238,1
529238,2
318420,1
318420,11
318419,1
318419,11
293907,4
293906,4
307238,4
294120,4
389149,1
389149,4
327922,4
319033,4
378656,1
378656,2
293919,4
375117,4
294125,1
294125,2
338575,4
293925,4
293927,4
293932,4
338578,1
338578,2
294130,2
294130,1
346597,4
293949,1
366082,4
304424,4
366084,1
366084,4
342452,1
374284,4
342313,4
333090,4
371586,1
371586,4
293957,4
325203,4
304425,4
366087,4
371129,1
371129,2
293972,1
293972,2
529191,1
529191,2
338582,4
375118,1
304420,4
293978,1
293978,2
293979,1
293979,2
293981,4
338583,2
338583,4
338583,1
307068,4
366058,4
366094,4
293984,4
293985,8
293989,4
293991,1
338585,4
338250,1
338250,2
293998,1
294002,1
294002,11
294003,11
294003,1
294004,1
294004,11
294005,1
294005,11
521088,1
521088,2
379007,1
379007,2
294011,1
294011,2
325207,4
294013,4
294014,1
294014,4
294015,1
294015,2
528929,1
528929,2
338560,4
521853,1
521853,2
105486,1
302084,1
199199,1
119121,1
370552,1
387340,1
112358,1
370562,1
119122,1
216536,1
218222,1
370569,1
302124,1
65293,1
66889,1
106242,1
106242,3
517352,1
517352,3
517370,1
517370,3
148631,1
148631,3
384055,3
384055,1
165337,1
165337,3
298671,1
298671,3
133347,1
133347,4
139335,1
139335,3
343452,1
343452,3
301266,1
301266,3
133348,1
133348,3
149189,1
149189,3
333783,1
333783,3
199781,1
199781,3
165338,1
165338,3
133344,4
149812,1
149812,3
149814,1
149814,3
278381,1
278381,3
307248,1
307248,3
307249,1
307249,3
318500,1
318500,3
149202,1
149202,3
309096,1
309096,3
133351,3
148735,1
148735,3
149825,1
149825,3
149827,1
149827,3
287322,1
287322,3
309097,1
148617,1
148617,3
112464,1
112464,3
292608,1
292608,3
229377,1
229377,3
133352,1
133352,3
199924,1
199924,3
148731,1
148731,3
304422,1
304422,3
112466,1
292610,1
292610,3
139340,1
139340,3
133345,1
133345,3
139344,1
139344,3
149190,1
149190,3
505701,1
505701,3
198017,1
198017,3
149186,1
149186,3
199780,1
199780,3
149854,1
149854,3
220712,3
139346,1
139346,3
229642,1
229642,3
148558,1
149864,1
149864,3
133346,1
133346,3
230999,1
230999,3
337023,1
337023,3
105532,3
329081,3
161315,4
102196,4
246183,4
105498,3
281230,3
327828,3
264527,3
184206,3
349257,3
184207,3
163145,3
163144,3
264536,3
281233,3
264539,3
163142,1
163142,3
264540,3
119418,3
161342,3
119111,1
300419,1
280043,1
139256,1
371769,1
106253,1
106262,1
371760,1
151629,4
105531,1
371783,1
371784,1
369649,1
361918,1
371806,1
139255,1
371723,1
371725,1
371816,1
252020,1
354166,1
351362,1
280014,1
279995,1
279994,1
351173,1
233316,1
232327,12
76282,12
522876,4
77152,3
301508,4
275176,2
370540,2
520185,2
518814,2
325502,2
254294,1
253609,1
254291,1
156813,1
85083,6
142254,6
161634,6
309213,6
161643,6
309214,6
74336,1
142255,3
142255,4
277392,3
277889,3
277889,4
45516,1
247384,1
106275,1
85362,11
384065,1
247150,1
111104,2
126205,2
49878,1
234557,1
64998,1
315852,2
315852,11
113589,1
105649,1
69964,12
43959,3
375325,4
517924,4
324898,4
176450,4
522076,4
74292,4
297013,4
375326,4
375666,4
535777,4
521772,4
216324,4
147685,4
282486,4
62287,4
62288,4
521249,4
369907,4
333605,4
147725,4
357487,4
49025,4
524701,4
60075,4
291956,4
212053,4
238355,4
533464,4
244824,4
73084,4
239097,4
533389,4
189337,4
217494,4
344571,4
535640,4
521828,4
521507,4
531261,4
376645,4
51125,4
73380,4
511846,4
511839,4
193110,4
521692,4
533275,4
216329,4
207066,4
536562,4
110866,4
247852,4
533346,4
71255,4
383528,4
233314,4
85057,4
281372,4
307797,4
351174,4
536799,4
67055,3
71734,4
369084,4
306519,4
207076,4
240508,4
192018,4
525996,4
524702,4
258073,4
517927,4
322511,4
343132,4
525732,4
333624,4
524703,4
524455,4
524455,3
521787,4
521787,3
521360,4
47361,4
349404,4
239099,4
241915,4
155502,4
258079,4
533402,4
233948,4
521279,4
333626,4
50769,4
333820,4
72379,4
155503,4
521179,4
157151,4
343143,4
255408,4
521627,4
525971,4
374961,4
517928,4
517929,4
525763,4
322430,4
517930,4
517931,4
253242,4
48224,4
521834,4
534140,4
524464,4
524464,3
86347,4
84892,4
154791,4
372646,4
517133,4
322432,4
517932,4
241916,4
55271,4
314456,4
239102,4
157118,4
317135,4
533449,4
517933,4
333635,4
277588,4
535793,4
73381,4
155524,4
271716,4
217452,4
216328,4
359915,4
536311,4
500228,4
155525,4
54291,4
502185,4
67057,4
93729,4
524704,4
59690,4
86601,4
536800,4
536066,4
335631,4
221882,4
119319,4
521322,4
154265,4
292846,4
525739,4
322525,4
524549,4
151525,4
98794,4
258101,4
521531,4
207124,4
519083,4
277820,4
343134,4
333654,4
376904,4
375334,4
524705,4
193703,4
521386,4
50344,4
66781,4
524706,4
535977,4
525743,4
521632,4
334909,4
535727,4
343137,4
517935,4
343740,4
358264,4
225764,4
525871,4
119321,4
322533,4
525807,4
525700,4
52350,4
306522,4
308023,3
517936,4
381497,4
280529,4
536000,4
517937,4
271725,4
517938,4
243068,4
511825,4
501161,4
289546,4
46926,4
155509,4
535804,4
500948,4
517939,4
533764,4
524708,4
69766,4
280531,4
533290,4
368752,4
147729,4
258131,4
157149,4
521146,4
80133,4
533739,4
358266,4
363354,4
62092,4
258133,4
521509,4
521509,3
533451,4
521774,4
535634,4
343152,4
524709,4
517941,4
353383,4
536305,4
321670,4
66184,4
322549,4
207133,4
75122,4
333687,4
67611,4
535805,4
371044,4
296895,4
517942,4
535503,4
521425,4
524710,4
535715,4
517943,4
226630,4
536345,4
194310,4
287405,4
517944,4
241923,4
536243,4
280533,4
524546,4
345439,4
270630,4
521701,4
85621,4
511745,4
521324,4
360347,4
534650,4
502342,4
182921,4
322575,4
212143,4
535747,4
258174,4
384071,4
64967,4
155515,4
322580,4
534703,4
536819,4
76686,4
347531,4
511620,4
333698,4
535631,4
521805,4
282496,4
536705,4
536112,4
322585,4
524711,4
343138,4
525964,4
240706,4
194312,4
258181,4
216326,4
258182,4
524712,4
534724,4
258186,4
258188,4
353004,4
353005,4
128978,4
278090,4
524713,4
375338,4
155531,4
58340,4
207135,4
351552,4
353382,4
205812,4
87602,4
536698,4
383545,4
526077,4
526077,3
533950,4
359918,4
192014,3
360348,4
536226,4
278134,4
63800,4
535520,4
368094,4
155533,4
322553,4
536551,4
68396,4
537201,4
276377,4
205794,4
525168,4
95307,4
220672,4
521195,4
157113,4
278196,4
521527,4
314029,4
521229,4
524714,4
333718,4
219428,4
322562,4
249911,4
517947,4
182973,4
238916,4
521449,4
154272,4
322567,4
72247,4
258209,4
535553,4
119318,4
81176,4
67041,4
69533,4
207087,4
521200,4
517948,4
367935,4
299266,4
263344,4
263344,3
535513,4
517949,4
521397,4
517950,4
221880,4
74772,4
82965,4
258214,4
528764,4
87065,4
271727,4
333695,4
536831,4
525720,4
521719,4
521452,4
287415,4
522877,3
75314,3
260590,3
42238,4
18512,3
225781,4
18513,4
299765,4
27255,4
27254,4
24149,4
27257,4
286205,4
27259,4
522878,3
522879,3
258646,3
522881,3
100389,4
59272,3
367435,3
119107,3
102490,4
132272,4
104825,4
155223,4
67250,1
119537,12
119538,6
57040,1
103894,1
388419,1
248612,8
161805,8
245470,11
105482,11
105463,1
350058,4
107290,4
165661,2
165661,4
165662,4
309081,4
309081,2
309073,1
107291,4
107291,2
350059,4
350059,2
309074,4
309074,2
107292,4
163106,4
163106,2
142924,4
142924,1
107293,2
107293,4
309082,4
309082,2
309090,1
309084,4
309084,1
309092,4
309092,2
309086,2
309086,4
107295,4
309088,1
309080,1
107296,4
107297,1
142926,4
142926,2
105462,2
354193,2
82970,12
250087,1
184126,1
19178,4
152135,4
171896,4
355311,3
309522,3
355325,3
330204,3
308083,3
341957,3
250043,3
213286,3
250040,3
500658,3
363754,3
312902,3
355317,3
327153,3
338910,3
213288,3
341952,3
258225,3
201517,3
341953,3
294819,3
355309,3
355310,3
355323,3
341964,3
355316,3
500596,3
19191,1
500352,4
105543,4
293103,4
379083,4
209818,4
353667,4
120586,4
209820,4
209821,4
293111,4
353669,4
117623,4
293106,4
209824,4
353670,4
307252,4
359458,1
199354,1
199317,1
361532,1
315868,1
195935,1
154804,1
163322,1
187711,1
195940,1
361798,1
353011,1
335743,1
159688,1
199288,1
199291,1
199297,1
199283,1
195927,1
353009,1
199289,1
199293,1
177556,1
199304,1
199303,1
199305,1
195931,1
195932,1
195933,1
318128,1
359358,1
359359,1
359363,1
359364,1
359365,1
199340,1
199338,1
199348,1
359524,1
359526,1
371882,1
359451,1
199310,1
195939,1
359405,1
379172,1
388787,1
214850,1
359412,1
359414,1
359415,1
359417,1
359447,1
199349,1
195930,1
359445,1
199331,1
199329,1
359371,1
370011,1
341874,1
359418,1
359420,1
359433,1
359434,1
355575,1
359510,1
359441,1
339122,1
355574,1
339121,1
359511,1
359463,1
359440,1
359464,1
155298,1
212140,1
537168,1
524318,1
362007,1
360297,1
507785,1
500504,4
524445,1
334635,3
334635,4
314616,4
146066,4
345625,3
345625,4
526313,1
387202,3
387201,3
336410,3
185182,1
243389,1
160231,1
213028,1
194879,1
185357,3
185375,3
185375,1
429,4
109441,4
156108,2
19847,2
53267,4
66378,4
156110,4
24468,1
24468,4
316236,1
316236,4
372600,3
84696,3
163328,4
135632,4
315713,1
169155,4
525674,1
127588,3
194282,3
219980,3
388095,4
388102,1
105989,1
185954,4
713,4
185964,4
55707,3
47005,3
293126,3
185967,3
57095,3
57095,1
183190,3
183190,1
73923,6
66646,4
525115,3
525115,4
151746,3
767,3
186038,5
186038,8
156149,1
41250,1
180449,3
233828,3
330744,3
520096,3
512544,3
222489,3
221468,3
227617,3
334873,3
316847,3
63770,3
252221,3
334878,3
316848,3
345424,3
175895,3
334899,3
306236,3
334901,3
334881,3
203706,3
180452,3
334883,3
334876,3
526003,3
61276,3
228230,3
236699,4
341673,3
257844,4
175896,4
334885,3
500230,3
280603,3
233969,3
196759,3
181325,3
22424,3
26461,3
186089,3
46050,3
138663,3
797,3
326510,3
799,3
243757,3
330667,3
334888,3
351374,3
334890,3
334889,3
375250,3
98702,3
367861,3
186097,3
186098,3
186099,3
186104,3
300281,3
186111,3
122425,3
334892,3
186113,3
502002,4
186114,3
100346,3
174945,3
807,3
44015,3
147709,3
64096,3
186121,3
814,3
334884,3
186124,3
214930,3
119395,3
119397,3
139327,3
337150,3
91617,3
521475,3
521549,3
156520,3
311479,3
517971,3
139357,3
173890,3
275186,3
517749,3
521321,3
521835,3
285290,3
186054,3
254867,3
186129,3
186130,3
816,3
23983,3
186138,4
91010,3
823,3
74176,3
186144,3
85577,3
186145,3
91645,3
353092,3
257216,3
533549,3
221479,3
130421,3
186166,3
335528,3
186174,3
186175,3
135385,3
315908,3
61344,3
186181,3
175129,3
220043,3
130556,3
334853,3
334861,3
124956,3
211681,3
289005,3
72359,4
375572,3
351379,3
367811,3
186185,3
138667,3
186189,3
334893,3
375989,3
23386,3
835,3
59974,3
254465,3
836,3
838,3
26479,3
186205,3
74354,3
186209,3
841,3
141442,3
843,3
334871,3
186214,3
54471,3
26481,3
283811,3
845,3
186217,3
846,3
84710,3
26483,3
120428,3
174947,3
849,3
97189,3
111675,3
26486,3
186223,3
27614,3
106043,3
349961,3
349963,3
139322,3
199772,3
353156,3
199769,1
349979,3
350765,3
165501,3
165498,3
186227,3
23193,3
86364,3
186236,3
186237,3
101639,3
95440,3
334864,3
101637,3
101638,3
108463,3
298139,3
854,3
375600,3
243756,3
359739,3
170678,3
519090,3
520664,3
349541,3
106290,3
520237,3
519174,3
351595,3
862,3
316849,4
186246,3
186248,3
47219,3
186259,3
868,4
186260,3
186270,3
186083,3
61964,4
367813,3
285402,4
512232,3
511302,3
186283,3
881,3
186289,3
186290,3
84523,4
186294,3
884,3
369175,3
163278,3
226604,3
504029,3
372528,3
334188,3
136825,3
199219,1
199219,8
199219,4
237253,1
237253,8
237253,4
162493,6
216766,6
301228,6
124134,6
143016,1
327899,1
184682,1
303986,4
186592,12
186626,12
1075,1
25047,4
255623,4
162388,4
321306,4
78479,1
128447,1
128447,4
186711,1
186711,4
255609,3
255609,11
108991,1
108991,11
67647,11
176705,1
176705,11
213710,1
213710,11
91424,6
188193,1
1126,1
51501,3
523367,1
26613,1
188196,1
127673,6
195245,6
188348,6
1238,6
96232,6
78860,6
137762,6
53670,6
337945,4
337945,1
43298,4
179189,4
179189,1
50437,4
50437,1
172992,4
172992,1
169927,4
220537,1
220537,3
101821,1
109337,1
109337,3
69224,1
59535,1
59535,3
171562,1
1276,1
327488,1
327488,3
111364,1
160104,1
318608,1
108456,1
26742,4
26743,4
131108,3
111888,3
47555,1
1344,4
1345,4
1346,4
368970,3
58689,1
124759,1
1366,1
61802,1
237432,1
155401,1
215449,11
153203,1
193676,1
308084,1
215460,1
193677,1
365764,1
500474,1
374302,1
365688,1
242284,1
69565,1
350938,1
247976,1
84010,1
281262,1
379158,1
321308,1
215448,1
233173,4
233170,4
233163,4
215489,1
215319,1
215321,1
215273,1
181380,1
215257,1
247431,1
193674,1
119439,4
119442,1
247422,1
119445,4
119446,1
119447,1
536930,1
352964,1
285634,1
1371,1
1371,8
91526,8
91526,1
215442,1
294464,1
215450,11
363912,1
31421,2
85702,2
188744,4
41552,4
153247,4
280715,4
153661,4
175678,4
107450,4
233042,4
119500,4
106053,4
389147,4
389148,12
107449,4
165508,4
188745,4
188776,1
188776,4
1404,1
79886,1
74849,1
1408,1
1408,4
113446,3
70738,3
131117,3
131129,3
188799,12
188821,12
301123,12
188829,12
1479,1
72809,3
226749,1
188959,1
89915,1
1505,6
189010,4
40924,1
235157,1
239901,1
288811,1
269293,1
312068,1
288812,1
274127,1
312067,1
288808,1
269290,1
288809,1
235162,1
353141,1
280602,1
280192,1
280198,1
288814,1
288816,4
288816,1
302165,1
302165,4
309589,1
280207,1
269910,1
311179,1
253802,1
202375,1
199086,1
269288,1
67554,1
201849,1
109596,1
239886,1
120441,1
93719,1
73945,1
292348,1
319026,1
77155,1
367579,1
86435,1
311180,1
311172,1
237901,1
263290,1
83851,1
229838,4
303037,1
283047,1
253803,1
82531,1
78728,1
83590,1
297221,1
95811,1
288806,1
288807,1
103249,1
126619,1
146609,1
199085,1
210197,1
147225,1
181628,1
192042,1
298544,1
258284,1
220941,1
235160,1
214178,1
91699,1
110318,1
378410,1
109087,1
226434,4
298546,1
205852,1
310225,1
334708,1
360298,1
370838,1
363810,1
361778,1
311174,1
311173,1
287990,1
352899,1
274988,1
274988,4
261519,1
287994,1
290345,1
290346,4
290346,1
374735,1
374735,4
311178,1
311177,4
309590,1
347527,1
288001,1
307033,1
238075,1
298554,1
317727,1
317724,1
313886,1
317726,1
311169,1
290343,1
313887,1
237674,1
268424,1
290344,1
268425,1
268423,1
290342,1
290341,1
317725,1
317697,1
311181,1
298557,1
310831,1
310832,1
335668,1
210451,1
201851,1
311165,4
253736,1
311170,1
80718,1
97458,1
1531,1
347655,1
503952,1
28122,1
250514,4
171151,1
27038,1
279816,1
27040,1
275087,1
77153,1
231495,1
27042,1
90525,1
83852,1
1542,4
189154,3
189154,4
46222,4
58171,2
26879,6
107239,6
78953,2
156384,2
379837,4
503238,4
23094,3
323939,3
323939,4
345123,3
345123,4
231605,3
231605,4
231609,3
231609,4
231616,3
231616,4
97616,1
52848,3
52848,4
90433,3
90433,4
90848,3
90848,4
93282,3
93282,4
50310,1
1753,3
1753,4
286290,3
286290,4
268775,3
268775,4
156817,3
54773,3
54773,6
129891,6
129891,11
1852,6
1856,1
1856,11
156835,4
84645,4
49757,4
97853,1
126209,6
130517,6
222683,1
222688,1
168167,4
77361,11
202991,3
202991,1
82415,1
73341,1
190762,1
124222,1
124227,3
338948,11
351281,11
198066,1
220036,1
295486,11
295487,11
351571,7
226606,1
281772,11
137219,1
177782,1
172907,1
297001,11
124228,1
124229,1
333732,1
372627,1
294385,11
292381,11
296983,7
168558,7
119459,7
119460,7
182079,7
168560,7
371298,1
371298,11
371299,1
371299,11
339029,11
249997,1
351564,1
124235,1
124236,1
131113,11
119468,11
516610,1
249937,1
176706,1
119469,1
281525,1
281525,3
295463,11
295464,11
176911,1
371613,11
96166,1
295488,11
281330,7
125702,7
310376,11
298571,11
291486,11
291203,11
333747,1
297105,11
297107,7
234553,11
103406,3
292493,11
281500,11
198065,1
281252,11
338947,11
371612,11
272515,7
272694,1
176779,1
102287,1
250887,1
203630,7
263900,11
130495,1
345767,1
345768,1
310375,11
310377,11
351280,1
351280,11
372628,1
372628,11
351238,1
351238,11
351239,1
351239,11
330676,1
229744,11
286916,7
282825,11
322881,11
315291,11
312070,11
310378,11
254090,1
163420,1
163420,4
286299,1
285247,1
27711,1
25707,1
113536,1
113536,4
258312,1
46169,1
203629,7
203649,7
203677,1
237430,3
55582,6
161116,6
238291,3
142101,3
197815,3
322236,3
176781,3
203955,3
285696,3
203956,3
98644,3
169863,3
139363,3
523997,1
523997,3
139358,1
139358,3
122457,3
165067,3
165058,3
524012,1
524012,3
27866,3
122458,3
106062,3
330320,3
318998,1
318998,3
318998,4
116446,11
27935,11
360301,1
335690,1
353704,1
197959,11
529619,11
348154,1
204028,3
204031,11
329665,2
81766,2
116126,2
198479,2
151086,2
115633,3
78738,3
526162,1
526162,3
386628,1
386628,3
189311,1
189311,3
87343,3
205486,3
57301,8
2350,3
261228,3
2363,1
204660,1
74958,12
74352,12
113241,4
143152,1
143152,4
204842,1
204843,4
157185,1
143093,4
143093,8
173056,3
173056,4
135090,8
135090,4
135049,8
372723,8
372723,4
332125,4
332125,8
135053,8
135053,4
135037,8
135037,4
135057,3
135057,4
295423,8
295423,4
526547,1
525076,1
198987,1
216835,1
216836,1
194726,3
217012,1
194727,1
133405,1
205427,1
172382,1
199787,1
107327,1
370081,1
199204,4
156344,4
349843,4
156347,4
368010,4
107305,4
349850,4
246762,4
217886,1
524995,4
119141,4
106079,1
157190,4
106082,1
106082,4
303567,4
157219,12
157219,4
157220,1
204990,12
204991,12
76294,12
204987,12
43858,12
67091,12
254507,12
205012,12
2414,12
102165,12
523606,12
255211,12
132729,12
205049,12
2416,12
2418,12
351033,12
2422,12
2439,2
29485,2
313702,1
313744,1
376974,1
376976,1
313739,1
313743,1
375976,1
375977,1
383871,1
2553,3
102589,4
24370,4
24958,4
2556,4
215069,4
27876,4
28171,3
290900,3
89895,3
306454,3
285366,3
282128,3
28186,3
169394,3
319980,3
511542,3
319979,3
28187,3
28202,3
319981,3
28207,3
261507,3
28234,3
2602,12
279612,12
2603,12
279613,12
189549,1
2604,1
129887,3
254916,1
222779,3
124858,3
90041,1
85760,3
28236,1
136918,1
71648,1
205827,1
48118,1
143097,3
99296,1
84779,1
98973,1
323679,1
323680,1
323677,1
94949,3
206027,1
206032,1
526677,1
526679,1
526678,1
206012,1
2658,1
227559,3
383149,1
87749,1
206131,1
206134,1
106084,1
2669,6
354860,1
371593,1
354859,1
367362,1
62350,1
247188,1
190186,1
177767,1
247190,1
358874,1
358874,8
106085,1
197885,11
176783,1
121173,6
121173,5
296473,6
296473,5
95633,1
99311,1
176077,1
95079,1
96054,1
94038,1
94053,1
93129,1
96294,1
96239,1
89007,1
92975,1
95061,1
29758,1
29761,1
30081,1
89140,1
321501,1
29767,1
29768,1
30086,1
108418,1
99366,1
97170,1
99078,1
28280,4
308053,4
308053,3
28321,3
28321,4
323947,3
323947,4
388546,4
388546,3
522041,3
522041,4
114451,3
114451,4
512563,3
512563,4
43769,3
43769,4
366169,4
366169,3
382611,4
382611,3
280618,4
280618,3
98558,3
98558,4
501162,4
501162,3
522042,3
522042,4
522049,4
522049,3
370052,3
370052,4
366022,3
366022,4
102308,3
102308,4
25507,3
25507,4
351399,4
351399,3
114265,3
114265,4
52106,3
52106,4
189554,3
189554,4
217950,4
217950,3
65272,3
65272,4
202079,4
202079,3
228769,3
228769,6
2924,3
2932,1
206799,1
206682,4
227420,4
153787,4
2954,1
204502,7
296370,6
504767,6
74988,4
206777,4
47363,4
152411,4
270553,4
41753,4
47098,1
2979,4
2981,1
166547,1
166547,3
124071,1
124071,3
46496,1
46496,3
124072,1
124072,3
307777,1
307777,3
108258,1
108258,3
46498,3
42447,1
42447,3
372556,3
352467,3
294160,1
133392,1
251816,1
207521,5
207521,9
207521,11
87613,3
3066,1
3067,1
328082,3
157416,3
207556,4
157420,3
157424,1
111578,3
111578,12
3106,4
59353,3
81358,3
207637,1
207637,4
65333,1
65333,4
28835,8
3148,4
55640,1
370728,3
370728,2
261486,1
316372,1
208609,2
291494,1
157502,1
227198,1
308739,1
361913,1
208720,1
208721,1
208722,4
208723,4
125368,3
46174,3
196601,3
238402,6
3375,1
194935,1
387550,1
25046,1
113811,1
54495,1
3379,3
3379,4
195303,3
195303,4
130592,3
130592,4
167991,3
167991,4
244572,3
244572,4
315808,4
103798,1
232699,1
282588,1
54704,6
374256,6
354014,11
362137,1
362137,11
525174,1
239972,1
29206,1
29208,1
157583,1
210186,4
157584,1
157584,12
40373,3
140272,1
109880,3
276693,12
276693,3
101080,1
3741,12
3741,3
521496,3
521496,12
335531,3
335531,12
274510,12
274510,3
118005,3
118005,12
3745,3
3745,12
65303,1
133119,1
318673,3
46540,1
123280,1
305213,1
326436,1
123914,1
122658,1
371085,1
299177,3
299177,1
123439,1
123372,1
123959,1
123874,1
123367,1
122763,1
123481,1
123052,1
144952,1
122918,1
123999,3
150852,3
150852,1
196847,3
196847,1
196850,3
196850,1
217787,1
222986,1
123326,1
123083,1
123991,1
123707,1
122762,1
123796,1
123961,1
123236,1
122740,1
122567,1
150240,1
123976,1
123226,1
122581,1
122525,1
123207,1
235200,1
178985,1
122775,1
122576,1
370791,1
336674,1
124023,1
123935,1
282684,1
123336,1
303689,1
123378,1
166943,1
122977,1
177466,1
122766,1
222987,1
122608,1
123535,1
137332,1
303691,1
123565,1
123221,1
143204,1
122738,1
242985,1
123313,1
123180,1
123576,1
123633,1
123274,1
178984,1
123401,1
123467,1
123403,1
123681,1
142871,1
122558,1
122558,4
122942,1
124008,1
301909,1
312702,1
124015,1
222990,1
123404,1
150876,3
150876,1
177471,1
201584,1
220559,4
198169,3
198169,1
160817,1
123272,1
124001,1
123929,1
122696,1
137333,1
122888,1
160818,1
124000,1
124006,1
122947,1
123154,1
123928,1
124021,1
178974,1
359204,1
359205,1
359206,1
150884,3
150884,1
143209,1
370800,1
122645,1
235400,4
122711,1
221617,4
218862,1
123460,1
123522,1
122919,4
123368,1
122528,1
123530,1
123375,1
123423,1
122842,1
122975,1
123398,1
122678,1
143284,1
123529,1
123270,1
123043,1
122923,1
123266,1
122939,1
123863,1
122561,1
123517,1
123352,1
123559,1
122885,1
122943,1
122985,1
123783,1
123305,1
123399,1
122907,1
122965,1
123864,1
123748,1
122991,1
123742,1
122915,1
123675,1
142874,1
122771,1
122847,1
122565,1
123482,1
305863,3
305863,4
137334,1
143693,1
123050,1
359208,1
360998,1
359209,1
359210,1
361001,1
359211,1
359212,1
122637,1
122683,1
123028,1
264094,4
123789,1
143279,1
123799,1
123215,1
123014,1
198025,1
123605,1
142876,1
123471,3
123471,4
123552,1
351601,1
123051,1
122776,1
123365,1
124041,1
123804,1
123232,1
123488,1
123856,1
123377,1
122545,1
123229,1
122582,1
123474,1
285864,1
123741,1
122782,1
269466,1
142877,1
124016,1
143269,1
123273,1
123330,1
122597,1
187110,1
122961,1
122864,1
177475,1
166846,3
166846,1
122578,1
122774,1
160819,1
122522,1
123980,1
123980,3
124024,1
123035,1
123394,1
123085,1
122954,1
142880,1
122780,1
122613,1
123553,1
123059,1
165639,1
123829,1
137335,1
123988,1
142447,1
142449,1
135144,1
135147,1
291019,1
155437,1
155438,1
135202,1
135155,1
135156,1
155416,1
135157,1
122803,1
123617,1
122524,1
123230,1
122584,1
370792,1
370788,1
123268,1
123459,1
122506,1
122573,1
122617,1
123502,1
123088,1
355614,1
210695,8
130396,8
66788,4
3776,1
3777,1
29266,1
184360,4
184360,11
3785,1
29280,3
29280,1
122925,3
122925,1
3786,1
69699,4
211449,8
55687,4
122812,6
105502,12
105502,4
295482,12
41554,1
247849,4
194685,4
194685,3
194687,4
194687,3
81929,4
165716,12
48236,1
378933,1
132508,3
212541,1
212525,3
176718,3
328153,1
3840,3
29339,3
53915,3
56193,3
157782,3
77923,3
162124,1
3847,3
84578,4
213007,4
280569,4
110112,1
3903,12
3904,1
97831,2
96112,2
111738,2
3983,2
152840,2
290917,4
253811,4
106100,4
141197,4
519074,4
518209,4
379168,4
329115,6
524882,6
329118,6
213336,6
213339,6
55083,1
29552,1
213411,6
109313,2
4047,2
4056,6
523129,6
4061,4
4166,3
352916,1
383632,1
211586,1
30538,1
30549,1
507140,1
213642,1
182289,1
507461,11
132520,1
507601,1
507170,1
507527,1
507722,1
507144,1
507466,1
507101,1
507700,1
507432,1
507106,1
507656,1
507367,1
507460,1
507311,1
507250,1
507182,1
507407,1
507655,1
507421,1
507532,1
132521,1
273047,1
158044,4
4324,4
214247,2
30589,11
162933,1
30591,11
4335,11
105536,1
106101,1
361254,1
361254,3
521816,1
521816,3
301957,1
301957,3
518216,1
518216,3
517343,1
517343,3
201521,1
365754,3
294654,3
99988,1
301704,3
520342,1
520342,3
358099,1
358099,3
521445,1
521445,3
130617,1
525787,1
525787,3
526011,1
526011,3
525866,1
525866,3
526004,1
526004,3
30615,1
525490,1
525490,3
525396,1
525396,3
525559,1
525559,3
525612,1
525612,3
234050,1
525855,1
525855,3
337963,4
337967,4
337958,4
337965,4
4371,4
299029,4
81458,4
357465,4
337964,4
337957,4
110011,4
77852,4
199929,4
253450,4
196301,1
142727,4
30717,3
264312,4
165718,4
149039,4
70374,4
142766,4
347324,3
142768,4
301938,6
128737,12
233801,12
121169,1
329253,1
121202,3
105508,1
329252,1
365700,3
58187,4
256611,1
318007,1
64896,1
140294,1
93293,1
95520,1
258250,1
85445,8
353584,11
253436,12
119195,12
296534,12
320203,12
96223,1
30964,1
238825,3
238826,1
45630,3
91449,1
114854,3
127200,3
30965,3
5141,8
124485,3
153132,3
105181,3
113088,3
30975,1
176265,12
358897,12
234766,12
282150,12
22951,1
282487,1
105003,2
45988,1
45988,3
5194,1
115085,1
5196,1
5196,3
5196,4
83044,1
83044,3
83044,4
83045,1
280806,2
521852,3
521328,3
359531,3
359531,1
341475,3
523121,1
523121,3
530100,3
375261,1
375261,3
300282,3
187357,3
529004,1
529004,3
277521,3
350577,3
359532,1
359532,3
359532,4
279543,3
383639,1
383639,3
536095,1
536095,3
536095,4
119199,3
523441,1
523441,3
52832,3
242117,4
242117,3
43983,3
64103,3
64104,3
515196,3
116480,3
171623,3
349810,3
297239,3
187359,3
309238,3
268750,3
111001,3
80263,1
80263,4
205481,3
237987,3
317090,3
271071,3
163091,3
523011,1
523011,3
523011,4
290250,3
336360,3
173191,3
219268,3
82617,3
525072,1
525072,3
525072,4
163099,3
152620,3
152622,3
143357,3
381524,3
374120,1
374120,3
374120,4
350578,1
350578,3
350578,4
350581,1
350581,3
350581,4
227171,1
227171,3
227171,4
88942,3
124156,3
57001,1
57001,3
282381,3
341451,3
527723,1
527723,3
527723,4
530737,3
536350,1
536350,3
536350,4
135242,3
523477,1
523477,3
370782,3
369471,1
369471,3
171139,1
171139,3
171139,4
216192,3
173231,3
173232,3
87446,3
383285,1
383285,3
46546,1
46546,4
46546,3
135579,1
135579,3
135579,4
372540,1
372540,3
349812,3
170166,3
170167,3
263411,3
523112,1
523112,3
372365,3
293215,3
209085,1
209085,3
209087,1
209087,3
209087,4
251412,1
209088,3
233082,1
233082,3
96238,4
209090,3
209089,3
372371,3
535871,1
535871,3
535871,4
519210,1
519210,3
519210,4
525537,1
525537,3
525537,4
46068,3
286396,3
535718,1
535718,3
535718,4
170168,3
187374,3
372393,3
298138,1
283435,3
173263,3
536604,1
536604,3
536604,4
350596,1
350596,3
350596,4
504808,1
504808,3
237993,4
350598,1
350598,3
350598,4
525563,3
525228,3
230675,3
309248,3
309249,3
242060,3
525463,1
525463,3
525463,4
60908,3
278352,3
231053,1
231053,3
231053,4
354428,3
167412,3
119200,4
119200,3
517284,3
336450,3
309251,3
132890,3
507862,1
507862,3
507862,4
369008,1
369008,3
369008,4
260902,3
263838,1
263838,3
173282,3
247696,3
338039,3
504412,3
50819,3
514190,3
341474,3
536015,1
536015,3
536015,4
62065,4
148434,3
62066,3
254250,3
271078,3
536818,1
536818,3
536818,4
363372,3
241239,3
173301,3
191022,1
231934,3
535537,1
535537,3
535537,4
210268,1
210268,3
525318,1
525318,3
525318,4
133796,1
133796,3
327266,3
359693,3
359694,3
114198,1
114198,3
299494,3
536788,1
536788,3
536788,4
52640,3
108439,3
45816,1
45816,3
233083,3
51299,3
143625,3
143626,4
190312,3
143627,3
271083,3
385032,1
385032,3
385032,4
341464,3
522992,3
349270,4
337928,4
341468,4
56238,3
535592,1
535592,3
535592,4
511793,1
511793,3
282417,1
282417,3
504068,1
504068,3
309262,3
523903,3
521515,3
45165,3
165306,1
165306,3
523034,1
523034,3
523130,1
523130,3
350445,1
350445,3
523887,1
523887,3
240312,3
525272,1
525272,3
525272,4
345251,1
345251,3
173351,1
173351,3
524083,1
524083,3
291025,3
536700,1
536700,3
536700,4
372408,3
361524,1
361524,3
361524,4
527708,1
527708,3
527708,4
248950,3
352635,3
514199,3
324912,1
324912,3
119201,3
341812,1
288707,1
288707,3
288707,4
111023,3
241162,3
57111,3
323825,3
516517,1
516517,3
516517,4
170376,3
290148,3
282398,3
343254,1
343254,3
343254,4
526489,1
526489,3
526489,4
527705,1
527705,3
527705,4
219270,3
522200,3
536188,1
536188,3
536188,4
250280,1
511835,1
511835,3
317316,4
327262,4
535544,1
535544,3
535544,4
530099,1
530099,3
525511,1
525511,3
525511,4
353526,3
521616,3
511720,1
511720,3
271085,3
271085,4
317473,4
525193,3
43463,3
525548,1
525548,3
525548,4
110806,4
242115,4
109453,4
345253,1
345253,3
345253,4
335998,3
536052,1
536052,3
536052,4
521126,3
516571,1
516571,3
351580,3
248948,4
338300,3
177694,3
231937,3
51300,3
110425,3
67240,3
523111,1
523111,3
173406,3
152552,4
231939,3
231940,1
231940,3
227178,3
197463,3
383643,1
383643,3
516674,3
523873,3
343319,3
173411,3
327270,1
327270,3
327270,4
341592,4
46621,3
108447,3
507742,1
507742,3
507742,4
226611,4
147823,4
517344,1
517344,3
379146,3
190315,1
117893,3
170169,3
368342,3
101700,3
522160,3
521859,3
143517,3
143521,3
143522,3
213117,3
143523,1
143511,3
265443,3
143512,3
143524,3
143518,3
312948,3
143513,3
143514,3
241488,4
143516,3
263316,3
103407,3
383288,3
327830,3
104394,3
214939,1
214939,3
295496,3
155224,3
297812,3
56630,3
369020,3
287972,3
372426,3
58631,3
227179,1
271088,3
517224,3
285285,3
285286,3
76894,3
274247,3
165699,3
135237,1
135237,3
372427,3
375276,3
49042,1
42715,1
42715,3
360024,3
177697,4
309297,3
152553,4
237756,4
265442,1
265442,3
243432,3
300283,3
249482,3
511773,1
511773,3
503765,1
503765,3
535554,1
535554,3
535554,4
385036,1
385036,3
511658,3
334749,4
351699,1
351699,3
351699,4
65166,3
81624,3
72858,1
72858,3
73223,3
108544,3
124155,3
80102,3
369022,1
369022,3
369022,4
388736,1
388736,3
388736,4
385037,1
385037,3
385037,4
383289,1
383289,3
383289,4
521314,1
521314,3
521314,4
257517,4
360358,3
66063,1
66063,3
360025,1
360025,3
116481,3
116485,3
116489,3
116490,3
504160,1
504160,3
327256,3
327255,3
331216,3
327260,3
327267,4
525426,1
525426,3
525426,4
536697,1
536697,3
536697,4
315274,4
521850,3
103651,3
351700,1
351700,3
351700,4
350449,1
350449,3
350449,4
360031,1
360031,3
360031,4
132898,1
76775,3
44157,3
524132,1
524132,3
524132,4
306439,3
524146,1
524146,3
524146,4
523117,1
523117,3
523101,3
379137,1
379137,3
379137,4
48265,3
525547,3
525528,3
316851,4
326512,3
309334,3
273363,4
321437,4
269581,4
317091,3
143505,3
355618,4
290238,4
350652,3
350648,3
116475,3
309335,3
308033,3
522192,3
536199,1
536199,3
536199,4
197609,3
197610,1
197610,3
170172,3
78235,3
69259,3
108954,3
536221,1
536221,3
536221,4
522193,3
165322,4
525154,3
173500,3
525861,3
536145,1
536145,3
536145,4
170173,3
80933,3
503836,1
503836,3
197476,3
388734,1
388734,3
388734,4
86640,4
334750,4
514230,1
514230,3
514230,4
325787,4
75660,3
126311,3
257526,3
388735,1
388735,3
388735,4
375755,1
375755,3
375755,4
385038,1
385038,3
385038,4
375756,1
375756,3
375756,4
360372,1
360372,3
360372,4
350757,1
350757,3
350757,4
237729,3
237728,1
237728,3
237728,4
525593,1
525593,3
525593,4
360035,1
360035,3
360035,4
241487,3
535680,1
535680,3
535680,4
524392,1
524392,3
524392,4
65621,3
269363,3
285800,3
190316,1
190316,3
190316,4
304887,4
173527,3
147209,3
231208,3
173530,3
67973,3
71933,3
536619,1
536619,3
536619,4
249821,1
535878,1
535878,3
535878,4
350452,1
50300,3
50300,4
152556,3
55484,3
173538,4
126313,3
65622,3
71637,3
334751,4
314384,4
529015,1
529015,3
529015,4
83873,4
331219,3
346071,3
258391,1
338042,3
76724,3
514235,1
514235,3
514235,4
536150,1
536150,3
536150,4
298027,1
523115,1
523115,3
523115,4
345257,1
345257,3
206477,3
522300,3
536105,1
536105,3
536105,4
249483,3
368344,1
368344,3
368344,4
151242,1
97826,3
510842,1
510842,3
299447,3
241940,3
139969,3
83332,1
83332,3
242540,1
242540,3
368672,1
368672,3
504015,1
504015,3
104925,3
59100,3
173570,4
388737,1
388737,3
388737,4
173578,3
522987,1
522987,3
523272,1
523272,3
341809,3
371665,4
309357,1
309357,3
309357,4
119649,4
119649,3
536726,1
536726,3
536726,4
295493,4
152563,1
152563,3
249106,1
323254,3
361006,1
361006,4
326516,4
287973,1
287973,3
287973,4
522298,3
173593,3
522199,3
241173,3
523904,3
523904,4
155251,1
206471,1
206471,4
206471,3
525506,1
525506,3
525506,4
205482,3
282771,4
126319,3
126319,4
523896,3
523896,4
178254,3
530826,3
264138,3
234735,3
234737,1
268777,4
327263,4
326519,1
326519,3
326519,4
525451,1
525451,3
525451,4
522031,3
167351,1
167351,3
167351,4
172618,4
275882,1
191585,3
522195,3
287984,1
287984,3
372457,3
383641,3
190417,3
284643,3
47505,3
523106,3
523134,1
523134,3
523126,1
523126,3
382715,1
382715,3
382715,4
171611,1
522189,3
525097,3
523001,3
535519,1
535519,3
535519,4
360892,1
360892,3
360892,4
522999,1
522999,3
173630,4
524079,1
524079,3
524079,4
47506,4
63140,3
526510,1
526510,3
526510,4
522149,1
522149,3
522149,4
115088,1
115088,3
241102,4
308034,3
308034,4
300467,1
257501,1
380863,1
380863,3
327694,1
353535,1
353535,3
353535,4
140717,3
237162,3
173648,4
535814,1
535814,3
535814,4
522700,3
136696,3
522203,3
135595,1
135595,3
152626,1
152626,3
274248,1
535651,1
535651,3
535651,4
385045,1
385045,3
385045,4
241143,1
282774,1
282774,3
314419,4
309402,4
313717,4
523016,3
535567,1
535567,3
535567,4
67671,3
271098,1
271098,3
271098,4
368740,1
368740,3
368740,4
536258,1
536258,3
536258,4
324827,3
248754,3
138931,3
504602,1
504602,3
327848,1
327848,3
327848,4
523086,1
523086,3
521730,3
286401,1
286401,3
350888,3
254322,1
254322,3
324897,4
324897,3
525299,1
525299,3
525299,4
157973,1
104926,3
250399,4
250399,3
514253,1
514253,3
514253,4
68424,3
73204,3
144494,3
144494,4
525477,3
111136,3
53441,3
331213,4
64792,3
345312,1
345312,3
345312,4
530092,1
530092,3
530092,4
101699,1
353544,1
353544,3
353544,4
523478,1
523478,3
360374,1
360374,3
360374,4
523471,1
523471,3
371597,1
371597,3
371597,4
304249,3
190903,3
69015,3
535763,1
535763,3
535763,4
66186,3
523014,3
522194,3
280846,1
280846,3
280846,4
308035,4
265845,3
525195,1
525195,3
525195,4
525277,3
522296,3
375285,1
375285,3
536465,1
536465,3
536465,4
534185,1
534185,3
274830,1
274830,3
525505,1
525505,3
525505,4
49642,3
372469,3
295507,1
135243,3
523036,3
535505,1
535505,3
535505,4
295505,3
522997,1
522997,3
511826,1
511826,3
303593,3
187354,3
504274,1
504274,3
250415,3
511520,1
511520,3
165316,1
165316,4
255378,3
376638,1
376638,3
376638,4
52227,3
526021,3
309418,1
309418,3
309418,4
249984,3
523108,1
523108,3
241146,1
514261,3
309425,1
309425,3
361409,1
361409,3
361409,4
535506,1
535506,3
535506,4
522033,3
507849,1
507849,3
507849,4
237115,3
351704,1
351704,3
525114,1
525114,3
525114,4
47696,3
152682,3
173820,3
522295,3
66966,3
83346,3
86662,3
206445,1
206445,3
150817,4
525496,3
173840,3
530104,3
530101,3
530103,3
530102,3
337385,4
337387,4
337362,4
510774,1
510774,3
522988,1
522988,3
522988,4
522032,3
536441,1
536441,3
536441,4
215130,3
215130,1
536814,1
536814,3
536814,4
526253,1
526253,3
526253,4
309430,3
374213,1
345574,3
517783,1
517783,3
341461,4
321431,1
321431,3
321431,4
178561,4
325792,4
340503,4
171096,3
525209,1
525209,3
525209,4
48583,3
341586,4
139198,3
507847,1
507847,3
510690,3
134535,3
152569,3
173967,1
173967,3
173967,4
353077,1
202823,3
113597,3
87730,1
173980,3
53061,3
271100,1
271100,3
352980,3
168966,1
387803,1
387803,3
309445,3
250263,1
173990,4
241237,3
287986,4
152621,3
84012,1
84012,3
219157,1
211513,1
202335,1
218166,1
291165,1
227191,1
230684,1
230684,3
230684,4
250383,4
284694,1
289124,3
284710,4
289125,3
284687,1
284687,3
284683,3
327695,1
338058,1
338058,3
338058,4
288009,1
288009,3
288009,4
274867,1
274867,3
274867,4
338060,1
338060,3
338060,4
288007,1
288007,3
288007,4
338061,1
338061,3
338061,4
288006,1
288006,3
288006,4
274863,1
274863,3
274863,4
274865,1
274865,3
274865,4
274864,1
274864,3
274864,4
274868,1
274868,3
274868,4
336980,1
336980,3
336980,4
152623,3
300299,4
104561,3
172946,1
172946,3
503849,1
503849,3
344834,1
344834,3
344834,4
325793,4
385046,1
385046,3
385046,4
317486,4
132695,3
152611,3
256443,3
82310,3
102345,3
264305,4
536913,1
536913,3
536913,4
48922,4
102162,3
45015,3
54193,3
345886,3
174038,3
536354,1
536354,3
536354,4
54311,3
300469,3
341469,3
43430,3
255377,3
138618,1
138618,3
525459,3
76794,3
345890,1
345890,3
345890,4
281557,3
71697,3
282405,3
525592,3
315575,3
281556,3
527089,1
527089,3
527089,4
372409,3
517784,3
522159,3
521860,3
514166,3
514168,3
344636,3
344634,3
233522,3
374216,1
298710,3
264136,1
264136,3
264136,4
370689,3
528781,3
383287,1
383287,3
383287,4
298714,4
335804,1
335804,3
335804,4
388739,1
388739,3
388739,4
519681,3
344172,3
525539,3
293371,1
293371,3
293371,4
317319,4
527063,1
527063,3
527063,4
310325,3
310329,3
327573,3
522385,3
504913,3
327572,3
337379,3
306884,3
337374,3
297229,1
297229,3
243431,3
297228,3
270722,3
525527,1
525527,3
525527,4
527122,1
527122,3
527122,4
526612,1
526612,3
526612,4
281561,3
519821,1
519821,3
519821,4
173566,3
389114,1
389114,3
525745,3
525240,3
525246,3
525197,3
525202,1
525202,3
525202,4
531177,1
531177,3
531177,4
525279,1
525279,3
525279,4
525237,1
525237,3
525237,4
525697,3
525172,1
525172,3
525172,4
281564,1
281562,3
281566,1
281565,1
281563,3
281567,1
530650,3
282403,3
282402,3
309479,1
361525,1
361525,3
361525,4
298715,1
368745,3
267336,1
267336,3
308652,1
308652,3
87994,1
87994,3
138617,1
138617,3
533198,1
533198,3
533198,4
521598,3
24469,1
24469,3
325880,1
360746,4
369895,12
158356,1
325132,6
325134,6
330467,6
322459,6
187396,3
187396,4
115851,3
315731,3
315731,4
63251,4
94827,4
109380,4
512411,3
512411,4
92058,4
186253,3
186253,4
239045,4
156734,4
156734,3
103368,4
103368,3
525849,3
525849,4
62146,4
62146,3
344067,4
343788,4
305964,4
239046,4
131832,4
510522,3
510522,4
505519,3
505519,4
239148,4
94744,4
316989,4
50463,4
315732,4
131835,4
72187,4
72187,3
69815,3
69815,4
131834,4
512309,3
512309,4
240851,1
115853,4
230844,4
95990,3
95990,4
253661,4
213119,4
234391,1
240353,4
316310,4
273765,4
94745,3
94745,4
201115,4
201115,3
525479,3
525479,4
511293,3
511293,4
272835,4
307038,4
307038,3
324914,4
226252,4
80898,4
211128,1
271103,3
271103,4
60027,1
85406,1
108939,1
66775,1
63846,1
87156,1
84171,1
63738,1
119170,1
68309,1
51825,1
46080,1
93575,3
73631,1
62430,1
52762,1
91880,1
77719,1
119169,1
52650,1
81463,1
87253,1
58085,1
115405,1
103859,1
89388,1
57674,1
104196,1
102495,1
57077,1
119182,1
104109,1
97234,1
86244,1
62735,1
64085,1
48422,1
102432,1
119173,1
57846,1
105009,1
70428,1
71430,1
104295,1
57557,1
112168,1
61575,1
56101,1
72170,1
74379,1
59887,1
65124,1
68002,1
65213,1
76574,1
103515,1
103515,4
59682,1
47181,1
95042,1
67805,1
96170,1
101871,1
65242,1
59850,1
103999,1
93810,1
105277,1
86032,1
110629,1
45336,1
93766,1
94795,1
47251,1
55201,1
85844,1
96941,1
68912,1
108545,1
110880,1
67888,1
69745,1
46102,4
53014,1
63739,1
102510,1
70174,1
63946,1
66146,1
43265,1
48334,1
64908,1
109835,1
70115,1
59710,1
51479,1
46290,1
59590,1
47100,1
83773,1
103624,1
69609,1
63252,1
71223,1
45246,1
47222,1
48756,1
80667,1
61101,1
64916,1
45891,1
47989,1
83906,1
79428,1
49272,1
79263,1
46044,1
76410,1
119178,1
43553,1
103806,1
68322,1
51822,1
108099,1
109929,1
50697,1
81090,1
81527,1
57417,1
49918,1
73278,1
68149,3
68149,4
71034,1
51823,1
119183,1
63724,1
99393,1
81538,1
57977,1
68518,1
83218,1
63963,1
103149,1
57702,1
104215,1
68197,1
79228,1
122414,1
96375,1
59851,1
62549,1
104635,1
47904,1
44486,1
104135,1
119181,1
102355,1
90256,1
90256,3
97327,1
50932,1
64665,1
52901,1
47645,1
119686,1
105129,1
71043,1
51957,1
82479,1
91212,1
31314,1
29281,3
29281,1
46307,3
46307,1
32813,6
48034,12
243816,1
114404,12
206430,12
243796,1
289132,12
175743,12
243606,3
353706,1
370061,1
377281,1
377280,1
387480,1
387480,3
379884,1
379884,3
377279,1
514292,1
167777,12
135302,12
359227,4
376665,1
371921,1
367720,1
352707,1
371922,1
204342,12
379885,1
379885,3
371920,1
371920,3
286745,6
273628,6
5698,4
5698,6
150823,12
150823,6
105495,1
243626,1
322202,1
31545,1
209129,1
175719,1
209131,1
108166,1
243593,1
288471,1
343169,1
106112,4
284957,1
350009,1
293836,1
194734,1
42167,1
243478,1
512548,4
74267,1
30460,12
30460,6
70281,12
70281,6
237212,1
60225,12
60225,6
308667,6
131217,6
284444,6
529110,6
382877,6
382878,6
529209,6
529183,6
529119,6
376129,6
529103,6
382879,6
184284,6
353554,4
294528,6
320684,6
342027,6
529212,6
529084,6
312719,6
504815,6
504356,6
31758,6
529194,6
529139,6
124471,6
529247,6
529252,6
529218,3
529258,6
388417,6
529082,6
529128,6
529131,6
529089,6
529151,6
529180,3
529232,6
306846,6
529189,6
529159,6
529195,6
294701,6
529162,6
529251,6
531002,6
529229,6
114559,6
103064,6
129003,6
248662,4
529249,6
68028,6
522796,1
105303,2
219360,11
190292,11
533177,11
184598,3
184599,3
212132,1
158417,1
118899,4
31815,4
195314,4
221088,4
221089,4
229868,1
180606,4
153772,4
168541,4
286049,4
96932,3
96932,4
128040,4
336452,3
521109,4
505513,4
505516,4
339226,4
339227,4
234281,4
505514,1
505514,8
505514,4
306950,4
306950,3
334320,1
334320,4
181334,1
319436,3
319436,4
211736,4
193128,4
245004,3
384489,1
384489,4
191044,4
382530,1
382530,8
382530,4
196350,1
180001,3
44604,4
374614,4
182930,4
5855,4
53100,1
53100,4
58086,1
58086,4
113839,1
113839,4
187342,1
187342,4
50466,3
254511,1
254511,4
116719,1
116719,4
83484,3
46603,4
164593,4
156004,4
374620,4
152726,4
5862,1
41905,1
120466,4
529588,4
336454,4
126013,4
216402,4
216401,4
216400,4
216403,1
339221,1
248793,4
339215,1
339215,4
370810,1
353106,1
324556,4
298576,4
324558,4
298577,4
270559,4
117200,4
339217,1
339217,4
339219,1
339219,4
136477,1
292272,4
531224,4
531225,4
134835,4
137368,4
339218,4
177362,1
294426,4
183828,4
339225,1
339225,4
334322,1
334322,4
96171,4
367727,4
367728,4
345790,4
367725,1
367725,4
345792,1
345792,4
90713,4
320142,1
320142,4
113840,4
88273,4
101186,4
30886,4
339213,4
117961,4
524474,4
63478,1
119589,4
55615,4
197364,1
339228,3
339228,4
172981,4
192452,4
521993,1
31812,1
31814,4
505225,3
505225,4
504851,3
504851,4
504063,1
504063,4
382314,1
382314,4
348111,1
348111,4
365022,1
348114,1
348114,4
348122,1
348122,4
348121,1
348117,1
348117,4
537058,1
536971,1
5886,1
536880,1
536857,1
537102,1
537100,1
537031,1
536940,1
537003,1
537092,1
537051,1
537024,1
537077,1
536888,1
536867,1
536839,1
537072,1
537035,1
536964,1
536883,1
537005,1
5959,4
51652,4
52854,4
108161,4
67111,4
141814,2
156622,6
202327,6
163758,1
6131,6
6136,3
101332,1
22729,6
31937,6
87823,6
511479,3
171932,2
26904,2
292796,2
6216,2
158881,2
31959,2
376794,3
353707,1
374345,3
342445,1
270204,4
131755,1
174797,4
325513,4
6290,1
523866,1
141106,12
172359,4
6295,4
194228,4
177989,4
179920,4
52841,4
20774,12
232715,1
158552,4
104792,4
6298,3
139228,1
318954,3
6299,4
75452,9
75452,6
75452,5
6337,9
6337,6
6337,5
311507,6
280983,3
121176,4
315445,3
23566,1
231902,3
69505,12
6753,3
6753,1
32534,3
168295,3
163508,3
196809,12
196809,4
367421,12
367421,4
254981,3
282004,3
223405,3
525545,3
218424,3
32554,3
243424,3
24972,3
75998,3
236697,3
376006,3
365027,3
347721,3
521839,3
376686,3
60349,3
307454,3
521338,3
307375,3
505327,3
373773,3
521798,3
370891,3
348097,3
373775,3
253972,3
136953,3
250924,3
91464,1
523301,1
523301,4
531144,1
531144,4
521300,1
521300,4
97758,1
518120,1
360769,1
360769,4
388428,1
305333,1
531143,1
511763,1
532677,1
318809,1
91227,1
531135,1
531136,1
531136,4
531134,1
360770,1
360708,1
344195,1
350762,1
531140,1
531140,4
523300,1
523300,4
531160,1
378223,1
351733,1
531148,1
218858,1
306253,1
511396,1
531141,1
531157,1
531142,1
505451,1
505452,1
505452,4
505453,1
517788,1
220525,12
106117,1
106117,12
89218,1
169157,1
217069,4
219192,4
106118,1
20791,12
380478,1
380480,1
361224,1
380477,1
380477,4
32565,1
345957,1
345957,4
358330,1
532380,1
531147,1
531151,1
532113,1
519419,1
531163,1
531150,1
531146,1
531145,1
380479,1
358901,1
380481,1
346038,1
346038,4
371930,1
76326,1
158661,1
161417,1
161417,12
221566,1
281153,1
106121,1
106119,1
106120,1
368690,3
368690,12
517791,4
517792,4
271518,1
32761,1
222340,1
530626,1
530630,1
183888,4
98501,1
361411,1
285122,1
229779,1
226818,1
74306,4
88057,1
358045,1
216214,1
288395,1
358046,1
323981,1
7104,5
57097,4
47854,4
20201,1
344199,1
335129,1
7151,1
32841,1
59971,1
94694,1
312318,1
94977,1
76299,1
52347,4
7176,4
268995,12
295462,6
337208,6
354384,6
295892,6
77753,6
7231,6
43747,3
168090,11
32925,11
243528,11
32926,11
223483,11
344303,11
110403,11
119307,11
94267,11
60180,6
72895,6
198388,11
32918,6
305575,3
305575,6
218252,11
158865,3
158865,6
537108,11
537023,11
357928,11
210600,11
65240,11
187379,11
93130,11
223488,11
117615,11
55545,11
42325,6
198389,11
7280,11
268627,11
171238,11
355215,11
373027,11
353167,11
318982,11
69875,11
52827,11
254032,11
315087,11
283176,6
283176,11
353168,11
191614,11
297600,11
303258,6
303258,11
81602,11
276556,11
304228,11
333125,11
238558,11
131735,11
281276,11
334904,11
150198,11
150198,1
340843,11
206485,11
334905,1
334905,11
72774,11
346026,11
45893,11
62260,11
254034,11
70213,11
147429,11
340845,11
355218,11
238329,11
297029,11
219290,11
329323,11
239739,11
239740,11
299050,11
184420,11
313401,11
306553,11
58483,11
78122,11
309584,11
313394,11
313393,11
54694,11
59884,11
272481,11
348567,11
45990,11
353171,11
318698,11
145830,11
320739,6
320739,11
247590,11
318818,11
84343,11
121613,11
179193,11
48259,6
48259,11
363756,11
334906,11
43234,11
348570,11
318980,11
106127,6
106127,11
353177,11
65350,11
363755,11
46677,11
193942,11
343761,11
363098,11
320202,11
167668,4
105179,11
99464,1
99464,11
176482,1
68313,11
103907,11
98217,1
156768,1
39734,1
65814,1
77197,1
77197,11
125198,4
125198,1
82732,1
241577,1
345794,1
345794,3
45288,1
219995,1
219995,3
294431,1
294431,3
377011,1
377011,3
377016,1
377016,3
377014,1
377014,3
377013,1
377013,3
104004,1
104004,3
117920,1
117920,3
219315,1
304899,1
304899,3
152412,1
152412,3
269225,1
269225,3
158900,1
158900,3
325094,1
325094,3
324921,1
324921,3
225964,1
225964,3
167889,1
51908,1
51908,3
349950,1
335130,1
190980,1
289168,1
289168,3
367745,1
367745,3
360385,1
360385,3
324926,1
324926,3
375950,1
375950,3
345598,1
345598,3
358910,1
358910,3
295946,1
295946,3
286060,1
286060,3
158911,6
73730,3
152461,1
152461,4
152461,3
183490,3
183490,1
242621,3
242621,1
211131,3
211131,1
59302,1
59302,4
59302,3
273947,3
273947,1
317136,6
95312,6
127439,6
294466,6
104904,6
64482,6
119776,6
96512,6
524794,3
524794,6
358827,6
92660,6
73293,6
276731,6
301232,6
72688,6
247377,6
117651,6
176816,6
368029,6
343424,6
300813,6
176785,6
193613,6
272132,6
69308,6
138282,6
86144,6
119775,6
287118,6
52466,6
389041,6
76603,6
33386,6
7716,6
112350,6
111025,6
525776,6
318693,4
234066,4
89097,6
143547,4
179980,3
177614,6
252000,1
170983,6
231430,6
296656,3
298396,3
223668,6
85482,6
48862,6
223669,6
223670,6
7890,3
7890,6
7896,12
259162,1
259162,3
238688,4
155261,4
7925,1
48015,11
51719,11
71736,3
33512,6
262850,6
83980,1
184319,3
154877,6
186786,3
268971,1
256385,1
256386,1
306606,1
346574,1
347369,1
361227,1
298037,1
371618,1
268972,1
250273,1
250274,1
306956,1
339012,1
355436,1
371584,1
347326,1
139576,4
534269,3
115530,4
65334,4
271886,4
271174,4
96371,4
50262,4
317999,4
350479,1
299303,4
136488,4
8020,4
219177,4
282173,4
203202,4
238836,4
170808,4
47900,1
354450,1
354450,11
354452,1
354452,11
354454,1
354454,11
356242,1
356242,11
356831,1
356831,11
354460,1
354460,11
354468,1
354468,11
354472,1
354472,11
353873,1
353873,11
354478,1
354478,11
354480,1
354480,11
354476,1
354476,11
353875,1
353875,11
354482,1
354482,11
353877,1
353877,11
354448,1
354448,11
354487,1
354487,11
354489,1
354489,11
354492,1
354492,11
353879,1
354236,1
354236,11
353885,1
353885,11
353943,1
353943,11
361557,1
354770,1
354770,11
354768,1
354768,11
353887,1
353887,11
354718,1
354718,11
361556,1
354585,1
361558,1
355763,1
355763,11
353903,11
506683,1
353905,1
361559,1
354447,1
354447,11
354449,1
354449,11
354451,1
354451,11
354453,1
354453,11
356241,1
356241,11
356833,1
356833,11
354206,1
354206,11
354459,1
354459,11
354467,1
354467,11
354471,1
354471,11
353872,1
353872,11
354477,1
354477,11
354479,1
354479,11
354475,1
354475,11
353874,1
353874,11
354481,1
354481,11
354205,1
354205,11
353876,1
353876,11
354486,1
354486,11
354488,1
354488,11
354490,1
354490,11
354247,11
361035,6
354291,1
354291,11
354708,1
354708,11
353900,1
354330,1
353902,11
354767,1
354767,11
354769,1
354769,11
355755,1
355755,11
353918,1
353918,11
354360,1
354360,11
354232,1
353898,6
361036,6
354300,1
354300,11
21173,3
8033,3
86745,3
306632,3
76634,3
93496,3
91579,3
296646,3
43421,3
212490,4
212492,4
71551,6
71551,11
33607,6
8052,6
8057,3
19969,2
33610,3
82032,2
187276,4
357227,3
326829,3
190703,4
43192,3
8144,1
370918,3
163272,3
280961,1
319326,1
76146,4
20487,4
228596,1
115420,1
226598,3
181607,3
42846,3
351029,3
300286,3
44505,3
44505,4
205521,3
226601,3
194406,3
205617,3
316385,3
76097,3
202571,3
202572,3
226388,3
255223,3
25702,8
159144,1
344493,1
344493,3
252897,1
45512,1
45512,3
255004,3
255004,1
8488,1
8488,3
529246,1
529246,3
529143,1
529143,3
529226,1
529226,3
42651,3
362023,1
165518,1
346294,4
529220,1
529220,3
529163,1
529163,3
529184,1
529184,3
529222,1
529222,3
529245,1
529245,3
53768,1
53768,3
8489,8
8489,3
529125,1
529125,3
152403,1
152403,3
34043,1
34043,3
256821,3
256821,1
76796,1
133682,3
133682,4
46833,1
46833,3
34044,1
34044,3
219713,1
219713,3
165771,4
8487,1
8487,3
335737,11
272489,11
52867,4
8527,11
73670,11
56765,11
98895,11
96843,11
298858,11
300849,11
55851,11
306856,11
95812,1
232723,1
184359,4
515216,4
378065,3
360388,3
302227,3
282281,3
328112,3
170460,3
303133,3
212771,3
303101,3
334979,3
8681,1
78338,1
54427,1
125490,1
352423,3
219362,3
297714,1
219913,1
221899,3
326594,1
218852,3
159215,4
85324,4
40557,3
49692,6
329425,6
329424,6
523672,4
329296,6
523684,4
104971,12
63784,12
255878,4
273804,4
347034,4
371360,4
352984,12
42181,12
339325,4
250261,4
44080,12
339326,4
270021,4
108041,4
226355,4
164057,3
242848,4
83529,4
164944,4
153485,2
227530,4
335552,4
344349,4
326139,4
72900,4
240119,4
257873,3
257873,12
85364,12
79576,4
256225,4
227539,4
227528,4
164043,4
327525,4
226356,4
222075,4
8752,12
271433,4
271435,4
57580,12
115679,12
533377,4
315761,4
315761,1
315761,9
8768,4
8768,1
8768,9
209351,3
90522,3
136776,3
8827,1
40580,1
40772,4
102716,1
240502,4
44889,3
153489,1
170813,4
53644,4
78826,1
226622,1
144696,4
77845,4
44500,4
193697,4
52380,1
86969,1
49301,1
301838,1
262276,1
87130,1
83334,4
318567,4
226624,4
146386,4
61488,4
71598,4
319428,1
165760,4
240505,1
89441,4
91492,3
8989,1
8989,4
25647,6
60155,4
9019,4
311254,6
9023,4
55743,8
9029,8
102362,6
114605,6
85660,6
41031,1
280944,1
177681,1
343804,1
343805,1
310824,1
291266,1
291264,1
290822,1
309642,1
339492,1
339473,1
106147,1
339096,1
177682,1
339069,1
339105,1
339098,1
339133,1
339135,1
339144,1
339145,1
282071,1
309643,1
310829,1
9151,4
54914,4
115115,3
9154,6
250575,1
176786,1
44784,1
41183,1
139952,1
137231,1
139953,1
139955,1
249904,11
249904,1
366049,11
366049,1
365918,11
365918,1
45959,2
292802,2
56562,2
117088,2
96921,1
87577,3
373832,3
268310,3
269460,3
300008,3
80438,3
74993,3
121635,3
367366,3
92139,3
46701,3
85178,3
363542,3
250303,4
250303,3
293658,4
293658,3
152643,3
86615,3
525334,3
504637,3
51597,4
290633,4
290633,3
141706,3
227957,3
113113,3
47481,3
69553,4
350958,3
226708,3
61029,3
140848,1
522035,4
522035,3
9409,4
130397,8
163364,4
166694,8
353797,4
353778,3
503305,3
124962,1
171004,1
371579,1
371578,1
165541,6
54849,4
196775,4
85960,4
378209,1
353991,1
517172,4
9440,3
9470,1
9471,1
300267,1
301236,6
194177,2
202622,2
106151,4
119370,12
525182,12
105691,12
152492,12
105566,11
105566,3
228611,6
49549,6
382579,6
300445,1
95843,4
9830,4
328048,1
328049,3
329251,1
120561,2
158416,1
158416,2
158416,4
224051,2
9853,2
102038,2
58158,2
116266,2
99223,2
83413,2
105037,2
25520,2
133135,2
161415,2
177630,2
103570,2
322344,2
124973,2
202817,2
124974,2
184601,1
119601,2
196589,2
253864,2
328841,2
142801,2
335182,1
329401,1
133148,2
301889,2
346146,2
328838,2
346145,2
106152,2
329300,2
241829,2
311445,2
119603,2
329324,2
507769,2
124975,2
124976,2
318622,2
119292,2
328894,2
162468,2
119303,2
119293,2
142998,2
290445,2
137336,2
119298,2
185798,2
175704,2
189332,2
280626,2
183706,2
176032,2
328832,2
119294,2
119606,2
119608,2
302152,2
290444,2
119295,2
124977,2
290443,2
176034,2
133480,2
302153,2
339194,2
277141,2
124978,2
119299,2
347374,2
177637,2
133735,2
200462,2
263393,2
269884,2
119612,2
524471,2
119613,2
124980,2
165448,2
162291,2
233256,2
176033,2
329384,2
142997,2
124981,2
233252,2
143000,2
119304,2
244913,2
165450,2
103356,2
142099,2
119614,2
183712,2
236839,2
524547,2
200269,2
119006,2
249761,2
119300,2
202815,2
241836,2
202816,2
329366,2
119615,2
376679,2
165447,2
119004,2
119301,2
524490,2
119616,2
524541,2
176037,2
142996,1
176030,2
119617,2
329381,2
214925,2
251702,2
175700,2
504304,2
329373,2
244892,6
328849,6
517111,2
62339,2
62339,11
52697,2
292004,2
66195,2
130997,2
126197,2
40922,2
524775,4
346148,2
177561,1
124963,1
141228,6
263551,1
231386,1
25423,1
272142,1
108777,1
202437,1
21850,1
119872,1
125396,1
119254,1
119255,1
119256,1
119257,1
176788,1
178615,1
60742,3
505497,3
159551,4
316210,3
10009,1
351319,3
351319,12
534887,3
534887,12
10055,12
274651,4
284743,3
10090,3
10090,4
239338,4
75002,1
20720,8
106155,4
332159,4
162116,4
70138,3
70138,1
83740,3
83740,1
53164,3
53164,1
105461,4
105461,8
48924,6
164277,4
115494,1
180492,3
62232,1
99179,1
124378,1
224151,4
155842,4
118185,3
118182,1
119053,1
119071,1
137382,1
191738,11
191738,6
310802,11
310802,6
270729,6
82425,1
120348,1
52515,1
150678,4
113857,4
247633,1
42050,3
176047,11
176047,6
310801,11
310801,6
519595,6
251671,11
106162,6
106163,11
106164,1
310904,11
310904,6
310903,11
310903,6
309662,6
106165,3
310900,11
310900,6
137378,11
137383,11
116647,11
137379,1
310896,11
310896,6
137380,1
302520,6
176789,11
272147,6
317711,6
310834,11
84821,6
520142,6
518932,6
520225,6
67924,11
224156,1
180008,3
182433,1
182434,3
83295,6
51051,3
92384,3
270711,1
247736,1
231209,4
231210,3
231211,1
231212,1
231217,1
124133,6
377002,6
137385,8
137390,1
137391,1
137392,1
137393,1
192477,2
179923,2
10536,11
10536,6
113858,11
99960,1
98034,1
253941,4
253941,1
131778,1
131778,4
232930,1
240045,4
153916,1
89962,1
83138,1
55250,1
126532,3
126532,4
126533,3
237816,3
237816,4
90760,1
217680,3
217680,4
219152,1
219152,4
52142,3
128267,3
128267,4
128270,3
10571,3
10571,4
57482,3
57482,4
140384,3
142120,5
142120,8
10574,12
224180,3
208327,4
55028,1
224181,3
246267,3
10602,3
91997,3
81196,3
286306,3
120455,3
85823,3
308561,3
120944,3
100465,3
386680,3
51771,3
369114,3
45008,3
269854,3
293190,3
91996,3
182435,1
58271,3
318959,1
228332,3
228332,4
341524,3
156752,4
178129,4
159701,4
352988,4
271891,4
197141,1
197141,4
55734,1
507236,1
250935,1
250935,4
177542,1
177542,4
96193,1
96193,8
70002,1
70002,4
305907,1
305907,4
305908,1
305908,8
305906,1
305906,4
389087,1
507309,1
507195,1
507328,1
507651,1
507402,1
507241,1
507648,1
55731,1
269603,8
232081,4
232081,11
61088,4
118966,1
119259,1
118969,1
118965,1
118970,1
118968,1
247109,1
247106,1
247105,1
247107,1
500461,1
106182,1
247108,1
346698,4
247136,4
10927,2
49151,6
61824,6
241900,6
311023,3
43325,3
135369,3
75701,3
75701,2
83663,4
105551,11
83281,1
240503,1
240503,8
353559,1
353559,8
110802,3
352989,8
98007,10
104587,8
104587,4
90255,10
211930,8
63599,6
11052,6
161148,10
156460,10
335062,8
155867,1
155867,8
79976,10
76117,8
150184,8
69415,10
108057,8
145017,1
145017,8
11066,6
159835,6
524466,6
307045,6
378435,1
21000,1
176792,8
533308,8
87320,1
183843,1
142625,2
184687,1
11160,11
356179,3
349910,3
343015,3
358916,3
49747,12
43383,1
72850,6
11214,6
222124,1
222124,3
226326,12
228053,3
228053,4
277369,3
277369,4
231441,12
344520,3
344520,4
316855,3
122390,12
53030,3
53030,4
99369,3
162683,12
76197,3
76197,4
75970,3
75970,4
178475,3
91979,3
70063,3
11258,3
55130,3
67843,3
159930,3
367906,3
131781,12
273594,12
194779,3
224288,3
70107,3
106186,1
219247,1
229198,1
221374,3
175580,3
270733,1
11287,1
232744,1
41558,12
162013,1
259183,3
219235,3
221375,3
388477,3
388477,4
388459,3
388459,4
149376,3
149376,4
120807,3
120807,4
338852,3
46199,3
46199,4
207842,3
314755,3
175775,3
388526,3
388526,4
235664,3
235664,4
193134,3
193134,4
87024,3
87024,4
73450,3
73450,4
252902,3
252902,4
73307,3
73307,4
73308,3
73308,4
57694,3
57694,4
529185,3
72234,3
72234,4
377199,3
377199,4
44201,3
44201,4
120727,3
60427,3
369082,3
369082,4
54998,3
166985,4
292083,3
292083,4
51667,3
51667,4
315138,3
315138,4
230699,3
230699,4
133495,3
94703,1
68564,3
217925,3
65804,3
65489,3
65489,4
115685,3
115685,4
175337,1
67449,3
67449,4
389019,3
321582,3
321582,4
43625,3
43625,4
249913,3
249913,4
175339,1
193148,3
193148,4
207854,3
136599,3
136599,4
77796,3
180364,3
270839,3
270839,4
110463,3
110463,4
52855,3
52855,4
317287,3
317287,4
84433,3
56112,3
46955,1
108857,3
132800,3
132800,4
68670,3
68670,4
203128,3
203128,4
230713,3
230713,4
104736,1
529214,3
265433,1
99309,1
65791,3
65791,4
112033,3
59486,3
371162,3
84434,3
111404,3
46957,3
46957,4
312018,3
312018,4
180369,3
180369,4
49199,3
49199,4
238963,3
238963,4
67205,3
529122,3
78688,3
78688,4
45675,3
45675,4
217721,3
349508,3
284564,4
288300,3
288300,4
177840,1
133512,3
55053,3
212163,3
42864,3
294472,3
71350,3
71350,4
193165,3
193165,4
67750,3
203398,3
136618,1
177837,1
110485,1
63289,3
63289,4
177832,1
63290,3
63290,4
75802,1
111867,3
111867,4
166999,3
166999,4
245309,3
529108,3
44218,3
235732,3
235732,4
78505,1
207878,3
207878,4
75808,3
52357,3
52357,4
529213,3
176946,3
306014,3
154302,3
154302,4
132816,3
132816,4
100160,3
100160,4
220758,3
220758,4
77600,3
77600,4
282545,3
282545,4
49012,3
49012,4
257362,3
257362,4
179703,1
140194,3
154303,3
154303,4
79220,3
79220,4
44733,1
378085,3
378085,4
109676,3
109676,4
331275,3
331275,4
187293,3
187293,4
51598,3
51598,4
194307,3
194307,4
529234,3
175367,3
279412,3
279412,4
87603,1
280382,3
79197,3
79197,4
258481,3
200054,3
83843,1
54408,3
54408,4
60537,3
60537,4
57383,3
57383,4
43523,1
353698,3
353698,4
328952,3
245298,3
87518,3
87518,4
239081,3
239081,4
114749,3
297102,3
297102,4
73469,3
114750,3
97439,3
220713,3
211689,3
71638,3
71638,4
64219,3
64219,4
42373,3
42373,4
336763,3
336763,4
71316,3
245294,3
245294,4
80319,3
207907,1
154307,3
154307,4
226959,3
226959,4
238869,3
112310,3
112310,4
286204,4
387830,3
121085,3
121085,4
108668,3
108668,4
193204,4
66362,3
66362,4
78275,3
535609,3
81619,3
81619,4
315071,3
315071,4
326372,3
326372,4
175377,1
291342,3
291342,4
65826,3
233973,3
62325,3
62325,4
220707,3
80888,3
86428,1
99878,1
361632,3
41966,3
41966,4
43962,3
43962,4
288301,3
288301,4
51359,3
177843,3
50859,3
50859,4
77254,1
304158,4
180401,4
338271,3
338271,4
235114,3
335128,3
335128,4
284612,3
284612,4
177839,1
239083,3
239083,4
86616,3
86616,4
529096,3
344530,3
43432,1
59960,3
85495,3
85495,4
344531,3
304162,3
304162,4
257383,3
536262,3
536262,4
291362,3
351630,3
351630,4
111716,3
125860,3
125860,4
108833,3
98985,3
98985,4
111717,3
111717,4
167026,3
108135,1
175758,3
175758,4
133551,1
306891,3
306891,4
529877,3
89723,3
363888,3
60696,1
92010,3
92010,4
315111,3
45733,3
45733,4
47788,3
47788,4
370609,3
65444,3
65444,4
85129,3
85129,4
175393,3
113523,1
52699,3
42454,3
42454,4
193219,3
95120,1
211688,3
221564,4
297378,3
101418,3
24054,3
111884,3
374293,3
24041,3
24041,4
96695,1
24044,1
224337,3
224337,4
387031,1
11366,3
55965,3
55965,4
32843,3
32843,4
279788,3
279788,4
224350,1
11374,3
11374,4
224352,3
224352,4
224356,3
224356,4
87113,3
87113,4
207883,3
11375,3
11376,3
207394,3
207394,4
218248,3
218248,4
229086,3
229086,4
11382,3
11382,4
98650,1
43895,3
329747,4
11384,3
95085,3
134068,3
76534,3
529914,3
11396,3
11396,4
96191,1
11401,3
224367,3
272006,3
272006,4
287390,3
287391,3
287391,4
287392,1
224374,3
60780,3
60780,4
73665,3
73665,4
212230,11
196591,5
196591,9
196591,11
51684,5
51684,9
51684,11
72084,3
360319,1
500021,1
127444,1
500055,1
371912,1
515097,1
352920,1
352920,4
376667,1
229691,1
326982,1
141476,1
155729,1
326980,1
155840,1
305009,1
327045,1
380172,1
311809,1
87941,1
515143,1
515144,1
295107,1
505375,1
371659,1
139423,1
177508,1
286015,1
143650,1
338951,1
281487,1
388671,1
365328,1
365326,1
212016,1
388615,1
388652,1
190981,1
269234,1
365920,1
360316,1
190189,1
143654,1
250008,1
379014,1
308119,1
250010,1
380398,1
127445,1
515273,1
515274,1
316656,1
361027,1
351243,1
388618,1
351244,1
351245,1
356971,1
359123,1
310556,1
338950,1
388670,1
298445,1
388666,1
365329,1
365327,1
307047,1
388659,1
367785,1
311815,1
367783,1
201646,11
11451,6
140209,6
11452,6
210900,1
49165,6
54585,6
138290,1
131032,6
11455,1
181754,1
156467,1
82110,1
533319,6
533319,11
86045,6
86045,11
76408,6
76408,11
106193,4
237849,1
106192,4
272270,4
103915,4
379111,4
69785,1
170639,1
42579,3
536809,3
50571,3
197009,3
116163,1
121186,1
380393,4
380393,1
143586,1
139240,1
63221,3
116502,1
342117,1
155838,1
320190,1
11649,1
319182,1
319183,1
319210,1
319205,1
328820,1
319198,1
283901,1
319215,1
87285,1
319194,1
319213,1
319212,1
319202,1
319217,1
369465,1
63207,1
113570,1
319207,1
347167,1
283905,1
319208,1
283893,1
228404,1
240130,1
283912,1
75671,1
201995,1
505463,1
319184,1
319221,1
116501,1
319195,1
136293,1
319188,1
319211,1
521021,1
135287,1
226027,1
320247,1
87286,1
64038,1
113583,1
59962,1
43433,1
69873,1
117467,1
505460,1
122357,1
121431,1
320191,1
154321,1
50957,1
86595,1
320192,1
320196,1
151287,1
321520,1
122353,1
128582,1
115422,4
144466,4
192946,4
86498,4
110888,1
194762,4
522899,4
86499,4
80409,4
159009,4
45503,4
386433,3
386433,1
386510,3
386510,1
386487,1
386487,4
386487,3
386516,3
386516,1
271858,4
273522,1
65393,1
105623,4
105624,4
522898,4
522875,4
522874,4
96931,4
69658,1
522873,4
125600,1
111474,1
85442,4
82057,4
263768,1
525024,4
525004,12
525019,3
525126,4
525039,1
524983,4
525059,4
524967,4
525121,1
525101,1
528886,4
525003,4
525001,1
24959,1
301166,1
11933,12
233886,6
11938,1
76409,4
11945,12
277406,4
11950,3
11952,4
260617,3
11960,1
11962,1
71513,1
352991,1
353377,1
370016,1
302591,1
370017,1
375188,1
308680,1
311824,1
312806,1
311825,1
363286,1
271025,1
288950,1
323096,1
323095,1
347807,1
361722,1
379021,1
49447,1
528711,1
55887,1
55856,1
353983,1
108480,1
57253,1
52857,1
348101,1
348152,1
351246,1
349987,1
361821,1
528752,1
371662,1
323098,1
323097,1
368055,1
311829,1
312807,1
311828,1
506952,1
351334,1
361823,1
317685,1
362881,1
374019,1
306481,1
379020,1
89048,6
211602,8
60508,10
235081,10
327493,8
50979,3
195422,3
63222,10
110044,3
42157,1
503764,8
12061,3
12061,4
12090,3
249647,1
249647,8
31345,3
183989,3
212155,1
212155,3
255926,4
183993,3
183994,3
224429,3
308708,4
152524,1
224431,1
152066,3
152066,1
366037,3
366124,3
366129,3
366130,3
366132,3
366135,1
366135,3
366144,3
366148,3
366152,1
366159,3
366198,3
366238,3
366277,4
366304,1
366320,3
366321,3
366325,3
366331,3
366413,3
366453,3
366455,1
366464,3
366489,3
366495,3
366516,3
366553,3
366780,3
366790,3
366796,3
525860,3
526473,3
12223,12
296494,3
25474,3
93873,4
67930,3
307048,4
117015,1
12233,4
247104,1
241827,4
77482,1
137443,4
168727,4
168728,4
269961,1
100504,1
116983,4
274774,4
274773,4
97738,4
369311,1
12234,1
12234,3
44312,3
219489,3
78190,3
197317,3
255750,3
52808,1
52808,3
221598,3
115876,3
154400,1
42178,3
271609,3
50836,4
220909,3
50837,3
84602,4
276686,1
204291,3
64304,3
216915,3
102908,3
268926,3
162014,3
108483,1
326499,3
78804,3
348220,3
154412,3
154413,3
50928,3
320807,3
296832,3
138724,3
169091,1
56687,3
350966,4
184612,4
217466,4
383962,3
217460,4
114400,4
217459,4
178580,3
83997,3
164294,3
153089,3
153089,1
312144,1
286203,3
338243,4
327506,4
43151,6
120026,6
339238,6
68186,4
171825,11
81452,1
225988,1
227779,1
119657,1
515442,1
44832,1
61014,1
73969,1
49560,1
49560,4
49824,1
61706,1
52967,1
66675,1
52195,1
57852,11
64561,1
150277,1
55591,1
101428,1
294041,1
47983,1
351336,1
51803,1
174999,1
217107,1
361928,1
254772,1
75206,11
111497,11
54657,1
61052,1
66420,1
60576,1
86690,1
297616,1
86729,1
103463,1
270821,1
59217,1
79754,1
150278,1
74166,1
52835,1
59395,1
272908,1
52455,1
112099,1
109320,1
70117,1
134485,1
298864,1
150279,1
56947,1
295437,1
78562,1
194192,1
102311,1
215848,1
43378,1
70335,1
70335,11
80314,1
67323,1
61940,1
42798,1
515445,1
129152,1
207449,1
68351,1
79978,1
46090,1
67219,1
83323,1
116239,1
83325,1
76066,1
134491,1
181551,1
72344,1
147002,1
49582,11
150283,1
252031,1
87620,1
251813,1
63729,1
44812,1
84194,11
53301,1
79891,1
104412,1
526053,1
151649,1
241616,1
44986,1
66311,1
60900,1
52061,1
151651,1
83793,1
79290,1
142016,11
171822,1
171822,11
45085,1
47457,1
108354,1
55122,1
61249,1
61250,1
77072,1
46444,1
86713,1
64031,1
68595,11
225967,11
251811,1
388435,1
76822,1
105735,1
69425,1
150280,1
54677,1
56812,1
156950,1
59718,1
355294,1
355294,11
526600,1
291268,1
291268,11
363782,1
77226,1
67406,1
111653,1
104014,1
72738,1
56854,1
56854,11
194934,1
137555,1
43275,1
371980,1
86678,1
86678,11
141976,1
141976,11
48079,1
48079,11
57255,1
214871,1
77491,1
181558,1
67649,1
72210,11
62032,1
70375,1
68632,1
69572,1
195942,1
272911,1
254779,1
54958,1
195529,1
195529,11
67995,1
227772,1
227772,11
227771,1
227771,11
60262,1
195943,1
51934,1
47745,1
179751,1
107958,1
53908,1
67165,1
72256,1
71148,1
196010,1
78103,1
122088,1
70594,1
161685,1
195944,1
174321,1
144181,1
317751,1
363753,1
53573,1
57780,1
53787,1
163924,1
163924,11
77912,1
174322,1
87336,1
110229,1
79016,1
79016,11
53241,1
50881,1
195945,1
344264,1
85847,1
195986,1
294378,1
164948,1
151659,1
134519,1
343060,1
62442,1
65144,1
62373,1
52565,11
50839,1
227330,1
106209,11
215837,1
82575,1
82575,11
269133,1
269133,11
124873,1
74073,1
47302,1
74430,1
102831,1
84766,1
362026,1
48559,1
60952,1
60056,1
44687,1
195946,1
184691,1
61643,1
77231,1
327447,11
64563,1
122242,1
59806,1
64141,1
299861,1
194066,1
75789,1
85682,1
78403,1
78404,1
56786,1
77873,1
83458,1
70638,1
116819,1
56346,1
370833,1
78753,1
303474,1
79851,11
61256,1
75115,1
68761,1
144179,1
45720,1
87477,1
46731,1
150281,1
70712,1
181928,11
215843,1
78653,1
51878,1
195947,1
195948,1
59491,1
42666,1
82196,1
68604,1
73732,11
73732,1
81473,1
50370,1
253772,6
315668,1
66222,1
150276,1
166826,1
102559,1
102559,11
304354,1
320717,1
135505,1
135505,11
524658,1
524450,1
525651,1
524525,1
57209,11
60190,11
72506,1
72506,11
355659,1
355659,11
526402,1
355700,1
103854,1
177449,11
325104,11
327446,11
50981,1
292480,1
292480,11
44384,11
355711,1
184690,11
363785,1
106211,1
12384,1
77426,1
41422,1
224455,1
336270,1
43379,1
86807,1
152689,1
194197,1
76828,1
187931,1
187931,11
12402,1
27782,1
388984,1
224465,1
51420,1
50682,1
251605,1
160287,1
224458,1
160286,1
228927,1
320522,4
285764,4
66850,12
279726,4
46761,4
86913,12
307919,12
253204,1
58164,1
315351,1
314477,1
276288,1
276291,1
276289,1
276290,1
340723,1
126235,3
224489,3
196339,3
169974,3
340725,1
340724,1
340721,1
296075,1
340722,1
135103,3
314478,3
324984,3
324985,3
324986,3
324987,3
137434,3
271612,3
128300,3
93160,1
221908,1
121863,3
299249,1
184027,1
184028,3
371417,1
303635,1
276292,1
184030,1
184029,3
299246,1
303637,1
221909,1
299247,1
303636,1
299252,3
299254,1
221906,1
221907,3
303634,1
370768,1
299250,1
55889,1
49221,1
172993,1
41248,1
122214,1
135855,1
122215,1
122217,1
181929,1
104042,1
112445,1
139330,1
104119,1
114785,1
104726,1
41216,1
250591,1
104064,1
308686,1
105600,1
525761,11
525761,1
373673,11
373673,1
119281,1
120084,11
120498,6
120499,1
303687,1
303688,1
303693,1
303715,6
303716,1
149054,1
149055,1
149056,1
106213,6
106214,1
25141,3
25141,4
305805,6
305805,11
132256,1
280580,1
23945,1
370736,4
338812,4
327508,4
338813,4
328760,4
332971,7
119644,4
12605,4
408866,4
256660,2
143387,2
256665,2
143381,2
505089,6
352996,4
224516,6
235864,6
235869,6
235870,6
235877,6
41996,6
238632,4
12712,6
12712,8
98939,6
45767,6
73455,4
184692,4
373686,4
190045,4
124163,1
176794,1
150954,4
171212,3
307923,4
115904,6
74086,6
66924,6
116712,6
78897,6
103227,6
54051,6
81728,6
49124,6
56257,6
72783,6
115883,3
127419,1
134151,1
87740,1
286030,4
65455,3
101435,6
308687,1
13029,1
13030,1
327835,4
163114,2
163113,2
163115,2
112457,2
165575,2
145942,3
13216,3
388690,3
154456,3
225998,1
220628,1
238028,1
201488,1
117127,6
117127,11
317223,1
59954,6
59954,11
182288,1
282522,11
160526,1
194428,11
116506,11
347426,1
13263,6
13263,11
268723,6
268723,11
61165,4
62828,1
56427,3
517834,4
139250,8
297299,3
100542,1
301185,3
304947,1
13635,6
304946,1
304870,3
13649,3
124572,3
61690,6
27272,6
297380,6
86610,6
182333,6
178755,6
195623,8
195623,4
124251,3
124252,3
124253,3
124254,3
103845,3
104927,3
238726,3
166302,3
81172,3
73257,1
325002,3
325004,3
124256,3
124257,3
124261,3
176795,3
176796,3
176797,3
368079,3
354028,6
101486,1
13802,3
13805,4
61874,3
131697,3
131695,3
78912,12
13835,3
192437,1
231175,1
13871,1
26147,1
506953,1
354060,1
506954,1
120504,3
96578,1
21308,3
124700,3
206270,3
528744,3
14152,3
236056,4
84470,4
234849,6
234849,9
234849,5
62645,6
62645,9
62645,5
295901,6
295901,9
295901,5
52015,3
295473,6
295473,9
295473,5
86955,3
14352,6
359804,6
119099,6
121191,6
295685,6
295685,9
295685,5
14358,1
246095,6
246095,9
246095,5
14373,6
81742,3
119402,1
119405,1
119407,1
119408,1
14402,4
76221,4
194783,1
104815,1
273653,1
111312,4
45476,3
14437,4
82322,4
64224,3
184358,4
325013,1
85696,3
14525,3
14532,2
63240,2
320843,2
63241,2
84443,12
206094,3
522892,3
160913,4
196487,1
160920,5
160920,9
160920,11
103012,5
103012,9
103012,11
302789,8
97116,8
371667,4
298052,4
337186,1
119764,4
205688,1
518782,1
518782,3
510563,4
512092,1
512092,3
512346,1
512346,3
111857,1
525362,1
525362,3
525362,4
525158,1
525158,3
525158,4
525285,1
525285,3
525285,4
335710,1
384716,3
351662,1
360335,4
504746,1
504746,4
511930,1
504337,1
500565,1
500565,4
511917,1
163759,1
58008,1
68850,1
500534,1
500534,3
500534,4
357483,4
388079,4
384711,4
384712,4
500655,4
384713,4
363839,4
500641,1
500641,4
269365,4
281349,4
286222,4
500653,1
500573,4
286813,4
384709,4
384714,4
386849,4
172998,1
173000,1
380132,4
100327,4
47500,1
380135,4
384715,4
384710,4
173003,1
237495,4
500614,4
187051,4
503212,4
511213,4
511250,4
510899,4
510922,4
510954,4
501576,4
501751,4
510579,4
502646,4
510458,4
271662,1
271662,4
165944,4
173001,4
363840,4
226391,1
193603,1
153500,1
388078,1
237329,4
500560,4
500554,4
500607,4
176493,1
163022,1
163022,4
518715,3
519433,1
519433,3
519291,1
519291,3
518128,1
518128,3
518569,3
172999,1
172999,4
500571,4
510365,4
526467,4
510821,4
351775,1
500592,4
139252,1
139252,4
383358,1
507883,4
200456,4
200456,3
103037,4
376020,1
297981,1
176798,1
176798,4
202106,1
202106,4
370082,1
216435,1
216435,3
209641,1
119666,3
119667,1
103965,3
122396,1
122396,3
536807,3
368264,1
521312,3
500301,1
26902,1
181786,4
104456,1
318703,4
137435,4
103858,4
302796,4
258844,4
370245,4
370246,4
370247,4
344289,1
109652,4
80822,1
102349,4
291575,4
376668,1
375076,1
81577,1
371611,4
28974,1
28974,3
221241,1
221241,3
44255,1
272971,1
41249,1
41249,3
113727,1
113727,3
180018,1
180018,3
217795,1
131377,1
131377,3
370228,1
370229,1
370229,3
166511,1
166511,3
61748,1
121058,1
121058,3
131402,1
101887,1
280505,4
523541,1
523542,4
375083,1
153224,3
106240,3
306876,4
523539,4
523540,1
182439,1
182439,3
280970,1
280970,3
79277,4
79277,2
526238,3
526238,4
351096,3
24957,3
76165,3
198029,1
198029,8
212238,1
212238,8
245420,1
245420,8
227212,1
227212,8
184693,6
374024,1
374024,8
24410,1
16483,1
109272,1
16495,4
359806,4
21664,4
250131,3
102294,1
108960,1
249764,3
249764,4
135780,1
270383,3
313899,3
280996,1
174526,1
282055,1
313900,1
280999,3
280999,4
240054,1
350496,3
376805,3
368282,3
267544,3
333022,3
350028,3
374270,3
68299,1
256456,3
195058,3
81379,1
251966,3
237853,1
106241,4
102398,4
118972,1
161157,4
280974,1
273387,3
154653,3
45049,3
99912,3
370264,3
370285,1
16836,12
16836,3
16840,3
16840,4
370271,12
370271,3
370275,12
370275,3
370279,3
370279,12
502409,12
502409,3
370274,3
370274,12
344562,1
16911,3
64283,6
86581,6
64878,6
77151,6
16976,3
56213,3
80784,3
271859,3
17005,6
274632,6
17035,6
17055,1
51977,1
359627,1
361094,1
367752,1
176707,1
104106,1
245759,4
161209,4
71279,1
17238,11
385478,11
110374,4
27299,12
24482,4
24982,4
17271,3
153464,3
529618,4
368291,3
368292,3
517902,3
90101,3
518022,4
518069,1
161254,4
280590,4
518096,3
518061,3
518014,3
518011,3
518114,3
518098,3
43647,3
518110,3
518064,3
518076,3
176680,3
67030,3
17343,3
293431,3
98038,3
518059,3
17359,4
137397,3
137398,3
176799,3
17364,3
272188,3
300944,1
82232,3
318367,3
17434,3
17435,1
17451,2
57516,2
515463,1
42062,1
362922,3
148755,3
516793,3
327634,3
133353,3
381121,3
240692,4
50965,1
52620,6
80559,1
202975,1
260928,1
310668,1
60448,1
310667,1
132509,1
220854,1
87292,1
294787,1
386606,1
168354,1
255676,1
72555,1
70079,1
68043,1
269938,1
119826,1
308676,1
353103,1
85527,1
349986,1
297235,1
306773,1
105522,3
65923,3
110500,4
22441,4
166592,4
58906,4
190294,1
206571,1
44166,1
53428,1
115251,3
328423,3
516568,3
522893,4
52884,3
19858,4
202054,1
202054,3
202054,4
53713,3
109100,1
371663,1
360135,1
351849,1
217883,1
343970,1
336156,1
325955,1
325957,1
300159,1
374592,1
311325,1
343973,1
351860,1
350222,1
316638,1
203550,1
272191,1
360140,1
256094,1
281521,1
281521,11
228638,11
288160,1
288160,11
103997,11
286031,1
286031,11
60061,7
60062,7
374984,4
184694,4
280034,1
280038,1
106270,1
280037,1
280036,1
151627,1
177359,1
176840,4
106246,1
279925,1
106250,1
106251,1
106252,1
106256,1
106257,1
106263,1
106264,1
106265,1
106266,1
106269,1
279937,1
279926,1
197967,12
195027,12
232331,12
329127,12
161521,4
373165,3
269629,3
18097,3
66108,2
176714,2
177476,2
291828,2
378501,2
507855,3
362025,3
507856,3
18219,1
344306,4
74374,1
318418,1
87678,1
160090,1
20792,1
18280,1
156419,1
522212,3
522211,3
517595,3
517723,3
534426,11
522086,11
536479,4
517603,3
530559,3
533946,11
526651,3
522218,3
517656,3
517731,3
517613,3
517630,3
517698,3
517685,3
517644,3
140077,11
517692,3
517626,3
517732,3
534149,11
517679,3
517615,3
534671,11
517736,3
534844,11
534823,11
18299,3
517917,3
517918,3
275982,3
293231,3
18305,4
18305,8
534927,4
517919,3
517734,3
517920,3
521889,3
517921,3
517922,3
517923,3
524416,3
517651,3
517664,3
517664,11
517662,3
517617,3
534531,11
517614,3
517629,3
304463,3
304463,11
86017,11
82385,4
374660,4
537119,4
82054,3
76701,4
244857,4
98431,6
121167,4
121167,11
85344,4
232342,4
232342,11
91062,4
18438,4
234080,4
226003,2
370793,1
55686,11
234556,1
234556,11
106276,1
69956,2
87494,1
285799,3
115258,3
271684,3
87723,3
45301,3
126755,3
18482,3
202248,3
18483,3
115970,3
115970,12
222097,3
222097,12
219585,3
82725,3
82725,12
136991,3
240747,4
56814,3
225752,4
351542,3
277414,4
322417,4
45151,4
226381,4
277415,3
229384,4
333603,3
80637,4
46934,3
343133,4
290607,4
285430,4
76910,3
282485,4
292055,3
270348,3
72932,4
182804,4
60923,3
343518,4
70368,12
75225,3
525748,4
79912,3
68328,12
207055,4
322421,4
375668,4
333610,4
359893,4
147553,4
48222,3
44129,4
249914,4
155522,4
370832,4
304520,4
280123,3
72660,4
73083,4
86346,12
343135,4
258038,4
343156,3
48223,4
155500,4
136988,4
333614,4
84891,4
115686,4
51166,4
333615,4
526108,4
62022,12
69379,4
154811,4
357488,4
147680,4
218922,4
226629,4
194308,4
104294,4
322503,4
249715,4
240803,4
302918,4
327042,4
346666,4
322313,4
155501,4
526013,4
241924,4
307795,3
526042,4
119309,4
84745,12
333620,4
154286,4
192016,4
307796,3
147556,4
103433,3
351543,4
67640,12
226382,4
277501,4
207062,4
64225,3
344573,4
147558,4
344572,4
345438,4
353001,4
322507,4
367932,4
50189,4
84686,12
119323,1
98666,4
44130,4
79882,4
79882,3
221879,3
307798,3
389080,4
520711,3
71674,3
58109,4
269311,4
300304,4
277559,4
189908,3
54979,4
367933,4
62251,1
298141,4
533204,4
78678,3
58266,12
219408,3
289547,4
306527,4
344815,4
48995,4
333628,3
82694,12
258088,4
193700,3
285436,3
239101,3
50015,4
56815,3
155505,4
75480,4
333821,4
104473,3
50666,4
335630,4
240810,4
307800,3
240811,3
333630,12
62023,4
69380,3
78592,4
52602,4
358268,3
389074,4
97391,4
389081,4
277586,4
219427,3
275434,4
322436,4
55403,4
239103,4
193976,4
42239,4
258093,4
333641,4
44151,12
50089,12
95689,4
277805,4
220413,4
239104,4
59480,3
154264,3
84687,4
67056,4
333643,4
194311,4
265874,1
77814,4
75315,4
239105,4
79883,4
277810,4
389076,4
71675,4
389073,4
155526,1
258097,3
339533,4
525624,4
382276,3
280530,4
50770,4
56658,3
80282,4
72380,3
91474,12
525274,4
154266,4
384068,4
389075,4
240703,4
273388,4
205810,4
147642,4
147682,4
56816,1
286209,1
84270,4
280165,4
194042,1
322527,4
258102,3
525670,4
343934,4
294473,4
154288,4
280532,12
128430,3
349896,3
193699,4
84854,4
359917,4
64866,1
243079,4
64867,4
358269,4
271723,12
81048,3
47336,4
96988,4
59574,3
207080,4
359818,3
383302,3
524707,4
51204,3
307801,1
58720,3
121592,4
322315,4
526028,4
525751,4
194056,1
389082,4
283551,4
151524,4
333674,4
349482,4
58625,3
58626,12
104243,3
155507,1
333823,4
197864,1
69894,4
44742,4
244206,1
70021,4
333677,4
63552,4
155508,4
389077,4
65788,3
345996,4
69765,4
241919,4
258125,4
333679,4
48038,3
64092,4
308038,4
72591,3
322546,4
323743,3
333682,4
48039,3
271726,4
154290,3
79285,4
197865,3
280164,1
333684,4
56799,3
273399,4
525897,4
359821,4
277958,4
384069,3
360346,4
74898,4
48019,4
338759,4
277961,4
298142,4
154267,3
53579,4
73032,4
239107,4
76001,4
52149,3
56357,4
389083,4
154291,4
182809,4
66281,1
74226,4
44522,3
45098,1
58009,3
67612,12
58352,3
80459,12
258163,4
77523,4
368093,4
45713,1
157111,4
389084,4
227956,4
243077,4
74419,4
355945,4
244277,1
275433,1
372843,3
147726,4
194787,4
217495,3
77444,4
77444,3
193706,4
358267,4
72480,3
524453,4
45510,1
85071,1
333824,4
61718,12
258170,4
306524,4
221450,4
526038,4
72369,4
84028,4
333693,4
68618,4
119316,4
70766,4
43762,4
50562,4
104780,4
375818,4
84029,3
525178,4
322574,4
167194,4
182920,4
383542,4
336765,4
85622,3
43763,4
50563,12
322577,3
258211,4
511752,4
511752,3
63617,4
76832,3
278079,12
225771,12
155514,1
289693,4
525357,4
300305,4
372845,4
92114,12
282505,4
76685,3
211683,3
102718,4
278081,4
270627,4
147727,4
333700,4
72909,4
87177,4
253203,4
42924,4
333701,4
322584,4
379093,4
249444,4
379094,3
322589,4
533470,4
322591,4
294474,12
389078,4
375340,4
157117,4
81323,4
383305,3
66436,3
280632,4
211682,4
258193,4
333706,4
154269,4
147672,4
73434,3
68111,4
70743,4
375341,4
280124,3
157114,4
84081,4
98684,4
155532,4
322600,4
315426,4
211684,4
76614,3
87845,4
282498,4
370091,4
194063,4
87846,3
333711,4
86102,3
54994,4
278191,3
154270,1
316495,4
258200,4
239120,4
81418,1
333714,4
74501,3
238913,4
194541,4
322561,4
66332,12
194542,4
207084,4
55924,4
375344,4
212056,4
282118,3
273396,4
383547,3
207098,4
42179,1
350684,4
68143,4
81750,3
370665,4
370665,3
74184,4
389079,4
147678,3
226633,4
278211,4
307802,3
258210,4
151526,4
347532,4
286409,4
145073,4
333727,3
82966,3
45545,4
92731,4
211686,4
322312,3
220534,3
238356,4
239098,4
120684,4
182808,3
322542,4
18488,3
41515,1
18490,3
18493,3
62402,4
225777,12
18496,12
18497,1
18498,3
238892,1
41520,12
96940,12
237484,1
271712,1
272889,1
237245,12
238893,1
40461,12
64128,12
91640,12
18506,3
244198,12
18509,4
18510,4
225778,3
225779,4
225780,4
286206,4
225783,4
88068,3
225784,12
33614,12
225785,1
88069,4
18515,4
237246,3
114823,3
244153,1
106306,3
69885,3
43114,4
238898,4
82696,3
18520,3
240705,3
27256,4
225788,3
27258,4
94833,3
18523,3
18524,3
244169,1
18526,3
75831,12
79455,1
54117,3
237330,1
55496,6
177302,12
290606,4
43460,1
87360,12
100981,12
100982,12
18528,12
70758,4
346046,4
100983,4
57477,3
258644,4
80565,3
61877,4
238908,4
255413,3
272605,4
67509,12
18539,3
18541,1
18543,4
41988,4
18545,4
165056,4
18549,1
18552,4
64284,4
244191,12
18554,3
244338,1
68218,3
55039,4
343926,4
18563,8
273649,4
167929,6
18607,6
161741,1
18629,6
18633,6
523193,5
523193,9
75805,6
18751,6
42350,4
311047,1
63481,4
46852,4
182912,4
111086,4
219507,4
46489,1
62005,4
18796,4
163097,4
319128,4
22617,4
253070,4
75956,4
85645,4
253097,4
53417,4
116102,4
256181,4
253162,4
22483,4
177991,4
337050,1
61474,4
61474,3
18799,3
114239,3
18802,4
18803,4
225803,4
202569,4
101500,4
138108,4
68652,4
22411,4
48886,4
136365,4
243499,1
243499,11
243500,1
243500,11
288036,1
288036,11
295053,1
295053,11
248546,1
248546,11
284849,1
284849,11
280708,1
280708,11
258983,1
258983,11
248543,1
248543,11
164650,1
164650,11
164642,1
164642,11
276910,1
276910,11
164640,1
164640,11
248544,1
248544,11
198860,1
198860,11
309314,1
309314,11
258975,1
258975,11
192504,1
192504,11
278542,1
278542,11
177505,1
199167,1
199167,11
137692,1
208673,1
208673,11
360337,6
227955,1
227955,11
321240,1
321240,11
138819,1
199166,1
199166,11
199150,1
199150,11
58528,1
58528,11
231451,1
231451,11
294061,1
294061,11
239109,1
195119,1
190411,1
43410,1
383267,1
298884,1
298884,11
350030,1
350030,8
298636,11
93487,1
211612,1
74726,1
42949,1
199151,1
199151,11
307069,1
307069,11
239660,1
239660,11
239661,1
239661,11
257160,1
257160,11
260935,1
260935,11
319959,1
319959,11
248540,1
248540,11
319908,1
319908,11
257161,1
257161,11
258984,1
258984,11
210471,1
210471,11
153717,1
153717,11
258379,1
258379,11
319911,1
319911,11
164641,1
164641,11
153716,1
153716,11
304465,1
304465,11
258380,1
258380,11
258976,1
258976,11
191220,1
191220,11
319912,1
319912,11
259001,11
244923,1
244923,11
205843,1
205843,11
177507,1
102529,1
249322,11
199152,1
199152,11
199168,1
199168,11
199171,1
199171,11
199153,1
199153,11
344645,1
344645,11
256317,1
256317,11
307950,1
176851,1
18815,6
46339,1
18816,4
519152,1
317500,1
75493,6
245791,1
60552,4
238638,1
241863,1
517001,1
517001,8
254591,1
254591,8
248614,1
125925,1
159485,1
71417,4
161784,1
161784,11
275609,3
320005,6
18831,6
161815,6
57216,6
46377,6
85336,6
85336,11
225812,3
225812,4
66245,3
66245,4
128289,3
128289,4
154647,4
154647,3
329562,3
329562,4
285629,4
285629,3
254070,3
254070,4
124823,4
124823,3
358461,4
358461,3
114023,4
114023,3
124824,3
124824,4
95409,4
95409,3
105766,4
105766,3
68233,2
68233,8
18961,2
18961,8
517041,1
517041,3
517044,1
517044,3
517052,1
517052,3
515488,1
515488,3
515490,3
142118,3
350973,1
350973,3
279587,3
259828,3
323916,3
529536,1
529536,3
515491,1
529537,1
529537,3
142123,3
142125,1
142126,3
184697,3
529535,1
529535,3
323896,1
323896,11
105006,1
142121,3
529781,1
529781,3
142124,1
176912,3
517036,1
517036,3
517046,1
517046,3
517069,1
517069,3
517033,1
517033,3
517034,1
517034,3
517048,1
517048,3
517072,1
517072,3
517053,1
517053,3
517064,1
517064,3
21403,3
47327,12
67405,1
67405,3
21126,3
22019,1
22019,3
19017,1
337082,3
337089,3
269057,3
519798,3
521883,3
315680,1
315680,3
520893,3
370197,3
175718,3
281511,3
360339,3
321367,3
307072,1
307072,3
56768,1
281304,3
239265,4
316241,1
131415,4
131408,4
162039,4
184125,4
184148,1
184148,4
196570,1
196570,4
132730,12
184696,1
359416,1
359404,1
353008,1
359421,1
359432,1
374203,1
368794,1
386135,1
378411,1
384895,1
378412,1
520921,3
519787,3
403241,4
378956,1
378957,1
323505,1
99177,1
158955,1
139902,1
117102,1
95223,1
135311,1
176691,1
138969,1
136352,1
251217,1
176692,1
2,1
176693,1
234770,1
234771,1
138974,1
524447,1
69637,1
138975,1
6,1
176690,1
151444,1
100036,1
59195,1
317515,1
146335,1
89319,1
138946,1
85009,1
54485,1
161030,1
95272,1
117103,1
138829,1
9,1
178036,8
329341,4
307439,4
25974,1
65772,1
65772,3
222400,1
92764,1
133024,1
46588,1
135321,1
192626,1
334695,4
168034,8
238658,4
93016,1
89811,1
25968,1
211063,1
521129,7
220144,8
270461,8
209255,1
62987,4
165950,1
165950,8
165950,6
103083,4
180099,4
178019,4
314725,3
136380,4
150778,3
335070,1
115347,4
25971,4
180101,8
150780,4
43883,1
73538,1
170192,1
53992,1
53992,8
297696,1
168038,1
57888,4
168037,1
168037,8
168037,6
92919,1
336042,1
382864,1
43011,1
192630,1
209257,4
25973,1
136384,4
195006,4
68113,1
167181,1
165219,1
165219,8
314730,7
343190,1
358672,1
81443,1
81443,8
62,6
284475,1
382865,1
309050,8
26007,1
85,1
98274,1
98274,11
46078,1
184903,1
272649,8
23323,1
306917,1
306917,4
103073,10
103073,3
103073,1
92,1
92,8
92,11
111851,3
111851,8
111851,7
111851,1
24107,1
59416,1
74925,4
74925,8
163194,1
48810,1
184924,8
20034,8
102,8
316255,8
316255,1
91596,1
269542,8
62447,8
62447,1
78273,3
78273,8
78273,7
78273,1
149057,1
149057,8
129,1
184960,1
184961,1
143807,1
227911,1
133,1
184999,1
147,1
185006,1
150,7
26630,1
502508,8
502597,8
341671,8
379155,8
47131,1
211019,1
198512,8
503419,8
529708,1
502248,8
338099,8
128257,8
361270,1
294553,1
296790,1
296790,7
185049,1
163,1
197147,4
267948,1
312280,1
306171,1
116422,1
166,1
53893,1
281571,4
281571,1
368933,4
57303,1
231292,4
159481,1
522255,4
345820,4
165953,4
57304,4
57304,1
65487,4
70060,4
59923,8
102731,1
102731,8
167912,1
169,1
121915,1
24762,1
175,1
278413,1
177,1
20306,8
361271,1
361271,8
297056,1
297056,8
374610,8
298473,8
77213,8
185056,1
181,1
22126,1
182,8
96529,1
325161,8
56801,8
42431,4
96518,4
96518,8
332834,4
332834,8
159479,1
71978,4
181578,1
317018,4
317018,8
332835,4
332835,8
222410,8
152401,1
65876,1
185067,4
185069,1
190,8
46768,8
171036,1
171036,8
25154,1
23237,1
198,8
201,1
201,8
185074,8
26052,1
185076,1
26053,1
22273,8
22273,1
138332,1
95808,1
117753,1
117753,8
75882,1
86397,7
238662,1
116946,1
45400,1
366858,1
99152,1
97645,1
138546,1
185082,1
185083,1
149980,1
207,8
118524,8
26063,8
110331,8
185097,1
212,1
185116,1
185116,8
267951,1
267951,8
42682,1
216,1
185077,1
185100,1
21660,1
321386,1
217,4
84728,8
182342,4
182342,8
72864,8
55230,8
90571,1
96997,8
327547,4
227439,8
198121,1
185098,1
141797,1
98709,4
220,8
222,4
222,8
185105,1
26065,4
26066,1
26066,8
185106,1
131107,1
131107,8
26067,8
183234,1
24486,1
50913,8
232426,4
225,1
67216,1
222258,4
311450,1
50817,8
134933,1
134933,8
371582,1
58723,4
58723,8
366873,1
90961,1
114940,1
114940,8
98438,1
124212,1
307358,1
46877,1
61252,1
70223,1
124211,1
209950,8
249998,1
335296,1
335296,8
90785,1
58791,1
58791,8
62336,1
108677,1
358710,4
358710,7
68779,1
78387,1
91365,1
238663,1
227268,1
227268,8
172706,1
90980,1
283114,1
237808,1
94912,1
91829,1
230,1
222419,8
60359,8
222420,1
228,1
82502,1
229,8
87721,8
26131,8
96149,8
171037,1
293699,1
70218,8
103288,1
88936,1
191897,8
131413,1
50781,1
366907,4
306730,1
51073,1
336047,8
81813,8
350662,4
93437,1
231,1
241647,7
196332,1
196332,8
518008,4
518008,8
294029,1
294029,7
84789,1
84789,8
99191,1
63560,1
526414,1
526414,4
65271,1
524487,1
524487,8
76902,1
52648,1
366965,1
197674,1
197674,4
125984,1
114145,1
114145,8
84387,1
84387,8
227280,4
227280,1
45036,1
181360,4
288795,1
297807,1
298487,8
168911,8
150334,8
61624,1
152361,1
111422,1
363860,4
363860,1
54021,8
61506,1
99485,7
60709,1
117758,1
138547,4
138547,8
84889,4
84889,1
78769,8
78769,7
194996,4
194996,8
326203,8
114942,1
196323,8
197681,8
197681,1
57217,1
57217,8
194723,1
194723,8
83779,1
194997,4
194997,8
535989,1
98675,8
367043,8
279716,7
110066,8
374703,7
150336,1
171038,1
56417,1
79514,1
91611,4
153617,4
181370,8
89742,1
82233,1
105091,1
151145,1
26153,1
99974,1
90253,8
307360,8
99981,1
517241,4
517241,8
248823,4
248823,8
70885,1
53266,1
194368,4
303833,4
125986,4
315752,8
48429,1
190709,1
298696,4
298696,8
197524,1
68387,1
191092,1
226092,1
26157,1
73424,4
73424,1
73425,4
73425,1
283123,4
287831,4
74254,1
44602,8
92504,1
241648,1
74196,8
74196,7
181373,4
236947,8
104009,1
150338,1
43617,1
131410,8
75155,1
75155,8
91703,1
235,1
26137,1
527742,1
527742,8
97935,1
371580,1
517981,4
517981,8
82180,1
536128,1
293604,1
293604,7
341693,1
131763,1
285977,1
285977,8
113900,1
210315,1
152181,1
211825,8
211825,7
242,8
185111,1
185112,4
185112,8
296135,1
294457,1
294457,4
243,1
26159,8
334349,8
109595,8
268261,8
306836,1
306836,8
185119,1
375047,1
375047,8
312412,1
198225,1
198225,8
185115,1
185115,8
46362,4
517472,1
517472,4
375048,1
89004,1
89004,4
185120,1
517385,4
25065,1
501985,8
503473,8
172339,1
172339,8
126383,8
72318,1
117422,4
103571,1
103571,4
275595,1
316975,1
316975,4
374704,1
374704,4
45777,1
251037,1
49982,4
47664,4
139011,4
90171,4
321554,4
267558,8
297897,8
279,4
232447,4
232447,8
45671,4
45671,8
319754,4
319754,8
283,8
278429,1
374609,1
21085,1
197526,1
190710,1
222441,1
74926,1
126384,1
284,1
285,1
111373,8
95559,1
87160,8
286,1
26182,4
44964,1
44964,8
288,1
288,8
211083,1
211083,8
211084,1
211084,8
60858,1
60858,8
297898,1
297898,8
325184,1
44966,1
185042,1
297129,1
297129,8
185140,1
292,1
116423,1
25067,1
185030,1
167918,1
51905,8
239017,8
113348,1
159727,4
159723,1
159726,1
159725,1
159724,1
53157,8
161955,8
161955,4
449,3
56166,1
130329,12
387587,1
344970,1
358943,1
185693,12
504,1
387570,1
346092,1
83865,1
185686,4
185702,12
185706,1
524926,12
77251,1
185710,1
574,8
82043,1
82043,8
328099,8
49626,8
589,10
110686,1
110686,8
79449,1
79449,8
110582,1
110582,8
92153,8
96127,1
96127,8
372366,1
507784,1
357541,3
275741,3
517362,3
372375,1
372387,1
372389,1
372368,1
372379,1
529176,1
383605,3
372373,1
503905,1
95075,3
92322,3
110222,1
237790,3
63416,1
171679,1
130332,3
74255,1
522779,3
78328,3
82755,3
185852,3
528916,3
670,1
273483,3
515163,3
671,3
185884,3
74256,3
185885,3
82756,3
218772,3
155297,3
74079,1
69880,1
285124,1
69881,3
253144,3
517730,1
237795,3
517558,1
677,3
218777,3
26432,3
185891,3
185861,3
522169,3
522761,3
512585,1
512539,1
139920,12
154746,3
517246,1
683,3
684,3
273488,3
171713,3
155064,3
182186,1
218789,1
154449,1
83120,3
196074,3
249854,12
388677,12
511804,1
687,3
218795,3
185870,1
388999,1
518963,1
55613,1
333066,3
281831,3
66845,3
332482,3
65932,3
137710,3
218749,3
190893,3
112211,1
192419,3
168373,3
249855,1
218747,3
50123,1
115538,1
691,4
250213,3
119423,1
72684,1
693,3
275755,3
170644,3
185905,1
185907,1
59497,3
185914,1
321651,8
248872,4
22129,1
272193,1
208065,8
26447,1
226694,1
374782,1
360967,1
346835,1
206754,1
255494,8
242385,1
242385,8
239730,1
317616,1
258154,1
360286,1
361644,1
346834,1
77621,1
222482,1
374783,1
96564,2
51507,8
51507,7
47841,8
186343,8
186343,7
19608,8
19608,7
24808,8
235983,1
235983,4
526324,3
139943,3
186371,3
131675,1
108621,6
61291,6
114288,3
110070,3
310345,3
186533,1
186533,4
365603,1
211066,4
211066,8
211066,10
167959,1
167960,1
183807,1
1052,10
1052,4
366345,4
366345,8
366345,10
150309,10
150309,4
26599,10
26599,4
1059,4
1059,10
358779,1
318372,10
327087,10
220717,1
186660,4
261742,10
245365,10
383353,4
179279,4
179279,10
334576,10
245366,4
261736,4
186662,4
261739,10
186663,4
186663,10
261738,4
222499,4
186667,4
186674,4
1067,8
186678,4
325185,8
179281,1
179282,1
170725,1
155167,1
179283,4
186679,4
26602,4
124418,8
26603,8
332966,4
332966,10
87868,10
1068,1
179286,10
186689,1
186693,1
103428,8
85116,1
179515,8
118765,1
118766,4
118766,10
118767,1
117423,1
99114,8
188054,1
188058,1
188059,1
26138,1
188061,1
188062,1
188063,1
305592,8
305591,8
331652,1
331652,8
331657,1
187572,1
156237,1
156237,8
188382,1
188382,8
158533,1
158533,8
188384,1
188384,8
188689,1
1450,1
188849,1
312432,1
312432,4
1453,1
131672,1
188865,10
188879,1
188882,1
251991,10
84100,10
188890,1
188894,1
139009,1
139009,8
1471,8
188918,1
188918,8
188925,8
188927,1
188927,8
1473,1
1473,8
153810,1
153810,8
226566,1
226566,8
48040,8
281642,1
281642,8
94930,1
94930,8
1470,1
1470,8
360779,1
360779,8
312433,1
312433,8
311000,1
189160,10
189160,4
182531,3
273053,1
1715,3
89228,3
296082,3
27197,3
315307,3
315307,1
27434,1
20423,4
1878,4
1880,4
26272,1
148757,1
27581,1
27582,1
95525,1
48117,1
331040,1
82008,1
76121,1
96862,1
256696,1
252649,1
63094,1
63095,1
165659,1
98986,1
27584,1
90778,1
1927,1
52084,1
76696,1
239732,1
334488,1
189316,1
211710,1
508057,4
151771,1
328124,1
328125,1
522021,1
522021,8
331938,1
328143,1
249151,1
383775,1
328149,1
328152,1
328165,1
329364,1
1931,1
65893,1
72786,1
1933,1
1937,1
184186,4
50327,1
1952,1
1952,3
1972,3
156874,3
366103,1
323218,1
21701,1
203745,1
203748,4
276433,1
21271,1
99570,4
108933,1
97612,1
27838,1
333265,1
27841,1
57647,1
109006,1
2105,1
27773,1
136568,1
2133,1
523283,1
73937,1
217800,1
43620,1
240959,1
78167,1
99973,1
99973,4
353296,1
353296,4
222727,1
357462,1
357462,4
352788,1
352788,4
226438,1
90145,1
240970,1
51924,1
91926,1
22310,1
2192,1
203795,1
203789,1
321977,1
99456,1
68066,1
222719,1
91840,1
91440,1
93438,1
307886,8
205670,7
387348,8
92994,4
332153,8
299483,7
374787,4
345465,4
150119,1
150119,8
238070,1
238070,8
298455,1
298455,8
175533,8
336113,8
525485,4
387191,8
111661,8
255954,8
171282,4
167910,8
517204,4
522366,4
522556,4
387189,8
2254,1
21739,8
2255,1
2255,8
2255,3
385625,8
385625,1
226887,1
387212,8
365753,4
131897,7
283103,7
288823,7
357447,4
2273,1
133746,4
44677,8
44677,1
387123,4
387139,1
387139,8
524355,4
386982,4
386985,4
386991,8
386991,1
313626,4
316859,8
308239,7
360780,4
308240,4
104485,8
359096,4
27920,4
195869,4
213737,8
213737,1
362395,8
362395,1
204084,2
21330,4
22159,10
204326,4
131179,10
131178,10
204448,4
187609,4
204549,4
204556,4
204564,4
78331,2
76156,2
139433,2
2359,2
159641,1
28010,1
387596,1
387596,4
358757,1
358757,10
115998,1
115999,1
240170,1
189464,1
115966,1
228825,1
324728,1
226517,1
381974,1
205129,1
195760,1
73486,1
238904,7
238904,8
54590,1
56940,1
49563,1
198572,7
198572,8
74262,1
99796,1
2441,1
2444,1
93594,1
197180,4
28123,4
116026,1
2568,1
49533,1
226399,6
2579,1
49765,1
49765,4
128263,1
28139,1
28139,4
57392,1
57392,4
131143,1
28128,1
49629,1
49629,4
82497,1
226419,1
226419,4
227442,4
194731,4
83119,1
74434,6
2598,1
19624,1
206193,8
332154,1
206201,1
96060,1
127451,1
42434,1
287733,1
292081,1
216098,1
178527,1
200602,1
219333,1
287734,1
2687,1
178518,1
99397,1
116674,1
117952,1
2689,1
2691,1
2693,1
20638,1
2694,1
200594,1
97936,1
97936,7
321516,4
206422,1
2819,1
246277,1
332225,1
228653,1
45914,1
211074,1
78011,1
222865,1
222865,4
43366,1
55245,1
254793,1
98651,1
98651,4
222867,1
20703,1
20704,1
283133,1
222868,1
117660,1
136525,1
136525,4
370886,1
370886,8
97372,1
115914,1
115914,4
40944,1
40944,8
93350,1
68764,1
285988,1
222870,1
179545,1
73892,4
67801,1
194139,1
222871,1
78428,1
65759,1
33961,1
33961,4
33961,8
72846,1
67935,1
93911,1
93911,8
306050,1
306050,4
89783,1
221386,1
28618,1
103950,1
228671,1
228671,4
136527,1
136527,8
99332,1
71162,1
71162,4
50008,1
28619,1
99920,1
49142,1
49261,1
28622,1
333268,1
168178,1
168178,4
166616,1
299656,4
299656,1
306738,1
57659,1
111806,1
49650,1
28627,1
65680,1
82176,1
245597,1
73185,1
228683,1
129355,1
328868,1
92881,1
79033,1
79033,8
237189,1
283146,1
283146,4
71009,1
279764,1
105225,1
67050,1
87149,1
70663,1
52386,1
52386,8
382173,1
382173,8
151085,1
94535,1
94535,8
179757,1
179761,1
279767,1
206584,8
279766,1
206522,1
60130,1
2840,1
206585,4
206585,1
374324,1
312581,1
74064,1
206586,1
167814,1
46232,1
74115,1
74115,8
335095,1
335095,4
283136,1
283136,4
105110,1
167815,1
167815,4
167817,1
73186,1
47579,1
206587,1
2845,1
49188,1
49188,7
196144,1
62404,1
335081,1
97654,1
112609,1
2846,1
67086,1
28331,1
28331,4
28331,8
78645,1
92066,1
345674,1
2847,1
28338,1
28338,4
72977,1
57463,1
114767,1
57102,1
56789,1
48077,1
48077,4
73112,1
334346,1
62038,1
237187,1
67764,1
47896,1
228065,1
299443,1
239033,1
151920,1
93089,1
335101,1
97589,1
89315,1
55486,1
125327,1
54472,1
54472,8
42961,1
98023,1
50172,1
50172,4
517432,1
517432,4
92447,1
92447,4
86335,1
80817,1
86203,1
69054,1
227986,4
227986,1
97717,1
55416,1
85714,1
59799,1
98463,1
28354,1
51062,1
249504,1
86298,8
228664,1
28357,1
65966,1
85378,1
75208,4
322331,1
322331,4
28361,1
28361,4
317632,1
28360,1
28360,4
80041,1
67485,1
241722,1
241722,4
59665,1
2842,1
84606,1
97390,1
137771,1
92091,1
86589,1
86270,1
95065,1
241649,1
79922,1
522090,1
522090,4
322333,1
52912,1
153070,1
72651,1
28376,1
28379,1
28379,8
28380,1
367130,4
367130,8
52353,8
89819,8
192462,1
42882,1
95483,1
42883,1
84003,1
46796,1
46936,1
54739,1
64083,4
64083,8
63931,1
70032,1
156034,1
77831,4
77831,1
64195,1
64195,4
27182,1
27182,4
28389,1
28390,1
114456,1
124865,1
517412,1
517412,4
92239,1
28394,1
93045,1
28395,1
28395,4
103528,1
109395,1
91658,1
45305,1
89491,1
227474,1
97290,1
227475,1
28417,1
28417,4
64888,8
221388,8
194706,1
287908,1
76526,1
95485,1
82201,1
69493,1
97074,1
97061,1
97061,4
98329,1
328021,1
328022,1
68881,1
2853,1
84004,1
78792,1
78792,4
52933,1
46797,1
46797,8
137004,1
96714,1
64197,1
64197,4
95912,1
109116,1
109116,4
2854,1
74776,4
124867,1
317633,1
71163,1
210369,1
517429,1
517429,4
55371,1
99373,1
62185,1
114770,4
114770,1
63344,1
272898,1
54358,1
91768,1
334716,1
28017,4
28017,8
82202,1
93447,1
98850,1
93448,1
228675,4
228675,8
124868,1
124868,4
90998,1
98851,1
83911,1
28453,1
64793,8
98618,1
85170,1
99256,1
210371,8
55450,8
92860,1
90898,1
241430,4
241430,1
96030,4
111693,1
51612,1
58953,1
228679,1
228679,4
76007,1
182737,1
285989,1
285989,8
333269,1
333269,8
80332,1
53439,1
28468,1
28468,4
99420,1
99420,8
534580,1
81250,1
77844,1
114771,1
517367,1
517367,4
49908,1
65354,1
169564,1
60668,1
222884,1
94311,1
194270,1
239034,1
106983,1
106983,4
67244,1
67244,8
61457,1
28358,1
66705,1
73568,1
245318,1
245318,4
46798,1
322452,1
90328,1
135383,1
135383,4
367135,4
367135,1
70301,1
153073,1
216988,1
216988,4
194272,1
221389,1
117947,1
222347,1
42180,1
48029,1
96762,1
96762,4
43711,1
322473,1
62619,1
74540,1
74540,4
79994,1
81287,1
124529,1
28502,1
28502,4
97142,4
97142,1
68798,1
57751,1
57751,4
155560,1
153074,1
58838,1
326375,4
315596,1
95337,4
66086,1
70606,1
57405,1
522089,1
522089,4
382870,1
382870,4
153813,1
91033,1
283134,1
534847,1
49260,1
74698,1
48057,1
279260,1
91585,1
91585,8
206588,1
45495,8
279769,1
279769,8
206589,1
2862,4
2862,1
28514,8
222888,1
222889,1
222889,4
249507,1
222891,1
28621,1
52991,1
215280,1
215280,8
194006,1
194006,8
521284,1
521284,4
28522,1
28523,1
28523,4
41021,1
237191,1
28525,1
95712,1
106465,1
106465,8
387458,1
387458,4
78416,1
104878,4
352633,1
42532,1
316374,1
111170,4
328012,1
151077,1
89149,1
96782,1
191252,1
64889,1
93650,1
151090,1
110487,4
70747,1
383356,1
58827,1
44789,1
194713,1
299487,1
108992,1
237283,1
109012,1
110580,1
109401,1
328158,1
28532,1
88732,1
334720,1
108285,1
28534,1
194719,1
69325,1
28535,1
285992,1
285992,4
97112,1
270926,1
168941,1
387461,1
2865,1
2867,1
2867,4
228826,1
228826,4
2868,1
2868,4
282113,1
300601,8
64461,1
64461,4
67886,1
2871,7
117712,1
237190,1
51031,1
89931,1
61130,1
28544,1
28545,1
28545,4
92376,1
92396,1
94229,1
44857,1
69055,1
28554,1
28554,4
92152,1
98478,1
97484,1
166266,1
28558,1
98088,1
98088,4
97489,1
98067,1
45072,1
91278,1
55133,1
60211,1
165430,1
165430,4
99190,1
96637,1
54245,1
28566,1
28566,4
92393,1
28570,1
98436,1
98436,4
43998,1
92554,1
92785,1
94678,1
99919,1
96713,1
48892,1
98106,1
210375,1
210375,4
2836,1
54032,1
49102,1
46902,1
42601,1
81596,1
81596,4
63343,1
200499,1
87195,1
325552,1
68920,1
68920,4
270927,1
92584,1
47666,1
57672,1
85104,1
96041,1
43599,1
75082,1
75082,4
317636,1
82156,1
72446,1
72502,1
51502,1
57525,1
71528,1
55465,4
55465,1
28600,1
139707,1
139707,4
238795,1
48028,1
48028,8
97058,1
28604,1
46722,8
94193,1
62541,1
28608,1
299488,1
328895,1
328895,8
2993,2
3015,4
94775,7
297737,7
207167,4
256954,7
3135,1
89414,1
28828,1
344171,1
344171,8
91769,4
375226,1
375226,8
271351,4
345337,1
345337,8
358761,1
358761,8
375225,1
375225,8
334239,1
334239,8
273151,1
207695,1
207695,8
312591,1
336715,1
207696,1
23541,1
3159,1
28843,1
208257,1
89355,1
3173,1
381873,8
208441,8
94762,8
226097,4
208445,8
175622,1
380417,1
208581,1
97563,1
122016,1
122016,8
302801,1
169886,1
145724,1
322753,1
139094,1
139094,8
143318,1
271164,1
271164,8
271052,1
99077,1
3286,8
28928,1
241758,4
208596,4
62081,6
96449,8
49119,4
91507,8
45482,8
115350,8
115350,7
96664,8
270472,4
208621,2
3307,2
98640,2
101010,2
28947,8
3350,8
351290,1
372648,1
331108,1
372649,1
372650,1
331107,1
305864,1
209331,1
209330,1
3403,1
134578,1
124219,1
346050,1
88938,4
77430,4
343130,1
139117,4
211080,7
95578,1
137095,1
211180,7
301698,1
301698,8
361041,1
343901,1
273429,1
301699,7
360237,1
267556,7
118772,8
118772,1
313941,1
313941,8
28982,1
62222,1
178041,1
87270,8
119583,1
209472,1
209617,11
3458,1
78199,1
3472,11
268677,11
46373,4
90695,1
93790,4
150782,4
358673,7
70601,4
90200,4
137757,4
222960,4
280438,4
98546,4
153794,4
92938,1
95513,4
52219,4
192754,1
196401,1
96730,4
83559,4
250075,1
85866,4
380897,1
103904,1
90323,1
120447,4
81779,4
51664,4
86951,4
43807,4
319968,1
180105,1
85444,1
95894,1
95894,4
237047,1
237047,4
65454,1
93659,4
93098,4
115352,1
226103,8
43611,1
43611,8
363859,1
95165,1
120448,1
89776,1
89256,1
97903,1
99348,1
59209,1
29174,1
44523,8
52186,4
72086,4
29185,1
29186,1
210046,1
46437,1
3694,1
109663,10
162568,10
129122,10
151735,10
155786,10
62627,8
62627,4
210415,1
82278,1
226780,1
29214,1
29215,1
114776,1
97272,1
98024,1
79254,1
118072,1
141200,1
29219,1
3732,1
312648,8
333270,1
378711,1
378712,1
210610,1
3766,1
151144,1
112601,1
380898,1
380900,1
130539,1
55627,1
222985,1
124398,1
130603,1
141880,1
380901,1
130604,1
112602,1
380899,1
96024,1
29235,1
142613,1
144467,1
3770,7
118008,3
118008,10
118008,2
212513,1
352857,1
383412,1
187786,1
226696,1
254508,1
360201,1
243579,1
143108,1
129220,1
102172,1
212966,1
212967,1
3889,1
320578,1
212968,1
83394,1
109957,1
212941,1
51489,1
157881,1
384894,1
212971,1
130542,1
3891,1
282570,1
29388,1
212951,1
111448,1
212972,1
111304,1
136064,1
287133,1
111666,1
55274,1
86014,1
73386,1
178275,1
110367,1
212976,1
3894,1
104488,1
212965,1
110355,1
3887,1
75362,1
320476,1
320485,1
320486,1
320524,1
320460,1
157868,1
3888,1
212970,1
320515,1
320513,1
21997,1
48650,1
143110,1
212945,1
29386,1
90013,1
212948,1
91243,1
320533,1
157876,1
3890,1
112976,1
239709,1
29391,1
212952,1
97929,1
320550,1
94361,1
129293,1
3896,1
3900,1
213015,1
213016,1
3901,4
213021,4
213056,4
88887,4
361377,1
119054,1
180628,1
157945,1
93155,1
29218,1
29544,2
90440,1
121916,4
121916,1
227695,8
98467,1
323029,4
323029,1
65158,4
65158,1
98775,1
213362,1
4014,1
334762,1
213364,1
4015,1
213371,1
20919,1
323088,1
24118,1
86033,1
30553,1
30571,1
213783,1
213790,1
42507,1
81363,1
246109,1
143327,1
256747,1
95884,1
239286,1
90939,1
238656,1
355935,12
153869,1
153869,4
285997,1
285997,4
114299,1
181193,12
124687,1
294651,1
294651,4
358323,12
287995,1
287995,4
282074,1
124688,1
281331,1
523305,1
523306,1
334285,1
334285,4
307392,1
307392,4
4360,12
254249,12
219209,12
220561,12
194918,1
194918,4
286759,1
286759,4
103108,1
323110,12
350934,12
182467,12
56359,1
352648,12
284989,1
49554,1
285996,1
61447,1
386608,1
296742,1
296742,4
263226,1
263226,4
378963,1
30602,12
334175,8
151406,12
364940,1
364941,1
214458,1
4364,1
221984,1
221984,4
178380,12
90677,1
382874,1
382873,1
382875,1
283344,8
521044,1
212954,1
170441,1
177981,1
177981,8
30663,1
30654,1
197748,1
197748,8
519362,1
534741,1
517780,1
533268,1
4382,4
4382,8
97401,1
500413,1
204388,1
89069,1
244280,4
244280,8
270475,4
270475,8
244278,4
244278,8
326217,1
120461,1
258440,1
155716,1
4385,1
198690,8
270476,8
308615,1
179791,1
81215,8
98945,8
252939,1
374638,1
374639,1
152092,1
170776,1
95510,1
95510,8
198304,1
79314,1
49144,1
242615,1
121917,1
53147,1
79172,1
285161,1
151431,1
151431,8
124265,8
30640,1
30640,8
529870,1
191985,1
191985,8
198305,1
198305,8
192974,1
350663,1
350663,8
285164,1
285164,8
239417,4
239417,8
324502,1
204397,1
204397,8
178921,1
178921,8
133748,1
133748,8
133748,7
233353,1
233353,8
366111,1
278136,1
150345,1
73105,8
222296,1
146005,1
385742,1
272619,1
272619,8
298458,1
298458,8
306618,1
294647,1
294647,8
294647,4
204401,1
204401,8
269544,1
269544,8
261727,8
150346,1
192977,1
124297,1
124297,8
117426,1
117426,8
529872,1
325314,1
211187,1
211187,8
192978,1
30644,1
206665,1
206665,8
30664,8
30645,8
134942,1
372548,1
359097,1
239418,1
239418,8
91338,1
124266,1
269157,1
222299,1
79721,1
79721,8
325315,1
325315,8
165962,8
42926,1
42926,8
251042,1
251042,8
151433,1
316578,1
179569,1
204398,1
372549,1
198581,1
198581,8
90704,1
96780,1
84394,1
287115,1
287115,8
272919,1
272919,8
521877,1
66733,1
66733,8
4395,8
4397,1
152372,1
140475,1
521518,1
4398,1
4399,1
48171,1
81459,1
81459,8
30648,1
30648,8
72122,1
191987,1
191987,8
333271,1
113902,1
113902,8
52421,1
214616,1
214616,8
214617,1
4402,4
90314,1
68692,4
30653,1
71735,1
33952,1
30661,8
289116,1
318552,1
372651,8
160621,1
139996,1
139998,1
139998,8
160622,1
160622,8
212956,1
212956,8
179790,1
183804,1
183804,8
372652,8
334688,1
134945,1
134945,8
183521,1
183521,8
183806,1
183806,8
108678,1
108678,8
108345,1
139997,1
139997,8
134944,1
110067,1
110067,8
4417,1
4419,1
30669,1
120463,1
214642,1
180754,1
98759,1
53148,1
65789,1
4499,1
251706,8
75688,1
25687,1
334931,1
4501,1
96316,1
91246,1
323285,1
323284,1
4506,1
85552,1
92278,1
74258,1
4507,1
4508,1
4509,1
30700,1
214705,1
366757,1
270233,8
255203,8
97648,1
305611,1
94011,7
172191,8
30706,1
42669,1
79652,1
139175,1
79628,1
72619,1
60445,1
59657,1
92005,1
80634,1
324337,8
4522,8
4522,1
214725,1
214729,1
333272,1
275577,1
333273,1
194171,1
337917,1
337917,8
263243,1
73005,1
329197,1
329197,8
272718,1
47934,1
214230,1
177982,1
177982,8
333413,1
333413,8
231054,1
370181,1
256079,1
256079,8
248647,1
248647,8
84392,1
97746,1
329198,1
153075,1
97310,1
97310,8
368547,1
177983,1
177983,8
4553,1
4553,8
101121,1
194168,1
323298,1
323298,8
248646,1
248646,8
30728,1
131692,8
323328,1
30781,1
30781,8
302254,1
4570,6
20351,1
323301,1
4582,1
60214,1
246422,1
302094,8
344865,6
4593,1
4598,8
21694,1
4602,8
54185,8
97692,1
30752,1
30752,8
4620,6
315709,1
4624,1
4624,8
4629,1
4629,8
310586,1
30760,1
30760,8
4666,1
67253,8
323345,8
50328,1
50328,8
20362,1
4678,1
162567,1
162567,8
175522,1
175522,8
143313,6
30770,7
30773,8
95571,8
4556,8
96278,1
68945,8
4563,1
370853,1
73457,8
194071,8
102616,1
102616,8
228764,8
25849,1
55457,1
30800,1
30800,8
227984,8
4762,1
4762,8
25876,8
80217,1
136569,1
136569,7
144024,8
4774,8
312998,4
312998,8
4775,1
4775,8
97783,1
97783,8
89041,1
107611,8
323468,4
57462,8
4776,1
174696,1
174696,8
516668,4
93119,4
323466,8
25846,8
143119,1
138336,4
138336,8
235477,4
235477,8
111331,8
158137,1
247303,8
30840,1
30840,8
25813,8
296065,4
30807,8
30807,1
4765,1
305580,8
96099,8
95691,1
95691,8
323456,8
323456,1
516629,1
66437,1
66437,7
516633,8
387323,1
516645,1
97242,4
97242,8
4790,1
179794,1
382515,1
4791,1
334772,4
116316,1
284971,4
91949,1
99166,4
76800,8
314733,1
57064,1
334773,1
168040,1
307617,1
126626,1
130634,1
329694,1
210670,1
210670,8
254014,4
69812,4
59552,4
360926,1
71612,8
58392,1
358675,4
99976,4
99976,8
90068,4
137186,1
284974,7
85768,1
85768,4
137476,1
137476,4
137477,1
137477,4
246008,4
5074,4
75923,1
75923,4
68593,1
68593,4
137481,1
137481,4
95073,4
69967,4
86457,4
133025,4
98146,4
329734,4
321515,4
214896,1
163224,1
332127,1
163227,1
121648,1
57491,1
269024,1
316987,1
75108,1
223160,8
163225,1
5160,1
62460,1
172954,1
305579,1
333260,1
85635,1
218286,8
218286,1
57866,1
69154,1
5306,1
93842,1
353083,1
353083,4
228223,1
280818,1
269160,1
269160,4
238451,4
350952,1
349071,1
349071,4
154125,1
323815,1
97343,1
254233,1
369346,1
369346,4
369347,4
93813,1
5316,6
323807,1
323818,1
158338,1
146072,1
56421,1
31151,1
151213,1
280105,1
219927,1
376030,1
376030,4
281971,1
65096,1
309919,1
75577,1
49195,1
81847,1
102958,1
5340,1
5343,1
101168,1
80883,1
99724,1
95920,1
534957,1
156364,1
324056,1
5345,1
128393,1
25208,1
187814,1
320277,4
31162,1
5367,1
69289,2
24457,1
323853,1
101173,1
48447,1
31781,1
97168,1
5928,1
5968,1
226105,1
5978,1
106113,1
31847,1
137617,1
6014,1
304076,1
304076,4
58174,1
58174,4
79003,1
43918,1
304077,1
304077,4
176656,1
31916,1
44432,4
96839,1
305849,4
137199,4
6253,4
6265,4
31628,11
86001,1
350665,1
368687,1
151456,1
169196,1
43314,1
169198,1
221587,1
31997,1
522716,1
6314,1
6314,8
93598,1
361204,1
26707,1
528709,1
6346,1
49759,1
314417,1
89269,1
226107,1
226108,1
226109,1
238681,1
97226,1
73487,1
328169,1
6395,1
239351,1
188021,12
523281,4
523281,10
6397,12
118143,12
113912,12
91403,2
91403,11
381890,2
381890,11
32104,2
32104,11
318579,1
293440,1
223357,1
83101,1
66556,1
94614,1
89372,1
59387,1
6599,1
92599,1
99092,1
23556,1
23556,4
333326,1
333327,1
69703,1
6677,1
6705,1
6732,1
51971,1
162426,1
210449,1
334781,8
113911,1
310253,4
379179,1
6876,8
241761,1
65995,8
158704,8
32640,8
19676,8
313942,1
90809,8
20053,8
6878,4
158710,8
167932,8
19679,8
505315,8
86320,8
158714,8
19957,8
19957,1
324309,8
32644,4
6885,8
6886,4
6888,4
285914,1
282149,8
287681,1
377012,1
121876,1
263244,1
374994,1
6889,4
6890,1
21834,1
82652,1
6892,1
521465,1
6893,8
6894,8
46894,1
6901,8
96849,8
374763,1
6906,8
144912,1
6907,1
6907,4
20051,1
120239,8
6912,1
329225,4
103001,4
6939,4
6943,4
136664,1
169760,4
169760,8
223431,1
6969,1
280088,1
89363,1
158762,4
158762,8
210160,1
104322,1
211192,1
169704,7
165249,1
321528,1
6977,1
59825,4
59825,1
324785,1
99750,1
169706,1
134312,1
56154,1
97545,1
51080,1
85825,1
85825,2
90419,1
90419,2
119850,1
178922,1
6991,1
6991,8
332174,1
332174,8
331455,1
22135,1
205851,4
205851,8
137097,1
194747,1
181192,1
191990,1
205862,1
134951,1
102836,1
55774,1
90465,1
97265,1
324802,1
109689,1
7005,1
187391,1
187391,8
503138,7
7007,1
7008,1
7014,1
7015,1
205886,1
354543,1
32712,1
7016,1
324819,1
32714,1
7022,1
7022,8
349314,1
95499,1
82614,1
248780,1
7029,1
23496,1
323292,1
7035,4
115157,3
158768,4
48584,3
7062,4
32739,1
239575,1
7072,1
249093,1
204582,1
7075,3
7076,4
32755,1
131510,4
247489,4
7102,10
51090,11
51090,1
234084,1
44266,1
223450,7
334240,1
170874,8
206727,8
88381,4
88381,8
52230,7
95609,4
83213,4
360551,8
93166,7
95176,7
85086,3
137830,3
137830,4
7147,10
168469,1
198563,1
381477,1
90742,1
182563,1
185322,1
374127,4
7149,1
7164,4
106124,3
7165,3
106125,3
7174,4
251988,1
504080,1
371934,1
7197,1
270005,7
255315,1
97233,1
7198,1
7198,7
124216,1
56327,1
62891,1
227521,1
505223,1
332964,8
333252,8
48059,8
504099,8
504879,1
324033,1
251117,1
306898,1
507854,1
324605,1
529332,1
243116,1
243116,8
505224,1
505224,8
179353,1
85181,1
228582,1
49469,1
324030,1
79273,1
79273,8
196734,1
308410,1
308410,8
42778,1
104298,1
103262,1
220396,1
103785,1
279358,1
306550,1
73467,1
57305,1
49419,1
7199,1
286053,1
387720,1
503989,1
7200,1
95720,1
187847,1
192114,1
32853,1
7202,1
104585,1
536509,1
70444,8
77243,1
304267,1
120472,1
7207,1
93080,1
164300,1
273475,1
7213,8
158819,8
187848,1
93984,1
536202,1
109569,1
7265,1
45001,1
108119,1
136547,1
325229,1
7267,1
279516,1
21629,1
43207,8
21700,8
116948,1
89514,1
20724,1
162563,1
7478,1
69270,1
106130,1
234978,1
83243,1
33037,1
7609,1
95309,1
7612,1
87554,1
95692,1
7654,1
23789,10
83312,10
51833,10
169711,10
56305,10
182509,1
182509,10
114516,1
114516,10
104204,1
104204,10
114517,10
102219,10
81499,10
105720,10
54813,1
54813,10
68554,10
7723,1
65679,1
317334,4
352805,4
48996,4
166031,1
166031,8
271349,4
59527,4
59527,8
515086,4
532581,4
321655,1
283864,1
325233,1
90133,1
150399,1
328085,1
178500,8
124669,1
114664,1
114304,1
84336,1
126442,1
180997,1
21680,1
254519,8
74495,1
154768,1
8115,1
33626,1
79917,1
345478,1
33627,1
110163,1
202558,1
8117,1
8123,1
90215,1
8125,1
87800,1
8124,1
290499,1
307108,1
100045,1
100045,4
24592,1
122323,1
122323,4
8211,4
8217,4
269824,1
94192,4
94192,8
170872,1
270615,1
270618,8
270619,8
227244,8
33709,8
169190,1
227243,4
227243,8
226114,4
226114,8
271438,4
270857,1
271444,4
271522,4
271460,4
271538,4
271481,4
271475,4
271516,4
8243,1
99992,1
270444,1
170879,7
270442,1
271141,1
33699,4
33699,8
269880,8
271574,1
252297,8
33700,4
269882,8
270859,4
270859,8
8246,1
270575,4
270575,8
130519,1
91927,4
91927,8
98430,1
179806,8
154032,4
198649,4
94441,1
130089,4
55086,1
33702,4
33702,8
33703,7
8249,1
270128,1
270128,8
270692,1
273235,1
270561,1
83489,1
33704,4
33704,8
107216,1
270694,1
271411,1
202324,4
271544,4
271552,4
271561,4
271453,4
271447,4
8250,1
238693,1
270572,1
89605,7
98246,7
270574,1
205514,1
96085,1
270706,1
21628,4
271423,4
252245,4
252245,8
271429,4
271434,4
271450,4
271426,4
271563,4
270858,4
270858,8
33684,1
138348,1
270443,1
87634,1
341707,1
154013,1
33686,4
33686,8
251724,8
177316,1
177316,8
290522,1
270037,8
251725,8
89444,1
270038,1
341708,1
8240,8
270363,1
271050,8
95310,1
270039,1
117643,1
117643,8
57579,1
355077,4
341709,1
341688,1
86747,1
270616,1
270617,1
99236,1
205490,8
154028,8
114521,8
138357,8
270124,8
270125,8
315605,4
315605,8
205493,1
270127,1
138352,1
138352,8
227632,8
153255,1
154029,1
138350,1
99046,1
270130,1
90268,1
205500,1
117645,8
42452,1
33688,8
355078,4
89037,1
89037,8
33690,1
270172,1
94963,1
169185,1
92720,8
270349,8
154030,1
77881,1
521978,1
53206,1
53206,8
59102,8
130091,1
138355,1
270347,1
154031,1
154011,1
8241,1
89523,1
138356,1
205507,1
130090,1
96357,1
169187,1
33695,1
68467,4
68467,8
117646,8
116949,8
69522,8
138358,1
271418,1
371554,2
33856,2
43091,2
91194,2
78463,1
206728,1
27516,2
27529,2
87644,2
358354,2
8445,1
40254,1
75426,1
516845,1
516868,1
48070,2
8730,2
327170,1
137447,1
137448,1
323864,1
40522,1
40530,1
40530,4
45958,1
99789,1
271432,1
175833,1
287732,1
176913,1
346683,1
346683,4
93785,1
325729,1
239743,1
353409,4
89566,1
40539,1
86781,1
340889,1
346688,1
126741,1
346682,1
346673,1
70488,1
199822,1
199822,4
346671,1
288735,1
340887,1
40542,1
294698,1
153374,1
153377,1
114547,1
212325,1
81131,1
81131,4
132882,1
90118,1
346687,1
214485,1
308903,1
322014,1
65460,1
65460,4
80395,1
80395,4
346689,1
71943,1
85323,1
263472,1
361014,1
226254,1
346675,1
138240,1
316564,1
307643,1
346674,1
138241,1
352809,4
132846,4
93257,1
93257,4
124726,1
124726,8
40566,1
40566,8
8766,4
8766,8
330956,4
135608,1
135608,8
135609,1
135609,8
124725,1
124725,8
93256,1
125664,4
239293,4
23759,1
8773,1
70329,1
95880,8
93232,4
8843,1
8852,2
241215,4
241215,8
368954,1
510599,2
254416,2
191139,2
97624,2
248873,2
325295,2
327439,2
326898,1
63034,1
326897,1
342468,1
305896,1
305958,1
372622,1
372603,1
8905,1
342077,1
93952,1
57945,1
321556,1
41745,1
95526,1
81201,1
95907,1
67181,1
223899,1
510594,2
510973,2
510530,2
510671,2
510402,2
249633,1
510544,2
510429,2
529186,2
511221,2
529123,2
510513,2
510874,2
510449,2
76586,2
8948,2
388040,2
388038,2
40828,1
24757,1
8950,1
329654,2
8951,2
8955,2
323887,1
8956,1
510688,2
8957,1
8965,11
8969,1
150772,1
82407,4
82407,8
9025,1
94913,1
48960,1
48960,4
345366,1
93687,1
112042,1
112042,4
160780,1
160780,8
67889,1
47294,1
97772,1
155715,1
93110,1
89484,7
99561,7
57817,1
82108,1
92757,1
223962,1
254836,1
254836,4
97146,1
115575,1
99648,1
336354,1
50975,1
96612,1
125533,1
89248,1
41070,1
41071,1
41071,4
82260,1
65162,1
69595,1
75559,1
154440,1
41075,1
140135,1
96613,1
100049,1
220564,1
220564,8
77543,1
41077,1
115577,1
269035,1
98305,1
154442,1
94507,1
41080,1
9110,1
210246,7
41081,1
91956,1
220565,1
90142,1
96308,1
41086,1
94007,1
41088,1
138225,1
100059,1
41090,1
135405,1
268763,1
48797,1
58404,1
41095,1
323619,1
93845,1
93845,8
323618,1
135406,1
9122,1
96159,1
96159,8
365901,1
135408,1
118546,1
64961,1
331173,1
92477,1
333890,1
326952,1
318694,1
43464,1
43464,8
95423,1
95423,4
135412,1
48097,1
68418,1
94283,1
94283,8
90905,4
125665,4
325173,1
84893,4
84893,8
20984,1
20984,10
41110,1
9131,4
374033,1
374033,8
182615,1
182615,4
221226,1
221226,8
80865,1
80865,8
254045,1
269360,1
9134,4
9134,1
323930,4
323930,1
182614,1
182614,4
182616,1
82826,1
82826,8
9135,1
286227,1
25819,1
25819,4
154510,1
21905,1
21905,8
105724,1
327920,1
327920,8
101021,1
101021,4
81273,1
256546,1
256546,4
118793,1
118793,4
118793,8
256547,1
256547,4
256547,8
41129,1
91367,1
88037,1
94113,1
90148,1
95618,1
99006,1
258280,1
118355,4
118355,1
118356,4
118356,1
60462,1
223965,1
211097,1
87123,1
223966,1
223967,1
288737,1
171795,1
171794,1
245154,1
207484,1
213175,1
287164,1
177153,1
118353,4
118353,1
54463,1
117328,4
117328,1
98140,1
73372,1
252059,1
160781,1
160781,8
90556,1
41025,1
118629,1
234035,1
19894,1
500234,1
9420,1
118050,1
94938,1
114146,1
102002,8
74035,4
9429,4
507791,4
507790,4
215762,4
9435,1
9451,2
42475,2
69022,8
69022,1
108942,8
335076,1
329854,1
292048,6
329780,4
53075,1
53075,8
9542,1
9542,8
99220,4
62695,1
9557,1
53683,1
53683,8
298444,6
60301,6
94349,6
98325,6
99993,6
47624,1
47624,8
9566,6
9567,6
134563,6
94947,6
137666,6
9573,1
9573,8
153266,1
153266,8
87338,1
87338,8
9575,1
9575,8
9576,7
20493,6
20493,11
57904,1
57904,8
98406,6
70440,6
69056,11
84389,11
84389,6
111506,8
139990,6
160782,6
298885,6
64519,1
64519,8
68803,1
68803,8
76048,1
76048,8
78034,11
160783,6
43558,6
20982,1
9582,1
9582,8
329875,1
329875,8
246044,1
246044,8
292047,6
9595,1
9595,8
224022,1
61389,1
61389,8
143233,1
143233,8
83497,1
83497,8
92385,6
224023,6
64616,1
64616,8
50233,1
50233,8
329838,6
9625,1
9625,8
74874,6
80744,1
80744,8
99002,1
82346,1
80428,1
43236,1
356489,1
356489,8
97713,1
97713,8
91249,1
91249,8
319967,1
319967,8
110634,1
110634,8
144323,1
144323,8
9629,1
9629,8
83646,1
83646,8
78755,1
137147,1
137147,8
329864,1
329864,8
352129,6
352129,11
138590,1
224017,1
329868,1
224021,4
329927,1
9584,1
9584,8
78035,1
78035,8
74919,6
74919,11
329865,6
329865,11
92726,1
133028,1
9704,1
77501,10
361189,1
9708,1
287165,1
67748,1
297573,1
56794,1
83655,1
101671,1
205673,7
93138,7
87530,8
87530,1
359897,4
84902,8
84902,1
309836,1
309836,4
309836,8
309846,1
309846,4
309846,8
319824,1
319824,7
319824,8
309851,1
375364,1
309857,1
309857,4
309857,8
309859,1
309859,4
309859,8
309863,1
309863,4
363764,1
363764,7
363764,8
309847,1
309847,4
363793,1
363793,4
363763,1
363763,4
341351,1
363761,1
363761,8
312778,1
312780,1
312779,1
363786,1
314157,1
363758,1
360392,1
363766,1
363766,4
363766,8
363771,1
302513,1
363757,1
363760,1
286084,1
360393,1
363789,1
363779,1
363759,1
363791,1
363774,1
363787,1
361021,1
363772,1
363767,1
363767,4
363767,8
374457,8
75993,1
153264,4
332686,1
331050,7
135107,7
70531,8
70531,1
9872,4
9873,4
324123,1
236023,8
100450,1
383698,7
383698,11
504569,7
504569,11
184382,7
332270,1
192607,1
9967,1
9967,8
63584,1
63584,8
515238,1
9985,1
224081,1
112840,1
10023,1
317777,1
167720,1
106153,1
10028,1
95597,1
98316,1
10101,1
153623,1
77549,1
59890,1
255962,1
324958,1
69040,1
194417,1
47818,4
240085,1
240085,8
91966,1
91966,4
87364,1
78015,1
352737,1
70867,1
70867,4
10108,1
105996,1
105996,8
105995,1
167791,8
57073,1
57073,8
383384,1
245964,1
53447,1
222312,1
268919,4
268919,1
75842,1
54406,4
54406,1
245370,1
145957,1
89178,1
134954,1
241241,1
174708,1
195879,4
94540,1
52817,1
366848,4
59805,7
146042,1
134955,1
124381,1
239425,8
241244,4
307744,1
237350,4
237355,4
98807,1
193455,11
224159,1
254015,1
281122,1
187420,1
270341,1
21317,1
10477,1
308078,1
367309,1
324214,1
367310,1
367325,1
10488,1
10488,8
10499,1
78340,1
124775,1
10509,1
367940,1
367308,1
10512,1
10512,8
54843,1
281098,1
10531,1
23484,1
138245,1
136551,1
381196,1
288037,1
245959,1
89320,1
61422,1
10658,1
177859,8
178924,8
81963,1
155051,1
155051,8
46578,1
46578,8
58435,1
58435,8
257583,8
257583,4
181749,1
92463,1
109230,8
140607,1
140607,8
241659,4
324991,8
94778,1
94778,4
204191,8
370235,8
370235,4
43335,1
517495,4
517495,8
97569,8
121414,1
121414,8
140615,8
181750,1
121925,1
368717,8
140732,4
93009,8
522649,8
209678,8
524788,4
301640,1
303797,8
387470,1
387471,1
196343,4
196343,1
154297,8
155053,8
47918,4
154295,8
284815,4
54163,1
517496,1
517496,8
88252,1
154341,1
524728,4
63953,8
334937,1
309047,1
309047,8
154344,4
154344,1
154345,1
154345,4
125426,1
90547,1
325773,4
50740,1
46873,1
346030,1
209680,1
269170,1
269170,4
155193,8
235046,8
235046,1
524815,4
125963,8
375159,4
141183,4
76927,1
76927,8
99540,1
99540,8
299318,1
299318,4
178925,4
178925,1
517491,4
524831,4
83245,8
154347,1
154347,4
517538,4
318068,1
346029,1
342434,1
67119,8
524349,1
300637,8
254256,8
134763,1
134763,8
59066,4
59066,8
214962,1
125964,8
125964,1
76717,4
76717,8
184340,4
184341,8
184341,1
367145,8
70129,1
133753,1
133753,8
140769,8
63852,8
181747,8
235798,8
217850,8
44407,8
352608,4
325317,7
325317,8
254258,4
254258,1
235796,4
235796,1
272675,1
272675,8
235799,4
235799,1
329500,8
69140,4
78323,8
385722,1
195074,8
69141,8
69141,1
317007,4
78324,1
178926,1
524807,4
254260,8
257584,4
241669,8
62340,4
522500,8
521675,4
284816,4
176163,4
176163,1
74490,1
269176,8
269176,1
287510,8
195802,4
118867,4
118867,1
325807,8
367146,8
58385,8
526484,8
375162,8
278324,1
301643,1
504712,8
272206,8
521967,4
284050,8
62131,4
41990,1
272678,4
272678,1
272207,4
272207,1
316224,1
343773,1
342435,1
524521,1
343774,1
517467,4
235041,1
124271,1
124271,4
270500,4
120020,8
251865,1
333056,8
284814,8
150392,8
284572,8
284618,8
136586,1
334506,8
157486,1
157486,8
84663,1
84663,8
515396,8
10694,1
211249,4
211249,1
42582,8
254016,4
152347,8
198872,1
346084,1
344244,1
143316,4
143316,1
368379,1
138334,1
284533,1
284562,1
337961,8
284496,1
381518,1
10696,8
517299,1
198040,8
118811,1
118811,4
77938,1
77938,8
195069,8
373670,8
375040,8
77939,1
77939,4
90428,4
90428,1
57231,4
57231,1
239932,1
65554,4
198041,4
198041,1
515146,8
336914,4
336914,1
184295,8
184294,8
107260,8
343392,4
343392,1
55829,1
294733,8
343391,8
137294,1
65428,1
105342,4
10702,1
363388,4
312794,4
524818,4
298501,8
511712,8
113354,8
177857,8
250732,8
256371,1
298502,8
10703,1
324336,1
526621,8
386963,4
370015,1
525805,8
10704,1
95584,1
10707,1
10707,8
139125,8
138523,8
136589,1
46775,8
136588,8
140324,1
140778,1
140778,4
136587,1
85793,1
10709,8
121926,8
284039,8
528896,8
23721,8
140643,1
140643,4
125968,8
10711,4
10711,1
99150,4
99150,8
159708,8
10713,8
178465,8
154682,8
177638,8
269173,8
176152,8
154680,8
256387,8
106171,8
140651,8
357410,8
517500,4
517500,8
10721,1
72553,1
250539,1
117431,1
150356,1
41024,1
50247,1
107265,1
61904,1
65432,1
177861,1
269174,1
75578,1
254532,8
45238,1
45238,8
233360,1
233360,8
137324,8
10725,1
517539,8
524306,8
524290,8
138295,1
138520,1
130968,8
269164,1
385470,4
227598,8
75881,1
147826,4
150078,1
62148,8
119226,8
256348,1
256348,8
46874,8
49007,8
533199,8
154360,8
74812,1
60020,1
254017,8
254017,4
69738,1
73097,4
517497,1
517497,8
58160,1
62941,1
83444,4
86596,8
86596,1
51161,1
46057,1
49220,1
49220,8
254019,4
140668,4
79688,1
79688,8
105101,1
143317,1
143317,8
96509,8
59844,8
178466,8
117187,1
10727,1
117188,1
373995,1
373996,1
373997,1
21297,1
80901,1
209770,4
209770,1
226123,1
226123,4
313395,1
313395,4
64079,1
313426,1
332647,1
10734,1
177828,4
177828,1
77123,1
86740,1
187255,1
313399,1
10735,1
308671,1
44137,1
218431,1
218431,4
314114,1
198449,1
232633,1
331472,1
337632,1
376026,1
313425,1
24680,1
131472,1
57192,1
98703,1
113528,1
113528,4
92614,1
177829,1
77124,1
77125,1
71336,1
224197,1
224198,1
138380,4
169622,4
84178,8
158301,1
368040,8
388121,4
377067,8
85932,8
238787,4
379825,4
311148,1
375604,8
328341,8
49607,8
108631,8
237270,8
124623,8
231522,4
91065,7
211743,8
116626,4
388122,8
50623,8
65368,8
171023,1
224203,4
224203,8
197956,4
306356,4
306356,8
67684,1
237193,8
124642,4
224205,8
237279,8
220430,8
194748,8
300966,8
255965,8
379035,7
238791,7
206732,8
367689,8
105128,4
360266,8
67469,8
147506,8
319063,8
228334,8
215094,8
332235,8
158962,1
191741,8
51494,8
25845,7
190901,4
206733,8
307644,8
84629,7
56963,1
146751,8
269082,8
388204,1
75668,8
104053,7
308657,4
177846,1
146750,8
63411,4
254827,8
254827,4
78516,7
104171,8
104274,8
54278,8
88597,8
156001,4
518338,4
518338,8
376077,8
315460,8
516383,4
516383,8
299501,8
379036,7
69783,4
169623,8
231523,4
387710,1
136977,8
306359,4
363817,4
363817,8
57764,8
301530,8
85931,8
276524,8
276524,4
224212,8
331508,8
84903,8
331521,8
361168,8
346362,8
346362,1
139148,8
43575,4
43575,8
346363,1
505728,4
505728,8
86648,1
520661,4
520661,8
55555,1
169769,1
81479,4
87271,8
87271,1
333092,1
333092,8
338208,1
48760,8
297718,4
505266,8
233673,8
63088,8
55360,8
524646,4
524646,8
51774,8
122463,8
102558,8
51701,8
67221,1
362105,8
304110,8
304104,8
336058,8
151674,8
295558,8
247680,8
150445,8
70592,8
374793,8
69103,1
179447,4
179447,8
178311,4
178311,8
133956,8
57972,8
116263,4
116263,8
101768,4
101768,8
113648,8
140266,1
76597,4
76597,8
180038,4
180038,8
132541,8
520683,4
520683,8
43989,1
83214,4
66558,8
105308,4
105308,8
79219,1
70773,8
304105,1
304105,8
346372,8
132331,8
346376,4
346376,8
267574,8
85191,8
68404,4
68404,8
328625,8
48411,8
346377,4
346377,8
59515,1
103839,8
59516,8
102514,8
45628,8
342982,8
57778,8
86832,8
46442,8
224219,8
69639,8
77745,8
105310,8
105047,8
142366,4
142366,8
132747,8
87347,1
70630,1
142369,4
142369,8
134057,4
134057,8
105048,8
130109,8
87382,8
113253,8
190734,8
87384,1
87384,8
113254,4
113254,8
84977,8
132370,1
132370,8
346382,8
137030,7
71073,8
271018,8
515118,4
515118,8
103253,4
103253,8
63303,1
63303,8
133977,8
132372,8
122465,4
122465,8
133997,8
45855,4
247669,8
134000,1
134000,8
524647,4
524647,8
73746,1
42465,1
116268,4
116268,8
150134,4
150134,8
50396,8
66641,8
178318,8
520646,4
520646,8
524650,4
524650,8
102075,8
524651,4
524651,8
87386,8
199488,8
71075,8
103492,8
177227,8
63304,1
45527,8
57083,4
122469,8
42895,4
42895,8
122470,8
103254,8
47730,4
47730,8
54997,1
43766,8
193272,8
255286,8
82248,1
113259,8
42466,1
76972,8
346397,4
346397,8
158684,8
85591,1
113260,4
113260,8
165428,1
102032,8
43797,1
49926,8
342402,8
42833,1
42833,8
263863,4
263863,8
84995,8
65522,1
77979,1
77979,8
338777,1
338777,8
338782,1
338782,8
194603,1
194603,8
53448,8
59421,8
49288,8
121580,8
83029,1
83029,8
60041,1
224221,1
142373,4
158698,4
158698,8
72343,8
104762,8
102217,8
55993,8
103416,8
211018,8
60992,8
346399,8
102750,8
218525,8
338735,8
69435,1
171224,1
142375,8
211020,8
347464,1
347464,8
203173,8
372830,8
138490,1
522155,4
522155,8
236177,8
73926,8
346415,1
317142,8
83621,8
377903,8
164107,4
49048,8
132562,8
211021,8
136976,8
46760,8
87551,8
165429,1
116112,8
279760,1
101805,8
346418,1
346419,1
139178,8
113272,8
224225,8
78627,8
113273,8
72705,8
49064,1
194602,1
194602,8
211742,1
132777,8
132778,8
44425,8
346431,1
346432,8
346356,8
324609,8
72956,8
78702,8
211024,8
190741,8
46367,8
210613,8
61216,8
361172,8
74613,8
140877,8
71369,8
87072,8
343358,1
343358,8
64318,8
110282,1
113277,8
343124,1
343124,8
71799,8
113667,8
240417,4
240417,8
324608,8
518486,4
518486,8
114668,8
83375,8
378998,1
56027,1
341746,1
226467,8
369763,8
248572,4
248572,8
524558,8
306021,8
67912,8
369757,4
369757,8
320187,8
10770,8
10774,8
86917,8
151503,8
159705,4
159705,8
202470,4
202470,8
10779,8
49939,4
49939,8
218236,4
218236,8
379040,8
329139,8
10786,8
10787,8
183982,8
103579,8
10789,4
151502,8
62389,8
363816,4
329142,8
139213,8
227644,8
78835,8
210458,8
88603,4
50195,1
111619,8
10792,4
128044,8
45652,4
45652,8
81881,1
254021,8
56983,7
71793,8
78647,1
80946,8
135402,8
84784,8
10781,7
515249,8
63260,8
77664,8
77665,7
515248,8
91630,8
331057,8
45895,8
55898,7
136642,7
25804,8
65624,8
118461,8
241672,8
205183,8
337962,8
141792,2
111547,1
62784,1
86426,4
86426,1
337000,1
337000,8
231986,1
361672,1
361672,8
232659,1
232659,8
79489,1
79489,8
70548,1
70548,8
257520,1
329955,1
299746,1
137099,1
382787,1
368719,1
152225,8
64677,1
64748,1
11105,1
512568,1
174727,1
234642,1
11110,6
211211,2
11166,2
522958,2
522958,11
247867,2
247867,11
156662,2
156662,11
528885,2
528885,11
528856,2
528856,11
520520,2
520520,11
90394,2
11192,2
523020,2
523020,11
523052,2
523052,11
25104,2
25104,11
388863,2
388863,11
388862,2
388862,11
386880,2
386880,11
388865,2
388865,11
46790,7
49780,1
184050,10
304336,12
56394,10
65866,10
63391,12
20942,4
20942,10
184111,10
11237,10
118191,4
118191,10
88996,4
88996,10
24320,1
24320,8
78182,1
78182,8
11295,10
370597,4
11304,1
11304,4
68115,1
224289,1
113815,1
51020,1
11311,1
75605,1
74329,1
52498,1
64899,1
64900,1
59207,1
44913,1
219622,1
221234,1
224290,1
11316,1
241851,1
307376,1
11327,1
317525,1
317662,1
368550,1
241673,1
247419,1
202129,1
318062,1
322841,4
326289,1
344248,1
350962,1
317661,1
318330,1
320173,4
198891,1
336530,1
121295,1
112579,4
256988,1
248132,3
119921,4
331593,1
537237,1
159988,1
54429,1
255940,1
83437,1
57250,1
98456,1
202473,1
193555,1
273478,1
61895,1
22130,1
329446,1
219133,1
155868,4
155868,8
273547,4
273547,8
524441,4
524441,8
11750,8
329524,1
209772,4
136552,4
11760,1
11771,4
47791,1
53096,1
59488,8
73419,1
11779,4
49656,1
516779,4
516783,1
119765,1
89265,1
168374,4
523069,4
11871,4
333072,1
332448,4
535558,1
11880,4
11881,1
11883,4
11886,1
141243,1
154751,1
523059,4
534868,4
11908,4
524287,4
141235,4
329526,1
11980,8
11982,1
11983,1
314916,1
58298,1
11985,1
11988,1
62357,1
84456,1
234921,1
94432,1
116640,1
224406,1
47145,1
63956,4
91896,1
41474,1
98291,1
82816,1
49232,1
11994,1
11995,1
11996,1
89015,1
82815,1
378112,8
329527,8
329528,8
78365,1
522065,1
522065,8
522063,1
522063,8
522061,1
522061,8
12119,1
48369,1
186966,1
138124,1
92573,1
104798,4
182410,4
116685,4
70890,4
369993,4
219135,1
106203,1
12217,8
39100,1
521260,1
521260,4
329544,4
329544,8
12342,4
12342,8
239764,4
240067,4
240066,4
238341,4
84088,1
12545,10
120477,10
120478,10
41475,1
41475,10
120481,10
21291,1
43413,1
174726,1
386591,7
386591,11
515350,7
12627,8
75199,1
91771,1
329557,1
79251,1
224509,1
55593,1
224513,1
12659,1
12631,1
28098,1
12668,1
12670,1
94765,1
386882,4
386882,3
126599,3
500040,4
500040,3
386883,4
386883,3
12672,1
389093,2
304371,2
12684,1
200018,3
151076,1
334862,10
91178,3
94527,3
211312,3
224529,3
12791,3
25404,3
12797,3
12799,3
12800,3
100518,3
45056,1
45056,4
329784,1
12804,1
329786,1
98113,1
78651,8
533985,1
132239,1
87677,1
103988,1
12811,1
353403,1
351503,1
369395,1
329798,1
12813,1
297180,1
99292,1
272851,1
91374,1
377215,1
375001,1
278325,1
269025,1
505069,1
349927,1
94829,1
210906,1
47146,1
334836,1
369394,1
320144,1
257506,1
253774,1
253774,4
323355,1
50944,1
331600,1
20904,3
20904,10
64843,4
64843,8
60193,3
60193,10
48955,3
48955,10
115982,3
115982,10
79229,3
79229,10
332100,3
332100,10
20915,3
20915,10
153988,3
153988,10
99875,10
66614,10
90634,7
67970,7
131258,4
140956,1
108681,1
90592,1
348240,4
116034,4
319969,1
47324,1
314738,4
108670,1
363128,1
217791,1
367148,4
224537,1
59793,1
142049,1
329993,4
329994,1
85797,1
103766,1
90319,1
136403,1
42634,1
66446,4
96049,1
84378,1
174707,1
70734,1
95172,1
12994,1
224545,1
196453,1
124101,1
142867,1
96210,1
224546,1
12995,1
12995,8
175400,1
128954,1
12996,1
99424,1
78587,1
23708,1
13000,1
41805,1
90119,1
162461,1
165971,1
81515,1
331610,1
64958,1
81516,1
93623,1
96221,1
117190,1
82424,1
191109,1
76144,1
68304,1
89974,1
252862,1
49550,1
92004,1
13004,1
275489,1
52300,1
66346,1
66346,4
68237,1
31923,1
31923,4
95484,1
77818,1
224547,1
96510,1
53120,1
68477,1
93632,1
93632,8
87748,1
25151,1
55310,1
55310,4
320616,1
107249,1
105437,1
13019,2
142650,4
142650,8
184006,1
147799,1
353020,1
43808,8
375549,1
375549,6
72388,4
55340,1
13072,4
83200,1
66166,8
13076,1
75432,4
62395,4
220549,4
326314,1
103474,1
80710,1
227712,1
227712,4
326315,1
298437,1
326316,1
326316,12
207307,1
253666,1
385696,1
78795,1
344281,1
61003,1
385700,1
79939,1
226143,1
109209,1
98403,8
49154,8
43957,1
238719,1
515495,1
142736,1
76778,1
48800,1
168050,1
57022,1
46617,1
66912,1
66912,8
71624,1
71624,8
334841,1
334841,8
238722,4
63382,1
361088,1
224567,4
253669,1
327552,8
97278,4
97278,8
150796,1
19718,1
202348,1
271627,1
167713,1
167713,3
98343,1
54124,1
102364,1
202346,1
202346,3
270177,1
270178,1
13186,1
13186,3
13187,1
13188,1
13191,1
13191,4
94908,1
140567,4
140567,8
218432,1
218471,1
140573,1
140575,1
13195,1
122327,4
13202,1
77208,1
272769,1
134268,1
220210,1
13201,1
75059,4
246352,1
45314,1
124409,1
235505,1
51277,1
68494,1
241419,1
367797,1
75374,1
46330,1
53823,4
153941,1
77301,1
71308,1
71308,4
59953,1
84756,1
221604,1
140577,1
140577,3
13205,1
61258,1
92045,1
134267,1
134267,3
251120,1
44434,12
13234,12
516937,1
48343,1
82050,1
94126,1
82066,1
82066,8
113758,1
113759,1
170977,1
305825,1
205684,4
192758,1
192758,8
152072,1
152072,8
74252,1
170978,1
170978,8
254047,1
254047,8
224574,1
249136,1
249136,4
335100,4
13355,1
13355,7
184316,1
184316,8
13357,1
13360,1
179764,1
179764,8
74841,1
74841,8
167187,1
167187,8
251287,4
297742,4
254049,1
254049,8
54702,4
224578,7
58147,7
167190,1
127460,1
283859,1
13499,1
331864,4
94236,4
53018,4
58464,4
13534,1
385280,1
237715,1
237714,1
187949,1
173333,1
241856,1
254544,1
77355,1
43183,1
206313,1
13927,1
256641,1
334843,1
334845,1
302082,1
53972,1
23349,1
84127,8
372592,8
205676,1
324399,1
103637,1
328363,1
172406,1
96370,7
57783,4
323236,1
25767,1
162439,1
361598,8
322913,1
86801,8
90697,4
25768,4
301907,8
94450,8
322909,8
168801,1
64496,8
226508,1
245376,1
171109,1
377032,4
25786,4
25786,8
334001,1
334001,4
76220,8
99409,1
66852,8
237299,1
95899,1
44879,1
58875,8
60277,8
89980,8
92498,8
332693,1
64401,8
93588,4
89234,4
67715,8
105618,4
105618,8
64223,8
309116,8
258153,4
66900,8
77727,4
62797,8
369409,4
328390,1
86753,8
151372,1
160700,1
160700,10
13949,8
336267,1
336267,8
51279,1
51279,8
334930,4
62523,1
131851,4
60608,1
111294,1
160703,1
160703,8
160703,10
323239,8
246431,1
299171,1
299171,8
63464,1
63464,8
163408,1
163408,8
50948,1
50948,8
163407,1
163407,8
281065,1
385266,1
70917,1
70917,7
85972,1
13964,8
218949,8
62524,8
196454,8
129066,8
21482,4
318137,1
13972,1
111742,1
200787,1
70925,1
179814,1
58396,1
109282,8
87048,1
87048,8
57371,1
534230,1
534203,7
534460,7
534893,1
42827,1
94561,1
198466,1
103122,4
151445,1
57808,1
331787,1
67538,1
14006,8
25783,1
55101,1
275153,1
84190,1
83032,1
107592,1
325249,1
57938,8
334059,1
117483,1
331780,1
378445,7
69180,1
85052,7
378446,7
49864,7
323021,1
76571,1
156648,8
269018,8
331788,4
331773,4
331773,8
224732,8
332156,1
332156,4
333425,1
333425,4
208575,8
87684,8
14031,8
151402,8
66260,8
61819,8
151360,1
14034,8
331728,4
331728,8
256254,8
14026,8
331725,8
331735,4
331727,4
331727,8
331719,8
331720,8
323023,4
323023,8
331732,8
75793,1
84314,1
132288,8
64642,1
132844,8
75304,1
47608,1
48331,1
211793,1
246427,8
331772,4
311376,1
13971,1
96005,1
237913,8
237916,1
237918,8
237919,1
323036,1
66396,8
14040,4
14040,8
104687,4
104687,8
25784,4
25784,8
94841,1
331781,1
337010,1
94024,1
96579,1
120506,1
44404,7
82253,1
90730,1
57291,7
88612,1
118821,8
160724,4
85695,1
334858,1
343725,1
80679,4
46035,4
63239,4
24753,1
14077,4
24129,1
325012,4
335103,4
45283,4
267570,1
133756,1
81174,1
81174,10
21375,1
87389,1
87389,10
524138,1
14189,1
150406,1
143144,1
150323,1
67011,1
14195,1
97931,1
120958,1
120960,1
165982,1
42617,1
66901,1
320087,1
70048,1
286940,1
224755,1
54331,1
80987,1
79022,1
23529,1
324391,1
73598,1
14212,1
63757,1
88609,8
44314,8
57099,1
57099,4
57099,8
58489,4
58489,8
84654,1
84654,4
84654,8
75640,1
44925,1
44925,4
44925,8
64799,8
229846,8
61467,1
61467,8
48288,1
48288,4
48288,8
51013,1
51013,4
51013,8
42936,1
42936,4
42936,8
71483,1
132021,4
132021,8
60629,1
54649,1
75242,1
75242,4
75242,8
50486,1
50486,4
50486,8
65237,1
43209,1
43209,4
43209,8
50151,1
50151,4
50151,8
84152,1
132072,8
57280,8
360399,4
360399,8
74331,8
247681,8
230984,8
344466,8
171636,1
375612,8
63354,8
75488,8
171244,1
60148,1
60148,4
60148,8
71154,1
71154,4
71154,8
57162,4
57162,8
79866,8
85419,8
49097,8
332294,8
307115,8
226319,8
216808,1
80716,1
305581,8
378083,8
144029,8
151505,8
151499,8
194750,4
194750,8
56864,8
58610,8
117484,8
162354,1
160790,8
151515,8
133910,8
111333,4
111333,8
105397,4
46287,8
98749,8
121125,8
121125,1
306893,8
137520,8
14277,8
14277,1
163223,1
14404,4
341696,1
198049,1
334509,1
14452,1
14452,10
317670,1
208183,1
14464,1
62762,1
198469,1
254422,1
69406,1
522921,7
522921,11
106229,7
98435,1
66272,1
66140,1
14867,1
110258,1
99391,1
60795,4
60795,1
83331,1
110237,1
79394,1
138502,1
100606,1
80964,1
96299,1
25848,1
46558,1
131071,1
254051,1
45981,1
97773,1
65544,1
72937,1
153053,1
103753,1
82917,1
95610,1
47213,1
108256,1
81877,1
91911,1
58683,1
101773,1
56997,1
99304,1
99304,4
92754,1
94156,1
52081,1
33954,1
91155,1
42425,1
138865,1
71930,1
94238,1
91138,1
92442,1
90124,1
89485,1
142468,1
68686,1
43270,1
99083,1
72549,1
54182,1
287188,1
84323,1
66928,1
119810,1
382158,1
374758,1
224926,1
50014,1
153928,1
43146,1
100030,1
92031,1
153898,1
101347,1
61579,1
45274,1
57172,1
91149,1
46116,1
90371,1
90371,4
89571,1
75618,1
43475,1
316228,1
97409,1
135531,1
135531,8
45284,1
254755,1
80033,1
328395,1
67121,1
350667,1
350669,1
275722,1
315774,1
68134,1
91309,1
326215,1
75580,1
180265,1
95754,1
90438,1
83103,1
273262,1
94646,1
96351,1
55108,1
94499,1
94499,8
49213,1
107667,1
81213,1
85950,1
81388,8
81388,4
524603,1
70485,1
203462,1
44697,1
131076,1
91867,1
62829,1
78016,1
94335,1
94335,8
51936,1
84998,1
77496,1
86684,1
55738,1
55738,4
184399,1
184399,8
87525,1
87525,8
70686,1
70686,8
166369,1
52790,1
99978,1
33992,1
159795,1
72227,1
290741,1
82529,1
174093,1
49006,1
74405,1
174072,1
98975,1
71068,1
86935,1
84526,1
62472,1
346032,1
65526,1
88990,1
75473,1
116978,1
104767,1
75826,1
75790,1
107156,1
323585,1
82790,1
70102,1
48268,1
92835,1
119847,1
68867,1
74182,1
48220,1
94400,1
94400,8
170511,1
48221,1
93402,1
85687,1
15457,1
254758,1
537147,1
243609,1
89798,1
56678,1
254263,1
63199,1
92109,1
95040,1
524556,1
97694,1
43977,1
217720,1
48563,1
280189,1
95430,1
220639,1
93076,1
96601,1
138911,1
54806,1
177049,1
81616,1
90216,1
230985,1
62089,1
86447,1
105155,1
97012,1
63019,1
117694,1
48480,1
151344,1
95173,1
95173,4
98613,1
110524,1
90113,1
379184,1
45216,1
174076,1
62305,1
89606,8
92458,1
323584,1
14806,1
98855,1
49957,1
93899,1
86872,1
91191,1
55723,1
92448,1
94145,1
45696,1
119890,1
374498,1
524841,1
44451,1
65136,1
524602,1
56224,1
89303,1
70604,1
97129,1
90649,1
228003,1
51444,1
299556,1
97976,1
152863,1
60905,1
82301,1
174055,1
151989,1
94809,1
119809,1
321290,1
119811,1
151939,1
90652,1
22056,1
71239,1
119838,1
94103,1
85810,1
153410,1
95575,1
81919,1
97947,1
51868,1
91933,1
20732,1
99716,1
90271,1
97863,1
95798,1
119846,1
83650,1
71109,1
71109,8
99673,1
130402,1
119651,1
119651,4
48113,1
78468,1
78053,1
49648,1
119891,1
119892,1
106987,1
70198,1
343777,1
92675,1
328396,1
234511,1
93781,1
73412,1
94310,1
196879,1
90223,1
323598,1
323598,8
321402,1
97919,1
315775,1
90188,1
89755,1
96304,1
368385,1
90398,1
306900,1
322335,1
14885,1
331920,1
84438,1
97516,1
14924,1
14927,1
132802,1
14944,8
14944,1
199000,1
100418,1
14990,1
363153,1
15001,1
100435,1
322371,1
322372,1
171329,1
322373,8
181917,1
351455,1
265708,1
15134,1
100683,1
138889,1
234969,1
95180,8
15193,1
15203,8
89956,1
80229,1
76662,1
89482,8
100715,1
15249,1
15263,1
56149,1
81175,1
20921,1
107007,1
15295,1
15298,1
95018,1
524681,1
15330,1
331817,1
331817,8
53637,1
53637,8
15348,1
151779,1
15357,1
15368,1
15368,4
96623,1
15369,1
368384,1
180614,1
180614,4
81454,1
324892,1
329365,1
162491,4
162491,8
15432,4
15432,8
15437,1
95917,1
95917,8
15439,1
90882,1
118282,1
239382,1
15445,1
15455,1
329275,1
324924,1
201939,1
15467,1
100798,1
23688,1
108893,1
15523,1
191257,1
100819,1
15533,1
100610,1
96628,8
15549,1
15557,1
15562,1
21493,1
89788,1
93426,1
94894,1
15576,1
90404,1
15654,1
55023,1
15669,1
15670,1
156024,1
15683,1
125281,1
15685,1
15699,1
233022,1
46803,1
41335,1
15775,1
85585,1
126734,1
15792,1
15799,1
251888,1
241550,1
170662,1
212333,1
15401,1
93380,8
211045,1
15805,1
94373,1
523500,1
15199,1
138863,1
225007,1
130386,1
130386,8
322632,1
152798,1
152798,8
81455,10
42731,10
42731,8
160892,1
160892,8
44778,4
44778,8
19610,4
19610,8
15838,8
20902,10
211111,10
211111,4
211111,8
105810,10
105810,8
104389,10
104389,8
237275,10
251727,10
263253,10
211112,10
211112,4
211112,8
15839,10
15839,8
226553,10
226553,4
226553,8
15840,8
15870,1
52123,1
152525,1
227604,8
227604,4
227604,10
115920,8
115920,4
115920,10
91229,10
500134,10
220718,1
53307,8
53307,4
53307,10
84791,8
84791,4
84791,10
192880,1
192882,8
192882,4
192882,10
99172,1
163411,8
163411,4
163411,10
45937,8
45937,4
45937,10
227316,8
227316,4
227316,10
251121,1
117962,8
117962,4
117962,10
88640,8
88640,4
88640,10
255971,8
255971,4
255971,10
63283,8
63283,4
63283,10
66658,1
16014,2
304644,2
329175,2
51425,2
16177,1
525295,1
94401,1
16178,1
16180,1
137018,1
42257,1
355211,1
22605,1
204023,1
74998,7
99454,1
225327,4
225327,1
225327,3
81411,1
53577,1
324230,8
73413,8
48301,1
171114,1
151003,1
178074,7
330687,7
324256,7
148267,1
148267,3
148267,4
148267,10
148267,8
16236,1
374036,1
96687,1
98433,1
226240,1
239633,1
134884,1
95487,1
16247,1
16252,1
69569,1
48840,1
87665,1
66597,1
191351,1
16257,1
45196,8
16258,1
16259,1
239635,1
16264,1
73043,1
221178,1
221178,3
221178,4
221178,10
221178,8
16267,1
330685,1
99720,8
148273,4
225338,4
225338,1
225338,3
129948,4
129948,1
129948,3
324196,1
50030,8
49803,1
95836,1
95836,4
97778,7
78399,1
148278,1
72648,1
72648,6
244596,1
16289,1
16290,8
49117,8
324241,7
324237,1
61047,4
61047,1
61047,3
155942,1
155942,3
155942,4
155942,10
155942,8
40653,1
81798,7
351041,1
16391,1
50844,1
72162,1
328016,1
196308,1
225360,1
113986,1
49337,1
352905,1
135880,1
368089,1
50846,1
120270,1
333374,1
139890,1
86834,1
324184,1
304560,1
63760,1
95845,1
370002,1
370003,1
277982,1
344123,1
93624,10
277983,1
170066,1
16795,1
58935,1
51882,1
325460,2
382343,2
367555,2
367556,2
16815,2
279504,2
508275,2
504245,2
315261,2
155330,2
110847,2
98672,2
16816,2
354661,2
104928,2
67854,2
67854,11
379157,1
379157,8
83033,1
77357,1
76096,8
76096,7
335187,1
335187,4
17376,1
153900,1
178286,1
300058,1
149972,1
43752,1
351644,1
252271,1
327126,1
60945,1
247898,1
76359,1
93427,1
164816,1
209455,1
54402,1
369516,1
265786,1
341913,1
92892,1
130312,1
324604,1
364300,1
296809,1
94155,1
94665,1
100243,1
296810,1
327259,1
369446,1
344301,1
336584,1
171041,1
252877,1
94994,1
17408,1
87490,1
17411,1
322887,1
120175,1
85295,1
17400,1
130503,1
70283,1
124397,1
125089,1
233234,1
17504,1
53347,8
53347,1
330022,1
220720,1
332389,1
271387,8
271387,1
17510,1
131465,1
17512,1
330021,1
20500,1
17516,10
323357,10
78925,10
334900,4
334900,8
171400,4
171400,8
272679,4
272679,8
152802,1
152802,4
61717,1
25811,1
252161,1
369615,4
60024,1
111503,4
111503,1
210934,1
99266,4
99266,1
48634,4
48634,8
150218,1
132494,1
118425,1
118425,8
212612,8
518737,4
518737,8
24215,1
171403,8
17538,4
17538,1
332263,1
229661,1
46923,1
87400,4
89018,4
195874,4
256262,4
256262,1
209817,1
90645,1
93183,1
69955,8
324057,1
171466,4
171465,4
171410,1
238578,1
369448,1
380648,1
238573,4
238573,8
17545,8
109626,1
17546,1
125204,1
89255,1
171469,1
238526,1
238526,8
53789,8
17558,1
238575,1
88678,1
43259,1
25884,1
238571,1
88675,1
176886,1
176886,8
241783,4
164163,1
93324,1
97026,1
256265,4
256265,8
17562,1
121065,1
62378,1
332073,1
95316,1
324041,1
324041,4
113710,1
17568,1
24222,1
24222,8
21695,4
21695,8
17572,1
17576,1
17576,8
103470,1
114658,1
24217,4
24217,1
17587,4
17587,1
184438,1
332062,1
17590,4
17590,8
17591,10
238631,1
244507,1
17594,4
17594,1
17596,8
239780,1
271694,4
271694,1
332360,1
24218,4
24218,1
212613,1
212613,4
24219,4
17608,1
334902,8
25365,4
225640,1
103934,4
103934,8
97559,1
97559,4
86756,1
93388,1
322241,1
86922,10
323960,10
325812,1
22834,10
48082,1
57438,1
176024,1
43495,1
112321,1
76395,1
17724,1
149372,1
226158,1
258568,1
85941,8
175276,8
141112,1
17752,1
524885,1
226160,1
17753,1
17754,1
17784,2
141791,2
63460,1
17792,4
137297,1
197945,1
21550,1
153654,8
152895,1
22241,3
306832,3
82161,3
17807,3
115143,3
112539,3
136264,8
112838,4
353066,7
382902,7
198062,4
350972,7
315995,1
17863,1
323215,4
323215,8
328104,1
378522,8
17873,1
90622,1
90622,10
328084,1
328084,10
291677,1
73030,1
51263,1
374325,1
351253,1
271699,1
113702,1
113705,1
113705,3
65545,1
65545,8
253340,1
309553,1
357865,1
343779,1
343780,1
329056,1
329056,3
62925,1
197776,1
72424,1
72424,3
119028,1
202850,1
89543,1
91384,1
69044,1
51366,1
70202,1
165064,4
165064,1
17925,1
264468,1
254059,1
119022,1
119023,1
17927,1
272629,4
272629,1
184117,4
184117,1
279360,4
279360,1
323729,1
17930,1
17930,3
99011,1
99011,3
358919,1
358919,3
46264,1
323701,1
58779,1
58779,3
45481,1
304379,1
304379,3
99884,1
99884,3
323720,1
326260,1
326260,3
95595,1
192893,1
96089,1
118435,1
373956,1
255320,1
255320,8
118437,1
118437,3
89771,1
89771,3
47942,1
47942,3
99353,1
93497,1
99842,1
92027,1
179565,1
357417,1
90062,1
60621,1
60621,3
95108,1
225689,1
93233,1
138510,1
334940,1
334940,3
56003,1
118443,8
85422,1
21292,1
95080,1
95080,3
97984,1
97984,3
322914,1
67828,1
152892,1
50436,1
344304,1
344304,8
161482,8
323106,1
161481,1
56738,8
323108,1
256191,1
61673,7
61673,8
329041,1
47174,1
47175,1
105035,1
58409,1
43217,7
43217,8
19293,4
19293,8
322006,4
322007,4
81157,4
271705,1
72516,1
99023,4
109716,4
111785,4
140424,6
91406,6
72228,1
72228,8
125090,4
18005,1
144184,4
331757,1
117279,4
518671,1
58398,1
24115,1
161506,4
18046,1
344118,1
323472,1
323472,4
300604,8
106272,3
121249,3
25230,4
18106,1
331893,4
374009,1
331891,4
181625,1
68725,1
241059,4
331762,1
225704,1
83755,1
220110,1
320226,4
91497,1
75683,1
53371,1
18154,4
44836,1
220111,8
346406,1
20376,8
98005,1
161917,4
161917,8
357130,4
357130,8
357131,8
154892,8
138610,2
281830,1
524425,1
515385,1
83023,4
323508,1
161623,1
323507,1
271456,4
271458,4
271497,4
271500,4
271502,4
271519,4
271513,4
271489,4
331927,1
331927,7
331927,8
80973,1
80973,7
80973,8
45399,1
54156,1
308703,1
18575,1
85508,1
66359,1
99745,1
323249,4
113709,4
118840,7
131918,8
53124,4
345488,8
193085,4
51663,4
231112,8
231112,1
295272,1
295272,8
231114,1
231113,1
216493,1
287114,1
258501,1
216491,1
231119,1
286824,1
360695,1
275111,1
216497,1
18645,1
18645,8
251901,8
251901,1
72481,8
72481,1
231118,1
324666,1
82189,1
82189,8
109409,1
131841,1
160233,1
292621,1
131842,1
110296,1
83229,1
64215,1
292622,1
115588,1
115588,4
267047,1
292937,1
74672,1
107850,1
239712,1
511134,1
18670,1
18672,1
216496,1
41533,1
15186,1
15186,8
18683,8
42144,1
323272,1
49208,8
18694,8
161755,8
18699,1
18701,1
18701,10
18704,1
18707,1
30707,8
86731,8
332209,1
332209,8
18720,1
18720,8
18734,8
323277,1
96895,1
180779,1
225815,1
225816,1
300334,1
315807,1
89221,1
332213,1
219267,1
170085,1
500104,1
41446,1
18886,1
89716,1
18889,1
18890,1
218441,1
20901,1
18892,1
100355,1
100355,8
100354,1
100354,8
74890,4
18899,1
89643,4
95380,4
166039,1
18904,1
41461,1
22606,1
100999,1
121204,1
18912,1
63049,1
321531,1
250366,1
18915,1
41469,1
506613,1
89609,1
171197,1
166284,1
41473,1
500275,1
344121,1
115921,1
194433,1
346015,1
18919,4
60569,1
89417,1
89418,1
45677,1
41482,1
89969,1
93368,1
18922,1
213852,1
232561,1
213842,1
254552,1
213844,1
353385,1
233357,1
92212,1
225818,1
213845,1
76852,1
213846,1
213847,8
213847,1
69137,1
98611,1
41485,1
249279,1
286937,1
225820,1
211237,1
222317,1
60590,1
49764,8
49764,1
326866,1
274974,1
270525,1
96350,1
96350,8
90326,1
252011,1
59110,1
347328,1
258919,1
41490,1
325261,1
94896,1
76853,1
73825,1
324524,1
170457,1
324170,1
237273,1
358667,1
347327,1
329960,1
18923,1
18925,1
18926,1
18929,1
18936,1
166041,1
91000,1
91000,4
70552,1
60701,1
41496,1
67829,1
67829,8
79525,1
18950,1
96126,1
98856,1
349888,1
91825,1
92200,1
302763,1
339539,1
75085,1
94339,1
117136,1
41500,1
90551,1
152841,1
60958,1
380578,1
41504,1
41504,8
153171,1
18952,1
18956,1
92788,1
96182,1
99308,1
91214,1
91671,1
99144,1
91378,1
89766,1
89767,1
332404,1
108045,1
332405,1
343419,1
19027,2
19030,2
75957,4
91668,1
124102,1
97890,1
93517,1
225840,1
61915,1
86744,1
82848,1
65568,1
83486,1
331119,1
370009,1
368050,1
338107,1
124103,1
343379,1
77235,1
19088,1
374007,1
19091,8
75532,1
91392,1
19093,1
54864,1
128254,1
19098,1
19098,8
329016,1
106281,1
19103,1
258471,2
155312,2
112134,2
127191,2
127190,2
127187,2
155314,2
230012,2
104722,2
155302,2
21014,2
319835,2
134611,2
211784,2
237663,2
140091,2
140092,2
145008,2
132191,2
363931,2
329617,2
19123,2
75759,2
134773,2
166434,2
329634,2
50931,2
316889,2
201432,2
56228,2
226514,2
115591,2
118843,2
155308,2
165857,2
227654,2
316968,2
103434,2
318348,2
363930,2
66833,2
118845,2
72353,2
104543,2
155350,2
99665,2
134613,2
99666,2
336601,2
45069,2
317679,2
82824,2
50969,2
117508,2
80113,2
155377,2
155336,2
117511,2
59365,2
329637,2
259625,2
231105,2
80404,2
117488,2
370288,2
356884,2
117509,2
127188,2
364624,2
356885,2
138197,2
372711,2
155307,2
63064,2
375466,2
94290,2
116216,2
142507,2
375472,2
175584,2
19125,2
375471,2
267551,2
267552,2
134616,2
88984,2
329855,2
60670,2
329853,2
45254,2
19126,2
117514,2
65887,2
319840,2
332168,2
114148,2
66931,2
243187,2
155303,2
134619,2
134621,2
155435,2
43419,2
75147,2
84032,2
139262,2
375474,2
375061,2
356886,2
155313,2
356834,2
43943,2
249281,2
115592,2
43944,2
329851,2
103019,2
102735,2
155376,2
127189,2
81934,2
102077,2
363933,2
102076,2
258472,2
117513,2
118564,2
155310,2
76878,2
82068,2
356835,2
363932,2
356882,2
375221,2
356880,2
19138,1
43364,3
245484,12
19160,12
19161,3
44108,3
231104,3
47865,1
125870,3
19164,3
44109,1
168496,3
213735,3
114316,1
89304,3
65726,1
114317,1
68112,1
19168,1
42710,1
114318,1
65193,1
305406,1
274607,1
19171,1
115542,4
258347,12
329114,1
329109,1
372802,1
329938,1
80955,1
19196,1
121583,1
121583,8
88697,1
88697,8
299757,4
55294,8
179828,1
168329,1
149361,8
279263,8
170974,8
50912,1
84105,1
52900,1
108633,1
212907,1
85089,1
20708,4
93907,4
273107,4
223146,4
93908,4
57673,4
75852,4
5048,4
66934,4
63566,4
71105,4
93844,1
190606,4
283686,4
283690,4
301544,4
283728,4
283737,4
522256,4
283743,4
283747,4
301545,4
283756,1
51972,1
67002,1
115567,1
264520,1
70895,1
84175,1
79636,1
333040,1
283672,1
321517,4
44038,1
305582,8
372367,1
507783,1
372376,1
372388,1
372391,1
372369,1
372380,1
529196,1
372374,1
504552,1
240995,1
77221,1
90187,1
136650,1
290601,1
176861,1
135269,1
382901,1
329794,1
329794,4
17805,1
17805,4
264452,4
121753,4
26590,4
26589,4
237950,12
47920,4
118665,4
304175,3
261200,3
755,6
764,6
175894,3
307881,4
175130,3
388427,4
186091,3
186092,3
524575,3
186106,4
26463,3
804,3
186120,3
808,3
98234,3
809,3
26469,3
120600,3
61274,3
26470,3
186126,3
98130,3
821,3
186148,3
186149,3
827,3
186172,3
186173,3
186178,3
119088,3
186206,3
186207,3
88483,3
26480,3
842,3
186218,3
186220,3
186230,3
186231,3
186232,3
186233,3
855,3
186244,3
859,3
87737,3
186252,3
336204,4
153402,4
193131,3
186272,3
878,3
186285,3
186583,1
186610,1
332216,12
186645,1
1102,4
264151,4
25351,6
89205,6
1147,6
99889,6
188292,6
102910,12
294262,3
98988,1
98988,3
294261,3
49988,3
53629,6
259786,12
389068,4
328966,3
26807,3
188787,3
90004,1
1410,3
90306,3
208997,3
49599,1
98394,3
189126,12
328664,3
298338,3
27106,12
130624,3
1732,3
324823,1
203713,12
94326,6
152849,6
203902,3
24712,4
204594,3
143554,4
204972,4
2403,4
121630,12
205005,12
205006,4
21619,1
28029,4
153615,4
81550,12
88077,12
298574,12
2475,12
70025,6
90646,1
368351,6
269119,6
2973,6
97255,3
130018,3
97067,6
209590,1
141396,6
3739,12
3740,12
100347,12
3747,12
152857,12
3751,6
50207,4
3902,6
211172,2
238044,2
203554,2
124460,4
95401,4
95401,3
380619,4
380619,3
310124,4
310124,3
237688,4
237688,3
202876,4
202876,3
93121,4
93121,3
89869,4
4190,4
90654,3
30264,3
91267,3
228075,4
98098,4
92111,4
213586,12
45922,4
287057,12
286581,12
4222,12
92234,4
97550,4
119210,4
119210,3
213618,12
4182,4
4202,4
214063,3
214069,1
176641,1
214076,1
214090,3
214094,1
176644,3
158043,3
214103,1
214108,1
214109,1
158042,1
214114,1
214119,3
214120,1
214123,1
176645,3
214128,1
214174,1
214026,3
214187,3
214188,3
214048,3
214411,12
30687,3
4454,3
163834,3
505252,3
95011,3
169577,3
87716,1
324820,3
324820,4
30891,1
317520,3
317520,4
215276,3
50480,1
95338,12
258538,12
223116,12
97953,12
258543,12
29594,12
328419,12
318104,12
249892,12
301597,12
43300,12
223118,12
258533,12
286210,12
27640,12
256794,12
116329,12
318111,12
258527,12
94628,12
256768,12
63325,12
334666,12
29668,12
257246,12
318118,12
43429,12
29669,12
256607,12
202898,12
258245,12
258522,12
318122,12
29673,12
318125,12
223121,12
274512,12
306458,12
72687,12
93513,12
29561,12
29563,12
4836,12
4837,12
256587,12
258899,12
61262,4
74990,12
29567,12
4840,12
258512,12
63594,12
95729,12
96095,12
89911,12
4853,12
29574,12
4866,12
92743,12
4868,12
91409,12
198380,12
4873,12
4874,12
96122,12
97143,12
90327,12
30308,12
91856,12
89252,12
211059,12
375747,12
89486,12
367878,12
91967,12
96836,12
98567,12
211061,12
374886,12
29584,12
97661,12
30316,12
95921,12
93896,12
97124,12
24145,12
4882,12
27323,12
97385,12
4888,12
92449,12
256624,12
4890,12
4893,12
86629,12
72437,12
101140,12
98141,12
29598,12
93049,12
279425,12
29601,12
4898,12
98245,12
20145,12
93439,12
4904,12
91656,12
134606,12
4906,12
29610,12
4907,12
254329,12
227008,12
124201,12
4908,12
4909,3
140999,12
306367,12
29612,12
101150,12
4912,4
4914,12
97901,12
359753,12
29614,12
97107,12
29648,12
4924,12
119541,12
25058,12
29619,4
4929,3
238822,12
112639,12
44406,12
50897,3
56987,4
64917,12
4937,12
86630,12
71772,12
98261,12
240831,12
343936,12
92088,12
112637,12
98142,12
216809,12
4941,12
96894,12
29638,12
90426,12
91349,12
98303,12
95056,12
4948,12
4947,12
383083,12
30438,12
29643,12
49090,12
25699,12
258064,12
97770,12
90502,12
46963,12
258065,12
92214,12
99342,12
77013,12
63256,12
4953,12
29659,12
63740,12
51027,12
91200,12
82391,12
89554,12
83216,12
92662,12
87595,12
94239,12
81975,12
120476,12
90989,12
223138,12
4958,12
50985,12
97108,12
29664,12
318107,12
318054,12
318117,12
318120,12
367882,12
86557,12
82389,12
94031,12
120464,12
316915,3
180575,12
5131,12
5132,12
5134,12
5133,1
5135,12
110272,12
375869,12
30968,12
238827,3
30969,12
114033,12
115561,12
5138,12
94140,3
98751,12
117889,12
80405,3
30970,12
5143,12
114450,12
74644,12
22532,3
23564,1
5148,12
98634,12
5152,12
5153,12
5155,12
106107,12
5157,12
317582,1
307191,4
112182,4
5215,4
95116,1
387880,4
21556,1
136752,1
30995,1
106295,1
5230,1
129404,1
61264,6
83826,3
176623,1
5696,6
70070,6
104980,3
31558,1
5731,1
26714,1
5785,4
20438,1
5786,10
31802,4
209645,4
341538,3
124093,3
171317,3
149255,3
5896,3
118284,3
382330,3
106115,3
290716,1
290694,1
6284,1
209593,1
372072,3
261201,12
206244,3
261199,3
218572,3
168294,1
41736,4
6540,4
134143,1
134142,1
132792,1
85946,3
26715,4
168888,4
32116,3
6733,3
77709,6
99997,6
205139,6
239532,12
94422,3
102830,3
316754,3
239495,1
54246,3
103724,12
306347,3
309317,3
98409,1
102073,3
89327,3
137126,3
254513,3
57078,12
104600,3
223416,3
309336,4
6806,3
6810,12
309283,12
237069,3
95032,3
6813,3
6814,3
103364,3
45892,3
251588,3
89810,3
62259,3
99186,3
99187,3
6822,3
6822,1
6823,12
283872,3
101231,3
223419,3
6835,3
32586,3
117301,3
273438,3
115681,3
6834,3
375884,3
6839,3
6838,3
131495,3
242617,11
242617,8
103353,6
69507,3
176659,6
45880,12
521262,1
500562,3
337255,1
368486,3
337258,3
368487,3
83787,3
368509,3
500623,3
368511,3
337289,1
337296,1
337472,3
368514,3
97800,3
141421,3
378561,3
378561,4
308064,3
308064,4
378562,3
378562,4
382523,3
382523,4
223496,1
389086,3
389086,4
382304,3
382304,4
382527,3
382527,4
335547,3
335547,4
389085,3
389085,4
7333,1
90495,1
91511,1
7351,3
7351,4
282110,3
282110,4
97596,4
7361,4
308065,3
308065,4
526394,3
526394,4
51547,3
51547,4
517290,3
517290,4
30464,4
7403,4
180021,3
94847,3
119868,3
7411,4
7422,4
90097,3
250231,3
250231,4
351454,3
351454,4
360342,3
360342,4
131928,3
359762,3
359762,4
378564,4
378564,3
7427,4
33007,4
7437,3
7437,4
382303,3
382303,4
7439,3
7439,4
24174,4
7443,4
7444,4
7444,3
66953,11
245761,3
7536,12
536796,3
273599,12
7538,12
372243,3
96904,3
94362,12
172930,3
30445,3
517729,3
535598,3
52007,3
517533,3
81782,3
187121,3
367954,3
536540,3
536011,3
536091,3
517674,3
324929,3
126690,3
235790,3
110622,3
360564,3
170657,3
283062,12
117702,3
172928,12
117703,3
170658,3
536118,3
518083,3
517264,3
517333,3
367481,3
517433,3
367482,3
517443,3
367483,3
517455,3
367484,3
517336,3
517335,3
517356,3
517426,3
30368,3
521535,3
521779,3
126692,3
517648,3
324262,3
324263,3
208044,3
208045,3
126670,3
306377,3
517735,3
517435,3
272373,3
300595,3
517354,3
517342,3
89203,12
517454,3
536563,3
506929,3
315583,3
517632,3
216758,3
48068,12
90746,3
536620,3
83348,3
119794,12
131249,3
517690,3
48669,12
170660,3
7551,12
90689,12
119795,3
360345,3
91257,12
358789,3
536227,3
30386,12
517406,3
60331,3
529936,3
517697,3
522216,3
519266,3
194575,3
273601,12
152265,12
24750,3
7556,12
359565,3
367886,3
536079,3
208726,12
369749,3
169897,12
194344,3
372254,12
316318,3
517628,3
306380,3
350678,3
276494,3
375176,3
272309,3
375178,3
372309,3
126685,3
521427,3
278944,3
245028,3
521369,3
255458,3
272371,3
521732,3
182243,3
113949,3
184428,3
7558,3
285413,3
7561,1
155597,3
97292,3
100596,12
21509,1
7563,12
21171,1
208012,1
93881,12
143893,12
30374,12
30406,3
22533,3
73712,3
52464,3
208030,1
7568,12
194337,12
7570,12
521457,3
96672,3
533786,3
64582,3
223614,12
145708,12
7574,12
223616,12
93442,3
173115,12
257512,3
533564,3
101346,12
207970,3
197933,3
90921,12
57607,3
7578,3
91296,3
126653,3
519578,3
119785,3
170365,3
138037,1
216760,3
194555,3
276479,3
198412,12
30470,12
124107,3
98410,3
179702,12
287082,12
113950,1
302042,3
114164,12
194564,12
536338,3
525430,3
187428,1
140195,6
260743,3
131785,6
7639,3
166384,6
7822,3
7848,6
43088,6
178010,6
90888,6
103674,6
180966,11
169833,11
182516,11
110074,11
33488,6
166508,11
133563,4
319932,4
60133,4
127395,4
187383,4
68471,4
369063,4
65335,4
171765,4
89544,4
92954,4
80878,1
347355,4
90474,4
365358,4
325086,4
211413,4
133729,4
26242,4
7997,4
93456,4
60033,4
89297,4
8008,4
182096,4
33554,4
370780,4
33561,4
248800,3
297093,8
332437,3
8146,3
97057,12
57500,12
8163,12
33658,1
33659,1
8193,1
8194,1
8195,1
136858,12
8281,6
8284,6
120568,6
8286,6
103603,6
504809,6
504102,6
96282,6
195335,3
226869,3
169114,3
87988,3
90111,1
195395,3
504259,3
504635,3
503896,3
503640,3
8645,1
8645,3
98636,1
98636,3
95839,3
97896,1
97896,3
20128,1
20128,3
117303,1
117303,3
270324,6
63393,4
76495,4
50739,4
57208,3
298659,3
268557,3
253899,3
175162,12
223886,12
8882,12
25518,12
170811,12
117710,12
170812,12
8887,12
53654,1
8890,3
8891,3
89598,3
60381,4
85566,12
153490,4
318559,4
226621,4
257880,4
262274,4
62630,12
318558,12
226623,4
86812,12
52593,12
318561,4
349497,4
276219,4
235500,4
54698,12
318569,4
69096,12
389053,4
389055,4
389056,4
226625,4
82514,4
115682,12
318556,4
66096,1
179289,3
200055,3
91798,12
9182,4
94582,12
240814,3
9183,12
96528,12
133429,12
526144,3
335555,4
306634,4
94298,12
326525,4
92008,4
91368,12
351618,4
326526,3
150507,4
59378,4
367379,3
92316,12
93391,4
164888,3
94962,4
85998,4
90427,12
67722,12
376738,3
170971,3
141600,4
526034,3
80611,4
360901,3
351604,4
100076,4
135395,12
93514,4
335575,4
351620,4
56564,12
55767,3
344619,4
351621,3
75665,4
344958,4
91965,3
67694,4
54630,3
9213,3
9218,4
9229,6
9235,4
9266,12
361569,12
150041,4
20386,12
76501,4
89653,12
168297,12
9297,3
168300,3
9314,12
171758,4
21176,12
9341,12
9342,4
221633,4
26716,12
23314,4
9343,4
9345,4
9346,12
20389,4
9347,4
23313,4
9349,3
44458,3
9406,3
78750,3
25692,4
69794,4
510672,4
32980,3
32980,4
231068,1
339588,1
242247,3
208324,3
242245,1
94249,1
45114,1
86706,12
168476,12
54917,12
62217,3
339587,3
56772,3
75472,1
86707,1
327528,12
339578,12
284133,12
242185,1
171904,4
40468,3
33982,1
339580,3
40467,1
231088,12
107869,1
72787,12
75902,12
328957,3
328969,3
75801,3
328967,3
9924,8
218589,3
353775,8
362479,8
362478,8
132852,3
24491,3
10003,1
119801,1
10006,12
10012,12
362024,12
10035,12
10054,12
10346,4
10357,3
20002,3
131615,9
131615,3
10363,3
150650,3
20001,3
271553,3
10368,1
10370,1
150628,3
10373,3
10375,1
10389,12
107355,1
106168,1
106169,1
106173,3
10919,1
259850,12
303793,4
303790,4
11205,4
80042,1
11206,1
224278,12
58272,12
524113,1
524113,3
529141,1
529141,3
529138,1
529138,3
269604,1
269604,3
529426,1
515252,1
515252,3
524116,1
524116,3
515253,1
515253,3
343394,1
270844,1
529255,1
529255,3
251103,1
251103,3
529153,1
255405,1
524125,1
524125,3
11247,12
351483,1
351483,3
238859,1
238859,3
375853,1
375853,3
351484,1
351484,3
351485,1
351485,3
351487,1
351487,3
505403,1
505403,3
256298,1
256298,3
42745,1
258026,1
337648,1
131700,1
218206,1
11252,3
195343,4
194799,1
255403,1
255403,3
11253,12
326527,1
162681,12
58446,3
30943,12
11259,12
11262,1
162575,12
11268,12
170676,1
243522,12
11271,3
196695,12
22536,12
30955,12
224287,12
168890,12
80189,1
96914,12
311996,12
92568,3
281018,12
55011,3
292079,3
292079,4
355960,3
109673,3
65280,3
55396,3
288572,3
93930,12
61508,3
235703,12
370244,3
344523,3
344523,4
269262,12
90231,3
68672,12
96318,3
120931,3
280380,3
46581,3
136603,3
114745,12
120928,3
95558,12
82141,3
89431,12
167001,3
96737,3
224306,3
83688,3
96484,3
96484,12
71707,3
257543,3
71708,3
47423,3
389020,3
94689,3
375324,3
97788,3
108646,12
90112,12
43541,3
112865,3
359790,12
89401,12
120938,3
281410,12
82666,3
60230,1
92062,3
46048,3
46048,4
45323,12
112121,3
294183,3
346927,3
51516,12
177303,12
221231,4
220752,12
76712,3
183629,3
89835,3
344527,3
341691,3
310107,12
75670,12
96192,3
109851,3
79999,3
315103,12
304163,12
68906,12
52833,3
93336,3
124202,3
315233,3
76761,3
28787,12
110953,3
90317,3
367990,3
167036,3
121718,3
162669,3
120986,3
11346,3
114478,12
11349,3
11349,12
11348,12
233991,12
74848,12
71856,3
189324,3
11353,12
11352,3
132760,12
112634,12
24048,3
205896,3
224338,12
11362,3
224340,12
224341,3
224342,3
224343,3
224344,3
11363,3
280092,3
523685,12
286199,3
224351,12
224353,3
224354,3
11373,3
264590,3
72498,3
284653,3
11380,3
74758,3
48820,3
11385,12
259159,12
259160,12
11388,12
11394,12
71874,3
71874,12
100488,3
89019,3
190359,3
11404,1
129351,3
224368,3
224369,12
110352,3
11409,12
106419,3
11413,3
11417,12
347349,12
284053,4
299448,4
106619,4
332557,4
69024,4
106727,4
207950,4
106967,4
211722,4
253902,12
106841,4
284200,4
224379,3
154641,12
192275,4
271037,4
61894,4
520802,4
191247,4
11514,12
96738,4
339034,4
384401,4
196546,4
298770,4
284060,4
128492,4
280918,4
332558,4
297924,12
325603,4
378184,4
359886,4
115212,4
387442,4
218675,4
98076,4
102584,4
238873,4
255058,12
297289,4
284069,4
269693,4
98077,3
378183,4
284073,4
171900,12
332583,4
270549,4
144907,4
297290,4
284078,4
250814,12
269607,12
238874,12
283052,4
144906,4
255225,4
338993,4
387443,4
61331,4
317892,12
315347,12
387441,4
96245,12
339005,4
201574,4
332592,4
344649,4
11518,4
151112,4
269783,4
284092,4
182282,4
77220,4
321378,4
77060,4
126556,4
324978,4
41645,4
387438,4
290755,4
226533,4
65445,4
78447,4
224394,4
224395,4
286854,4
11841,4
105595,4
264458,4
235051,4
525054,12
115215,1
244740,12
11942,1
11944,12
127939,3
93265,3
222353,6
89096,3
127625,3
111911,6
332076,6
86414,3
86414,6
82724,6
326009,1
326009,4
12224,12
109345,12
328936,12
101844,12
55677,12
12229,12
12230,12
109386,12
72810,12
45366,12
83998,12
23054,12
65964,12
12311,12
12327,3
12328,3
60241,11
68074,12
12878,3
64844,3
79550,3
19788,3
13038,6
171810,3
183849,3
13046,3
106217,3
131621,6
306963,6
306963,12
45904,6
13409,8
293749,12
177777,12
59078,12
13550,3
13568,3
168596,3
239874,3
99198,3
53477,3
243524,3
103043,3
298256,3
521956,3
95897,3
42498,3
248568,3
231115,3
13676,3
61177,3
117815,3
370983,1
371695,3
73080,1
75288,3
51009,3
64067,3
71481,3
52519,3
344797,3
72398,3
111993,3
90153,3
102829,3
83349,3
68538,3
149263,3
104296,3
101872,3
102160,3
84957,3
84408,3
169039,3
306106,3
112979,3
76405,3
168093,3
53262,3
86797,3
319958,3
282212,3
87058,3
87004,3
170712,3
196043,3
241282,3
237224,3
268855,3
62643,3
519885,3
359471,3
181153,3
345449,3
70651,3
87266,3
179075,3
110128,3
76406,3
80214,3
517835,3
136216,3
82999,3
272944,3
288142,3
179079,3
125881,3
136877,3
313915,3
174365,3
82342,3
144827,3
174373,3
250953,3
284169,3
284171,3
297821,3
307747,3
44307,3
521358,3
521296,3
57709,3
78135,3
521472,3
136074,3
179149,3
282225,3
313988,3
268863,3
345462,3
268864,3
284182,3
250320,3
517252,3
224669,3
521672,3
49762,3
66196,3
517661,3
71595,3
44774,3
169054,3
111457,3
112995,3
300197,3
67312,3
112982,3
250321,3
196044,3
268869,3
48824,3
196989,3
174398,3
112983,3
84090,3
113015,3
57654,3
174403,3
517684,3
113018,3
308908,3
268880,3
180861,3
226293,3
250324,3
72604,3
82218,3
73795,3
43320,3
242048,3
72142,3
284219,3
134721,3
350024,3
237940,3
125884,3
118183,3
178948,3
115584,3
174427,3
118186,3
79984,3
110991,3
521601,3
180542,3
209522,3
211576,3
250963,3
250964,3
99675,3
144845,3
326387,3
43058,3
521162,3
44023,3
127846,3
308912,3
76978,3
227338,3
76837,3
227668,3
73453,3
298164,3
306120,3
74369,3
113001,3
286376,3
268874,3
237232,3
174473,3
42478,3
69179,3
179199,3
74175,3
193916,3
136078,3
59547,3
299521,3
211579,3
237234,3
57170,3
113025,3
300202,3
211729,3
180862,3
136080,3
69272,3
178949,3
521456,3
114483,3
251924,3
179216,3
74484,3
298168,3
60080,3
83157,3
113026,3
179221,3
113004,3
250331,3
298170,3
66918,3
81660,3
250971,3
117350,3
510952,3
268813,3
69003,3
350810,3
108858,3
126747,3
359228,3
180863,3
65777,3
86403,3
322031,3
231161,3
13753,3
13760,3
131275,3
224687,3
13774,3
240862,3
169268,3
79447,3
99240,3
51891,3
101487,3
72009,3
171756,3
86817,3
345284,3
325874,3
521689,3
65508,3
119043,3
272960,3
133875,3
231139,3
303281,3
94816,3
231136,3
13892,3
44924,3
318591,3
335285,3
13901,3
92034,3
76492,3
69477,3
182487,3
118094,3
53711,3
46536,3
99818,3
99582,3
76349,3
90436,3
84631,3
72025,3
224654,3
285478,3
65456,3
368623,3
359802,3
82916,3
86720,3
93544,3
13882,3
377785,6
375858,12
522869,12
14073,12
367918,3
198658,3
294264,3
14183,3
224752,12
14190,12
92745,12
14327,3
14348,12
89446,1
49203,3
138651,1
74005,1
254367,3
30518,3
218382,1
106222,1
119928,3
119934,1
269091,3
84397,3
48018,3
181621,1
197167,3
71357,3
381635,1
108563,3
349919,1
367679,1
142527,1
197171,3
220850,3
173296,1
112837,3
334171,3
72889,3
97047,3
90761,3
306517,3
271658,3
241858,3
15809,3
225030,3
15810,3
182313,1
269211,3
85586,3
153840,3
196707,3
84372,3
269214,3
15812,3
52122,1
269149,3
98169,3
72029,3
87918,3
15829,3
313684,1
179635,1
69751,1
180558,1
313685,1
84024,6
60432,6
41751,4
285275,4
94837,1
91884,3
91884,4
91884,6
179269,6
225391,6
99479,6
225393,6
45298,6
104323,6
225397,6
61415,6
225415,3
94638,3
98968,3
76502,6
75251,6
212210,1
183201,6
81389,6
153759,6
225448,6
90070,6
82140,6
225457,6
89421,6
112661,6
57772,6
87227,6
225472,6
47963,6
112706,6
74531,6
225477,3
41588,3
98871,3
16623,3
72376,6
51695,6
225507,6
16555,6
16558,3
47214,3
225511,3
227015,3
16604,6
152926,3
225522,3
64323,3
225539,6
225540,6
225486,6
225499,6
99194,6
102488,6
226860,12
27853,3
57426,12
22542,1
16834,12
16835,12
93625,12
162948,12
16838,3
99934,12
26085,12
277407,3
16839,1
370266,12
165116,12
16845,1
54795,1
16850,1
370277,12
370267,12
25956,1
104828,3
45771,3
210517,3
51818,3
16863,1
238884,12
368261,12
16867,1
16868,3
98765,3
31383,12
89243,12
359809,12
261198,12
16873,12
90067,4
16918,6
67893,6
51223,6
69729,6
16936,11
16936,6
87463,6
45299,6
52408,6
16962,6
272256,11
51565,6
85548,6
66449,6
529381,6
529380,6
344843,6
17085,6
528871,6
93735,6
64966,3
180034,3
17388,4
17389,4
41795,4
175321,4
17459,3
17705,1
17764,3
238885,3
17789,3
375651,3
17788,3
273487,3
532641,6
533267,6
161395,6
176673,6
112582,3
112583,3
522554,3
268592,3
382653,3
522904,3
514483,3
242554,12
372064,12
242555,12
105804,12
99000,12
105005,12
94374,12
18036,12
141063,12
93864,4
272213,4
522890,12
522889,12
18405,3
65436,12
65533,4
26720,12
226862,12
124484,4
18431,12
227021,12
117498,12
101878,12
43638,12
297999,12
18432,12
42001,4
96450,3
244152,3
80519,3
100980,3
92262,3
239119,3
106303,3
95550,3
23315,3
18555,3
254213,4
182437,3
182437,4
119511,1
19213,12
19215,12
269143,12
42843,1
165922,1
20457,12
244211,4
19217,4
93194,4
225033,3
350937,1
139740,3
79,6
120645,6
139869,6
387197,6
227799,6
222446,6
94981,6
143603,1
143611,1
120173,1
127545,1
76636,1
57963,1
134692,1
57964,1
142882,3
185495,3
462,3
185797,6
185797,11
42233,6
42233,11
21702,6
21702,11
536656,6
536137,6
535518,6
536310,6
69456,3
176633,3
26570,6
90025,6
55512,12
1170,6
1176,6
139137,6
1183,6
100755,6
155548,6
508044,6
508083,6
155553,6
1193,6
1197,6
124457,6
1200,6
80768,6
94888,3
108867,3
118305,3
222530,3
1256,3
1257,3
315305,3
64227,3
234639,3
188351,1
1271,1
127876,1
344948,1
201413,1
188533,6
188534,6
1321,6
120430,6
188536,6
188535,6
91072,6
188544,6
114230,6
27537,6
188550,6
188552,6
26754,6
218303,11
60636,11
303275,11
112688,6
102607,6
87133,6
81330,6
74828,6
48762,6
105670,6
270889,6
27019,6
318593,6
285981,6
1676,11
1680,6
339600,6
362637,6
63705,11
287535,6
275202,6
361654,6
275203,6
275204,6
529241,6
317591,6
334459,6
383613,6
334460,6
152522,6
61757,6
272988,6
92379,6
63774,6
262203,6
228958,6
79067,6
79305,11
241898,6
521492,6
521763,6
521696,6
92795,6
155119,6
334696,6
521087,6
116653,6
84647,6
61547,11
228423,6
46419,6
90914,6
76622,6
141834,6
154905,6
153128,6
316735,6
386750,6
386747,6
284955,6
317119,6
334712,6
317626,6
317118,6
367695,6
334713,6
284954,6
287983,6
521951,6
139850,6
370857,6
520880,6
385311,6
385312,6
521239,6
521115,6
375942,6
171120,6
57887,11
1909,6
502346,6
359285,6
100927,6
222685,11
306882,6
173141,12
374191,6
299480,6
299481,6
374193,6
255726,6
179039,6
1921,6
41650,6
1923,12
222689,6
347493,6
310368,6
1994,3
2502,3
2502,8
400721,8
400743,8
62105,6
62105,9
69538,6
69538,9
318968,6
318968,9
96456,1
98356,1
95060,1
89139,1
192909,1
368907,1
92059,6
44170,1
72913,1
364878,1
500319,1
93478,1
90497,1
94785,6
45252,6
99238,1
2749,1
97109,1
47569,1
30018,1
98517,1
93083,6
93083,8
41914,11
95429,11
114098,3
2891,3
78484,3
97387,1
222897,8
182475,8
206762,3
2905,6
56662,3
2914,6
48346,3
206641,6
228043,3
334466,6
138624,6
72806,3
82689,6
86384,6
102307,3
206788,6
206792,6
28670,6
2925,6
48915,6
96804,6
89061,6
260919,6
85424,6
93725,6
222908,6
99146,3
2964,6
335693,8
136848,8
153256,8
95198,8
300192,8
99779,3
2965,6
345421,6
96254,3
115317,6
2967,3
283825,6
321343,3
43045,6
206707,3
58648,6
62931,6
68088,3
3315,6
94884,6
157585,3
157586,3
3831,8
3836,8
86146,3
44100,3
125475,6
91504,6
4691,6
371803,11
4718,3
382328,11
89703,11
39110,6
140829,6
56367,6
30961,6
5103,6
87495,11
169895,3
79852,3
5142,12
194077,6
293543,12
102421,3
236661,6
90036,6
127874,6
127955,3
5149,3
5156,3
30985,6
30985,11
57492,11
59149,6
59149,11
84011,4
117062,4
315815,6
339250,6
181222,6
327587,6
285767,6
285768,6
346054,6
324830,6
383873,6
181223,6
345422,6
334692,6
317593,6
239040,6
346111,6
306104,6
347713,6
356021,6
347715,6
336856,6
364710,6
350953,6
357474,6
344177,6
345596,6
318023,6
317447,6
279814,6
22314,6
202360,6
121934,1
121934,3
203493,6
256345,6
103749,6
85659,6
87828,6
274989,6
126262,6
137784,1
89472,6
63796,6
82091,6
297660,6
162600,1
46504,3
46504,6
64715,6
80944,6
168068,1
230845,1
294497,6
43065,6
95972,6
92506,6
56836,1
288643,6
290496,6
198931,1
273604,6
288912,1
110304,6
288642,6
5713,3
5713,6
60763,3
63896,6
5728,6
58061,6
94868,6
78825,6
130044,6
91589,12
5893,6
131605,6
131606,6
6045,12
117280,6
6062,3
6063,3
90815,3
301551,6
73524,3
94770,12
31940,12
174722,12
174723,12
104032,1
6225,1
6226,3
284418,3
6237,3
346720,6
31998,6
31998,12
31999,6
86272,11
118664,11
59171,3
89647,6
89647,11
128926,1
240558,3
92566,3
98652,6
32542,11
50628,11
120470,11
115320,11
79272,11
42777,11
382734,11
81968,11
368332,11
7073,11
521238,3
521442,3
521574,3
521609,3
521189,3
521564,3
337268,6
90698,6
302260,6
302259,6
249059,6
90098,3
44782,3
30418,3
139815,3
307968,3
194343,3
30439,3
137716,3
7620,3
176660,3
192134,6
192134,11
88583,6
88583,11
33445,6
33445,11
201589,6
201589,11
243150,6
243150,11
243151,6
243152,6
243152,11
111942,11
201590,6
201590,11
88746,6
88746,11
56094,6
56094,11
7753,6
201592,6
201592,11
197092,6
197092,11
255116,6
255116,11
201591,6
201591,11
271987,6
271987,11
109499,6
47366,6
195367,6
152789,12
152789,11
46871,11
314705,6
314705,11
357512,6
357512,11
286068,6
73054,6
73054,11
150430,6
150430,11
46738,6
81870,6
81870,11
7807,12
7807,11
68933,6
7830,11
64980,6
64980,11
45685,11
45685,6
284644,6
284644,11
114470,11
237098,6
237098,11
182780,6
182780,11
177416,6
177418,6
92806,11
94933,11
100033,11
33526,6
502222,3
50284,6
33452,6
64331,6
223671,6
7871,6
309409,6
33489,11
241466,3
61367,3
41772,6
231952,6
318594,6
8166,6
72095,6
33645,6
33645,3
33645,11
8173,6
45497,6
45497,3
45497,11
351062,6
351062,3
344492,6
344492,3
94383,6
94383,3
293481,6
8278,9
327523,9
168709,8
168709,11
170222,8
170222,11
178353,8
178353,11
282197,8
282197,11
345106,1
8462,8
75511,8
8463,1
373026,8
96043,1
311353,1
518106,12
518106,6
293184,12
293184,6
293179,12
293179,6
195598,3
91696,3
201546,3
8649,3
278444,3
326219,3
237391,3
272339,3
334583,3
525442,3
252326,3
270295,3
222214,3
127167,3
222218,3
208888,3
251402,3
64134,3
251406,3
313794,3
180740,3
159286,3
156645,3
143295,6
143295,9
143295,5
239153,6
239153,9
239153,5
118025,6
118025,9
118025,5
149100,6
149100,9
149100,5
8960,6
8960,9
8960,5
356895,11
357111,6
357111,11
357063,6
356896,8
534071,8
141321,8
377833,1
356955,1
378218,1
377842,1
525995,6
57325,6
105192,6
9024,6
179288,3
228578,3
9181,3
99819,3
227009,3
280648,3
248557,3
273951,6
125376,6
44003,6
9492,6
109084,6
56552,6
76226,6
66569,6
64747,6
142171,6
122486,6
54271,6
115948,6
286928,6
206601,6
138742,6
122048,6
404489,3
30467,11
86169,11
63331,6
63331,11
80993,6
80993,11
45688,11
74036,6
140114,6
134909,6
351647,6
351648,6
351649,6
351650,6
327529,3
121237,6
507801,6
195288,6
10918,6
525436,6
525372,6
11074,11
11077,11
61681,11
59331,11
159833,11
76327,6
224260,8
135251,8
49979,8
49399,6
70498,6
48450,3
381494,3
90151,1
11915,1
11979,6
160181,6
91490,6
113825,3
160292,11
71487,6
74744,6
94257,6
120167,6
41979,6
171231,3
171231,6
61055,1
113927,12
113927,6
65005,6
12573,6
253133,6
253134,6
219513,1
219367,6
240258,6
12583,6
209158,6
209158,8
512566,6
505093,11
505091,6
505090,6
505092,6
235847,6
235857,6
12710,6
85221,6
76865,6
90892,6
290682,6
290682,11
235887,1
235887,6
83046,6
83046,11
93603,6
53385,6
224521,6
228463,6
91821,1
91821,6
128939,6
62122,6
62122,11
41701,6
90660,6
51538,6
376155,6
85075,6
97889,6
13024,4
291780,4
59463,6
59463,11
13547,8
13547,6
288333,3
368104,3
13561,3
76913,8
76913,6
13566,3
23256,3
305561,3
13621,12
53001,12
305566,3
288334,3
305568,3
53424,3
374628,1
58123,1
58003,3
73748,3
13666,3
61397,3
97804,3
95321,3
63154,6
74095,3
44715,3
81738,3
87963,3
90583,3
533353,3
531255,3
532734,3
152023,3
533195,3
526476,6
127951,3
111913,3
21338,6
13790,3
95871,3
535697,3
75169,3
13817,3
131934,1
224709,3
13906,3
147712,3
214773,1
13844,3
13847,3
28164,6
99987,6
14323,3
49485,3
270150,6
66573,6
84000,6
100603,6
100604,6
14387,6
14391,6
165446,6
44128,6
52929,6
115769,3
108995,3
263717,6
16109,6
64488,6
85024,6
78129,6
383169,6
370997,6
70509,6
300171,12
16203,6
16214,6
500220,6
500220,11
16253,6
16287,6
16287,11
243192,3
243192,11
91557,3
91557,11
16440,6
21222,3
234635,3
99388,6
21360,6
16460,6
163967,6
41775,6
16488,6
240260,6
191306,6
191311,6
95925,3
45509,6
225382,6
64857,6
521686,6
25162,6
94664,6
195374,1
325234,6
133317,6
512057,6
87250,6
83563,6
97585,6
74283,6
103783,6
128942,6
128942,8
225431,6
117000,6
99616,3
56259,6
280335,6
195379,6
40379,3
63842,3
368277,6
89829,1
344814,6
375971,6
375972,6
225459,6
56377,6
91079,6
86763,6
55918,6
97334,6
157039,6
62897,6
375970,6
225479,3
225484,3
108758,6
302044,6
16554,6
16556,6
16565,6
246150,6
246151,6
16574,6
246148,6
116214,6
328884,1
155536,6
16644,6
225533,6
98569,3
195391,3
16727,3
16730,6
225485,6
180269,6
66280,6
68758,6
104164,3
370261,1
370261,4
16887,3
195824,3
75529,6
75529,8
75529,3
306877,6
45911,6
350043,6
225576,6
256713,6
87307,6
16920,6
83286,6
66085,6
78384,6
16925,6
82836,6
524877,6
526453,6
526638,12
524921,6
524921,12
376025,6
60435,6
70039,6
256679,6
257242,6
256680,6
69337,6
16931,6
87660,6
42609,6
301918,6
82159,6
16933,6
78649,11
45242,6
45242,11
46180,8
47991,8
47991,11
325581,6
324879,3
114382,6
16951,6
308211,6
306881,6
61418,8
16957,6
16958,6
16959,6
317173,6
47528,6
95964,6
84785,6
16964,3
46932,6
64282,3
16965,6
16965,11
43953,11
289512,11
195290,11
350044,6
350045,6
301988,6
97277,6
171931,6
256693,6
109427,11
524690,6
85630,6
16974,6
47291,6
105757,6
16979,8
353550,6
77793,6
511823,6
350047,6
16986,6
528727,6
336821,6
80785,6
64652,6
75901,6
369573,6
115655,6
16996,8
51475,1
16997,1
16998,6
75476,6
524693,6
91168,6
85814,6
524694,6
526465,6
17001,6
79656,6
256715,6
79568,6
101770,6
89136,6
93223,6
307939,6
67435,6
74284,6
46031,6
117391,6
17010,6
168079,6
58466,6
45750,6
211143,6
95790,6
58719,6
168522,6
326334,6
87306,6
44194,6
44194,12
54962,8
66137,6
74498,6
232439,6
103264,6
52619,6
90261,6
57435,6
44822,6
48751,6
44196,6
89542,6
178848,6
122077,6
46166,6
359017,6
220544,6
211509,6
62904,6
60437,6
77944,6
342861,6
374058,6
46615,6
68170,6
81293,6
208907,6
64530,6
68416,6
72180,6
334387,6
386397,6
66448,6
72181,6
73647,3
82277,6
81874,6
45920,6
54851,6
83223,6
59744,6
374072,6
283626,6
374073,6
80905,6
386390,6
59257,6
45006,6
56590,6
49612,6
382393,6
44735,6
152106,6
170598,6
382395,6
254378,6
71122,6
71605,6
76830,6
47173,6
116074,6
74801,6
76948,6
229596,6
342889,6
80814,6
84675,6
373886,6
61631,6
219688,6
53115,6
374084,6
116077,6
56986,6
63983,6
48769,6
196108,6
64233,6
42937,6
83667,6
314067,6
334407,6
56379,3
44280,6
45266,6
170613,6
76831,6
314070,6
526379,6
152114,6
42368,6
194811,6
253314,6
254380,6
182819,6
376509,6
152116,6
314077,6
62199,6
522610,6
522040,6
384035,6
382845,6
384037,6
384038,6
384039,6
384040,6
384042,6
515375,6
382847,6
384045,6
384046,6
520492,6
373440,6
519075,6
47611,6
211957,6
126239,6
70513,6
505385,6
519702,6
373441,6
518465,6
136453,6
64996,6
44689,6
131464,6
70992,6
73484,6
156343,6
92145,6
57506,6
80904,6
92367,6
83724,6
17141,6
52100,6
74455,6
70090,6
87690,6
17289,6
17314,6
86362,6
360259,6
100956,6
86486,6
112142,6
234612,6
17345,12
17345,6
293180,12
293180,6
85303,6
47503,6
102549,6
249132,6
318960,11
377622,12
377794,6
17912,3
245460,3
166604,3
23297,11
18065,6
18087,6
522883,1
42639,8
42639,11
530211,8
530211,11
120553,8
120553,11
373500,8
373500,11
104546,8
104546,11
114378,8
114378,11
80478,8
80478,11
101927,8
101927,11
304458,8
304458,11
18331,6
18500,3
18534,3
284544,3
290414,6
147748,6
231111,6
45995,6
251812,6
181738,6
272606,6
85450,6
506104,8
506104,11
18855,6
117502,6
102434,6
181622,6
54910,6
94459,6
293635,6
65863,6
216553,6
506359,3
299891,6
299891,11
67270,1
67270,3
63148,1
63148,3
215144,6
82731,6
42429,6
18983,3
194829,1
194829,3
57565,6
19001,6
91862,6
240247,6
117319,6
54755,6
19006,6
19012,6
101004,6
63609,1
19015,1
520177,6
19022,6
46360,6
46360,12
61856,6
29228,1
29228,4
168881,3
139739,3
357439,3
169367,3
138131,3
296590,1
387205,6
387206,6
52704,4
185029,4
338095,3
338096,3
327246,3
376732,3
110357,1
184278,3
361290,3
297705,1
238401,6
151231,6
77358,1
249724,3
108217,1
334699,3
325816,3
324871,3
320526,3
325064,3
375128,3
361289,3
26193,1
52987,3
500318,3
185144,6
302,3
106401,3
327832,1
336607,3
297703,6
347378,3
347379,3
354027,3
353058,3
377188,3
376754,3
504210,3
258420,1
297699,3
380447,3
375016,3
178334,3
297701,3
274490,1
238216,6
258428,6
297425,1
256119,1
373754,3
372016,3
372017,3
503739,3
503868,3
350978,3
343954,3
343953,3
354026,3
350979,3
135867,10
44718,10
77963,3
296025,3
191321,6
318,6
54640,6
54641,6
41919,3
281479,3
206879,3
176027,3
89047,3
526560,3
526560,12
526559,3
526559,12
207813,3
182692,3
117878,12
96541,12
185354,3
185359,3
185365,3
100451,3
185368,3
405,3
81244,3
33913,3
222461,3
407,3
254857,3
185369,3
408,3
71245,3
156097,12
185440,3
363517,3
26278,3
26279,3
434,8
50171,3
171678,3
23998,3
76167,3
76167,6
54853,3
54853,1
185482,3
59406,3
20650,3
20650,1
62413,3
47736,3
48624,3
156106,3
156106,1
77099,3
77099,6
213543,1
92909,1
500148,1
458,1
458,6
193120,3
465,1
386582,3
146340,3
146340,12
536810,1
319438,1
338880,1
368458,1
515161,1
522171,1
522174,1
530553,1
379006,1
311069,1
336457,8
369341,8
370249,8
185695,1
63396,1
152146,1
99112,1
222471,1
22926,1
100651,3
349493,1
353080,4
285359,3
332720,3
155204,3
310030,3
179926,3
332728,1
343581,3
272856,3
168022,3
370231,3
526122,3
532927,3
535543,3
194891,3
339259,3
300254,1
314383,1
341792,3
332732,3
93340,3
93787,1
501776,3
343595,3
343596,3
332737,3
90189,1
298007,3
160528,3
343603,3
51904,3
344129,3
117881,3
368326,3
343606,3
343605,3
242219,3
151732,3
299110,1
384135,3
343611,3
339270,3
349772,3
132278,1
209335,3
135631,3
343615,3
313753,3
71769,1
221228,3
71770,1
323500,3
270716,3
524501,3
324448,3
64012,3
102154,3
332749,3
117077,3
196611,3
136962,3
370635,3
313809,3
367532,3
325881,1
236822,1
532521,3
367531,3
297963,1
367533,4
158286,3
533229,3
524894,3
336861,3
335518,4
26343,3
283775,3
52260,3
114383,3
114384,3
297680,3
339260,3
26350,3
26353,3
133920,3
90887,3
138009,3
96822,3
49946,3
168916,3
185816,3
151728,3
209417,1
315657,1
333015,3
226159,1
526002,3
526060,3
350001,3
383606,1
388760,3
388760,4
254464,3
520338,3
520338,4
518409,3
518409,4
92017,12
520630,3
520630,4
519984,3
519984,4
518927,3
518927,4
520525,3
520525,4
287740,3
704,12
120656,12
187731,12
185965,6
272993,1
44542,1
279630,12
114966,6
166321,6
228421,6
234101,6
301679,6
175581,6
134888,3
740,3
200794,1
218332,1
218332,3
177997,1
195061,6
118690,6
135633,6
179996,6
286735,6
228228,6
306939,6
69895,6
96133,6
174980,6
186909,6
134893,3
378357,6
377232,6
378358,6
374128,6
502083,6
130125,12
524903,12
762,12
351027,3
61531,3
766,6
500063,3
186014,3
105378,3
26453,3
522691,3
334453,3
186015,3
186016,3
113052,3
186019,3
774,3
776,3
45972,3
45972,12
298071,3
516803,3
63069,3
70096,9
70096,12
330904,9
330904,12
186041,3
186041,9
284494,3
331016,3
343927,3
512354,3
353954,3
137777,4
387358,3
315303,3
211281,3
511412,3
186087,3
316846,3
75887,3
71762,3
186125,4
263328,4
95167,3
522263,3
174946,1
832,3
167250,4
131208,1
377192,3
64050,3
186229,4
100677,3
522569,3
368722,3
197214,3
109457,3
92585,3
111998,3
238554,3
91013,3
97949,3
867,4
359740,3
229585,3
269914,3
70052,3
26956,3
871,4
132573,4
874,4
124925,1
285398,3
27616,1
272242,3
275144,3
124114,1
270424,3
517751,3
65496,3
257840,3
306941,1
136801,1
517752,1
297436,1
354306,1
226431,3
371060,12
344041,3
273715,3
368968,3
87858,3
525837,8
26530,3
215698,3
953,3
110071,3
321449,3
517753,3
20061,8
365563,3
385479,3
201319,3
292305,3
80443,3
115042,3
368355,1
157539,3
320748,3
141820,3
374129,3
273622,3
180849,3
361636,3
146434,3
515169,3
229836,3
334345,3
339576,3
328217,3
364015,3
334342,3
327130,3
307599,3
290617,3
327129,3
301034,3
243577,3
182954,3
293006,3
269948,3
297220,3
180807,3
152936,3
334329,3
241023,3
202305,3
180808,3
180809,3
180848,3
358742,3
316431,3
108428,3
228339,3
180812,1
103302,3
273707,3
510847,1
510847,3
257086,3
270880,3
221486,3
510367,1
510367,3
113363,3
113380,3
171889,3
171889,8
146401,3
216049,1
113368,3
221487,3
301042,3
334340,3
353059,3
301037,3
301038,1
301038,3
339574,3
525943,3
525943,8
353096,3
339575,3
364000,3
308778,3
369980,3
525991,3
525991,8
308784,3
359356,3
308780,3
517673,3
337096,3
288799,3
350492,3
525952,3
525952,8
525767,3
525767,8
510441,1
510441,3
525721,3
525721,8
301040,3
510790,3
508231,3
525910,3
525910,8
364001,3
511137,1
511137,3
301044,3
190923,3
522545,3
373765,3
288125,3
221484,3
346108,3
287961,3
308789,3
242688,1
337337,3
386744,1
386744,3
290621,3
301045,3
288127,3
288128,3
369968,1
369968,3
275443,3
522727,1
522727,3
368491,3
368492,3
368493,3
368495,3
368496,1
368496,3
104943,3
322880,3
272540,3
299650,3
227033,3
334334,3
360968,3
241022,3
322073,3
368969,3
334337,3
322074,3
307094,3
334339,3
350980,3
299654,3
291177,1
291177,3
299655,1
299655,3
375252,3
510897,3
525594,3
525594,8
351926,3
375253,3
351927,3
307601,3
369285,3
525611,3
525611,8
307602,3
517754,3
358741,3
307603,3
517388,3
336803,3
303578,3
299684,3
508034,3
350003,3
525736,3
525736,8
367688,3
299693,3
291180,3
516806,1
516806,3
48552,3
286427,3
113369,3
338004,3
122422,3
500035,3
286428,3
307605,3
118576,3
247732,1
216399,3
336416,3
385310,1
385310,3
263544,3
152383,3
152383,8
299696,3
286430,3
286431,3
121932,3
243754,1
194662,1
194662,3
269530,3
113381,3
511142,1
511142,3
510998,1
510998,3
525702,3
525702,8
525040,3
525040,8
525865,3
525865,8
189858,3
260929,1
370826,3
1032,6
112677,6
26568,6
94995,6
156188,3
1039,3
1040,3
273588,3
297973,1
369286,3
88188,3
218985,3
218985,8
186565,8
535796,4
186601,4
25350,3
72957,3
299467,3
188147,1
188151,3
188152,3
360076,6
381178,6
85069,6
165295,1
287124,1
96070,3
112591,1
1122,1
92859,1
26611,3
377824,6
45000,3
188194,3
26621,1
503412,3
503263,6
336402,3
502042,3
502042,8
226834,3
525781,3
273590,3
522017,10
512100,3
180019,3
510464,3
26656,1
26656,3
294276,3
26657,6
26657,11
1214,6
27335,3
110782,3
97279,3
25512,3
206958,3
85579,3
222519,3
91698,3
196537,3
375719,3
366280,3
98981,3
90635,3
124283,3
97771,3
88424,3
64352,3
98508,3
92488,3
239110,3
160929,3
220130,6
86513,8
108378,3
370827,3
317617,3
317618,3
317619,3
370828,3
25509,3
25511,3
511893,3
255370,3
222522,3
286855,3
286855,8
65288,3
65288,8
25510,3
210962,3
333799,3
333799,8
112679,3
54758,3
91632,3
95644,3
82538,3
98998,3
69244,3
69245,3
153331,3
56938,3
26664,3
324882,3
324883,3
324881,3
138560,3
25669,3
294167,3
294168,3
294169,3
343007,3
1227,4
352786,4
345827,4
70216,3
294608,3
1229,3
294170,3
188337,3
90213,10
525979,3
222525,10
26683,3
26682,3
298879,3
211120,3
89680,3
134989,3
272575,3
1239,3
145719,3
98804,3
95138,3
112560,3
374107,3
19940,3
155772,3
154419,3
238042,3
72958,3
1243,4
137761,3
43036,6
165007,6
26686,3
286287,3
57356,3
61590,3
65838,3
128137,6
69928,6
44439,6
26688,6
517631,3
90010,3
47895,3
93886,3
127143,6
51567,3
336418,3
219510,3
234541,3
207184,3
43201,3
65852,3
241949,3
180467,3
65093,3
253792,3
65094,3
253793,3
72843,3
227310,3
44134,6
344965,6
92481,3
96029,3
99504,6
343828,3
270189,3
154098,3
94034,3
96660,6
97495,6
137971,6
43285,3
271033,3
336374,3
50604,3
170387,3
1248,3
1247,3
114155,6
88446,4
1250,6
519785,3
324127,3
175061,6
26696,3
23148,3
1252,4
1253,4
188345,8
89688,3
523286,1
1260,3
42540,3
256779,3
46845,3
268825,3
135638,3
26702,3
101589,1
86301,3
91117,3
504699,3
501631,3
153202,3
307287,3
127878,1
360231,1
48655,1
526126,1
115310,1
206364,1
344943,1
26735,1
27612,1
220842,1
152030,1
90197,1
114176,1
102648,12
523027,3
298528,1
284066,1
400099,4
400206,4
47830,6
60635,6
310353,3
91922,6
126339,6
49778,3
198099,3
226213,3
167061,3
363336,4
364834,3
313256,3
313293,3
363337,4
252603,3
372594,3
250108,3
252604,3
1349,3
361697,4
372529,3
254482,3
250109,3
254489,3
84264,3
25099,3
169483,1
1360,3
319304,4
131119,3
131119,4
131752,1
134802,1
137982,1
130507,3
158939,3
237373,3
50961,1
131121,1
131123,3
60533,3
187234,3
187692,3
517554,3
517554,4
504054,3
504054,4
518868,3
518868,4
522003,3
522003,4
65706,3
352953,3
125530,3
187237,3
187235,3
187693,3
175066,3
201993,3
180296,3
175067,3
187479,3
306566,3
237444,3
504024,3
504024,4
517763,3
517763,4
517445,3
517445,4
522010,3
522010,4
71392,3
55126,1
187480,1
211121,3
199277,3
286041,3
199278,3
217634,3
199276,3
316875,3
167859,3
188780,1
1399,3
188782,12
188782,3
161993,3
113556,3
113556,4
367691,3
180960,3
70527,3
70527,4
60534,3
60534,4
138475,3
24697,3
26809,3
134809,3
129882,3
71267,3
134795,3
269660,3
26811,3
78138,3
188788,3
1416,3
188792,3
188793,3
1421,3
1421,4
103646,3
103646,4
188796,3
1423,12
1423,3
1425,1
183665,3
47561,3
47561,4
127436,3
306242,3
273935,3
273936,3
316876,3
273937,3
273938,3
109194,1
86779,3
118897,1
168662,3
273654,3
168665,3
359178,3
217646,3
510527,6
300788,6
270888,6
106055,6
49800,6
1430,6
222550,6
222552,6
104458,6
81638,6
180072,6
377194,6
377193,6
344046,6
168704,6
343166,6
343008,6
358096,6
142589,6
112684,6
62415,6
370836,6
377195,6
43830,6
45725,6
188817,6
1432,6
511108,6
275440,6
510394,6
1435,6
1436,6
26844,6
1437,6
180613,6
26842,6
283774,3
351179,3
269563,3
318585,1
318585,8
318584,1
318584,8
1491,1
1491,8
99909,1
379240,6
180984,6
273939,6
374173,6
379241,6
525990,4
381416,3
1569,1
80352,3
389090,3
500798,3
375941,12
155780,12
151197,12
193255,12
108325,12
1594,3
370839,12
285980,12
370840,12
525043,12
47106,3
324886,12
324887,12
324114,12
324115,12
115053,12
524909,12
44341,3
352227,3
358755,12
314701,3
325981,12
380452,12
380449,12
380451,12
1608,1
1614,4
47006,12
152434,12
125527,8
90237,1
504599,6
75118,6
105671,1
90978,6
81777,1
27126,6
1640,6
97590,8
388030,6
522012,8
100505,1
63065,6
28569,6
64781,6
78978,6
49894,6
27139,6
52135,1
233831,1
155649,3
155649,6
1654,3
1655,3
1658,4
286762,3
286762,4
91733,4
91466,4
92886,4
75112,3
87192,3
87192,6
162862,4
1660,4
54447,3
286289,3
182594,3
387736,3
374040,3
387735,3
1663,3
172511,3
85462,6
217802,6
130646,6
189389,6
26878,6
241689,6
28198,1
191052,3
284824,3
189548,3
25922,3
25922,12
189684,3
27204,3
27205,3
189722,3
3460,3
3460,12
189728,1
73571,3
48025,1
67138,1
1730,3
365823,3
27212,3
100919,3
336808,3
196135,1
196135,3
196136,3
121425,1
121425,3
162505,1
241267,3
300345,3
231632,3
298567,3
229514,3
231646,3
335499,1
367693,3
503862,3
231644,1
372030,3
196141,3
231622,1
317621,3
306598,3
298568,3
298569,3
241268,3
1745,3
103473,3
112693,3
134735,3
75386,3
169262,3
52128,3
64683,3
96378,3
135947,1
231603,3
74863,1
27881,1
27225,1
93709,1
128963,1
128963,3
288100,1
288100,3
504327,3
153919,3
153919,1
520635,1
211544,1
211544,3
367694,1
367694,3
210094,3
240517,3
151203,1
151203,3
210095,1
317501,3
211545,1
221080,3
94763,1
229787,1
27349,3
59853,3
75489,3
75489,1
58204,3
96597,3
255344,1
255344,3
255345,3
46516,1
46516,3
155278,1
155278,3
336428,1
336428,3
315877,1
315877,3
96242,1
77047,1
77047,3
27426,3
72635,3
44510,1
44510,3
99888,1
98242,1
98242,2
52850,3
81355,3
227693,1
79900,3
305910,3
334711,3
65137,3
90242,1
226813,3
112717,3
27394,3
96317,3
255350,3
44659,1
108441,1
108441,3
89133,3
317238,1
317238,3
1776,1
1776,3
42334,1
42334,3
315313,1
315313,3
109879,1
46334,3
171705,6
98589,3
1787,6
179998,1
93087,3
260915,3
317622,3
317623,3
260914,3
260916,3
68526,3
93741,3
90688,3
280768,3
525428,3
109690,3
299807,3
59323,3
68958,3
344443,3
226572,3
311498,3
171090,3
333006,3
324543,3
280790,3
174931,3
27464,3
352903,3
97102,3
160505,3
53437,3
99628,3
27440,3
222631,3
108661,3
93253,3
299808,3
287971,3
298971,3
287975,3
291445,3
291442,3
327580,3
291444,3
291443,3
172174,3
106353,3
43665,3
244954,3
180137,3
174932,3
99329,3
284996,3
118676,3
115627,3
139016,3
117107,3
198301,3
284993,3
298972,3
298969,3
298968,3
324544,3
370844,3
370845,3
287977,3
298967,3
115997,3
69260,3
284014,3
174930,3
197536,3
109128,3
110345,3
190894,3
54603,3
78956,3
194583,3
95707,3
52540,3
95706,3
280752,3
137967,3
210608,3
105234,3
1841,3
27466,3
222652,3
94756,3
117696,3
95336,3
98049,3
65512,3
164615,1
180785,1
326211,3
222658,1
74741,3
80250,1
209053,3
333007,3
124793,1
99255,3
71759,3
1875,3
154274,3
24947,3
220840,1
220840,3
92298,1
227839,1
227839,3
25932,1
1893,3
100925,1
91028,1
28809,3
27562,3
27563,1
1898,3
124625,1
206268,3
271378,1
271378,3
89520,1
271375,3
92151,1
208468,3
369320,1
168822,1
168822,3
25912,1
62728,1
362638,6
350612,6
275201,6
57847,6
152848,6
317627,6
521151,6
529178,6
529168,6
529097,6
529097,11
26319,3
79307,3
104537,3
377004,3
85510,3
112796,3
69503,3
529129,3
523358,12
67978,6
1942,6
1947,4
1947,12
517215,4
1960,3
1960,9
97004,8
365844,8
1966,1
154632,3
269306,1
137211,1
336103,1
81992,1
25609,1
191072,1
111534,1
196656,3
91151,1
130651,12
181476,1
109519,1
241118,1
257067,11
229799,1
331045,1
88455,1
88458,1
306841,1
88459,1
220039,1
88460,3
272183,3
101658,1
112175,1
503975,1
185241,1
181763,1
111834,1
65835,1
298145,1
269305,1
269305,3
101659,1
241119,1
251378,1
60375,1
113353,1
286917,1
42264,1
94769,1
72255,1
278140,1
135186,1
27743,1
228267,3
27709,1
228268,1
105605,1
109119,3
177770,1
125871,1
529144,1
120111,11
65123,1
101657,11
317544,3
253472,3
191071,3
205285,1
84035,1
84035,4
376563,1
51097,1
228140,3
27692,1
208899,1
27698,11
203618,11
110196,1
256296,1
352447,1
95775,1
63727,1
368145,1
191070,1
345464,1
251265,1
53776,1
53776,4
251201,1
109513,1
88463,3
254958,3
378231,1
203627,11
65548,11
272460,11
203628,11
47849,1
2022,1
272702,1
203458,1
253960,1
153362,1
153362,4
47826,11
29079,11
239113,1
27706,1
25610,1
27707,1
25606,1
103027,1
101666,3
2044,1
203563,1
135649,1
255919,1
27744,7
524402,11
2049,11
203682,11
27720,1
143085,11
203608,11
57789,3
203734,8
203734,11
203909,6
45973,3
96547,3
81381,3
175786,3
180582,3
77786,3
27849,3
150921,3
112699,3
259035,3
44729,3
53413,3
104381,3
298575,6
67090,3
64421,3
92505,3
73120,3
57364,3
48270,3
52252,6
137069,6
349775,3
124340,3
42405,3
349776,3
52150,3
209800,3
325969,3
168503,3
210883,3
92935,3
362394,3
345641,3
259037,1
112797,3
336660,3
299978,3
244097,3
195110,1
182597,3
315317,3
259053,3
76330,3
259054,3
296605,3
352577,3
71198,3
335567,3
308103,3
90555,3
112606,3
27855,3
148138,3
48770,3
124857,3
259052,3
64763,3
171298,1
86788,3
175787,3
315318,3
271010,3
181832,3
99850,3
58257,3
57403,3
307885,3
186763,3
68408,3
93354,3
242400,3
325440,3
346713,3
50441,3
525099,3
112798,3
112607,3
104224,3
208286,3
103600,3
260683,3
43081,3
27858,3
317257,3
86145,3
201320,3
222732,3
77485,3
63709,3
113325,3
96802,3
89581,3
536966,3
86004,3
67089,3
135652,3
27844,3
45974,3
2207,3
203874,3
203875,3
151159,3
97416,3
174765,3
226428,3
294519,3
197017,3
272073,3
262322,3
135270,3
203879,3
2210,3
203877,3
86869,3
98122,3
73803,3
135651,3
49437,6
114345,3
198921,3
113675,3
173020,3
203968,3
55540,1
42053,3
169554,3
2212,3
93595,3
369178,1
219441,1
181293,1
107246,3
42870,6
365906,3
2216,1
507892,3
284099,3
96877,3
186764,3
89784,3
2214,3
529289,3
92469,3
178378,3
173009,3
27862,3
203947,3
27863,3
203949,3
186765,3
203950,12
41828,12
29321,3
377725,3
377715,3
377716,3
505102,3
377718,3
368798,1
368798,4
513790,6
513794,6
513874,3
347384,4
347383,4
2310,3
255691,3
30312,3
400305,1
204349,1
53610,1
2323,1
80876,1
351137,1
2348,4
204497,4
204685,3
338607,3
368009,3
2428,1
100021,1
214846,3
2433,3
79280,1
97494,1
76231,1
76232,3
274495,1
324620,1
121449,1
345060,1
345060,3
295962,1
216557,3
260687,1
260687,3
325971,3
208289,3
385340,3
382279,3
524970,4
205165,1
205195,7
165100,3
165100,8
28112,3
28112,8
341736,3
341736,8
2499,3
2499,8
372476,3
372476,8
363697,3
363697,8
88527,3
88527,8
69676,1
129888,1
372035,1
372036,1
84162,1
2619,1
59883,3
68591,3
206173,1
327971,1
327971,3
206175,1
165894,1
165894,3
112293,1
112293,3
327970,1
327970,3
206168,1
327972,1
327972,3
143674,1
143674,3
25653,1
95188,1
349556,1
215950,1
93924,1
93925,1
99892,1
90207,1
57220,1
91929,1
322286,1
94243,1
97678,1
89006,1
173101,1
28286,1
29695,1
280770,1
90647,1
318738,1
127596,1
29700,1
2714,1
318740,1
92580,1
93882,1
215952,1
96864,1
89287,1
307700,1
162666,1
192907,8
96823,1
156680,1
99514,1
109782,1
97673,1
94039,1
93516,1
30047,1
380745,1
91662,1
128918,1
96253,1
218389,1
92649,1
146670,1
29719,1
218390,1
30050,1
89621,1
174531,1
99903,1
192908,1
29722,1
89793,6
358127,1
162665,1
30054,1
30055,1
30058,1
94801,1
318739,1
93094,1
183913,1
174532,1
156681,1
34147,1
94427,1
96519,1
30060,1
89796,1
30063,1
96649,1
218392,1
25654,1
29727,1
94430,1
99807,6
235362,1
328858,1
368328,1
92679,1
128919,1
156678,1
96721,1
93710,1
89842,1
156679,1
30068,1
215953,1
90267,1
156045,1
111816,1
337975,1
199699,1
96224,1
29743,1
307701,1
99731,1
28297,1
173086,1
45996,1
82437,1
93926,1
30075,1
99893,1
29750,1
90208,1
174099,1
30077,1
97013,1
215955,1
177085,1
215956,1
96457,1
318753,1
97679,1
30080,1
93849,1
90339,1
95634,1
241927,1
29764,1
215957,1
92581,1
108094,1
93883,1
96865,1
199700,1
502796,1
215958,1
89141,1
74606,1
96825,1
63106,1
235363,1
349553,1
171382,1
99840,1
30090,1
30090,6
30091,1
96590,1
30092,1
110204,1
325686,1
92006,1
26088,1
183915,1
92007,1
98470,1
94488,1
93507,1
96815,1
89701,1
97135,1
2726,8
92416,1
92417,1
96996,1
28310,1
108793,1
30094,1
338788,1
156055,1
113430,1
96984,1
89888,1
90139,1
95771,1
364876,1
69558,1
215960,1
100320,1
294567,1
331059,1
93680,1
333436,1
83995,1
329069,1
90064,1
90786,1
92547,1
156675,1
98825,8
97423,1
98826,1
96989,8
99149,1
199702,1
94633,1
156056,1
318754,1
30104,1
90483,1
97743,1
95594,1
98655,1
30108,1
380751,1
95541,1
172109,1
222803,1
54370,1
93302,1
93758,1
94304,1
56384,1
95973,1
291736,1
128920,8
92956,1
96421,8
99717,1
128821,1
344137,1
318756,1
313310,1
368339,1
95241,1
98155,1
90940,1
92776,1
110243,1
128523,1
92959,1
313308,1
171385,1
96422,1
99718,1
30118,1
95242,1
90941,1
93326,1
93327,1
94306,1
98374,1
80746,1
92286,1
94094,1
96892,1
99370,1
99371,1
171384,1
91795,1
95200,1
96052,1
92747,1
332289,1
369951,1
89664,1
215965,1
41809,1
98916,1
98917,1
90906,1
43704,1
30124,1
174537,1
87953,1
91936,1
275819,1
112724,1
318742,1
30126,1
368350,1
99643,1
30127,8
349554,1
358129,1
87951,1
254833,1
95684,1
358130,1
168757,1
328518,1
93008,1
96325,1
199704,1
146669,1
199705,1
177086,1
235364,1
174539,1
99109,1
113431,1
95840,1
156558,1
380755,1
34149,1
30130,1
92348,1
103114,8
98294,1
94581,1
275821,1
325689,1
30133,1
73232,1
29881,1
318743,1
380744,1
364871,1
349555,1
174542,1
95329,1
90959,1
89988,1
313309,1
313309,6
313309,8
95745,1
199706,1
143914,1
364872,1
291734,1
313307,1
304848,1
91940,1
98959,1
288661,1
2740,1
91806,1
364877,6
364877,7
333440,1
218395,1
91568,1
30138,1
92658,1
173137,1
98097,1
108310,8
30139,1
380747,1
174544,1
388812,1
388809,1
388813,1
357440,3
152009,3
96793,1
107585,3
522738,3
522442,3
521975,3
522469,3
522290,3
522294,3
522482,3
280891,3
327503,4
327501,3
327501,4
40908,6
40908,8
99367,3
240552,3
240555,3
221898,3
504377,3
219678,3
281268,3
286105,3
219310,3
273917,3
300322,3
308452,3
308451,3
308451,11
369168,3
254786,3
375154,3
163137,3
369166,3
379589,3
221902,3
221903,3
336357,3
336357,11
297739,3
326224,3
336356,3
369165,3
326223,3
163136,1
352433,3
316842,3
268823,1
384333,3
107891,4
261428,4
107908,3
28025,3
341360,3
273287,3
87915,3
87915,4
27671,3
353071,4
337067,4
337067,3
337066,4
337064,3
337064,4
343221,4
186536,3
368047,3
368047,4
327494,3
82106,1
225851,11
522764,3
522764,11
126713,1
90488,1
66264,1
72784,1
19198,1
19193,3
46876,3
97250,3
258231,1
229682,1
341944,3
312906,3
341946,3
308859,3
341960,3
355332,3
371666,3
309523,3
325264,3
308855,1
525645,1
355321,3
350202,1
289573,3
71779,1
76725,1
355326,1
368300,3
357552,3
349633,1
349633,3
349626,3
158374,3
355339,3
355318,3
221885,1
274899,3
250042,3
312904,3
363021,3
250036,1
250036,3
66068,1
365747,3
299982,1
19181,1
522459,3
193708,1
67816,3
285299,1
263239,1
220461,1
161989,1
72972,1
19068,6
61504,12
103197,12
371585,1
355307,12
518024,3
518024,6
518024,12
518085,3
518085,6
518085,12
518056,3
518056,6
518056,12
43996,3
43996,6
43996,12
161880,3
161880,6
161880,12
517959,3
517958,12
293124,12
250182,1
250182,3
136283,1
136283,3
161851,6
296630,6
316657,1
316657,3
210259,1
210259,3
170434,1
170434,3
86875,1
273143,1
273143,3
46676,1
46676,3
126215,1
126215,3
46675,1
205107,1
205107,3
135273,6
70458,1
70458,3
19014,1
76488,11
76488,6
98441,6
19008,1
63161,1
63161,3
335672,6
86865,6
94767,6
89968,6
189974,6
240757,6
145711,1
145711,3
86866,6
179141,6
250799,1
250799,3
250792,6
250787,6
99231,6
179134,1
179134,3
101003,3
179860,3
179860,1
511991,1
511991,3
194766,1
194766,3
153090,1
153090,3
58399,1
58399,3
71784,1
71784,3
153168,3
18997,11
18997,6
517195,1
517195,3
134176,1
89010,3
84633,3
101000,6
196714,3
116324,3
154103,1
154103,3
350498,1
350498,3
124826,6
95508,1
95508,3
344816,1
344816,3
64837,1
64837,3
521888,3
212174,1
212174,3
170745,1
170745,3
511892,1
511892,3
126347,1
126347,3
63149,1
63149,3
522978,1
154102,1
154102,3
137825,6
124825,6
88361,6
70708,1
70708,3
18990,6
255279,1
255279,3
18984,1
18984,3
350032,1
350032,3
307071,1
307071,3
307070,1
361462,1
361462,3
368298,6
72196,6
368299,1
368299,3
368297,1
368297,3
115835,3
65636,3
154284,3
77261,1
77261,3
180769,6
58813,1
58813,3
360527,1
360527,3
75202,3
181728,1
181728,3
522091,3
78952,1
78952,3
90071,6
57521,1
57521,3
215141,6
361461,1
361461,3
87702,1
87702,3
369585,1
369585,3
218941,6
103883,1
103883,3
250801,1
250801,3
75201,1
53467,3
114434,1
114434,3
59001,6
87746,6
48280,1
48280,3
49753,6
179144,6
180772,6
42380,6
151830,1
151830,3
66524,6
52163,3
115445,6
77695,6
73894,6
54628,1
54628,3
82840,6
83510,1
83510,3
77516,1
305924,6
305923,1
305923,3
83141,1
83141,3
189297,1
189297,3
93180,6
171495,6
180774,6
116169,6
78489,3
78489,1
67743,1
67743,3
83792,1
83792,3
310598,1
310598,3
83544,3
181401,6
134164,6
105016,1
105016,3
74573,1
74573,3
51395,1
51395,3
85632,6
322455,1
322455,3
82434,3
54457,1
54457,3
237633,1
237633,3
62074,1
85646,6
68902,1
68902,3
169180,1
169180,3
55414,6
215145,1
215145,3
52505,1
292891,1
45267,3
58835,6
196597,1
196597,3
152134,1
152134,3
347333,1
226684,1
226684,3
62930,1
338986,1
285545,6
72527,1
114433,1
114433,3
171701,1
171701,3
98763,6
49139,1
49139,3
337084,3
49138,3
46066,6
115448,6
215146,6
62773,1
179138,1
179138,3
43881,6
86348,1
377089,6
371128,1
126334,6
59281,3
363820,1
180765,6
25541,6
43898,1
43898,3
48648,1
48648,3
68664,6
179136,6
66422,1
66422,3
82410,1
82410,3
69362,1
179143,6
43639,1
43639,3
83171,1
83171,3
87093,1
87093,3
180755,6
84349,1
84349,3
161845,1
297682,1
343937,3
343937,4
359198,1
359198,4
343741,3
343741,4
303215,1
366742,1
366742,4
506481,3
124692,6
18872,6
194789,1
115759,1
18867,6
64939,3
64939,4
357490,4
357490,3
65955,1
374400,6
376807,6
254395,6
117504,1
103959,1
368296,1
368296,3
368296,4
357514,4
357514,3
67204,1
238234,3
49283,3
49283,4
42646,3
42646,4
74788,3
74788,4
505872,3
60926,6
506521,12
43272,6
71320,6
71320,11
18858,6
506475,3
388412,1
388412,4
388412,8
388261,3
528950,3
506487,1
506462,6
506311,6
384765,1
384765,3
384765,4
511372,3
511372,4
511315,3
511315,4
296874,1
296874,3
330429,3
330429,4
330430,3
330430,4
225809,1
366839,6
506379,3
388366,1
55814,1
49815,6
18839,3
351504,6
109601,6
18837,6
64938,8
115772,1
115772,4
18832,1
18832,6
505854,6
506164,6
506018,6
505911,3
506367,3
83727,6
129310,6
64913,6
51477,1
48808,1
48808,4
56728,1
96980,1
225808,6
225807,1
225806,1
225806,4
63043,1
361310,1
361310,3
361310,4
361308,1
361308,3
361308,4
360625,1
360625,3
360625,4
380567,1
380567,3
380567,4
361306,1
361306,3
361306,4
361304,1
361304,3
361304,4
360668,1
360668,3
360668,4
506454,1
505774,1
78462,6
388397,1
506368,6
99557,6
18823,1
221403,1
298525,1
298525,3
505790,8
361311,1
361311,3
361311,4
361309,1
361309,3
361309,4
360622,1
360622,3
360622,4
361307,1
361307,3
361307,4
361305,1
361305,3
361305,4
360955,1
360955,3
360955,4
358104,1
358104,3
358104,4
505957,4
505957,8
506239,1
506303,1
18822,1
237209,3
226863,3
226863,4
124953,1
506029,1
506029,8
380566,1
380566,3
380566,4
221262,3
297683,3
361560,1
508299,3
508299,4
89457,1
18798,1
168201,1
245493,4
142504,1
226332,4
211145,4
212030,4
90055,1
237207,4
209586,4
50090,1
245487,3
18781,12
101499,3
20148,12
217216,12
18780,12
18779,3
18713,6
20668,3
18637,3
207831,3
116170,12
166725,12
281448,12
298447,12
310920,12
18608,12
297887,12
353592,6
382769,6
353590,6
501170,4
70768,4
273491,3
18556,3
49771,3
20411,3
18529,4
375814,4
18519,4
237248,3
239118,3
194048,3
92264,3
18518,3
18503,3
114819,4
18501,3
41514,3
265875,3
84249,12
74071,12
18484,12
18480,3
18480,12
18479,3
18479,12
273058,12
308723,12
110307,12
287151,12
18456,3
18448,4
33255,3
80590,12
367112,12
343739,3
343739,4
307948,3
307948,4
252227,4
335017,3
505715,3
345437,3
83091,3
165349,4
98184,4
18408,3
88359,3
77196,1
18404,3
18398,3
18398,4
18396,3
18394,4
59181,1
140458,1
283276,1
283277,1
109897,1
18388,1
18386,1
18385,4
335826,3
179914,4
172939,4
18382,4
18380,4
59457,3
120677,3
103006,3
18375,3
131010,3
131010,4
67180,3
347509,4
134743,3
358920,3
124961,3
326027,6
175583,6
88720,6
309306,1
52266,1
374025,3
18364,4
194765,3
286131,3
175814,3
290335,3
227149,1
284152,3
288783,3
270604,3
57628,3
57628,12
135988,3
135988,12
84237,3
84237,12
57773,3
57773,12
115256,3
115256,12
70801,1
84971,3
84971,12
135987,1
108856,3
108856,12
66707,1
57743,3
57743,11
52224,11
79881,11
79575,3
79575,11
225741,3
225741,12
62467,3
62467,12
118459,3
118459,11
103970,3
305972,3
18298,11
174585,11
71508,3
71508,11
18297,11
103432,11
269630,11
517641,11
92332,11
304464,11
56226,11
387692,11
152341,3
152341,12
143908,1
299789,3
299789,12
152337,3
152337,12
152335,3
152335,12
152334,3
152334,12
189814,3
189814,12
152331,3
152331,12
152307,1
521236,3
521236,12
152296,3
152296,12
152292,1
152176,3
152176,12
151223,3
151223,12
152172,1
270602,3
270602,12
188004,11
304461,11
182486,11
135791,1
152156,3
152156,12
126395,3
126395,12
58508,1
51869,1
73414,1
64274,1
350465,3
329353,12
304444,3
18217,3
41875,3
274724,3
324428,3
103893,3
274722,3
18215,3
93795,3
360749,3
219973,3
346481,3
361026,3
240574,3
286107,3
101746,3
253778,3
166320,3
285628,3
108122,3
176933,3
167275,3
116964,3
249473,3
285941,3
135486,3
162019,3
164066,3
135789,3
380576,3
346480,3
135786,3
229381,3
254812,3
182512,1
182512,6
522051,1
73934,1
73934,6
290763,6
344844,6
62118,1
62118,6
170497,1
521961,1
131387,1
131387,6
517914,1
160707,1
131384,1
131384,6
290515,6
140090,10
182319,10
18095,3
18094,6
20086,3
43684,1
18086,3
18085,1
300878,1
76382,1
48128,1
86378,1
43873,1
18070,3
358778,3
306012,3
512165,3
297418,3
297418,8
44569,1
50313,3
50313,8
68045,1
18061,1
128988,3
128988,8
100971,1
346097,3
346097,1
18056,1
344859,3
344859,1
79346,12
106271,1
18049,1
299888,3
115253,3
178716,1
131292,3
99568,1
382431,1
114993,1
63558,1
17986,1
94879,6
90755,1
48994,8
17914,3
17913,3
345391,3
17909,3
388108,3
17908,1
17907,3
41902,3
71519,3
51590,3
25667,3
128307,3
50830,3
78866,3
92452,3
98135,3
90658,3
340705,1
340705,3
340806,3
354036,3
340088,3
340087,1
340087,3
340500,3
340489,3
340463,1
340425,3
340416,3
340405,3
340373,1
340358,3
340309,3
360472,1
340307,1
340307,2
340294,1
340291,1
340291,3
340276,3
341669,3
341668,1
341668,3
340808,3
340172,3
354034,1
354034,3
340147,1
340116,1
340116,3
340115,1
340115,3
340114,1
340114,3
340107,1
340107,3
340080,3
340075,3
340072,3
340072,1
340065,3
340698,1
340638,3
340637,3
370055,1
370055,3
368664,1
368664,3
353633,3
353632,3
363776,3
363775,1
354029,3
132289,6
168325,3
30314,3
135571,1
139769,1
178632,1
17816,1
308175,3
534825,3
74244,3
199241,3
63429,3
338881,1
58859,3
286925,12
48630,3
308173,1
63428,3
329900,1
281283,12
349096,3
286924,3
316637,1
67179,3
146068,1
63572,3
293001,1
46369,3
374591,3
110125,1
377330,3
79345,3
249432,12
263375,1
263374,1
87138,1
63792,3
63791,3
316633,3
316632,1
300158,3
101511,1
286922,1
195167,1
81519,3
249115,1
329222,3
251110,12
45316,3
523350,3
300157,3
202331,1
57508,3
211418,3
146063,3
146063,1
113543,3
59349,1
180123,1
146062,3
384829,3
321559,1
325953,1
534425,3
101508,1
329895,12
82930,1
68456,3
318334,3
287887,1
79454,1
132972,1
135784,4
384758,1
326256,3
104194,1
187003,4
196428,1
88835,1
47340,1
126343,1
297023,1
325242,12
162290,12
17777,4
48842,1
318645,3
318647,3
318646,3
202740,3
161352,3
134921,6
360525,3
504960,3
202744,3
56579,3
181753,3
169670,3
210716,3
297882,3
27286,6
97400,6
76228,6
84020,6
51313,6
175018,3
202541,1
328059,1
202542,1
204703,1
204703,3
202450,1
202450,3
17624,1
85698,1
323980,3
147540,3
364745,3
17589,1
367928,1
17583,1
106243,1
88994,1
62264,1
51164,1
72754,1
17470,3
17467,3
272003,3
181712,1
86055,1
522896,6
79951,3
79951,12
298269,12
66522,12
47778,12
168625,3
168625,12
113808,12
267335,12
220531,12
41991,12
98877,12
118421,12
118423,12
118560,12
119029,12
82308,12
178360,1
100958,3
317540,3
17386,3
241521,3
17384,3
17384,12
17383,12
41983,12
47577,12
47577,3
50141,3
50141,12
320216,12
215235,12
79271,3
79271,12
83937,12
240771,3
79468,12
127494,12
103420,1
62607,12
53945,3
85251,3
283630,12
372644,12
67522,4
17356,6
17353,6
93432,6
293122,3
293122,6
293122,12
78146,6
47504,3
47504,6
104993,6
59446,3
59446,6
117393,6
74210,6
61443,6
81298,6
293123,12
85250,6
71999,6
17348,6
254068,3
225607,3
225607,6
225606,3
225606,6
225605,6
225604,6
90566,6
518003,6
518082,6
293120,6
518053,3
319313,3
174582,3
174582,6
174582,12
17321,3
293135,6
344300,3
344300,6
55507,12
24419,3
24419,8
146859,1
120556,11
120555,11
308131,11
74599,1
525825,1
525825,3
525825,12
297886,1
297886,3
297886,12
353568,6
87428,6
17266,6
82026,1
121207,3
17235,4
77975,4
207983,4
207983,8
133131,1
133131,8
133131,11
120646,1
371161,1
371161,8
17203,8
327543,4
86715,4
371011,1
77856,6
94165,6
72377,6
128876,6
17182,6
42726,6
205691,6
62018,6
93198,6
75531,6
17157,6
17153,6
50545,6
17149,6
97587,6
152110,6
17118,6
124576,6
124574,6
17114,6
17104,6
87044,6
98573,6
57436,6
96682,6
17092,6
72048,6
60581,6
225592,6
63843,6
178344,6
517895,6
17074,6
517896,6
50164,6
70991,6
384043,6
384032,6
150390,6
53273,6
61301,6
202984,6
52458,6
74572,6
373902,6
164603,6
368122,6
45147,6
60564,6
44421,6
44420,6
87707,6
51281,6
48269,6
46995,6
54400,6
62285,6
84497,6
66496,6
521144,6
288049,6
62258,6
75477,6
240870,6
55746,6
374086,6
373891,6
211997,6
57185,6
17064,6
211996,6
521565,6
99170,6
521552,6
81913,6
65810,6
521255,6
76947,6
80664,6
517898,6
70232,6
84599,6
70884,6
72649,6
82446,6
52394,6
112199,6
93245,6
58563,6
116068,6
80057,6
46538,6
44734,6
96376,6
49611,6
56589,6
53638,6
155089,6
48789,6
57726,6
171640,6
128520,6
61630,6
64383,6
82406,6
63693,6
212028,6
254377,6
211982,6
382846,6
170592,6
517897,6
299871,6
127565,6
130273,6
86893,6
79931,6
59385,6
53723,6
86190,6
42296,6
58641,6
521593,6
68153,6
76700,6
74195,6
84142,6
517548,6
517440,6
517428,6
521517,6
518820,1
520242,6
285690,4
105291,11
87252,8
16987,6
236190,3
62900,6
171221,3
194597,3
81234,1
115770,1
240246,3
256708,1
256701,3
275636,1
298744,3
53107,3
307867,3
225585,3
319882,3
256365,1
299731,3
378651,6
378652,6
61032,6
17012,6
87456,6
17011,6
381074,6
381073,6
524586,6
55568,6
524734,6
317537,3
275631,1
212026,3
246450,3
67610,3
108478,3
70381,3
69009,1
284873,3
43322,1
17003,3
299735,8
257334,6
85738,3
83564,6
16991,6
65192,1
96517,6
63213,6
528767,6
114372,6
56214,6
344298,6
524691,6
73068,6
528846,3
367522,6
344296,6
197118,6
514608,6
387713,6
218437,3
226374,3
345457,6
16983,6
16984,3
194810,6
176831,1
301917,6
16980,1
78424,8
117388,8
101944,8
256684,8
16977,8
23853,8
23853,11
62329,6
512579,3
60015,3
51189,6
16971,8
506699,11
16969,11
59031,3
59031,11
74122,3
74122,11
64035,3
64035,11
263542,1
526449,6
77150,6
118399,3
118399,11
60115,6
72623,6
16949,1
118592,6
100951,6
235090,8
235091,8
16942,11
178822,3
178821,1
524589,6
73168,6
301915,6
16935,8
241859,8
54661,3
170466,3
170466,6
53106,11
105081,6
84741,8
84741,11
16930,3
110493,6
63084,6
87189,3
115246,1
301914,6
81892,1
63449,1
16923,3
288028,3
198953,3
505476,8
151061,1
95051,3
346814,3
505470,8
51524,3
171014,8
318870,8
113333,1
504640,8
300127,8
240891,3
246478,3
525255,6
387385,3
505473,8
336182,8
202846,1
362399,1
368910,1
94750,1
94751,1
93831,1
30142,1
99614,1
342348,1
199707,1
91222,1
349558,1
90246,1
358125,1
92890,1
183790,1
215967,1
93393,1
250650,1
30146,1
2742,1
215968,1
168758,1
29904,1
73820,8
73287,1
166025,1
30149,1
91502,6
89239,1
94876,1
96697,1
94073,1
100057,1
89413,1
218396,1
368911,1
30152,1
199709,1
99239,1
30154,1
91503,1
89240,1
94877,1
112725,1
92879,1
94074,1
96698,1
30155,1
258364,1
96201,1
65503,1
68164,1
170417,1
87954,1
96752,1
172108,1
90000,1
84390,1
215969,1
89076,1
92163,1
191558,1
368912,1
79708,1
94367,1
338713,1
174546,1
30166,1
91548,1
30168,1
174547,1
29933,1
30170,1
341982,1
89764,8
98919,8
92558,8
64726,1
96704,1
99763,1
90258,1
96489,1
113432,1
29942,1
180694,1
92176,1
77783,1
89332,1
192911,1
313313,1
307085,1
29945,8
30184,1
96349,1
98744,6
98745,1
236392,1
30178,1
89213,8
174548,1
96157,1
368913,1
100007,8
128822,1
358131,1
29956,1
93806,1
172112,1
99821,6
99822,1
91097,1
91097,6
380752,1
215972,1
287109,1
130093,1
29965,1
43788,1
96788,1
30187,1
96789,1
98554,1
93075,1
192912,1
380743,1
333438,1
30189,1
307084,1
30190,1
99301,1
89350,1
29969,1
89582,1
313317,1
87955,1
92531,1
164221,1
304851,1
313319,1
108376,1
325687,1
304850,1
30197,1
98331,1
183914,1
192913,1
94334,1
174550,1
93724,1
388785,1
294568,1
349557,1
89077,1
97285,1
30201,1
242732,1
168759,1
97367,1
192915,1
99814,1
94724,1
92272,8
349560,1
192917,1
174551,1
313320,1
108756,1
99426,1
313318,1
97368,1
30204,1
336368,1
89505,8
92183,1
99815,1
291735,1
29991,1
110060,1
174552,1
174553,1
218397,1
94726,1
90380,1
94725,1
130094,1
95013,1
89651,1
95885,1
29998,1
93690,1
318757,1
30000,1
168760,1
87960,1
98465,1
91069,1
174554,1
291739,1
171387,1
60793,1
97784,1
96037,1
215975,1
76868,1
93606,1
199714,1
91581,1
95095,1
93626,1
92333,1
117716,1
117716,6
94821,1
94821,6
30214,1
30214,6
30019,8
172113,1
30216,1
174555,1
92372,6
215979,1
235365,1
30218,1
109636,1
215981,1
199717,1
99055,1
291737,1
318758,1
318759,1
215984,1
103795,1
110560,1
25656,1
345415,1
130095,1
96812,1
30221,1
93084,1
97966,1
93636,1
94616,1
95371,1
30224,1
91450,1
95530,1
92593,1
102332,1
191559,1
180696,1
99115,1
52130,1
364874,1
318741,1
358124,1
275817,1
303225,1
358123,1
275820,1
358122,1
44845,1
255987,1
98411,1
173136,1
166012,1
96199,1
114426,1
71808,1
98647,1
173095,1
206412,3
206413,3
270622,3
206414,3
28282,3
95570,3
2801,3
2803,3
176253,1
2805,1
2805,3
73678,1
206416,3
97658,3
206417,3
206418,3
206419,3
117055,3
343887,3
343887,4
108880,3
108880,4
304035,6
304035,11
370888,4
2889,6
304036,4
168826,3
298021,1
254133,3
254134,3
220594,3
220593,3
367626,3
503704,1
2897,6
2903,3
24372,3
114489,3
102297,3
61061,3
227429,3
75542,3
117380,3
368905,3
333011,3
350005,3
369288,3
104321,3
522743,3
60800,3
56661,3
45644,3
114490,3
28657,3
204285,3
46543,3
67972,3
370889,3
141217,6
2921,6
206794,11
92508,3
241818,6
287311,6
309953,1
309953,3
206795,3
47189,4
28682,11
99345,11
28683,11
57221,3
212523,3
60150,3
86402,3
28694,6
28694,11
63287,1
75775,3
78304,3
83949,3
111692,3
376595,3
256907,3
256909,3
206806,3
25642,6
25642,11
198585,6
253928,6
345915,6
364880,6
345916,6
71211,6
358098,6
364891,6
372038,6
341598,6
374514,6
370890,6
361776,6
361776,11
52876,6
25482,6
198586,11
198586,6
170164,6
170164,11
180962,3
271970,3
175789,3
226981,3
64189,3
315490,3
196234,3
135124,3
138612,3
152126,3
344158,3
271846,3
127963,3
2969,3
260918,3
183826,4
206809,3
25038,3
2986,1
204505,6
360290,3
360291,3
360292,1
360294,3
360295,3
177932,4
85156,3
370657,3
353579,1
3051,1
3052,1
3054,1
207524,1
207525,1
94085,3
3056,1
251220,12
212828,3
212828,12
372916,3
3068,12
42449,12
195450,3
195450,12
139696,12
367812,3
367812,12
222920,3
192039,3
192039,12
183698,3
183698,12
237439,12
237439,1
108564,12
281170,3
281170,12
262829,3
192040,3
192040,12
372917,3
239380,12
114492,3
114492,12
194498,3
176280,3
85773,3
85773,12
52167,3
52167,12
155788,3
155788,12
281213,3
90254,3
90254,12
361729,3
361729,12
28785,12
270931,3
270931,12
139091,12
193946,3
193946,12
170373,3
170373,12
367524,3
367524,12
95867,12
137021,12
79429,3
79429,12
80433,3
80433,12
222923,3
222923,12
152286,3
152286,12
109511,3
109511,12
222924,3
211803,12
195143,12
316665,3
316665,12
181267,3
181267,12
151576,12
61409,12
339919,3
339919,12
337195,3
337195,12
285369,3
285369,12
28788,12
66570,3
66570,12
135663,12
369289,3
369289,12
361043,3
361043,12
359900,3
359900,12
91307,3
91307,12
152201,3
152201,12
124344,3
136123,3
136123,12
171739,3
171739,12
115067,3
115067,12
75063,3
75063,12
48373,3
48373,12
54557,3
54557,12
153263,12
45191,12
334724,3
334724,12
302850,12
345671,3
345671,12
325541,12
342437,3
361042,3
300949,12
121416,12
359898,3
281494,12
52916,3
52916,12
136210,3
136210,12
82225,3
207576,3
207576,12
530359,12
530360,12
530361,12
74341,12
47388,3
47388,12
177975,3
92987,1
170363,3
170363,12
274983,12
274983,1
154070,3
154070,12
151045,3
151045,12
212841,3
212841,12
530368,12
207579,12
176638,6
3174,3
299592,3
208332,3
291727,3
97469,3
208406,3
21620,3
308940,11
98105,1
216638,1
106095,1
3210,3
378992,4
175818,1
3322,1
3341,1
120260,1
120260,6
115947,3
115947,8
84048,3
28952,3
70109,1
307335,1
307335,8
69034,3
69034,8
124348,3
124348,8
350006,1
350006,8
138616,3
138616,8
58190,3
58190,8
118070,3
3410,3
150050,3
150050,12
209872,3
209872,12
89098,1
94987,1
198227,1
29189,6
91879,6
239971,3
239971,1
29196,3
42506,1
29200,1
29202,8
61277,3
3724,6
47694,6
54786,6
154908,6
29212,6
85867,6
182765,12
83422,12
3742,12
136013,4
127005,4
343229,3
185379,3
217936,3
29241,6
344847,3
228959,3
138565,1
359225,1
359225,3
214376,1
160813,1
210684,3
211171,3
211365,1
95516,6
3783,6
29268,6
335114,3
29275,3
132524,3
29282,1
222993,1
3791,6
212464,6
88844,6
212465,6
212466,6
212467,6
3793,6
212468,6
212469,6
3825,3
3825,8
119501,3
119501,8
29336,3
29336,8
387737,2
387737,11
273089,6
515183,2
515183,11
248247,1
336439,2
215575,1
378591,1
287963,3
379002,1
378590,1
215576,1
379001,1
241276,1
360243,1
385865,1
382776,1
315647,3
315647,1
127405,3
360989,1
360277,1
211253,3
537664,3
4036,3
104508,1
253881,3
4039,1
171979,1
4040,3
4097,4
4112,3
4112,4
99607,3
240120,3
95199,3
63265,3
45210,3
4174,3
95960,3
4178,3
91650,3
116976,3
94636,3
529847,3
213583,3
4197,4
30265,4
4206,3
213595,3
4212,12
529866,12
67006,12
213598,12
213601,4
116977,3
58848,4
4232,3
30278,3
30282,3
517163,12
76993,12
529862,3
517202,3
213590,3
213591,3
4237,3
529861,3
30542,1
213640,1
240297,1
115637,1
175834,1
188020,1
213643,1
507343,1
507231,1
507131,1
97131,11
4258,1
176639,11
377798,11
213775,1
4327,6
79054,6
254933,6
94800,6
277154,6
92375,6
77635,6
112965,6
72036,6
55040,6
53171,6
147691,6
22932,11
107773,1
117706,3
361223,3
361819,3
360278,1
245133,3
320683,1
297329,3
291252,3
352649,3
350007,1
125474,3
301959,3
297332,1
301703,3
245126,3
285588,3
89930,1
228294,1
367705,3
272618,1
359261,1
181205,3
373771,1
352233,1
352233,3
285131,3
271885,3
301963,3
345236,3
285381,3
237779,3
281255,1
245128,3
285382,1
285382,3
248511,3
352239,1
352239,3
49408,3
359103,1
359103,3
352235,3
359104,1
359104,3
117707,3
359102,1
359102,3
254140,1
298390,1
364943,3
364945,1
112300,3
240739,1
240739,3
104467,3
364944,3
325312,3
112331,3
364946,1
358923,3
361818,3
102296,3
238472,3
272717,1
114498,3
221252,1
221252,3
68194,3
96493,3
125059,3
348584,3
61505,3
373770,3
81224,1
202553,1
237443,3
364951,3
249927,3
221083,3
115079,3
256918,1
360313,3
130616,3
130615,3
364952,3
44554,1
182332,1
214473,1
245131,1
245129,1
237091,3
71026,3
106103,1
371953,1
243472,1
371954,1
371955,1
256125,1
317462,3
4370,1
250225,1
312649,3
238810,1
85133,8
253717,3
226841,3
504812,3
110164,3
248515,6
243148,6
299737,3
182179,3
374042,3
219371,3
183329,3
216830,3
101114,3
95201,3
4457,3
238429,3
30691,3
110254,3
4463,3
23474,3
138860,6
131185,3
23530,6
367842,6
57103,6
91366,6
384933,3
134634,6
214690,3
101674,3
221912,3
4471,3
45244,3
22864,3
335605,4
4476,3
53856,3
28401,3
72190,3
242408,1
254629,1
272074,3
30695,3
23475,3
226690,3
255374,3
218559,3
238812,3
299739,3
238815,3
68714,3
127891,3
77105,3
95041,3
4490,3
131188,3
168291,3
168306,3
238813,3
223067,3
303598,1
228458,3
112793,3
101679,3
101680,3
4498,3
72885,12
237811,3
364729,3
357586,3
289121,3
240035,3
351291,3
518436,3
4689,6
529553,1
59250,6
30789,1
64534,6
57952,6
212744,1
4712,12
58412,12
327923,8
247492,6
327514,6
387739,3
269525,3
253328,6
253237,6
4720,3
247493,3
81368,6
385408,1
30791,1
227828,1
370831,11
4735,1
66548,1
253063,1
4738,3
368948,7
138286,11
242023,7
141075,1
387599,3
85056,6
284109,3
4789,1
294387,3
345441,3
322456,3
309917,3
297381,3
256922,3
322203,3
27641,3
91286,3
170391,3
60450,6
61334,6
537151,1
353572,4
353573,4
386818,8
353581,4
353581,8
353519,8
353519,11
104393,8
104393,11
132141,12
132142,12
132143,12
132144,12
132132,12
132133,12
132133,3
132134,12
132135,12
119191,12
119192,12
119193,12
282544,12
5130,12
135468,3
85131,3
152842,3
78756,12
5147,12
101163,12
521708,12
119185,12
142792,12
119186,12
119187,12
119188,12
529612,12
168934,12
124048,12
521650,12
518084,12
368023,12
130552,12
41152,3
23399,3
341630,3
218242,6
5200,12
126391,12
360341,4
359605,4
371075,4
337028,4
117068,4
203277,4
317571,4
320312,4
317573,4
359614,4
203275,4
203276,4
249334,4
284510,4
371076,4
91754,4
136751,4
50696,4
49632,4
66514,12
30998,12
62766,3
22782,12
109593,12
68693,12
5236,12
5237,12
205350,3
280823,1
106108,1
31018,1
195618,1
182468,1
228838,1
229490,1
336369,1
331209,1
107696,1
97018,1
69755,1
69755,8
180699,1
94179,1
97608,1
43478,1
223169,1
223169,8
112727,1
112727,4
62150,1
62150,8
94247,1
31067,1
71667,1
97136,1
91054,1
336906,1
333416,1
318760,1
360838,1
92052,1
215977,1
223171,1
223171,4
93108,1
93108,8
93721,1
84197,1
360837,1
199711,1
78802,1
78802,4
119058,1
215959,1
192919,1
119064,1
218398,1
119065,1
119066,1
119068,1
318583,1
42464,1
387483,1
387484,1
93799,1
387478,1
56904,1
84627,1
91142,1
237591,3
5291,1
66762,3
60316,4
114596,3
90577,3
206712,4
352667,3
264548,1
312947,1
335805,3
243178,3
243178,8
5309,6
5346,1
5370,1
322457,6
375946,6
322461,6
371587,1
86658,6
177900,6
121632,1
327500,4
5512,4
5542,4
259134,4
5543,4
5473,4
66532,1
25668,1
79171,1
56890,1
194491,12
89726,12
288129,12
288129,3
290272,12
341814,12
341814,3
344180,12
344180,3
286117,12
286117,3
256749,3
359980,12
226587,3
133848,1
71621,1
121935,1
102554,3
135431,1
218256,1
68987,6
97297,1
162226,1
137485,1
524449,6
233471,1
97667,6
121936,1
55125,6
99866,6
77308,1
121937,1
84255,1
45079,1
76842,6
42324,6
94015,6
137487,1
74266,1
54826,1
217857,1
119207,1
98955,1
54284,6
31600,6
98091,6
265815,1
33969,1
299513,1
58872,1
83687,1
130165,1
44412,6
52642,1
73359,1
299183,1
374224,1
132148,1
73360,1
301342,1
119204,1
76201,3
52679,1
242213,1
283677,1
242130,1
220395,1
242215,1
44332,1
374330,1
242126,1
143131,1
143141,1
160515,1
160514,1
103704,1
44333,1
242122,1
278251,1
66369,1
339052,1
291859,1
176624,1
68114,1
288906,6
288906,3
328135,1
242210,1
93943,3
93943,6
31611,1
344182,3
522747,6
522979,6
73695,1
49675,6
343789,1
274990,1
274991,1
274992,1
49773,1
63917,1
194925,6
115406,6
53618,6
93086,6
74171,6
204341,3
47715,1
375151,3
281380,6
117044,1
77508,1
90523,6
109613,6
197561,6
122075,6
53279,1
102305,1
85350,6
50650,1
80363,1
96155,1
87815,1
96154,1
58247,1
31638,3
370069,6
347359,1
97736,6
92880,1
70968,1
515201,1
243610,1
75265,1
31650,3
137504,1
105146,1
96614,1
257323,6
81490,1
60767,1
339944,1
290946,1
94006,1
94006,6
79717,6
220410,1
153998,6
99260,1
76078,1
219221,1
143134,1
167787,1
56313,1
64640,1
183251,6
66232,1
44489,1
143264,1
121588,1
68547,1
141971,6
60768,1
31681,1
52068,6
525696,6
137931,1
70503,1
57499,6
42564,6
237328,1
93742,6
115010,1
117456,1
136441,1
115006,1
108274,1
109726,1
292857,1
237431,1
92225,6
86108,6
99634,6
167782,1
241872,1
172291,1
73091,1
43261,1
67296,3
67296,1
130296,1
241820,1
298077,1
64230,6
69806,6
85453,1
217613,1
374232,1
285896,1
66956,1
71502,1
282411,1
93675,1
66813,6
87254,1
128945,1
95976,1
306316,6
177345,6
132149,1
75064,1
344141,1
227128,1
251849,3
83153,6
218001,1
108729,1
119208,1
234187,1
374237,1
65467,6
339945,1
179005,1
124154,1
101701,1
277336,6
75496,1
105298,1
170939,6
163502,6
68020,1
339050,1
46378,1
53805,6
532213,1
97674,6
196419,6
54416,6
338089,1
276131,1
277333,1
288964,1
318749,1
62385,6
252224,1
53793,1
75761,3
94522,1
97723,1
66605,1
66605,3
92306,1
276164,3
276165,1
288957,1
276128,1
276129,1
276130,1
243228,3
339051,1
277335,1
288653,1
277334,3
301344,1
301362,1
321006,1
338092,1
338091,1
346649,3
346651,1
346650,3
346646,3
346645,6
346648,1
346652,1
387010,3
500771,4
500771,6
378593,1
524256,1
526113,6
102603,1
91106,1
97995,6
294496,3
301359,1
301357,1
301353,1
301355,1
297641,1
344777,1
344778,3
515200,1
344781,3
344783,6
301341,1
507779,1
385321,3
344776,1
217614,1
137503,1
177349,1
105300,6
378592,1
231518,1
321007,1
237643,1
301361,1
137500,1
265814,1
532633,1
242216,6
242216,3
301352,1
517393,6
338090,1
258532,1
243614,1
517446,3
288995,1
237644,3
288648,1
317125,1
177256,6
176025,1
344779,3
526203,6
289771,1
242209,1
369290,6
273606,1
288951,1
344780,1
300473,1
320225,1
500874,4
500874,6
143132,1
283673,1
300474,1
328134,1
242957,1
318704,1
301354,1
289770,1
301356,1
301358,1
254510,1
301343,1
278249,3
326844,1
344782,1
273607,3
293587,1
306602,1
347358,1
314450,1
369952,6
190976,1
278253,1
150934,1
139586,1
31541,3
31541,6
5697,6
31547,6
5704,1
237093,3
293759,1
5711,6
181960,6
93620,6
168892,6
74131,6
115908,6
112153,6
31551,6
151341,6
42929,12
5722,6
76557,6
94005,6
301000,6
5727,1
293493,6
5729,6
5730,6
42914,6
171376,6
31562,6
21602,6
5734,6
271851,6
190129,6
19962,6
5739,6
30461,6
5743,12
218508,6
95396,3
270558,3
80492,6
529090,6
368802,1
383650,6
383651,6
109923,6
102221,6
68989,6
131218,1
57057,1
111165,6
111165,1
69898,6
86353,6
89132,6
67430,6
5755,3
98721,6
92457,1
48167,6
108305,1
159486,3
337956,3
377009,3
308666,6
91505,3
108100,6
91263,3
334468,3
306845,6
374711,3
5757,6
110356,6
153685,3
31752,6
163302,6
179322,6
5759,6
81774,6
5763,6
5765,6
335308,3
335309,3
293040,1
55571,3
281490,3
281490,8
166443,1
50756,1
90247,1
94120,1
387410,1
198594,3
44562,6
74561,3
42544,3
31760,3
5771,1
316520,3
103691,3
43947,3
82312,3
115857,1
167945,1
253166,1
97424,3
88548,3
23341,1
5835,1
31796,4
297518,3
297518,4
302802,3
302802,4
293365,3
293365,4
31805,3
536985,1
537011,1
537011,3
537304,1
537304,3
536959,1
537010,1
537010,3
537287,1
537287,3
537359,1
537359,3
531133,1
529948,1
5888,1
537103,1
537032,1
530935,1
529996,1
529990,1
529989,1
530936,1
326682,6
158441,1
303828,4
70567,3
219228,3
249616,3
29272,3
218423,3
209005,3
317234,3
74280,3
5989,3
310118,3
135366,3
183253,3
47521,3
21108,3
6006,3
6008,3
72943,3
45740,3
525874,3
218569,3
169582,3
117519,3
31851,3
180344,3
76398,3
58478,3
118142,3
25060,3
20683,3
290823,3
367730,3
103146,3
87536,3
24700,3
231320,3
279733,3
298098,3
170646,3
64330,3
6133,12
114996,3
150811,6
78543,6
6139,3
296102,12
51581,12
522656,3
195632,3
307418,3
145998,3
158512,6
158512,12
61646,3
525410,3
389092,3
240471,1
374906,1
189838,3
117272,3
226328,3
46948,3
314101,3
64829,3
517287,3
380623,3
534829,3
268564,3
240478,3
6230,3
200188,3
103614,3
522974,3
517091,3
517092,3
518276,3
519010,3
519979,3
6243,3
268574,3
377739,3
377740,3
76835,3
296469,3
140034,3
226329,3
187830,3
6229,3
104387,3
345342,3
525795,3
254610,3
364439,3
511669,3
349539,3
526447,3
336462,3
506626,3
345343,3
525484,3
336466,3
316737,3
353807,3
365024,3
377074,3
256620,3
522922,3
374394,3
384497,3
382805,3
385347,3
514313,3
526092,3
532796,3
361424,3
526269,3
530332,3
525904,3
526152,3
525718,3
525806,3
526095,3
530333,3
345324,3
371265,3
315330,3
342449,3
357381,3
506688,3
371273,3
331257,3
362015,3
359663,3
362017,3
511584,3
371266,3
345326,3
371267,3
533205,3
349534,3
326338,3
345347,3
511696,3
505288,3
505289,3
505290,3
371268,3
511680,3
352084,3
521214,3
525998,3
535853,3
536248,3
505284,3
507868,3
507866,3
371274,3
535899,3
511339,3
377076,3
505287,3
528879,3
355908,3
535918,3
505299,3
517424,3
514312,3
525497,3
531291,3
361425,3
505304,3
352314,3
505286,3
306250,3
374124,3
533305,3
526006,3
505308,3
536737,3
505300,3
521458,3
342448,3
518025,3
528907,3
517787,3
517993,3
519700,3
521728,3
521408,3
368684,3
525821,3
360226,3
521557,3
521178,3
521330,3
521094,3
530331,3
530330,3
505309,3
512640,3
525878,3
349703,3
356008,3
271270,3
271106,3
269585,3
296675,3
303249,3
271107,3
301459,3
206881,3
249880,3
285393,3
527663,3
371275,3
285394,3
343473,3
359665,3
317252,3
380868,3
349702,3
505305,3
369358,3
527013,3
298719,3
274595,3
372474,3
372473,3
372472,3
119919,3
32023,4
261430,4
41202,1
301831,1
528806,1
193426,1
220216,3
220216,6
125571,6
256108,6
280171,3
139006,8
180027,3
321697,1
92123,3
256110,3
278313,3
255455,3
107040,3
316315,3
323061,8
125990,3
269665,3
298030,3
370753,3
299497,6
194718,6
182123,3
517262,3
357530,3
42160,3
382781,6
313940,3
314387,3
344142,3
47797,3
256111,3
370752,3
197261,3
40954,8
304656,3
6480,8
32068,8
124117,3
124118,3
166894,3
6483,8
233223,3
41313,3
116857,3
138541,3
136019,3
150424,3
124120,3
168647,3
6486,3
368155,3
304624,3
155009,8
304628,3
195962,3
197875,1
60287,1
138266,3
168648,3
375213,6
275892,3
180028,3
169660,3
179895,3
97119,8
129081,3
226721,3
33977,3
32073,3
90367,1
140818,3
56041,3
180964,3
349449,3
32072,3
138543,3
40956,1
142064,8
63809,3
223352,8
138545,3
170118,3
114352,3
114353,3
6491,6
6492,6
97838,6
83268,6
125574,8
124123,3
114354,3
6494,3
302098,3
124124,3
336922,8
104580,3
41317,8
85119,8
197958,3
150427,3
107041,3
93397,8
304638,3
168652,3
93073,3
256757,3
99349,3
99350,8
93404,3
259353,3
94565,1
6501,8
169662,3
101552,11
286585,3
258248,3
96311,6
90106,6
99427,6
99427,8
94691,1
94691,11
350602,6
96359,6
307093,6
352289,6
66499,6
66499,11
98999,6
89392,1
307705,6
336371,1
89925,6
218399,6
97053,6
97053,11
293430,6
89393,1
72415,6
49687,6
173097,6
94783,6
66531,6
96573,6
96573,11
100322,6
58874,1
58874,11
89384,6
57159,6
57159,11
67703,8
108627,6
308094,6
93480,6
350603,1
100113,6
98273,6
94489,6
94489,11
96443,6
96443,11
96444,6
96444,11
100088,6
96352,6
98778,6
98778,11
64317,6
90911,6
56955,11
89039,1
92063,6
92063,11
95438,6
77329,6
345419,1
345420,6
328521,6
49889,6
89390,6
89390,11
71569,1
71569,11
97351,6
90949,6
97724,1
97725,6
97725,11
94108,6
94108,11
96180,1
128826,6
317158,6
128922,6
99465,6
69799,6
111202,1
174094,6
103905,6
76113,8
90091,6
47432,6
68273,6
53538,6
47262,1
99707,6
365985,1
89389,6
104945,1
72414,6
99737,6
47571,6
91931,6
128921,1
93455,6
128824,1
91837,6
96972,6
95221,6
293229,1
192922,1
95542,1
98452,1
337336,6
231432,1
51768,6
95543,1
96965,1
98453,1
93754,1
34148,1
98070,8
98070,11
98978,8
98978,11
291745,1
97317,1
42086,1
324238,1
338791,1
91181,1
59819,1
121293,1
128828,1
318761,1
368394,1
368395,1
368398,1
368400,1
6682,1
100324,8
99902,1
96656,1
6690,1
6690,8
58721,6
32458,8
32458,11
32447,6
90516,1
50783,6
96440,6
98066,1
349701,1
369950,1
84807,6
183791,1
321513,1
92629,6
199708,6
199716,1
192927,8
328179,1
328179,8
51335,1
90130,1
90130,8
317865,1
96655,1
97557,8
90600,8
90600,1
100325,1
100325,4
108904,8
97928,8
112154,8
98832,8
99416,1
323374,1
326564,1
263575,1
150286,1
41997,1
322020,6
334654,6
221090,6
163026,3
114524,3
122440,3
77925,3
504993,3
343736,3
32544,3
153207,3
124851,3
6763,8
121981,11
6767,3
25696,3
186949,3
178717,3
32527,3
6770,11
243420,11
81302,11
98735,3
32535,11
163751,11
58992,3
51715,11
180073,3
171035,11
32561,3
301274,3
133838,3
6780,3
525977,3
73759,3
135671,3
134738,3
207545,3
228067,3
114505,3
104003,3
248909,3
387005,1
81895,3
372772,1
529565,3
334052,3
181329,1
152161,1
91465,1
343790,1
183486,1
66150,6
99467,1
199218,1
199218,4
272173,1
309921,1
229797,1
523299,1
523299,4
298442,1
170182,1
81483,1
6799,1
31407,8
22228,1
232496,1
505062,1
522568,3
522568,8
505061,6
311032,3
253644,3
46666,3
48980,3
87806,3
514316,3
6819,3
130791,3
283871,3
6829,3
25061,3
6830,1
234386,3
65437,3
102443,3
344071,3
344071,12
339350,3
339351,3
301055,12
255398,12
63542,1
273781,12
359185,3
359186,3
170395,3
181701,3
32653,12
231327,3
231327,12
6919,12
63685,12
368689,3
368689,12
367947,12
326792,1
125710,3
154668,12
6925,12
183592,12
226170,12
84672,3
84672,12
231324,3
374126,1
374126,4
140097,3
211195,1
202678,1
222349,1
253745,3
530584,3
530584,1
278293,1
222350,1
135873,3
7037,1
383325,3
32725,1
211196,1
332113,3
332103,3
332115,3
332109,3
176926,3
176926,1
296819,3
296819,1
115159,3
245183,1
93910,3
24037,1
105713,3
191857,3
105714,3
46564,3
90038,3
137530,3
84330,3
75331,3
44239,1
7087,1
90919,1
253744,1
226441,1
336813,1
254027,3
340801,1
340801,3
340802,1
340802,3
340641,1
284119,12
7156,3
28157,3
271363,12
74322,3
52187,3
52187,12
112608,12
102420,12
359845,3
359845,12
312319,12
104179,12
102492,12
367740,12
102218,3
102218,12
114508,3
114508,12
83461,12
298840,12
56971,3
56971,12
7181,12
7185,12
7186,12
193948,12
7189,12
158810,12
158810,3
158812,12
166395,12
71782,3
32847,3
60545,3
60545,12
81086,12
81086,3
337112,3
260686,3
130014,1
327831,1
60350,3
84077,6
7229,6
106126,6
334691,6
70762,9
70762,8
70762,3
70762,6
335252,1
7350,4
129118,4
7366,4
92033,1
68895,1
68895,11
52663,1
95612,1
315010,4
526155,4
91659,1
58192,1
87553,11
58966,11
57923,1
349407,1
373513,1
349408,1
349409,1
137543,11
137543,1
349410,1
349411,1
349412,1
111132,1
347729,1
373048,1
378722,1
78581,1
350079,1
350079,11
526440,4
43733,1
94698,1
222063,1
222063,4
52706,1
96050,1
297211,1
89195,1
315645,1
55925,1
77918,1
77918,11
93761,1
79077,4
79077,11
58472,1
54840,1
170842,1
46584,1
46584,11
69779,11
69779,1
54108,1
242943,1
75745,1
75745,11
102401,1
342505,1
91281,1
240390,1
240390,11
353422,1
74781,1
59920,1
93220,1
182217,1
96835,11
90117,11
66475,1
526295,4
43622,1
105183,1
33165,11
58074,4
167401,4
281160,1
281160,11
258243,1
258243,11
109725,1
55619,1
296203,1
363837,1
537774,1
46895,1
46895,11
57999,11
526177,4
92175,1
80012,1
297208,1
50721,1
121563,1
91335,1
47285,1
47369,4
197402,1
96102,11
46211,1
98426,1
96891,1
82921,1
82921,11
97727,1
282440,1
333499,1
333499,11
111320,1
111320,11
95225,1
69721,1
66948,1
353416,1
302407,1
48359,11
48359,1
68300,1
68300,11
526401,4
94533,1
94533,11
96820,1
93998,11
93998,1
536375,1
113630,1
76520,1
50392,11
50392,1
57739,11
192398,1
336561,11
94815,1
94815,11
364191,1
180399,4
83233,1
83233,11
281607,1
69561,1
315046,1
315046,11
103039,1
93025,1
75041,1
98670,1
114929,1
114929,11
353430,1
99706,1
72933,1
353431,1
57244,1
353418,1
136119,1
305948,11
305948,1
49061,1
281609,1
82831,1
92240,1
154823,4
99346,1
33318,1
170859,1
170860,1
250589,11
183460,1
78393,1
310477,1
351302,1
517291,1
537872,1
348093,1
376951,1
120473,1
296648,3
62589,3
245746,3
77754,1
152474,1
334783,1
33344,1
114513,1
368691,1
82034,1
284965,1
234000,1
114011,1
365044,1
219996,1
234001,1
370912,1
345599,1
360384,1
350935,1
216755,3
315577,12
315577,3
189957,3
517462,3
367748,3
138569,3
7541,3
93563,3
139573,3
90288,3
130972,3
90567,3
156170,3
358784,12
358784,3
278065,3
278065,12
227495,3
306372,3
126693,3
315581,3
90289,3
306374,3
350675,3
350675,12
278066,3
99575,3
99576,3
126694,3
131250,3
335837,3
184348,3
169452,3
97864,3
7542,3
232648,3
7543,3
223607,3
291695,3
241374,3
194558,12
138568,3
93935,3
208025,3
241133,3
30456,3
517726,3
350650,3
30358,3
97886,3
119792,3
97188,3
343514,3
136448,3
119800,3
517414,3
92400,3
311952,3
216759,3
372087,3
198444,3
306383,3
198404,3
127905,3
155989,3
131731,3
324266,3
324266,12
310334,3
255459,3
153105,3
365351,3
365351,12
72330,3
302040,3
324267,3
56104,3
517348,3
367989,3
367989,12
126674,3
307972,3
153107,3
520920,3
30424,3
126682,3
89933,3
155592,3
96582,3
30394,3
359764,3
155810,3
315593,3
167661,3
232928,3
306375,3
113948,3
194426,3
170364,3
375177,3
300594,3
236215,3
290748,3
350680,3
182603,3
155604,3
212088,3
194425,3
208023,3
134063,3
335548,3
194423,3
167663,3
138622,3
335549,3
126651,3
127675,3
97394,3
367950,12
367950,3
136445,3
208063,3
290616,3
92126,3
223613,3
97232,3
139572,3
208047,3
165653,3
97575,3
238833,3
7582,3
194345,3
301262,3
301262,12
321441,1
369849,3
95866,3
198394,3
198398,3
198399,3
172787,3
346013,3
99277,3
126686,3
131733,3
126655,3
81540,3
359765,3
7584,3
517457,3
7553,3
198421,3
178928,3
517671,3
340805,3
7596,6
248801,3
346121,3
299499,3
240996,4
240996,3
250158,3
181333,3
181333,1
143575,3
143575,1
340857,3
340858,3
346122,1
376219,3
336580,3
333427,1
333427,3
346116,3
346116,4
346117,3
346117,4
350014,3
298603,3
242620,4
242620,3
317397,3
302132,1
302132,3
309924,4
309924,3
344848,3
365051,1
365051,3
350499,3
350015,3
381318,1
381318,3
344205,3
344205,4
344207,3
344207,4
344204,3
334787,1
334788,3
334786,3
297430,3
338977,1
338977,3
294673,3
229045,1
197090,6
177419,6
254518,3
254518,1
217082,3
7810,6
7814,3
7825,11
521752,3
223662,6
223662,8
73636,3
226722,3
110700,3
227603,1
33523,1
228049,3
176070,6
187652,3
179824,3
179824,6
327128,1
217983,3
80929,6
252826,3
98464,1
282670,1
282670,3
48863,1
113679,3
79820,1
104786,1
104786,3
117371,3
125484,3
236528,6
177618,3
306605,3
517627,3
374043,3
172943,1
221590,3
221590,1
359850,3
131111,3
182447,1
182447,3
520640,3
117997,3
110415,3
209055,1
209055,3
209055,8
517355,6
512122,3
33527,6
186785,3
194559,3
361709,3
361010,3
361077,3
361079,3
361076,3
361081,3
279221,3
191134,3
168976,1
140052,3
226693,3
269664,1
269664,3
208639,3
250976,1
250976,3
242424,1
242424,3
166050,3
272927,1
272927,3
115613,3
268912,3
151200,3
180971,6
226848,3
227631,1
112830,3
373777,3
373777,6
142512,3
194563,3
142494,3
262697,6
262701,3
310183,3
353026,3
353073,3
353027,3
271973,1
271973,3
175747,3
200165,3
243430,3
360274,3
359570,3
349800,3
360275,3
351143,3
359571,3
352419,3
349801,3
359572,3
359573,3
262700,6
384598,6
320147,1
279662,3
217985,3
101364,1
64192,1
268932,3
274713,3
274713,6
173103,6
503509,6
7866,6
65097,6
65097,8
94610,3
152534,3
244128,6
115570,3
239704,1
239704,3
242951,3
194180,6
96118,6
134598,3
65098,3
274714,1
99926,3
7881,6
102759,3
95865,3
7883,1
71788,6
7884,3
52525,3
104482,3
98058,1
94020,6
358911,3
90484,1
60296,6
22873,1
226644,3
197026,1
197026,3
221591,3
79850,3
47667,3
247629,3
57944,1
33463,11
23899,3
357476,3
326141,1
326141,3
91125,6
520518,3
296391,3
251615,3
92369,6
167589,3
520542,3
69280,6
521121,3
221592,3
105661,3
226647,3
180968,3
511366,3
76102,3
7897,1
7898,3
200867,11
7900,1
297593,6
299831,3
136311,3
197271,3
204263,1
51606,1
66920,3
66921,1
89569,3
95302,1
71022,6
526179,1
526179,3
130829,3
79057,3
115617,3
521411,3
113951,3
105658,3
105658,1
176981,3
187648,1
187648,3
101155,3
300252,3
360712,3
195577,3
238475,3
350992,3
233871,3
68070,3
191323,3
191323,1
353109,3
521625,3
519716,3
44383,3
44612,3
131709,3
343797,3
511002,1
511002,3
151047,3
244150,3
350016,3
304591,3
136479,3
191793,1
191793,3
144905,3
166152,3
183594,3
351773,3
194554,3
124383,3
247632,3
23113,1
76666,1
273391,1
273391,3
7924,3
182538,1
111812,3
270565,3
116517,3
155262,3
22949,3
22949,6
7926,11
62451,6
127113,3
68904,11
172105,3
172105,6
136944,6
102712,3
197273,3
90678,11
204290,1
236173,6
63165,6
99410,6
127114,3
127114,6
208921,3
56826,3
56826,6
127554,1
127554,3
194427,6
85308,6
93578,6
141223,3
141223,6
155674,3
155674,6
94407,3
94407,6
336503,8
127115,3
127115,6
155677,1
155677,3
97850,11
41835,11
124167,6
210854,6
212176,3
212176,6
245147,3
245147,6
172576,6
197530,3
197530,6
90942,6
33499,6
97849,6
89025,6
84335,6
360507,1
360507,3
278445,6
56435,6
43634,3
518478,3
181256,3
227334,1
227334,3
157994,3
120688,1
90448,6
218250,3
197705,3
85759,11
317159,3
7937,11
254804,3
254804,11
177477,3
177477,11
179050,3
179050,11
101162,3
272737,1
272737,3
242952,3
7943,11
269832,1
269832,3
84371,1
84371,3
245149,11
92273,3
92273,6
337419,3
337419,6
343924,1
343924,3
127487,6
512219,3
512219,6
536644,1
536644,3
120692,11
336743,3
336743,6
91260,6
91260,8
195407,1
237024,3
202621,3
65708,3
537786,1
537786,3
151245,3
178548,3
68513,3
197529,3
307723,3
525582,3
96379,3
103471,1
59200,1
170246,3
537770,1
537770,3
236226,3
55016,6
353309,3
357610,3
346559,3
370108,3
361232,3
377913,3
359187,3
351309,3
342934,3
374247,3
367753,3
136883,3
361147,3
293384,3
333196,3
84947,3
368996,3
170777,3
299542,3
94705,3
242428,3
336379,3
325517,3
361988,3
211934,1
49542,3
307170,3
273555,1
334919,3
324049,3
307814,3
90504,3
324050,3
316477,3
316478,3
361149,3
307815,3
284015,3
117411,3
315333,3
343955,3
261470,3
175022,3
324052,3
7955,3
334669,3
219998,3
307014,3
270115,3
179962,3
130809,3
99612,3
284271,3
299336,3
83337,1
61266,3
226655,3
377077,3
517405,3
319936,3
306954,3
283490,3
75065,3
134739,3
316480,3
299547,3
192721,3
65802,3
117570,3
361145,3
126341,3
370182,3
355594,3
307177,3
368873,3
521554,3
137752,3
182863,3
351088,3
254588,3
325836,3
65803,3
195131,3
273392,1
79217,3
334923,3
99419,3
299549,3
299551,3
347510,3
361141,3
361142,3
361992,3
273215,3
194944,3
334924,3
281306,3
361143,3
307178,3
384611,3
316507,3
316482,3
376797,3
386894,3
386923,3
334926,3
368444,3
519705,3
361148,3
210751,3
382517,3
374397,3
354444,3
385130,3
386924,3
68091,3
136431,3
7958,3
220000,3
223682,3
228312,1
315648,3
219470,3
307106,3
271159,3
350993,3
115454,1
211133,1
220908,3
7970,3
241467,3
7976,3
7976,8
153199,3
7979,1
99719,3
195789,3
227949,3
136177,1
90048,1
227950,3
239952,3
136954,3
170914,3
169160,3
193194,3
315858,3
7984,3
221593,3
96515,3
286930,3
286930,8
521368,3
521368,8
227389,4
208770,4
324268,4
226618,4
386795,6
386799,6
354311,1
8034,6
82893,6
8051,6
304026,3
304026,1
357202,3
33621,3
312681,12
275902,12
146369,12
356539,12
312682,12
8142,3
355301,12
268652,3
8148,3
77117,6
77117,12
125486,3
125486,8
114520,1
90710,1
104441,1
155895,3
155895,12
80300,1
378655,6
378654,6
91308,3
91308,8
33653,1
159113,4
60013,3
8189,3
8200,12
8202,12
175158,12
33668,12
285918,3
47928,1
124355,3
168840,3
214488,3
198566,3
179827,3
368101,3
104491,3
255000,3
255001,3
317269,3
306904,3
44146,1
366172,3
33711,12
8255,12
297266,6
8268,3
103130,3
8267,3
8271,4
8272,3
333382,3
345640,4
8273,3
506853,4
8275,3
176662,4
506628,6
504241,3
506750,3
503904,4
504897,3
506758,3
506769,4
506557,4
503971,3
124537,4
124537,8
69122,1
69122,8
363768,1
326965,1
101799,4
101799,8
75653,8
161970,1
92631,1
326972,1
48181,6
8335,1
194522,1
194522,4
194522,8
370529,2
69320,2
58743,2
344881,1
344881,11
195643,2
195643,6
195643,11
69929,2
69929,6
69929,11
195648,2
195648,11
85748,11
80208,2
80208,11
84080,2
84080,1
84080,11
92495,2
270812,3
270812,6
96886,11
70914,11
155682,3
384613,1
384613,3
360153,3
369293,3
384614,1
384614,3
384615,1
384615,3
138263,3
351638,3
324936,3
355182,1
343798,3
116734,3
99362,1
79127,1
91395,8
97118,6
98548,1
34015,6
55186,6
43832,1
77469,1
205740,1
205740,8
53457,1
53457,8
238974,1
91673,6
65729,6
92285,1
360618,1
78337,1
209579,1
194953,1
154376,1
206634,6
83756,1
83756,8
98151,1
92663,6
253648,1
67113,6
34024,6
73141,1
94959,6
194955,1
154377,6
238985,1
81070,6
56782,1
182210,6
85506,1
524341,1
324220,1
511959,1
351310,1
238016,6
95366,1
95366,8
92853,1
92853,8
88587,1
78395,1
78395,8
99004,6
204296,1
34033,1
62314,1
62314,8
59025,6
79309,1
115903,1
90011,1
90011,8
98443,6
69979,6
56339,6
56810,1
63504,1
528993,1
311352,1
8466,1
8473,8
223765,6
223766,6
8467,1
8476,1
8476,8
8468,6
223769,6
43973,1
254908,1
179483,1
85634,1
175663,1
175663,3
320141,1
320141,3
143573,1
114542,3
34081,3
48554,3
213162,3
164023,3
8505,6
8510,1
367757,1
334792,1
345328,1
518042,12
518074,3
518074,6
300351,1
127415,1
103716,1
370698,3
370697,3
211882,3
180988,1
39162,3
328470,1
328470,3
514339,1
514339,3
363901,1
363903,3
363905,3
500978,1
500978,3
500979,1
500979,3
500591,1
500591,3
501733,1
501733,3
308783,3
308785,1
347057,3
515218,3
237812,1
237812,3
377081,1
377081,3
377078,1
377078,3
388263,3
377080,3
377082,3
355187,3
270365,3
227664,3
387397,1
387397,3
358838,3
251261,1
319545,1
291685,1
353363,3
328471,1
328471,3
518415,1
518415,3
368700,1
368700,3
228068,3
297728,1
521614,1
521614,3
378066,3
301470,3
277298,3
384612,1
384612,3
297713,3
271394,1
286286,1
284551,1
285233,1
237689,1
237689,3
164350,3
271395,1
521455,1
521455,3
374411,1
374411,3
374413,3
361011,3
511349,1
511349,3
511397,1
511397,3
374414,3
374415,1
374415,3
307009,3
368702,3
374416,3
286076,3
300898,3
302851,3
500818,1
500818,3
385014,1
385014,3
385015,1
385015,3
500749,1
500749,3
363900,1
363902,3
363904,3
511941,1
511941,3
362134,3
326959,1
528826,1
528826,3
284539,1
169666,3
285134,1
101199,3
157787,3
182539,3
138118,3
271212,3
298140,1
298140,3
8572,1
344482,1
344482,3
336512,1
336512,3
336513,3
344483,3
385049,3
287343,3
94957,1
94957,3
91688,1
91688,3
94863,3
188714,3
351164,1
351164,3
8575,3
227987,3
347041,1
347041,3
308788,3
302817,3
308786,3
308787,3
302312,1
302312,3
528822,1
528822,3
346735,1
346735,3
271393,3
301460,1
301460,3
251253,1
251253,3
287157,3
88275,1
211136,1
272751,3
307632,1
307632,3
352726,3
534382,1
534382,3
359578,3
285133,1
67823,3
186790,3
363895,1
363895,3
335151,1
335151,3
347123,1
347123,3
301461,3
301463,3
301462,3
326962,3
91124,1
316650,3
100392,3
53922,3
220812,3
269853,1
269853,3
238324,3
231938,3
226724,3
220813,3
226353,1
226353,3
97552,3
101214,3
74777,3
74778,3
127824,1
127824,3
86398,1
124387,3
124389,3
124389,1
124390,3
124391,3
96871,1
96871,3
50679,1
136355,3
124392,1
138257,3
124314,3
124316,3
118928,3
120165,1
120165,3
101211,1
101211,3
39150,1
135856,1
104276,3
99929,3
103979,1
103979,3
128169,3
88305,3
88363,1
101217,1
140004,3
68684,3
8581,3
24575,1
20230,1
20230,3
101221,1
8583,3
300825,3
319549,3
318860,3
325764,1
339320,3
300613,3
300614,1
335137,3
301466,3
335148,1
327183,3
56783,3
254020,3
319550,3
318857,3
337988,3
337621,3
240983,3
285921,1
501330,1
501330,3
350610,3
132735,3
186960,1
186960,3
522730,1
285920,1
250812,1
301464,3
334802,3
334798,3
326961,3
352723,3
389004,1
389004,3
124882,1
39155,3
340871,3
180239,3
219307,3
162965,1
300617,3
351167,3
343623,3
298405,3
366530,3
333837,3
335150,3
298406,3
357478,3
298407,1
298407,3
352315,1
352315,3
242633,1
242633,3
500980,1
500980,3
511780,1
511780,3
163543,1
351168,1
351168,3
298408,3
209439,3
344211,3
344214,3
344215,3
168774,1
184279,1
534884,1
534884,3
534227,1
534227,3
337990,1
337990,3
363889,3
363891,3
378054,3
378070,1
378070,3
365132,3
501333,1
501333,3
500878,1
500878,3
324585,3
163607,1
163607,3
334801,3
168116,3
205168,3
177499,1
177499,3
360315,1
360315,3
163622,1
324586,1
324586,3
352983,1
352983,3
197616,3
300352,1
333838,1
333839,1
333840,1
163634,3
521533,1
521533,3
182655,3
162967,1
163644,1
160073,3
536026,1
536026,3
311116,1
181338,3
181857,3
183595,3
118887,3
536861,3
160086,3
537025,3
39156,1
39156,3
238263,3
271396,3
273120,3
335817,3
298443,3
335813,1
335813,3
335814,3
249802,3
308116,3
238689,3
326376,3
335816,3
238691,3
238692,3
316651,1
316651,3
317649,3
271398,3
326377,1
333842,3
209440,3
163564,3
226444,3
163565,3
163565,1
335819,3
163567,3
240984,3
240984,1
163568,3
180594,1
322021,3
271402,3
271414,3
271410,3
271415,3
271417,3
344219,3
361045,3
271421,3
271401,3
192497,1
192497,3
88897,1
345682,3
345685,3
363893,1
363893,3
346817,3
335141,1
335141,3
342462,3
358839,3
301475,3
301471,3
367629,1
367629,3
517157,1
517157,3
389003,1
389003,3
389007,1
389007,3
380170,3
243231,1
243231,3
367761,3
227497,3
298180,1
298180,3
207506,1
207506,3
344216,3
163614,1
191235,3
360046,3
207501,3
163559,3
163661,1
163661,3
163660,3
163663,3
346818,3
49954,3
277436,3
325766,3
337989,1
325767,3
240985,3
300616,3
208850,3
186791,3
335142,1
327184,3
327185,3
91517,3
319181,3
89850,3
124126,3
67193,3
521402,1
521402,3
279851,3
124317,1
124317,3
99203,3
182961,3
384107,3
127801,3
352163,3
270092,3
102691,3
384530,3
64706,3
114369,3
104330,3
87989,3
222319,3
102884,3
77716,3
270978,3
174591,3
138731,3
230155,3
136764,3
110322,3
195966,3
181136,3
108481,3
358500,3
85967,3
250926,3
39226,3
182353,3
121461,3
373585,3
70765,3
57703,3
296615,3
325346,3
111532,3
384540,3
256338,3
111720,3
39238,3
89983,3
94543,3
102042,3
67308,3
95887,1
109931,3
39266,1
92681,3
48173,1
214105,3
76604,3
44267,3
90405,3
84983,3
79483,3
110116,3
220815,3
253851,3
384575,3
58979,3
43382,3
300353,3
380902,3
104103,3
110158,3
380903,3
175588,3
8637,12
537028,1
537028,3
24258,1
24258,3
252433,1
342535,1
342535,3
40496,3
39093,3
90543,3
134085,1
134085,3
165038,1
165038,3
262323,1
262323,3
277876,1
277876,3
8664,1
147459,3
503912,3
504905,1
168842,1
129701,1
308444,1
376240,3
332706,3
128250,1
347762,3
347764,3
360616,3
353947,3
340877,3
327319,3
327327,3
135818,1
340872,3
316832,3
307851,3
376241,3
526412,3
360687,3
300325,6
175796,3
504463,3
366828,3
334575,3
308446,3
284959,1
376242,3
138481,3
325648,1
512282,3
352106,3
286093,3
307905,3
256763,3
272078,3
376616,3
142657,3
169865,1
249808,1
315607,3
129083,3
135695,1
219309,3
345733,3
530792,3
530793,3
530790,3
530794,3
111442,3
332707,3
118687,3
352425,3
526288,3
132575,3
300311,3
375152,3
521617,3
112835,1
235443,3
316833,1
248768,3
326206,3
376617,3
360688,3
376670,3
142714,3
66450,3
230610,3
285924,3
521119,3
316835,3
87085,3
219363,1
379585,3
379586,3
214456,1
286095,3
300312,3
525831,3
316836,3
292725,3
89223,3
99030,1
132577,3
355021,3
520985,3
345629,1
345629,3
369158,3
300433,3
369366,1
326207,3
251784,3
180219,3
142686,3
326209,3
268818,3
316837,3
235444,3
300313,3
336348,1
336348,3
526111,3
526116,1
526431,3
526140,1
352107,3
241821,3
316838,3
343474,3
385132,3
132576,1
521530,3
255023,3
241732,3
521751,3
376248,3
368246,3
504493,3
293568,3
109258,3
167860,3
526289,3
118686,3
345736,3
219475,3
96716,3
525724,3
525779,3
379587,3
525891,3
522406,3
522560,3
525704,3
526010,3
368706,3
511565,3
376251,3
172162,3
376775,3
526344,3
302429,3
376253,3
114546,1
205190,3
293059,3
335515,3
308447,3
355025,3
135703,3
268819,1
205185,3
187206,3
269844,3
308466,3
295435,3
249809,3
248517,1
269912,1
293580,3
142634,1
334676,3
369113,3
187208,3
293057,3
198988,3
352429,3
180153,3
316839,3
248513,1
345635,3
306562,3
376260,3
308467,3
241891,3
326214,3
135708,3
54877,3
326581,3
385319,1
360729,3
333014,3
512134,3
272752,3
284420,3
115112,1
285926,3
285405,3
80346,3
186794,3
167861,3
525444,3
219476,3
124808,3
287944,3
142658,3
47541,1
241887,3
352430,3
352432,3
95993,3
95993,1
135968,3
316841,3
521841,3
521653,3
300317,3
132580,1
338878,3
293579,3
346479,3
346479,4
326583,3
166446,3
521884,3
135712,1
211532,3
54428,3
23597,3
268821,3
219969,3
293058,3
315608,3
512191,3
352729,3
108492,1
135713,3
108009,1
322086,1
256529,3
293581,3
362027,3
326220,3
172170,3
308468,1
326589,3
384635,3
384636,3
268822,3
221900,1
221901,3
275906,1
365139,3
356533,1
356533,3
379582,3
347765,3
361003,3
340878,3
503780,3
360389,3
360731,3
168515,3
135715,3
187210,3
525925,3
375956,3
315337,3
135717,3
369164,3
376262,3
124809,3
335809,3
526296,1
528690,3
352422,3
525993,3
70937,3
526277,3
347768,3
347766,3
345742,3
345743,3
345745,3
358101,3
365140,3
526293,3
57719,3
525920,3
526200,3
526428,3
360714,3
218851,1
135701,1
105723,1
500603,1
500603,3
500621,3
504190,3
500589,3
251785,3
326597,3
326577,3
369112,3
377046,3
218853,3
525760,3
360723,3
376258,3
500624,3
526275,1
351195,3
75221,3
504666,3
526083,3
525956,3
525921,3
219951,3
253603,3
374398,3
8701,1
136432,1
126393,3
64929,3
142695,3
40506,3
241254,3
81130,1
59236,3
244734,3
8715,3
254040,3
118685,3
66220,3
256767,3
101224,3
8719,3
92695,3
375955,3
344849,3
360715,3
117935,1
169386,3
40513,3
40513,1
211140,3
115799,3
254269,3
155704,3
104324,3
54610,3
8725,3
167612,3
240888,3
253716,3
256814,3
256769,3
142699,3
139930,6
25674,4
187292,4
245317,12
49366,12
164941,3
255887,4
153487,4
368034,3
164939,4
237559,4
367892,3
350957,4
257865,3
51981,3
229517,4
255879,4
187575,4
8762,8
166628,12
85400,12
8781,12
108801,3
237389,3
116494,3
180721,3
306659,3
517709,3
83038,3
192985,3
82704,3
297939,3
180722,3
343544,3
351780,3
313761,3
334577,3
153039,3
321460,3
297940,3
332853,3
81251,3
517619,3
281922,3
45583,3
208880,3
306665,3
522050,3
376170,3
321465,3
116771,3
47532,3
299450,3
372739,3
69388,3
349784,3
305126,3
137022,3
167620,3
67353,3
299451,3
281928,3
116773,3
209348,3
127156,3
281929,3
167622,3
44888,3
332857,3
251186,3
209350,3
524526,3
167624,3
88355,3
109403,3
316712,3
315955,3
343209,3
314155,3
251194,3
366335,3
110669,3
332861,3
281938,3
251197,3
372744,3
222181,3
251200,3
192991,3
118031,3
167628,3
281941,3
222183,3
222186,3
64107,3
343552,3
222187,3
332867,3
368828,3
520753,3
237394,3
93970,3
116781,3
92441,3
137163,3
332874,3
299453,3
286548,3
524642,3
306683,3
321473,3
74010,3
272353,3
385219,3
272354,3
334581,3
334582,3
209360,3
298798,3
313770,3
93708,3
97270,3
374767,3
81876,3
96811,3
152391,3
501602,3
270284,3
511463,3
251293,3
525608,3
517565,3
344469,3
97216,3
68940,3
49262,3
306687,3
311454,3
524393,3
524360,3
517566,3
524348,3
517573,3
222359,3
270285,3
193002,3
238128,3
286550,3
167633,3
251303,3
251304,3
167634,3
210816,3
209364,3
305147,3
94742,3
332887,3
298800,3
522054,3
193010,3
117305,1
306690,3
184060,3
209377,3
196470,3
349790,3
222202,3
297945,3
298803,3
517543,3
251320,3
195807,3
222205,3
238139,3
167637,3
167638,3
299458,3
222210,3
298804,3
222211,3
316716,3
102993,3
89368,3
366338,3
81584,3
251029,3
229114,3
376040,3
92800,3
151882,3
298805,3
270296,3
217090,3
306695,3
80778,3
102526,3
525598,3
74720,3
40962,3
517578,3
315610,3
314154,3
137168,3
233565,3
306696,3
503610,3
169372,3
316811,3
111223,3
193261,3
151884,3
298806,3
351784,3
524347,3
503110,3
332900,3
321482,3
370784,3
216555,3
127164,3
343561,3
47170,3
365705,3
82484,3
326504,3
239638,3
306699,3
281964,3
343563,3
90230,3
374776,3
272412,3
222366,3
137170,3
281967,3
127168,3
237405,3
316719,3
350691,3
176093,3
222216,3
103703,3
222217,3
71169,3
193015,3
525561,3
180154,3
64081,3
524493,3
69571,3
332905,3
238148,3
49150,3
251360,3
193017,3
175406,3
281969,3
116801,3
167643,3
71767,3
270306,3
237408,3
270307,3
228954,3
60819,3
162011,3
326505,3
251371,3
83701,3
77207,3
334588,3
370789,3
368832,3
252343,3
69358,3
71881,3
525577,3
518052,3
54971,3
96991,3
42955,3
208887,3
209111,3
272430,3
237412,3
297938,1
270310,3
351788,3
524565,3
315611,3
299463,3
55302,3
115338,3
85671,3
306712,3
359507,3
43105,3
251397,3
365978,3
360411,3
251399,3
334590,3
350693,3
176092,3
316724,3
176800,3
321496,3
524540,3
305168,3
237418,3
332927,3
222225,3
315888,3
525418,3
321497,3
359508,3
136781,3
51004,3
198950,3
142470,3
525534,3
69644,3
136782,3
525591,3
270317,3
296563,3
517582,3
524488,3
270318,3
153044,3
78204,3
52672,3
127714,3
127715,3
151892,3
116811,3
118021,3
281995,3
137789,3
376394,3
222232,3
47936,3
47935,3
117307,3
209393,3
251437,3
95655,3
316812,3
98967,3
222235,3
525491,3
525488,3
343573,3
99783,3
99939,3
42284,3
66129,3
99305,3
51451,1
137262,3
8804,3
93069,3
8819,3
8840,3
110821,3
40634,3
114177,1
8851,1
8851,11
66804,1
66804,11
8865,3
265782,4
286746,4
73269,4
257882,4
389049,4
318568,4
349494,4
389050,4
55715,4
344954,4
512396,4
79548,4
165141,4
293656,4
72767,4
46699,4
62476,4
278308,4
511742,4
257891,4
512310,4
389052,4
318445,4
176095,4
62726,4
379910,4
389054,4
389057,4
330076,4
350256,4
370014,1
510725,1
376894,1
376381,1
368372,1
386878,1
248571,8
166153,8
66072,3
171472,3
384739,6
361633,3
357104,1
357106,3
365172,3
357108,3
357064,8
357067,3
356937,8
505326,3
357079,8
357082,3
377090,3
357088,3
356918,8
356926,3
356932,8
376898,8
356949,3
356913,3
361639,1
382518,8
357095,3
357096,3
376608,8
159310,3
357109,3
357109,6
361631,3
357071,1
357072,3
223906,11
357078,8
188148,1
356954,8
159311,3
356996,1
357000,1
361635,3
356959,3
356963,3
356966,3
217935,3
356989,1
356987,3
357036,3
365173,3
357046,3
356907,3
357059,3
357004,3
357010,3
357026,1
357021,3
357024,1
357028,3
356905,1
357053,3
357054,3
522595,3
522377,3
8979,12
41788,11
41788,1
8999,1
8999,3
70204,1
40893,1
57350,1
42262,1
86042,1
71265,1
59980,1
43305,1
56461,1
43098,1
76888,1
223946,1
101250,1
202093,1
120238,1
176460,1
176460,3
309441,3
320197,3
305967,3
69936,8
169017,3
53072,6
9061,6
9066,8
229070,1
229070,3
297978,1
297978,3
369296,1
369296,3
357124,6
181259,1
383119,1
203709,1
194586,12
41168,3
97902,12
94352,12
48494,8
41181,8
89996,1
323504,1
172558,1
130050,1
310798,1
310797,1
141483,1
133144,3
172245,3
55573,1
55573,3
112166,3
217333,3
57933,3
65023,3
52399,3
64692,3
259645,3
172229,1
285151,3
72952,3
227504,3
125103,1
158307,1
117732,3
45835,3
103195,1
183779,3
183779,4
128593,3
128593,4
227506,3
53294,3
250712,4
67059,3
77846,3
316501,3
172257,3
317656,3
525569,3
104631,1
525526,3
50323,3
86282,3
231149,3
172230,3
70858,3
521693,3
53236,3
79583,3
112281,3
517351,3
62984,3
172252,1
73155,3
47070,3
175939,1
64962,3
64182,3
231150,3
159305,3
54464,3
78786,3
70855,3
163495,3
143560,4
78287,3
73458,3
61519,3
231158,3
179471,3
47548,3
262591,3
172249,3
42511,3
285170,3
79406,3
143553,3
76014,3
79457,3
87676,3
56441,3
103698,3
132472,3
51784,3
60228,3
102272,3
521699,3
80046,3
140339,1
172260,3
141614,12
61821,3
317967,3
64061,3
140341,3
342522,3
172235,3
155718,3
525793,3
142471,3
375960,3
83578,3
74403,3
518366,3
119591,3
102803,3
269826,3
368584,3
368584,4
384654,3
384654,4
119638,3
308090,3
217510,1
265633,3
519280,3
172263,3
181031,4
125113,1
103431,3
56070,3
46678,3
57690,3
102804,3
124113,3
47533,3
242884,3
74712,3
102350,3
101707,3
283818,3
172228,1
227571,3
52655,3
67667,3
107738,3
105121,3
66032,3
75940,3
94850,3
267784,3
140343,3
80535,3
163496,3
172225,1
147603,3
124697,3
115165,3
105285,3
282199,3
323732,12
9222,3
89442,3
89442,4
128041,1
96505,1
253331,3
103144,3
140391,1
141736,3
9253,1
306803,3
306803,4
9258,3
56232,3
9263,1
236967,1
54613,12
297482,1
131199,3
9279,3
9281,12
94861,12
9287,12
9293,3
9298,3
141602,3
9306,1
9318,3
141757,3
167946,3
78798,3
9331,3
345845,3
42337,3
269653,3
65471,3
90379,3
89233,3
134932,3
73405,3
124811,3
9374,3
72606,3
307908,3
231521,12
9382,3
292247,3
81829,1
24998,3
58745,1
101398,3
98853,12
63881,3
96829,3
141780,3
47263,3
9395,3
252365,12
86332,12
31797,4
84609,12
114608,12
103467,12
58218,12
62956,12
134906,12
9456,3
9475,6
45717,6
70912,6
224010,6
76708,6
9496,6
9497,6
9515,3
95794,12
121616,12
132876,12
217441,1
66915,1
78810,1
310184,1
327526,3
368956,3
9691,7
9692,1
165642,1
9694,1
9699,1
25238,1
369990,1
368038,1
105290,1
285595,3
9732,4
500570,1
500570,8
500536,1
500536,8
9733,4
9733,8
9741,1
180972,3
299981,3
536460,3
293828,3
293828,4
320732,3
504339,3
526290,3
526290,4
526325,3
526325,4
331284,3
386938,3
331305,3
384666,3
194778,4
194778,3
9757,4
283220,4
9771,12
104905,12
74934,12
146716,3
256081,3
103534,12
66622,3
327527,3
45115,1
107851,1
339583,3
280482,3
9810,1
276843,6
136567,6
56554,6
272140,6
9818,6
86841,3
296806,6
296806,11
317659,6
52154,6
70829,6
334982,1
112338,3
116306,3
9867,3
61244,3
182879,3
249716,3
180314,3
47078,1
81097,3
166898,3
81096,3
191230,3
536727,1
117596,1
229363,1
229357,1
229360,1
41570,1
135972,1
218859,1
153815,1
138591,1
224057,1
95547,1
134569,1
45483,1
196838,1
203270,1
186267,1
382858,1
251255,1
227001,1
196840,1
332688,1
99935,1
345824,1
380502,1
533252,1
204073,1
95364,1
340916,1
180595,1
118333,1
9877,1
238999,1
82263,1
140136,1
102684,1
253452,1
140138,1
287692,1
70902,1
191047,1
190956,1
285804,1
328307,1
258838,1
237675,1
370969,1
334657,1
330082,1
517808,1
329916,1
113872,1
65306,1
9879,1
228782,1
504786,1
504757,1
504574,1
503772,1
287930,1
228778,1
277045,1
45606,1
45607,1
155994,1
155797,1
90292,1
81514,1
9888,1
525404,1
170507,1
52749,1
346182,1
359894,1
228247,1
43559,1
335520,1
172133,1
241886,1
520304,1
247594,1
268262,1
176616,1
269228,1
504265,1
504775,1
504869,1
503877,1
197115,1
201387,1
370966,1
227995,1
320149,1
364205,1
361053,1
134789,1
134790,1
172134,1
517807,1
337174,1
335523,1
335524,1
57116,1
41781,1
9884,1
356130,1
241286,1
361916,1
350996,1
252560,1
228633,1
179946,1
318751,1
276199,1
124545,1
340922,1
356134,1
533359,1
252559,1
254525,1
221307,1
280627,1
533340,1
319573,1
250897,1
182913,1
250898,1
270542,1
85161,1
352735,1
253326,1
528788,1
326596,1
370972,1
345809,1
521503,1
521432,1
521461,1
521663,1
521426,1
521700,1
263235,1
250029,1
251739,1
528913,1
528849,1
528941,1
528912,1
263236,1
212013,1
194380,1
229476,1
69266,1
384227,1
360044,1
218197,1
111263,1
523294,1
523293,1
257090,12
80503,12
280024,12
43170,12
114474,1
133487,1
224069,1
59985,1
55862,6
174855,3
275093,1
369299,3
324108,3
270579,3
237427,3
224073,3
117277,3
251258,3
182045,3
282054,3
226312,3
363704,3
9996,3
47002,6
271482,1
151870,3
88985,1
132523,3
327837,1
116295,3
105158,3
86370,3
269955,1
369795,3
211811,3
373123,3
319431,3
253755,3
275565,1
328302,3
331265,3
71718,3
72483,1
224075,1
352120,3
382538,3
380555,3
345672,3
334820,3
322093,1
58920,1
270580,1
293833,3
43118,3
90412,3
182310,3
307911,3
270116,1
328301,3
373124,3
342441,3
111479,4
382753,4
10001,6
10001,8
287268,3
28849,3
224083,12
94525,6
311035,6
209001,6
86371,6
345162,6
136738,6
10041,12
255732,6
195121,6
351321,6
224092,6
96012,12
183830,6
152883,6
10044,6
10050,6
372608,6
100455,3
54956,6
10057,12
95102,6
96981,12
285928,12
387152,12
387153,6
387158,12
104727,1
83847,1
10062,1
68759,1
10072,3
10072,4
322310,4
371654,4
348221,4
374926,4
344367,4
367778,4
110614,4
351609,4
196159,4
324594,4
58327,4
124526,4
97300,4
289293,4
317787,4
371136,3
252589,4
359914,4
98000,4
10282,3
505384,3
505383,3
54161,3
10295,4
84531,1
127970,1
10316,1
116296,1
103415,1
114475,1
72096,1
48923,1
10339,3
10339,12
116297,12
103341,12
80075,12
500303,12
197587,3
29457,3
71687,6
54361,12
10344,3
52828,3
111957,3
111957,12
224143,12
224143,3
91878,12
91878,3
108555,12
70043,3
307586,12
288023,12
228329,12
74693,3
194455,3
56842,3
107050,12
299793,3
97235,12
285119,12
10345,3
22490,12
139112,12
49240,12
97326,6
48275,6
273582,1
78115,1
120490,6
120491,6
224147,6
59706,3
324185,3
148374,6
283384,1
106167,3
10545,4
126531,3
358915,3
358915,1
126535,3
78040,3
55076,3
25027,1
128264,3
128273,3
102968,6
104282,6
224176,12
80586,12
66734,12
298070,12
298070,3
66967,12
66967,3
10583,3
275829,3
293549,3
10597,12
224182,12
56143,12
219411,3
219411,6
219411,12
196968,12
344084,3
10606,6
53077,6
113464,6
180009,6
25204,3
25204,6
25204,12
66352,3
66352,6
66352,12
105306,3
105306,6
105306,12
52023,3
52023,6
52023,12
91167,3
91167,6
91167,12
257009,3
10613,3
58864,12
277138,3
269036,3
10632,6
505491,3
526552,3
505489,3
10750,6
531306,1
531302,1
529696,1
355591,3
310126,3
522862,1
10849,1
253102,1
207624,3
56852,3
91332,3
183283,3
240191,8
61448,8
233102,8
81050,8
10871,3
10915,4
159770,3
206004,3
87619,1
100470,3
10988,3
241134,3
522863,11
224244,6
11030,12
57467,3
90083,3
52009,3
186820,1
175751,1
189962,8
11048,1
128434,1
80483,8
59137,6
81670,3
171807,8
381661,8
145937,8
41864,8
166201,8
519992,8
318613,1
83960,1
41253,3
46789,3
43515,6
11103,1
523592,6
218217,1
72445,1
57621,1
91154,12
168213,12
83235,6
11147,1
42744,3
42744,8
165576,6
520553,3
520584,3
65048,1
239391,1
385322,12
81061,1
47257,1
11171,3
11174,3
92815,1
384892,3
526479,3
312304,3
371195,3
365321,3
350495,3
356178,3
381645,3
307461,3
380166,3
380167,3
380168,3
380169,3
385146,3
386383,3
350999,3
249822,3
344494,3
350022,3
361717,3
382807,3
360742,3
360743,3
360744,3
381642,3
381643,3
360745,3
374044,3
386676,1
378565,1
254026,3
11286,3
318962,3
67046,3
344485,3
63104,3
11292,3
195622,3
76864,3
87102,3
526460,3
309898,4
235120,3
297071,3
74179,3
287729,3
66654,3
64666,3
103292,3
340504,3
269827,3
50599,3
85002,3
82413,3
63687,3
88136,3
60392,3
65572,3
76570,3
58177,3
291935,3
84013,3
85058,1
104588,3
136510,3
48466,4
99984,3
128879,3
523485,3
120142,3
100492,3
257344,3
257345,4
375323,3
108015,3
54638,3
125742,3
92158,3
324464,3
170823,3
97526,3
96042,3
99650,3
60505,3
355929,3
173150,3
120921,3
166993,3
78893,3
326042,3
180365,4
363379,3
65908,3
60442,3
255119,3
359517,3
277375,4
372323,3
45320,3
62052,3
183621,3
271521,3
132805,3
76960,4
353015,3
120139,3
11333,3
11334,3
282030,3
170827,3
92368,3
70318,3
58146,3
317291,3
525715,3
379290,3
54152,3
54152,12
43067,3
43976,3
333849,3
84755,3
50955,3
99396,3
55052,3
193162,3
98831,3
102226,3
95523,3
71472,3
81715,3
86389,3
94538,3
46147,3
508090,3
136511,3
61922,3
69623,3
90505,3
235109,3
515258,3
378228,3
91610,3
48098,3
508237,3
79163,3
80371,3
290503,3
508136,3
207881,3
280303,3
280304,3
69012,3
524093,3
70579,3
64707,3
362355,3
97485,3
387829,3
217726,3
218914,3
282511,3
125116,3
379295,3
90720,3
85283,4
99951,3
525635,3
363357,3
264493,3
82981,3
27682,3
350346,3
110349,3
74691,3
508119,3
120935,3
167011,3
120141,3
87517,3
245303,4
131681,3
49306,3
56028,3
226948,3
103525,3
78534,3
307387,12
508148,3
379300,3
508162,3
73025,3
91006,3
243373,4
338814,3
379301,3
92269,3
111543,3
51240,3
173149,3
218915,3
60231,3
86373,3
119277,3
320635,3
60772,3
218199,3
167014,3
218910,3
69818,3
63141,4
341690,3
108385,3
277405,4
294182,3
48777,3
86674,3
74949,3
104704,3
62323,3
53696,3
55821,3
90143,3
47034,3
121083,3
66962,3
362032,3
131682,3
74039,3
297072,4
167018,3
99940,3
63888,3
363649,3
70331,3
62000,3
111917,4
340505,3
291355,3
136512,3
97568,3
269261,4
331271,3
91350,3
117237,3
120920,3
120929,3
354182,3
99355,3
167022,3
508124,3
205662,3
52892,3
62565,3
291952,3
508158,3
75275,3
45358,3
57234,3
170837,3
67283,3
67284,3
87256,3
304174,4
60695,3
276259,3
360364,3
350963,3
76190,3
98681,3
47789,3
53095,3
104265,3
59487,3
70412,3
136609,4
219225,3
99613,3
229160,3
136513,3
257392,4
224332,3
227593,3
72258,3
368304,3
361577,3
91369,3
113084,3
55010,3
66778,3
281626,3
25842,3
119629,3
47087,3
224339,3
224339,12
224345,3
11365,3
27672,3
264587,3
11369,3
224349,3
269843,3
224355,3
302368,4
114826,3
238866,3
205907,3
207392,4
95313,3
54409,3
11381,3
67385,3
172041,3
132825,3
193186,3
269848,3
120715,3
92209,3
500138,3
258794,3
84463,4
97871,3
97002,3
132433,3
11403,3
66455,3
11406,3
264588,3
287393,3
11408,3
11410,3
43937,3
132867,3
286405,3
46434,3
76251,12
327473,12
93757,11
80504,3
355302,12
355303,3
355304,12
350406,3
355305,12
335380,12
522859,12
355306,12
76432,7
59347,1
190011,1
190011,3
363360,1
363360,3
369986,1
384684,1
299449,1
299449,3
134886,1
134886,3
336531,1
336531,3
317008,1
317008,3
237442,1
363361,1
53531,1
317009,3
224376,1
11492,1
368054,1
195274,1
195274,3
328795,1
169668,1
134885,1
11500,1
170951,1
177544,1
51961,1
251915,1
134984,1
68135,1
129199,1
129199,3
78616,1
115875,3
71006,1
297719,1
46012,1
46013,1
46013,3
298519,1
298519,3
55055,1
362758,1
162385,1
367662,3
62642,1
362759,1
362760,1
76648,1
517116,1
517116,3
517117,1
138720,1
52221,1
127972,1
127972,3
284449,1
354445,1
174892,1
174892,3
345384,1
345384,3
190012,1
505046,1
316312,1
316312,3
317455,1
329942,1
362762,1
362762,3
210480,1
195421,4
106854,3
106854,4
106857,3
106857,4
106879,4
66970,3
227382,4
381011,4
381011,3
376196,4
378180,12
269606,4
387440,3
387526,3
315346,3
304592,4
275942,3
69636,3
51244,12
334993,12
206081,12
282140,12
239086,4
126566,3
261427,3
11553,1
335516,6
118904,6
25663,6
82687,10
386503,3
386672,3
386672,1
386686,3
386688,3
386691,1
386428,3
386429,3
386552,1
386552,3
386715,3
386715,4
386720,3
386720,4
386508,3
386727,3
386512,4
386512,3
386437,3
386518,3
386737,1
386737,3
386448,3
386738,1
386738,3
386716,3
386716,4
386721,3
386721,4
386687,3
386692,1
386689,3
386728,3
386553,1
386553,3
346123,3
70730,11
344620,1
344620,11
11732,11
118888,6
369590,6
99748,10
120362,6
110000,6
115581,6
47413,10
134658,3
11785,3
85130,6
135485,3
68973,1
11789,6
93193,6
92546,6
353742,3
353742,4
387346,4
88890,4
522872,1
522871,1
64553,3
64554,6
43502,3
138637,12
318356,3
303933,3
52214,3
52214,12
108542,3
118626,3
118626,12
290370,3
11832,3
11832,12
113968,3
113968,12
336207,3
68141,3
378939,3
11837,3
118625,3
118625,12
195796,3
97468,3
124359,3
124359,12
138416,3
138416,12
114669,3
114669,12
136860,3
136860,12
376400,3
376400,12
11839,3
272763,3
377774,3
118627,3
147694,3
93120,3
327046,3
285929,3
63068,3
63068,12
74444,1
243708,1
11905,4
101584,4
235053,3
263775,3
114850,4
263766,4
263774,4
92958,1
92958,11
75157,11
73177,1
73177,8
194937,3
64950,11
68476,8
78081,1
78081,3
76278,3
224401,1
373805,1
373805,3
41793,1
204350,3
518453,1
505207,8
62487,8
508257,1
508257,8
380173,8
380173,6
367520,8
367520,6
60561,6
11916,8
167899,3
11917,3
11917,8
11918,1
79410,1
54016,8
129852,8
180568,3
11920,1
376108,8
11922,8
122296,1
122296,3
58755,3
89773,1
89773,3
81791,6
88993,1
516366,1
516366,3
83043,1
83806,6
369090,1
369090,3
521341,1
521341,3
69216,1
204352,1
204352,3
298254,6
367604,3
308217,3
326601,8
326601,6
46015,8
46015,6
160161,3
61888,1
90573,1
179325,1
279730,1
371968,1
348195,3
348195,1
72674,1
317161,1
373202,1
373202,3
363279,1
363279,3
366054,1
87840,1
200319,1
228586,1
117122,1
55857,1
139083,1
347803,1
382811,1
83438,6
66838,1
294420,1
294418,1
227784,1
86478,1
62939,1
120190,1
68622,1
365921,1
366764,3
366764,1
100152,1
525443,1
525443,3
524854,1
524854,3
525381,1
525381,3
310761,1
210800,1
348099,1
57423,1
126709,1
81006,1
161603,1
49446,1
366297,1
119079,1
119081,1
50939,1
12015,1
250936,3
387845,8
387845,11
180974,3
12040,6
118285,3
115220,3
25407,3
140153,3
68052,3
68052,6
183327,3
183327,6
305827,8
305827,11
178739,8
178739,11
272979,8
272979,11
87822,3
87822,6
48100,3
48100,6
77011,11
12058,8
12058,11
515286,8
515286,11
105733,1
12085,3
12117,3
353719,1
138153,3
74441,3
113970,3
196175,1
196175,3
366133,3
366268,3
12225,1
296645,3
12228,1
154143,3
119970,3
231699,1
12242,1
44416,1
79115,1
378987,4
327505,3
163242,3
217683,3
119641,4
184831,3
87896,4
408477,3
23139,3
12253,3
12254,3
20150,3
407552,3
407599,3
12257,3
12259,3
22908,3
24432,3
12262,3
12265,3
12270,3
39121,3
408543,3
165243,3
12281,3
136296,1
153096,6
202687,6
87435,6
12299,6
320220,6
151440,6
77338,6
323399,6
12315,1
65965,1
283634,1
12318,3
12318,8
12323,3
283461,2
283461,11
387738,2
387738,11
128742,12
47999,1
12369,1
160282,3
60892,1
63514,11
294517,1
250184,1
77200,1
108623,1
42560,1
74081,1
74081,8
147606,6
109724,1
102890,1
69598,1
343626,1
51572,1
76785,1
57223,1
49837,1
252231,1
82533,1
192229,1
72212,1
67013,1
54834,1
110630,1
66227,1
169954,1
43637,1
75616,1
168782,1
155906,11
112075,11
146856,11
240903,1
194058,1
119643,1
111945,1
75161,1
512570,1
134552,1
70302,1
46345,1
195984,1
164947,1
53730,1
86211,1
317056,3
317056,6
124914,1
101976,1
288967,1
80423,1
79962,1
119279,1
82069,1
83316,1
286270,1
62682,11
213223,1
317322,1
125924,11
125924,1
109444,1
308920,1
308920,4
74032,1
227331,1
130370,1
229581,11
324352,1
84731,1
83869,1
67650,1
180691,11
129210,11
70598,11
268933,11
62711,1
78966,1
101738,1
83467,1
256974,1
355658,1
112243,11
199373,1
351339,1
355661,1
355667,1
355623,1
85247,1
85247,8
120950,1
84222,1
224457,1
12393,3
12394,11
240359,1
12396,1
376017,3
376017,6
12406,11
360602,1
74534,1
57311,1
12410,1
12413,3
108918,3
154514,12
154514,3
380560,1
52161,1
253205,3
346135,3
346135,1
76333,1
300257,1
270593,1
331612,3
72813,3
344265,3
344265,1
361475,3
361475,4
361477,3
361477,4
361483,3
361483,4
361689,4
83971,1
84565,1
48112,1
48112,4
504497,4
504436,4
504524,4
504332,4
512200,4
363341,3
285683,3
503816,4
504503,4
504258,4
504252,4
511309,4
363344,3
380561,1
208132,4
361476,3
361476,4
361478,3
361478,4
361484,3
361484,4
154659,6
61872,4
253561,1
44075,4
12444,4
183825,1
79042,1
501498,1
503587,1
323393,1
75127,1
153306,1
56688,1
202832,1
139979,1
63957,1
336540,1
53367,3
12464,6
12471,1
99125,1
323582,1
42706,8
125123,8
95183,1
224498,1
72815,1
184496,1
182125,4
363086,12
380207,1
380207,4
304364,12
522849,4
522849,11
362960,12
20617,11
19968,1
12494,12
103707,12
304363,12
20612,3
87514,12
183165,12
20598,11
247490,12
522850,4
68075,1
12506,4
12506,11
388112,11
84069,12
84069,1
48060,3
12514,1
368057,1
12515,11
20624,1
377211,11
12517,1
47970,11
20613,12
63225,1
301107,1
300648,1
522138,1
522138,3
522138,4
77933,6
152088,6
116286,3
12596,4
368066,4
370732,4
370733,4
361611,4
320814,4
304997,4
372810,4
370730,4
356863,4
522381,4
327507,4
372319,4
168525,4
249868,4
142885,4
361856,4
244646,4
311044,4
201599,4
372722,4
356853,4
372318,4
244969,4
372479,4
332967,4
372493,4
332968,4
87887,4
87887,7
119645,4
12610,4
318719,4
12618,4
12618,7
106442,4
318721,4
263735,3
243089,6
305934,8
47824,10
12665,10
345644,1
383977,1
386884,3
386884,8
383979,3
383979,8
60856,4
217436,3
156990,3
156992,4
301109,4
301108,4
239891,6
235856,6
235863,6
369648,4
254808,1
254808,4
235866,6
41945,6
210902,1
210902,4
130027,11
137985,1
137985,3
524883,1
524883,3
253641,3
235876,6
235881,6
284147,1
284147,4
520348,3
351058,1
351058,6
290684,6
382813,3
162921,3
47440,1
47440,3
162923,4
300652,4
300653,4
97404,6
64744,6
270273,1
270273,6
72313,11
90909,4
100517,11
367597,1
367597,11
111289,6
86856,11
86857,4
80054,11
117204,11
79910,6
77171,6
81372,6
139812,6
233313,6
67311,6
98368,6
169364,6
139249,1
139249,3
353557,4
163045,6
227837,6
152022,6
169014,6
12731,1
12731,3
12733,6
12733,11
502673,3
511173,3
517830,3
522521,3
519673,1
519673,3
319826,6
156988,3
153581,1
302334,3
525261,1
525261,3
248771,1
248771,4
270753,1
270753,4
209669,3
147583,1
147583,3
248765,3
209675,3
209672,4
265999,3
285884,1
285884,4
522207,3
353405,1
353405,4
361690,4
521910,3
353407,4
353407,1
370646,1
370646,4
384698,4
360604,3
521971,3
518081,3
521962,3
360332,1
360332,4
337434,3
525328,1
525328,3
502310,3
510440,3
504731,3
517583,3
162922,3
522157,3
519233,1
519233,3
337435,3
315613,3
325499,3
352267,1
352267,4
352272,4
352272,1
352270,4
315618,1
315618,4
12751,6
186842,6
56648,6
130028,6
130029,6
97337,6
84215,6
341154,6
341153,6
255733,6
97211,6
47323,6
56951,6
115905,6
75702,6
189986,6
114560,6
189984,6
387419,6
380522,6
380523,6
380524,6
211496,6
43353,6
140057,6
300649,1
300649,3
349806,6
102901,6
12758,6
197253,6
98008,6
72865,6
285956,6
363780,6
80748,6
97389,6
252006,6
359164,6
344279,6
359165,6
367521,6
380525,6
380526,6
184225,1
184225,3
12834,6
249899,1
249899,3
320891,1
207823,1
207823,3
211769,1
211769,3
213686,1
213686,3
320892,1
211527,1
211527,3
202694,1
202694,3
42140,1
12855,1
331601,1
139782,3
525175,1
525175,4
525333,1
525333,4
74299,4
321357,12
46550,3
12890,3
24404,12
13009,11
371588,11
224548,1
13012,1
59546,11
247862,11
536957,11
374968,3
47637,11
49384,1
374970,3
519993,1
521359,1
13018,1
523229,6
178272,3
149227,3
81170,12
13171,5
227423,3
227424,3
13246,3
55955,3
192902,3
209582,3
98942,1
243408,3
97182,3
240860,3
138779,1
177312,1
132247,3
202299,3
117884,1
181708,1
142061,1
86153,3
88442,3
13274,3
120501,3
13286,3
82444,3
54272,3
271570,12
13342,12
233431,1
127269,1
174904,1
275840,1
55060,1
25662,1
46474,6
504797,1
504797,3
294549,3
62651,8
117561,3
94727,1
94727,3
226795,8
226795,3
152417,3
124818,1
181314,1
126211,3
45566,3
80465,1
124771,6
57624,8
125126,8
217099,8
217099,3
255079,1
255079,3
62827,3
13392,6
44806,11
51659,3
180011,3
69562,3
88445,3
170064,3
136367,3
71613,3
337155,3
78012,3
13423,6
269617,3
244381,3
248017,6
248017,12
84115,3
196336,3
67342,3
81716,3
116717,3
96048,3
118212,3
81595,12
234865,3
224623,3
100527,3
113841,3
275102,3
25913,3
169722,3
136279,3
138172,3
48906,3
72333,3
349807,3
73323,3
73323,11
182346,3
297298,3
181618,3
224631,3
112114,3
54003,3
530818,3
152216,3
181922,3
383885,3
226737,3
90747,3
13551,6
13556,3
115952,3
224640,3
224640,11
95893,3
301069,3
118344,3
73174,3
212100,3
324417,3
152288,3
67797,3
209173,3
13615,3
180146,3
78926,3
152060,3
118346,3
68008,3
528869,3
72823,3
54432,1
90812,1
57958,3
48968,3
13637,3
104293,3
13648,3
57875,3
72559,3
53826,3
115781,3
97578,3
270093,1
131020,1
508219,3
75230,3
240245,3
51540,3
270625,3
66152,3
525622,3
533347,3
533178,3
532047,3
248960,3
149476,3
63586,3
170499,3
60698,3
86924,3
521125,3
57486,3
286100,3
57724,3
370960,3
170432,3
349887,3
371697,3
531228,3
236235,3
105421,3
66585,3
224653,3
280239,3
342784,3
77323,3
131940,3
57806,3
352439,3
374265,3
89590,3
351103,3
131497,3
532704,3
531219,3
532320,3
377238,3
342618,1
506532,3
274799,3
274803,3
507393,3
386951,3
505087,3
506791,3
506533,3
274800,3
526007,3
274802,3
334275,3
334276,3
537006,3
506565,3
532313,3
525742,3
525716,3
525782,3
49736,1
98264,3
531288,3
13673,3
317568,3
237944,3
370941,3
100010,1
324151,3
369401,3
98166,3
359192,1
521470,3
525649,3
532618,3
525636,3
525657,3
325001,3
325005,1
64069,3
322275,3
76732,1
370946,3
218976,3
97756,3
372004,3
371696,3
371699,3
371702,3
367799,3
525626,3
307863,3
62011,3
44261,3
135761,3
375986,3
46951,3
128986,3
521340,3
301492,3
334479,3
116046,3
333018,3
388570,3
220054,3
350026,3
525358,3
254156,3
220051,3
370971,3
388573,3
370974,3
220055,3
352437,1
220052,3
388572,3
531112,3
333019,3
531104,3
534646,3
531105,3
322324,3
41356,3
534843,3
250483,3
531114,3
101459,3
47349,3
531106,3
525932,3
531115,3
525817,3
525869,3
370967,3
370973,3
388575,3
524869,3
531113,3
388576,3
248961,3
535886,3
101479,3
370948,3
13681,3
91016,3
91805,3
131268,3
92149,3
92643,3
83535,1
350721,3
359303,3
192710,3
85021,3
126746,3
73821,3
115924,3
171012,3
49921,3
237226,3
149463,3
65236,3
133900,3
78127,3
136073,3
179074,3
49493,3
531109,3
174358,3
536545,3
133936,3
284168,3
350829,3
350725,3
228940,3
133901,3
179086,3
531102,3
531103,3
73872,3
297820,3
76060,3
169051,3
220119,3
179151,3
533763,3
535799,3
369855,3
533191,3
508297,3
293612,3
180859,3
136217,3
109199,3
42800,3
105243,3
136218,3
174396,3
130579,3
68380,3
68381,3
103700,3
127843,3
144836,3
306768,3
67709,3
268881,3
133903,3
524671,3
150713,3
70333,3
124908,3
533435,3
78326,3
47117,3
84538,3
533283,3
220125,3
322396,3
76838,3
113414,3
45297,3
61411,3
534469,3
179185,3
350025,3
85872,3
284241,3
46220,3
72718,3
534592,3
71792,3
211578,3
533670,3
81703,3
533190,3
136222,3
533473,3
46740,3
313960,3
64143,3
109945,3
174498,3
360520,3
531111,3
62303,3
56734,3
13705,3
179174,3
13711,1
227544,3
227545,3
359798,3
336583,3
100550,4
89770,3
13728,1
525470,3
227222,3
76754,3
194408,4
194408,3
180322,4
180322,3
27307,4
13740,4
128306,3
89187,3
224683,4
92295,3
96744,3
91009,4
91009,3
99972,4
60748,3
238040,3
238321,3
242038,3
242040,3
13747,3
187115,3
13755,3
308129,3
20545,4
95403,1
70481,1
48146,4
98741,3
13785,1
13791,3
61873,3
525393,3
212145,3
66144,3
224692,3
96213,3
83468,3
13806,3
139224,3
505085,3
519843,3
512600,3
231138,3
151019,1
13830,3
42027,3
13837,3
520611,3
518923,3
512554,3
13841,3
72682,3
13842,3
90965,3
92244,3
99365,3
13863,3
208089,3
23987,3
56258,3
368171,3
322971,3
221428,3
325663,3
226369,3
85547,3
66665,3
299665,3
72854,3
226370,3
50522,3
345506,3
299666,3
277173,3
368198,3
13877,3
322985,3
370123,3
299679,3
91708,3
368216,3
284216,3
81858,3
322987,3
518154,3
368221,3
54236,3
368231,3
214915,3
224703,3
149182,3
370984,3
224704,3
134917,3
382552,3
323958,1
192723,3
13896,3
42021,3
13900,3
60954,3
334155,3
333020,1
334156,3
334157,1
224706,3
335678,3
521107,3
224707,3
337086,3
337087,3
274801,3
59754,3
224708,1
336724,3
344489,3
257156,1
334159,3
354941,3
224710,3
314200,3
314201,3
522726,3
13904,3
42019,3
97512,1
344552,1
224691,3
388578,3
13793,3
113807,3
13846,3
94403,3
117229,3
318043,3
318042,3
318046,3
272677,4
386913,6
351708,6
50576,6
13944,6
334661,6
517845,1
71488,3
60042,3
253589,1
252614,3
132238,3
77691,3
49738,3
67404,3
240129,3
30292,3
30292,4
220820,1
62605,3
136924,3
136924,6
314202,3
314202,6
90767,1
175804,3
175804,6
88436,3
270597,3
270597,6
61178,1
154961,1
151053,6
135762,1
41310,1
93860,3
186847,3
94000,3
109651,6
136722,3
115224,6
129587,6
41275,1
92192,3
92192,6
194888,3
194888,6
46672,1
119026,1
326225,3
326225,6
165908,1
136887,1
44666,3
44666,6
90932,1
212309,3
212309,6
375969,3
375969,6
292564,3
137190,3
204868,3
151060,3
136717,1
134090,3
46238,3
46238,6
54752,3
54752,6
104289,1
14147,3
217004,1
55194,3
116959,1
180026,1
96761,1
47351,1
14148,1
47514,1
90805,1
102863,1
128960,6
41303,1
57974,3
57974,6
14153,1
256212,1
286946,1
83886,3
41307,3
41291,1
93181,1
99583,1
95848,1
125011,1
103320,3
117333,1
90437,3
120572,3
104134,1
97945,1
14155,3
87071,1
135984,6
78937,3
535539,3
535539,6
285146,1
286505,3
286505,6
14156,3
98771,3
139757,3
82286,1
247729,3
369130,3
78775,3
183276,3
97572,3
51010,3
67376,3
211507,3
14171,3
125231,3
93092,3
76866,3
14181,1
41860,3
14184,3
92427,3
326605,3
352878,3
71379,3
101797,3
116974,3
343941,3
96017,3
352764,3
352765,3
352766,3
88973,3
117959,3
60933,3
237217,3
97573,3
80923,3
126275,3
94660,1
115472,3
118090,3
29243,6
29269,6
128969,3
236642,3
326255,3
14341,1
90792,3
293662,3
383296,3
293664,3
174716,3
174715,3
353643,3
359803,3
14345,3
14374,3
14375,3
14379,12
144240,3
514485,3
140986,4
55064,6
268009,6
334161,6
378993,4
360635,3
14468,3
140841,11
181895,3
306965,3
306967,3
84315,3
306280,3
316398,1
41739,6
367800,3
234061,3
15819,3
120557,3
15929,1
141038,1
137537,1
139759,1
214971,1
227648,1
249824,1
125755,1
119768,1
129797,1
129859,1
195690,1
102756,1
90209,1
139818,1
131330,1
119759,1
228005,1
86714,1
139417,1
105004,1
142405,1
126761,1
119697,1
43614,1
150363,1
128047,1
297374,1
129399,1
118225,1
308722,1
353375,1
129571,1
138945,1
129805,1
145487,1
129266,1
176226,1
128212,1
287515,1
333367,1
50433,1
303031,1
290505,1
122397,1
70154,1
145144,1
192203,1
125823,1
144925,1
256852,1
330248,1
339419,1
129783,1
269203,1
373399,1
511604,1
228007,1
214889,1
62234,1
116260,1
121830,1
139566,1
128839,1
118156,1
129960,1
198947,1
142264,1
170483,1
47313,1
57373,1
90929,1
121829,1
162263,1
127988,1
352491,1
51632,1
160267,1
103846,1
48469,1
511317,1
373401,1
284651,1
94433,1
341407,1
82597,1
129230,1
147241,1
249823,1
385103,1
214970,1
254832,1
330303,1
341431,1
366253,1
80097,1
54502,1
333592,1
191401,1
505183,1
92977,1
192741,1
180282,1
108164,1
138532,1
129235,1
98906,1
175656,1
150530,1
218152,1
91608,1
67129,1
190983,1
237155,1
90312,1
341481,1
254839,1
198948,1
209930,1
85318,1
129806,1
86521,1
157812,1
46685,1
94268,1
269196,1
215527,1
129875,1
74301,1
129798,1
84472,1
98490,1
90609,1
272969,1
56495,1
307117,1
307118,1
193774,1
312223,1
92512,3
152048,3
96047,3
165233,3
165233,4
167270,3
311191,3
360041,3
360041,4
303349,3
303350,3
320074,3
320074,4
303354,4
165234,3
227961,3
227961,4
320075,4
303348,4
16089,4
202078,4
96917,4
16090,4
503863,3
503863,4
16091,4
325452,3
325452,4
16092,4
319262,4
59166,3
59166,4
318411,4
192388,4
148158,4
49539,3
49539,4
270778,4
318409,4
318410,3
318410,4
255102,4
131571,3
131571,4
296909,4
182953,12
140451,4
316769,3
16093,3
16094,3
521036,3
521036,4
203545,3
203545,4
372114,3
372114,4
265713,3
313511,3
159791,3
166331,12
311189,3
88140,4
150009,4
229790,4
16095,4
167274,3
167274,4
300876,12
272776,4
365445,3
365445,4
168744,3
168744,4
195433,4
162695,4
317975,1
378950,3
378950,4
324277,12
195014,3
195014,4
197953,1
345151,3
345151,4
515088,3
515088,4
324603,3
324603,4
368868,3
368868,4
303345,1
334494,3
334494,4
140449,1
83681,4
21533,12
270598,4
272002,4
181911,4
275556,4
281056,4
117860,4
197334,4
16096,3
16097,4
296063,12
351635,3
167271,3
296060,3
296062,3
25322,1
245758,1
25323,1
357364,1
192478,7
100907,6
49406,6
521592,3
521592,10
521592,8
522982,3
522982,10
522982,8
385151,10
362447,10
370676,1
517396,1
207781,3
368985,1
512307,1
521130,1
521130,3
272777,3
272777,1
306281,1
522621,3
522621,1
503756,3
503756,1
333835,1
170742,3
253590,1
517337,1
80563,3
87682,8
87682,11
51124,8
51124,11
255199,8
255199,11
99677,8
99677,11
127751,8
127751,7
44766,8
44766,7
375155,3
361504,1
361512,1
361506,4
361506,1
361508,4
361508,1
380543,4
380543,1
505565,1
505565,4
361514,4
361514,1
380547,1
380547,4
506971,4
380138,3
322097,1
504996,4
504996,1
504995,1
504995,3
254612,1
254612,4
131882,1
362291,1
137210,1
285616,4
359833,4
361535,4
272970,4
272970,1
383714,1
251260,4
226667,4
237625,4
343475,4
536515,1
536515,3
225344,4
272684,1
524772,1
524772,4
137849,1
137849,3
180804,4
526392,1
526392,3
526392,4
134146,1
117110,3
503957,4
503957,1
504994,1
504994,3
383725,1
524743,1
524743,4
380139,3
372008,4
85526,6
16309,1
63299,1
16313,1
199724,1
286660,4
16326,1
69546,1
281253,1
386644,1
361067,1
169859,1
138249,1
368272,4
275628,4
275628,1
368267,4
368270,4
368270,1
121813,1
361505,1
361507,4
361507,1
361513,1
361509,4
361509,1
361511,4
361511,1
505588,1
505588,4
361515,4
361515,1
380548,1
380548,4
251591,4
251591,1
69170,4
87735,4
59646,4
383523,1
304195,1
519935,3
360736,1
208831,1
208831,3
214504,1
214504,3
214506,4
135570,4
379640,1
204355,1
16351,6
207942,4
523673,1
182689,3
360333,1
512549,1
150683,4
505571,3
387382,4
387382,3
384906,4
194596,1
194596,4
359904,4
374680,1
526561,1
526561,3
526561,4
275962,4
346129,1
346129,4
526365,1
526365,3
526365,4
346130,4
361292,1
361292,4
361302,4
346127,1
215137,4
526206,1
526206,3
526206,4
526174,1
526174,3
526174,4
352770,4
84354,1
526322,1
526322,3
526322,4
325158,4
169439,4
307932,4
307933,4
308928,4
78346,1
523519,4
523520,4
196999,1
254120,4
69231,4
119288,1
521567,3
132930,4
80823,4
116167,1
384731,3
384732,4
122046,1
273958,1
241749,3
522754,4
505235,4
374687,3
374687,1
374263,4
374108,4
361032,1
212316,3
210907,4
535740,4
505237,4
505551,4
526245,1
526245,3
526245,4
103050,1
360658,1
178569,4
523512,4
523513,4
297022,1
299721,4
361536,4
522108,4
297303,4
297304,4
299723,1
361291,1
361291,4
361301,4
344291,1
298739,1
298739,4
506724,1
297433,1
127389,1
83262,1
54154,1
127449,1
48279,1
150943,1
45291,1
524594,1
97906,1
81578,1
319142,4
365999,4
307061,4
307062,4
361591,4
249878,4
300358,4
219527,3
251985,3
299640,3
16379,4
374690,4
521212,1
521212,3
521212,4
523848,4
523747,3
523847,4
523748,4
523845,4
523850,4
138169,1
387219,1
299728,4
104558,3
225356,1
16375,1
319966,4
327470,4
217129,4
384727,4
182915,4
113681,4
227385,3
227385,1
105652,4
133942,4
342566,1
357884,1
386310,3
76545,3
116993,4
104072,4
389165,4
523751,3
169513,1
169513,4
388562,1
357883,4
341055,1
500806,4
194524,4
161284,4
337037,3
53308,4
56726,1
517126,3
125627,1
66376,1
63876,3
63876,1
518451,3
360601,4
350027,1
87436,4
517125,3
383145,3
153227,1
226857,3
16398,6
16399,3
225364,3
66599,3
56035,3
505006,3
343017,3
343017,6
336383,3
183840,1
263272,3
76164,1
370622,12
350968,12
16428,3
251898,1
288166,1
65994,6
121120,6
82956,6
333170,3
333170,4
333170,6
354227,3
354227,4
354227,6
354258,3
354258,4
354258,6
137208,3
137208,4
137208,6
354255,3
354255,4
354255,6
315832,3
315832,4
315832,6
264544,3
264544,4
264544,6
327539,3
327539,4
327539,6
132416,3
132416,4
132416,6
354254,3
354254,4
354254,6
131604,3
131604,4
131604,6
181974,3
181974,4
181974,6
376468,3
376468,4
376468,6
376469,3
376469,4
376469,6
193760,3
193760,4
193760,6
150618,3
150618,4
150618,6
16471,3
16471,4
16471,6
355308,3
355308,4
355308,6
16472,3
16472,4
16472,6
237905,3
237905,4
237905,6
48249,3
48249,4
48249,6
114998,3
114998,4
114998,6
16474,3
16474,4
16474,6
139141,3
139141,4
139141,6
214852,3
214852,4
214852,6
16476,3
16476,4
16476,6
97353,3
97353,4
97353,6
89993,3
89993,4
89993,6
152272,3
152272,4
152272,6
354250,3
354250,4
354250,6
82355,3
82355,4
82355,6
174521,3
174521,4
174521,6
76668,3
76668,4
76668,6
293388,3
293388,4
293388,6
333164,3
333164,4
333164,6
333149,3
333149,4
333149,6
116713,3
116713,4
116713,6
90897,1
92198,1
218670,1
98369,6
82608,6
328870,1
310923,3
16589,6
16589,3
154434,6
154434,3
83719,6
83719,3
525629,3
517678,3
134659,3
135777,1
179270,1
16511,6
82835,6
170240,3
92253,6
195376,1
56866,3
87461,3
153958,11
279290,6
225395,6
80796,6
255734,6
328878,1
134109,6
225400,6
70077,6
273959,6
174131,3
525862,6
363168,6
287233,1
72366,6
525630,6
165197,3
306148,3
64651,3
136255,11
51081,3
155678,6
120537,3
95238,3
91841,3
134781,6
328882,1
204222,3
227213,6
207298,6
182830,6
96144,1
98553,6
522106,6
69057,6
284803,6
134105,6
54660,6
69547,1
216428,6
358918,6
371817,6
294527,6
287792,6
287791,6
95360,3
120538,3
105013,3
96307,1
16525,6
51428,6
328588,6
328590,6
353502,6
341059,6
341058,6
341057,6
341057,3
347548,6
380218,6
522723,3
522336,3
522510,3
522338,3
525243,3
520937,3
522594,3
328887,1
367672,1
80624,6
75722,6
254369,3
219498,3
216427,3
16583,3
182793,3
517609,3
517688,3
517640,3
252010,1
66135,3
349273,1
196547,3
89358,3
225461,6
53309,6
55103,6
95703,6
95703,3
74269,6
225469,3
91882,3
225471,3
63982,1
137748,1
61416,6
91080,3
133173,6
525166,3
84210,6
48926,6
77277,6
345566,6
371814,6
371005,6
343207,3
79655,6
97785,6
317676,6
317677,6
172923,6
92308,3
215621,3
215667,3
522335,6
352282,6
368278,6
368278,3
368279,6
368276,6
522329,6
135776,3
518294,3
522132,3
525365,3
522034,3
522133,3
522337,3
522136,3
525773,6
511305,6
337612,6
337613,6
210932,3
148163,1
368280,6
333519,6
359749,6
112556,6
225480,3
88164,3
225483,3
225490,6
246156,6
16551,6
214590,3
16562,6
244788,6
16571,3
85465,3
225513,3
16582,3
168553,6
16588,6
521376,6
16592,11
16593,6
16602,6
131922,6
16615,3
136494,3
138757,1
16620,6
95096,6
352772,11
121634,3
161137,3
16670,6
172088,3
225535,6
225541,6
225543,6
16681,6
16684,6
171818,6
42747,6
16693,3
161144,3
92249,6
16731,6
16732,6
67822,11
16745,6
302785,6
180503,6
98506,11
16752,6
49914,6
186740,6
186740,3
47527,6
60245,6
210063,6
180268,6
271669,6
48927,3
84358,6
227018,3
77276,6
98248,6
89318,6
128987,6
128987,3
253579,6
253579,3
134920,6
297311,3
368284,3
245492,3
140073,3
529102,3
380148,3
517894,3
151754,3
115890,3
299506,3
66606,1
304927,1
281840,1
50020,3
529118,3
367375,3
380574,3
360408,3
285688,3
72836,3
350497,1
304928,3
368283,3
169440,3
201321,3
92638,3
286056,3
216354,3
169441,1
221101,3
350029,1
211715,3
219311,3
16774,1
80072,6
20666,3
348155,3
79139,3
323377,3
244103,3
16776,3
182258,12
370282,12
16843,1
114934,3
27290,1
47777,1
16849,1
257091,12
179884,12
124393,3
16860,1
94182,3
368286,3
286325,3
360449,3
344561,3
16875,12
58082,12
59021,12
48929,1
54468,8
54468,3
41928,1
25476,3
25476,8
364689,1
215234,1
505475,6
202933,3
59588,1
250942,3
505480,3
110619,3
336181,8
246604,3
369443,3
347502,8
505479,3
67800,1
350969,8
300450,3
270599,1
190637,6
211610,3
375060,3
369444,3
250088,3
522011,3
116851,3
112671,3
277897,3
105622,3
352223,3
155551,1
95560,4
59367,1
124786,3
82166,1
83240,1
124787,1
124788,1
73216,1
49975,1
181520,1
99771,1
131905,1
125918,3
115015,1
138949,1
92712,4
77962,3
277944,6
131885,3
110135,3
86028,4
59096,1
79243,3
61530,3
113053,3
93547,3
107981,1
41564,3
135496,8
26195,3
270255,4
175867,3
208780,1
311,8
26197,3
26203,3
131890,1
177522,3
97048,6
166043,6
258409,1
258410,3
258411,1
258413,1
258414,1
258416,1
258417,1
258418,1
258419,1
58901,1
44577,1
166045,3
258425,1
94371,6
297704,3
297702,3
381636,3
381637,3
381638,3
381639,3
131895,3
155004,3
170991,6
324872,8
141042,8
516360,8
52649,3
108704,1
107992,3
150665,1
140273,1
153458,1
107982,1
185165,1
368780,3
93255,3
44044,4
363,3
154630,3
373760,3
365,3
151261,3
217574,3
180983,3
178348,3
194890,3
186904,3
185556,3
199039,3
151069,3
26253,3
257141,3
101787,3
257139,3
270257,3
171087,3
186748,3
152300,3
185295,3
293668,3
179243,3
178349,3
185205,3
222455,3
143008,3
257134,4
258399,3
185558,3
26260,1
404,1
347519,1
178352,1
348060,1
500282,1
334572,3
334572,4
368302,3
368302,4
517747,4
42803,4
304346,4
46118,4
432,3
185444,4
536373,1
531222,1
368518,1
319268,1
329062,1
531021,1
296290,1
185692,1
185696,1
506,1
58566,4
127587,1
185707,1
185708,1
249097,2
568,11
526,2
185784,2
185779,2
543,2
73944,2
559,2
560,2
567,2
562,11
73422,2
565,11
370232,3
294256,1
324257,3
94690,3
367851,3
343574,3
341791,3
168016,3
343575,3
343576,3
343577,3
195239,3
101269,3
349767,3
275618,1
332719,3
335559,3
26365,3
300337,3
343579,3
117019,3
517748,3
268739,3
213567,1
26367,3
168106,3
126390,3
307876,3
613,3
26370,1
284941,3
221227,3
315573,3
163765,3
504146,3
49377,3
221983,3
308135,3
521811,3
100083,3
43535,3
91971,3
316700,3
168018,3
385186,3
90020,3
117820,3
287315,3
181282,3
341790,3
531201,3
104035,3
26377,3
343583,3
202387,3
112676,3
535532,3
198992,3
518010,3
521916,3
535595,3
308098,3
132268,3
253980,3
194501,3
117020,3
206745,3
98921,3
227359,3
135630,3
172211,3
343585,3
325897,3
343589,3
339269,3
297915,3
194543,3
339278,3
319239,3
325898,3
297679,3
152942,3
26397,3
317153,3
172221,3
343591,3
206749,3
294257,3
108932,3
98922,3
305117,3
300339,3
194836,3
264715,3
273925,3
349769,3
137463,1
517448,3
343592,3
343594,3
26403,3
307877,3
236139,3
172222,3
251139,3
46436,3
323495,3
269554,3
373267,3
343597,3
287317,3
231276,3
350929,3
343598,3
528790,3
273329,3
381615,3
48874,1
323496,3
26388,3
339273,3
219698,3
311326,3
285843,3
117021,3
386111,3
257837,3
343599,3
169026,1
343600,3
519476,3
280942,1
176953,3
343601,3
168028,3
227361,3
307878,3
220763,1
112569,3
345666,3
343604,3
513775,3
92934,3
93577,3
77122,1
323497,3
323498,3
339267,3
343607,3
151350,3
118953,3
255364,3
291199,3
299845,3
308141,3
115844,3
343608,3
239994,3
127140,3
168031,3
343609,3
89124,3
343610,3
26412,3
190689,3
385118,3
170077,3
169725,3
343612,3
280943,3
194535,3
343613,3
299843,1
180905,3
26414,3
299844,3
164018,3
198043,3
299846,3
313751,3
313752,3
349773,3
349774,3
316391,3
524465,3
510839,3
103649,3
231048,1
332743,3
168032,3
332744,3
170163,3
270190,3
125048,3
332745,3
255425,3
206751,3
242223,3
381618,3
168969,1
46659,3
255335,3
323501,3
385796,3
517526,3
316641,3
316639,3
316640,3
207816,3
287319,3
251144,3
316642,3
176272,4
108578,1
115845,3
339255,3
521917,3
372018,3
198911,1
381611,3
536110,3
43536,3
172215,3
386380,3
372599,3
370403,3
385798,3
219706,1
72183,1
270874,3
139913,3
372733,3
367547,3
181292,1
350487,3
517983,3
42574,1
382855,3
521553,3
368967,3
176470,3
505407,3
501717,3
65201,3
270872,3
618,1
65202,1
217978,3
114007,1
116816,3
98052,3
46051,3
135628,3
168123,1
104261,3
68172,3
104027,3
117819,3
166440,1
79224,1
339256,3
365698,3
187434,3
156018,1
298783,3
228151,3
251141,3
221559,1
511010,3
352612,3
325900,3
154386,1
185813,1
168026,3
201529,1
242258,3
77453,3
502702,3
138586,3
380705,3
503092,3
502293,3
185814,1
140253,1
198583,3
376719,3
529100,3
182071,3
386115,3
313009,1
315656,1
109004,1
316687,3
382796,3
67593,1
151737,3
286280,1
286280,4
345667,3
345668,3
343731,3
342653,3
355956,3
342654,3
358738,3
374392,3
195241,1
285580,1
171088,1
299906,3
294386,1
286281,1
286281,4
302854,1
155294,1
155294,4
346619,3
503848,3
529149,3
370759,3
500569,3
45790,1
26430,1
182847,3
182847,1
210306,3
212189,1
113328,1
77314,1
77314,4
47316,3
47316,4
190130,1
190130,3
26431,1
164191,1
272834,3
336413,3
210339,1
210339,3
210338,1
210338,3
218193,3
108381,1
210303,3
361695,1
361695,3
361694,1
361694,3
185922,1
185927,1
529723,3
529723,4
303979,3
303979,4
185939,3
707,3
67615,12
79008,12
185978,1
246078,12
278466,12
292373,12
222092,12
186039,12
97910,12
49933,3
334903,3
374849,3
115897,3
237661,3
53832,3
91746,3
177771,1
124957,4
285395,3
222487,3
194897,1
330665,3
149019,3
26460,3
186107,3
802,3
811,3
26953,3
218844,1
82668,3
186127,3
186128,3
186139,1
26473,3
119400,3
186154,3
186158,3
186160,3
186161,3
104259,3
57088,3
186213,3
186215,3
844,3
273407,3
26488,3
186238,3
82799,3
95236,3
20407,3
59709,3
870,1
180957,1
195244,1
115818,3
882,3
188330,1
60555,3
522393,3
381559,3
381560,3
20130,3
521380,3
156172,12
105545,12
989,12
334323,3
180805,3
168803,3
248838,3
270877,3
334324,3
521540,3
112187,3
334325,3
104356,1
103945,3
316451,3
359384,3
101992,3
229835,3
307598,3
104442,3
276508,3
228341,3
180814,1
254360,3
146341,3
180813,3
87041,3
243591,3
115044,1
182343,3
522284,3
111129,1
254468,3
102358,3
47766,3
180845,3
120254,3
113365,1
360528,3
156525,3
318449,3
135426,3
359366,3
517559,3
377000,3
377001,3
369981,3
517635,3
316464,3
191449,1
191449,3
102464,3
376756,3
109937,1
227032,3
521291,3
306945,3
315669,3
376757,3
118260,1
104386,3
358743,3
517228,3
373764,3
517398,3
375256,3
375258,3
367359,3
358745,3
517223,3
1013,3
67996,3
195737,3
308370,3
88083,3
1019,3
164020,3
180958,3
46694,3
26541,3
186635,12
285582,3
137924,3
188111,3
1096,3
46168,3
1105,1
62685,1
188175,1
188178,1
27339,8
66164,3
66164,4
89231,8
26614,8
1136,1
188240,1
33975,10
352075,3
511788,3
382595,3
526143,1
526143,3
525915,1
525915,3
153786,3
331542,3
380709,3
194582,3
380707,3
511322,3
510554,10
526332,1
526332,3
525570,1
525570,3
281271,3
136854,3
526594,10
501470,10
386381,10
386382,10
362634,3
66590,10
519501,10
525778,10
379221,10
386717,3
386717,4
270261,10
42902,3
525902,10
379222,10
522015,10
526593,10
384405,3
384405,4
510336,10
382798,10
382799,10
517610,10
510549,10
138937,10
138927,10
207817,3
1259,3
252302,3
360685,3
1261,10
350983,3
54231,3
108342,4
99862,10
62145,3
47292,3
95915,10
350193,3
307607,3
305917,3
84030,3
102330,3
104888,10
124790,3
112682,3
101703,3
387078,3
350982,3
334704,3
120863,3
89883,3
1272,1
236247,3
179927,3
251571,3
211345,1
347382,1
96611,3
1336,4
1337,4
216989,4
119989,4
99433,4
188578,3
156267,4
188610,4
346022,1
343223,1
319302,1
319294,4
82775,1
131753,1
134800,1
26823,3
134805,1
131754,1
171512,1
135357,1
201269,1
99387,3
272299,3
272299,4
158937,1
124683,3
252892,3
99954,1
152031,3
180602,3
275148,3
275148,4
237833,3
158938,1
82155,1
270263,3
365769,3
273511,3
50923,3
197862,1
197861,1
199287,1
126010,3
138260,3
187700,1
131127,3
112683,3
63126,1
63126,4
94289,3
187231,1
334455,3
334456,3
334457,3
352568,3
187233,1
187232,1
217636,3
104043,3
131134,3
89424,3
79095,3
71322,3
83477,3
89040,3
365771,3
1397,3
96038,1
188779,3
188779,4
168424,3
1400,3
1400,4
367690,3
365768,3
188785,1
1402,1
166835,3
166835,4
211392,3
66230,3
66230,4
125886,3
222543,3
344324,1
134899,3
217635,1
50524,1
226720,3
1418,3
188794,3
188795,3
76171,3
226432,3
90541,3
90541,4
129260,3
188797,1
100859,1
76758,3
113447,1
127548,3
270358,3
270358,4
102083,1
217619,3
217637,3
102283,3
112596,3
94677,3
521979,3
521979,4
138467,3
57865,3
273035,3
136353,3
58071,1
170645,3
26822,3
92199,3
70593,3
100875,3
59420,3
59420,4
101673,1
61063,3
101709,3
217643,3
269949,3
85898,3
85898,4
131116,1
116115,3
111511,3
131118,3
316910,3
113448,3
113449,3
93994,3
231525,1
52448,1
59841,1
82760,1
27024,1
95931,1
1544,4
19775,4
1549,4
189077,4
1560,4
105216,4
1572,3
195107,3
20685,10
1601,4
1601,3
171710,1
1621,1
135501,1
138675,1
1625,1
101981,1
96270,1
1632,4
27124,1
27124,4
217003,1
217003,4
50719,1
50719,4
41862,1
41862,4
189234,4
135566,1
222578,1
1648,10
20696,4
269100,3
94127,3
94973,3
162490,3
57813,1
174756,1
137522,1
114455,1
43609,1
42514,1
28199,12
41557,10
27186,12
23020,12
1712,12
1713,12
189469,12
24369,12
70391,12
259196,12
189471,12
175139,3
182415,3
152305,3
151236,3
170039,3
351396,3
309156,3
351397,3
521489,3
153971,3
267898,3
115056,3
327489,3
164123,3
517480,3
373908,3
325544,3
517542,3
175141,3
117822,3
267896,3
164122,3
366596,3
517767,3
512278,3
366597,3
521304,3
517277,3
517645,3
325545,3
517670,3
517686,3
517392,3
517149,3
186761,3
517196,3
517724,3
521190,3
521297,3
517154,3
124336,3
57814,3
55243,3
105050,3
94251,1
27912,1
97068,3
285982,1
285982,3
285982,4
27427,3
27918,1
231633,3
27930,1
127486,1
208285,3
92177,1
231613,1
231613,3
231613,4
196140,1
196140,3
231617,1
231640,1
231636,3
300296,1
300296,3
138069,3
315298,3
52849,1
110022,1
64760,3
93599,1
526405,1
526405,3
112696,1
104200,1
90434,1
90434,3
90434,4
210322,1
68333,1
231635,3
93600,1
156398,3
125391,3
43484,3
194753,3
27233,3
92009,1
96474,1
64370,3
95452,1
79024,3
58476,1
92243,1
27240,1
1761,4
48314,4
94764,1
231642,3
306792,3
285833,3
135951,3
323056,1
210422,3
153632,3
323941,3
86735,3
74974,3
77372,3
73726,3
68116,1
68116,3
93240,3
92796,3
171031,3
89263,3
97656,1
95395,3
42227,3
91677,3
95437,3
92833,3
130455,1
71540,3
44626,3
89370,3
255349,1
255349,3
78927,3
76029,3
156399,3
183820,1
75406,1
181831,3
143083,1
340745,1
340745,3
340625,3
340746,3
369287,3
283819,1
283819,3
139834,3
79488,1
93410,3
1758,3
93411,3
112697,3
86322,1
71820,3
261469,3
112600,3
130626,3
27436,3
63575,3
53224,3
27474,3
274493,3
94205,3
46410,3
317260,3
181504,3
215399,3
1800,3
195891,3
222624,3
95205,3
1802,3
98215,3
112734,3
27437,3
358895,3
244948,3
70698,3
241682,3
66994,3
244921,3
112736,3
89741,3
226225,3
1813,3
90861,3
27448,3
112766,3
228781,3
130140,3
250922,3
217072,3
1846,3
103161,3
92639,3
94693,3
284068,3
176978,3
96340,3
1819,3
91524,3
348420,3
180816,3
139008,3
80554,3
112765,3
27485,3
95005,3
89340,3
91823,3
62539,3
27442,3
98550,3
249457,3
256292,3
171089,3
227939,3
368554,3
227942,3
1832,3
47943,3
210913,1
152171,1
315796,1
351136,3
226835,1
217075,3
299477,3
210915,3
256204,3
327490,3
171399,1
256205,3
177871,3
27542,1
73684,3
64774,1
1870,1
208898,1
250467,1
42197,1
374014,1
323943,3
62713,1
279758,1
168502,1
333800,1
54716,3
1871,3
370855,3
218453,3
283444,3
317259,3
254902,3
272658,3
316689,1
68220,3
68220,4
352455,3
206999,3
193257,3
124187,3
317258,3
272660,3
90309,3
365838,3
151351,1
243331,3
294578,3
299026,3
345669,3
325819,3
96169,3
238665,3
99937,3
526671,3
227216,1
358899,3
53322,3
58752,3
47807,3
70408,3
114008,3
1881,3
191121,1
79123,1
169361,6
169361,11
22641,4
203007,1
327838,1
203008,1
521378,3
195294,3
256512,3
521090,3
272664,3
272665,3
248926,3
85945,3
317629,3
182443,3
102147,3
51273,3
275572,3
278109,3
102748,1
529831,1
530955,1
525469,1
526233,1
529833,1
56803,1
181785,1
525546,1
374574,1
87911,1
87911,4
92696,1
351810,1
108733,8
108799,1
71867,1
529830,1
529832,1
530877,1
530878,1
530885,1
530914,1
64098,4
64098,1
203582,1
102278,4
236250,1
112196,1
272792,1
257060,1
187742,1
108379,1
58825,1
99116,1
112222,1
2029,1
20098,1
71337,1
143362,1
272800,1
272812,1
257064,1
257062,1
272784,1
257063,1
181811,1
257061,1
2054,1
303921,1
191039,1
284161,1
141226,1
367697,3
98233,3
362393,3
27846,3
298698,3
384145,3
222373,3
151238,1
203946,12
27869,1
27869,3
151208,1
203959,1
377721,3
377729,3
377732,1
124649,1
124649,3
377707,4
525984,3
50098,8
513811,3
513857,3
204197,1
156539,1
198276,1
198275,1
368856,4
368856,3
239995,4
2406,4
217655,4
271681,4
157261,1
205202,8
124184,8
2472,4
24949,3
205336,1
28114,1
104238,9
512382,3
90908,3
129802,1
93664,1
97597,6
75751,6
28255,3
368944,3
28244,3
28244,4
28247,3
28247,4
205937,1
182543,3
95506,3
226078,3
176636,3
101282,3
2638,3
318581,1
2712,1
93848,1
270922,1
270922,8
333437,1
318755,1
99598,1
99598,6
99598,8
313312,1
318745,1
242731,1
94539,1
313311,1
339300,1
241576,1
308039,3
308039,4
2826,3
2826,4
219703,3
219703,4
25513,3
25513,4
121631,3
121631,4
103718,3
103718,4
306455,3
306455,4
273354,3
273354,4
113936,3
113936,4
105677,3
105677,4
169866,3
169866,4
347322,3
347322,4
2830,3
2830,4
206517,3
206517,4
243417,3
91219,3
367699,1
500332,3
179956,1
94303,4
134761,4
51112,4
342418,1
85551,1
219953,3
327491,1
374207,3
374209,4
217077,3
124342,3
341597,4
304038,4
92993,4
92993,6
281842,3
270552,3
339086,1
206602,4
2895,3
70984,3
206759,3
206764,4
2906,4
204486,4
206243,3
344763,3
345788,3
203357,3
206674,3
374306,3
98271,3
2937,3
64301,3
97303,3
206798,3
28687,4
96408,1
135660,4
209903,1
198328,4
45325,4
206677,3
50853,3
95589,4
93512,3
240032,3
96778,3
80596,3
28691,3
90552,3
119992,3
206802,3
29191,1
206688,4
2956,3
98227,3
254918,3
50299,3
70261,3
85755,3
241690,3
366825,3
72984,3
48595,3
65874,3
75929,3
181152,3
228981,3
219443,3
76799,3
222909,3
180986,3
111766,3
237930,3
226837,3
120442,3
120443,3
120445,3
120446,3
198336,3
171270,4
180952,4
181521,3
219444,3
168464,3
77412,4
2968,4
206808,4
190008,4
206810,3
51128,4
206812,4
2983,1
206779,1
66661,1
116033,4
182956,1
309899,1
51527,1
206814,1
2987,4
127301,3
166567,3
308436,3
28761,3
94336,3
300809,3
177926,1
177926,3
138809,3
308442,3
228827,3
28751,3
372553,3
372555,3
378422,3
378423,3
372554,3
378419,3
361841,3
352463,3
352464,3
352465,3
352466,3
352461,3
352469,3
3049,1
222919,12
227237,12
281209,3
281209,12
46499,3
46499,4
226177,12
209483,3
209483,4
89736,12
115791,12
3086,1
3092,3
3092,12
104111,12
153563,12
121614,12
3100,12
28793,12
86916,12
153887,3
153887,4
208449,1
24141,1
98609,12
270933,1
183193,1
194773,1
82052,12
3233,1
28868,1
119904,4
98965,1
169178,3
307095,3
58326,3
272916,3
516737,3
75483,1
3367,3
182824,4
93739,4
170635,4
93520,4
135504,4
315766,1
24968,1
97111,4
210072,1
210074,1
210083,1
193092,1
3702,4
257857,4
210120,3
210120,4
210104,4
45715,12
279239,3
3711,1
20494,1
513893,1
513894,1
106365,1
3715,1
77732,1
368019,3
227863,1
227863,3
253990,1
277303,1
240737,1
123597,1
123389,1
325543,1
123600,1
370805,1
370805,3
122761,3
123588,1
60702,1
210698,1
29251,1
233046,1
327871,3
211382,1
3782,3
61278,3
120486,3
200173,3
222992,1
120487,1
3784,3
94146,3
157678,3
211453,4
211476,4
212456,3
212458,3
61781,4
210825,3
3839,3
3846,3
3846,1
29362,1
168246,1
250611,1
250611,4
226840,1
226840,4
317639,2
317639,11
350368,2
350368,1
504575,2
136044,1
211256,1
140310,11
211257,1
342963,3
116315,11
342656,3
504153,2
349474,2
349474,1
317638,2
317638,11
3946,1
113782,1
287332,1
287332,4
150669,1
150669,4
135831,1
118431,1
165549,1
367583,1
195960,1
44904,1
115809,1
56617,1
326080,1
218981,1
194856,1
194856,4
327135,2
322228,2
4022,6
213396,6
521826,3
521281,3
521160,3
521112,3
521829,3
521526,3
521365,3
521740,3
521709,3
521142,3
521782,3
521294,3
521247,3
521080,3
521707,3
213417,3
213417,1
72772,4
72772,3
51907,4
150915,1
187795,1
507670,1
507119,1
507265,1
507411,1
507450,1
507154,1
507109,1
507342,1
64828,11
97463,11
30562,11
213718,11
4305,3
43653,3
311205,8
320786,1
154651,3
99710,3
82741,3
195307,1
4369,3
72121,3
52420,3
89827,3
171245,3
208813,3
58807,3
211493,3
20544,3
4529,8
153698,8
529315,3
529314,3
54178,8
194170,1
194170,3
218454,1
218454,3
518719,3
4710,3
81197,3
517421,1
370029,1
368947,1
357259,3
241104,3
520066,3
239356,3
93366,3
169485,3
30863,3
115630,3
30867,3
170367,3
105620,3
307957,3
88095,3
76626,3
109118,3
30870,3
79621,3
49393,3
212068,4
196337,3
30871,3
240178,3
30872,3
64668,3
196616,3
30874,1
154650,3
128468,3
48033,3
30875,3
53500,3
95344,1
194173,3
25737,3
117814,3
30881,3
270543,3
168290,3
51626,3
344385,3
226348,3
242409,3
344386,3
344387,3
170654,3
72131,3
108111,3
378943,3
378943,4
316747,3
236953,3
300810,3
152718,3
272864,3
95890,3
64385,3
271136,3
344388,3
298708,3
298708,4
117830,3
236954,1
171094,3
168509,3
95162,3
352718,3
349779,3
351170,3
351170,4
270557,3
352719,3
311327,3
94372,3
25590,3
30894,1
95163,1
53928,3
53929,1
68511,3
66172,3
79047,3
79047,4
30895,3
90740,3
90740,4
48459,3
231559,3
325131,3
286363,3
117123,3
93796,3
30898,3
521934,3
521934,4
275544,3
83436,3
217219,3
217219,4
271068,3
117991,3
135063,3
350383,3
350383,4
142614,3
118138,3
4823,1
133926,3
88928,3
149124,3
108416,3
253860,1
253859,3
76132,3
215277,3
215256,3
131440,1
118012,1
109592,3
57802,1
512599,3
255214,3
181716,3
231556,3
92445,3
117804,3
135058,3
126645,3
170344,3
84257,3
89746,3
95168,3
117953,3
139194,1
231549,3
167903,3
4826,3
109469,3
117965,3
135050,3
521651,3
117966,3
64912,3
272719,3
155290,3
56402,1
103688,3
500004,3
101729,3
103507,3
228395,3
215275,1
70622,3
79043,3
118082,3
174793,3
95717,1
67277,3
215278,3
215279,3
51939,3
102789,3
138472,3
137783,3
87212,3
117810,3
103223,3
118010,3
110418,3
117811,3
79787,3
141459,3
43789,3
118014,3
117812,3
334958,3
251940,3
135052,3
215268,3
117979,3
91552,3
306799,3
370856,4
134426,3
134426,4
5091,3
5091,4
353578,4
353578,8
377094,7
341637,3
20363,3
50876,3
50876,12
30990,3
30990,4
158275,3
158275,4
63995,3
63995,12
68305,3
68305,4
91044,3
91044,4
54705,3
54705,4
320311,4
334133,4
284503,4
5225,4
60928,12
82287,12
69036,12
5285,1
5286,1
5287,1
105264,1
368341,3
233084,3
317700,3
143919,3
374709,3
143921,3
136686,3
275880,3
263364,3
280915,1
196872,3
241150,3
504465,3
250279,3
77518,3
241153,3
241484,3
241263,3
306536,3
270721,3
344065,4
344066,4
137112,4
511544,4
511637,3
511637,4
525788,3
525788,4
256246,4
214469,4
183435,4
531294,3
531294,4
167985,4
256242,4
379479,3
379479,4
69233,4
511310,4
525524,3
525524,4
531298,3
531298,4
511351,3
511351,4
211805,4
256249,4
371961,4
58058,4
23679,3
23679,4
73161,1
64480,1
73224,1
116159,3
72701,1
318714,4
318714,7
318714,3
158384,1
104193,12
114430,12
317021,3
297976,3
69769,12
5640,12
5681,1
256748,12
256748,3
227807,12
227807,3
345340,12
155917,1
108751,1
176248,1
117441,1
307756,1
180834,1
193784,1
209688,1
193785,1
234040,3
193791,1
219218,4
219218,6
195949,1
292524,1
109093,1
180837,1
115020,1
78954,1
66231,4
157919,1
304373,1
347525,1
194239,1
234734,4
143263,1
113185,1
190507,1
265807,1
296411,12
361843,1
175324,1
103900,1
252493,1
115029,1
74429,1
161130,1
157920,1
161129,1
143266,1
157924,1
132150,1
113186,1
72780,6
304372,1
135668,4
135668,6
324310,1
361842,1
298673,1
304374,1
5707,1
252496,1
297654,1
21600,3
49277,1
271849,6
85511,1
5799,1
182469,1
100137,1
504882,1
212097,1
176855,1
5800,1
99768,1
240652,1
157444,1
171268,1
28611,1
62715,1
228301,1
22601,1
229937,1
186945,1
147412,1
191632,1
71017,1
297725,12
297725,3
5822,3
5826,1
51638,1
5829,1
5831,4
5836,1
129292,1
374242,4
367724,4
359111,4
86119,3
362483,3
273579,3
378964,4
216986,4
340836,4
50896,3
348124,4
368681,4
348116,4
320152,4
370226,4
300495,4
44603,3
57854,3
61132,3
5856,3
64656,1
31809,1
5857,1
30581,1
20080,3
42026,3
113605,3
130168,3
5859,4
29564,3
194142,1
5861,1
319453,3
293747,3
55541,3
33042,3
31807,3
97206,3
150196,3
154916,3
348107,4
348125,4
376666,4
348109,4
348110,4
348113,4
319427,4
348123,4
344184,4
339206,4
319426,4
320153,4
370224,4
361693,4
5929,3
303824,4
98915,4
523181,11
514303,11
152039,3
168646,3
5982,3
48611,4
138265,4
5985,3
197258,4
118648,4
124304,3
6009,3
41697,3
241495,3
171667,4
31920,3
168293,3
59824,1
74751,1
52747,3
66691,4
195633,3
270362,1
223284,3
73733,1
247591,1
25911,3
198014,3
179018,3
374905,1
240462,1
117960,1
525955,3
253850,3
273014,3
316311,1
364438,3
386934,3
376795,3
370700,3
370109,3
370701,3
364440,3
354187,3
317848,3
327462,3
350500,3
318744,3
353065,1
379487,3
353088,3
331255,1
380440,3
384451,3
519227,3
291144,3
336459,3
336464,3
353806,3
317255,3
336468,3
316738,3
356009,3
322204,3
353808,1
236523,1
218857,3
511797,3
511608,3
236512,3
299826,3
226845,3
368504,3
359552,3
323539,3
344850,3
250226,3
280222,3
316525,3
511727,3
511699,3
284878,1
355913,3
376792,3
376793,3
511714,3
514314,3
511896,3
355912,3
370183,3
382620,1
341825,3
298512,3
281353,1
506547,3
506809,3
525789,3
525983,3
536431,3
536424,3
387497,3
535875,3
376796,3
511533,3
345344,3
298392,3
384453,3
382281,3
382283,3
319813,3
524953,3
333866,1
291249,3
360494,3
315659,3
243583,1
349587,3
242601,3
500162,3
345325,3
357382,3
336470,3
318015,3
506630,3
357379,3
341816,3
336473,3
505306,3
374245,3
359664,1
378558,3
362019,3
505302,3
384499,3
362016,3
211129,3
374395,3
247663,3
307893,3
368901,3
317031,3
256127,3
207836,3
209583,3
212177,1
203358,1
237576,3
211394,3
358808,3
322079,3
354660,3
518118,3
240827,3
384500,3
322497,1
306758,1
317429,3
336475,3
307897,3
252157,1
234979,1
336477,1
299827,1
269586,3
521573,3
283437,1
208849,3
280229,3
307895,3
322081,3
505301,3
334667,3
258672,3
519024,3
359112,3
320143,1
355910,3
316206,3
351191,3
315600,3
350010,3
354186,3
316392,3
323826,3
236525,1
361241,3
505298,3
355911,3
367732,3
374243,3
374344,3
357383,3
374244,3
511330,3
367736,3
372607,1
324273,3
386742,3
364623,3
505281,3
350988,1
350011,3
315603,1
379488,3
518073,3
517998,3
380441,3
317503,3
505283,3
519406,3
384501,3
521504,3
525604,3
368685,3
367733,3
367734,3
368686,3
367735,3
505285,3
358809,3
525423,3
360225,3
374246,3
536152,3
358810,3
521320,3
384502,3
358811,3
526209,3
374346,3
511381,3
360495,3
358812,3
236524,1
521685,3
387734,3
357391,3
526230,3
505297,3
521184,3
174796,3
85689,3
253052,3
222173,3
152732,3
79523,3
256928,3
307891,3
166970,3
308100,3
228303,3
533188,3
223332,3
365025,3
312612,3
343909,3
364443,3
192522,3
219460,3
240655,3
355907,3
355906,3
211130,3
270364,3
300307,3
302882,3
363672,3
255215,1
297428,3
321446,3
143800,3
135670,3
56732,3
266170,3
97560,3
374266,3
291254,3
252055,3
318456,3
318458,3
184084,3
251963,3
285591,3
353811,3
269147,3
280593,3
317253,3
198559,3
206924,3
283060,3
307894,3
285237,3
189815,3
316551,3
211737,1
179548,3
170775,3
129741,3
228306,4
175792,3
221110,3
182537,3
321447,3
219461,3
306251,3
253677,1
241760,1
270112,3
526193,3
140036,3
176980,3
285913,3
511418,3
216907,3
179551,3
69049,3
379496,3
98455,3
116492,3
505307,3
179552,3
384452,3
318457,3
317646,3
249928,3
249170,3
252056,3
56891,3
31972,3
206882,1
207737,1
238313,1
31983,3
31984,3
121788,1
124860,3
127508,1
195964,3
195964,4
52840,3
139497,3
105703,3
186732,3
98351,1
194025,3
194025,4
31982,1
192278,3
192278,4
122388,1
165994,4
305894,1
305894,3
54735,12
6410,12
6474,1
53728,3
142251,3
22014,3
42307,1
183796,3
136018,3
284951,3
168651,3
124125,3
6504,1
32097,4
263345,4
101535,11
101547,11
90699,1
333262,1
102357,1
112605,1
92352,1
79614,1
223393,1
6729,1
127096,4
298032,3
192446,3
361540,3
226162,3
240753,3
272534,3
119503,3
109744,3
525382,3
322082,3
279361,3
254104,3
525521,3
80020,3
6778,3
50050,3
210851,3
525606,3
50051,3
525575,3
85244,3
70443,3
77242,3
286034,3
6779,3
274709,3
129742,3
110490,3
169827,3
309505,3
6785,3
64575,3
6787,1
6787,3
152344,3
101815,3
249929,3
111678,3
53897,3
347720,3
373004,3
243426,3
80021,3
370887,3
348096,3
25532,3
524846,3
537066,3
529543,3
529691,3
536955,3
529567,3
529712,3
537128,3
529726,3
529609,3
32559,3
95846,3
285396,3
525433,3
371572,3
505219,3
110994,3
149973,3
525452,3
163701,3
308766,3
525556,3
79026,3
525424,3
521790,1
521790,4
237577,1
289156,1
381186,1
520468,3
63015,3
6915,3
194497,3
317509,3
317509,12
300515,1
238315,1
307898,3
6920,3
6920,12
197903,3
361738,1
254611,3
151243,1
308281,3
274710,3
51546,3
51546,12
164070,3
193295,1
361652,4
252158,1
309796,4
93200,4
93200,1
324801,4
324801,1
361653,4
357502,1
357502,3
357494,1
357494,3
116990,3
227946,1
112598,3
54703,1
246129,1
246129,3
23077,1
23077,3
32740,3
151724,3
172368,3
44046,1
65183,1
151726,3
7088,4
89825,1
89825,3
194885,3
194885,1
212098,1
212098,3
46103,1
46103,3
223446,3
223446,1
223447,1
354041,1
340640,1
209648,3
74723,3
183340,3
111068,3
181459,3
120471,3
502551,3
521665,3
32846,12
7180,12
306604,3
79319,1
75999,1
32864,3
90953,3
105452,1
338093,3
77722,1
76000,1
53898,3
7218,3
64363,3
7224,3
64372,3
75800,1
7226,3
7227,3
57716,3
57717,3
71137,1
71137,4
183210,1
183210,4
7292,3
294389,4
93123,1
93123,4
206993,1
206993,4
33018,3
308063,4
64121,4
7364,4
69772,4
90389,3
201726,3
228310,4
7384,3
153133,3
7423,4
361008,4
360343,4
133297,1
82205,1
366180,1
366180,11
70085,1
98551,1
86719,1
383584,1
86852,1
61461,1
94900,1
536784,1
90717,1
175720,1
228701,1
44214,1
69780,1
76633,11
76633,1
526443,1
526443,11
63052,1
94864,1
283383,1
99790,1
52411,1
526119,1
526119,11
93921,1
168146,1
87155,1
69112,1
92738,1
526114,4
95832,1
193044,1
193044,11
193044,4
97847,1
535876,1
307063,1
50791,1
62179,1
62179,11
33200,1
33200,11
45060,1
68796,1
526118,1
526118,11
78157,11
78157,1
78207,1
135183,1
107015,1
69560,1
237211,1
89399,1
168945,1
116940,1
47883,1
91023,1
91023,11
33314,1
73107,1
73108,11
46744,1
72664,1
95393,1
92630,1
387464,1
282602,1
120474,1
120475,1
340710,4
354031,4
7598,12
113555,12
7601,12
210774,4
307825,4
369897,3
369897,4
46021,3
336579,3
336579,1
312723,3
312722,3
361708,3
303255,4
252514,4
282053,4
277859,4
273634,3
335640,1
335640,3
63441,3
282052,4
334053,3
252153,3
237998,3
202680,4
338976,4
7765,3
279908,3
279908,4
82761,3
82761,4
90029,3
294677,3
359925,3
239340,3
101916,3
59501,3
59501,4
97417,6
136943,3
207964,3
207964,1
385027,1
138689,6
294678,3
73963,3
105248,11
7878,3
7895,11
192449,1
7908,1
272561,3
355533,3
178559,1
178559,4
268707,3
268707,4
271974,3
271974,4
285043,1
285043,4
97634,1
236962,3
70954,3
70954,1
344941,1
344941,4
298375,3
298375,1
47885,3
47885,4
110482,1
110482,3
273054,3
273054,1
174811,3
174811,1
317247,3
317247,1
291876,1
291876,3
95384,1
345149,1
345149,3
382973,1
382973,3
119805,1
93963,3
93963,4
94021,1
94021,3
65850,1
99770,3
99770,4
7911,11
57229,3
97229,3
7919,3
44738,1
63918,3
7921,3
24091,11
97052,1
91748,1
247333,3
226653,3
96015,3
105634,6
151199,1
179984,3
51605,1
247337,3
111198,1
111198,3
70682,3
323395,3
152734,3
334574,3
90115,1
241300,3
79827,3
52119,3
236858,3
286070,3
7987,1
7989,3
535839,4
525530,4
525478,4
271163,4
219291,4
297262,4
325071,4
133580,4
525449,4
297263,4
525580,4
80877,4
536058,4
284674,4
54596,4
525801,4
323574,4
152241,4
178768,4
525425,4
148441,4
525590,4
525618,4
33579,4
198201,4
289226,4
66923,4
48936,4
525555,4
290585,4
193680,4
525380,4
66782,4
525378,4
536639,4
525613,4
525552,4
525589,4
525475,4
97195,4
525564,4
93826,4
48988,4
351590,4
64973,4
8000,4
8016,4
8025,4
76826,4
357162,3
357162,4
357182,1
357217,3
357219,3
357224,3
357192,3
357240,3
355300,12
25219,3
56123,1
8204,4
46406,1
223732,2
359842,2
359842,11
56869,2
78650,2
43304,2
77021,2
47380,2
53794,2
97592,2
55074,2
202844,2
49766,2
111125,2
111125,11
53071,2
53071,6
53071,11
50142,3
64441,4
352427,3
220810,3
90846,1
361826,1
322085,3
205587,3
194405,3
89456,4
180512,3
92537,3
237113,3
252896,3
127493,4
323827,3
257550,3
126137,3
45030,1
237092,3
194407,3
218279,4
152206,3
205594,1
194248,4
33994,3
238476,3
8455,3
255219,3
255220,3
255221,3
226323,3
325137,4
529022,1
529022,3
177512,1
177512,3
39133,3
8558,3
517375,1
517375,3
384879,1
80934,3
69962,3
82763,3
155692,3
39132,3
93197,1
8569,1
165374,1
125488,1
42034,1
322044,1
101208,1
140005,1
140005,3
271419,3
127826,1
127826,3
344656,3
352152,3
352153,3
323116,3
298358,3
52786,3
182129,3
373710,3
358470,3
127799,3
162365,3
127800,3
314492,3
82024,3
65580,3
298133,3
335286,3
83399,3
182957,3
314493,3
79266,3
384520,3
346076,3
272799,3
253003,3
373574,3
227658,3
300759,3
111803,3
212633,3
344659,3
251059,3
237623,3
306047,3
145963,3
270976,3
344660,3
314494,3
182960,3
179294,3
369187,3
314495,3
195333,3
48684,3
358471,3
306801,3
195091,3
358472,3
352156,3
249344,3
209339,3
220141,3
249345,3
323117,3
182963,3
314496,3
384521,3
274003,3
250848,3
324547,3
335873,3
285772,3
314497,3
87976,3
52256,3
83976,3
325326,3
299951,3
79423,3
250980,3
373711,3
335874,3
344661,3
283981,3
149062,3
256316,3
358474,3
384524,3
369188,3
344662,3
358475,3
358476,3
140009,3
249346,3
127802,3
141186,3
333867,3
384427,3
149063,3
93151,1
181131,3
198397,3
171451,3
45692,3
208371,3
317369,3
87831,3
298147,3
49321,3
323838,3
335875,3
367154,3
171018,3
170133,3
335876,3
384108,3
108128,1
369189,3
314501,3
270986,3
335877,3
127803,3
352159,3
503401,3
358477,3
358478,3
270977,3
169095,3
270091,3
325838,3
39191,3
140331,3
316467,3
285736,3
114365,3
59072,3
344664,3
182975,3
250984,3
299957,3
78932,3
270205,3
68893,3
250849,3
193310,3
182978,3
182696,3
228879,3
358480,3
110483,3
335878,3
102046,3
227659,3
102047,3
274005,3
384112,3
358481,3
151021,3
316552,3
43872,3
183848,3
344665,3
335879,3
227660,3
317097,3
170522,3
39194,3
335880,3
352160,3
138729,3
88058,3
95690,3
344666,3
352161,3
83735,3
226785,3
358482,1
300707,3
344667,3
166290,3
384525,3
71118,3
39195,3
352162,3
109667,3
104268,3
503737,3
114367,3
179832,1
297986,3
323123,3
369191,3
170134,3
344668,3
343851,3
97860,3
342918,3
122343,3
228880,3
307351,3
325883,3
42138,3
42129,3
39199,3
39200,3
109341,3
111882,3
325328,3
352164,3
317522,3
89113,3
358483,3
108687,3
335882,3
206966,3
220143,3
384526,3
206968,3
79500,3
352165,3
358484,3
352166,3
206969,3
352167,3
138730,3
228882,3
352168,3
285337,3
344670,3
369192,3
180304,3
180439,3
226445,3
359289,3
98030,3
182983,3
314509,3
504559,3
292049,3
250850,3
154508,3
153378,3
352169,3
299961,3
269381,3
90725,3
174590,3
297020,3
325332,3
169015,3
273864,3
269045,3
344671,3
369193,3
373576,3
149064,3
146216,3
326449,3
352170,3
110091,3
292050,3
358487,3
249347,3
343241,3
384527,3
384528,3
124801,3
352171,3
384529,3
369194,3
342524,3
170569,3
307969,3
285821,3
352172,3
352173,3
93868,3
298174,3
358488,3
384116,3
248785,3
300760,3
344672,3
369195,3
76683,3
55458,3
333976,3
212638,3
344673,3
369197,3
369199,3
369203,3
384118,3
296614,3
122344,3
213134,3
228883,3
335885,3
183294,3
335886,3
352174,3
316739,3
344674,3
88045,3
313647,3
344675,3
369201,3
358701,3
352175,3
195095,3
282298,3
153313,3
253067,3
369204,3
315532,3
358490,3
124802,3
358491,3
103874,3
373577,3
300725,3
299962,3
282300,3
317370,3
344676,3
325335,3
60574,3
109428,3
242472,3
246262,3
127804,3
358493,3
285773,3
208372,3
384531,3
352176,3
300708,3
344677,3
74733,3
373713,3
76072,3
252422,3
373578,3
335887,3
373714,3
384120,3
373579,3
501947,3
168514,3
137117,3
51783,3
47435,3
344221,3
502153,3
335888,3
335889,3
300761,3
220146,3
63489,3
333109,3
222320,3
352177,1
149065,3
226452,3
352178,3
174824,3
250989,3
134664,3
335890,3
99343,3
241472,3
314520,3
325338,3
138733,3
335891,3
373715,3
282301,3
249348,3
351074,3
343852,3
335892,3
306570,3
238409,3
314521,3
170135,3
344678,1
255992,3
323131,3
344679,3
270987,3
298179,3
181134,3
93549,3
70426,3
306574,3
328111,3
352179,3
177311,3
87210,3
325339,3
50383,3
111762,3
206970,3
250991,3
181135,3
373716,3
170524,3
335893,3
307141,3
335894,3
83665,3
373581,3
67514,3
369207,3
373582,3
207357,3
384533,3
323134,3
250851,3
350018,3
335895,3
384534,3
90777,3
180440,3
352180,3
352181,3
369209,3
226868,3
335896,3
314532,3
195098,3
210801,3
343853,3
300721,3
241473,3
73642,3
249349,3
135963,3
300762,3
137138,3
43755,3
182352,3
116251,3
129299,3
109071,3
137139,3
43756,3
88048,3
109650,3
250853,3
50810,3
137118,3
151201,3
108241,3
116252,3
193313,3
292066,3
63434,3
344680,3
352182,3
384124,3
344681,3
94482,3
300763,3
104724,3
71871,3
195394,3
182965,3
60741,3
169105,3
83126,3
335897,3
333110,3
299963,3
269671,3
250992,3
138736,3
343854,3
282302,3
43701,3
325342,3
250854,3
85099,3
344682,3
335898,3
138734,3
306576,3
227661,3
182968,3
352183,3
335899,3
384130,3
210802,3
113898,3
250855,3
343855,3
81081,3
343259,3
352184,3
149066,3
358495,3
384535,3
369210,3
170543,3
299505,3
384536,3
352185,3
137119,3
503039,3
85965,3
501954,3
298185,3
63633,3
352186,3
170187,3
73234,3
352187,3
212647,3
249350,3
238178,3
352189,3
115863,3
250856,3
373717,3
90983,3
242476,3
352188,1
62847,3
373583,3
369212,3
240880,3
124638,3
111010,3
238179,3
182977,3
503007,3
503113,3
228387,3
358499,3
314538,3
298367,3
344683,3
153144,3
182656,3
63178,3
63634,3
73235,3
369213,3
282671,3
352190,3
103536,3
79804,3
220149,3
238410,3
358501,3
134724,3
358502,3
352191,3
369215,3
352192,3
25678,3
344684,3
101771,3
335900,3
352193,3
111397,3
138297,3
240881,3
384131,3
169113,3
65463,3
373718,3
344685,3
299968,3
384537,3
352194,3
282307,3
39227,3
171444,3
373584,3
344686,1
368642,3
344687,3
358504,3
169115,3
207359,3
250857,3
174595,3
335901,3
238411,3
88044,3
250858,3
170570,3
250859,3
521441,3
177487,3
373586,3
228885,3
250860,3
250861,3
270210,3
250862,3
368450,3
50878,3
297987,3
335902,3
250863,3
250864,3
250865,3
352197,3
384133,3
369217,3
170919,3
103069,3
323429,3
111309,3
384538,3
204810,3
284126,3
127807,3
206972,3
335903,3
335904,3
373587,3
369220,3
179833,3
75460,3
373719,3
49525,3
91102,3
238301,3
307190,3
373588,3
369221,3
501693,3
269385,3
373589,3
352198,3
369222,3
333869,3
384134,3
352199,3
369223,3
314547,3
270096,3
358507,3
352201,3
358505,3
358506,3
62731,3
242478,3
273868,3
352200,3
503417,3
373590,3
270864,3
208375,3
179834,3
521288,3
135688,3
181195,3
83925,3
114967,3
108402,3
58661,3
103041,3
254571,3
384137,3
113062,3
316289,3
212653,3
298192,3
368555,3
154052,3
250928,3
352202,3
137120,3
384539,3
367160,3
282312,3
170571,3
343856,3
358510,3
300717,3
207360,3
87978,3
323839,3
208374,3
231457,3
376290,3
323431,3
111557,3
174597,3
249352,3
195100,3
316468,3
323147,3
298193,3
358511,3
195967,3
254573,3
197866,3
194650,3
180345,3
369225,3
325347,3
55564,3
86221,3
299972,3
195101,3
502043,3
153379,3
238413,3
325348,3
325349,3
179835,3
170525,3
270211,3
86222,3
325350,3
169097,3
369226,3
384140,3
285824,3
223791,3
134726,3
323432,3
358512,3
358513,3
127808,3
358514,3
241566,3
352203,3
316470,3
194651,3
373721,3
325351,3
149067,3
103993,3
384428,3
270098,3
137121,3
240882,3
352204,3
138300,3
207363,3
300766,3
182990,3
95734,3
212661,3
252423,3
180441,3
502902,3
195396,3
352205,3
344690,3
502950,3
314556,3
325839,3
352206,3
352207,3
314557,3
335906,3
298369,3
358516,3
373592,3
384541,3
352208,3
242481,3
212662,3
170226,3
326452,3
174599,3
316471,3
343265,3
44739,3
517669,3
166291,3
352210,3
384143,3
325357,3
335908,3
207365,3
94098,1
53034,3
193320,3
194658,3
521150,3
321452,3
321452,1
344692,3
373595,3
73939,3
314569,3
59084,3
323157,3
207366,3
299992,3
89652,3
111821,3
384149,3
358526,3
307642,3
307149,3
384547,3
342525,3
373596,3
335918,3
127812,3
323159,3
358535,3
307150,3
358536,3
373597,3
103347,3
358537,3
169595,3
48792,3
96810,3
314589,1
344695,3
65076,3
149070,3
195149,3
270214,3
344697,3
369237,3
384550,3
358541,1
369238,3
222323,3
325364,3
384161,3
369239,3
244022,3
344701,3
96549,3
335335,3
343275,3
122345,3
181138,3
284358,3
358548,3
206976,3
335929,3
282672,3
314609,3
253073,3
269390,3
358551,3
61753,3
297991,3
274702,3
335934,3
244025,3
55711,3
8600,3
325841,3
325371,3
325370,3
228896,3
249358,3
92201,3
116763,3
352265,3
146223,3
352269,3
94314,3
39265,3
109653,3
103568,3
92940,3
207402,3
210807,3
169099,3
190018,1
335939,3
228899,3
352279,3
298231,3
325380,3
99538,3
69988,3
344710,3
335942,3
249360,3
220174,3
183012,3
50584,3
335946,3
384557,3
53445,3
282325,3
358579,3
109736,3
214219,3
214218,3
160399,3
207415,3
344712,3
369244,3
369245,3
300224,3
352298,3
358582,3
207420,3
384173,3
92421,3
324429,3
168786,3
138309,3
170552,3
175221,3
53035,3
183026,3
344713,3
343290,3
358591,1
333115,3
344715,3
91388,3
124803,3
300455,3
99052,3
121918,3
153151,3
166292,3
335347,3
333871,3
335957,3
249363,3
138313,3
283976,3
352319,3
94431,3
314678,3
195156,3
358601,3
373615,3
384568,3
180444,3
328113,3
352325,1
136766,3
314683,3
166293,3
197282,3
39285,3
138316,3
537121,3
257066,3
344723,1
344724,3
64933,3
314688,3
108243,3
352331,3
369255,3
373736,3
335961,3
384573,3
521218,3
213340,3
237629,3
226354,3
298295,3
98037,3
170555,3
272809,3
285344,3
129699,3
314771,3
297904,3
358611,3
228911,3
250932,3
236772,3
284127,3
42130,3
103282,3
154140,3
314779,3
298300,3
270222,3
181143,3
100014,3
323437,3
87985,3
104051,3
358704,3
222332,3
244046,3
298306,3
108682,3
215019,3
373742,3
220177,3
47592,3
298308,3
113899,3
352342,1
183073,3
252428,3
211531,3
140011,3
103747,3
78189,3
129301,3
170533,3
249369,3
323844,3
358623,3
127151,3
104725,3
129313,3
367158,3
177484,3
153159,3
335978,3
183048,3
314797,3
358627,3
99494,3
183050,3
250880,3
358630,3
89090,3
108558,3
181209,3
373633,3
149079,3
325412,3
169117,3
81861,3
300753,3
325413,3
228917,3
201499,3
153153,3
359298,3
63952,3
384212,3
108728,3
358638,3
358639,3
314811,3
110009,3
314812,3
219635,3
253082,3
314837,3
517413,3
384587,3
369275,3
344741,3
300754,3
314815,3
358649,3
207434,3
47944,3
300755,3
328115,1
335990,1
196723,3
365134,3
373073,3
365135,3
366099,3
386759,3
505228,3
373074,3
505226,3
505227,3
253083,3
352379,3
334672,3
282350,3
344748,3
502037,3
39303,3
358658,3
71574,3
352387,1
178336,3
300037,3
373641,3
102975,3
344750,1
270226,3
181151,3
352391,3
212765,3
244073,3
350708,3
69930,3
504042,3
384620,3
384621,3
365133,3
504513,3
380640,3
384623,3
384624,3
384625,3
365136,3
181210,3
52255,3
146356,3
8618,1
8621,3
92888,3
161046,3
214185,3
325645,3
101935,3
8628,3
115202,3
375064,1
375064,3
187874,1
516867,1
516874,1
516876,1
142724,1
303117,1
361623,3
303118,3
361624,3
345063,3
303121,3
212767,3
303127,3
303130,3
303131,1
316924,1
303144,1
368978,3
303148,3
303151,3
361625,3
303156,1
314449,3
159195,3
159195,12
292724,3
102200,1
93627,3
8691,1
127474,3
8723,3
105628,3
121650,3
109382,3
48513,3
92280,3
369161,3
43573,3
113777,1
505240,3
8707,1
82279,1
178355,3
124768,1
44979,3
187291,3
40511,3
8793,1
40577,3
91999,3
67486,3
252178,3
45834,3
95289,3
222196,3
105136,3
42916,3
67124,3
81656,3
136775,3
50137,3
137173,3
93227,3
326501,3
22655,3
112961,3
91513,3
294827,1
522591,1
269033,1
376893,1
376379,1
506772,1
357098,3
356916,1
356921,3
356925,1
356928,1
356946,3
357001,1
356911,3
357093,3
217002,3
159312,3
357048,1
357056,3
357032,3
361638,3
357051,3
357055,3
357060,3
522362,3
40852,12
179646,3
233559,4
25705,12
113408,1
9159,1
102094,1
68096,1
101836,1
24731,1
526097,3
70720,3
519303,3
227501,3
49031,3
140189,3
108386,3
526091,3
525968,3
174283,3
45212,3
166688,4
212240,3
152636,4
89183,12
141489,3
173135,3
119235,3
210737,3
272901,3
187211,1
128993,3
79404,3
212241,3
326095,3
525958,3
196508,3
181617,3
109166,1
110053,3
46592,3
352881,3
352881,4
336216,3
336216,4
352883,3
83340,3
83340,4
372699,3
372699,4
378477,3
378477,4
378475,3
378475,4
316609,3
316609,4
64415,3
360281,3
360281,4
269461,3
269461,4
66025,3
66025,4
352884,3
352884,4
103574,3
103574,4
259787,3
259787,4
352885,3
352885,4
66026,3
336217,3
336217,4
76013,3
76013,4
336218,3
336218,4
368924,4
368924,3
300006,3
300006,4
316610,3
316610,4
316611,3
316611,4
300007,3
349802,3
360282,3
141506,3
141508,3
519019,3
194143,3
56185,3
56185,4
161120,3
85455,3
180476,3
128592,3
197923,1
97411,3
44226,4
166081,3
42988,3
202509,3
156688,3
526076,3
161125,3
315998,3
519290,3
195836,1
78076,4
46354,3
102784,3
42558,3
299614,3
164849,3
46138,3
56267,3
128594,3
94586,3
65606,3
260337,3
70429,3
374300,4
48432,3
63510,3
526039,3
172258,3
133442,3
53635,3
141523,1
99135,3
99135,4
367367,3
367367,4
260620,3
260620,4
260699,3
260699,4
270573,3
183782,3
151435,3
141356,3
83030,3
83030,4
121636,3
362281,12
525734,3
379010,3
519963,3
228480,3
525264,3
378187,3
109109,3
43295,3
141532,3
172274,1
66006,3
181084,3
525830,3
175325,3
80357,3
80357,4
151430,1
151430,3
263461,3
361019,3
361019,4
158840,3
141533,3
119236,3
521720,3
261146,3
268168,3
261215,3
75752,3
520670,3
227518,3
55744,3
129008,4
75980,3
75980,4
525973,3
261357,3
49801,3
521657,3
151459,4
176351,3
328370,3
78695,3
316149,3
181010,3
518062,3
228491,3
261573,3
94807,3
69937,3
228492,3
65800,3
106033,3
261604,3
141543,3
93655,3
137266,3
50193,3
84339,3
84339,4
525241,3
151671,3
140190,3
231566,3
231578,3
242887,3
525291,3
261818,1
101706,3
162547,4
163491,4
103697,1
103697,3
170292,3
103208,3
44855,3
124764,3
141562,3
58823,3
58823,4
520769,3
302036,3
302036,4
47955,3
521556,3
151153,4
262024,3
269686,3
132471,3
69655,3
69655,4
526050,3
161128,3
525814,3
525711,3
228503,3
519089,3
525152,3
141570,3
141571,3
217374,3
175954,3
78124,3
176054,4
74885,3
525338,3
195846,1
307515,3
525770,3
262360,3
526070,3
212079,3
140338,3
182967,4
131235,4
129019,4
87649,3
87649,4
262427,3
141576,3
76153,3
76153,4
206537,3
520740,3
218875,4
250896,4
250896,3
81574,3
262514,3
351123,3
314636,3
526098,3
64612,3
518949,3
228512,4
81277,3
316015,3
526025,3
61157,3
262603,3
141581,1
316016,3
111613,3
140375,1
109654,3
109654,4
77937,3
155717,3
155717,4
52140,3
227552,3
61287,3
307521,3
525898,3
520376,3
141586,3
91073,12
163494,3
525872,3
324635,3
283766,3
86516,3
90511,3
151485,3
525959,3
324636,3
102271,3
262949,3
161121,1
79758,3
525749,3
526014,3
221994,3
263083,3
80439,3
137269,3
263119,3
316019,3
197924,1
71870,3
83019,3
139631,1
263624,3
257900,3
236623,3
285174,3
231529,4
74896,3
176578,3
87640,3
47330,3
240602,3
218878,4
510837,3
525710,3
241072,3
319498,3
75294,3
72703,3
181098,3
518437,3
525812,3
525755,3
132470,3
50126,3
84302,3
176009,4
175326,4
59503,3
316023,3
264849,3
518534,3
525682,3
162399,3
228199,3
518018,3
183559,3
181649,3
163492,3
141624,3
71367,3
163493,3
517458,3
518606,3
82542,3
522022,3
521213,3
519126,3
250304,4
525800,3
126029,3
328365,3
525352,3
64989,3
367646,3
119007,3
84729,3
520933,3
525234,3
286497,1
179476,4
141637,3
228534,3
378995,3
265267,3
84319,3
525922,3
521649,3
518414,3
525818,3
525845,3
285184,3
83579,3
180211,3
209136,3
107940,3
141642,3
525686,3
151486,3
318176,3
58538,3
58538,4
44034,3
70222,4
57247,3
265463,3
108742,3
228537,3
65690,3
141647,3
77285,3
77285,4
119237,3
525772,3
521363,3
75803,3
265621,3
112277,3
343012,3
56058,4
526130,3
212269,3
360902,3
168124,3
119238,3
63785,3
231573,4
181108,3
42458,3
79578,3
140342,4
141657,3
383236,3
42840,4
147787,3
69321,3
181109,4
525701,3
198610,3
70446,3
81316,3
231571,3
333810,4
62632,3
87750,3
378188,3
151689,4
266220,3
266235,3
323541,3
526046,3
161127,3
158156,3
54465,3
119249,3
180218,3
96128,3
518920,3
110636,3
119250,3
266408,3
85476,3
228546,3
92241,1
250891,3
83956,3
44859,3
316036,3
318185,3
324641,3
329273,3
266482,3
525775,3
52536,4
43002,3
307545,3
525907,3
228549,3
286527,3
48449,3
119240,3
141460,3
333963,3
119242,1
141680,3
249459,4
250770,4
526063,3
141682,3
170989,3
525673,3
150842,1
76211,3
53074,3
57596,3
525685,3
71932,3
119251,3
141687,3
103575,3
95698,3
128608,3
266897,3
107739,3
536312,3
520722,3
176579,4
241464,3
65110,3
108975,3
59764,3
525926,3
74900,3
308050,3
525884,3
318188,3
178886,3
337428,3
378994,3
85491,3
102444,3
520227,3
65529,1
59215,3
83135,3
109810,3
362286,3
51503,3
84824,3
525949,3
44671,3
526186,3
521336,3
525203,3
54112,3
65001,3
42219,3
104716,3
267309,3
137272,3
112276,3
353930,4
79343,3
285203,3
110612,3
44356,3
59122,3
67668,12
181118,4
525981,3
87833,3
521742,3
152650,3
383251,3
525901,3
525309,3
227575,3
525719,3
195861,3
43257,3
316044,3
212276,3
378221,3
46816,3
102717,3
77300,3
65557,3
49820,3
519413,3
111877,3
111807,1
520546,3
228569,3
65311,3
205683,3
205683,4
84759,4
80536,3
141716,3
75781,1
273614,3
525847,3
186806,3
81071,3
67826,4
141719,3
49002,1
105794,3
111570,3
78797,1
264249,3
344359,3
9205,3
159383,3
46667,3
271472,3
9226,3
253163,1
9239,1
9240,3
101968,3
54375,3
228465,1
349400,3
197135,3
48881,3
109101,3
521738,3
103648,1
104616,3
384639,3
384641,3
525520,3
368558,3
196282,3
103638,3
521804,3
112236,3
170575,3
99649,3
103361,1
114621,3
67060,3
119243,1
253680,3
138704,3
351921,3
209650,3
153513,3
89250,3
119244,1
109664,3
109971,3
108473,3
141800,4
148145,3
54037,3
113578,3
104246,3
367771,3
192383,3
82262,3
34133,3
119245,3
324062,3
34119,3
113575,3
117528,3
60189,3
113576,3
48635,3
277875,1
277875,3
155595,3
166477,3
151694,3
151695,3
250192,3
329230,3
329233,3
195855,3
307873,3
155596,3
109190,3
77188,3
88944,3
60464,3
52574,3
99775,3
192384,3
22914,3
9250,3
93688,3
141739,3
58091,3
9256,3
238318,3
169497,3
306804,3
226176,3
228158,3
209048,3
306805,3
223988,12
292251,1
92900,1
9268,3
223989,4
9271,1
9273,3
20229,3
73951,3
66028,3
9289,3
9294,3
231293,3
97450,3
90754,1
138705,3
302067,3
101241,3
9319,12
66611,4
95372,12
121458,12
9324,12
142603,4
9326,3
58239,1
95600,3
92302,3
9328,3
95370,3
198420,1
141761,3
22340,3
368580,1
110748,3
9352,4
118605,3
9355,12
84937,3
112242,3
120567,3
130991,3
130991,4
181321,3
181321,4
92024,3
61146,3
67754,3
155143,1
112972,3
58101,3
158158,3
98339,3
61158,3
112974,3
81113,3
228265,3
77451,3
91014,3
69922,3
196996,3
384647,3
384647,4
94076,3
55421,3
382708,3
156514,3
119247,3
119248,3
241368,3
68794,3
93029,3
83202,3
71253,3
220905,3
81808,3
267314,3
92284,3
272536,3
111222,3
116155,4
113957,4
9366,4
94160,1
117749,3
97490,3
91360,12
9380,3
44899,4
9387,3
9397,3
139963,12
323547,3
97508,3
102406,3
179484,3
179484,4
166486,3
101400,3
103340,3
9405,1
154520,4
522036,4
303206,1
117777,3
280371,12
9674,1
109735,8
9702,8
75013,1
186808,3
207487,3
138635,3
53810,3
42485,3
523474,4
523474,8
284128,3
526020,3
61000,3
350994,3
244928,3
110161,3
172458,3
314039,3
83783,3
83783,4
367773,4
59812,3
73148,3
73148,4
504580,3
70316,12
283381,4
47141,3
47141,4
47142,4
77224,12
85050,3
61980,4
283358,3
283358,4
58384,4
521721,3
316998,3
316998,4
108283,4
259064,4
316741,3
210889,3
210889,4
243486,3
243486,4
183198,3
183198,4
99489,4
216356,3
216356,4
358852,3
358852,4
208318,3
90830,4
322091,12
78532,3
78532,4
89833,1
316999,12
108244,4
521569,3
81817,3
81817,4
194963,3
384668,3
322092,3
322092,4
317398,3
317398,4
316742,3
316742,4
536125,3
536125,4
384667,3
536812,3
536812,4
296757,3
296757,4
334812,3
334812,4
384669,3
155068,3
155068,4
91489,12
279104,3
327993,12
216028,1
83293,4
98075,3
142546,3
51397,1
331285,3
376995,3
376995,4
365183,3
365183,4
377234,3
377234,4
100146,3
221943,3
370956,3
370956,4
331306,3
313896,3
313896,4
365184,3
365184,4
375961,3
375961,4
103967,4
178357,4
87671,3
87671,4
236188,3
236188,4
253852,3
253852,4
100350,3
112061,4
291154,3
43405,3
211634,4
247936,3
314037,3
82334,3
368923,3
83784,3
22899,4
9765,1
67763,3
134907,3
134907,4
137797,3
137797,4
9767,3
9767,4
220558,3
220558,4
9778,1
9779,1
85947,1
337985,1
93959,3
68151,3
89214,3
9860,1
75050,3
198437,1
101693,1
292845,1
196420,1
327551,1
166697,1
229309,1
197138,1
175774,1
287693,1
100239,1
287931,1
201925,1
319572,1
117183,1
324109,1
269229,1
306994,1
329312,1
163301,1
61298,1
150725,1
69265,1
180353,1
169619,1
48571,1
153814,1
201593,1
209513,1
97556,1
48239,1
59016,1
363673,1
210795,1
76707,1
218196,1
536484,1
523343,1
62534,1
335639,1
379486,1
253643,3
299834,3
307110,1
335738,3
291704,3
74281,3
296397,3
157679,3
327874,3
218051,3
100453,3
197620,3
218052,3
32804,3
42887,3
64858,3
316692,3
194797,3
192867,3
84815,1
327304,1
325143,3
356293,3
298104,3
73156,3
116271,3
105038,3
63102,1
382540,1
94524,3
511294,3
57080,3
94658,12
10004,12
296595,1
268906,12
169504,12
224095,12
103054,12
306471,4
306471,3
10064,12
87127,3
87127,4
56246,1
84510,4
84510,3
106356,4
106356,3
51130,12
211595,3
211595,4
254787,3
254787,4
297866,3
297866,4
251884,3
251884,4
10071,1
197218,3
196544,3
190988,3
190987,3
10096,3
197732,3
268829,3
10099,3
359784,4
343928,4
506936,4
342392,4
328299,3
252580,4
229137,4
98752,4
297347,4
224103,4
375290,4
333811,4
331282,4
90782,4
363352,4
371648,4
371648,3
328808,3
260642,4
500609,3
331281,4
355355,4
371104,3
371147,3
133048,3
383380,3
374927,4
90707,4
257740,3
50367,4
311036,3
344501,4
312565,3
371137,4
360559,4
374929,4
62581,1
278068,4
375298,4
367779,4
506937,4
90726,1
221595,4
351611,4
375300,4
375301,4
375303,4
375305,4
275332,4
308812,4
275335,3
326496,4
67232,4
344507,4
115579,4
85718,4
113837,4
369301,4
178231,4
275568,4
269873,4
313016,4
257985,3
377003,4
374931,4
375962,4
257739,3
257739,4
371191,4
355216,4
107018,4
351626,4
345436,4
344511,4
305057,4
179907,4
238022,4
297282,4
213979,4
177176,4
147489,4
340925,4
182725,4
209138,4
367780,3
351328,4
275387,4
235374,4
326101,4
375318,4
371669,4
112945,4
258015,4
337464,4
252590,4
311455,4
241771,4
375321,4
258019,4
358856,4
356275,4
45453,3
135235,4
371103,3
371148,3
355354,4
359175,4
10151,4
92383,4
212565,4
255040,4
107186,4
10201,4
358773,4
10216,4
361048,4
22865,4
10234,4
10253,4
23037,4
224135,4
10267,4
94149,4
10280,3
534871,3
534157,3
10284,3
10285,3
286944,3
120604,3
71750,3
85500,3
299918,3
299918,4
10291,1
55263,3
58211,4
319295,4
159598,4
82859,3
60974,3
212183,3
53342,3
58463,3
270584,3
190584,3
96062,3
242441,3
199961,3
191843,3
179064,4
67724,4
85914,3
197303,3
90393,3
86643,3
60865,1
522360,1
10394,3
229769,3
336523,3
352454,3
231206,3
152142,3
119988,3
64200,3
92412,1
154431,1
25633,3
25633,4
118460,3
118460,4
519257,3
519257,4
384676,3
384676,4
168680,3
128253,3
128253,4
90532,3
113394,3
195578,4
25671,1
198439,4
81030,1
280912,3
375964,3
231199,3
231204,3
231205,3
256822,3
231207,3
359116,3
345066,3
231198,3
229761,4
231214,3
231184,3
506719,1
506719,4
506719,3
506572,3
506623,3
26076,3
384677,3
384678,1
384678,4
384678,3
135360,1
229763,1
345065,3
242187,3
506686,3
506545,1
506545,4
506545,3
505406,3
10555,1
248688,1
237815,1
85006,3
149030,1
126534,1
529147,1
193243,1
237818,1
94101,1
202272,1
178146,3
110034,1
202273,1
175173,1
86359,1
45712,1
50311,3
251479,1
373163,1
339513,1
324022,1
511380,1
525980,1
24038,1
197736,3
194178,3
159640,1
128275,1
212865,1
10577,1
54087,12
54087,3
58046,1
51793,12
51793,3
138522,1
87304,12
87304,3
196545,3
195900,3
10600,4
219764,4
56144,4
126034,4
359380,4
19807,3
88271,3
10603,3
116327,3
62435,1
293209,1
10605,3
215135,3
216347,3
194188,3
138716,1
293207,1
71559,12
294263,12
26093,3
314617,3
229904,3
229904,4
227785,3
227785,4
76986,3
137440,1
77007,3
239687,1
60229,3
45228,3
25466,1
113966,3
91828,3
61125,1
136655,1
226851,3
10642,3
102703,3
97898,3
44122,3
81686,3
135423,3
180795,3
111066,3
51160,3
84209,3
22219,1
220064,3
325435,3
106172,3
268970,3
10797,1
193653,1
90820,1
253378,2
238293,2
82711,1
48284,1
118975,1
194225,3
334147,3
175001,3
174993,3
240754,4
153112,3
286273,3
194492,3
294753,3
294752,3
337998,3
111201,3
108810,3
102187,3
81570,3
139004,1
293210,1
64377,12
205465,12
388788,12
273900,12
11040,1
241024,3
189961,3
189961,8
69278,3
69278,8
319017,3
319017,8
136893,8
100475,8
319018,3
319018,8
159816,1
523599,3
11143,3
46734,4
533419,1
533419,3
86198,1
279653,12
11170,12
187256,12
270588,12
241096,12
86082,12
80050,1
69183,3
525192,3
89264,3
344247,3
75448,3
524476,3
524519,3
176983,1
118742,1
118190,1
110115,1
372780,3
372781,3
70207,1
46984,3
54221,1
79680,3
103605,1
116634,1
524561,3
52264,3
61537,3
104430,3
85669,1
74042,1
116636,3
120203,1
52990,3
67779,1
249891,1
120204,3
11181,3
11184,3
224277,3
180337,1
169166,1
195779,3
120209,1
367356,3
352118,3
336044,3
120210,3
120217,3
154320,3
120225,1
187271,3
11203,4
301062,4
11211,1
170542,12
91092,3
120922,3
74664,3
108645,3
511600,3
89387,4
180372,3
218918,3
136619,3
120767,3
294236,3
120934,3
280381,3
167008,3
87332,4
109293,3
307659,3
77868,3
67975,3
183633,3
52581,4
120147,3
165764,3
11344,3
324481,3
504328,3
504328,12
202303,12
167935,12
302109,7
237566,7
307337,1
226778,1
242641,1
254590,1
174891,1
360284,1
360284,4
362678,1
362678,3
72558,1
11497,4
113331,1
61067,3
61067,8
335462,1
66115,1
345383,1
345383,3
66178,1
66178,3
66178,12
518517,1
518517,3
11502,1
359931,1
326001,1
326001,3
212043,1
212043,3
58041,1
11504,1
112239,1
67737,1
270994,1
270994,4
271527,3
249806,1
219160,1
243646,1
108725,1
108725,3
152753,1
152753,3
57765,4
135003,1
135003,3
179933,1
210479,3
210479,8
274084,3
126570,3
56079,4
503796,4
503796,3
103187,3
103187,4
387439,3
303937,4
11573,4
11724,1
11724,4
270589,4
82519,1
170073,1
76938,3
104768,4
43240,3
58730,3
82520,1
116639,4
131077,1
102429,4
386421,3
386421,4
386423,3
386427,3
386427,1
386695,3
386698,3
386700,3
386729,4
386711,4
386443,3
386444,1
386444,3
386447,3
386725,4
386701,3
386696,3
386699,3
386712,4
386730,4
62868,3
25533,1
25145,4
125377,1
91381,1
124690,3
524327,12
309454,3
68206,3
41899,4
49538,3
49538,12
60428,3
60428,12
67512,1
67222,1
71956,1
51677,1
360047,1
121891,3
41749,3
79411,1
11919,1
76433,1
116722,3
89180,3
118290,3
512602,12
308218,1
53721,3
11976,4
67738,12
280048,12
11999,1
56146,3
70266,3
284882,3
80525,2
332141,2
196520,1
316049,3
150807,3
316056,3
327482,3
55058,3
53636,1
55364,3
111341,3
316051,3
56093,3
219589,1
219589,3
72668,3
219611,3
307697,3
67125,3
134911,1
53570,1
59832,1
12179,3
285434,3
315252,3
366636,3
366636,4
366637,3
271608,3
47941,3
359087,3
368056,3
368056,4
366115,1
366219,3
366228,1
366228,3
366270,1
366373,1
366373,3
366388,1
366388,3
517817,1
517817,3
366454,1
366454,3
366499,1
366499,3
366507,1
366507,3
366528,1
366528,3
366533,1
366533,3
366789,3
366793,1
366793,3
364742,1
73109,1
216529,3
115877,1
115877,3
226734,1
221599,1
221599,3
50405,1
50405,3
47333,1
47333,3
83221,1
83221,3
55308,1
55308,3
253197,1
253197,3
50943,1
50943,3
298412,3
53140,1
53140,3
12288,3
12304,1
12351,3
206069,3
82273,1
59357,1
79890,1
116237,1
83501,4
119280,1
190310,1
101431,1
12387,1
224453,1
67676,4
58518,1
211711,4
43532,1
84982,3
43919,3
52980,3
129843,3
271611,3
99809,3
226740,1
46091,3
69152,3
57805,1
54748,3
53326,3
66297,3
186836,3
271892,1
359467,3
73585,1
190291,1
306960,3
346911,3
142987,1
109796,1
55164,1
58395,3
89434,1
221098,3
94480,3
59076,3
96560,3
316395,1
112739,3
44518,3
53574,3
59077,1
226741,1
504918,1
260764,1
226541,1
324596,1
226742,1
300256,1
97126,3
58280,3
98542,1
54280,3
380515,3
380517,3
380518,3
226542,3
224475,3
50157,3
152354,3
96971,3
109020,1
84025,1
286108,1
371674,3
318941,3
57085,3
124520,3
57086,3
42268,3
51319,1
65884,3
77352,3
253206,1
69856,3
195829,1
91204,1
226743,3
226744,1
55251,1
109585,1
253207,1
57049,3
62970,1
79703,3
297350,1
252019,3
60827,1
387379,1
387379,4
83799,3
93100,3
320871,3
310706,3
78944,3
227800,1
196177,3
152998,1
191191,1
191192,1
152999,1
287101,3
227801,1
153002,1
227802,1
153004,3
153005,1
153006,1
197729,1
227803,3
227804,1
339764,1
318543,1
153010,1
162416,1
191193,1
162406,1
298382,1
191194,1
339774,1
162414,1
194313,1
162404,1
163860,1
153012,1
227805,1
316744,3
42185,3
128951,3
91495,3
224487,3
324844,1
44142,3
105193,1
331613,3
52998,1
68073,1
61638,3
65885,1
275950,3
80875,1
47310,3
49363,3
54078,3
87793,3
140038,3
67036,3
42948,3
79704,3
79705,3
89778,3
95781,1
81945,3
75884,3
298383,1
95191,1
253208,1
248656,1
258801,1
298384,1
90054,1
113469,3
224490,1
345237,3
196338,3
325147,3
226745,1
65754,3
73880,3
211553,3
169971,3
231316,3
142547,3
135098,3
135099,3
154760,3
310705,3
322030,3
380516,3
306892,3
380519,3
84904,3
12434,1
12440,3
224492,3
94702,3
12449,3
367669,3
139980,1
279246,3
47812,1
501778,1
502580,1
171691,3
66754,3
77364,3
224493,3
224494,3
271613,1
33479,1
33479,3
12465,3
72814,3
70121,1
70121,3
99178,3
224497,3
33480,3
12460,1
311847,11
342386,1
342937,1
376264,3
345008,3
351092,3
116282,3
514450,3
255724,1
136313,3
376306,3
50281,1
64992,3
47092,1
49200,3
351842,3
224502,4
64701,1
531192,4
522675,4
522657,4
522788,4
368067,4
12617,4
12617,7
119647,4
119647,7
259201,4
216995,4
279659,12
12689,3
212457,3
279624,12
522887,12
279623,12
12691,12
210152,3
210152,4
504839,3
504839,4
12709,1
319888,3
252005,1
296643,3
306961,4
273524,1
521167,3
521149,3
153784,1
12711,1
85220,4
49019,1
97818,1
101720,1
101720,4
175184,4
150435,1
225997,3
105104,3
100095,4
116708,1
116708,4
57949,1
57949,4
137058,3
64593,1
95328,3
70997,3
343803,1
343803,4
339524,3
70752,3
184195,1
184197,1
72974,1
91405,4
50917,1
248773,1
298520,3
316555,4
135980,1
91520,1
298148,3
336285,1
336285,3
124816,3
102108,3
47711,3
184213,1
53476,1
309935,3
103892,1
510747,3
74314,1
525642,1
525642,3
44787,1
270754,3
211840,4
138494,3
92188,1
62805,1
272939,3
49659,1
343378,3
54046,1
265992,3
115888,1
115888,4
68986,1
56967,3
294051,3
359137,3
306910,1
306908,3
358733,3
43782,3
265993,3
184220,3
209144,4
98606,3
120500,3
503762,1
503762,3
504075,1
504075,3
504120,1
504120,3
504224,1
504224,3
504393,1
504393,3
504491,1
504491,3
503884,1
503884,3
504442,1
504442,3
504369,1
504369,3
51156,3
286945,3
219766,3
12881,3
134799,3
116942,1
168483,3
101796,3
254538,3
60174,3
102370,1
46891,4
96263,4
80533,1
116720,3
86717,3
280018,12
280019,12
13262,1
228773,1
201926,1
69482,1
108868,1
59462,1
55061,1
13380,3
130509,3
104892,3
213912,1
59294,1
117560,1
343630,1
343204,1
343204,4
47859,1
96346,1
105239,1
169930,1
100522,1
59434,1
59434,3
44658,3
13391,1
13391,3
122460,1
122460,3
363800,4
214960,4
115423,1
182797,4
13405,3
73765,3
42568,1
13406,3
171646,8
219494,1
274659,3
101437,3
88952,8
13415,8
51919,1
84179,8
175269,8
44819,1
127348,1
117317,8
44820,8
226855,4
334492,3
13420,3
251956,3
241413,4
42562,4
263327,8
114674,3
168740,3
45722,8
64357,8
242807,3
45884,3
134914,3
13442,1
13447,3
93035,3
13453,3
95736,3
224611,3
220835,3
300435,3
56032,3
42600,3
58701,3
273137,3
83001,4
20076,3
207824,3
285805,3
285059,3
13772,3
13779,3
75168,4
126542,3
168396,4
271636,3
212593,4
211819,4
505086,3
90564,3
116049,3
23854,3
115728,3
13860,4
91331,3
534068,3
219639,3
100581,3
20808,3
13909,4
251460,3
251460,4
181961,1
112744,1
151408,1
195780,1
180490,3
271304,1
14335,3
97224,3
122352,3
50360,3
233587,3
64389,3
205742,3
102020,3
73869,3
217981,3
295560,3
135764,3
153945,12
322712,1
145334,1
319434,1
376918,1
284368,1
139702,1
203426,1
386956,1
118515,1
126496,1
126938,1
44891,1
377667,1
218459,1
127716,1
348010,1
150744,1
39648,1
500666,1
147174,1
171327,1
203373,1
203367,1
275263,1
309882,1
337755,1
94576,1
67093,1
162456,1
127667,1
126979,1
120565,1
505137,1
376956,1
129584,1
218076,1
139474,1
61587,1
322801,1
283499,1
306049,1
339377,1
357994,1
176176,1
347555,1
518346,1
519617,1
527335,1
520734,1
519927,1
145583,1
519618,1
500664,1
312184,1
502436,1
176178,1
127671,1
128764,1
92605,1
118585,1
128172,1
119878,1
248831,1
120968,1
179663,1
179658,1
127539,1
128775,1
300678,1
15981,1
330717,1
203216,1
361059,1
378162,1
500674,1
333362,1
330738,1
301283,1
127066,1
164141,1
302713,1
145159,1
118492,1
348308,1
118401,1
130007,1
118489,1
164495,1
285544,1
89143,1
360987,1
346230,1
97179,1
228008,1
129591,1
90548,1
302678,1
311331,1
321840,1
346214,1
250346,1
318078,1
214584,1
263285,1
98491,1
73027,1
219850,1
287497,1
247596,1
145595,1
139627,1
286827,1
120973,1
281370,1
360054,1
312185,1
332037,1
322803,1
360060,1
218131,1
388174,1
376270,1
280497,1
157632,1
162254,1
203429,1
127929,1
133823,1
113121,1
103386,1
370813,1
376957,1
218460,1
201638,1
345541,1
137889,1
384802,1
218124,1
347569,1
91324,1
330718,1
118587,1
376273,1
388279,1
161150,1
95951,1
309247,1
218077,1
349020,1
522454,1
168013,1
104402,1
91049,1
332003,1
359937,1
349136,1
133963,1
96040,1
347567,1
39807,1
112924,1
330739,1
118586,1
130353,1
530426,1
322730,1
312186,1
139525,1
501179,1
347568,1
508025,1
139518,1
271811,1
360988,1
247597,1
280833,1
90880,1
308221,1
360678,1
316584,1
164496,1
95962,1
113316,1
322796,1
98723,1
316264,1
118493,1
113123,1
388278,1
292859,1
120560,1
322802,1
311330,1
330769,1
202749,1
212334,1
323993,1
99642,1
139463,1
215770,1
219849,1
376287,1
45797,1
148254,1
345554,1
519064,1
518196,1
518236,1
527198,1
104962,1
209931,1
209932,1
202111,1
249332,1
120974,1
113319,1
388283,1
181535,1
319435,1
203365,1
388275,1
388276,1
231375,1
95828,1
348011,1
333589,1
141051,1
177604,1
203371,1
536597,1
382937,1
517882,3
517882,4
255100,3
255100,4
376239,3
376239,4
170465,4
517883,3
517883,4
282635,3
282635,4
358800,1
242011,1
334879,1
307119,1
115172,1
115172,3
347370,1
347373,1
347372,1
347371,1
142293,1
359381,3
370674,4
370674,3
98948,3
25146,3
359382,3
367803,4
367803,3
16156,3
298522,1
510942,3
510942,1
517682,1
136951,1
375218,1
163666,1
58880,3
225321,3
180325,1
180325,3
44596,3
182541,3
285289,4
16170,4
210908,4
521323,3
526381,1
526381,3
526381,4
352030,1
287896,4
369438,1
306318,1
382792,1
386877,1
310650,4
368939,1
380569,1
299637,1
373927,1
256879,4
521148,3
526548,4
333511,4
526262,1
526262,3
526262,4
526524,1
526525,1
518310,1
371574,1
351156,1
382660,1
334886,1
306974,1
301186,1
139835,4
314622,1
336738,1
272689,1
227321,1
45289,1
203961,1
227242,1
360227,1
321695,1
353108,1
376708,3
353085,3
521676,1
521676,3
517890,4
517892,4
375931,4
517893,4
211920,3
135568,3
211919,1
137093,1
180979,3
376618,1
333199,1
345331,3
300447,4
376135,1
383994,1
376136,1
518751,1
16310,3
77410,3
16315,3
16316,4
308302,1
375072,1
16317,3
16320,3
153514,1
215213,3
16328,1
92763,1
128446,1
124766,1
142599,4
517145,1
16333,1
285938,4
334646,1
227716,1
521713,1
374616,1
526271,1
526271,4
526224,1
526224,4
368265,4
165786,1
79855,3
134918,3
176723,1
166315,1
150682,1
231244,1
214891,1
505579,1
226673,3
226674,1
49424,1
60176,1
60176,3
284967,3
147585,3
269850,3
132931,3
521176,3
86129,3
78745,1
117545,1
91515,3
16364,3
245906,4
119289,3
75720,3
300264,1
190480,3
195018,3
235376,3
273639,3
286338,3
273637,3
100935,3
16365,1
74360,3
209049,1
209049,3
209049,4
16367,3
384076,1
384192,1
386351,1
386656,1
16368,1
500071,1
317058,3
301134,1
301134,4
523543,1
523543,4
299516,3
16376,3
69251,1
94072,1
43562,1
121061,3
383697,1
383699,1
523789,3
523852,3
134570,1
522268,3
342565,4
526249,3
290702,4
521909,1
304975,4
336573,4
304973,4
121815,4
304974,4
320200,4
215219,3
215218,1
521624,3
342442,4
181790,1
96907,3
48547,3
113680,3
86212,3
116997,3
215220,3
44585,3
217102,3
318232,3
368428,3
316696,3
369000,3
511889,3
368904,3
164127,3
228361,3
521639,3
166635,3
175445,3
299797,3
297307,3
297307,4
297305,3
297305,4
368986,3
368986,4
16432,12
16441,3
171821,3
171821,4
66191,3
87539,3
311045,3
311045,4
311045,6
333165,3
333165,4
333165,6
342083,3
342083,4
342083,6
303911,3
303911,4
303911,6
111431,3
111431,4
111431,6
101467,3
101467,4
101467,6
139268,3
139268,4
139268,6
126158,3
126158,4
126158,6
16470,3
16470,4
16470,6
96343,3
96343,4
96343,6
16475,3
16475,4
16475,6
52822,3
52822,4
52822,6
45599,3
45599,4
45599,6
376475,3
376475,4
376475,6
349386,3
349386,4
349386,6
149105,3
320199,3
181510,3
186858,3
103129,3
51023,3
316389,3
316389,6
97845,3
286941,3
16772,3
25147,3
53249,3
76374,4
51752,1
523658,12
280007,1
70437,1
254549,1
280005,1
225566,1
209402,1
502595,3
178756,3
16817,1
77136,1
76437,3
221258,3
16818,3
352926,3
195139,3
52823,3
82356,3
200031,3
176877,3
94123,1
190706,1
62635,1
87481,3
96106,3
76669,3
134607,1
151089,3
24355,3
359808,3
359808,4
121619,3
82610,3
16904,4
80657,3
68377,3
68377,4
42076,3
42076,4
113987,3
89708,3
270087,3
256364,3
44635,1
220769,3
111050,1
275023,1
209802,3
103544,1
113332,1
106354,1
256516,3
117384,3
56378,3
263713,3
301980,3
161201,3
118891,3
226376,3
42658,3
194763,1
17013,3
108580,3
119001,1
80943,1
17014,1
255130,3
118907,1
253769,3
275630,3
64514,3
246448,3
110421,3
17017,3
269642,3
254084,3
137962,3
208733,3
142100,3
24474,3
65936,6
47381,1
363544,1
298421,4
298421,8
17237,7
315875,3
24960,3
167976,12
71003,12
44935,12
65501,12
81144,3
238233,1
68571,1
89406,1
76047,1
71986,1
51671,1
91928,3
17304,3
225599,1
179057,3
517907,4
518055,4
518088,3
518065,3
105493,3
17328,1
293208,1
293121,3
517995,3
387428,3
518048,3
97851,3
174529,1
100957,3
48408,3
17371,1
58053,3
17387,3
98040,3
17398,1
17418,1
17419,3
22008,3
17422,3
17425,3
52587,1
53291,1
57175,1
72950,1
211562,1
80168,1
81747,1
83433,1
96480,3
68863,3
17496,3
344939,3
99171,3
388761,3
304426,3
221442,3
387388,1
387388,3
302687,3
525661,3
79223,1
79223,3
57920,1
382185,3
359812,1
17715,1
151414,3
115894,4
91593,3
50675,1
129751,4
202746,1
202746,3
17719,1
17719,3
202743,4
62530,1
17722,3
85114,12
69499,12
353703,3
353703,12
161388,12
114935,12
70693,12
137952,12
87148,12
174577,12
58857,12
105696,12
17803,12
82985,1
70173,3
115252,1
191859,1
151156,1
281161,1
275731,1
19870,1
180510,3
17832,3
178633,1
17837,1
17838,1
66602,1
290544,3
17856,3
253870,3
122370,3
159808,3
238482,3
17881,4
340478,3
345881,3
340826,1
340634,3
340755,3
340644,1
340646,1
340647,3
340648,1
340765,3
354038,1
340650,1
340053,3
340056,3
339974,3
339977,1
339981,3
340018,3
340059,3
340071,3
340092,3
340104,3
340602,1
340602,3
340141,3
340149,3
340170,3
341670,1
341670,3
340226,1
340229,3
340232,3
340296,3
340328,3
340396,3
340419,1
340428,3
340466,3
340467,3
340563,3
340564,3
340483,1
340483,3
340707,3
340668,1
17968,1
325903,1
17980,1
111128,1
97515,1
75467,1
127323,1
116323,1
50489,1
58428,3
17985,3
17990,4
83765,1
255254,1
18039,1
99045,3
43582,3
100136,3
42054,3
44956,1
368987,3
373705,3
374648,3
373704,3
373571,3
208778,3
81729,3
68487,3
504800,3
103058,3
117489,3
42196,3
221111,3
18079,3
88031,3
377820,3
18090,1
77636,3
68901,1
374958,1
129089,3
255294,1
299889,3
310159,12
18270,3
18275,1
127402,12
153456,3
153456,12
152298,12
152301,12
152332,12
152338,3
152338,12
18308,12
18304,12
334191,11
64044,12
81522,12
43761,12
77570,3
77570,12
239564,3
169192,3
194764,3
70547,4
255229,3
82045,1
18350,3
113682,3
195140,3
18351,1
134853,3
82046,3
152011,3
152011,4
154383,4
87176,1
18368,1
48388,1
18377,3
170083,4
81350,3
18383,4
70616,4
61192,3
18415,4
18416,3
21026,4
340665,1
321978,1
283305,3
283305,4
283379,3
283269,4
283377,3
283297,3
319064,3
283375,4
305971,3
305971,4
305970,3
305970,4
18444,3
334056,3
153219,3
225746,3
18445,3
25537,4
54725,3
125213,3
18449,1
106274,3
18454,4
42226,3
57361,3
79446,3
84184,3
315949,3
57362,3
61452,3
22049,2
208150,2
386896,4
511838,4
332140,2
18568,9
18568,12
59167,12
18636,3
113990,3
191229,3
524888,3
53724,3
67021,4
59724,4
18749,12
283311,4
168192,1
168194,1
181610,1
177520,4
247994,4
209217,1
161765,4
202963,3
212046,4
191863,4
168199,1
194010,3
182908,3
25524,4
78507,4
216358,4
82551,4
351005,3
153459,3
522087,4
180995,4
526503,3
526503,4
526264,3
526264,4
322463,3
525769,3
525769,4
80750,3
80750,4
50967,1
299267,3
299267,1
228379,3
228379,1
167885,3
47057,3
126144,3
260920,3
260920,4
71710,3
80548,6
80548,4
18843,1
47056,3
47056,4
181958,3
181958,4
315368,3
315368,4
135801,3
135801,4
183366,3
343935,4
153465,1
220102,3
75849,3
75849,4
78291,1
506264,12
100995,1
270606,1
154797,3
110717,1
226512,3
226512,1
142607,3
284714,3
284714,4
176467,3
115912,3
115912,4
72599,1
72599,3
85570,1
85570,3
192414,1
380228,12
380229,12
19052,1
385138,12
19074,12
20468,12
345677,12
19142,3
19148,12
363857,1
364189,1
368045,1
355328,3
201518,1
355312,3
349627,3
330202,3
341958,3
330200,1
355331,3
355335,3
158375,3
300880,1
527936,1
243618,1
331121,3
328485,3
349629,1
158370,1
158370,3
349636,3
355322,3
285693,1
341970,3
341968,3
355314,3
526774,1
19233,4
111299,4
341662,4
327510,4
300930,3
286104,1
300931,3
328346,3
328348,12
327504,3
327504,4
59579,1
107561,1
270344,3
80717,3
156517,1
72358,1
182741,1
209081,3
209083,3
90009,3
89282,3
109955,3
185216,1
52687,3
299732,4
242751,3
270256,3
182742,4
99571,3
185226,3
125467,3
185289,4
190965,3
172189,3
378,3
109148,4
52639,3
202021,3
379,4
380,1
222458,3
26255,3
23675,3
26256,4
381,3
207647,3
79152,3
382,3
95378,3
384,1
83572,3
83573,3
58016,3
42058,3
185296,3
153562,3
185224,3
26247,4
96594,4
219976,3
170242,3
88186,4
165592,3
156095,3
255723,3
195237,4
306935,3
197961,4
361976,3
67280,4
57816,4
431,4
351661,4
272574,4
284774,1
284774,11
372729,3
242383,3
339254,3
97243,3
242211,3
332739,3
264699,3
194840,3
376790,3
528627,3
301678,4
344752,3
332740,3
170079,3
273927,3
343614,3
215707,3
112050,3
206750,3
321454,3
98900,3
316645,3
55893,3
342013,3
527203,3
300343,4
351059,3
270379,3
619,3
96569,3
620,3
581,3
529266,3
343590,3
332747,3
372601,3
25485,3
26357,3
242257,3
205606,3
375246,3
270985,3
115403,3
154950,1
154950,4
128433,3
210307,3
33739,3
210310,3
210309,3
67338,3
103151,3
117894,3
759,1
58292,3
112043,3
111328,4
104260,4
196739,4
182463,3
330666,3
26465,4
186143,4
26476,4
167654,3
367814,3
186195,4
212318,12
204861,4
89862,12
387330,4
381869,4
873,4
82372,4
243758,4
243759,4
334868,4
243755,4
43845,12
186471,4
26536,4
186480,4
26961,4
299648,3
103018,1
119424,3
62737,3
25698,3
65279,3
89665,3
1267,3
138932,3
99602,3
44175,3
171692,3
24513,12
233772,3
52070,3
58184,3
189073,4
62352,4
1565,4
56419,1
67136,1
106056,4
106056,8
172916,4
172916,8
319393,10
269532,10
239708,10
139830,12
1708,3
1708,12
1709,12
189470,3
189470,12
27195,12
198293,1
70572,1
27896,3
90874,3
68289,3
241004,1
63879,3
296026,3
102342,3
99451,3
58973,3
67695,3
138604,1
76112,1
53057,1
210418,1
27346,1
226728,1
226728,3
82987,3
227356,3
29698,1
182347,1
182347,3
87790,1
87790,3
239438,3
336426,3
99261,3
504164,3
112712,1
153631,1
153631,3
227932,1
109079,1
109079,3
45050,3
48315,1
48315,3
287956,1
81678,3
93109,1
44213,3
56818,1
63880,1
183818,1
143030,1
27416,1
98592,1
24542,3
138677,3
117260,3
101966,3
92852,3
222646,3
158260,3
158261,3
112790,3
89593,3
99108,3
247863,2
389132,3
204458,3
204460,3
344973,1
106078,8
106078,4
204859,8
204859,4
380469,8
149399,9
149399,12
2567,9
2567,12
74564,9
74564,12
234778,1
234778,4
298700,3
298700,4
175620,3
175620,4
226344,3
226344,4
114266,3
114266,4
112855,3
112855,4
88747,3
88747,4
100145,3
100145,4
118992,3
118992,4
206787,4
2936,4
125878,1
104644,4
316828,4
353082,3
97388,3
212047,3
54616,4
89081,4
2944,1
54170,4
206801,1
28706,3
157383,2
2996,2
195926,3
192498,1
161583,3
108825,3
166551,1
166551,3
192550,3
98584,1
98584,3
92724,3
127299,1
97640,1
97640,3
192571,1
92297,4
152141,3
94337,1
94337,3
96587,1
96587,3
59049,1
59049,3
192601,1
192601,3
93407,1
93407,3
77677,3
190387,1
190387,3
189321,1
189321,3
228608,1
228608,3
328269,3
157422,3
42450,1
3363,3
69965,4
226839,4
29328,3
3810,3
91681,3
3813,3
220808,4
24730,3
349797,3
137929,3
328154,3
73051,3
3842,3
342479,3
328155,3
75413,3
89285,3
352961,3
322201,3
361220,3
350944,3
171371,2
352450,1
380813,2
504378,2
386144,2
280744,3
380814,2
285900,3
504648,2
382791,2
213131,1
213139,3
382775,1
213143,3
3972,1
211047,1
89518,3
178396,3
49555,1
90527,2
328157,3
176648,4
176649,4
43794,4
47850,4
4365,4
360490,3
90456,12
95886,3
97014,12
112811,12
270459,3
269576,3
279266,3
117989,3
64207,3
4830,3
231458,3
104544,3
226287,3
212096,3
30956,3
301707,3
301707,4
5283,3
235615,3
235616,3
235617,3
271619,3
375267,3
210705,4
277506,4
313718,4
277531,4
317485,4
276127,4
254635,4
500160,4
84504,4
130644,4
79311,4
162484,1
77110,4
219153,4
71742,4
149129,4
168672,4
512021,4
153645,4
108223,4
70570,1
63116,4
183919,4
43472,4
84045,1
525693,4
101308,4
525900,4
143249,4
504867,4
239044,4
125531,4
256289,4
61800,4
5686,1
379070,1
379070,3
378948,1
378948,3
94547,1
71888,1
210724,1
115024,1
115038,1
297653,1
306345,1
368637,1
307890,12
307890,3
313754,12
313754,3
268791,12
268791,3
193993,12
193993,3
177950,12
177950,3
208301,4
526166,1
526418,1
139598,12
139598,3
5830,12
5830,3
274725,4
5838,1
93116,1
226843,12
226843,3
196814,12
196814,3
180342,12
180342,3
5840,4
90637,12
90637,3
139595,1
272722,12
272722,3
5844,1
137619,1
5850,4
166543,4
234797,1
234797,4
41734,4
234799,1
234799,4
6097,4
296913,3
63244,3
41568,3
168145,3
157519,3
298622,3
92067,3
84445,3
136980,12
136980,4
375870,12
375870,4
219241,3
219241,12
263279,3
263279,12
370729,3
370729,12
239541,3
239542,3
125919,4
7091,3
81325,1
81325,3
272033,1
272033,3
7179,12
158808,12
101057,3
101057,4
86997,3
86997,4
76203,3
96034,3
49891,1
49891,3
7383,4
69773,4
201718,3
201722,4
92363,3
99133,3
95027,3
32989,4
78614,4
95212,3
95211,4
56544,4
70084,3
326252,2
109147,1
33562,4
33564,4
121838,4
325070,4
312725,4
525414,4
133598,4
536204,4
318000,4
178759,4
167376,4
43865,4
300302,4
345433,4
52388,4
81631,4
69808,4
325078,4
340861,4
369059,4
71777,4
187314,4
535589,4
48537,4
356521,4
60135,4
525499,4
292422,4
339507,4
536239,4
302425,4
133721,4
522292,4
154238,4
215771,4
43089,4
8006,4
159006,4
99493,4
182018,4
78355,4
379031,4
20933,4
33636,3
48567,2
325136,3
98664,3
300284,3
92668,3
102934,1
300285,1
54674,3
115860,3
99269,3
115861,1
135961,1
175728,4
8449,3
78055,3
175725,3
49543,1
116012,1
33993,3
194245,3
8450,3
347175,3
347175,4
118720,1
118720,3
528682,1
528682,3
39134,3
58249,3
163844,3
184168,1
112298,1
91160,1
373573,3
299949,3
358469,3
282286,3
344657,3
291988,3
323897,3
384106,3
299950,3
352155,3
358473,3
384522,3
92197,3
384523,3
352157,3
384109,3
352158,3
384110,3
502904,3
298165,3
373712,3
96396,3
384114,3
109998,3
270207,3
67598,3
358485,3
358486,3
502868,3
98393,3
502679,3
282299,3
501813,3
209908,3
197204,3
384532,3
170523,3
336235,3
373580,3
358494,3
501829,3
242473,3
384122,3
384126,3
300452,3
384128,3
299964,3
299965,3
85966,3
358498,3
212649,3
282306,3
358503,3
352195,3
352196,3
369219,3
39211,3
299969,3
138298,3
308337,3
93450,3
373591,3
79044,3
284356,3
170136,3
373720,3
358515,3
501736,3
325355,3
503468,3
109788,3
314574,3
352228,3
65075,3
358539,3
373598,3
333113,3
373601,3
55095,3
111572,3
384176,3
307616,3
352312,3
197211,3
242488,3
60203,3
53780,3
328114,3
103351,3
352355,3
314816,3
98458,3
270278,3
299396,1
381418,1
525916,3
338011,3
525854,3
76587,3
76587,4
228473,4
525765,3
77644,3
108459,3
140374,3
53073,1
307667,3
202827,4
525717,3
25486,3
129020,4
526145,3
228511,1
318165,1
195847,4
141028,1
102324,4
324637,3
228530,4
48156,3
525842,3
318179,3
251140,4
526208,3
318180,3
62767,3
56098,3
517364,3
266628,3
318187,3
228561,3
526263,3
217869,1
318196,3
108329,1
9237,4
143558,3
62315,3
9248,3
120623,3
195612,3
72898,12
72897,12
9357,1
220865,1
220867,3
144326,3
174280,3
99407,3
220926,3
238497,3
178578,3
74641,3
30320,1
30320,4
46146,3
139846,3
9742,3
98471,3
82865,3
75287,3
331114,3
331114,4
253682,4
9862,3
358732,3
10063,3
10063,4
103721,3
103721,4
10094,1
524834,3
22413,1
316307,1
344235,4
257902,4
348222,3
143530,4
259623,4
319432,4
77861,4
367776,4
231261,4
367777,4
47602,4
375291,4
171943,4
324959,4
191704,4
319433,4
323578,4
221594,4
330371,4
330372,4
377007,3
234700,4
370775,4
133040,4
80306,4
371095,4
136493,4
344236,4
317115,4
250581,4
327310,4
370776,4
362256,4
311037,3
280614,4
196160,4
311038,3
170817,4
342935,4
113104,4
251414,4
367775,4
313011,4
326099,4
324966,4
279598,4
355352,4
285425,4
187417,4
367902,4
68156,4
351624,4
120488,4
313470,4
308677,4
284411,4
351607,4
334824,4
33981,4
370077,3
302099,3
371169,4
271492,4
258001,4
171006,4
177198,4
257741,4
313012,4
182720,4
313014,4
305053,4
364133,3
364133,4
306507,4
344504,4
313015,4
71190,4
165707,4
371110,4
171942,4
348857,4
351627,4
329497,3
113551,4
219320,4
346615,4
231254,4
347385,4
84878,4
252565,4
342941,4
238857,4
258024,4
370815,4
362367,4
355438,4
230177,4
177177,4
45452,3
70679,4
250647,4
351323,4
351324,4
42234,3
302100,3
169161,4
61747,4
375315,3
330960,4
330961,4
351325,4
221146,4
237725,4
300487,4
10158,4
316221,4
47661,4
10162,4
10166,4
271768,4
10170,4
118264,4
10181,4
55017,1
91726,3
19924,4
10194,4
167750,4
287705,4
171104,4
164377,4
383488,4
338946,4
339842,4
302139,4
10205,4
105299,4
10235,4
271782,4
10249,4
10248,4
128983,4
10255,4
105301,4
83634,4
97611,4
95861,4
113463,1
176500,1
271784,3
88257,3
82226,4
71916,3
231186,3
79630,4
10645,3
10647,3
116301,3
85936,3
315408,3
47331,3
224230,3
215203,3
239150,3
308375,3
285970,3
196969,3
294756,3
178680,4
176694,3
153111,3
153113,3
282105,3
174995,3
168986,3
69132,3
10969,3
311025,3
127346,4
169007,3
224236,3
224242,3
117847,3
89752,3
90461,3
175003,3
64376,12
373185,1
373185,3
154636,1
155555,1
72206,1
72206,3
45513,1
239390,1
49857,1
116633,1
522617,1
101875,1
102468,1
116635,1
53674,1
59450,1
67626,1
11185,3
120214,3
120222,3
329091,4
307027,4
96507,12
96508,4
242804,1
242804,3
195495,4
159992,4
332087,3
25480,3
84694,3
337404,4
64951,1
111627,3
177549,3
111558,1
180851,1
194024,3
360154,3
521344,11
521344,2
226082,11
226082,2
219580,3
12707,3
504476,3
212308,3
43783,1
64592,3
50575,1
341768,1
137945,4
316064,1
45208,1
13413,8
89364,8
84773,4
84773,3
75821,4
75821,3
245030,4
245030,3
237361,3
342789,1
152290,4
347329,1
343916,1
70860,1
79351,1
236453,1
236452,1
329145,4
329145,3
329145,10
242467,4
252185,4
72079,3
200455,4
45616,3
376442,1
307058,1
16324,1
176717,4
70170,4
245897,4
125440,4
204883,3
255656,3
359272,3
343838,3
370075,3
226858,3
197335,3
370066,3
370066,4
369383,3
370076,3
304860,3
16403,3
307935,3
325566,3
211536,3
72055,3
167972,3
193030,3
16407,3
16407,4
349765,3
349765,4
353034,3
353034,4
16429,4
289270,3
140167,3
21167,3
120675,3
175199,3
115307,1
68017,3
518075,4
283910,3
262036,3
17498,2
329090,4
65610,3
526131,1
526131,3
526131,8
340822,3
340829,3
345875,3
345879,3
340614,3
340619,3
340685,1
340778,1
342582,1
340622,1
340781,1
340781,3
339968,3
339972,1
339972,3
339973,1
339973,3
339979,3
339983,3
339984,3
359280,3
339999,1
347320,1
347320,3
342579,1
340007,1
340007,3
340028,3
340030,1
340030,3
340043,1
340046,3
354032,1
340076,3
340709,1
534093,1
372169,2
153344,3
275398,4
275398,3
18071,4
56533,1
73814,3
272787,4
272787,3
347946,3
131734,1
152327,3
18077,4
79443,4
307478,3
272641,4
272641,3
316058,3
217615,3
153129,4
44616,4
18082,3
125212,4
73044,3
98203,4
359630,3
296487,4
272838,4
272838,3
18088,4
57656,4
115946,4
105651,2
105648,2
92736,1
18788,3
236337,3
190993,4
190931,1
168196,1
168195,1
168197,1
18795,4
142604,1
87693,4
48472,4
96442,4
128480,4
124951,4
225804,4
505444,3
505444,4
175210,4
525957,3
525957,4
109243,3
124822,3
124822,4
88135,4
18847,4
335703,4
204884,4
308028,3
511863,4
135989,4
50603,1
44473,12
48943,12
326130,12
113362,12
19078,12
336768,12
73295,3
202383,4
26250,4
92739,4
100649,4
256003,4
128037,4
202024,3
351716,3
240625,3
26258,3
170034,3
257143,3
153308,4
96389,3
196051,1
212038,1
212085,1
212086,1
829,3
130648,2
27185,2
98212,3
131744,3
185200,4
27725,4
95467,4
129124,4
92625,1
256981,4
79744,4
508105,2
204482,2
2344,2
204478,2
96468,2
27961,2
204479,2
166533,3
195812,3
164031,3
76640,3
76206,3
300871,3
175428,3
288094,3
285672,3
139684,3
139684,4
206912,3
3001,3
255589,3
146872,3
54526,3
177887,3
376198,3
206913,3
309817,3
286220,3
20999,3
207663,1
209723,11
55797,3
70492,1
70492,2
290408,2
91289,3
111179,3
174730,4
174743,1
51534,4
175570,3
175570,4
312066,3
312066,4
282669,3
282669,4
6093,4
284345,4
249374,1
249374,4
24472,1
24472,3
59691,8
165863,3
217608,3
159141,3
181312,3
346198,1
346198,3
237681,1
237681,3
169096,3
373575,3
253103,3
325893,3
8656,1
202829,4
176015,4
64426,3
292903,3
292903,4
313986,4
9747,4
59932,4
283332,4
285422,4
76565,4
251609,4
251658,3
251658,4
371858,4
107373,3
371859,3
371859,4
119431,4
148150,3
89541,3
10221,4
10224,4
228966,4
212305,1
81707,1
11280,2
12438,3
24480,1
24480,3
24480,4
153946,3
225308,10
226554,4
76281,10
242599,10
115173,4
242493,10
115171,10
87734,4
86851,4
195937,10
73917,4
47620,10
59126,4
242512,4
201386,10
226503,10
129074,10
526274,1
526274,4
517320,1
517320,4
515371,1
515371,4
265981,3
242560,3
182861,3
370064,3
129750,3
196711,3
16404,3
285623,3
263268,3
56274,2
109140,2
308830,3
269107,4
221893,4
74143,3
74143,4
226656,3
185347,3
127316,4
18791,3
18807,3
325308,4
286749,4
42079,3
241592,3
198798,4
130278,3
325570,4
19057,1
376588,1
273029,1
273030,1
358960,2
204480,2
40499,4
90409,4
268698,4
64602,2
212848,2
61639,2
121368,2
74765,2
121369,2
114111,2
516846,1
10183,4
16794,4
261426,1
308696,1
306913,1
372764,1
320319,1
331095,1
347278,1
372765,1
319898,1
347279,1
331094,1
343766,1
95671,1
25983,1
82149,1
75348,6
81628,6
69526,6
500296,6
41844,6
23796,6
124280,6
117,6
51029,6
104501,6
124,6
93817,6
242377,3
254852,4
300872,4
26019,4
185014,4
26020,4
134160,4
97164,3
44043,4
185017,3
154,4
182461,4
67596,4
109754,3
83088,3
299561,4
326202,3
185018,3
253704,4
156,3
185021,3
185023,3
185026,3
208280,3
157,4
100642,3
185028,3
244323,3
105200,4
68388,3
113036,1
222445,1
86956,4
86956,3
131891,3
61092,3
113928,1
51966,3
94493,3
111672,3
93958,4
194578,6
132717,1
60417,4
306934,3
98974,4
226826,3
297706,3
90152,3
307979,3
161151,8
301676,3
326782,3
277905,3
119036,4
80070,3
140205,3
107468,3
90798,3
52383,1
91601,1
84544,1
51965,3
113869,3
258407,1
76090,3
258408,4
258408,3
258421,3
258423,4
50528,6
56958,6
258424,4
74651,3
161992,6
193347,4
43893,3
324808,3
324809,3
324810,3
180328,3
196398,3
258426,3
314,3
152117,1
342438,3
381640,3
85311,3
54852,8
100646,1
26586,1
168799,1
274643,1
26587,7
182306,3
170973,3
236170,4
189080,3
202382,3
368,3
269264,4
80788,1
139840,3
256004,3
75973,3
369,3
185267,3
171722,3
171723,3
72777,3
243574,3
174635,3
316976,3
33788,3
149093,3
57357,3
265843,3
185291,3
185293,3
111014,3
114259,3
386,3
156086,3
317987,3
369597,3
185299,3
156089,3
325272,3
98152,3
185300,3
185303,3
227663,3
185587,3
56897,3
396,3
300092,3
336411,3
219977,3
163337,3
249446,3
165605,3
165595,3
351717,3
165600,3
214585,1
165612,1
165614,4
165597,3
165609,3
270863,4
227224,1
165617,1
300847,3
316544,3
166899,1
165625,1
183586,3
165615,1
166702,3
141203,3
56053,3
57965,3
97520,3
231042,3
257327,12
261442,12
20934,12
227610,1
523624,1
536046,1
338879,8
314094,1
517536,1
107582,1
507,1
185704,1
383604,11
518285,11
519298,11
566,11
308134,3
351550,3
351551,3
367529,3
160935,1
137674,3
44601,3
282137,3
214847,3
96183,3
127133,3
151529,3
332721,3
231043,3
176251,3
250810,3
524454,3
360632,3
343580,3
334701,3
95345,3
194532,3
236777,3
285838,3
319940,3
244813,3
100231,3
137458,3
365517,3
369089,3
360150,3
281620,3
26374,3
168019,3
168020,3
127135,3
25685,3
26376,3
524538,3
300338,3
172219,3
118933,3
502665,3
227461,3
168021,3
313750,3
198247,3
176252,3
343584,3
339279,3
287316,3
332727,3
339272,3
321453,3
251137,3
372731,3
381612,3
381613,3
365696,3
376908,1
207814,3
152941,3
227360,3
191043,3
534723,3
343587,3
343588,3
285842,3
349768,3
137677,3
368782,3
308136,3
336864,3
281907,3
166046,3
161778,3
61122,3
137919,3
233586,3
353163,3
332735,3
137462,3
339274,3
231262,3
242212,3
286474,3
273326,3
308138,3
332736,3
168025,3
300340,3
511218,3
308139,3
110134,3
300342,1
245579,3
233583,3
373761,3
341741,3
135267,1
214126,3
190582,3
339275,3
242221,3
194534,3
320061,3
308142,3
161780,3
536740,3
227367,3
75173,3
282136,3
367530,3
365695,3
367528,3
231067,3
370402,3
536756,3
363687,3
339276,3
339280,3
270258,3
283771,3
152076,3
210316,3
283768,3
101840,3
26347,3
196533,3
117821,3
622,3
365699,3
285746,3
222170,3
222169,3
170272,3
149094,3
55976,3
26887,3
115673,3
226335,3
26358,3
625,3
242260,3
222171,3
376907,1
114388,3
114389,3
26888,3
531039,3
342014,1
359499,3
297681,3
49528,3
153931,3
26360,3
185817,3
74141,1
320205,3
299975,3
254063,4
363689,3
363689,4
364776,3
364776,4
49099,4
82491,3
388087,4
142837,1
257101,1
257109,1
185923,1
144536,3
62748,3
62748,12
185957,3
185957,12
246170,3
246170,12
241331,6
279650,6
105125,1
61545,6
725,6
279649,6
185993,1
278494,1
298422,6
222475,6
521155,6
178182,6
521375,6
301680,6
272652,6
521152,6
521182,6
309915,6
521582,6
239827,6
239827,8
89997,1
26435,6
26435,8
30302,1
91364,6
91364,8
134892,6
742,6
101734,6
522009,6
94495,6
236853,6
302373,6
313600,6
89313,6
96488,6
89998,6
180956,6
512237,6
56690,6
48292,6
61916,6
61917,6
65092,6
745,6
103502,6
113427,6
521198,6
91336,6
211147,6
522008,6
142820,6
142822,6
62155,6
44395,6
142821,6
142823,6
142819,6
26442,6
195055,12
383148,4
57087,4
521988,4
324873,4
324875,4
315086,4
298624,4
320361,4
152934,4
152723,3
186023,3
156142,3
76540,3
49043,3
327415,1
24246,3
186282,3
879,3
322414,3
320204,1
215089,1
193061,1
215090,1
503866,1
372019,3
105786,1
915,1
504110,1
126584,1
281824,4
131678,3
522537,1
136827,1
141187,3
137715,3
379148,3
52057,3
1009,6
1009,11
302849,3
105206,3
254358,3
221488,3
135424,3
376685,3
201479,3
229950,3
180846,3
276509,3
283812,3
248905,3
64621,3
254359,3
120264,3
334454,3
345145,3
364010,3
355020,3
303573,3
376224,3
154900,3
311959,3
375255,3
351636,3
375257,3
104465,3
196804,3
139951,3
79522,3
195763,3
183834,3
1023,4
186529,4
87168,4
73608,3
73608,12
280115,3
280115,12
235905,3
181731,3
66204,3
352638,3
367510,3
188168,1
1106,1
188173,1
188174,1
1116,1
1121,3
57997,1
188259,1
286285,3
374035,3
84419,1
253687,3
188275,3
188275,4
311253,1
45201,3
33974,3
349796,3
331023,3
131645,3
372862,3
380710,3
372863,3
194581,3
331591,3
380711,3
372861,3
384404,3
372865,3
1231,10
362992,3
1230,3
334702,4
334702,3
76813,3
94662,3
386722,3
272654,3
334703,3
334703,4
270262,3
352567,3
99160,3
92948,3
511323,3
384406,3
140201,3
151365,3
89634,3
324814,3
138934,3
95202,3
287985,3
112681,3
278114,3
363103,3
56959,3
500188,10
500187,3
285130,3
222528,3
222529,3
147574,3
26680,4
26680,3
74724,3
188342,3
174671,3
171956,3
26700,3
23548,3
100489,3
97144,3
26730,3
138466,3
133113,3
49053,3
358747,3
75076,3
95098,3
112594,3
151777,3
274492,3
51083,3
192415,3
94849,3
99841,3
138933,3
94079,3
26675,3
305918,3
26732,3
99806,3
26677,3
1235,3
1236,3
386709,3
117011,3
92748,3
249585,1
188375,1
188375,3
175229,1
175229,3
526319,3
526319,4
510683,1
188488,12
1297,12
188489,12
188490,12
335003,1
293347,1
505244,1
1298,1
317438,1
351677,1
297438,1
525405,1
525482,1
344971,1
109110,1
111180,1
26746,6
44865,6
188545,1
1324,6
26749,6
188553,3
250979,3
222535,3
155174,3
156262,8
88180,6
26753,6
96328,6
85700,3
85700,1
19863,3
120178,3
98124,3
118896,3
120177,3
120176,3
66498,3
296833,4
1339,4
294524,3
322843,3
517761,3
200102,3
364813,3
370835,3
383610,3
517758,3
363335,3
334198,3
383611,3
322878,3
350175,3
357971,3
361696,3
184828,3
250627,3
250628,3
26761,4
53630,3
319306,4
328965,3
26827,3
256034,3
93304,3
117916,3
188778,3
188778,4
1398,3
1398,4
82935,3
82935,4
188786,3
188786,4
168263,3
168263,4
1412,3
1412,4
1413,3
1413,4
24709,3
24709,4
1420,3
1420,4
105212,3
105212,4
100873,3
100873,4
188798,3
188798,4
286046,3
1428,3
1428,4
222551,6
68086,6
106054,6
137312,4
1543,4
45148,4
21087,4
100382,4
174748,4
126965,4
142654,3
75824,3
154450,3
327916,3
328027,3
1622,4
369650,1
368003,1
189226,1
1627,1
189227,1
41752,3
217000,3
217001,3
59900,4
71498,4
1634,4
167586,4
167586,1
270265,4
505014,4
505014,1
100891,4
90615,4
41676,4
48020,4
1636,4
89012,4
41677,10
119455,10
1637,1
311412,1
1639,4
27134,4
27135,4
1644,6
1646,1
1646,4
114759,3
66469,1
174753,3
128979,3
42845,3
101882,3
195625,3
112691,3
1665,3
77045,3
45828,3
154698,3
181249,3
189290,3
27152,3
171475,3
189371,3
189371,12
189372,3
189372,12
156356,12
156356,3
73286,1
25096,1
99535,1
189373,3
189373,12
189376,3
189376,12
189381,3
189381,12
27176,2
1677,6
267581,6
1678,6
126987,6
385216,6
140054,6
103830,1
129056,1
129056,4
1692,3
130647,1
130647,4
173043,10
79155,1
79155,2
79155,4
189501,1
189533,1
189560,1
1735,3
222595,3
124337,1
124337,3
300095,1
300095,3
231598,1
231598,3
231598,4
196137,3
500129,1
99950,1
183785,6
183785,8
179778,1
231624,1
297592,1
387787,4
231634,3
297984,1
525698,3
73606,3
183786,6
183786,8
231619,3
315798,1
194906,1
83314,3
27220,1
146868,1
1742,3
190005,1
251722,1
92915,3
27424,3
90917,1
90917,3
90917,4
239437,1
85970,3
321979,4
321979,3
27228,3
66350,1
24153,1
45672,1
226339,3
109406,6
109406,8
135643,3
27343,3
85155,1
208189,3
108824,1
70573,1
70573,3
134736,6
134736,8
296357,3
27350,3
91173,3
335565,3
92356,1
92356,3
94398,3
99477,3
182348,3
195212,1
323940,1
117324,3
179786,3
199744,3
78464,1
115057,3
101961,3
234761,3
57826,1
57826,3
90079,3
81184,1
70180,1
74159,3
54215,3
314411,1
52861,3
64810,3
1768,1
1768,3
50184,3
226340,3
49193,3
254896,1
54120,3
99869,3
90772,1
90772,3
83991,1
83991,3
274645,6
274645,8
249465,3
172183,3
81190,3
231653,3
27405,1
126332,6
126332,8
29824,6
27408,6
111231,3
93744,6
95555,6
95556,6
29822,6
340624,3
340628,1
340629,1
206921,3
68723,3
243179,1
316376,3
27417,1
27418,3
27418,4
27421,6
98260,3
82116,3
20119,3
183660,3
81412,3
228594,3
97571,3
137019,3
275445,3
275449,3
95723,3
27435,3
42596,3
220045,3
86226,3
232224,3
241757,3
343784,3
232165,3
333194,3
318313,3
290371,3
226223,3
112733,3
103584,3
226224,3
1798,3
350984,3
350984,6
131137,3
137020,3
222622,3
138470,3
67471,3
244953,3
1799,3
55183,3
181159,3
104267,3
112735,3
222626,3
91788,3
367360,3
308606,3
98875,3
83734,3
27480,3
99526,3
163628,3
306946,3
153560,3
65520,3
96331,3
58057,3
232344,3
244692,3
94757,3
308607,3
139000,3
85896,3
180815,3
298943,3
103365,3
91817,3
226227,3
244920,3
244934,3
112738,3
232172,3
232354,3
27482,3
91566,3
53438,3
298970,3
232360,3
97412,3
270894,3
270893,3
81536,3
63491,3
97456,3
65218,3
227938,3
1825,3
248766,3
68551,3
70782,3
297222,3
1844,3
1844,10
1831,3
238217,3
227940,3
227941,3
1836,3
1837,3
1838,3
222650,3
232016,3
159437,3
525600,3
254585,3
222657,3
222657,10
181505,3
286348,3
90687,3
237810,3
25548,3
153886,3
168408,3
206922,3
217837,3
343830,3
323946,3
375022,3
384414,3
298019,3
255341,3
287933,3
374174,3
1869,3
282719,3
282719,4
360276,3
277153,3
209827,3
254899,3
524280,3
524320,3
384424,3
384425,3
99713,3
99714,3
367361,3
272661,3
386532,3
386392,3
272662,3
504083,3
503046,3
521292,3
386533,3
367580,1
384413,3
47993,3
47993,4
109872,3
177875,3
153596,3
27547,3
93809,3
529207,6
298767,6
525157,6
525351,6
529111,6
525988,6
502287,6
52218,6
64697,12
279629,12
114762,12
318582,6
318582,11
1962,1
1964,1
521183,1
344785,1
521122,3
349216,3
349214,3
343785,3
368005,3
349213,3
349215,3
387502,3
387502,4
368006,3
349212,3
179788,3
179788,4
349217,3
198308,3
1980,3
351070,3
61143,3
255640,3
255640,4
203071,3
203072,3
34153,3
33410,3
382730,3
203073,3
41218,3
41218,4
203075,3
349218,3
65443,1
88449,1
130660,1
124654,1
181757,1
120116,1
153356,1
234890,1
241793,1
169290,1
109539,1
81869,1
135184,1
111007,1
135185,1
120123,1
210087,1
360086,1
374861,3
344625,11
310061,11
236706,1
306842,11
48783,1
368144,1
170935,1
77558,1
203432,1
307480,1
2014,6
143436,6
169809,6
203440,6
272823,6
369917,1
272832,6
2023,1
296756,3
272821,6
88464,1
374841,1
315993,1
195299,1
195299,3
272828,6
272814,6
136154,3
202586,3
255495,3
272818,6
374859,3
272830,6
2075,2
343767,1
341801,1
64420,3
259158,3
243041,3
198374,3
27850,3
161998,6
55244,6
56202,6
383178,3
135952,6
186919,6
375023,3
93596,6
342439,3
72444,3
90441,6
179999,8
93491,6
335568,3
87408,3
153045,6
171728,6
325970,6
135650,6
2209,1
152124,6
89222,8
197020,6
59854,8
133923,3
227694,3
355963,3
382608,3
374021,3
384842,3
386960,3
377730,3
377733,3
526546,4
377714,3
377719,3
27933,1
27933,8
163931,1
368421,1
368421,8
109248,1
112192,1
112192,8
2293,2
49101,2
521110,3
389131,3
204189,6
513808,3
513809,3
389141,3
513818,3
513820,3
513807,3
513821,3
389137,3
513830,3
513832,3
513833,3
389138,3
389133,3
513837,3
513838,3
513839,3
513843,3
513844,3
513845,3
528932,3
513803,3
389134,3
513842,3
513846,3
513847,3
389143,3
513849,1
513805,3
389140,3
513854,3
513855,3
513860,3
389145,3
513864,3
513867,3
389142,3
513802,3
513804,3
513806,3
328000,3
328000,7
513868,3
204196,3
320645,3
513876,3
2311,4
236662,4
91916,3
74022,3
178250,3
117049,3
238195,3
510759,1
73727,3
227122,3
227123,3
48872,3
204464,3
327495,7
322447,4
351825,1
351825,8
327466,1
327466,8
270957,4
56296,1
205031,1
334665,3
504577,3
90195,1
295952,1
295952,3
96758,1
295957,3
172201,1
387407,1
387407,3
360550,1
360550,3
284625,3
322075,3
351184,3
186920,1
186920,3
319812,1
319812,3
295949,3
375149,1
375149,3
89230,1
182598,1
359181,1
359182,8
360381,1
357463,8
361660,1
316222,1
504601,8
360382,1
313742,1
313721,1
504516,8
254449,8
376973,1
320171,1
360917,1
360919,8
313737,1
313741,1
504026,8
375975,1
350941,1
521921,1
521927,1
521919,1
521920,1
518105,1
520272,1
379005,1
379004,1
521278,1
525617,1
521203,1
521735,1
518037,1
521851,1
521305,1
520134,1
353060,1
377226,1
205334,1
48508,1
239996,3
205792,12
153020,1
129801,1
157530,1
205793,1
198923,3
72074,12
2605,1
304025,3
318727,3
304031,1
28243,1
28243,3
205982,1
205982,3
51113,1
51113,3
2633,1
2633,3
176990,3
176990,4
119564,3
119564,4
206172,8
379305,1
379305,3
379307,1
379307,3
379306,1
379306,3
379308,1
379308,3
338608,6
338608,11
20094,11
517649,11
65249,9
62104,9
174530,1
218388,1
368327,1
368327,4
95607,1
218391,1
99147,1
99399,1
96650,1
94848,1
92678,1
97937,1
94420,1
98326,1
92060,1
93927,1
93862,1
98357,1
96824,1
90340,1
171380,1
92582,1
174533,1
29775,1
29775,8
89288,1
98622,1
222794,1
171383,1
174103,1
325688,1
93459,1
172107,1
100321,1
95500,8
89292,1
92829,1
174104,1
168755,1
90806,1
98820,1
98821,1
174535,1
174536,1
168756,1
95133,1
174538,1
41810,1
30132,1
171381,1
96355,1
91939,1
30134,1
99476,1
97117,1
293754,1
30147,1
95086,1
105130,1
345414,1
30161,1
29926,1
171386,1
171378,1
30162,1
92162,1
94560,1
96504,1
29934,1
30173,1
98717,1
89759,8
95294,1
93891,1
92606,1
30180,1
90183,1
79070,1
29963,1
74653,1
30186,1
96310,1
92530,1
174549,1
192914,1
92270,1
2754,1
92271,1
90691,1
99425,1
89954,1
112726,1
98191,1
98191,6
98191,8
92343,1
92343,6
92343,8
96909,1
30011,1
97407,1
91017,1
97426,1
98711,1
90902,1
30222,1
92592,8
108658,1
109913,1
2765,1
2765,3
2765,8
2807,3
28283,3
76161,3
181288,3
105708,3
143538,11
272027,1
272027,10
255342,1
255342,10
166319,1
126089,1
300105,3
43260,1
204495,1
155100,1
96441,3
206651,1
206651,3
342423,3
342424,3
110459,1
206770,3
251996,3
64095,1
64095,3
61023,3
367701,3
94502,3
344633,3
335299,3
298346,3
81987,3
46569,1
46569,3
2931,3
309950,3
206803,1
206803,10
94261,1
94261,10
2966,1
227431,1
93869,1
166538,3
166545,3
162670,3
352460,3
166557,3
324431,3
70887,3
318917,3
209846,3
46144,3
110899,3
209848,3
87880,1
87880,3
195813,3
109643,3
71015,3
286752,3
175429,3
360293,4
166591,3
181285,1
181285,3
151239,3
166599,3
28766,3
101856,3
169400,1
169400,3
209858,3
299144,3
192707,3
130335,3
207684,1
207684,3
191041,1
138774,3
114496,3
166671,3
56136,3
208291,3
110330,3
49343,3
523886,1
523886,3
137372,1
137372,3
46497,1
46497,3
360296,3
169408,3
233315,3
95854,3
45389,1
45389,3
68087,3
255570,1
255570,3
111106,3
333659,3
333659,1
79063,3
109798,3
298849,4
324433,1
324433,3
237546,1
237546,3
285001,3
207682,1
207682,3
90931,1
90931,3
226346,1
226346,3
500124,3
85740,3
80432,3
117705,3
137373,1
137373,3
299145,3
136058,3
192702,1
192702,3
228829,1
228829,3
3002,3
189305,3
206910,4
28755,1
241862,3
98223,3
64542,3
206914,3
92942,1
28781,3
183206,3
183206,8
25666,8
3050,8
108790,3
47387,3
515399,1
328150,3
237440,3
237440,12
212826,3
251219,3
139088,4
139090,3
208294,3
208294,12
241877,3
241877,12
3074,3
300955,3
300955,12
237441,12
273624,3
273624,12
375943,3
375943,12
128685,3
3081,1
285760,3
285760,12
113788,12
3082,12
255603,3
79064,3
79064,12
81080,12
207573,4
3085,12
227680,12
207574,3
207574,12
99270,12
375198,3
375198,12
84119,3
84119,12
103067,3
103067,12
374210,3
374210,12
374750,3
374750,12
69184,3
69184,12
281547,3
281547,12
3094,3
3094,12
171051,3
171051,12
55875,3
55875,12
3095,12
77714,3
207570,3
60798,3
60798,12
209484,3
209484,12
153031,3
153031,12
124346,3
124346,12
63832,3
63832,12
83677,3
299910,3
299910,12
3102,3
3102,12
274497,12
239983,1
184499,1
189894,1
259629,1
357909,1
195615,1
353319,1
191832,1
375140,1
349303,1
207936,1
25368,1
178351,1
202304,1
3311,6
523339,12
523435,12
299491,3
207835,1
98427,3
98427,4
328358,3
53176,3
53176,4
42260,3
3364,8
285374,6
280324,6
228397,1
154955,8
28956,3
28956,8
98256,3
98256,8
43178,3
3370,3
328511,3
328361,3
91612,1
28968,4
241006,4
135338,3
135338,4
3382,4
65739,4
3409,1
209760,11
209775,11
74288,11
209793,11
3451,11
3688,1
3697,6
3735,12
3735,3
50390,12
62852,12
281284,1
261101,1
221394,4
221394,3
29236,4
285480,1
285480,3
123875,1
123875,3
306245,1
306245,3
253639,1
253639,3
305305,1
305305,3
123775,1
123775,3
227065,3
123344,1
123344,3
308371,1
308371,3
122855,1
122855,3
260942,1
123994,1
123994,3
335110,1
335110,3
335112,1
335112,3
308567,3
122862,1
122862,3
125473,3
123513,1
123513,3
123249,1
123163,1
123163,3
290703,1
375752,1
375752,3
123267,1
123267,3
168350,1
168350,3
123873,1
268686,1
268686,3
504567,1
504567,3
165394,1
165394,3
273944,3
166942,1
166942,3
221579,1
221579,3
303702,1
303702,3
123277,1
123277,3
315300,1
315300,3
210687,1
29262,3
157673,1
157673,3
352969,1
352969,3
220539,3
99459,3
211429,4
211437,3
29286,4
122802,1
193127,3
102727,6
29319,6
367937,6
174786,6
241651,1
170785,1
167941,1
181740,1
310019,3
241653,4
3808,3
22698,3
101081,3
24732,3
501695,3
149982,3
30506,4
29332,1
148139,1
51666,1
3811,4
3814,1
147688,1
297427,3
3815,3
241652,1
168831,1
209128,1
120449,1
212500,1
149047,1
212499,4
96524,1
96481,4
143107,3
94295,1
101082,1
136168,3
328151,3
121159,3
121159,10
58591,3
3844,3
29340,3
212847,2
3854,2
72690,2
106000,1
523767,1
523767,8
523766,1
523766,8
174115,1
45977,1
322963,1
29377,1
184240,1
29248,1
145172,1
500145,1
500145,8
212884,1
212884,8
119038,1
20867,1
20867,8
24133,1
24133,8
43179,1
43179,8
3867,1
90184,1
139124,1
139124,8
43180,1
162697,1
3880,1
3880,8
281246,1
89049,1
116000,1
220715,1
29369,1
59616,1
130518,1
212857,1
304813,1
98685,1
209691,1
163509,1
223004,1
93715,1
93715,8
91672,1
29360,1
322996,1
146847,1
523776,1
523775,1
523779,1
93118,1
523778,1
327556,11
327512,11
306482,2
91373,2
210274,2
116220,2
138391,2
248443,3
80890,2
207213,2
211455,2
65570,2
314136,2
60369,2
43511,2
182867,2
50259,2
50259,4
151310,2
336810,2
336812,2
155101,1
105769,2
105769,4
50895,2
83478,2
93783,2
57460,2
375762,2
194371,3
98389,2
181514,2
211339,2
211339,3
96207,2
332962,2
327250,2
515184,2
135829,2
515185,2
96082,2
236557,3
150059,1
150059,11
348161,2
97605,2
96860,2
523309,2
537765,2
529575,2
529477,2
197716,2
243487,2
197711,2
197711,11
220387,2
197714,2
240438,2
215543,3
215545,3
215547,3
275088,2
215549,2
215551,2
215554,2
215568,2
340970,2
215571,2
213958,2
215573,2
284700,2
309232,2
300852,2
215579,2
301887,2
240395,2
272608,2
284699,2
275541,2
300956,2
324343,2
355939,2
337343,2
326135,2
343478,2
300925,2
317066,2
351731,2
349092,2
320194,2
317064,2
341785,2
360993,2
324344,2
353323,2
317065,2
337341,2
326137,2
337342,2
337344,2
353322,2
353152,2
380811,2
380811,1
369974,2
369973,2
370058,2
376987,2
326136,2
370059,2
378589,2
388453,2
121384,2
121363,2
192952,3
209596,2
176002,2
173014,2
241013,2
194369,3
242737,2
80121,2
82290,2
243832,2
81821,2
183803,1
45601,2
191879,2
194378,2
194378,11
209600,3
143123,2
29428,2
331402,11
138409,2
194375,2
331776,2
280095,2
337074,2
342007,2
165897,3
198413,2
29426,2
198414,2
96731,2
218959,2
248287,2
68257,2
67999,2
59159,2
218958,2
155028,2
292816,2
89078,2
45411,2
379003,2
89349,2
99627,2
328373,2
57365,2
269518,2
382777,2
80498,2
181518,2
93840,11
292734,2
75185,2
59035,2
210084,2
337073,2
92156,2
133895,2
138429,2
68258,2
194373,3
378205,2
138433,2
96722,2
44842,2
218960,2
141173,2
141173,11
59413,2
46501,2
86388,2
76353,2
49945,2
375766,2
71896,2
57420,2
515186,2
227089,2
96069,2
227090,2
331400,11
86938,2
536881,2
223010,2
133890,2
328375,2
59702,2
29478,2
121408,2
46801,2
55115,2
383625,2
118677,2
86075,2
71691,2
248376,2
210954,2
210871,2
248378,2
138443,2
81182,2
272918,2
187138,2
66955,2
95160,2
124310,2
250375,2
194372,2
76126,2
54459,2
133891,3
133891,11
317069,2
349435,2
345660,2
70118,2
210020,2
48084,2
50038,2
138448,2
86175,2
269524,2
287461,2
515187,2
53221,2
102957,2
153342,2
58282,2
168210,2
326508,2
367142,2
382780,2
78281,2
243737,2
99793,2
99851,2
94458,2
96302,2
92572,2
110029,2
52716,2
126164,2
336176,2
83374,2
70114,2
42541,2
378206,2
357518,2
369961,2
350038,2
346018,2
384474,2
357519,2
531032,2
534410,2
314030,2
317071,2
231284,3
337462,2
295059,2
295060,2
165961,3
275448,2
314386,2
29510,2
29510,11
307075,2
121409,2
315258,2
297895,2
313747,2
215550,2
357422,2
121364,2
317068,2
530673,2
382280,2
319897,2
238048,2
43868,2
43868,4
63782,2
207214,3
504704,2
215552,2
529731,2
215569,2
343469,2
322220,2
282535,2
215546,3
238045,2
341784,2
336023,2
215572,2
292737,2
297115,2
282536,2
507636,2
281493,2
334758,2
537849,2
238047,2
334759,2
322221,2
533192,2
270842,2
244661,11
218968,2
215548,3
322223,2
357423,2
298706,2
197712,2
197712,11
197713,2
239580,2
351732,2
162614,3
380812,2
380812,1
324425,3
269514,2
372816,2
349475,2
368499,2
215544,3
258585,2
352596,2
114533,2
334757,2
343468,2
352592,2
370851,2
215555,2
121385,2
194377,2
91068,2
248370,2
238377,3
239581,3
238378,3
367513,2
313904,2
258237,2
297516,2
368500,2
343470,2
197715,2
349091,2
334760,2
322225,2
367703,2
297517,2
378207,2
248390,2
533297,2
322227,2
315259,2
215580,2
367704,2
521444,2
215574,2
378588,2
328005,2
531037,2
352601,2
358806,2
315260,2
248344,2
213065,2
223017,2
95824,2
89092,2
269520,1
269520,4
239579,2
80497,2
80497,3
170486,3
170486,11
179958,2
136936,1
72691,2
115810,3
151313,1
3950,3
66295,3
93261,3
254815,2
61311,2
51767,2
23290,2
29445,2
213304,2
91233,1
115602,3
3974,2
251869,2
109366,2
58954,2
170212,2
180464,2
138254,2
164240,1
166389,2
183857,1
29467,2
251906,2
29470,2
248409,2
248409,4
29471,2
248412,2
227095,2
368667,2
29477,2
274739,2
272844,2
89876,2
3993,2
29482,2
104889,2
104889,3
110901,2
110901,11
238582,3
238583,3
207216,3
238584,3
91305,12
213087,2
167886,2
167886,3
97329,1
213395,1
191575,1
4011,1
29557,1
231567,1
213415,3
213415,4
163280,2
112990,2
115989,2
113031,2
507449,1
507632,1
507066,6
521159,3
299562,3
281825,3
281825,4
281826,3
521231,3
307779,3
307779,4
154478,3
154478,4
526009,3
526009,4
504208,3
322460,3
322460,4
374635,3
515188,3
292899,3
536485,3
285377,3
307780,3
126589,3
359375,3
359375,4
115078,3
115078,4
219644,3
219644,4
375944,3
296297,3
296297,4
284347,3
284347,4
284348,3
536007,3
536275,3
511667,3
536646,3
197182,3
306739,3
282416,3
142616,3
44949,11
75151,11
158021,3
243582,1
327492,1
263323,10
69446,3
69446,12
4331,2
4331,6
4331,11
195921,1
158060,11
510891,4
510949,4
510613,4
176647,4
176650,4
282764,1
217078,3
217078,1
342583,1
316205,1
30610,1
30610,3
219214,3
219214,1
343734,1
168851,1
214671,12
214671,3
318308,3
318309,3
257548,4
19636,3
324868,3
520080,3
518985,3
519784,3
519784,1
4698,6
137243,3
130632,3
4804,3
130631,3
325130,3
141840,3
131195,3
131195,4
223103,3
223103,4
517527,3
117941,3
519815,3
521483,3
128486,3
208715,3
135061,3
223105,3
223105,4
77960,3
103902,3
374987,3
372207,3
374988,3
374988,4
117807,3
80183,3
269578,3
521290,3
520372,3
317507,3
317507,4
103744,3
132933,3
236956,3
109095,3
109095,4
117831,3
117831,4
255213,3
135060,3
135060,4
30862,3
30862,4
94704,3
30899,3
73539,3
102892,3
4831,3
101886,3
62573,3
4824,3
4824,4
126646,3
117808,3
30861,3
30861,4
83593,8
388781,1
350761,6
328429,8
341639,3
401897,3
107473,3
107473,4
105878,3
105878,4
23413,3
107475,3
341627,3
280055,3
105935,3
105935,4
105843,3
105843,4
107482,3
107482,4
105908,3
105908,4
383027,3
401988,3
41192,3
171483,3
105879,3
105879,4
327496,3
346877,3
107490,3
107490,4
402095,3
383032,3
107494,3
402163,3
402164,3
327497,3
107534,3
105815,3
42099,3
119548,3
119548,4
233670,3
280064,3
162835,3
162835,4
23395,3
105848,3
105848,4
366104,3
112518,3
107525,3
107526,3
107526,4
105902,3
41155,3
119530,3
128611,3
128611,4
40938,3
105819,3
280059,3
5169,3
401935,3
5171,3
105828,3
105813,3
201466,3
5173,3
5174,3
240442,3
64718,3
5177,3
105859,3
5179,3
5179,4
5179,7
402429,3
402553,3
5186,3
22170,1
79573,4
30989,3
177308,3
74116,12
177307,3
94731,1
174710,1
5204,3
56264,3
5206,1
5207,1
72447,1
528694,3
295893,3
287069,3
256002,1
5235,12
22791,1
228839,1
228837,1
223168,1
286961,1
173089,1
95433,1
26091,1
26091,8
223170,1
90594,1
74895,1
96990,1
171388,1
97507,1
98149,1
89858,1
44079,1
89391,1
215951,1
370409,1
89536,1
90273,1
119063,1
228840,1
387479,1
71464,1
309235,3
231843,1
231843,3
237118,1
237118,3
111383,3
173307,3
173315,3
526531,1
526531,3
368734,1
368734,3
526521,1
526521,3
180939,3
173419,3
168960,1
360371,1
369479,1
146089,3
43443,1
353558,4
141109,1
337940,1
173660,3
242097,3
83188,3
143920,3
242160,1
255701,1
237111,1
303588,3
327856,3
329462,3
165303,3
371614,1
338339,1
165311,1
197962,3
371591,1
20451,3
5296,3
5307,12
5347,3
92473,3
242033,3
529327,6
524982,6
115089,6
67143,6
344978,6
5379,6
529328,6
529329,6
59103,4
179043,3
179043,4
89527,4
256263,4
256264,4
256266,4
256268,4
256269,4
256270,4
504406,4
116160,4
52432,3
144642,4
97701,4
54055,4
89870,4
243175,3
48157,4
279244,4
523043,3
523043,4
99181,4
115773,4
242994,4
177793,4
65818,4
69970,4
96530,4
65924,4
379477,4
69813,4
256248,4
334774,4
256247,4
275089,4
109120,4
160999,4
93228,4
510763,3
510763,4
514289,3
514289,4
504835,3
504835,4
504184,3
504184,4
525797,3
525797,4
89860,4
31199,4
89086,4
347714,4
174990,4
271848,4
93995,4
97023,4
255626,4
270111,4
253049,4
239654,4
229670,4
175037,4
306949,4
191392,4
162485,4
162478,4
143276,4
207053,1
31207,4
334775,4
70569,4
143275,4
43498,4
97251,4
161360,4
183195,4
334776,4
167983,4
525437,3
525437,4
167984,4
334777,4
226440,4
167986,4
103484,4
94046,4
79377,4
275579,4
341813,4
271105,4
147390,4
84310,4
84311,4
94262,4
168669,4
249515,4
177500,4
256283,4
324915,4
31218,4
256245,4
275090,4
234662,4
97383,4
250973,4
90206,4
333043,3
333043,4
71242,4
375150,4
92377,4
116162,4
90575,4
113178,3
113178,4
98923,4
45783,4
133216,4
239146,4
66630,4
291865,3
291865,4
167758,4
50464,4
191091,4
75535,4
83866,4
58660,4
131838,4
48967,4
201245,4
101296,4
101297,4
44259,4
306947,4
379478,4
101302,4
511951,3
511951,4
504674,3
504674,4
510806,3
510806,4
503995,3
503995,4
525493,3
525493,4
510820,3
510820,4
278139,4
101306,4
52839,4
162917,4
101324,4
223181,4
5398,4
256277,4
137824,4
256278,4
256280,4
284725,4
251465,4
191089,4
256281,4
256282,4
256284,4
272230,4
256285,4
207803,4
69932,4
151204,4
286003,4
286004,4
256287,4
84267,1
84267,3
80275,1
80275,3
62963,1
62963,3
43926,1
43926,3
92549,1
92549,3
44275,1
44275,3
69539,1
69539,3
58704,1
55552,1
55552,3
59659,1
59659,3
84125,1
59981,1
59981,3
157674,1
157674,3
31313,1
116122,8
232280,3
5638,1
31502,1
117717,1
91512,1
114437,1
197021,3
62337,1
102008,1
381860,1
371917,1
135618,1
223199,6
102651,6
114439,6
58330,6
99169,3
202613,3
345697,3
299821,3
362402,3
285912,3
299823,3
299824,3
376621,3
31761,3
101180,3
5773,3
180300,3
181294,3
93308,3
293039,3
5782,3
94084,3
503982,3
145645,3
521101,3
315885,3
517786,3
256023,1
68160,1
96172,1
177949,1
374901,1
114241,1
40914,1
126098,12
126098,3
140909,4
108813,1
5843,12
5843,3
353064,1
350954,1
317986,1
44628,1
5885,1
530000,8
529902,8
5890,8
523654,1
136964,3
136964,4
5960,3
5960,4
286218,4
286217,1
181207,3
181207,4
339309,3
236279,4
305876,3
305876,4
31841,1
89628,3
340677,3
340677,4
368858,2
47768,2
202626,2
114440,3
138255,6
99826,3
73225,3
6024,3
31893,3
6026,3
84935,3
6025,3
6027,3
96551,3
86906,3
31897,1
193418,1
193418,8
127362,1
127362,8
6115,1
31930,6
6149,6
223264,3
6180,3
134083,3
87557,1
6191,3
158514,3
182583,3
82838,3
6192,3
113094,3
182585,3
377041,12
374182,12
153230,3
223327,3
31950,6
511247,1
6213,2
308914,3
316990,3
202635,3
340841,3
353813,3
331254,3
349586,3
379489,3
379491,3
380552,3
340842,3
380550,3
343721,3
243491,3
227130,3
353810,3
343472,3
300328,3
218623,3
281501,3
386746,3
364441,3
341815,3
322078,3
356006,3
313606,3
377075,3
154634,3
325135,3
301457,3
345224,3
216530,3
316207,3
269334,3
350989,3
307892,3
240037,3
298513,3
326507,3
349538,3
356007,3
364445,3
526433,3
371263,3
343769,3
521217,3
521168,3
320851,3
241414,3
364442,3
313905,3
319788,3
353809,3
345346,3
349537,3
324832,3
307896,3
306559,3
317395,3
526128,3
316234,3
526366,3
306951,3
269102,3
349535,3
241724,3
234980,3
511573,3
505292,3
371276,3
505291,3
386745,3
505294,3
505282,3
349540,3
236526,3
521399,3
521513,3
526157,3
505303,3
273013,3
354185,3
368503,3
323538,3
375948,3
345323,3
371277,3
505296,3
384495,3
505293,3
520126,3
518998,3
521711,3
521355,3
227131,3
371264,3
526435,3
206438,3
239703,3
360383,3
505295,3
322080,3
526202,3
350012,3
379492,3
315602,3
353035,3
379490,3
315604,3
380551,3
380553,3
507859,3
507858,3
367737,3
31969,3
193129,3
72550,1
72550,3
253195,3
228305,3
220610,3
216589,3
379493,3
300329,3
124796,3
227227,3
301458,3
315601,3
238954,3
206923,3
216585,3
222174,3
367516,3
168108,3
296074,3
279829,3
179817,3
256168,3
301708,3
285143,3
317254,3
368683,3
364444,3
289150,3
379494,3
241320,3
379495,3
331256,3
78524,3
243416,3
384496,3
352714,3
369963,3
31981,1
31981,4
31985,4
44211,1
44211,4
114273,3
105663,3
132463,4
45997,4
350990,3
273633,3
59261,4
223334,4
105702,3
6283,3
168970,4
285042,4
227350,1
114302,4
305889,4
305889,3
124760,1
124760,3
305893,4
79486,3
79486,12
45778,3
45778,12
6352,11
6408,3
304711,3
127558,1
336921,3
336921,8
114351,3
118452,1
106294,3
106294,8
27648,1
109348,3
109348,8
170981,1
375214,1
150426,3
114465,1
93756,8
77617,1
194792,1
41320,3
41320,8
91441,1
360428,1
87042,1
278661,11
198657,11
191424,11
191420,11
6516,11
6516,1
6517,11
6517,1
71063,6
71063,11
294275,4
103560,4
177800,4
6527,4
373651,4
158623,4
281846,4
131504,4
6532,3
182280,12
86011,12
155010,12
180242,12
151922,12
73403,12
187308,3
187308,4
181503,4
186778,3
136982,3
176751,3
54169,3
116003,3
111347,3
111347,12
242270,4
101664,3
223355,12
223355,3
524634,3
524634,4
187310,3
170369,3
170369,12
287755,3
300062,3
327851,3
28925,12
28925,3
6547,3
6548,3
32120,3
62450,3
84954,4
178446,3
178446,12
81951,4
168383,3
168383,12
63817,12
63817,3
6643,6
6643,11
91930,1
90090,6
90090,11
99447,1
95891,6
95891,11
99448,6
99448,11
94341,11
94341,6
105073,6
105073,11
75000,6
99709,6
99709,11
97134,6
97134,11
98059,6
173138,1
48757,6
43066,1
173139,1
307706,1
51149,1
51150,4
97319,4
97921,6
96925,1
62387,1
78642,6
93888,1
93888,11
318763,1
318763,8
96948,8
96869,1
96869,11
98979,8
98979,11
70297,8
70297,11
99291,8
99291,11
68754,1
223383,6
82902,6
82902,11
239344,1
89689,1
95121,1
74099,1
318580,6
318580,11
77590,8
78292,8
78292,11
32435,8
32435,11
6693,8
6693,11
98096,8
98096,11
98346,8
98346,11
97764,1
61751,8
62353,8
62353,11
300271,8
334284,8
334284,11
32448,8
32448,11
90819,8
90819,11
46025,8
46025,11
95988,8
95988,11
99496,8
99496,11
93334,1
97000,8
97000,11
43315,8
43315,11
92651,8
92651,11
105236,8
96827,1
96827,8
32437,8
32437,11
97384,8
97384,11
32442,8
6698,8
90981,8
90981,11
89326,8
173102,8
173102,11
94487,1
6628,6
156684,1
199718,6
215964,1
293427,6
102508,1
300274,1
291747,1
91317,1
98093,6
93179,6
300273,6
218403,6
307719,1
82613,6
102509,1
99864,8
55608,8
98838,8
91624,4
91624,1
168767,1
168767,4
128829,1
128829,8
115659,1
102006,1
102006,3
114442,1
114442,3
97429,3
97429,1
66706,3
105771,3
109456,6
114502,3
114504,1
114504,3
104257,1
104257,3
67456,3
154071,3
154071,1
67773,1
67773,3
114009,3
74722,3
63524,1
63524,3
49830,4
49830,3
95608,3
49573,3
300501,6
300501,12
113798,3
324918,6
324918,12
32487,6
226383,6
170637,6
6725,6
208784,1
208784,3
523323,10
195456,4
64816,3
6777,3
75520,3
500299,3
97796,3
6784,3
243425,3
32557,3
132462,3
6792,3
353689,3
156168,1
244808,1
168111,1
168111,4
53933,1
371931,1
94780,1
269830,1
32570,8
101336,8
308061,3
100204,12
100204,3
387039,3
387039,12
234554,12
6922,12
361737,3
361737,12
164068,12
164068,3
58286,6
306349,1
89679,4
95125,4
304250,1
85742,4
68655,1
95418,1
342662,3
242418,3
158764,1
112011,1
270952,1
208000,3
273045,3
273045,1
273045,4
253788,3
248598,3
115493,3
71433,3
248600,3
298621,3
181252,3
240789,4
270953,3
248485,1
130177,3
7028,3
195958,3
206925,3
285879,3
285879,1
285879,4
126484,3
126133,3
253791,3
306222,1
306222,3
253158,1
270897,3
7030,1
72758,1
7031,3
153888,3
42650,3
108798,3
80975,3
130800,3
130801,3
254414,3
199223,1
109437,1
216807,1
270946,1
248669,3
231919,3
7032,1
105643,1
134625,1
124797,1
80739,1
248486,1
174989,1
169663,1
180792,1
169030,3
168513,3
168513,1
522354,1
522354,3
7034,3
300583,1
256132,1
270191,4
142488,1
109472,1
66216,1
98990,1
309922,1
309923,1
351734,1
124798,1
124799,1
181253,1
256130,4
67452,1
363778,1
201508,4
240815,1
95791,1
75196,8
102905,1
53834,1
320333,1
32732,3
169488,3
127747,4
127747,3
127747,8
81924,1
81924,3
163023,1
7053,3
332105,3
332111,3
332101,3
99740,3
7056,3
99556,3
72613,10
89512,10
51337,10
7058,3
250643,1
101237,1
101237,3
101236,3
7078,1
32745,3
279667,3
60050,3
129295,3
287362,1
239957,3
118306,3
118307,1
118307,3
90192,1
285397,1
194504,1
240657,1
312316,1
320332,1
254803,1
361082,1
274889,1
521815,1
521815,3
264742,1
358818,1
340635,1
500923,3
501157,3
501158,3
500796,3
248226,3
500931,3
501174,3
500737,3
501173,1
501173,3
388561,1
500739,3
248229,1
501176,1
500915,3
500915,1
500915,4
209647,3
113070,3
63641,3
175156,3
374751,12
22728,3
63631,3
162463,3
358819,3
352610,3
352610,10
254984,12
170211,12
101714,4
24471,4
45037,4
104793,4
76506,3
521718,1
147427,1
226351,3
7221,3
81896,3
95088,3
32871,3
95847,1
77737,1
77737,3
43739,1
43739,3
152402,1
152402,3
158862,3
342411,1
516742,6
138101,6
180005,6
125042,6
223487,6
128049,6
98308,6
268789,3
7291,3
286152,3
7418,4
7429,4
114677,1
315011,1
309773,1
51315,1
92610,11
127639,1
127639,11
91153,1
84196,1
46708,1
46708,11
174160,11
330459,1
347730,1
182081,1
96830,1
96874,1
97344,1
150705,11
150705,1
67106,1
96464,1
75873,1
58473,1
145694,1
315022,1
306297,1
182216,1
220700,1
222062,1
521187,1
95591,11
53101,1
373045,2
373045,8
93014,1
59787,11
238937,1
87543,1
52317,1
65197,11
64779,1
82023,1
521400,1
269208,1
219356,1
315034,1
315034,4
315034,11
115199,1
66370,1
91030,1
91990,1
169256,1
89489,1
33201,1
197576,1
198529,1
98840,1
84426,1
63266,1
526241,1
521462,1
521462,11
58417,1
87708,4
77468,1
47563,1
105242,1
105242,11
97087,1
90535,1
92387,1
166638,1
93772,1
72176,1
73302,11
73302,1
526214,4
526304,1
526304,11
59205,1
113631,1
63164,1
101344,1
99701,1
94376,1
244898,1
518266,1
518266,8
182324,1
99572,1
95077,1
104623,1
369155,1
83472,1
70136,1
162474,1
80662,1
317035,1
117247,1
56204,1
179028,1
102752,1
67132,1
316125,11
373538,1
347325,2
347325,8
504061,1
90244,1
101089,1
7479,1
162573,1
92570,1
238936,1
376439,1
159011,1
354804,1
321397,1
189971,1
223599,1
33035,1
33036,1
125920,1
193738,1
82107,1
49135,1
167544,1
101092,1
7514,6
7514,11
296211,6
296211,11
7516,1
7516,11
7524,1
175861,1
195463,4
89307,1
104806,1
47390,1
371127,1
67388,1
67388,3
340673,1
97425,1
25547,1
51832,1
134904,1
23749,1
60332,1
134974,1
33346,6
31420,6
7591,6
7594,3
301207,1
301208,1
67076,1
67076,10
270563,1
33382,3
381313,3
231328,3
125065,1
125483,1
178008,3
213366,3
290260,1
290260,4
197023,3
183491,3
298725,1
298725,4
7733,6
7733,8
100053,8
29193,6
7743,8
7793,3
23531,11
46850,1
46850,8
319810,3
504387,3
167105,11
510451,3
370913,3
370913,8
133839,11
316393,3
316393,6
315419,3
315419,6
289170,6
97252,11
138261,3
97345,3
249461,3
249461,11
196715,1
323953,3
301594,6
83567,1
83567,3
269103,3
226867,11
206989,11
306953,3
218005,3
255756,3
122408,3
141923,8
363695,1
363695,3
363695,11
77627,3
194421,11
194421,6
33525,4
175220,8
239962,3
239962,6
49279,1
94611,1
226847,1
128502,3
247320,3
284943,3
510919,3
298514,3
298514,8
298514,11
316992,1
59776,6
272623,1
247309,3
137507,3
84056,3
249447,3
249447,6
127482,8
127482,11
104699,3
272733,3
272733,11
91735,1
297594,3
298395,1
73838,1
73838,3
73838,8
56436,3
58862,3
58862,6
248767,1
218006,3
137509,11
33530,3
240022,3
216239,1
510630,3
241922,11
239048,6
153768,8
190687,3
50209,3
171757,1
24086,8
24086,11
168914,3
72719,1
129889,1
129889,8
7860,3
168411,3
116663,3
116663,8
381644,1
158991,8
158991,11
7877,3
43939,3
33456,3
120483,3
97719,1
7885,1
518252,1
172701,1
79341,6
79341,3
104493,1
194121,8
136888,3
136888,6
7886,1
66826,1
7887,3
7891,6
94759,6
93462,6
97811,6
195210,1
195210,3
97812,3
110223,6
116969,6
85474,6
165373,3
165373,6
74692,1
60740,6
7893,3
117373,6
63663,6
89995,6
33469,11
186784,11
178912,11
179044,11
535759,11
54875,11
250662,1
367942,3
367942,8
272731,3
272731,8
317250,3
317250,8
325826,1
325826,3
271004,3
136882,3
7904,1
7905,3
95015,4
149132,3
236959,1
236959,4
137301,3
45261,3
180969,1
180969,3
236961,3
236740,1
236740,4
234270,1
234270,4
227795,4
226352,3
181281,4
180970,3
104359,3
105079,3
179982,3
92154,4
49540,4
49541,3
202405,3
202405,8
114013,1
7914,3
7915,3
226120,3
503071,3
384607,3
357419,3
269670,3
103346,3
236042,3
343011,3
191045,3
99080,3
203360,3
169692,3
147576,3
130806,3
99081,3
111303,3
504179,3
503968,3
120917,3
122459,3
7917,3
78171,3
73319,3
286768,3
94591,3
73320,3
113708,3
241535,3
219997,3
7918,3
7918,6
77676,3
307902,3
172103,3
217794,3
242421,3
58917,3
136942,3
181337,1
181337,3
33667,3
92120,11
87078,1
87078,3
166973,3
166973,8
51853,3
51853,8
154648,3
202404,3
202404,11
503792,3
503792,8
66710,8
33508,3
65521,3
92716,3
97978,1
94266,3
7941,11
98216,11
251622,3
251622,11
307584,11
236965,8
516380,11
503804,11
328465,11
307336,11
256134,3
256134,11
300606,11
241728,1
375951,11
356164,11
7944,1
151403,3
269320,3
194430,3
245146,8
245146,11
313402,8
313402,11
92274,6
86952,11
325834,6
254115,6
72563,3
70260,6
95458,3
95989,1
521544,3
521544,1
86765,4
248000,3
170787,3
82235,3
247335,3
42555,3
99605,6
99605,1
58284,11
226111,3
226111,8
169110,3
153564,3
92753,3
235064,3
136881,3
96754,3
358969,3
59564,3
197528,1
50738,6
102389,3
358834,3
358834,1
47660,8
44513,3
82118,1
344480,1
344480,3
227793,1
227793,3
227793,8
127489,3
350017,3
350017,1
116027,1
93902,1
136940,1
136940,3
345359,3
55128,3
55129,3
91252,3
7903,3
134842,1
236216,3
236229,1
97705,1
79386,1
79386,3
79386,8
360709,3
360709,1
46806,11
46806,6
91085,11
322083,3
168839,3
517338,3
383007,3
7960,3
7961,3
83338,3
272746,1
535926,4
353881,1
107803,1
8071,1
49605,1
322934,1
322934,8
231961,1
357155,1
357155,3
386631,1
386631,3
357191,3
357191,4
177478,8
177478,11
370500,8
522302,1
522369,1
522363,1
75466,6
156750,2
156750,4
156750,8
33641,2
33642,2
299200,1
138571,3
138571,8
114783,3
114783,8
139746,3
139746,8
79617,3
97861,1
95502,1
114518,3
114518,8
103654,3
103654,8
63624,3
63624,8
269032,1
374554,1
374554,8
382882,1
382882,8
53919,1
209435,1
268693,1
298099,1
227635,1
500157,1
518050,1
518050,3
518050,4
293226,1
268691,1
502933,1
518030,1
518030,3
518030,4
293224,1
268694,1
268692,1
271199,1
61809,6
50017,2
67051,2
371558,2
60980,11
81092,2
51884,2
51884,11
42409,2
115798,2
115798,11
325291,3
87496,3
68335,3
8425,3
227921,3
8427,10
190075,10
22657,1
8432,3
227924,3
344792,3
115859,3
81353,3
93771,3
93771,4
237026,3
170372,3
170372,4
103938,3
103938,4
103422,3
78054,3
184709,3
184709,4
56756,3
56756,4
87079,3
203361,3
55534,3
66774,3
99462,3
307609,3
283492,3
94886,3
184710,3
184710,4
154918,3
8451,3
8451,4
336033,1
336034,3
350376,3
345673,3
255217,3
255218,3
321973,1
95796,1
95796,8
97979,6
59821,1
59821,8
238975,1
238975,8
244809,1
244809,8
368805,1
368805,8
206635,1
206635,8
524377,1
244718,1
244718,8
8471,6
34004,1
34004,8
61168,1
154425,3
154425,1
269593,1
269593,4
298042,1
298042,3
53769,1
79853,1
137007,1
99914,4
203934,1
96273,4
346193,1
346193,3
34041,4
113871,1
43469,1
23595,1
376298,1
8494,1
165738,1
75409,1
169234,1
8501,1
8501,8
182329,1
34062,1
169611,1
202894,1
322935,1
322935,8
91924,1
8536,1
99522,1
8545,1
55949,1
8555,12
155707,1
249463,3
285403,1
325316,1
8557,1
8557,3
8559,1
227952,1
517230,1
117112,4
104099,1
104099,3
253126,3
75843,1
299945,1
104100,3
300115,1
227954,1
517620,1
155705,1
163754,1
55883,1
209893,1
163835,4
374257,3
360600,3
504462,1
504749,1
114544,1
114544,3
67592,3
517373,1
251078,3
226385,3
114545,3
211135,3
178913,1
50393,1
50393,3
83874,3
347759,3
302225,3
368697,3
502760,1
502760,3
377079,3
307007,3
374412,3
503022,1
503022,3
8565,3
149997,3
378101,1
378101,3
126064,3
59822,3
110742,3
70224,3
300824,3
252904,3
273949,3
41349,3
306311,1
306311,3
271400,3
367758,3
319554,3
268757,3
308117,1
308117,3
300618,1
238690,3
317650,3
317650,1
336024,3
277435,3
88740,6
53983,3
237717,3
89935,3
39193,3
174589,3
358489,3
97834,1
170225,1
317371,3
182992,3
91426,1
99212,3
93264,1
501607,3
501773,3
501892,3
503605,3
503685,3
193319,3
503074,3
503196,3
174602,3
501535,3
21469,3
69079,3
501922,3
502802,3
335915,3
503442,3
503342,3
502794,3
503131,3
502220,3
502009,3
501668,3
503036,3
502691,3
502610,3
151782,3
537415,3
502692,3
52233,3
135964,3
81326,3
102917,3
504733,3
335930,3
98330,3
298847,3
94697,1
503643,3
93841,1
503674,3
503142,3
501533,3
212685,3
502294,3
501725,3
501441,3
300219,3
504411,3
501710,3
502411,3
520392,3
502968,3
103015,3
501819,3
501796,3
74603,3
68215,1
68215,3
502039,3
503330,3
212695,3
501765,3
102998,3
228902,3
174612,3
222325,3
503622,3
504685,3
502408,3
502832,3
503518,3
503649,3
501878,3
501722,3
89831,3
502927,3
501930,3
501515,3
61027,3
503093,3
251016,3
501788,3
350705,3
501823,3
503205,3
502160,3
503280,3
501857,3
198942,3
501762,3
503694,3
504814,3
502383,3
501621,3
111799,3
503625,3
78840,3
503345,3
504050,3
503257,3
86276,3
87789,3
138856,3
111427,3
183045,3
502462,3
131687,1
502084,3
502627,3
502190,3
78579,3
502961,3
501891,3
502887,3
153160,3
502109,3
502349,3
502457,3
501669,3
253084,3
169101,3
537414,3
8616,3
115201,3
39179,3
8622,1
67839,1
39183,3
47208,3
8632,3
46940,3
40501,6
40501,11
307724,3
280856,3
352428,3
360627,3
297269,3
360721,3
248769,3
211139,3
382316,3
382316,11
212181,3
512063,3
361715,3
334679,3
360689,3
40504,3
336391,3
178487,3
167041,3
78310,1
78310,11
294672,3
359846,1
50176,1
296144,3
306923,1
306924,1
306927,1
360698,1
361083,1
296148,1
49653,1
296155,1
363371,1
382309,1
515219,11
8755,3
8779,12
115330,3
116766,3
118029,3
313759,3
263471,3
297757,3
332848,3
349782,3
182116,3
152390,3
209341,3
517249,3
357429,3
328110,3
194043,3
169872,3
70522,3
376031,3
251158,3
376032,3
127153,3
94408,3
45679,3
148447,3
68385,3
85432,3
183963,3
321458,3
251161,3
376033,3
180723,3
510470,3
238107,3
321459,3
127154,3
238108,3
99430,3
368926,3
75241,3
40664,3
70590,3
89694,3
95503,3
238111,3
112056,3
297759,3
69236,3
238112,3
104462,3
95375,3
252311,3
343546,3
332855,3
343547,3
255689,3
96584,3
524620,3
198403,3
298786,3
96567,3
209108,3
305846,3
56733,3
281927,3
251182,3
209346,3
343548,3
272332,3
104937,3
306667,3
76476,3
201512,3
368826,3
43603,3
251185,3
217086,3
316711,3
298787,3
68072,3
332859,3
326490,3
321468,3
375544,3
281935,3
237393,3
524373,3
298789,3
251190,3
136768,3
44296,3
209352,3
305130,3
196466,3
73472,1
102822,3
298790,3
45620,3
169519,3
196467,3
300333,3
125913,3
111098,3
209110,3
192989,3
217088,3
254268,3
53485,3
191794,3
263357,3
100020,3
316807,3
89394,3
137261,3
64028,3
40686,3
73603,3
127158,3
332863,3
251202,3
57497,3
111213,3
238120,3
253089,3
372745,3
209355,3
180730,3
316713,3
209010,3
343551,3
210814,3
136769,3
222188,3
306677,3
524523,3
381623,3
332868,3
332869,3
222190,3
56691,3
306679,3
102561,3
182422,3
291276,3
40689,3
71683,3
90814,3
252189,3
154859,3
93235,3
237396,3
73074,3
251206,3
306682,3
237397,3
193254,3
332876,3
524365,3
209359,3
40629,3
43150,3
81654,3
81655,3
176094,3
82812,3
89145,3
524486,3
222194,3
127159,3
54942,3
64451,3
78811,3
321474,3
238123,3
114982,4
148451,3
66620,3
245944,3
524570,3
105120,3
357433,3
115334,3
151878,3
237400,3
281949,3
124518,3
367630,3
251295,3
332880,3
52738,3
272365,3
372749,3
526129,3
372751,3
517575,3
372752,3
56341,3
84608,3
524345,3
332884,3
66721,3
251305,3
299454,3
75686,3
222197,3
251306,3
306689,3
269540,3
45064,3
51481,3
248930,3
167636,3
93490,3
217089,3
332888,3
95806,3
270290,3
176982,3
524391,3
238132,3
501566,3
116793,3
209385,3
222362,3
222199,3
298801,3
169239,3
222201,3
222203,3
193256,3
222206,3
305186,3
305188,3
251327,3
272392,3
370786,3
251333,3
193012,3
180738,3
182423,3
332895,3
151883,3
365967,3
332897,3
202547,3
251337,3
299460,3
111763,3
313783,3
115335,3
78764,3
306366,3
167641,3
46328,3
196833,3
180291,3
306698,3
251343,3
344470,3
58568,3
290831,3
196834,3
116797,3
96131,3
151885,3
98247,3
136774,3
208886,3
222213,3
222365,3
148454,3
209389,3
209390,3
332903,3
82485,3
281965,3
237404,3
270304,3
127165,3
286554,3
286555,3
300623,3
524513,3
184072,3
64893,3
251351,3
66046,3
92830,3
251353,3
44783,3
526051,3
116798,3
96616,3
99863,3
93212,3
332904,3
524390,3
109078,3
316808,3
251362,3
196835,3
305588,3
251363,3
270305,3
84712,3
222367,3
315975,3
373669,3
238149,3
252336,3
334804,3
115336,3
116802,3
315976,3
169882,3
182424,3
193019,3
272422,3
504197,3
45420,3
184051,3
270308,3
63985,3
180155,3
184061,3
127708,3
75292,3
383349,3
104469,3
343568,3
91937,3
332913,3
47479,1
524439,3
140106,3
272427,3
62334,3
196474,3
116805,3
129367,3
332914,3
298817,3
47200,3
97610,3
70177,3
127170,3
306709,3
349792,3
114987,3
517265,3
291709,3
525599,3
524512,3
524346,3
332917,3
524532,3
332919,3
343569,3
334656,3
77477,3
115337,3
97688,3
382491,3
149017,3
238154,3
372756,3
212303,3
316722,3
251396,3
350692,3
239644,3
316723,3
237414,3
365708,3
50136,3
85672,3
281986,3
102320,3
99523,3
504149,3
332926,3
239646,3
299465,3
127711,3
180752,3
270314,3
92669,3
136780,3
116807,3
283448,3
222223,3
237417,3
98629,3
196475,3
299466,3
252218,3
374778,3
222227,3
332929,3
209392,3
332930,3
239647,3
238158,3
137026,3
526385,3
501691,3
237422,3
365710,3
381632,3
98780,3
94923,3
48868,1
222230,3
365713,3
212791,3
254805,3
251358,3
524468,3
343572,3
78177,3
332932,3
281994,3
524530,3
238163,3
376178,3
91244,3
366046,3
351025,3
251427,3
166270,3
40754,3
46218,3
115339,3
103466,3
167610,3
272446,3
251433,3
70664,3
76898,3
81465,3
57980,3
72209,1
169238,3
69151,3
57528,3
223844,3
95992,3
78658,3
48526,3
65631,3
67622,3
193777,3
94931,3
91303,3
222222,3
149012,3
180735,3
175444,3
70178,3
223863,3
108594,3
8829,3
195150,3
113086,3
8803,3
8805,3
8807,1
126008,3
523901,3
73531,3
64064,3
64109,3
69718,3
55713,3
48869,1
223870,3
8813,3
336621,1
97035,1
50823,3
8815,3
40609,3
8818,3
40614,3
40621,3
8821,1
129315,1
530741,1
46814,1
58129,1
8823,1
209828,3
99289,3
195605,3
85092,3
223875,3
40643,3
56770,3
42597,3
81909,3
89658,3
81884,3
8838,3
155427,3
40652,3
62141,3
84220,3
251944,3
113867,3
40633,3
112271,3
40635,3
8830,3
220816,3
305885,12
305885,6
8842,3
133263,3
90526,3
125492,3
90257,3
137936,3
101803,3
125577,3
40764,3
133841,3
85860,3
81284,3
8871,1
220528,2
208535,2
338884,1
365152,1
176518,1
176517,1
285446,1
338885,1
376887,1
376361,1
517106,1
171312,1
151346,1
44501,1
192167,1
307590,1
327475,1
307591,4
351312,1
139936,1
90491,1
209101,1
211817,1
41560,1
78075,1
219212,1
54699,1
361720,1
381355,1
358846,1
383683,1
383686,1
374250,1
356498,1
294939,1
160517,1
209442,1
211760,1
296749,1
296748,1
340894,1
45614,1
326918,1
328295,1
280234,4
139938,1
180569,1
139937,1
361719,1
294425,1
363803,1
381356,1
387744,1
376896,1
219366,1
385204,1
346060,1
387785,1
387756,1
387757,1
387758,1
506800,1
387749,1
387750,1
387751,1
387753,1
387752,1
387754,1
387755,1
365171,1
386586,1
360966,1
345737,1
383692,1
360539,1
388606,1
387773,1
387763,1
387762,1
387766,1
387764,1
387761,1
387770,1
387765,1
387772,1
387771,1
345759,1
387786,1
387784,1
375037,1
376383,1
361018,1
273061,1
316898,1
211203,8
275589,8
221150,1
245189,1
523297,1
502864,8
308251,8
133988,1
523296,1
501941,8
275591,8
273066,8
143296,6
143296,9
143296,5
357105,3
357107,3
357092,3
357094,3
357084,1
357097,3
357042,1
522574,1
522446,3
522787,3
364379,1
373084,1
348590,1
375248,1
89832,1
227245,1
219910,1
219910,6
194415,1
194415,6
230543,1
230539,1
61269,1
273669,1
380499,1
368955,1
374022,1
378982,1
8987,1
115271,1
134782,1
121974,1
70475,1
223914,1
132862,1
124384,1
8997,1
331251,1
100043,1
238695,1
296567,1
375189,1
318329,1
40888,1
311260,3
125423,1
309440,1
309439,1
9021,3
75395,1
328566,1
353140,1
305544,1
305346,1
357671,1
333830,1
115250,1
178180,1
277041,1
277041,6
263233,1
263233,6
230544,1
358686,1
328567,1
230540,1
350655,1
305543,1
333829,1
255604,1
89802,1
272932,1
349741,1
320189,1
308123,1
9155,1
369542,1
326263,1
9156,1
118047,1
232013,3
87020,3
79806,1
9170,3
9171,1
9172,4
9173,1
190939,1
9176,1
41187,2
69124,2
212353,2
212353,11
226045,2
226045,11
76498,2
208965,2
310796,1
238650,1
43900,1
41191,1
264264,3
43848,3
525038,3
176549,4
73511,3
371577,3
86281,3
217350,3
217350,4
526087,3
79028,1
180181,3
180181,4
141522,3
525985,3
525982,3
147638,3
147638,4
164862,3
58315,3
141556,3
141556,4
58709,3
58709,4
124557,4
98796,4
318209,3
369625,3
369625,4
80234,3
525709,3
151492,3
333930,3
524497,3
525815,3
82241,3
162548,1
525190,3
69551,3
131200,3
131200,4
104657,1
210573,3
210573,4
71550,3
64287,3
64287,4
170815,3
51275,3
54346,3
48216,3
526056,3
318178,3
76770,3
337424,3
525965,3
42148,3
42148,4
103916,3
103916,4
104205,3
266236,3
526019,3
525938,3
525730,3
263462,4
105631,3
105631,4
102052,3
220920,3
77747,3
77747,4
103513,1
371575,3
264270,3
141031,1
162544,1
242346,4
242254,4
231580,3
316150,3
59121,3
384881,3
150841,1
267786,3
50551,3
172712,1
264206,3
183260,1
115141,3
267567,3
104730,3
9233,3
77546,3
218340,4
80685,3
80686,3
9257,4
369629,3
84612,1
47762,3
207511,3
315898,3
141764,3
47763,3
9336,1
236723,3
21175,1
255154,4
71966,3
71966,4
47295,3
47295,4
92671,3
223997,3
384649,3
384649,4
384656,3
119246,3
65310,3
9362,3
162539,1
9375,1
76930,3
46071,3
155214,3
311370,1
119587,1
517161,3
517161,4
124673,1
9430,1
244112,1
255997,1
255998,1
255999,1
127462,1
9432,1
9433,1
9517,3
53283,3
237438,3
234191,3
9520,3
268060,3
59504,1
69692,1
256174,1
63926,1
9651,2
315339,3
28154,3
285594,3
193263,3
361196,6
361196,11
180419,3
9729,3
9728,3
353999,3
59930,1
89897,3
67749,1
517605,3
155732,4
85051,3
235124,3
235124,4
168895,4
115119,12
54264,3
103627,3
275412,3
196053,3
293682,3
296951,3
135728,3
51741,1
72005,1
43954,3
116014,3
89834,3
42983,3
247937,12
68817,3
82335,3
292943,3
292943,4
59984,3
259070,1
64139,1
55283,3
246325,3
292990,3
104391,3
59931,3
294393,3
226830,3
61001,1
115125,1
75711,3
211664,3
65161,4
313983,3
216384,3
125447,3
9751,12
178496,12
294395,12
294394,12
194962,12
97720,12
9753,4
283086,3
283086,12
72006,3
9755,4
283166,4
283167,4
211633,3
283170,4
283177,4
213855,3
306216,3
9756,12
283226,3
283235,4
81043,3
81043,12
91833,3
283242,3
283242,12
98604,3
98604,12
115126,1
9764,3
9764,12
304579,1
129328,1
189322,3
125730,3
54706,3
211647,3
283258,3
283258,4
211625,3
9759,3
9759,4
514382,1
59705,2
195120,6
121221,6
121225,6
307102,6
159513,6
31424,6
300935,6
72666,6
58985,6
93299,6
138066,6
112207,6
9812,6
51742,6
98954,6
139756,6
307909,6
56553,6
62585,6
89934,6
189437,6
62586,6
61544,6
296624,6
90876,6
125071,6
293049,3
293051,3
384463,3
293050,3
312637,3
343625,3
511679,3
386139,3
512224,3
299979,3
368980,3
336890,1
280114,1
500126,7
61662,2
81171,1
48530,2
500132,1
143508,1
197137,1
154254,1
114784,1
171337,1
102095,1
224055,1
143253,1
269954,1
214892,1
112836,1
121858,1
143252,1
9878,1
224056,1
143254,1
225995,1
175773,1
138243,1
224058,1
165968,1
209784,1
93234,1
228771,1
103385,1
181157,1
103631,1
189898,1
330081,1
159826,1
50856,1
367368,1
287460,1
67017,1
182431,1
96353,1
296823,1
295408,1
45459,1
178588,1
322103,1
112022,1
116721,1
99904,1
120606,1
166621,1
178590,1
239000,1
117184,1
162629,1
42824,1
138090,1
260645,1
281020,1
282089,1
9880,1
378937,1
239747,1
60876,1
60876,8
72564,1
72564,8
108219,1
9881,1
212225,1
9883,1
241885,1
231665,1
226011,1
500316,1
116831,1
24039,1
521383,1
151673,1
192434,1
278256,1
212226,1
322028,1
287697,1
117267,1
220595,1
41930,1
379710,1
41929,1
93937,1
121860,1
318853,1
251862,1
209445,1
124546,1
239755,1
239758,1
521317,1
374732,1
73305,1
196842,1
9886,1
184589,1
128414,1
46748,1
61784,1
209514,1
120605,1
66304,1
226537,1
380267,1
386174,1
386170,1
380266,1
380268,1
380269,1
178484,1
197122,1
344274,1
124933,1
533248,1
225994,1
106372,1
110059,1
515236,1
356137,1
363674,1
363675,1
45869,1
338067,1
197139,1
74019,1
55964,1
337170,1
229295,1
359092,1
201924,1
44035,1
181158,1
160534,1
536029,1
351531,1
334815,1
363783,1
334816,1
44515,1
322105,1
335522,1
361004,1
139853,1
194008,1
361091,1
358854,1
66305,1
24487,1
73623,1
84881,3
9940,1
9943,1
290519,1
56674,6
22409,1
58195,1
118420,1
9993,4
314038,3
324038,3
332833,3
316211,3
128981,3
61421,4
98781,3
57020,3
316209,3
154281,3
237090,3
162012,3
224074,3
211812,3
86436,3
317730,3
322498,3
107270,3
345376,3
373125,3
511691,3
333309,3
141837,3
351039,3
180315,3
85624,3
77687,3
373126,3
315674,3
75550,1
75550,3
75550,8
241273,1
109141,3
246623,3
52559,3
52559,4
10030,4
61886,3
61886,12
57081,4
57081,3
248921,12
269913,12
190407,3
190407,4
10066,3
10066,4
23471,12
341777,1
341773,3
341773,4
10067,1
10068,1
349237,12
10069,12
249456,12
249455,3
249455,4
236033,3
236033,4
50199,3
50199,4
341772,3
341772,4
221771,3
99394,3
221770,3
284744,3
368653,3
86178,3
83179,3
83179,4
115651,3
115651,4
78582,3
10083,3
89107,3
273635,3
167792,3
255128,3
90290,3
368982,3
209094,3
23892,3
238847,3
99437,3
224098,3
159574,3
118995,3
118995,4
162475,3
162475,4
76660,3
188451,3
224102,4
177199,4
324515,4
371206,3
306493,3
334987,4
58461,4
258007,4
372161,4
271770,4
89734,4
10261,4
10293,4
306806,4
94680,4
10303,6
383385,1
65820,6
65820,11
74338,6
74338,11
146013,12
317140,3
281774,3
116101,1
10407,4
204274,4
506642,3
506861,3
288035,3
350021,3
343013,3
506658,3
506684,3
10421,6
10421,11
537773,1
537773,3
537847,1
537847,3
129344,1
129344,11
10471,2
45804,2
367316,1
367316,8
53380,1
53380,8
138715,2
138715,11
288063,2
286758,2
23449,8
23449,11
53568,2
53568,11
181408,2
44861,2
291834,2
372766,1
372766,8
372767,1
372767,8
135736,1
245955,1
195473,11
53381,11
309331,11
309331,8
80172,1
197925,1
197925,8
130635,1
130635,8
53382,11
53382,8
75141,11
75141,8
309330,11
309330,8
57652,1
243725,1
149024,1
149024,3
359117,3
359117,4
273952,3
273952,1
345249,1
345249,3
178067,1
178067,3
175171,3
175171,4
72322,1
72322,3
181278,3
104186,3
104186,4
315846,3
315847,1
315847,3
512402,3
512402,4
512471,3
512471,4
512022,3
512022,4
512322,3
512322,4
512440,3
512440,4
84968,1
84968,3
343912,1
343912,4
156103,3
156103,4
307913,1
307913,3
505277,1
176495,1
176495,3
512124,3
512124,4
101412,1
101412,3
57956,1
525933,1
525933,3
526033,1
526033,4
239009,3
239009,4
318544,1
10573,3
10573,4
227337,1
227337,3
234078,3
125099,3
125099,1
125099,4
358865,1
46652,12
46652,3
115653,6
265859,1
10629,8
270732,6
270732,11
103682,6
103682,11
139123,6
139123,11
47321,6
372606,6
504101,6
10634,1
10636,3
10637,1
10643,3
73153,3
505490,3
298920,4
297900,4
294564,4
10748,10
131022,6
131022,8
65967,6
65967,8
194589,6
194589,8
22851,6
22851,8
23752,3
24175,3
324977,3
507376,1
507100,1
10796,1
69790,1
81733,1
507369,1
10799,4
146760,1
110775,1
332167,1
131019,3
128292,3
10874,6
10874,5
291777,6
291777,5
184716,1
240676,1
47911,3
47911,8
10926,2
294754,3
345852,3
285972,3
177869,3
237941,3
247635,3
176696,3
11031,6
11031,8
74809,3
74809,6
74809,8
11042,3
270955,8
369628,8
116500,8
360280,3
166960,1
166960,3
169023,8
219314,1
75995,10
145927,10
150183,1
344996,8
343906,8
121879,8
121879,4
150202,1
155859,1
272084,3
41243,3
331643,6
102199,1
121888,1
59138,1
218842,3
218842,1
369463,1
44984,1
344999,4
344999,8
169163,3
169163,1
253435,4
253435,8
155861,1
155862,1
145938,3
145938,1
319081,10
155860,1
138941,10
166195,8
166195,4
140130,10
132229,8
135284,10
104608,8
104628,10
381666,4
381666,8
150185,4
150185,8
354446,8
62732,1
325018,3
251695,3
55098,1
125100,1
326142,1
326142,3
11144,1
81058,1
11156,1
280994,1
212867,1
212868,1
184093,1
33976,1
252420,1
359529,3
155419,1
352744,3
175634,3
11157,1
140139,1
285762,3
285762,1
285762,4
116018,1
118188,1
518426,3
104385,1
111158,3
272758,1
373189,3
163836,1
73460,1
154637,1
118737,12
80383,12
154638,1
177291,3
181226,1
359902,1
63387,1
63119,1
137370,3
528138,1
528138,3
367784,3
189436,3
189436,4
54584,12
369126,3
224270,1
155479,1
224271,1
271977,1
102670,1
86196,4
74617,3
81059,3
316297,3
316297,12
372179,3
519222,3
76328,1
99154,12
170737,1
108680,3
357500,3
153123,1
90406,1
212873,12
87808,12
11169,3
11169,12
115804,3
115804,12
239392,12
48168,12
59229,12
78820,12
78272,12
62132,3
62132,12
300063,3
300063,12
129087,3
129087,12
317187,3
317187,12
118189,3
118189,12
63236,12
70206,12
84795,3
116632,3
116629,3
382290,3
11183,3
104429,1
104429,3
251574,1
251574,3
251489,3
74037,1
74037,3
176763,1
176763,3
45229,3
350772,3
168686,3
504324,3
345382,3
67712,3
57233,3
210325,1
210325,3
193276,3
168925,3
381649,3
118745,3
116630,1
116630,3
151338,3
64957,3
298926,3
73885,3
47116,1
47116,3
105730,3
54222,3
196500,3
349804,3
387951,1
387951,3
248973,1
248973,3
379765,3
120049,3
196306,3
187272,3
255056,12
194348,12
194033,12
11285,6
107606,6
46121,6
11303,4
512144,1
512144,8
101416,1
73449,1
353068,1
353068,4
350961,1
350961,4
511386,1
511386,8
212231,2
318630,3
324098,9
95546,11
84380,11
11444,11
57664,11
57665,11
67511,11
326813,2
172554,2
105203,2
380557,1
323957,1
191883,3
362679,1
325600,1
345710,1
179401,1
44467,1
44467,3
351090,1
217093,1
217093,3
226779,1
11491,1
322096,1
351091,1
81198,1
79562,1
134887,1
221236,1
113967,1
516929,1
516930,1
295410,1
11498,1
336046,1
336046,3
131448,1
131448,3
212042,1
212042,3
138642,1
362799,1
48633,1
53403,1
11503,1
362753,1
362753,3
115211,1
115211,3
520660,1
520660,3
180796,1
180796,3
219487,1
219487,3
74642,1
114397,3
220192,1
220192,3
360438,1
522073,1
204075,3
166318,1
166318,3
380559,1
522084,1
367786,1
511674,1
505048,1
327589,8
350023,1
224378,1
324526,8
505047,1
511311,1
26079,1
58296,1
304353,1
283373,3
283372,3
67591,9
67591,5
500127,9
500127,5
117765,9
117765,5
96475,9
96475,5
526291,5
526291,9
100066,9
100066,5
138201,5
138201,9
97205,9
97205,5
90608,9
90608,5
90180,9
90180,5
95293,9
95293,5
167616,5
167616,9
48821,9
48821,5
64146,9
64146,5
92044,9
92044,5
90395,9
90395,5
137688,9
137688,5
89650,9
89650,5
11627,9
11627,5
160021,9
160021,5
522708,4
11643,1
11644,12
256792,12
315863,8
195627,8
160040,3
160040,5
224387,8
85496,8
218722,3
218722,5
11725,3
336819,6
129497,3
103918,4
116637,4
82688,4
386670,3
386441,1
386548,3
386546,1
386546,4
386413,3
386671,3
386549,3
386547,1
386547,4
229845,6
226507,6
224389,4
523653,3
523653,8
99699,1
99699,8
11820,3
11834,3
11834,12
11835,3
11835,12
175258,3
175258,12
20593,3
20593,12
60746,11
120496,11
256139,11
178001,3
54017,1
171119,1
171119,3
160130,1
160130,3
11923,1
521484,11
521484,3
183502,3
61723,1
61723,3
11998,1
63319,1
75739,1
67961,1
67961,6
50940,1
50940,6
224413,1
87841,1
269958,1
269958,6
57146,8
46928,8
75740,8
74060,3
126285,3
85723,3
12084,3
181263,1
181263,8
12104,3
124580,1
124580,3
137988,3
63688,1
63688,3
342470,3
219550,3
137989,3
178427,3
336036,3
514437,3
376299,1
376299,3
178426,1
178426,8
235083,1
335193,3
250938,3
250938,1
46276,3
256827,3
251714,1
251714,8
61523,1
61523,3
315854,3
506850,1
335195,1
335195,3
53510,3
382454,1
286170,3
156070,3
212281,1
212281,3
78856,3
58808,3
219551,3
208128,3
80257,3
169144,3
383257,1
273201,1
273201,3
519452,1
183597,3
183597,1
47682,1
47682,3
198602,3
327481,3
78855,3
78855,1
273212,1
273212,3
156069,3
102456,3
345453,1
345453,3
247608,3
519429,1
343435,3
285213,1
285213,3
235959,1
235959,3
369198,1
369198,8
64147,1
64147,3
351131,1
333881,3
333881,1
183355,1
183355,3
255137,3
25379,3
235804,1
78429,3
78429,1
336407,3
251712,1
226127,3
334768,1
334768,3
344254,3
351132,1
351132,3
106302,1
333883,3
239698,3
344255,3
286188,3
286188,1
518240,1
227592,1
227592,3
506701,1
506701,3
351014,3
103128,1
103128,3
285214,3
114974,3
243054,1
243054,4
243054,3
504589,3
336692,1
103061,3
273200,3
286190,1
285215,3
367789,3
72217,3
243055,3
219555,3
286192,1
286192,3
178429,1
218455,3
270590,3
517741,1
351230,1
351230,3
307694,3
307694,1
137995,1
345744,1
345744,3
169142,3
107680,1
107680,3
359125,3
344258,3
55375,3
317607,1
317607,3
506760,1
506760,3
150812,3
235805,3
345572,3
345572,1
211212,3
375126,1
375126,3
235806,3
235806,1
286196,1
286196,3
334770,3
504697,3
95686,1
376304,1
376304,3
366850,1
367667,1
317210,1
382464,1
352756,1
116257,3
54832,1
54832,3
504236,3
368890,3
178431,3
178431,1
59610,3
351134,3
178432,1
506787,3
81993,1
81993,3
325662,3
255704,1
324843,1
324843,3
124595,3
345456,1
219559,1
219559,3
219612,1
219612,3
219609,1
219587,3
219587,1
78439,3
150565,1
180549,3
264474,3
255427,3
137403,3
12118,1
12118,3
22774,1
22774,3
345221,3
92423,3
92423,1
301189,1
301189,3
377750,1
377771,3
377771,1
72726,1
12121,1
90181,3
201461,3
217023,3
12122,1
12122,3
105784,3
12123,3
71657,1
71657,4
44414,3
56447,3
336404,3
48822,3
67669,3
326760,3
140143,3
345814,3
86572,3
72303,3
197312,3
169125,3
77696,3
104753,3
196522,3
180817,3
336405,3
94402,3
90494,3
307648,3
91110,1
66816,3
351055,3
56127,3
196521,3
196521,1
256304,3
256304,1
270591,3
46277,3
48954,3
345713,3
345713,1
343433,3
316553,3
299624,1
299624,3
212021,3
170739,3
97030,1
97030,3
317190,1
317190,3
273204,3
97776,3
345720,1
345720,3
240890,3
525768,3
90182,1
90182,3
50106,3
48823,3
74480,3
96414,3
255142,3
98148,3
307670,3
77697,1
77697,3
83829,3
49707,1
49707,3
219564,3
169133,3
98117,3
180010,3
273209,3
83446,3
95323,1
219565,1
219565,3
182524,1
86444,3
91631,1
91631,3
86445,1
172172,1
172172,3
273080,3
257119,1
257119,3
55162,3
345180,3
219605,3
374551,1
374551,3
241083,1
241083,3
76308,3
51794,3
55980,3
209581,3
353710,3
75088,1
367788,3
69149,3
93628,3
82281,3
353718,3
62802,3
72669,3
78973,1
78973,4
338295,3
70684,3
74381,1
74381,3
526222,3
228340,3
219590,3
307681,1
307681,3
353715,3
48361,1
48361,3
326771,3
58001,3
46555,1
46555,3
65050,3
252899,3
353720,3
307683,3
65744,3
219613,1
219613,3
196174,3
48228,3
52193,1
65673,1
65673,3
62462,1
62462,3
77576,1
44277,1
526187,3
44759,1
44759,3
182392,3
353714,3
118291,3
66292,3
307684,3
50713,3
151353,1
151353,4
151353,3
387689,3
182528,3
64841,1
64841,4
178579,3
182529,3
299436,3
68321,3
194122,3
74716,3
307690,1
307690,3
81360,1
81360,3
43053,1
43053,3
105107,3
175181,1
175181,3
77614,1
77614,3
52895,3
526329,3
68207,3
48747,3
333017,3
98527,1
182396,1
179879,3
345728,1
345728,3
360270,3
74883,3
151354,3
324982,3
324656,3
353717,3
526347,3
343438,3
91077,3
514440,3
54831,3
79798,3
219596,1
219596,3
99303,3
138723,3
182907,3
526427,3
526393,3
70808,1
70808,3
76779,3
333886,1
333886,4
333886,3
50553,3
525638,3
219599,1
219599,3
526368,3
86673,3
50075,3
335206,1
316055,3
299633,3
99787,3
73214,1
55698,3
112006,3
221282,3
276488,3
221349,3
228456,3
196172,3
12155,3
117522,3
272879,3
80440,1
138125,3
12159,3
97880,1
97880,3
64591,3
76397,3
76397,1
12162,1
12163,3
12164,1
12164,3
377827,3
377760,1
377760,3
62633,3
12165,1
12165,3
41555,1
79111,3
69200,3
91269,1
46400,3
99395,3
377761,3
82946,3
94318,3
91813,3
70928,3
12172,1
101426,1
47681,3
92520,3
114173,3
114173,1
12184,3
113467,3
30913,3
30913,1
12186,3
138156,3
95905,3
149090,3
149090,1
370216,3
370219,1
370215,3
228342,1
112341,1
254124,3
154643,4
226852,12
256971,3
504931,3
71459,12
168516,4
103968,4
103968,12
190013,12
73745,12
168517,12
151251,4
54562,3
47192,12
167944,12
65667,12
154394,1
154394,4
154397,1
154397,4
366038,3
366039,1
366143,1
366202,3
366223,1
366240,1
366252,3
366263,3
366267,3
366293,3
366295,1
62243,1
366382,1
366421,1
366432,1
366439,1
366479,1
366526,3
366779,1
12226,3
115223,3
215384,1
52777,1
86453,1
177519,3
117529,3
119971,3
105131,1
43341,1
53650,3
119973,3
82443,3
119972,3
77446,1
297925,1
297925,4
78636,1
86697,1
67601,1
90445,1
81954,1
113883,3
68936,1
196356,1
90926,1
114399,1
61951,3
207011,1
335167,6
12302,6
65975,2
54515,1
138793,1
196002,1
73256,1
59300,11
59740,1
12404,8
46730,1
12407,1
120465,3
41605,3
54153,1
270958,12
226853,1
270118,1
377823,3
220768,1
152375,1
154652,1
335637,3
352125,3
43921,12
358372,3
124814,12
206280,1
269612,1
74219,1
82409,12
66851,1
180619,1
70387,12
286503,12
352759,12
148123,12
175183,12
297293,3
297293,12
219230,1
275324,3
252305,12
287829,3
124815,1
124815,4
342460,3
367794,3
342444,3
342471,3
342446,3
331608,3
12420,1
357800,1
169213,1
230693,1
72803,1
71081,1
209638,3
126896,1
511813,4
162405,1
162411,1
108181,4
181781,1
338228,3
85008,4
86031,3
153664,4
154660,3
520444,1
226313,3
12479,3
211890,3
211890,1
12486,1
80589,1
12538,1
120479,1
120479,10
93157,1
113482,4
113482,1
272061,1
285603,4
285603,1
193571,4
193571,1
12557,1
382856,1
382856,3
382856,4
286110,4
286110,1
128953,1
374260,4
374260,1
228635,4
228635,1
135978,1
526310,1
526310,3
526310,4
371678,1
12559,1
307114,3
325217,1
331067,3
181707,11
277086,3
227588,3
65281,6
75763,9
75763,5
96291,3
351723,3
42825,3
255072,3
269613,3
131255,3
127367,3
194464,3
241008,3
298051,3
272766,3
378691,3
125923,3
85609,3
280692,3
197323,3
290508,3
303222,3
349529,3
322501,3
378694,3
378692,3
227901,3
370467,3
317217,3
378696,3
297890,1
289036,3
272767,3
324993,3
254119,3
47239,3
324549,3
285604,3
317218,3
521885,3
152215,3
325879,3
378695,3
378693,3
279840,3
54730,3
60829,3
60829,7
54731,3
61373,3
56675,3
75232,1
50280,1
514444,1
61968,3
514446,3
514447,3
514448,3
514449,3
514451,3
378689,1
152665,11
152666,3
516934,3
260261,3
198567,3
297746,3
179854,3
180347,11
290134,3
284213,3
254537,3
115227,3
136500,3
327890,1
31413,1
124363,1
12592,3
370734,3
330231,3
522501,3
259202,4
63940,12
70149,1
12621,2
12624,3
505239,1
55453,4
69147,1
69147,2
521192,1
521192,4
522955,1
505567,1
363926,1
505569,1
325017,3
62471,1
86218,3
108679,1
32999,3
193574,1
47685,1
12705,3
12706,3
72387,3
365342,3
30469,3
504627,3
504483,3
504581,3
156991,4
504193,1
504193,6
521744,1
521744,6
517501,6
517501,11
368075,1
368075,4
374744,1
374744,4
368076,1
368076,4
368077,1
368077,4
351159,3
115230,3
153783,1
153783,4
198574,1
198574,3
76459,4
300118,3
248770,3
129581,1
162920,4
369388,4
369389,4
504392,3
504871,3
51655,1
51655,11
65254,4
127495,4
137061,4
77354,1
221402,1
12736,3
297961,4
270751,4
184194,1
342472,4
364324,4
373252,4
373251,4
386581,4
364328,1
364329,4
86095,3
323082,4
274789,1
274788,4
273504,1
243651,4
83962,3
53534,4
66975,3
352761,4
378879,3
95904,3
272626,4
180977,1
168754,1
127975,1
271617,4
135620,3
302645,4
302644,4
302642,4
319455,4
339525,4
302336,4
302337,4
521628,3
115977,3
66128,4
133946,4
201130,1
68294,1
61049,1
184212,1
184212,4
76550,1
76550,4
365344,3
157540,1
53756,3
265983,1
79413,1
265905,1
265905,4
324598,3
83648,3
189910,3
116710,4
103438,4
194802,3
265931,4
352923,1
352923,4
116258,1
116711,4
102676,4
137060,4
45853,1
126537,3
135981,4
169699,3
345386,4
521511,3
137804,4
70595,1
70595,4
239939,1
239939,3
124194,3
124195,1
124195,4
182483,4
109797,3
124493,3
103092,1
368876,1
368876,4
61163,3
307597,1
307597,4
81181,1
78121,3
522164,3
272938,3
265996,1
266000,4
138707,4
211841,4
132316,4
265998,1
344278,4
352924,1
352924,4
297720,4
178583,4
180317,3
85237,3
126149,1
102609,1
102609,4
265961,3
107669,3
44750,1
44750,4
323548,4
374355,4
302648,1
302648,4
47632,4
63893,4
282539,3
522161,3
184228,1
137059,1
180338,3
135983,1
359135,4
360603,4
294052,4
336541,4
337439,4
293364,4
108730,3
374717,4
359129,4
359130,4
382547,4
359138,4
359131,1
359132,4
359133,4
369801,4
48001,4
53119,4
297431,4
337440,4
306907,4
337438,4
306909,1
306911,1
306783,1
275011,1
265997,4
271355,1
337446,4
337447,4
315614,4
335207,4
333874,4
376802,4
325497,4
345271,4
325498,4
369387,4
335208,4
358734,4
315616,4
315617,4
337450,4
337454,4
242448,4
48786,12
48786,3
118317,3
306942,4
184224,3
302917,1
135032,12
92561,1
181743,1
296131,3
196496,1
194514,3
110096,3
139777,3
50814,3
95494,3
191817,1
239766,3
111761,3
105627,3
202704,3
312816,3
279230,3
182572,1
64059,1
282072,3
263228,3
533583,1
224528,3
12789,1
224530,3
104392,3
136359,1
69760,1
12792,1
228860,1
378946,3
241259,3
135026,3
12796,3
88989,3
327060,3
198064,1
198064,10
240243,1
240243,3
238095,1
238095,10
253050,1
253050,10
60191,1
229219,1
229219,10
178006,1
178006,10
169773,1
135878,1
211766,1
211766,10
211767,1
211767,3
208003,1
208003,10
207822,1
207822,10
211768,1
211768,10
213681,1
213681,10
213683,1
213683,3
213685,1
213685,10
80983,1
49912,1
140496,1
224532,1
107226,10
97696,1
136024,1
67810,1
239768,1
239768,10
178043,1
211526,1
211526,10
204171,1
204171,10
211922,1
211922,10
271624,1
271624,3
89633,10
53953,10
195409,1
195409,10
198063,1
198063,10
202691,1
202691,10
202692,1
202692,3
202693,1
202693,10
12840,6
12840,11
12872,1
307924,1
195428,1
67602,1
275613,1
92728,1
128171,1
271625,1
44249,3
336543,4
12882,1
61622,1
374967,3
374973,1
69398,6
331667,6
13027,6
73547,3
13033,3
374947,3
386376,1
382519,1
196605,1
353150,1
362266,1
361060,1
103696,1
142963,1
139791,1
134283,1
282520,1
62003,6
166961,1
142903,6
49223,6
105029,1
178713,1
103522,1
115234,11
13373,11
355000,4
343943,4
23177,3
98849,3
20664,3
22599,3
66375,3
52427,3
142051,3
180012,11
13422,6
245049,9
245049,5
13433,3
13426,3
13432,3
245048,3
88101,3
13435,3
13436,3
13437,1
245060,3
13440,3
235972,9
235972,5
351223,8
152139,6
112205,6
21323,8
86886,6
280300,3
13467,6
196348,6
361682,3
25900,1
75490,12
42341,1
526455,3
190904,3
25908,1
286115,3
99438,3
240127,1
131430,1
131276,3
92030,1
46445,3
235462,3
263577,3
54002,1
239601,3
100526,3
100538,3
91521,3
257115,1
65505,3
226736,3
51071,3
68007,3
99907,3
53825,3
290516,1
224635,1
104401,3
97436,3
50341,3
13558,1
224639,3
224643,3
331838,3
13572,3
285877,3
372993,3
308601,3
177957,3
517318,3
72665,3
99143,1
371998,3
517317,3
308602,3
50371,3
21883,3
25565,3
224645,3
88745,3
13627,3
382437,3
76178,3
246615,3
237358,3
526024,3
525666,3
525883,3
13701,4
13703,4
43043,3
62749,3
211894,1
131274,3
13725,4
342469,3
180014,4
13757,4
208812,3
90294,4
94874,4
94875,4
199491,3
28147,3
84276,3
89056,3
131269,4
73832,3
318041,1
13938,6
79865,6
85418,6
78703,6
137142,6
206638,6
273955,6
514475,2
514474,2
514476,2
517839,1
246628,3
67248,1
135069,6
135069,3
136886,3
80191,3
232776,3
232776,1
84941,3
14154,3
270270,3
57554,3
210097,3
210097,1
89189,3
46537,3
68227,3
63980,3
63980,1
272774,1
75121,1
43173,1
380405,3
380407,3
380409,3
14364,3
50188,3
14436,3
346610,1
353996,3
353996,4
92170,1
74170,1
88793,1
88757,1
88780,1
14471,1
368081,1
224814,1
370001,1
88792,1
209744,1
126771,1
118337,1
88784,3
88806,1
118338,1
82565,1
140198,1
241741,1
87687,1
88773,1
206819,1
115167,1
118342,1
70672,1
90601,3
111116,1
15827,2
90679,4
90679,3
227436,4
201062,1
201108,1
201126,1
201194,1
533792,1
45982,1
136975,1
74152,1
142387,1
101737,1
154972,1
361589,1
135071,3
333021,1
217100,3
299784,3
299784,1
176766,1
176766,3
165759,3
217101,3
56722,3
56722,1
41732,3
41732,1
273595,1
273595,3
78837,3
530551,3
92650,3
92650,1
220836,3
170065,3
70103,3
180017,1
180017,3
15922,3
82667,1
82667,3
70111,3
209145,3
209145,1
46263,3
46263,1
169034,1
169034,3
330688,1
153027,1
263284,8
295595,1
225069,1
194037,11
530419,1
98002,1
77305,1
352484,1
93372,1
268811,1
225070,1
225071,1
126439,1
97335,1
225072,1
56724,1
97980,1
225073,1
154871,1
48937,1
249247,1
182650,1
98425,1
90851,1
249248,1
90626,1
80961,1
69651,1
127627,1
129649,1
171608,1
95394,1
93573,1
385159,1
83411,1
311466,1
365398,1
55837,1
146456,1
146456,2
142562,1
278484,1
197881,1
187173,1
127514,1
127514,2
328379,1
122279,1
284459,1
234433,1
126714,1
139208,1
128510,1
112566,1
311385,1
126885,1
122147,1
118572,1
150372,1
378512,1
175910,1
284463,1
142409,1
219921,1
127552,1
175914,1
171742,1
202444,1
279490,1
159337,1
129261,1
238533,1
175908,1
302147,1
130432,1
127532,1
128712,1
279489,1
131341,1
142271,1
128117,1
129763,1
341441,1
112567,1
128766,1
319486,1
319492,1
284465,1
200913,1
187169,1
302161,1
346445,1
346445,4
353932,1
321933,1
129557,1
247519,1
319488,1
128792,1
505143,1
121823,1
128583,1
159335,1
302149,1
311187,1
129846,1
247520,1
247517,1
128158,1
126512,1
129988,1
129484,1
120975,1
238271,1
217498,1
175906,1
167449,1
302145,1
202440,1
353936,1
175916,1
139485,1
129996,1
150374,1
280524,1
129934,1
118488,1
358388,1
338882,1
167447,1
121472,1
128658,1
67663,1
67663,2
249250,1
98835,1
233267,1
175779,1
99499,1
104557,1
95135,1
127784,1
511572,1
300821,1
215567,1
353118,1
128261,1
327444,1
243578,1
284371,1
284376,1
300820,1
293318,1
320297,1
320250,1
302115,1
157588,1
319508,1
353867,1
353867,8
328817,1
339839,1
320301,1
139342,1
352939,1
157592,1
377691,1
512187,1
512230,1
512321,1
127792,1
124605,1
157594,1
142548,1
121466,1
92321,1
89947,1
384800,1
172269,1
79619,1
366247,1
47875,1
82433,1
119699,1
154872,1
67266,1
72639,1
60619,1
386830,1
522535,1
293584,1
86933,1
287790,1
183321,1
71408,1
121955,1
129777,1
139659,1
94521,1
91060,1
195679,1
50409,1
357983,1
94481,1
57990,1
49299,1
83116,1
387573,1
357263,1
119726,2
353131,1
183682,8
333000,1
522224,1
522224,2
534623,1
534623,2
357334,1
327397,1
128232,2
320254,1
522411,1
522411,2
196032,1
239091,1
175977,1
175976,1
96075,1
256375,1
256375,2
119687,1
119742,1
118246,1
127007,1
142553,1
129603,1
194347,1
249405,1
63719,1
98845,1
225103,1
59041,1
64589,1
74860,1
139441,1
121495,1
94131,1
85604,1
238538,1
92868,1
91720,1
169631,1
44915,1
93811,1
59817,1
95567,1
59142,1
99580,1
42489,1
256389,1
297775,1
96338,1
94857,1
300923,1
283538,1
386812,1
324007,1
125037,1
386860,1
256450,1
155958,1
243369,1
348267,1
155952,1
204233,1
155957,1
206694,1
537155,1
155954,1
240079,1
319993,1
237150,1
248832,1
42766,1
330917,1
129458,1
48062,1
320267,1
237509,1
129816,1
122122,1
249826,1
280898,1
117568,1
119712,1
119728,1
119695,1
119770,1
119715,1
343894,1
119780,1
126936,1
138948,1
360949,1
129542,1
124990,1
128078,1
118240,1
507851,1
121028,4
146763,1
139191,1
139187,1
139189,1
146756,1
149533,1
352948,1
89093,1
15958,10
15958,1
99894,1
91822,1
78143,1
59938,1
85439,1
43271,1
98454,1
90580,1
69440,1
99591,1
157601,1
225116,1
95476,1
89704,1
98145,1
75492,1
97741,1
86329,1
368489,1
92984,1
195060,1
159565,1
64015,1
65189,1
145162,1
145162,8
127388,1
133820,1
95758,1
51414,1
281904,1
74543,1
45398,1
202999,11
353483,1
99563,1
149532,1
96300,1
58233,1
72802,1
139421,1
139333,1
139725,1
150370,1
184653,1
253113,1
184654,1
155624,1
203370,1
243586,1
270434,1
270434,8
275548,1
119894,1
248712,1
297780,1
287494,1
288071,1
281857,1
309879,1
279196,1
306076,1
322325,1
278474,1
297778,1
290524,1
280870,1
330692,1
328174,1
334279,1
118194,1
127865,1
318080,1
311425,1
311458,1
330732,1
353130,1
336307,1
386303,1
139206,1
118412,1
127908,1
122130,1
118203,1
129523,1
505155,1
118174,1
127500,1
196033,1
225131,1
225131,2
98619,1
97204,1
214968,1
195681,1
195681,8
196685,1
302112,1
172268,1
237152,1
164764,1
128353,1
90852,1
357286,1
112896,1
172488,1
118210,1
118500,1
515462,1
129192,1
139765,1
150397,1
139600,1
150387,1
142576,1
514505,1
142579,1
139647,1
215632,1
142558,1
142582,1
142582,8
175956,1
175961,1
161047,1
128071,1
219846,1
222134,1
219206,1
128056,1
217499,1
244807,1
119689,1
290486,1
119734,1
529248,1
280370,1
302101,1
243147,1
275553,1
303194,1
322138,1
342370,1
126725,1
295759,1
303193,1
288633,1
311439,1
119738,1
121464,1
119693,1
125761,1
129661,1
97650,1
92667,1
129853,1
119754,8
119754,1
302034,1
322329,1
320258,1
126510,1
302103,1
355213,1
129779,1
119749,1
117994,1
119730,1
126838,1
126878,1
142076,1
346451,2
376697,1
376884,2
348008,1
129595,1
142084,1
128285,1
537769,1
537769,4
376699,1
131371,1
125044,1
128000,1
70899,1
73230,1
93106,1
153565,1
43018,1
263468,1
45905,1
122275,1
125614,1
293320,1
293301,2
311382,1
85838,1
352927,1
45787,1
15973,1
102960,1
290949,8
164465,1
233263,1
520030,1
100002,1
74607,1
302186,1
505182,1
85015,1
164753,1
204219,1
280375,1
139184,1
300998,1
160454,1
139527,1
142106,1
62559,1
281465,1
274890,1
69345,1
77705,1
139832,1
98587,1
154870,1
125676,1
177585,1
77605,1
77605,2
95676,1
155936,1
72923,1
119725,8
73633,1
225153,8
225153,11
214875,1
301284,1
139705,1
165892,1
198608,1
150368,1
200902,1
121905,1
125612,1
312248,1
175929,1
142109,1
312258,1
129472,1
187666,1
175928,1
118588,1
524830,1
226261,1
331372,1
127861,1
131322,1
288622,1
279486,1
279486,2
322619,1
309884,1
127663,1
127663,8
248876,1
201636,1
500667,1
312221,1
125033,1
126069,1
124732,1
125811,1
221359,1
145584,1
322620,1
365446,1
118243,1
355881,1
121454,1
226263,1
129663,1
128160,6
128705,1
171729,1
176177,1
500662,1
297434,1
39869,1
275803,1
275665,1
98084,1
322618,1
312252,1
221360,8
322617,1
142575,8
142575,11
141022,8
141022,11
126868,8
126868,11
219198,1
164449,1
121904,1
127768,1
119746,1
519358,1
126984,1
81571,1
98244,1
67529,1
95816,1
133825,8
133825,11
129785,1
72279,1
67067,1
386790,1
300822,1
254557,1
96723,1
87566,1
368083,1
345546,1
44190,1
98265,1
169024,1
129515,8
128837,1
124999,1
139758,1
142107,1
126506,1
126522,1
155618,1
128622,1
128129,1
118222,1
128678,1
78353,1
208688,1
119901,1
61588,1
72829,1
97942,1
273353,1
44632,1
96772,1
92419,1
78077,1
116986,1
318234,1
52528,1
80098,1
46606,1
256413,1
54266,1
139186,1
39942,1
116989,1
63226,1
225171,1
256416,1
352930,1
98266,1
73426,1
73427,1
98483,1
73782,1
97005,1
500933,1
500669,1
128255,8
127850,1
102909,1
74135,1
505175,1
218119,1
164796,1
162315,1
144499,1
276828,1
142187,1
129174,1
361024,1
128844,1
284797,1
145266,1
284778,1
119700,1
339437,1
128131,1
290389,11
290389,8
285463,8
285463,11
324013,1
339436,1
122247,8
127084,1
129872,1
346207,1
179630,1
128754,1
287512,1
142196,1
284791,1
145025,1
154621,1
145023,1
295227,1
129720,1
348276,1
122231,1
511821,1
71129,1
139447,1
55548,1
94618,1
352932,1
71286,1
522567,1
127502,1
98440,1
121894,1
121896,1
70367,1
46961,1
52981,1
99202,1
281813,8
96142,1
330754,1
76933,1
89471,1
99831,1
89714,1
249404,1
364062,1
321845,1
364063,1
311745,1
279264,1
145117,1
194250,11
220354,1
164805,11
145587,1
99518,1
80605,1
90084,1
91861,1
287495,1
286835,1
152994,1
187184,1
248903,1
242144,1
329193,1
47775,1
97607,1
61230,1
244848,1
121965,1
118502,1
139685,1
256440,1
300861,1
90734,1
95997,1
522349,1
522349,2
51951,1
74624,1
81971,1
112220,1
99225,1
48788,1
99558,1
183787,2
94554,1
94554,4
70715,1
64595,1
322625,1
209920,1
129883,1
145510,1
295139,1
122155,8
122155,11
139768,1
118518,1
229358,1
192186,1
128251,1
144493,1
144493,8
192207,1
240344,1
348304,1
171133,1
119722,1
139183,1
70716,6
139185,1
511828,1
129433,1
129433,8
220790,1
295141,1
348312,1
176186,1
176187,1
131355,1
388221,1
526542,1
119876,1
315622,1
65559,1
249265,1
15991,1
85999,1
57203,1
219196,1
98201,1
174063,1
48578,1
208686,1
208687,1
293550,1
44849,1
360945,1
360938,1
521459,1
353481,1
337661,1
152772,1
73126,1
263282,1
92346,1
48017,1
79711,1
73499,1
73562,1
51623,1
56151,1
216556,1
64713,1
84235,1
79151,1
71878,1
58843,1
50843,1
81646,1
66355,1
139369,1
90915,1
64682,1
55858,1
93703,1
86569,1
96432,1
81160,1
144506,1
127059,1
71836,1
75878,1
50718,1
119748,1
89567,1
39337,1
121828,1
129264,1
145180,1
87796,1
345111,1
237157,1
119751,1
51139,1
144943,1
500673,1
66106,1
43210,1
327590,1
302113,1
301491,1
337449,1
284763,1
52959,1
53142,1
230300,1
201597,1
65450,1
183508,1
187496,1
330897,1
142569,1
330900,1
380090,1
505172,1
49875,1
139182,1
139182,8
122243,1
60495,1
226511,1
209451,1
95454,1
93469,1
352942,1
52950,1
152778,1
80003,1
71907,1
42376,1
214967,1
248708,1
287951,1
287953,1
330915,1
301290,1
311696,1
280901,1
330792,1
348287,1
358010,1
380040,1
202567,1
275816,1
275818,1
236449,1
248714,1
142496,1
175964,1
139190,1
126921,1
122100,1
145112,1
129623,1
179631,1
179631,4
194266,1
128008,1
129194,1
154577,1
122255,1
145114,1
129866,1
127526,1
171766,1
43409,1
254841,1
67366,1
45187,1
357336,1
84140,1
125500,1
172267,1
49987,1
285687,1
95617,1
529377,1
139737,1
330907,1
96983,1
64512,1
288285,1
244266,1
225244,1
99035,1
330910,1
82501,1
96113,1
91371,1
341439,1
296239,1
529378,1
352944,1
533404,1
183685,1
308719,1
320252,1
349176,1
374633,1
290433,1
329672,1
157578,1
160492,1
290438,1
280700,1
275259,1
243464,1
201634,1
279753,1
341365,1
386466,1
90077,1
219208,1
297693,1
99872,1
312187,1
182316,1
40362,1
345112,1
63660,1
39643,1
253107,1
218134,1
157698,1
90790,1
248877,1
281849,1
157889,1
380041,1
349185,1
237491,1
99313,1
98534,1
192705,1
311459,1
175915,1
157633,1
90431,1
93738,1
376723,1
148192,1
98083,1
191393,1
357262,1
295596,1
164765,1
92054,1
139205,1
124603,1
53667,1
90383,1
303200,1
146285,1
155937,1
330691,1
164797,1
164786,1
264724,1
157895,1
164806,11
177605,1
110244,1
293319,1
311720,1
511257,1
331688,1
27075,1
375191,1
521923,1
180555,1
180555,4
164754,1
91485,6
49922,1
225080,1
225080,8
160493,1
89623,1
139535,1
296184,1
91695,1
139553,1
57941,1
385160,1
511384,1
175911,1
157775,1
365422,1
339459,1
155727,1
133805,1
297435,1
96230,1
236448,1
45499,8
306048,1
322622,1
230301,1
96391,1
365447,1
302102,1
376060,1
351358,1
94317,1
253108,1
320253,1
323989,1
96430,1
120533,1
273082,1
385098,1
183788,2
175965,1
117232,1
219672,1
175957,1
96536,1
112230,1
316259,1
129228,1
92167,1
72712,1
219197,1
160455,1
134314,1
165907,1
530427,1
154923,1
192745,1
507865,1
349024,1
244267,1
258871,1
537873,1
537873,4
388284,1
78976,1
121550,1
180866,8
91794,1
309258,1
91115,1
219199,1
329731,1
235499,1
139434,1
349114,1
360665,1
161059,1
120564,1
154924,1
248822,1
345533,1
312222,1
98027,1
222238,1
331702,1
270847,1
270847,2
161048,1
94820,1
290457,1
192854,1
302104,1
238282,1
287513,1
204218,1
349018,1
121903,1
375193,1
175917,1
39544,1
184509,11
241780,1
250062,8
222240,1
148992,1
170472,1
334278,1
159336,1
281555,1
515461,1
39583,1
505141,1
514502,1
320257,1
275547,1
341366,1
330916,1
139204,1
357278,1
97281,1
125501,1
237651,1
214139,1
328815,1
295760,1
133822,1
301287,1
281375,1
105135,1
191396,1
139218,1
52799,1
92217,1
162316,1
320264,1
79991,1
290460,1
292196,1
91488,1
286800,1
113424,1
175930,1
98495,1
349128,1
378510,1
90788,1
90471,1
372792,1
348157,1
292860,1
316704,1
96248,1
133815,1
133815,8
320268,1
146274,1
136151,1
94275,1
205318,1
244263,1
322695,1
248680,1
97698,1
88428,1
518705,1
199958,11
263830,1
192671,11
229684,1
171013,1
285936,1
319994,1
169633,1
297777,1
217733,1
332999,1
157896,1
349000,1
95766,1
92341,1
139523,1
145026,1
270433,1
270433,8
95439,1
46159,1
388280,1
218144,1
339840,1
118589,1
175966,1
309499,1
90439,1
92094,1
92094,2
220789,1
290465,1
341347,1
93966,1
93968,1
196684,1
170577,1
169635,1
349130,1
187667,1
90821,1
233268,1
203379,1
248711,1
92809,1
121954,1
94575,1
157899,1
175909,1
194013,1
231434,1
505176,1
152862,1
133816,1
296186,1
141021,8
141021,11
141020,8
141020,11
204231,1
157738,1
280369,1
373823,1
90277,1
90277,8
201635,1
152861,1
349135,1
505151,1
256150,8
330729,1
330730,1
171269,1
328175,1
330731,1
202445,1
138526,1
191065,1
208690,1
360672,1
319487,1
139528,1
117544,1
150995,1
244264,1
136156,1
192831,1
74571,1
139529,1
385106,1
154927,1
184077,1
50424,8
50424,11
365399,1
40420,1
293005,2
215633,1
137558,1
306770,1
270435,1
248713,1
263837,1
124496,1
219205,1
57909,1
70467,1
353935,1
154928,1
39815,1
259253,1
341367,1
93134,1
274615,8
98927,1
137559,1
134590,1
270436,1
507850,1
296183,1
137890,1
180868,1
96361,1
65006,1
281158,1
506765,1
93816,1
341533,1
522550,1
296185,1
102394,1
189880,1
297779,1
170440,1
293314,1
360762,1
293768,1
284655,1
96880,8
218139,1
95719,1
203368,1
346444,1
346444,4
94826,8
94826,11
322139,1
284462,1
183517,1
94394,1
101915,1
277912,1
145992,1
234434,1
175299,1
322330,1
60416,1
311386,1
284464,1
137560,8
137560,11
312259,1
43785,2
233264,1
280900,1
284765,1
293321,1
286811,1
145024,1
350791,1
311426,1
192734,1
192734,8
244820,1
85151,1
249825,1
35205,1
343893,1
130231,1
99275,1
287548,1
274617,1
129233,1
376281,1
302027,1
196206,1
295140,1
352058,1
175972,1
175559,1
238544,1
39919,1
195683,1
180554,1
376283,1
360676,1
92277,1
511287,1
271810,1
212110,1
296187,1
348009,1
500293,1
128391,1
134591,1
302144,1
139419,1
92232,1
76819,1
59584,1
365448,1
90225,1
139549,1
241422,1
97133,1
121601,1
353624,1
520098,1
90968,1
97140,1
169025,1
388281,1
46252,1
324001,1
96792,1
98846,1
519276,1
177914,1
296240,1
388282,1
240329,1
341440,1
158935,1
382921,1
104581,1
237968,1
280615,1
256154,1
187056,1
96533,1
253059,1
145994,1
258239,1
248707,1
330755,1
180870,1
226260,1
165893,1
295142,1
311430,1
320296,1
264723,1
194035,1
192826,6
66447,2
526543,1
115720,1
95070,1
92826,8
116292,1
346093,1
137561,1
322624,1
263882,1
505191,1
110750,1
382922,1
121602,1
47494,1
341442,1
505174,1
357326,1
150751,1
150751,8
42591,1
533411,1
71461,1
352933,1
89300,1
322626,1
222184,1
511340,1
133824,1
97869,1
162280,1
111486,1
80293,1
94060,1
154873,1
98512,1
290390,11
290390,8
94717,1
384815,1
209928,1
170447,1
90732,1
95522,1
301489,1
124632,1
67117,1
172913,1
150518,1
148999,1
522213,1
522213,2
95566,1
48710,1
149000,1
312188,1
341591,8
341591,11
290388,8
290388,11
180871,2
330793,1
94867,1
323992,1
91145,1
293369,1
376724,1
58035,1
117234,1
95852,1
303192,1
286801,1
258241,1
48114,1
146275,1
341456,1
320110,1
330766,1
96174,1
115721,1
133821,1
306072,1
137821,1
302146,1
349164,1
298240,1
218133,1
175962,1
301286,1
94122,1
46805,1
217438,1
192676,1
192676,4
280374,1
259252,1
511407,1
256163,1
236751,1
219207,1
96878,1
96878,8
97952,1
351359,1
153287,1
218120,1
319509,1
99640,1
100085,1
240340,1
97363,1
89631,1
149530,1
320300,1
353931,1
97449,1
290434,1
98873,1
297781,1
216377,1
92685,1
202441,1
198009,1
265006,1
129721,1
98814,1
191404,1
319489,1
98526,1
366257,1
113108,1
113311,1
95343,1
202563,1
104142,1
76142,1
221421,1
352938,1
202234,1
96205,1
95182,1
201456,1
62235,1
323996,1
529373,1
121977,1
59134,1
217768,10
217768,1
376116,1
184655,1
92843,1
45087,1
96314,1
336314,1
177613,1
139526,1
251897,1
217835,1
89127,1
94835,1
521120,1
170448,1
148189,1
168015,1
93839,1
349004,1
244889,1
258242,1
121899,1
121899,8
357333,1
90719,8
164450,1
199959,11
238283,1
222037,1
380091,1
124615,1
215487,1
312253,1
204258,1
529091,1
306075,1
202170,8
202170,11
150753,1
150753,8
234051,1
192677,1
147246,1
330899,1
110995,1
187057,1
368414,2
62188,1
256171,1
284789,1
150528,1
97500,1
85397,8
85397,1
250064,1
238270,1
201832,1
90549,1
297951,1
373827,1
312544,1
331581,1
118208,1
113110,1
154147,1
298241,1
200903,1
92782,1
281856,1
284793,1
202226,1
66625,1
302148,1
346450,2
72883,1
303204,1
320307,1
355882,1
202247,1
222239,1
284795,1
202184,1
139567,1
93472,1
120976,1
158932,1
153384,1
244888,1
146459,1
146459,2
98707,1
138535,1
148197,1
296337,1
348085,1
348085,4
307727,1
325501,1
216581,1
109546,1
148232,1
311383,1
315624,1
388277,1
373821,1
215607,1
56106,1
119895,1
77028,1
328378,1
302160,1
175907,1
45419,1
129935,1
61955,1
338883,1
74302,1
147237,1
175963,1
201596,1
73535,1
260260,1
147238,1
157864,1
383990,1
373985,1
373986,1
121029,4
113125,1
192725,1
237508,1
302114,1
127503,1
95390,1
79076,1
319493,1
42377,1
511308,1
116293,1
206336,1
293302,1
349175,1
93474,1
85435,1
97732,1
271813,1
95250,1
524599,1
524717,1
341530,1
255433,1
53926,1
320178,1
240343,1
202564,1
112934,1
93378,1
195685,8
195685,11
139738,1
283963,1
256155,1
167448,1
92702,1
311001,1
89509,6
51415,1
96670,1
278105,1
210300,1
124497,1
80215,1
72541,1
310935,1
261740,1
316267,1
278107,1
533482,1
94009,1
70248,1
59039,1
59039,10
303851,1
303861,1
22368,1
49723,10
49723,1
16018,10
16018,1
33919,1
40397,1
40397,8
16023,1
237739,1
75890,1
16027,1
60060,10
60060,1
153451,10
153451,1
225280,1
225281,1
225282,1
225283,1
225284,1
97997,1
40460,1
94206,1
33946,1
99528,1
16059,10
97948,1
83543,1
124594,1
46608,1
64954,1
75166,1
89443,1
97010,10
97010,1
16068,1
48115,1
303899,1
303865,1
77250,1
52065,1
303864,1
52548,1
231414,1
231416,1
231418,1
231424,1
231382,10
231382,1
39342,1
303862,1
99136,1
33905,1
33912,1
33914,1
82265,1
225274,1
33927,1
225275,1
16024,1
329182,1
53026,1
48278,1
168742,4
168745,4
228636,1
136658,1
150942,1
345762,1
44620,1
50435,1
198003,1
225304,1
196232,11
200022,4
200022,1
64458,1
171039,6
54547,1
228405,1
91025,1
55733,1
72054,1
181619,11
90432,1
369466,1
193602,1
78560,1
210733,1
210733,4
48075,1
286274,11
317167,1
80512,1
87231,1
299985,11
317901,11
260649,6
81292,11
317969,11
86680,1
82393,6
357409,1
16122,8
43801,3
43801,8
368084,3
368084,10
368084,8
369116,3
369116,10
369116,8
291026,3
291026,10
291026,8
368085,3
368085,10
368085,8
16137,10
282034,10
293128,4
293128,10
522109,3
522109,10
522109,8
357375,3
357375,10
357375,8
522110,3
522110,10
522110,8
155162,10
24235,6
104345,3
337187,4
337188,4
370677,3
370677,1
370675,3
256169,1
116991,3
96354,3
367805,3
335711,4
367804,3
367804,1
334680,4
335708,4
47499,1
47499,4
112261,1
225319,3
165650,3
334882,1
334882,4
42620,3
194850,1
194850,4
203939,3
81200,3
83772,3
138752,3
110536,1
110536,4
225322,3
53669,1
53669,4
45617,3
268913,1
328133,4
160966,4
16169,4
21448,1
219497,1
220446,1
101045,1
310409,1
41891,1
53712,8
264460,6
264460,8
64772,6
64772,8
317099,3
505544,4
377695,4
375195,1
531153,1
531153,3
374048,1
383693,1
526422,1
526422,3
526422,4
383851,1
526318,1
526318,3
526318,4
286814,4
286814,1
105196,1
526133,1
526133,3
526133,4
505556,1
317492,1
380568,1
383631,4
383631,1
208839,1
345714,1
269968,1
82138,3
334647,1
375077,1
387495,1
363669,1
375078,1
325763,1
228409,1
357486,1
352040,1
383636,1
383689,4
383689,1
114486,1
177387,1
247497,1
195746,1
351255,1
336321,1
308306,1
523523,1
523523,4
124328,3
283648,1
226767,1
226767,3
196692,1
380635,1
334125,1
351257,1
383744,1
326608,1
324278,1
117095,1
504122,3
217045,1
182557,1
531159,1
531159,3
526309,1
526309,3
526309,4
526353,1
526353,3
526353,4
283407,1
283407,3
522590,1
522590,3
522590,4
180803,1
536701,1
536701,3
505549,1
324279,4
177386,1
306565,3
526350,1
526350,3
526350,4
374047,1
523501,1
523501,4
526199,1
526199,3
526199,4
532085,1
532085,3
532085,4
374113,1
505561,1
517130,1
517130,3
363670,1
370999,1
376669,4
522587,1
522587,3
522587,4
536713,1
536713,3
86666,1
72795,4
500069,1
16308,1
85984,1
150379,1
16312,1
322804,1
78421,1
16321,1
108440,1
55079,1
113723,4
316399,1
25621,4
81865,1
16331,1
16334,1
125605,3
16335,1
374678,1
151753,1
182744,1
271663,1
368268,1
306973,4
306973,1
369439,1
69518,3
51485,1
153602,1
152143,1
183851,1
181393,1
16336,1
269376,1
65598,1
191293,1
191293,4
67821,1
379169,3
44254,4
16338,3
16338,1
16339,1
194409,1
96630,1
60127,1
373795,1
176726,1
521560,1
16343,1
16345,1
113726,1
208848,1
63082,1
251551,4
281229,1
317389,1
317389,3
228412,1
228412,3
27513,1
16349,1
505557,1
534626,1
342451,1
101941,1
505590,1
520566,1
518707,1
382049,1
368266,1
206216,1
208829,1
118348,1
192286,1
382794,1
50690,1
119287,1
138251,1
317457,1
234636,1
236648,1
368728,1
505587,1
214505,1
137092,1
298209,1
176722,1
381641,1
121060,1
70200,1
114591,1
255847,1
517211,1
517211,3
65765,1
522319,3
522320,3
522630,3
521227,3
363801,1
374685,4
521390,3
521830,3
522107,3
523515,1
523515,3
523515,4
238882,1
16356,1
55945,1
55945,8
329131,1
523521,1
383400,1
383400,8
68040,1
326511,1
326511,8
153583,1
153583,8
235991,1
51486,1
91576,1
519797,1
519797,8
192336,1
89524,1
89524,8
79856,1
79856,8
92970,1
93173,1
194410,1
194410,8
100934,1
116507,1
116507,8
92734,1
145948,1
145948,8
108093,1
204434,1
204434,3
228416,1
75365,1
16359,3
82139,3
65911,3
168552,3
298385,1
386655,1
383953,1
387215,1
528940,1
386325,1
384015,11
384017,4
384017,1
387218,1
384082,1
384083,1
384084,1
387216,1
386360,1
384198,1
384252,11
385727,1
386347,1
384258,1
384265,1
384265,4
386349,1
384274,11
384277,1
384280,1
387217,1
528828,1
386352,11
386321,1
386322,6
386336,11
386646,11
69800,1
23948,1
23948,3
65433,3
204447,1
204447,3
16378,3
87225,3
307329,4
307329,3
286309,4
286309,3
91101,4
168520,4
135985,4
383687,1
383687,3
383687,4
383709,4
383709,1
383708,4
383708,1
522317,1
522317,3
522317,4
524870,1
522318,1
522318,3
522318,4
383706,1
383623,1
215215,1
345990,1
258396,1
317494,1
90092,1
359838,1
25619,1
215204,1
307325,1
92307,3
254657,1
368269,1
212237,1
118216,1
269106,1
208843,1
194441,1
228626,1
228411,1
528719,1
215212,1
301293,1
380142,1
254067,4
325160,8
22401,3
327471,8
308122,8
285619,3
285619,7
343837,3
255247,3
255247,4
217103,3
217103,4
343839,3
343839,7
382667,1
323959,3
370090,3
359273,3
370092,3
284305,3
351097,3
370073,3
370089,3
370089,4
327990,3
72832,3
109356,1
16401,3
255110,3
130239,1
54770,3
16402,3
159730,3
159730,7
80044,3
102853,3
102853,4
201531,3
201531,4
285621,3
65212,3
134919,3
256881,3
108190,3
255460,3
502540,3
307612,3
315917,3
86305,3
274662,3
536766,3
536766,7
285622,3
343844,1
169036,3
242954,3
193748,3
263267,3
16405,3
317902,3
317902,4
371004,3
371004,4
503766,10
342118,10
342119,10
316202,10
182560,10
335050,10
16461,3
16461,4
16461,6
338073,3
16462,3
16462,4
16462,6
175918,3
175918,4
175918,6
333200,3
333200,4
333200,6
139269,3
139269,4
139269,6
139267,3
139267,4
139267,6
327542,3
327542,4
327542,6
59401,3
59401,4
59401,6
91066,3
69530,3
69530,4
69530,6
349385,3
349385,4
349385,6
376474,3
376474,4
376474,6
135774,1
16661,1
16759,6
77470,6
61745,4
30525,3
352997,3
323831,3
30519,6
316390,3
85248,3
76478,3
116031,3
287386,3
86919,3
237375,3
84297,3
58612,4
53250,4
48303,6
64704,6
279190,3
66400,1
502821,3
271981,3
154517,3
307936,3
76736,1
76736,3
136162,1
136162,3
225573,1
225573,3
16886,1
16886,3
52372,1
52372,3
206246,1
206246,3
41848,3
54101,1
16898,1
124053,1
325579,1
328958,3
16902,3
16903,3
82609,3
319247,3
334896,3
346033,3
285940,3
219501,3
274663,6
343778,3
173074,1
317535,3
243199,6
195023,6
356890,8
102953,6
86579,6
16975,6
16975,11
22380,8
43328,6
43328,11
176063,6
524692,6
16999,6
226000,3
64324,6
524587,6
518601,6
520199,6
168987,1
181496,1
203535,6
75253,6
119590,7
119590,8
74670,6
50086,3
17189,3
17222,3
17222,4
60197,3
28521,1
307940,1
328281,3
328281,10
269627,3
66357,3
66357,4
137063,3
92489,1
92489,3
193383,3
517905,8
271691,1
220910,3
229817,3
361025,3
17357,4
17358,1
135782,1
297582,11
312877,1
330176,1
346959,1
348049,1
368964,1
369447,1
161274,10
19768,3
293714,1
125512,1
139339,3
285528,1
256877,6
17471,6
146867,3
99527,3
117477,3
138580,1
138580,4
117394,3
117395,3
85824,3
104450,3
95970,3
103066,3
272887,3
17484,3
104449,3
299767,3
127315,3
131397,3
70106,3
56532,3
91739,3
162919,3
135278,3
194493,3
503805,3
105321,3
83558,3
63648,3
169514,3
101910,3
208094,1
208094,4
60633,12
60634,12
85108,12
61333,12
182474,4
283262,3
154573,1
104755,1
120667,1
255224,1
111322,1
111322,4
255226,1
99322,1
17640,1
302686,3
96684,1
52125,1
323883,1
70993,1
86836,1
202588,1
202589,1
68251,1
71031,3
50893,3
17653,1
225650,1
57507,3
57507,4
274642,3
274642,4
243058,1
183614,3
108702,1
263561,1
384755,3
384756,3
17707,6
83020,6
102084,6
94455,6
97647,6
225662,6
92189,6
45921,3
67559,3
526182,4
120576,3
197360,3
101496,6
84117,3
215152,3
215152,4
193090,3
193090,4
99102,6
26240,1
63571,1
255158,1
128408,1
167329,12
167329,3
17802,12
206994,1
60265,1
257509,12
26241,7
174573,1
272829,12
272829,3
360353,3
511534,3
511320,3
146772,8
146772,11
17841,1
530210,1
132895,1
300934,10
300934,1
300359,10
300359,1
93403,1
93403,10
345863,1
345863,3
345876,3
340830,1
340608,3
340763,1
340652,6
340652,8
363295,6
363295,8
340776,1
340476,1
342580,1
342581,1
340477,3
340700,1
340701,1
340701,3
339967,3
340054,3
339969,3
339970,1
339970,3
339971,3
339997,3
339998,3
340002,1
340001,1
340010,3
340016,3
340019,3
340020,1
340024,3
340025,3
340026,3
340029,1
340029,3
340031,3
340032,1
340040,1
340041,3
340044,3
340050,3
340051,3
340057,1
340057,3
340064,3
340069,3
354035,3
340201,3
340486,3
340569,1
340569,3
340703,1
340703,3
340669,3
340675,3
340676,1
340671,3
71733,3
98492,3
192722,3
67054,3
25552,3
17885,3
180036,3
75444,3
238189,3
76981,3
521724,3
17887,3
110689,3
108577,3
174574,3
194306,3
92971,3
92219,11
92219,2
17899,2
133122,3
312891,3
25098,3
271701,1
19621,3
176016,3
183637,1
18038,1
48698,3
48698,1
68110,3
68110,1
182690,3
182690,1
18066,3
18066,1
60322,3
60322,1
143574,3
343695,4
525829,3
525329,3
317391,4
313907,4
309046,3
526005,3
343696,4
109125,3
254272,3
525669,3
130271,3
18076,4
526232,3
204893,1
161532,3
307944,3
88979,1
385215,3
118456,3
83105,3
81183,1
18109,10
72002,3
522886,3
118580,1
117038,1
292727,8
319429,12
305547,3
296499,3
296499,12
152173,3
152173,12
201485,3
201485,12
142510,3
142510,12
121667,3
121667,12
72491,3
72491,12
62835,3
62835,12
219312,3
83140,3
87175,3
18354,7
116967,6
93633,6
48235,6
41779,1
180982,1
283313,12
283274,3
283314,12
283266,3
234079,3
117209,3
117209,4
116261,3
116261,4
115896,3
115896,4
18458,3
179880,3
179880,4
118464,3
118464,4
84183,3
84183,4
77176,3
77176,4
280026,3
280026,4
154350,2
225750,2
85985,2
238306,8
238306,1
18648,8
18648,1
46036,8
46036,1
57013,8
57013,1
71343,6
71343,8
271600,8
271600,1
364178,8
364178,1
347536,8
347536,1
375823,8
375823,1
375824,8
375824,1
18738,3
57039,3
18741,1
18784,3
281359,4
129752,3
197066,4
168900,4
280895,4
196743,4
227810,4
183336,1
238917,4
136366,4
239016,4
61473,4
87622,4
253335,4
226006,4
505445,3
505445,4
46918,1
51252,4
270605,4
58687,1
58687,4
285691,1
248607,1
248607,4
241882,4
258820,3
258820,4
49040,3
49040,4
129753,3
129753,4
104816,4
343849,4
517968,1
517968,3
517968,4
388409,1
505892,1
388518,1
523967,1
523961,1
506467,6
157529,1
505883,1
506523,1
521123,1
521123,3
521123,4
388352,1
384763,6
384763,11
102353,3
102353,4
506423,1
521626,1
521626,3
521626,4
388364,1
388339,1
521710,1
521710,3
521710,4
388325,1
97275,1
319848,1
62986,3
62986,4
112711,1
18841,3
18841,4
245478,1
78334,3
78334,4
521652,1
521652,3
521652,4
521395,1
521395,3
521395,4
78335,1
78335,3
78335,4
117501,1
117501,3
102525,1
102525,3
286132,3
286132,1
43978,1
43978,3
526075,1
526075,3
526075,4
68859,1
68859,3
78460,6
98116,6
70916,6
138641,3
138641,4
74888,3
74888,4
43880,3
43880,4
368295,3
368295,4
521102,1
521102,3
521102,4
521250,1
521250,3
521250,4
74889,3
74889,4
93363,1
319853,1
319856,1
248883,6
353693,4
353693,1
75850,3
120166,4
120166,1
353694,4
353694,1
194256,4
194256,1
524528,3
177034,3
524715,3
18873,3
114022,4
114022,1
316204,3
140089,4
140089,3
228380,4
228380,3
109381,1
111539,1
131419,1
91609,4
91609,1
505614,4
505614,1
215378,1
225813,4
225813,1
83550,1
86038,3
328090,1
92688,1
153143,1
138826,1
301183,1
301183,8
300335,1
300335,8
241294,1
227056,1
327558,11
526376,3
526376,4
195293,1
349312,1
332942,1
19185,1
158373,1
158373,3
122393,3
341972,1
336230,3
121924,3
167978,3
175063,3
69276,3
134575,4
282664,4
19238,4
312552,4
92451,1
97792,1
8726,3
308472,3
375153,3
336394,3
336394,11
336365,3
345746,3
369167,3
360690,3
360690,11
207837,3
127475,3
315609,3
315609,11
361016,3
503721,3
308453,3
308453,11
360976,3
504404,3
46161,3
223826,3
341745,1
341745,3
354043,1
354043,3
363995,1
363995,3
384238,3
388808,1
388811,1
388810,1
250073,1
344405,1
342436,1
517550,1
517551,1
160559,4
160559,8
160559,7
160560,4
160560,8
160560,7
5,1
256469,1
351035,1
256065,1
327127,1
253995,1
322071,1
254432,1
226833,3
226833,4
179769,4
185019,3
185020,4
155,4
204864,3
204864,4
26035,3
26035,4
194593,3
194593,4
197960,3
197960,4
178415,4
182846,4
154628,3
154628,4
26036,3
244320,3
206337,3
206337,4
125433,4
185027,4
227616,4
348025,1
275597,1
106409,3
207785,1
46855,2
393,2
273961,3
522855,3
163355,3
165618,3
184049,3
185395,1
185398,1
185399,1
426,1
368941,1
281541,1
24962,6
92914,6
26342,1
103016,1
134794,1
188012,1
300336,3
98738,1
643,1
326545,6
511241,1
195689,1
252825,1
296294,3
176893,1
176893,3
382444,3
921,4
194360,1
182592,1
186527,1
1024,1
186535,1
79700,1
517755,1
517755,3
128871,1
323405,12
1274,1
1274,3
1275,3
162400,1
162400,3
54662,1
307448,1
1455,3
231538,1
94831,1
1641,10
77248,4
279942,1
279942,4
50478,2
50478,1
285909,1
285909,4
189544,1
169727,1
86792,1
86792,3
307165,3
95519,1
95519,3
335429,1
335429,3
135647,1
135647,3
1767,1
112713,1
91573,1
272995,3
1779,1
1779,3
133185,1
133185,3
386931,3
350661,3
1824,3
27487,3
134458,1
294498,2
65865,4
2095,1
203843,1
321920,1
232590,1
27796,1
203855,1
316858,1
203865,1
129589,1
93750,1
525695,3
526121,3
508253,2
204192,3
513812,3
513840,3
72680,3
204402,3
204418,3
204416,3
522998,12
135495,12
20634,2
204548,11
324703,1
145494,1
190723,1
92527,8
352584,1
214426,1
195613,1
256703,8
387409,7
380471,8
342385,1
308608,1
337615,1
135418,8
305877,1
308086,1
306599,1
308609,1
336349,1
212320,1
254813,8
303455,8
95324,1
237255,1
2468,1
46007,1
109244,1
255157,3
138296,3
284104,3
256704,3
75987,1
75987,7
46155,3
85668,4
166537,3
254136,3
138776,3
166644,3
326172,3
189307,3
107701,3
19873,3
3069,3
3069,12
157436,3
157436,12
115991,3
115991,12
74342,12
285993,1
113477,1
323982,1
211089,1
258403,1
101640,1
228992,1
252058,1
205297,3
523411,1
523439,1
3401,6
3449,11
3449,8
3468,4
288050,1
285323,1
331398,1
331397,1
29329,3
91657,3
33023,3
89259,3
212530,3
157809,2
3849,2
3850,2
82571,2
212817,2
3852,2
212830,2
157806,2
3853,2
212849,2
3856,2
29376,1
113563,1
162878,1
212885,1
75807,1
22292,1
139128,1
3708,1
22588,1
3877,1
3878,1
3879,1
94293,1
270940,1
125464,1
89381,1
276244,1
275540,1
193400,1
3875,1
3875,8
98890,1
98890,8
120412,1
120412,8
193405,8
289323,1
332075,11
119918,11
343465,2
94170,2
44387,2
48965,2
59630,2
293098,11
71090,2
57586,2
203617,2
102289,2
97227,2
105683,1
77762,2
145689,2
80470,2
66727,2
52056,2
68367,2
330947,2
248410,2
162359,2
210206,2
210208,2
210249,2
64361,2
94399,2
236931,2
269008,2
280738,2
47448,2
269510,2
91740,2
138397,2
135830,2
91407,2
104989,2
133886,2
528751,2
121392,2
197718,2
215541,2
211174,2
205474,2
215565,2
240428,2
240380,2
257096,2
350183,2
341789,2
372954,2
369975,2
522272,2
521534,2
521594,2
522190,2
210211,2
210212,2
210213,2
113550,1
99347,2
236932,2
52294,2
95071,2
83370,2
138406,2
241014,2
131729,2
92323,2
155123,2
48706,2
210217,2
211456,2
333803,2
248297,2
138418,2
207217,2
94497,2
54487,2
253806,2
70996,2
166338,2
100044,2
210073,2
44905,2
70581,2
46101,2
98756,2
248329,2
209989,2
215631,2
521419,2
218964,2
372817,2
77000,2
48658,2
150613,2
65221,2
181519,2
192957,2
98193,2
209598,2
209995,2
138438,2
98375,2
126183,2
168991,2
95347,2
249316,2
192958,2
333184,2
350947,2
138428,2
296472,2
328376,2
242614,1
242614,4
194982,2
248380,2
138444,2
304572,2
227091,2
108165,2
171372,3
118016,2
210230,2
95929,2
370198,2
370234,2
210238,2
69666,2
355144,2
99381,2
367141,2
98792,2
352599,2
248365,2
517193,2
218966,2
324271,2
94019,2
105246,2
98992,2
357464,2
101855,2
114538,2
243944,2
97686,2
211184,2
102634,2
331401,2
338032,2
108058,2
210241,2
210036,2
210250,2
194370,2
55296,2
369962,2
342962,2
357522,2
342964,2
362087,2
376903,2
350040,2
376905,2
517350,2
295301,2
295304,2
295305,2
295308,2
275447,2
275451,2
275452,2
207286,2
310351,2
295312,2
295061,2
82858,2
91084,2
92936,2
342655,2
238043,2
370678,2
215566,2
248252,2
248494,2
295300,2
238046,2
521333,2
295303,2
295306,2
295307,2
269513,2
295302,2
121393,2
350184,2
256917,2
342657,2
341788,2
269667,2
269521,2
215542,2
362086,2
349477,2
207266,2
310352,2
517088,2
357425,2
367515,2
383627,2
378224,2
295313,2
374147,2
374148,2
292739,2
522271,2
368510,2
240431,2
201327,2
193300,2
248495,2
197717,2
372958,2
3919,2
154935,2
153927,2
240292,2
136923,2
42006,2
96554,2
89329,2
108675,2
89488,2
96366,2
69311,2
68123,2
69759,2
198522,2
178385,2
96555,2
42004,2
42676,2
94951,2
112228,2
335541,2
100086,2
216423,2
98281,2
77359,2
213120,2
335540,2
213122,2
29410,2
354753,2
354754,2
42010,2
296339,2
92148,2
91536,2
180463,2
111711,2
213127,2
127404,2
3935,2
59157,2
213132,2
3937,2
155075,2
83258,2
121387,2
65760,2
150285,2
155730,2
93286,2
178200,2
296439,2
296436,2
121388,2
175815,2
175816,2
248491,2
70896,2
210772,3
91393,3
90018,2
236937,1
236937,4
136043,2
93567,3
227333,2
149979,2
124306,2
248306,2
355610,2
355609,2
90287,2
95072,2
89123,2
96527,2
63420,2
116223,2
313749,2
29436,2
124243,2
80006,2
3953,2
117527,2
227088,2
248334,2
97183,2
3966,2
135833,2
213302,2
248228,2
248228,11
229874,2
229874,11
202711,2
202711,11
3977,2
105249,2
94226,2
3982,2
145690,2
3984,2
165548,3
42039,2
29466,2
29469,2
251844,2
42014,2
152838,2
239036,2
368666,2
269683,2
3991,2
254440,2
152839,2
151325,2
162358,2
29474,2
165902,2
29475,2
223041,2
42015,2
3992,2
42016,2
131849,2
213322,2
210758,2
210762,1
210765,3
91989,2
72137,1
93782,3
58283,2
4080,2
153205,1
102458,1
217518,1
140335,1
153932,1
217519,1
195050,3
4249,3
138830,1
239735,1
30608,1
68653,1
159473,1
124532,1
158659,1
243042,12
223062,12
88940,12
214674,12
70101,12
90584,12
48172,12
79722,12
84706,12
191789,12
96286,12
114057,2
4709,3
353589,11
76926,4
523198,4
71078,4
212216,4
317547,4
243411,4
388710,4
86063,4
86312,4
136890,4
56390,4
5192,4
5205,12
151340,1
92783,1
80123,1
86021,1
198591,1
98480,1
5254,8
31020,1
149741,1
332085,1
332078,1
332080,1
31011,1
53733,1
19988,1
70960,1
280801,2
280802,2
5312,11
5650,4
5650,8
89506,1
524531,1
31763,2
20773,2
236274,2
53522,2
234796,3
345017,1
223249,1
110781,1
337640,1
181968,1
181968,3
31891,3
43075,3
65112,11
80157,11
175846,2
55351,2
129346,2
352712,3
135421,4
6279,4
64191,1
19837,1
6325,12
47716,1
6475,3
101692,10
128956,10
179874,3
211693,4
6549,4
6552,4
86987,3
73264,12
158645,3
57685,12
64815,3
64815,12
32556,3
32556,12
101879,1
202371,4
248152,3
117111,3
117111,4
7024,3
7025,3
56700,3
267057,3
248484,3
267056,3
267058,3
112068,1
104833,1
32718,3
253130,1
208785,1
32720,3
60182,1
249092,1
248604,1
227602,6
241496,6
93184,10
32728,1
82903,1
109521,1
32730,8
173491,1
176833,1
176468,1
99051,8
140098,8
63218,1
94040,8
171754,1
84143,8
67698,8
95123,1
95286,1
7051,6
78613,6
45800,6
53764,6
114010,6
32751,10
32754,8
32756,1
171828,1
25116,8
136341,8
7098,1
202325,1
248153,3
501177,1
500738,1
59522,3
49181,3
360159,3
360160,3
332269,3
362624,3
41973,3
356457,3
356459,3
360699,3
358172,3
358171,3
505317,3
137829,3
360162,3
85913,3
298724,3
115101,3
94823,3
94823,4
7278,11
75482,1
168530,1
79264,1
98528,11
91127,11
114693,1
91985,1
90700,2
90700,1
90700,8
96410,1
134682,1
113632,1
7527,1
75786,1
98220,1
47674,1
46314,1
43050,1
7494,1
92289,1
7496,1
223603,1
92591,1
253476,1
89853,1
333081,1
99803,1
112741,1
79960,1
79960,4
104740,1
57272,1
116962,1
33412,8
244144,1
226723,11
74392,3
108524,1
96119,1
89298,11
226677,1
170244,3
92986,6
127106,3
131758,1
33482,11
57230,11
226652,3
49514,11
94818,1
7939,1
7942,11
228078,11
197527,3
8064,1
8171,3
8171,8
324935,8
297231,1
326840,1
326970,1
48360,2
329811,2
165426,2
60372,2
55143,11
273219,4
304298,4
8418,4
269592,3
103053,1
103053,3
25516,1
8492,1
68062,1
172828,3
74223,3
129694,3
129694,4
233513,1
40520,4
87086,1
327524,1
361656,1
349746,1
361657,1
367229,1
103520,1
110227,1
112577,11
159243,8
115329,3
313758,3
381367,3
89515,3
196465,3
503034,3
525870,3
251159,3
83111,3
153040,3
251164,3
321461,3
75240,3
117590,3
60529,3
281918,3
238109,3
99938,3
251174,3
40671,3
54932,3
40675,3
92320,3
127155,3
524520,3
343545,3
524564,3
115331,3
238115,3
167623,3
251187,3
365955,3
43691,3
167626,3
137161,3
45619,3
381621,3
76242,3
198946,3
367763,3
270282,3
281940,3
306676,3
298794,3
343553,3
305136,3
66709,3
306685,3
284703,3
46888,3
42536,3
149009,3
66621,3
71413,3
180288,3
238127,3
238129,3
270286,3
332885,3
125914,3
104749,3
110209,3
167635,3
251311,3
242564,3
94097,1
237402,3
313779,3
222207,3
206927,3
270299,3
500135,3
286552,3
376175,3
70176,3
136889,3
270301,3
48119,3
169878,3
196473,3
252204,3
180293,3
525419,3
114985,3
222345,3
372235,3
222368,3
371093,3
130189,3
366342,3
321494,3
281981,3
72808,3
148455,3
127709,3
270312,3
180751,3
103205,3
94415,3
208889,3
175020,3
238160,3
524502,3
238162,3
118535,3
251031,3
237424,3
524440,3
376396,3
376056,3
504009,3
72101,3
155426,3
8824,3
168361,3
8832,3
8850,2
8850,11
517471,2
277709,2
277709,11
277608,2
277608,11
117276,2
117276,11
82162,2
82162,11
345027,2
345027,11
181773,2
181773,11
526399,1
526403,1
270352,1
300426,1
308245,1
526255,1
501619,1
304323,1
41577,1
227477,1
323882,1
247040,1
526160,1
297519,1
537832,1
526170,1
516751,1
537780,1
526292,1
271443,1
381384,1
357505,1
387467,1
353410,1
360404,1
352810,1
372620,1
360405,1
357497,1
71910,1
42557,1
120022,1
315981,1
41702,1
8908,1
526439,1
526439,2
168472,1
151436,1
277299,1
345473,1
40791,8
102356,1
114550,1
222351,1
294510,1
89125,1
276646,1
86970,1
229973,1
336721,1
365374,1
347169,1
305535,1
305537,1
336725,1
239053,1
306885,1
386908,1
348598,1
346803,1
347211,1
347212,1
348591,1
365146,1
365148,1
168220,1
311553,1
380929,1
378094,1
330117,1
330114,1
318324,1
379605,1
287621,1
329137,1
227381,1
306886,1
194092,1
347195,1
85274,1
40839,1
88261,1
334807,1
191037,1
212330,1
178461,1
68352,1
287435,1
294511,1
88264,1
276644,1
101842,1
279698,1
386897,1
242637,1
89045,1
114554,1
381412,1
71747,1
245180,1
365168,1
245179,1
307081,1
227705,1
61246,1
368712,1
124542,1
245185,1
324042,1
304322,1
294934,1
154248,1
277036,1
55717,1
345291,1
369908,1
344227,1
344228,1
334806,1
378092,1
358843,1
358844,1
305536,1
305538,1
363805,1
256101,1
202607,1
292087,1
292088,1
347196,1
128023,1
144708,1
164061,1
346804,1
372589,1
381431,1
328809,1
367765,1
367766,1
371903,1
367767,1
367768,1
347194,1
318328,1
318325,1
360535,1
179446,1
168147,1
86280,1
385194,1
238920,1
336742,1
212329,1
384380,1
374251,1
378095,1
378096,1
104400,1
77141,1
348599,1
348600,1
273977,1
285410,1
21740,1
311555,1
311555,4
309987,1
40820,1
271468,1
256659,1
337433,1
376892,1
387746,1
279819,1
353378,1
346103,1
387760,1
387748,1
303357,1
177819,1
506735,1
506870,1
342213,1
353411,1
264573,1
376895,1
380600,1
286253,1
336744,1
375144,1
352815,1
346178,1
530020,1
387768,1
387769,1
311556,1
311556,4
352108,1
345760,1
360540,1
345781,1
385205,1
376382,1
536480,1
388599,1
380601,1
388600,1
264574,1
254419,1
387747,1
241765,1
25075,1
308249,8
282699,8
83775,1
191892,1
308250,1
512186,1
194613,8
503910,1
316899,1
365379,1
168441,1
8994,10
279251,10
361089,10
345600,10
358851,10
9006,1
9008,1
323893,1
19594,1
61961,1
40895,1
101244,1
9028,1
94158,3
9334,3
79996,1
9414,3
65962,11
111566,1
58652,1
62007,1
175166,3
259061,3
86184,3
247935,3
282667,3
304578,3
240666,3
211616,3
283068,3
163879,3
112762,3
283211,3
283213,3
283215,3
207035,3
9766,3
514380,3
514378,3
514377,3
272498,6
57691,6
60779,6
9852,2
9852,10
71071,2
171797,2
102621,1
41571,1
147488,1
91398,1
324015,1
43560,1
166764,1
77547,1
54571,1
90727,1
324113,1
97043,1
287694,1
238330,1
287695,1
49593,1
170506,1
229284,1
57431,1
324957,1
229842,1
211103,1
115421,1
51827,1
198589,1
124547,1
226505,1
134778,1
181211,1
263246,1
263247,1
201424,1
178584,1
178616,1
178617,1
227303,1
331027,1
227996,1
331028,1
41821,1
25184,1
202941,1
9965,1
95650,1
9973,1
75772,1
293766,1
19600,3
66391,3
10093,3
112208,3
10098,1
91622,3
321774,4
179546,4
10396,1
10399,1
10431,1
10431,10
367370,1
367370,8
10498,1
10498,8
343959,1
343959,8
23450,1
23450,8
66529,6
10579,6
270586,3
270586,1
42354,3
207689,3
207689,1
10669,3
126141,3
126141,1
198447,3
22442,3
171750,1
507310,1
507659,1
507179,1
168212,1
507417,1
507315,1
507533,1
507619,1
507555,1
507401,1
507091,1
10802,6
10802,11
67949,8
67949,5
203998,3
203998,8
77020,1
307995,10
204523,8
204523,3
138954,10
180799,10
336289,8
211929,10
224245,8
101974,1
45689,10
11049,10
128436,8
11054,10
79977,8
11055,10
212015,10
368041,10
113592,1
125569,1
98755,10
92744,10
113567,10
381662,8
381662,4
79517,10
45819,10
182743,10
41212,10
41212,4
72853,10
72853,4
60480,10
60480,4
11050,10
384890,8
384890,3
384891,10
212625,8
169162,8
103678,10
239979,8
76118,8
253434,8
212866,12
210938,12
252419,3
128984,1
140140,12
119089,3
271509,3
11158,1
243745,3
95355,4
137057,12
55099,1
316296,1
104206,1
208922,3
209652,3
201480,12
344246,3
369612,3
41718,12
57609,3
85722,1
154639,3
129810,12
137631,3
137631,12
76523,1
286770,1
118739,3
300643,3
300643,4
306890,3
384448,3
111896,1
155534,1
115816,3
41719,1
112760,1
116628,1
227050,1
102874,1
49855,3
75716,1
112842,3
112842,12
155556,1
86197,1
118608,1
118613,1
58655,3
129812,3
82271,3
500304,3
500304,12
81708,3
81708,12
139351,12
127670,1
305928,6
305928,11
228963,3
228963,12
228964,12
183330,3
183330,12
59228,3
59228,12
115148,3
115148,12
84915,12
58540,3
176984,3
211516,3
104650,4
122268,4
122267,4
122266,4
122265,4
197570,4
11233,12
102983,12
11242,4
11438,9
11508,1
11602,9
11602,5
46293,9
46293,5
193768,9
193768,5
148131,9
148131,5
98263,9
98263,5
93836,9
93836,5
45053,9
45053,5
351967,9
351967,5
124734,9
124734,5
91843,9
91843,5
183162,9
183162,5
114636,9
114636,5
93957,9
93957,5
46274,9
46274,5
97341,9
97341,5
150750,9
150750,5
72989,9
72989,5
97029,9
97029,5
114814,9
114814,5
92455,9
92455,5
114815,9
114815,5
97523,9
97523,5
154867,9
154867,5
247271,9
247271,5
219636,5
219636,9
91284,9
91284,5
253027,9
253027,5
64766,9
64766,5
54380,5
54380,9
11629,9
11629,6
90996,9
90996,5
91136,9
91136,5
90536,9
90536,5
91721,9
91721,5
152140,9
152140,5
92985,9
92985,5
94916,9
94916,5
100029,9
100029,5
89309,9
89309,5
99897,9
99897,5
239323,9
239323,5
114639,9
114639,5
43253,9
43253,5
77406,9
77406,5
89253,9
89253,5
98800,9
98800,5
93818,9
93818,5
97193,9
97193,5
98143,9
98143,5
165265,9
165265,5
89177,9
89177,5
176066,5
176066,9
124754,9
124754,5
74598,9
74598,5
11623,9
11623,5
197226,9
197226,5
61682,9
61682,5
11633,9
11633,5
117757,9
117757,5
194545,9
194545,5
283889,1
122358,1
306321,1
160027,1
88303,1
22196,1
49845,11
12099,6
12191,3
154644,3
519630,3
383965,2
212878,1
43920,1
60617,1
285797,3
285797,12
321642,1
507872,11
74798,3
388059,3
100515,3
349251,3
71744,3
72759,3
316225,11
118209,3
111524,3
321448,3
335052,11
131503,3
269329,3
43473,1
43473,6
140046,1
62952,1
125211,12
525259,1
525259,2
45558,1
154161,1
102279,3
83914,3
138862,1
111550,3
296132,3
12835,10
188938,1
47147,10
112266,1
63237,10
22209,10
96240,1
180544,1
91496,10
95243,1
114019,1
346031,1
346031,10
526470,1
525550,1
525879,1
343776,1
343776,10
525893,1
526136,1
12895,4
64180,4
129143,1
341020,1
198605,1
342577,1
13375,4
212146,3
13430,3
13429,3
113569,3
273962,3
13486,1
224629,3
42852,3
75474,3
320213,1
319900,1
14440,1
239772,1
336295,1
336295,4
226856,1
224799,1
64402,3
96006,3
93590,1
277380,1
176312,1
88817,1
155126,1
72458,1
44471,1
113552,1
56250,1
87686,1
74332,1
168810,1
300357,1
69334,1
216770,1
208540,1
49497,1
87688,1
184507,1
317528,1
66261,1
142534,1
166412,1
317694,1
79293,1
269065,1
217868,1
71358,1
72030,1
56451,1
142535,1
227435,1
85902,1
52124,1
42898,1
85003,1
63551,1
367698,1
245685,4
282031,1
50488,1
106234,1
518778,1
518778,4
112036,1
112036,4
112036,10
15880,1
15880,4
109083,1
159711,1
303599,1
309194,1
84160,1
235479,1
73881,1
48407,1
218955,1
347388,1
15898,1
200996,1
201041,1
376214,8
255432,8
201061,1
254055,1
298848,8
296126,1
201076,1
201081,1
201100,1
201159,1
201253,1
306024,1
62870,1
51807,1
139637,1
59507,1
68064,1
54303,1
110505,1
76787,1
139636,1
74556,8
126025,8
522633,1
297045,1
131829,1
120024,1
15918,1
15918,3
136360,1
214462,1
15919,1
15921,1
135077,1
56723,1
15927,3
15928,3
353374,1
225067,1
89851,1
89851,8
93479,1
33902,1
33902,2
352483,1
57282,1
50929,1
244020,10
102396,1
102396,8
55986,1
523289,1
118251,1
529374,1
127733,1
129980,1
126862,1
200916,1
202442,1
118252,1
131360,1
371125,1
125654,1
290441,1
177342,1
129450,1
127679,1
139436,1
121327,1
125004,1
378587,1
126508,1
122455,1
127770,1
371121,1
515114,1
515114,4
126103,1
122289,1
130439,1
234548,1
187170,1
118476,1
346443,1
125773,1
129924,1
125637,1
302151,1
515115,1
515115,4
129976,1
119718,1
119718,2
275079,1
121756,1
302143,1
201455,1
201450,1
362030,1
126956,1
514503,1
125644,1
247515,1
234431,1
128512,1
112563,1
112563,8
201457,1
311378,1
131337,8
131337,11
311423,1
371123,1
328384,1
238272,1
319490,1
284461,1
247518,1
128004,1
150394,1
55598,1
349188,8
349188,11
256673,2
82257,1
300823,2
300819,1
353116,1
330763,1
330763,2
319510,1
319510,2
358715,1
371270,1
371270,2
362289,1
278316,2
199425,1
249251,8
249251,1
85765,1
69589,1
60651,1
60651,2
70541,8
70541,2
82432,2
92697,1
217877,1
94976,1
108289,1
108289,2
94732,1
89785,1
56252,1
196031,1
196031,2
93267,8
58672,1
66574,1
66574,4
46241,1
46241,8
385099,1
82679,1
75212,1
42707,1
91446,1
155924,2
240342,8
175969,2
138846,2
139462,2
119702,1
60737,1
85289,1
110298,1
45402,2
110980,1
110980,2
237146,1
151395,2
70796,1
73773,1
73773,2
90120,1
68775,2
89091,8
51993,1
99644,1
96059,1
360941,1
360941,2
91789,1
62753,1
62753,2
51835,1
237867,1
92539,1
195552,1
306071,1
306071,8
370803,1
337619,1
337619,2
353429,2
360982,2
237507,1
249831,1
118200,11
118200,8
94464,2
61289,1
95552,1
95552,8
225113,1
215382,1
322300,1
95477,1
95477,2
62948,1
91161,8
91161,1
95914,1
79654,1
79654,2
70144,1
94922,1
91276,1
99182,1
191064,11
89885,1
77119,1
77119,2
352952,1
352952,2
214877,2
214877,8
120652,1
281374,1
80379,1
96241,1
98630,1
96676,1
96676,8
68496,1
98162,1
129657,1
80807,1
97228,8
78229,1
78229,8
329266,1
92810,1
91637,1
91637,8
55145,1
55145,2
99777,1
95735,1
349187,8
349187,11
129234,1
142408,8
124969,1
311440,2
119703,1
121802,1
121802,4
76544,1
129824,2
27460,1
91421,1
139396,2
89404,1
82305,1
78576,1
225146,1
202533,1
202533,2
240333,2
251107,1
251107,2
328818,1
215387,8
215387,1
119744,1
119744,8
126524,8
55002,1
55002,2
95681,1
128027,6
146737,1
93436,1
278106,1
296182,1
79777,1
76034,1
139454,1
320088,1
288167,1
256415,1
84328,1
118168,8
118168,11
129610,1
348265,2
39866,2
127773,2
177347,1
119757,8
119757,11
139555,1
376803,1
376803,2
145549,1
39870,6
116822,2
176179,1
226265,1
119882,1
97397,1
81011,1
225156,1
83499,1
98610,1
128690,1
128690,8
361235,1
243447,1
243447,2
39917,1
127853,1
75829,1
58189,1
98310,1
57007,1
57007,2
68611,1
90003,1
63485,1
39935,1
249261,1
85576,1
92083,1
92083,2
121928,1
121928,8
69545,1
69545,8
81012,1
93870,1
256394,1
243542,1
175971,8
175971,11
341338,2
129176,1
524685,2
129920,8
128151,8
204257,1
204257,2
130350,1
130350,8
125751,1
125767,1
125767,2
339434,2
155442,1
318813,2
98160,1
84716,1
76932,1
296191,1
288294,1
94622,1
86395,1
281586,8
364061,1
364061,4
339385,1
339385,2
283535,1
283535,8
121042,8
119710,11
70105,1
75268,1
66427,1
87358,1
297689,2
61907,1
57514,1
349160,1
349160,2
95118,8
95118,11
95118,1
42295,2
94377,1
82943,1
129159,8
349549,1
349549,2
167148,1
171129,1
192189,1
171134,2
131344,1
171138,2
126757,1
126757,8
144979,1
144979,8
275550,1
275550,2
192211,2
171137,2
192190,2
95855,1
93225,8
45531,1
359942,1
359942,4
301083,1
93631,1
64436,1
72211,1
86965,1
103797,1
99058,1
238547,8
92242,1
50557,1
50557,11
87795,1
87795,2
96681,1
352940,1
256455,1
77041,1
239092,1
237114,1
96934,1
96934,2
71176,8
71176,2
243970,1
243970,8
97684,1
98704,1
75054,1
90378,1
174057,2
75327,1
102828,1
102828,8
103047,1
103047,8
225231,8
225231,11
225233,8
313130,2
230506,1
121952,1
50746,1
50746,4
94954,1
55349,1
69684,1
295374,1
99360,8
99360,2
329180,1
39343,1
329002,1
98377,1
58586,1
386846,1
524817,1
77414,1
84688,1
297335,1
303201,1
349172,1
69876,1
51456,1
67981,2
40346,1
99855,1
93394,1
93394,2
98627,8
94452,1
78111,1
151222,1
119783,1
90775,1
95968,1
237506,1
121755,1
48847,1
48847,8
358928,1
48848,1
121801,1
121801,4
75513,8
75513,2
75514,8
75514,2
139643,8
95788,1
91271,6
336303,1
336303,2
146263,1
191394,1
191395,2
157821,1
157821,8
177606,1
202532,1
202532,2
515112,1
515112,4
95436,1
319511,1
319511,2
94454,1
152739,1
302142,1
328385,1
293386,1
132877,1
240069,1
70562,1
92996,1
200785,1
53867,1
93061,1
229925,2
121881,1
121887,1
93063,1
170430,1
214124,1
51992,1
311561,1
99095,1
58526,1
58526,2
360666,2
318816,2
93065,1
146264,1
362029,1
523290,1
98521,1
524437,2
357274,1
357274,2
346442,1
505177,8
145989,1
515113,1
515113,4
295375,1
240071,1
97734,1
371269,1
371269,2
323046,1
323046,8
371122,1
529370,1
303910,1
53245,1
53245,8
91389,8
93172,1
311002,1
386461,1
119711,11
274628,8
256162,1
256162,8
121043,8
328998,1
45104,1
285686,1
378586,1
238269,1
234432,1
121976,1
93918,1
328814,1
129869,2
90507,1
90507,2
81361,1
99285,1
99653,1
296029,1
348999,2
202443,1
318815,2
192738,1
130228,1
200912,1
99936,1
352931,1
196208,1
115717,1
360983,2
374598,1
374598,2
55900,1
296708,1
296708,8
244890,1
375194,1
375194,4
271809,1
271809,2
99565,1
153950,2
103370,6
358714,1
124608,1
320089,1
157615,8
110455,2
310527,8
108000,8
108000,11
331696,1
362288,1
55293,1
170446,2
269194,1
32676,1
32676,8
121638,1
201632,2
81377,1
95804,8
121953,11
94107,11
55425,1
212112,2
212112,8
330764,1
330764,2
385107,1
111140,11
111140,8
258238,1
376725,1
376725,4
311424,1
89616,1
89616,4
114029,1
101834,1
101834,8
240332,2
318814,2
90033,1
204256,1
204256,2
349550,1
349550,2
129611,1
97256,1
129658,1
94381,1
187668,1
145550,1
93454,1
93454,8
187055,1
124613,8
124613,11
77419,1
191405,2
313171,2
241781,8
78434,10
78434,1
112902,1
254564,2
514504,1
280087,1
238268,2
248829,2
524597,1
296709,2
170450,1
339454,1
339454,2
343463,8
343463,11
386624,1
202214,1
175970,2
244891,1
385108,1
349171,1
148193,6
226264,1
91907,2
339458,2
81026,2
136422,2
98417,8
98417,11
91247,8
69515,1
290440,1
122454,1
102235,1
129977,1
45225,1
59996,1
161052,1
201458,1
311441,2
319491,1
371124,1
237570,1
385271,1
220795,1
127734,1
248827,1
248827,2
373987,1
373987,4
371126,1
27083,1
118520,2
127774,2
113126,2
170454,2
91292,1
139537,8
139537,11
170456,2
116828,2
40340,1
40341,1
116824,2
45514,8
84473,1
234549,1
270852,1
249830,1
201451,1
98693,1
153253,1
98737,1
58990,1
16007,1
33903,1
33903,8
231592,10
231592,1
16012,1
139673,1
49724,1
21225,1
96503,1
99139,1
303849,1
303849,8
33924,1
58007,1
82365,1
48470,1
69361,1
69361,8
83594,1
89115,8
166570,8
95757,8
303870,1
33936,8
33936,2
96591,8
96591,2
16033,8
16033,2
329181,1
303875,1
303875,8
139430,1
139430,8
331979,8
131304,1
182730,8
120594,8
33949,8
58900,1
53166,1
303868,1
303868,8
303872,1
246909,10
329185,8
329185,2
25007,1
98150,8
332614,1
53272,1
160926,1
15985,1
57093,1
120970,1
82585,8
67609,1
16063,1
16063,8
237889,1
237889,8
16064,10
16064,1
90537,10
81689,1
332016,1
49522,1
112883,1
329189,1
91045,1
89564,1
95638,1
237895,10
237895,1
39329,8
303856,1
303856,8
59976,8
66252,1
86964,1
86964,8
225291,1
225291,8
95339,1
126377,1
39333,1
39334,1
500387,1
126017,1
324339,1
39336,1
119869,1
95399,1
39339,1
291647,1
66478,1
54945,1
374002,1
39326,10
39326,1
231377,10
231406,1
332027,1
231408,1
303871,1
331978,8
303873,1
70379,8
304188,1
522907,1
52753,1
16084,1
131301,1
39345,10
54006,1
500285,1
82351,1
82351,2
39348,1
68963,1
57281,1
57281,2
33901,1
33901,8
160927,1
160927,8
165906,1
165906,2
115945,1
215121,8
225261,1
225262,1
225263,1
225267,1
98552,1
225268,1
225269,1
214979,1
214978,1
225271,8
225271,2
215232,1
332616,1
33928,1
54734,1
53043,1
269915,1
47688,8
47689,8
48645,1
33957,8
33957,1
205970,8
205970,1
72046,1
89805,1
91938,1
110350,1
52635,1
46463,7
129071,11
301142,4
301142,3
301142,10
317169,11
121192,6
121192,11
121192,2
303778,6
303778,11
303778,2
127283,3
127283,8
127283,2
137914,11
291457,11
281779,2
281779,11
238174,11
232408,2
312811,11
57627,3
57627,10
57627,8
292211,4
292211,3
292211,10
286122,4
286122,3
286122,10
302898,4
302898,3
302898,10
78493,4
78493,3
78493,10
78494,4
78494,3
78494,10
54907,4
54907,3
54907,10
43727,4
43727,3
43727,10
281795,4
281795,3
281795,10
61025,4
61025,3
61025,10
70869,4
70869,3
70869,10
156241,4
156241,10
242468,10
242468,4
62299,4
62299,3
62299,10
221861,10
221861,4
312183,4
312183,3
312183,10
210960,4
210960,10
131912,4
131912,3
131912,10
338706,4
338706,3
338706,10
239776,10
239776,4
309203,4
309203,3
309203,10
315691,4
315691,3
315691,10
46279,6
46279,11
16140,6
16140,11
73762,6
73762,11
96497,1
96497,3
96497,4
89325,3
77506,3
16160,3
16171,6
285269,6
285272,6
81136,4
16194,4
16282,7
16282,8
192332,7
192332,8
193607,4
344438,3
271666,1
74682,1
59903,1
16311,1
16327,1
500070,1
100910,1
336317,4
315805,1
180081,1
16346,1
165611,1
92074,1
94409,1
16353,1
524596,1
524596,4
351094,3
343840,3
376076,3
323961,3
343842,3
308102,3
308929,6
307934,6
343841,3
336575,3
109876,3
336384,3
336384,4
272778,3
343845,3
263270,3
84460,1
248890,1
243185,1
165177,8
305717,8
525271,1
525271,2
525161,1
525161,2
193769,3
62834,12
121618,12
280734,12
281028,12
16884,12
301981,6
16968,6
161233,8
161233,11
17424,1
170722,1
171457,1
171458,1
74364,3
67874,3
44975,2
205745,2
217822,10
303284,8
322159,1
17801,1
335701,12
271697,3
124370,12
351847,3
302798,8
302798,10
300933,8
300933,10
296713,8
296713,10
305286,8
305286,10
98147,1
98147,10
340055,1
340055,3
339986,3
340013,1
340013,3
340022,1
340022,3
340027,1
340027,3
340045,1
354033,1
340678,1
340678,3
17886,3
95220,3
57315,1
54508,1
101775,2
283265,3
283280,3
216119,3
18459,11
18567,9
18567,12
66358,9
66358,12
18710,8
18710,1
18710,4
176932,4
159498,4
181957,4
207962,4
200066,3
50453,3
505877,1
388309,1
18876,1
82730,1
206738,1
324517,1
336909,1
31416,6
176882,6
48498,6
124371,6
93320,3
93320,8
93320,11
18973,6
309322,6
225823,6
63999,6
87366,6
109455,6
309323,6
374362,6
384858,6
87232,6
87233,6
161486,6
45724,6
163998,6
367681,11
367681,6
163997,6
81557,6
78164,6
99297,6
309326,6
327557,11
524470,4
524470,8
524470,7
524508,4
524508,8
524508,7
273028,1
319808,1
320107,1
701,8
701,3
370466,3
186360,4
197177,4
136814,3
76443,1
51987,1
1080,6
1080,12
279606,6
279606,12
235563,6
235563,12
156224,3
62079,3
26678,3
188329,3
92654,3
1452,10
188860,10
252054,10
176858,10
188936,1
27000,1
27165,10
189380,12
189382,2
204060,2
204100,2
229800,2
84816,2
204103,2
2345,2
269666,2
114052,2
204508,6
204508,8
198599,1
525557,1
525557,8
285301,1
91436,1
279422,1
229826,1
505038,8
222355,1
267957,8
28037,8
222764,1
160597,1
160601,1
160605,1
85196,1
76414,1
92952,1
215028,1
85314,1
162303,1
91231,1
62689,1
160608,1
160599,1
160600,1
72250,1
2450,1
94584,1
288047,1
316563,8
3007,4
322522,4
377850,1
85666,1
117949,1
153280,1
380896,1
107938,1
3256,1
3263,1
209918,1
209918,8
99752,1
99752,8
209938,3
210071,4
317980,3
317983,4
121215,4
193093,3
193097,4
3729,10
3873,1
3873,8
192948,2
45163,2
104347,2
96784,2
42686,2
42686,11
47562,2
166427,2
92742,2
115605,2
155023,2
158105,2
210201,2
275081,2
125875,2
83479,2
228293,2
175771,2
309500,2
58113,2
357472,2
47922,2
42310,2
135819,2
210865,2
92911,2
121355,2
240435,2
236388,2
343476,2
370153,2
121395,2
84931,2
330948,2
124773,2
66751,2
74764,2
118322,2
93629,2
42965,2
92677,2
72944,2
102460,2
73491,2
248294,2
105770,2
191880,2
52852,2
60374,2
138419,2
89684,2
269517,2
64885,2
325730,2
90019,2
63662,2
89251,2
248326,2
179951,2
258270,2
210051,2
64636,2
68575,3
68575,11
210285,2
336174,2
86150,2
223011,2
121411,2
211341,2
165444,2
118020,2
66003,2
210828,2
55221,2
151322,2
95290,2
218967,2
109855,2
386133,2
214272,2
345663,2
273152,2
209761,2
378470,2
363821,2
314964,2
62064,2
248371,2
135364,2
62379,2
44484,2
227096,2
240897,2
285911,2
277428,2
98808,2
192961,2
210980,2
369960,2
357517,2
350041,2
287946,3
275537,2
287585,2
317729,2
295309,2
343466,2
317853,2
121398,2
283674,3
248385,2
248457,2
181515,2
135820,2
183757,2
368498,2
269668,2
281770,2
76469,2
280941,2
315658,2
382788,2
367512,2
238049,2
295310,2
121356,2
111659,2
349479,2
121412,2
166980,2
369153,2
100048,2
357492,2
272994,2
46821,2
236939,2
3922,2
101084,2
213128,2
3930,2
158122,2
298389,2
243587,2
51873,2
239582,2
52851,2
3940,2
197000,3
197000,11
138410,2
76727,2
52296,2
315470,2
29433,2
171093,2
367702,2
29434,2
366810,2
315476,2
93961,2
162676,2
177380,2
223029,2
29444,2
209285,2
90318,2
91934,2
213183,2
213184,2
101094,2
115601,2
3968,2
3970,2
210968,2
22086,2
170243,2
3975,2
320528,2
56819,2
96425,2
335067,2
213316,2
3981,2
94609,2
211176,2
20154,2
139151,2
248411,2
174136,2
248413,2
89878,2
236942,2
81568,2
65762,3
65762,11
68369,2
213160,2
176514,10
176514,1
214210,1
30617,3
30617,4
42714,12
4431,12
383818,12
334653,12
96790,12
290367,12
91339,12
251723,8
4695,6
86881,6
243108,1
5187,3
118678,1
73325,1
88997,3
5352,1
31170,2
31530,1
179107,4
179107,8
179106,4
179106,8
353620,2
6052,2
203383,4
70239,4
6296,4
6329,4
6471,4
143557,3
47112,4
220414,3
56095,3
89377,3
315404,4
194469,10
82419,10
76037,10
201744,3
201744,12
135266,3
135266,12
31411,1
196699,1
105021,1
356566,1
356567,1
227876,1
299328,1
236572,1
255445,3
255445,10
87415,3
87415,10
7513,8
49149,11
247298,1
234183,11
52680,1
247299,1
229865,6
124800,1
159027,10
92065,10
8068,10
57031,10
53745,10
49472,12
8233,1
8234,1
195667,2
99849,8
99849,1
39245,3
204072,3
502129,3
108526,3
108424,3
202927,3
116786,3
526495,3
272380,3
332890,3
62333,3
179838,3
169884,3
270315,3
306716,3
286558,3
91715,2
117193,2
162460,2
101019,2
175630,1
175630,8
181585,1
381385,4
381385,8
127219,1
334805,4
334805,8
91532,1
114574,1
71746,1
130976,1
181976,1
100400,1
381386,4
381386,8
372357,1
372132,1
50906,4
50906,8
154519,1
90816,1
98931,1
136425,1
136425,8
511060,2
305539,1
319790,1
286080,1
177827,1
305540,1
358860,1
333080,4
333080,8
86012,2
522650,2
510831,2
56719,11
56719,6
56719,2
49955,1
103384,6
182233,1
74325,1
109035,1
63904,1
117114,1
525457,1
124403,1
132684,1
85207,1
9890,1
191049,1
57117,1
53254,1
202436,1
224063,1
224065,1
178587,1
178611,1
178603,1
178613,1
178605,1
141959,1
142412,1
63829,6
270825,7
73338,7
272624,7
375375,1
375375,7
293767,7
284866,7
73943,3
334827,2
314989,2
21324,1
21324,8
10439,1
10439,8
118808,2
324253,1
324253,8
10565,1
286087,1
350960,1
153388,1
57749,1
301212,1
10657,2
10672,8
75812,8
526158,1
526297,1
507326,1
528701,1
507615,1
507272,1
507259,1
507237,1
507413,1
507531,1
507669,1
507628,1
46843,2
211142,1
319080,8
319080,4
92325,8
92325,4
74908,8
74908,4
315253,8
315253,4
168214,3
63736,3
243743,3
113476,3
129746,3
169012,3
49537,10
11436,10
515271,10
89513,5
89513,9
26964,9
26964,5
92079,9
92079,5
43955,9
43955,5
120495,9
120495,5
103096,5
103096,9
94252,9
94252,5
219637,5
219637,9
259103,9
259103,5
81626,5
81626,9
11723,3
315769,1
23213,2
184370,2
12399,1
168482,12
78601,11
261422,1
261422,4
68996,1
182551,1
12701,1
330945,1
182177,1
193575,1
91535,1
74236,1
84757,1
13256,1
94563,8
279604,6
279604,12
105518,2
114313,4
114313,1
14215,2
160828,9
160828,11
58876,3
73640,3
88816,4
14476,3
109972,3
97064,3
89235,3
300890,3
224841,1
56251,1
106017,1
61820,1
89357,1
102502,10
200995,1
61089,1
285761,1
15925,1
242043,1
239921,3
74133,3
328857,3
75860,3
165889,3
311384,2
77159,1
77159,2
275727,2
96306,1
96306,2
313134,2
91887,2
91663,1
91663,8
66644,2
329162,2
49944,2
49944,8
48849,1
48849,8
121819,2
51261,2
353934,2
385272,2
118372,1
118372,8
150754,2
130060,2
119705,2
129773,2
95631,2
75567,2
55292,2
95820,2
301289,1
301289,2
346709,2
371272,2
99025,1
352490,2
44752,2
302183,2
49618,2
71407,1
71407,2
92472,1
195680,1
279488,2
281852,2
349551,2
119880,2
333002,2
118163,2
155939,2
125813,2
46673,2
83300,2
98787,2
237144,2
151394,2
68057,2
78664,2
120969,2
60098,2
50058,2
52441,2
98177,2
98520,1
39546,1
39546,2
56331,1
56331,2
225104,2
105114,1
96511,2
39569,2
85290,2
89698,2
217732,1
142619,2
204249,2
119691,2
33930,2
349891,2
89946,1
89946,8
96303,2
329387,2
48418,2
99113,2
99573,8
171761,1
171761,2
214878,2
147176,2
126117,2
202393,2
256381,1
100077,1
100077,8
43355,1
43355,8
96545,1
78433,8
78433,2
295271,2
121960,2
127662,1
142277,2
143615,2
171735,2
217501,1
288632,2
39782,2
39782,1
320306,1
280367,2
57489,8
57489,11
329063,1
355017,2
376696,2
126872,2
31382,1
97957,1
199208,1
199208,2
82306,1
33950,8
97350,8
385169,1
385169,2
93417,1
90783,1
280498,1
280498,2
526454,2
281853,1
281853,2
243589,2
128832,8
139398,2
219202,2
122403,1
127653,11
127653,8
121468,2
511748,1
511748,2
145436,2
125680,8
129653,2
329533,1
329533,2
90137,1
57756,1
57756,2
94161,1
94161,2
119708,2
119720,2
153639,2
93951,1
93950,8
93950,11
72828,2
72828,8
42976,1
42976,2
53593,8
53593,2
256414,2
142565,2
126244,1
126244,2
79166,8
79166,2
99104,1
84642,1
84642,2
98311,1
98311,11
98311,8
90342,1
90342,8
98209,1
98209,2
127740,1
127740,8
276821,1
129521,1
129521,2
86742,2
154624,1
126494,2
256419,8
256419,2
51334,1
310374,2
97549,8
94921,2
59759,1
59759,2
119002,2
93987,2
225189,2
82421,2
140946,1
227211,2
40092,2
295145,2
131346,2
118175,1
214494,2
62992,2
215227,2
47417,1
63579,1
58887,1
90701,2
142605,2
74956,2
91326,1
86672,1
89806,2
93486,2
84374,2
90049,2
312972,2
229291,2
64511,2
49640,8
89758,1
89758,2
331358,1
331358,2
61754,2
115713,1
115713,8
93776,2
281851,2
39375,2
157638,2
121820,2
175605,1
175605,2
80994,2
353033,2
353933,2
270845,1
270845,2
79658,1
312974,2
331393,1
331393,2
320090,1
320090,2
222243,2
373820,2
379022,2
102369,8
525703,2
313058,2
94854,2
95090,2
301288,2
219673,1
331648,2
56237,1
56237,2
150543,2
137888,2
99896,2
45432,2
109801,1
329372,1
329372,2
371271,2
311377,2
119714,1
181217,1
270848,2
219203,2
295146,2
93649,11
93649,8
70891,1
139504,8
202394,2
66156,2
95248,2
47426,1
47426,8
241747,2
129368,2
333001,2
104154,2
108245,2
67851,2
67851,8
170772,2
157749,1
204248,2
511334,1
511334,2
143616,2
93610,8
282464,2
211673,2
218116,2
212113,2
313057,2
129655,2
42501,2
154931,2
27082,2
76291,1
53991,1
349552,2
202258,2
324284,2
130061,2
98864,1
98864,2
346247,2
127779,2
170453,1
320305,1
284792,2
217500,1
98933,2
297692,1
355016,2
150035,2
153588,2
295712,1
329061,1
77050,2
175960,2
148200,2
85497,2
280366,2
192847,1
205480,1
114028,1
114028,8
72871,2
93875,2
55836,2
383493,2
383493,8
16013,2
16013,8
131303,1
131303,8
303897,1
303897,8
87007,1
87007,8
166566,1
303853,1
303853,8
304215,1
16026,1
16026,8
304217,1
16037,8
83430,1
303857,1
140978,1
140978,8
263511,8
16044,1
39312,1
304211,1
303896,1
303896,8
304224,1
99226,2
304343,1
97132,1
97132,8
22258,1
304218,1
94872,2
92108,8
226763,1
226764,8
304344,1
304219,1
324354,8
324354,2
304350,1
57614,1
57614,11
304210,1
303846,2
303855,1
303855,8
16070,8
225292,1
225293,1
225293,2
304226,1
304345,1
73193,1
70355,1
304216,1
16082,1
16082,11
39340,1
304209,1
104673,1
69752,2
304208,1
304321,1
112027,1
112027,8
90051,1
90476,1
90476,8
48428,2
33926,1
33926,8
77484,1
77484,11
77484,8
15993,1
55648,1
39330,1
53788,6
121842,11
341906,10
44595,11
48444,11
52686,11
200324,11
126379,11
60609,11
135616,11
153693,3
153693,10
153693,8
59437,3
59437,10
59437,8
511265,10
131374,11
83398,11
115238,3
115238,2
115238,8
75680,11
307083,3
307083,10
307083,8
306022,10
291458,3
291458,10
291458,8
66875,1
71001,3
71001,10
71001,8
330682,10
330682,4
16143,10
16143,4
84198,6
84198,8
323512,6
323512,8
216501,6
216501,8
321555,11
249852,11
152629,3
152629,10
152629,8
124621,1
159019,11
159018,11
112476,3
112476,10
112476,8
159014,3
159014,10
159014,8
227322,4
116992,4
102808,4
47501,4
226681,4
16157,4
203940,4
59508,4
238543,8
195078,1
361033,1
361033,8
360407,1
360407,8
359276,3
359276,4
62982,1
62982,12
100949,1
100949,12
58365,2
41733,3
20116,3
522895,3
64467,3
131970,1
208144,4
208144,1
24335,1
17456,1
51043,1
137236,1
282654,1
282654,4
18098,12
18292,6
18292,8
18785,3
324521,7
238738,1
238738,8
99385,6
168066,6
18969,6
388776,6
98185,6
329951,6
96065,6
52267,6
226259,6
104167,6
93999,6
83849,6
18976,6
227652,6
19129,1
368921,3
368921,8
19130,1
19131,1
524496,1
273383,1
26265,2
96689,2
222463,2
202841,2
221284,2
156491,8
183384,8
136813,3
186369,3
1094,2
188652,3
105790,3
188683,3
50493,2
42323,2
92569,2
111077,2
118071,2
116863,2
108966,2
61882,2
113906,2
85517,2
160530,2
118062,2
70344,2
116877,2
45443,2
84760,2
72862,2
108112,2
99916,2
111872,2
58402,2
27991,2
153118,2
74315,2
50191,2
222757,2
2361,2
76834,2
90612,2
49153,2
160509,2
45517,2
153072,2
92305,2
222761,1
28038,1
2442,1
94248,1
46482,1
62432,1
2449,8
28087,1
28094,1
85046,1
503505,2
291226,2
502957,2
524628,2
59631,2
89188,2
210218,2
281344,2
210260,2
121379,2
210261,2
275316,2
166978,2
210235,2
138415,2
210870,2
378468,2
210262,2
378473,2
210237,2
229011,2
248506,2
378472,2
210271,2
101289,2
350039,2
48122,2
121380,2
236559,2
210248,2
349476,2
275317,2
166423,2
3925,2
42306,2
78970,2
75827,2
3929,2
94696,2
194933,2
233813,2
98541,2
144236,2
223025,2
275318,2
142484,2
142483,2
223026,2
103810,2
194538,2
73268,2
178393,2
60289,2
210221,2
79001,2
97474,2
89987,2
97574,2
58045,2
83290,2
90776,2
195617,2
56328,2
213303,2
210343,2
322226,2
95043,2
3979,2
52523,2
67837,2
517389,2
171775,2
85541,2
210662,2
296296,3
73304,3
5210,4
5210,1
100130,4
100130,1
246285,4
246285,1
387503,2
60412,1
352800,1
97434,1
6398,1
529334,1
253241,1
247140,1
137754,2
137754,8
9443,2
329573,2
202559,2
128629,2
108090,2
108090,8
208182,2
321786,4
321786,3
321788,4
321788,3
198446,2
198445,2
526104,5
526104,9
54329,1
54329,4
54212,2
98635,2
95670,8
95670,10
311420,1
311420,2
328380,2
42718,2
67249,2
97284,8
57799,2
237142,2
72315,1
72315,2
63413,2
53123,2
125765,2
66412,2
256402,2
203431,2
175958,2
39798,2
128761,8
128761,2
195831,1
195831,2
42437,2
127079,2
182651,2
54334,1
54334,2
63929,1
63929,2
63929,7
302155,2
72195,2
256424,2
70028,2
320038,2
68016,2
79762,2
82500,2
317845,2
155724,2
99392,2
97998,2
320040,2
316263,2
97683,8
97683,2
318811,2
328381,2
175959,2
311003,1
311003,2
329165,2
40466,8
16051,2
16053,8
21234,1
21234,8
20302,1
20302,8
75454,8
131924,3
131924,10
131924,8
70674,3
70674,10
70674,8
50568,3
50568,8
50568,10
94042,11
237975,2
237975,8
237975,10
372446,3
372446,10
372446,8
372445,3
372445,10
372445,8
87706,3
87706,10
87706,8
76245,3
76245,10
76245,8
220551,3
220551,10
220551,8
121841,3
121841,10
121841,8
297896,3
297896,10
297896,8
79371,3
79371,10
79371,8
372444,3
372444,10
372444,8
16133,2
16133,8
16133,10
99054,2
99054,8
99054,10
16146,11
98947,1
98947,8
57012,1
373802,1
373802,4
16304,1
202362,3
17427,2
17427,11
114079,11
300972,4
300972,1
17458,2
63714,1
75408,1
255321,1
138514,1
17979,2
18618,3
18618,6
324518,1
324518,8
329749,2
52351,1
344130,2
190971,2
120550,4
120550,1
188906,2
59389,2
153934,1
311449,3
311449,7
81324,1
320084,6
127797,2
210270,2
111737,2
223030,2
90381,2
362089,1
362089,3
500492,1
500492,3
32839,4
32839,1
9848,6
243481,1
12568,1
120838,1
239328,1
127281,2
75308,1
75308,2
296336,2
254057,11
179398,11
121054,11
44494,11
239774,11
192830,11
59044,11
230253,11
45647,1
120837,1
18051,4
18051,1
191283,4
191283,1
357126,2
184101,2
184101,8
178240,2
178240,8
197951,2
197951,8
246022,2
246022,8
56432,2
56432,8
154998,2
154998,8
84488,1
332058,1
409,2
222462,2
76425,2
89646,2
95206,2
20686,2
158052,2
12053,6
336045,4
11,4
12,4
184842,4
18,4
19,1
21,1
20,1
133245,4
24,1
24,4
93673,4
130416,4
96451,4
27,1
27,4
29,4
295433,4
184845,4
25970,4
329412,4
21584,4
184847,4
135893,4
33,4
34,4
35,4
135897,4
37,4
184850,4
38,4
192629,4
135900,4
43,4
44,1
108732,1
272893,1
180100,1
45,4
48,4
49,4
184856,4
89735,1
184857,4
73753,4
53,4
327545,4
50206,1
50206,8
50206,6
60282,1
42392,7
54,4
55,4
184865,4
184869,4
59,4
96162,1
60,4
79631,1
61,4
328806,4
49756,1
49756,8
49756,6
59496,8
375361,4
238660,7
177970,4
350048,8
272896,8
92953,8
326201,4
375362,4
238661,1
238661,8
136387,4
327546,4
101263,4
63,4
66,4
68,4
96544,4
69,4
74,4
184875,4
77611,1
77611,8
77611,6
184877,4
99742,4
184879,4
272653,1
241646,8
379588,1
90724,1
153883,4
269083,1
185047,1
185047,8
130359,1
116421,1
116421,8
374992,1
515157,4
99757,4
171,4
172,4
95741,8
93814,8
197667,4
77212,1
178,4
180,1
185057,4
183,4
99727,1
93022,4
327429,4
100035,1
125660,1
188,4
188,8
192,1
90308,1
197,8
98827,8
269908,4
26050,8
185079,4
185079,8
63737,1
198120,8
185080,1
26054,4
185084,4
312408,1
185089,4
209,4
210,1
213,4
214,1
126382,1
26057,4
185103,4
185103,8
185104,8
224,4
224,8
185108,4
185108,8
185109,4
254245,8
98062,1
366890,1
158285,4
158285,1
181349,8
81863,4
93695,7
45363,4
191899,4
57510,4
94932,1
48739,1
170385,1
366989,1
219,1
124217,1
181366,7
170485,1
306731,1
93291,1
73496,4
60978,8
321632,1
515160,1
515160,8
160503,4
160503,1
42760,4
233,1
167915,4
167915,1
232427,1
23217,1
154502,7
87546,1
185110,1
244,4
55175,4
335493,4
87420,1
185117,1
246,8
192856,1
72422,4
251,4
89715,8
87341,1
87341,8
254,1
64076,1
99961,1
94700,1
97093,4
97093,8
197690,1
89005,4
89005,8
124258,1
86268,4
98869,8
260,1
173048,1
117421,1
83939,1
83939,8
90164,1
249819,4
81263,4
94728,1
328811,1
328811,8
54579,1
54579,8
119802,4
119802,8
89699,4
89699,8
175032,4
90538,1
232445,4
232445,8
274,1
276,1
180671,1
198119,1
198119,8
227692,4
209826,1
160563,4
239412,1
239412,8
97324,4
278318,1
119848,1
97418,4
222273,1
222274,1
253674,1
119803,4
64775,4
92729,1
185127,1
26179,1
26179,8
277,4
167916,4
170617,1
72203,1
72203,4
192858,1
192858,4
26180,8
68648,8
60612,1
60612,4
185128,1
281,1
66162,1
130358,1
90714,4
90714,8
116215,1
116215,8
185133,4
67192,1
167917,8
195003,4
185136,4
95568,1
289,4
194728,4
178549,4
85460,4
185139,1
185139,8
291,4
293,4
293,8
85154,1
85154,8
48947,1
45383,1
197645,1
197645,8
131447,1
66660,1
312420,8
26324,8
578,8
579,1
99222,4
99222,8
26340,8
580,8
124282,8
585,8
91606,8
80276,8
129635,8
77295,1
73183,4
82900,8
102995,1
130554,8
247931,4
95991,8
181167,8
26338,1
185789,8
91551,1
92615,4
185790,8
185791,8
88590,8
206719,8
590,8
282575,8
99221,8
118753,8
96712,8
91652,4
95710,8
26335,8
138602,8
90136,1
588,8
733,10
734,10
64275,10
65015,1
751,1
379017,4
894,4
530546,8
530596,8
186322,4
26513,8
312426,8
312426,4
24232,8
24232,4
897,4
99028,4
80567,4
80567,8
312428,8
312428,4
379185,4
379185,8
901,4
373694,8
373694,4
99331,1
232646,4
232646,8
26518,4
26518,8
201936,8
201936,4
26520,4
26520,8
133163,4
908,4
26525,8
186349,4
91790,4
965,1
22801,1
186498,1
247058,1
247058,3
186503,4
186505,4
1073,4
1073,8
186704,4
186704,8
23797,1
188232,1
188852,1
85829,1
99232,1
92355,1
82737,1
308236,4
1456,1
188904,1
66328,1
1469,8
20471,8
188909,8
188919,8
188920,8
188921,8
1472,4
188924,8
188926,4
26852,8
273549,1
276388,1
276369,1
1474,8
188930,8
1476,4
1477,4
383406,4
187734,1
156157,4
243120,1
1687,1
156847,1
1929,4
1934,1
1935,1
523356,12
312434,4
203081,12
1993,1
25200,8
328103,1
203743,1
203744,1
203746,1
203747,1
203751,1
155168,4
331771,1
90581,1
90581,8
205671,1
98997,4
387087,7
387349,8
387349,1
191983,8
365909,4
102758,1
27873,7
500196,7
27874,4
500195,7
180672,8
282529,7
203973,7
96281,1
96281,8
108836,1
313625,1
328436,1
328436,8
328433,1
124420,8
110595,8
88401,1
291159,1
291159,8
121575,1
252628,1
276480,1
98645,1
98645,8
25806,1
203962,1
203976,8
312122,1
203978,1
203978,8
203979,7
203983,8
203984,1
48794,4
222739,8
2240,4
101745,1
153030,1
203986,1
387042,1
387044,1
2241,1
2242,1
2242,8
82669,4
239413,1
82829,4
330985,1
330985,7
330985,8
328086,1
328086,8
236176,1
236176,8
170726,1
170726,7
170726,8
167919,8
167919,1
172786,1
172786,8
27889,1
27889,8
232649,1
232649,8
203015,1
203015,8
2245,1
203989,8
203991,1
203991,8
2247,1
2247,8
332079,1
332079,8
2248,1
203992,1
387068,1
387068,8
387075,1
387075,8
2251,1
27898,8
25805,1
203994,4
203995,1
217927,8
117491,8
2258,1
317630,8
232777,1
322039,1
324902,1
387188,8
92252,1
127382,8
197971,1
204000,4
204001,4
2260,4
51269,8
93820,4
134149,4
322108,4
21419,4
2261,7
171216,7
177978,7
374785,8
250272,8
232666,7
387048,8
387049,8
387053,7
94258,7
96844,4
135400,8
91605,7
97920,8
92577,7
92990,7
297791,8
174960,7
203967,7
233015,7
143091,7
162028,8
162029,8
27907,4
2269,4
134178,4
204006,1
2276,4
107126,4
204007,1
204007,8
204008,1
204010,1
100356,1
374786,4
121913,1
128260,1
209813,7
214752,1
170867,8
170867,1
222750,1
387109,1
387109,8
387114,1
387115,1
387120,1
387120,8
387363,1
387118,8
387122,8
387129,1
387131,1
387132,1
386979,1
386980,1
386981,4
386983,4
110896,8
386986,8
137094,8
386989,4
386990,8
387356,1
337921,1
331664,4
330980,1
243172,8
308241,8
327986,1
387357,8
168313,8
168313,1
94928,1
111776,1
99682,4
113111,4
27924,4
243334,8
238504,8
242610,7
94666,4
342211,8
222752,1
167920,1
203972,1
255438,8
255438,1
308695,1
204011,1
204011,8
308242,1
83686,7
282528,7
222753,7
204012,8
204014,1
27897,4
161288,1
171459,1
334686,1
204686,1
114325,8
19713,4
84953,4
2381,4
60348,4
204809,4
204817,4
204813,4
2425,10
2763,4
90793,4
242730,4
154506,1
154506,8
196538,4
196538,8
215091,4
215091,8
91172,1
170235,4
170235,8
129865,4
155907,1
155907,8
80374,4
335091,1
523189,4
523189,8
96627,4
56006,4
523162,4
523162,8
3141,1
207708,1
21840,1
207804,1
207806,8
82937,8
3149,8
28836,4
28836,7
28836,8
207815,8
21418,1
207825,4
207825,7
207825,8
207893,3
207897,3
75193,3
207901,3
28858,4
3191,8
208363,8
208364,8
3201,1
93435,8
57894,8
88036,8
381874,8
208436,1
208437,8
208442,8
208444,8
3203,8
21380,8
43621,8
208446,1
98518,8
3288,4
133002,4
133005,8
133006,8
329621,8
222940,8
3295,8
93375,8
84567,4
181573,7
181573,8
3298,7
3298,8
167956,8
100314,8
211077,4
156296,7
156296,8
96107,1
96107,7
94144,4
99703,4
115814,8
3292,8
96662,8
208951,4
208951,8
3351,4
3351,8
208956,4
208956,8
329640,1
329642,1
3387,1
3389,1
305869,4
305866,4
305871,1
305867,1
136846,1
209332,1
305599,1
3415,1
187904,7
179785,7
140394,1
140394,8
187903,7
187905,7
94012,7
178306,7
97899,1
3416,1
150341,7
151107,7
28979,8
245164,1
360238,1
245162,1
335786,8
506544,1
251128,8
268915,8
195814,8
506839,1
506795,1
335783,8
309064,8
309065,8
3417,1
150342,8
336152,8
109212,8
24283,1
28983,1
81956,1
198651,1
58391,1
209556,4
209575,4
227239,4
227239,8
157556,4
157556,8
28987,3
3433,4
255925,4
227465,4
3571,4
64632,4
69279,4
92923,4
500203,1
500202,4
329644,1
29092,1
59712,4
329645,4
98378,4
77528,4
254326,4
92331,4
91895,4
91732,1
94601,4
94044,4
94045,1
96372,4
29115,4
83068,4
43652,7
90452,4
116308,4
90250,4
52803,4
66124,4
150986,4
93306,4
91563,4
95050,1
93292,1
95007,4
99620,4
94470,1
110100,1
94544,1
94544,4
99380,4
101852,4
91638,4
93460,4
91143,1
100019,4
329671,4
93565,4
165958,7
165958,4
90087,4
334215,1
50581,8
3614,8
72221,4
84060,1
325482,1
79190,1
94843,1
98740,1
90973,1
98224,1
329681,1
76450,1
93755,1
99245,1
99245,8
375368,1
375368,8
97558,1
136391,1
126625,4
91501,1
329687,1
329688,1
329688,7
97370,8
91179,1
91179,7
81370,1
3639,1
97582,1
99057,1
227072,1
227072,4
90008,1
59286,1
44078,1
83364,1
83363,1
210096,1
3695,1
517691,1
3731,8
195004,8
59390,1
211487,4
112190,1
171749,1
212944,1
226530,1
84577,1
84768,1
3898,1
29393,1
3899,8
196458,8
187584,1
213464,4
213465,4
213466,4
213473,4
213477,4
213480,4
78700,4
213488,4
228834,1
4361,12
79167,1
196443,1
94390,1
191099,1
103072,1
371901,1
214608,1
30629,1
61691,1
113383,1
21060,1
95509,1
179792,1
43654,1
72222,1
89706,1
56107,1
56107,8
31316,1
4391,1
30641,1
241759,1
222295,1
347380,1
75613,1
529873,1
150347,1
239420,1
86660,1
53094,1
140395,1
4396,1
201715,1
195871,1
349262,1
349262,4
243311,1
238265,1
167955,4
374788,4
4517,4
85342,4
324302,8
214722,4
180756,1
30798,8
323400,1
30802,1
30804,1
305586,1
4769,1
90132,1
192860,1
80216,1
121852,1
116107,1
93812,1
57661,1
49409,1
85068,1
334564,1
4770,1
70857,8
113247,1
113247,8
516663,1
516663,8
516670,1
516670,8
45245,1
323478,1
138587,1
30827,1
30828,1
138588,1
30830,1
90715,1
30825,1
195872,1
168233,1
89242,1
194356,1
134311,1
30835,1
30841,1
4782,1
241416,1
61356,1
30816,1
516625,1
516628,1
516627,1
516632,1
516634,1
516637,1
516636,1
516639,1
516641,1
516642,1
516640,1
516643,1
516644,1
516647,1
5000,1
5015,1
92100,1
284972,4
284972,1
52344,1
58692,1
82657,1
134559,1
287964,4
287964,1
87694,4
94935,1
90995,1
59187,1
43219,4
89043,1
115524,1
5022,1
115813,1
5032,4
91984,4
75370,4
22775,4
30936,4
85769,4
74526,4
55428,4
124756,4
320879,7
5062,7
244831,7
124323,4
247015,4
5071,7
30940,4
90963,4
111922,4
95940,4
97666,4
329710,7
5079,4
45903,4
58173,4
50461,4
136396,4
46311,7
5115,1
5116,1
525322,1
154592,1
24531,4
5117,4
271200,1
22191,4
59482,4
271203,1
194106,12
5127,12
192421,12
158306,4
158306,3
161194,4
161194,3
77387,12
51297,12
273982,12
5364,8
334936,8
380535,8
293544,8
206721,8
96467,8
31317,1
5794,12
5796,1
5797,1
5906,12
324027,1
5919,1
5920,1
324086,12
20885,4
20885,8
6092,1
31928,4
6122,4
182055,1
182055,4
31925,1
180514,1
180514,4
6127,1
6127,4
62394,1
62394,4
331599,1
331599,4
128311,1
140187,3
161594,3
223340,1
115565,1
81713,1
6347,1
6350,1
6387,1
32035,1
94345,1
131224,1
32039,1
6394,1
328168,1
239353,1
32041,1
6735,1
22404,8
327518,4
158662,4
158666,4
158667,4
158664,4
158663,4
248846,4
134394,8
6877,8
158708,8
19678,8
373709,8
158712,8
19680,8
22818,8
158713,8
134395,8
54425,8
158696,8
156637,8
125713,8
77748,8
6880,1
115419,4
6882,8
181736,8
167933,8
6887,1
54787,8
6900,8
181744,8
98006,4
71440,1
32649,1
32652,8
61945,8
6910,8
6911,4
195492,4
6926,8
200667,1
200667,4
6928,4
223428,4
200669,4
292102,4
6929,4
6929,1
6930,1
6938,4
102923,1
102923,4
46130,4
136663,4
241546,4
6932,4
6932,1
89495,4
89495,1
94846,4
99157,4
94255,4
74604,4
32658,4
197756,4
91467,4
198383,4
198383,1
89331,4
89331,1
6964,1
324783,1
32772,1
254286,8
324884,8
324884,10
378550,4
378550,8
7122,8
324889,8
324889,10
7123,8
7123,10
156677,8
32822,4
32822,8
254226,4
516740,8
7127,8
7128,8
325020,8
64778,7
102176,8
98653,4
98654,4
95987,4
93753,4
32825,4
32829,4
32829,8
25831,7
25831,8
91418,7
329072,4
99417,8
32833,8
192862,8
94421,8
99254,4
99254,8
90896,8
94363,4
94363,8
98911,8
162310,4
162310,8
112542,8
60571,8
54622,4
54622,8
162663,4
162663,8
156415,8
32855,1
304261,1
32860,1
158820,8
7233,4
329742,4
32955,1
272631,8
7297,8
77330,8
26862,4
7300,1
32945,1
32934,8
234872,8
7308,8
102959,1
251131,8
92471,8
93971,7
96779,8
7311,8
7316,1
91099,4
7319,1
256934,8
253984,8
25143,8
325236,1
32951,8
101076,12
275924,12
255810,12
218776,12
7990,4
92071,8
270484,1
270485,1
285917,4
285917,1
321387,1
358835,4
96255,4
226112,1
195007,4
316996,4
63231,7
63232,4
78045,4
298736,8
54608,8
47124,1
47124,4
137486,7
33602,8
321653,1
80918,8
80437,1
98663,1
179570,8
8114,1
250604,1
66126,1
293490,1
293469,1
293473,1
146141,1
293483,1
73019,1
8223,1
85197,1
63777,1
8222,1
250599,1
250602,1
250598,1
130387,1
108843,1
106374,1
516910,1
8765,1
90871,1
297076,4
88988,4
114569,4
323874,4
8775,4
239292,4
331356,8
8844,1
8845,1
41013,8
90616,1
9087,1
223960,1
91514,1
323903,1
54374,1
323904,1
94288,1
68612,1
9095,1
365892,1
220562,1
41061,4
41061,1
41064,1
92635,1
93164,1
94263,1
107159,1
41073,1
9104,1
9104,4
89722,1
160776,1
96595,1
95739,1
99695,4
99695,1
94307,1
75934,1
89342,1
63339,1
79739,1
159349,4
159349,1
373011,1
160777,1
323624,1
323909,1
175631,1
191694,1
343327,1
135410,1
218895,8
21251,1
41117,1
22169,1
22169,4
141100,8
97711,1
94473,1
96268,1
194034,1
95564,1
99486,1
92652,1
72918,1
93440,1
41119,1
80681,4
80681,1
80682,1
383426,4
383426,8
9500,8
110889,8
57479,8
521656,8
85325,8
85326,8
59459,8
9504,8
241103,8
179236,8
238921,1
250358,4
9532,4
9532,1
95911,4
93419,4
69145,1
9537,1
91774,4
93445,4
52767,1
92920,4
198426,4
329789,4
97581,4
95006,4
329832,4
134565,4
224014,4
144278,4
144278,1
329831,4
98531,6
9619,1
57480,4
53771,4
329792,4
9636,4
9636,8
253439,4
97506,1
139993,4
9643,4
74918,4
224016,4
124324,4
131762,4
329867,1
120485,1
119074,4
9586,4
55518,1
103060,1
536060,4
52691,1
120484,1
9743,4
49265,8
336165,8
9772,8
177985,8
95532,4
113337,1
501414,1
317658,1
522698,1
105654,1
44171,1
309843,8
64883,8
526078,8
100448,1
66102,8
337345,8
334813,8
375138,8
69924,8
526282,8
140547,6
140547,7
140693,8
140693,4
9876,1
99463,1
537076,1
530198,1
74790,1
27587,4
66117,4
10103,1
19593,1
89477,8
89478,8
25852,8
21737,1
93167,4
134953,4
241207,4
146049,4
180669,4
145959,1
47772,1
152082,1
109631,1
10338,8
48707,8
100293,4
80337,4
200049,4
349236,4
228181,8
10350,1
301973,8
10385,1
522909,4
23783,1
23783,3
247062,1
247062,3
22206,1
22206,3
19921,1
44874,1
228849,1
52470,1
10624,1
74323,1
74323,8
46577,1
326287,1
85550,1
41407,8
144201,1
517540,1
517540,8
518340,1
43334,1
521599,1
521599,8
110596,1
110596,4
140730,4
292103,8
106308,1
144200,1
234966,1
222314,8
222314,1
181916,4
181916,8
217861,1
155056,1
217852,1
110432,1
241031,1
241032,1
140627,8
140478,1
241774,8
88858,8
189766,4
189766,1
194357,8
113404,1
113404,8
112062,1
195073,1
129559,8
302877,1
302877,8
63114,1
120493,4
120493,1
92931,1
88862,1
156225,4
156225,1
110406,1
131226,1
170791,8
172955,1
46896,1
46897,4
46897,1
521746,4
521746,1
385719,4
385719,8
75128,1
287492,1
287491,1
529338,1
10687,4
10687,8
284813,4
284813,1
140605,4
140605,1
10689,8
10685,1
69226,8
150385,8
309286,8
216831,8
82978,1
141110,8
141110,1
107272,8
139127,8
139127,1
91481,8
140733,8
511878,8
98283,8
309285,8
150501,8
154048,8
150504,8
355964,8
95963,8
95963,1
249640,4
284507,8
345474,8
23437,8
211248,8
211248,1
374506,4
155846,8
155846,1
284542,8
306185,8
22141,8
138582,1
138582,8
324313,1
10699,1
80812,1
196437,1
196437,4
64268,1
119324,1
284032,1
284032,4
60854,1
224193,1
10701,8
137773,4
137773,8
140625,4
140625,8
379019,8
137323,8
272203,8
324338,1
383561,1
23120,8
298945,8
131840,8
308254,1
308254,8
178464,1
60019,1
140650,1
10714,1
158326,1
155951,8
155951,1
129561,1
65141,8
58212,1
88901,1
141103,8
141103,1
239625,1
139140,8
190857,8
153789,1
140781,8
10722,8
79464,1
79464,8
331030,8
191994,8
331029,8
299744,4
299744,1
268726,1
164617,4
85968,1
54062,4
54062,8
93884,1
324335,1
75776,8
133388,1
133388,8
10706,8
119227,8
82053,1
47348,1
55643,8
319839,4
139139,1
58159,1
140655,8
83946,1
78533,1
39792,1
190854,1
190854,4
67825,1
67825,4
72570,4
517511,1
517511,8
331487,8
10762,8
98350,8
178939,1
45272,1
117432,8
71740,1
304293,1
10765,8
91559,8
10768,8
202338,4
202338,8
524648,4
524648,8
113257,4
113257,8
180764,1
379048,4
60558,4
60558,8
212571,8
207712,4
207712,8
10778,8
80151,8
42329,1
25759,8
60855,8
217919,8
10771,4
49938,8
180853,1
80907,8
159736,8
308664,1
308664,8
522908,4
10960,1
90895,1
56078,1
64367,1
11088,1
11093,4
42372,4
182094,4
376195,4
299510,1
263256,1
341676,1
284570,1
284566,1
379018,4
246247,8
177855,8
227887,8
177854,8
296046,8
22143,8
323817,8
292865,1
292865,8
329308,8
11216,8
83475,1
83475,8
78885,1
78885,8
132977,1
132977,8
329320,1
329320,8
183314,8
49779,8
85536,8
21747,8
193004,1
193004,8
72578,8
227998,1
227998,8
171242,8
75705,8
83476,1
83476,8
11217,1
78886,1
78886,8
49960,1
49960,8
45439,1
48637,1
11313,1
11315,1
239678,4
354256,4
354256,8
375402,8
106196,1
297530,4
11565,4
25176,4
78084,8
78084,4
353032,8
329519,1
174080,1
174079,1
25895,1
349483,8
258465,1
11640,1
276335,8
276335,4
251092,8
251092,4
343131,8
269378,1
46235,1
307735,8
307735,4
174075,8
174075,4
307736,8
307736,4
240356,8
240356,4
67363,8
67363,4
110147,1
88367,1
511746,4
511746,8
249401,8
249401,4
276334,8
276334,4
329518,8
329518,4
174083,1
273615,4
171243,8
11735,1
125365,1
335185,1
12012,4
12012,8
12060,1
141267,4
12082,4
141384,1
375415,4
375415,8
269856,4
269856,8
77014,1
44704,1
12341,1
334242,8
124274,8
227964,8
361051,4
194984,4
194984,8
307364,8
307364,7
75875,8
75875,7
351809,8
351809,7
271610,8
54136,4
359338,4
329545,1
163271,8
163271,4
176017,8
176017,4
235063,8
107687,8
107687,4
369601,8
369601,4
21410,8
375426,8
375426,4
21378,4
21378,8
24488,1
12667,1
168087,4
168087,8
72567,4
72567,8
12767,1
12768,4
12771,1
12802,1
12803,1
83343,1
82748,1
253825,1
253825,8
21013,1
20535,1
99155,1
12852,1
12852,4
12852,8
140783,1
12899,4
97950,1
44449,4
84262,4
44450,4
126627,1
117433,4
83770,4
94308,1
368132,1
98841,1
160385,4
91486,1
115358,1
53864,1
180117,1
318221,4
386206,1
101830,1
116943,1
140792,4
54418,1
329987,4
12928,4
12931,4
12936,4
88250,4
12941,4
367147,1
385655,1
181542,3
83270,1
69028,1
12947,1
79000,4
12954,4
330006,4
56015,4
95700,4
140949,4
330000,4
12966,4
99400,1
252947,4
90723,4
226136,1
12969,1
92725,4
211216,1
82185,4
75326,1
12974,4
291206,4
195010,4
79265,1
224541,1
238710,4
375437,1
138342,4
87502,1
110211,3
298435,1
91537,1
98036,4
59991,4
141134,1
92653,1
12980,4
330033,4
12984,4
168042,1
70814,1
52609,1
12985,4
196028,4
12990,1
80060,1
13050,4
13056,4
13057,1
13057,4
13066,4
284474,4
55341,4
13067,4
13068,4
77655,4
13075,4
168043,1
331832,4
13085,1
13085,4
24678,4
13087,1
368381,1
133030,1
84341,1
331783,4
13090,4
56049,1
13092,4
194382,1
224556,1
208026,1
330171,4
251948,4
299512,4
198454,4
331807,4
293740,4
331802,1
208694,4
208694,1
98407,12
98407,1
69227,1
48246,1
71377,1
89481,1
94086,1
165975,1
165975,3
72728,1
182553,1
224558,1
270508,1
93034,1
47267,1
13106,4
13107,1
45470,1
226142,1
331813,1
500224,1
45127,4
75246,1
46921,1
44091,4
215365,4
46920,4
13113,4
77345,1
67902,1
346632,4
346098,4
360921,1
208027,8
142740,8
69464,8
13115,1
13118,4
13123,1
331846,4
58231,1
13128,4
85554,4
142776,4
13130,4
13132,4
13138,4
87248,7
80992,1
43092,1
275013,1
13141,4
91667,1
84553,1
85516,4
103378,1
66741,1
82350,1
68010,1
330671,1
83464,1
99295,4
133032,4
143237,4
13148,8
115367,4
254540,4
45916,4
13152,4
13169,4
13169,8
62073,4
218472,4
329932,8
331884,4
331885,4
13226,8
13228,4
84135,1
42513,4
53405,1
96764,1
13225,1
173479,1
19629,1
13244,1
165465,1
165988,1
354425,1
165484,1
165490,1
508056,8
13348,1
72418,1
88343,4
22225,4
13364,1
13395,8
331875,4
331873,4
331865,4
88677,4
13503,8
67867,1
88346,8
307988,1
13510,1
331869,8
13512,4
131261,4
58361,4
101023,4
42248,1
65086,4
156655,4
156655,8
160637,8
88347,4
88347,8
13520,8
13527,4
13527,8
108956,4
70023,4
323268,4
88345,4
113336,4
68970,4
96277,4
25828,4
88344,4
331877,4
180674,4
98451,1
13508,8
331874,4
192875,4
54600,4
21842,4
56931,1
56931,8
142858,1
142858,8
25812,1
25812,8
150377,1
331862,4
95518,4
205677,8
251950,8
111205,8
130221,8
98361,8
155185,8
227379,1
155186,8
97537,8
322911,8
90553,1
99553,8
255968,7
60881,7
361597,8
171108,8
319256,8
172409,8
319255,8
248870,8
312531,8
236181,1
133175,1
44470,8
138501,8
82563,8
52927,7
138498,8
128314,4
59936,1
102973,8
105250,8
209814,8
194749,8
224714,8
44103,1
334121,1
248869,8
13950,1
87559,8
525656,1
331809,8
96348,8
219117,1
324405,1
53590,1
517180,4
517180,1
291217,4
291217,1
219666,1
89636,1
61117,8
99810,1
150140,1
94416,1
256109,4
256109,1
13958,1
151375,8
323242,8
385267,1
74004,1
319257,1
95022,1
179816,1
309117,1
271646,1
534937,7
71927,8
331803,1
13977,1
534519,8
14003,1
89675,1
99044,1
323085,8
305598,1
14012,1
89562,1
55063,8
536605,1
535987,1
66542,8
325251,7
97220,1
305593,1
14021,1
330944,1
151368,8
14022,8
155191,8
128316,4
14023,8
14025,1
153896,1
327372,1
155192,1
153897,1
51643,1
151364,4
14027,4
25731,8
273956,8
49495,4
14028,8
151367,8
77775,7
331744,4
331737,8
331731,8
331734,1
323024,8
89351,8
14041,1
97063,1
48560,1
305597,1
75794,1
44127,8
124644,1
83999,8
94025,1
192879,7
253106,8
99735,7
331746,8
52928,8
57292,8
271649,8
57293,8
14055,8
331745,8
14069,4
331868,4
331867,4
206324,1
14113,1
92834,1
322893,1
14123,1
14124,1
202499,1
45549,8
25256,8
269507,8
524103,1
524136,1
245581,1
352641,1
305584,1
282102,8
282101,1
282103,1
14226,8
89839,4
96418,1
14227,1
237537,8
378081,4
182211,4
305583,1
14231,8
14232,1
69543,8
91185,7
256591,8
357448,8
92364,4
92364,1
291762,4
291762,1
64645,1
64645,8
14240,1
324384,1
322747,1
322748,8
114954,8
114954,1
14243,8
118402,8
80799,1
121096,1
121095,1
181171,8
14244,1
14245,8
25755,4
25755,8
14246,8
124414,1
105396,8
329194,8
14250,8
124415,8
121126,8
134696,8
134697,8
286415,8
286415,1
242276,8
134391,8
28926,1
324382,8
326262,8
109152,8
43109,8
14256,1
379147,8
375447,8
14257,8
254304,8
14264,1
83321,8
118404,8
76025,8
254308,8
14275,8
41869,8
25869,8
46209,8
322743,1
21515,8
103618,8
153807,8
51913,8
28189,8
121094,8
14286,1
14288,8
14290,8
91838,7
14294,8
54821,8
291765,8
60209,8
174916,8
49314,8
291766,8
14305,1
97110,1
140480,8
14306,1
337645,8
139605,8
14307,8
23744,4
21259,8
235984,8
14309,8
282722,8
14310,8
375463,8
254421,8
140352,8
378194,1
378197,8
378198,8
378201,1
41027,1
14260,8
134960,8
14262,8
75037,1
174920,1
71207,8
113503,1
49462,1
80096,8
113532,8
86010,1
121106,1
92590,1
306894,4
276849,4
254232,4
273159,4
44576,1
81966,1
380538,1
14466,1
14886,4
80979,1
62088,1
130593,1
14906,1
322345,1
329363,1
15247,1
15371,1
100801,1
15573,1
15711,1
331830,1
15831,4
21746,1
328093,1
328850,1
328851,1
15837,1
15914,4
42278,1
329743,4
324250,8
89135,1
323325,8
152425,1
44624,1
58736,1
97712,8
128317,4
25117,1
297507,1
297507,8
220873,1
16221,1
64024,8
64024,7
300926,1
300926,8
370650,8
68890,8
244564,1
329150,1
53942,1
53943,7
78773,7
225328,1
50139,1
47245,8
93158,1
225329,1
121056,8
85868,1
121055,1
84906,1
206373,1
297501,1
66012,7
72246,4
73906,4
303840,4
82656,4
194488,8
211794,1
45355,8
68026,8
89961,1
16256,8
92968,4
51693,1
16295,8
253370,1
221216,1
65886,7
322784,1
215645,1
329151,8
16249,8
324235,8
239902,8
137115,8
121196,8
62283,8
226272,8
324193,8
324193,7
324192,8
58302,4
44746,4
44746,10
245865,4
245865,10
329129,4
329129,10
245866,4
245866,10
196884,1
256946,1
161170,1
16830,4
165986,4
335099,1
370754,1
370754,7
285444,1
17257,1
211227,1
91144,1
165422,4
63744,1
63744,7
23554,8
185344,4
185344,8
17505,1
17508,1
235384,1
88671,1
112216,4
58043,4
155196,8
155196,4
63856,1
323404,1
500065,4
239143,4
77449,1
225616,1
95813,1
104150,1
323406,1
286342,4
153901,4
80424,1
95171,4
17529,1
17531,8
332162,4
201421,1
238580,1
17533,1
82558,1
17534,1
17534,8
72576,4
90459,1
50205,1
251123,4
192885,1
17539,1
68847,1
97366,4
97366,8
236059,4
192888,1
374053,8
332246,4
43982,4
209816,4
97177,4
318338,4
101725,4
332164,1
202540,4
332254,4
44755,4
282104,4
171405,4
171404,4
107087,1
17544,4
205663,4
269825,4
17548,1
67651,1
244224,1
281809,4
273106,4
342917,4
284804,1
282646,1
17549,8
332165,4
102372,4
24216,1
100962,8
17552,1
285335,4
17553,8
326299,1
360363,1
107222,4
24220,1
170493,8
117486,1
114646,4
17560,8
47335,4
24221,4
24221,8
132897,4
332061,8
125209,4
98770,1
17566,1
249684,1
23351,4
20715,8
17570,1
17571,1
17571,4
17571,8
136681,4
249685,1
17573,1
113711,1
20717,8
53961,4
53961,8
238564,4
238568,4
238556,4
322298,1
17582,8
328896,1
83382,1
171487,1
23377,4
20308,4
238569,4
17595,1
25064,4
56089,1
385590,4
385590,8
95322,1
329080,4
17606,1
354869,4
354868,4
43516,8
20333,1
17609,4
369939,1
88670,1
17610,1
387163,4
387163,8
17612,1
54063,1
72281,8
515468,1
525141,1
515481,4
124549,1
258566,1
82984,1
258567,1
323856,1
17726,1
323855,1
100221,1
55652,1
51662,1
141262,4
141262,8
383452,4
103952,1
133873,1
328901,1
91737,1
280782,1
280782,4
17794,1
87137,1
17795,1
115586,1
115586,4
17798,1
113783,1
181920,1
231724,1
75792,1
526191,1
75039,1
54141,8
17850,1
52430,4
177966,1
177966,3
376729,1
376729,3
17970,4
17969,4
24097,4
120549,4
17999,4
166033,4
194153,4
363375,4
283842,4
18001,1
379177,1
78410,1
97090,1
511104,4
56556,1
84176,1
84176,8
331750,1
90853,1
18007,1
18007,8
57475,4
57476,4
331753,4
95998,4
105994,1
521407,4
521407,1
56503,4
352019,1
89667,1
84979,1
84979,8
99126,6
98202,1
92969,4
331752,1
521469,4
521469,1
345611,1
345611,8
18025,1
18025,8
93746,4
340960,4
161287,1
501694,1
18042,1
170161,1
334514,1
374005,1
19630,1
136269,1
138594,1
331904,1
63457,4
77166,1
331765,1
18131,1
78230,1
64199,1
220797,1
59180,1
225708,1
78520,1
60960,1
90085,1
90085,4
96463,4
18157,1
18157,4
96265,1
227054,1
103379,4
84774,1
298507,4
25788,1
89917,1
89917,4
18170,1
69411,4
57316,4
115837,4
99151,7
322173,4
18223,8
323175,7
187671,8
102387,4
75377,8
305943,8
332368,8
78021,8
115836,8
18224,8
349993,8
18225,8
374006,8
51734,1
51734,4
52502,8
251955,8
327963,8
131975,8
245757,8
326305,8
332184,8
83664,8
296670,8
18230,8
96290,8
290692,8
500201,4
22341,8
290135,4
66942,8
18234,8
115838,8
18235,8
179562,8
25855,8
308267,8
18236,8
245639,8
323212,7
18239,8
332183,8
95031,8
46186,4
89065,4
139904,8
18245,4
82635,4
208794,7
18238,7
331116,8
92313,8
93218,8
96599,8
94300,8
332177,8
524298,7
22638,8
373844,1
330002,1
18291,1
120575,4
326903,4
182559,4
227929,4
111432,4
121849,4
305874,1
137722,3
18327,3
18443,1
171360,1
331911,4
18463,1
95190,7
18473,4
20927,4
382682,8
332197,4
332190,8
500167,8
156665,8
323224,8
323230,8
18586,8
96715,7
51798,4
164598,8
192898,8
343760,4
323240,4
94715,8
217903,8
21508,8
329033,7
18596,4
323247,8
18605,8
351646,1
383454,4
268898,1
349989,1
19070,1
301019,7
301019,4
196548,4
68706,12
298950,12
132160,12
182647,1
522674,12
75341,12
323306,8
535606,4
329931,8
19206,8
297901,4
350629,4
299756,4
53967,4
283712,4
90186,1
253670,1
253670,8
265880,1
318335,1
318336,1
318416,1
1,1
138970,8
138970,1
25328,1
137191,1
192962,1
219615,1
219616,1
75982,1
4,1
139826,1
329112,1
138980,1
302861,1
378494,1
116005,1
336408,1
318415,8
318415,1
176688,1
370045,1
92408,1
189357,1
176687,1
189358,1
342440,1
112841,1
363867,1
307583,1
338009,8
338009,1
110230,8
337027,8
150776,8
297695,1
314382,1
521097,4
521754,8
521754,4
521476,8
521476,4
521806,4
64337,1
523869,1
96120,1
25995,1
25997,1
385566,8
334632,1
99764,8
299321,8
124617,1
146054,8
303970,1
97476,1
345618,8
102489,1
145999,1
102877,1
99375,1
146391,1
276402,1
50694,1
299322,1
89612,1
523644,8
94010,1
26006,1
345624,4
254431,8
334643,8
231032,1
319953,1
303973,1
71373,4
184899,4
323397,8
334637,8
162024,1
202288,1
87,8
63392,1
95797,1
90286,4
25976,1
93283,1
182254,8
91091,1
95673,1
90,4
77808,1
184934,4
84362,4
104,1
180579,1
248654,1
119599,1
180991,1
90150,1
184962,1
26012,1
184970,1
184971,1
120518,1
184974,1
325323,6
67987,6
184988,6
137,6
138,6
184994,6
26032,6
119073,6
334237,4
334237,8
503303,8
503303,7
502766,8
502766,7
26038,1
281568,1
204370,8
197651,1
334697,1
152398,8
185071,1
193,1
76175,4
270868,4
26059,1
329287,2
134609,1
134609,8
74539,1
269427,1
114144,1
366869,1
74161,1
50818,1
116246,1
116246,8
227,1
227,8
80236,1
80236,8
156632,1
46878,1
46878,8
52826,8
86481,1
196210,1
74748,1
47997,1
517721,1
517721,4
517721,7
83670,1
517660,1
241717,1
241717,8
80644,1
299455,1
299455,8
209978,4
327445,1
222421,8
64080,8
197669,8
517666,1
517666,7
170384,8
180663,7
517705,1
517705,7
501522,1
307444,1
307444,8
196217,4
196217,7
124214,8
124214,1
315795,1
343765,1
343765,8
520954,1
520954,7
210409,1
117420,1
181350,7
181350,8
124213,7
124213,8
209977,7
209977,8
196224,8
55198,8
95977,8
209955,1
210410,4
307445,1
51096,1
194876,1
181353,1
86628,1
75656,1
74992,1
91580,1
517415,1
300947,1
300947,4
357370,1
64981,7
84386,8
194990,1
56762,8
222262,1
222262,4
307990,1
366972,8
335442,1
366973,1
366973,8
99319,8
517420,1
517276,1
382866,1
382866,4
517387,1
517387,4
47342,1
56763,8
269152,8
517425,1
517425,4
114941,8
48740,1
366994,1
81067,1
517434,1
517989,1
517436,1
81792,1
66647,1
77146,1
77146,8
99414,1
84880,1
181365,1
181365,8
367029,1
367029,8
85888,1
197521,1
238669,1
517531,1
206486,1
206486,8
89272,1
149374,1
109523,1
109523,8
73331,1
197679,1
69083,1
131412,1
206657,1
238503,1
367051,1
367051,8
102087,8
53727,1
114943,1
68446,8
135016,1
104659,1
324499,1
57864,1
89375,1
343377,1
343377,4
194999,1
521450,1
521450,7
521091,1
521091,7
348412,1
348412,8
194979,1
194979,7
46266,1
46266,7
529596,4
180664,1
367085,1
367085,8
153800,1
518112,1
43578,1
298491,1
298491,4
67818,1
196755,1
195001,8
236946,1
269447,1
517745,1
517745,7
520694,1
520694,7
26148,1
26148,8
74232,1
517715,1
517715,7
517423,1
517423,7
375062,1
375062,8
231040,1
210447,1
210447,8
76857,1
76759,1
502756,8
502756,7
185050,1
301674,8
301675,8
144454,1
517665,1
26628,1
84481,1
70362,1
70362,4
359,1
359,4
120861,12
89046,12
171672,3
83905,3
84989,4
185360,3
232463,2
66609,2
269475,2
139845,2
113688,2
136523,2
77998,2
99755,2
305531,2
139844,2
305530,2
413,2
345658,2
190776,2
306028,2
416,2
306026,2
306027,2
143604,3
195629,3
445,3
226515,3
79231,3
148134,3
446,1
207492,3
98347,3
82294,12
185506,12
477,12
59419,12
26303,12
487,12
106038,1
522170,1
314082,8
314083,8
304567,8
521353,1
521912,1
522172,1
522173,1
521808,1
521271,1
520983,1
372634,1
376522,8
518742,1
385399,1
520862,1
367850,6
367850,3
296292,1
498,1
83034,1
115631,1
379210,4
379210,1
185690,1
185699,4
185699,1
185691,1
500,1
501,6
501,4
117880,12
363550,1
168381,1
502,1
87203,1
185698,6
185698,4
157560,8
359538,1
54654,4
54654,1
189966,4
189966,1
168382,1
508,1
114287,12
521606,6
185709,4
185709,1
511,1
376425,8
517073,8
520413,8
375209,8
185771,11
185771,1
400084,4
546,11
26315,11
185787,11
593,1
136010,1
149095,3
388019,12
283807,3
372381,1
372370,1
179326,12
139918,3
63945,12
194892,3
269556,3
19714,3
334797,1
84677,1
60161,3
694,3
698,12
218823,12
218754,12
218822,12
258727,3
318725,3
304057,3
176630,3
155071,3
185980,1
26443,2
126923,2
747,2
118759,2
118760,2
124396,2
118762,2
748,2
372805,10
103526,2
359540,3
909,1
909,10
297874,3
524624,3
182464,1
388779,3
190972,3
516721,3
318295,1
318295,3
316781,1
186358,3
96161,1
47871,3
249001,3
186414,1
923,3
924,12
186415,1
51706,12
932,12
934,3
79616,4
186420,1
954,3
954,8
186422,12
186423,12
170647,12
957,3
58482,3
186424,3
186425,12
135837,3
970,12
971,1
975,1
976,1
980,1
981,12
156167,12
186431,12
973,3
501411,1
131619,6
321685,1
73635,1
284648,1
990,1
267966,8
68521,1
63092,4
175531,4
58960,4
88155,4
26593,4
186640,4
154903,1
186659,10
1063,10
186677,10
186682,10
128258,1
128258,4
186680,1
186680,4
186680,10
186688,1
186688,8
111325,1
111325,4
1070,1
1070,4
1070,10
186692,10
1071,10
186714,1
236024,4
188057,10
188057,4
188057,1
69365,10
69365,4
69365,1
156203,1
44699,1
192967,1
133125,4
66351,4
188073,2
329664,2
329663,2
188072,2
114758,2
188075,2
80553,2
62872,2
222505,2
188076,2
74858,2
188079,2
188080,2
188082,2
52913,2
188086,2
89323,2
188087,2
26134,2
523366,2
218282,1
218282,4
330929,9
330929,5
156214,9
156214,5
234064,9
234064,5
188234,1
115552,1
308605,1
97744,1
105667,1
99711,1
188242,1
1185,6
1186,3
1192,3
188324,1
188324,3
188352,1
188352,3
1284,4
1284,8
1293,3
1293,4
1317,3
1317,12
382955,3
382955,12
165272,3
165272,12
188524,3
188524,12
27624,3
27624,12
400218,3
400218,12
26745,3
26745,12
1358,2
188644,2
353713,2
1361,2
26768,1
113924,1
244635,1
1386,5
25289,11
188768,11
188769,11
1395,6
283643,3
81387,3
61123,3
117923,3
115050,3
77999,3
318222,3
1448,1
1449,3
192458,3
88374,3
188864,1
188871,1
27280,1
526099,1
94003,1
83125,1
525411,1
23940,1
1492,1
363913,1
30319,1
156323,1
189072,4
27046,4
164160,4
1545,4
1548,4
1556,4
52944,4
1559,4
389089,12
189089,2
108361,2
108361,8
19867,2
189090,2
1581,2
27050,2
1577,2
1580,2
20706,2
1583,2
1586,2
84281,2
27108,3
180497,1
27097,6
189119,1
189119,3
189120,3
189120,12
93843,6
503972,6
27055,6
222566,3
189121,1
189121,3
28161,6
189124,1
189124,3
143025,1
143025,3
189128,1
189128,3
513777,6
504417,6
99839,6
28160,6
513778,6
189132,6
189133,1
189133,3
1597,3
1597,12
98199,3
222569,3
103842,3
112690,3
328663,3
175135,3
96568,3
50992,3
1600,1
1600,3
314700,1
24286,1
24286,3
104652,3
104652,12
272192,10
194733,1
98354,1
189162,10
189165,10
115404,10
27114,1
196494,1
196494,10
145010,10
66652,10
1610,1
1610,10
189168,1
189168,10
189169,10
281658,10
43102,1
204387,1
204387,10
196488,10
182664,10
93705,10
189173,3
189173,12
1612,3
1612,12
166600,3
166600,12
92327,1
1623,3
1624,1
45986,1
1628,1
43299,3
127453,3
90659,3
189232,1
75996,1
90705,6
189344,4
189344,12
189344,3
1667,4
1667,12
1667,3
189345,4
189345,12
189345,3
1668,4
1668,12
1668,3
189346,4
189346,12
189346,3
27153,10
189350,3
189350,10
94191,10
94191,3
1670,4
61752,10
61752,3
27158,10
27158,3
82171,10
82171,3
46857,10
46857,3
27162,3
27162,10
1671,10
70390,3
189361,10
189361,3
27167,3
331981,4
86972,10
86972,3
27169,3
27169,10
189363,4
97602,10
22727,1
27173,10
27173,3
86973,10
86973,3
26073,10
26073,3
1675,12
189377,12
189379,1
278281,1
269531,4
239707,10
1700,6
71077,6
27189,6
75385,6
41246,6
52127,6
189463,6
27192,6
189476,3
189479,3
189480,3
189486,3
189492,3
189515,3
189516,3
189517,12
189553,12
189581,3
189581,8
189585,12
189586,12
189589,12
168453,3
190726,3
241598,3
1721,3
370498,3
370499,3
304006,3
372872,3
378563,3
1723,12
245528,3
189676,3
189606,3
87597,3
189709,3
189713,3
1728,12
1728,3
380722,3
291477,12
291477,3
25910,12
27207,3
113933,3
148137,3
27210,3
25929,3
25915,3
105619,3
100918,3
1731,12
1731,3
189759,12
189759,3
189610,3
289026,3
245527,3
138204,1
269567,1
373766,1
50479,1
47428,1
55049,1
152631,1
239301,3
378945,1
1790,2
183721,3
513781,4
43874,1
182576,3
182577,3
267550,3
182578,3
281807,3
205678,3
226573,3
1897,3
128361,3
215070,3
270268,3
299424,3
94344,3
60870,3
336925,3
359947,3
104023,3
25930,3
100922,3
194974,3
99458,3
281273,3
114417,3
27552,3
278108,3
267548,3
189714,3
182575,3
344051,3
271376,3
344846,3
120314,3
228394,3
271377,3
285326,3
227943,3
227787,3
198571,3
350687,3
203711,3
195289,3
288003,3
168821,3
27565,3
1902,1
1902,8
1903,1
98880,11
90873,11
222680,11
1917,11
182546,1
137012,1
55848,1
63776,1
131947,1
125055,1
206871,1
182053,1
213963,1
194267,1
151768,4
151768,8
151767,4
150967,1
153906,4
152508,1
329318,1
331939,1
328127,4
328127,8
328129,1
187277,1
331835,8
331944,1
329359,4
328144,1
331833,4
328171,1
530722,1
178257,4
114291,10
331987,3
331987,10
332142,10
332142,3
137249,3
239025,1
20264,1
20513,3
20513,6
344786,1
203074,1
203872,1
1992,2
1992,8
142290,2
142290,8
1995,1
346718,1
317543,3
2009,1
27695,1
228138,1
148474,12
63105,12
274765,12
2026,3
203641,1
203732,1
2069,1
203749,1
203752,1
133978,2
88908,1
27835,1
27787,1
2080,1
333263,1
333264,1
333264,4
2081,1
81261,1
27843,1
242609,1
287699,1
203824,8
203825,1
2084,1
2084,8
121684,1
121684,8
92918,1
68984,1
27809,1
53397,1
2091,1
84075,1
91396,1
2093,1
232559,1
2094,1
27767,1
27767,8
203833,1
203833,8
219621,1
219621,8
2101,1
2104,1
209418,1
129568,1
314959,1
203838,1
49984,1
2110,1
523042,1
523000,1
59225,1
29181,8
27777,8
92891,8
95164,8
203779,1
203841,1
236252,1
2121,1
27783,8
2128,1
203796,1
2130,1
2132,1
2138,1
57998,1
203845,1
81567,1
27840,1
174281,1
321970,1
272775,1
203848,1
203851,1
287937,1
287937,8
203852,1
285749,1
285749,8
27808,1
2183,1
192071,1
99053,1
142493,1
72244,1
72244,4
521342,1
274976,1
240914,1
298439,1
380727,1
380727,4
29184,1
239030,1
239030,4
240498,4
182902,4
301684,1
301684,4
81367,1
65629,1
76139,1
74862,1
222724,1
364854,1
364854,4
89179,1
56582,1
240951,4
366407,1
366407,4
240974,4
357469,1
357469,4
275605,4
67278,1
67278,4
110417,1
301688,1
222726,1
316789,1
316789,4
240961,1
240976,1
240976,4
366409,1
366409,4
94975,1
217801,1
379255,1
379299,1
276435,1
53521,1
58070,1
380728,1
521099,1
115555,1
364890,1
364890,4
301685,1
301685,4
301689,1
99268,1
92715,1
384866,1
384866,8
47996,1
27814,1
42519,4
73387,1
72893,1
54949,1
54950,1
271017,1
240910,1
369177,1
369177,8
203862,1
291153,1
21666,1
2194,1
23277,1
23277,8
2196,1
85926,1
85926,4
93409,1
93409,8
90366,1
90366,8
203788,1
91562,8
94169,1
77074,1
171092,1
53607,1
112604,1
99217,1
203808,1
142567,1
51665,1
115553,1
115553,8
91187,1
100082,1
60811,1
332150,1
354374,1
2224,4
130462,3
27870,3
95269,1
255437,1
75942,8
135024,8
204009,8
204047,2
204053,2
204055,2
204059,2
204061,2
204083,2
204098,1
204108,2
204115,2
2301,12
99567,3
204177,3
528747,6
513791,6
513797,6
204199,6
204324,12
296496,4
115370,3
247063,12
523282,12
169912,3
2317,6
2320,12
126880,3
126880,4
218511,3
218511,4
229943,1
243358,3
378100,3
24116,8
24116,1
233345,1
204547,1
204565,4
2355,3
2355,4
116862,2
54243,3
57902,3
139794,3
85766,3
213748,3
91850,2
97016,2
104068,2
222758,1
236856,1
50219,1
86133,1
190982,1
80811,1
65314,1
222759,1
171731,1
171732,1
60324,1
523671,3
205527,3
204832,3
28011,3
2386,3
204833,3
28016,3
2391,3
204981,2
205052,3
205092,2
381920,1
381937,1
218537,1
383945,1
82284,1
67306,1
67307,1
143095,1
79128,1
219089,1
195744,1
105709,1
351797,1
324715,1
324683,1
152590,1
195738,1
253214,1
381953,1
108397,4
335587,4
525057,4
2437,4
46614,4
524972,4
145493,1
189912,1
232988,1
232989,1
263231,1
92877,1
92877,8
377231,1
320170,1
124399,1
285986,4
285986,1
99087,1
351726,1
331098,1
300954,1
20042,1
70609,1
2443,1
344880,8
2447,8
2448,1
184170,1
99262,1
52474,1
98768,1
515177,1
284390,1
28047,1
75470,1
290890,1
74569,1
70962,1
98219,1
278739,1
518560,1
96918,1
98769,1
220530,1
28052,1
131105,1
96033,1
75471,1
387408,1
273656,1
227035,1
330055,1
243507,1
222765,4
222765,1
308645,4
308645,1
124262,4
124262,1
196843,1
277206,1
91046,1
184171,1
222766,1
222766,8
291730,1
80086,1
80087,1
51708,1
55659,1
175592,4
175592,1
98946,1
61498,1
184172,4
184172,1
239032,1
96809,1
125056,1
375024,8
83287,1
162305,1
279610,1
83288,1
380430,1
380430,4
277231,1
277231,4
139078,1
522121,1
522553,1
342384,1
351728,1
308610,1
308610,4
83008,1
364679,1
85396,1
68780,1
91047,1
135419,1
357470,1
94740,1
176462,1
351729,1
357426,1
350985,1
308085,1
308085,4
522389,1
294461,1
305878,1
308611,1
308611,4
364680,1
515176,1
519020,1
241721,1
89225,4
89225,1
176461,1
176469,4
176469,1
303456,4
303456,1
139079,1
74568,1
96586,1
28083,1
232987,1
131452,1
94212,1
2452,8
2453,1
62129,1
239602,4
239602,1
2454,1
21296,1
2455,1
521367,1
82412,1
27267,1
176922,1
176922,8
191076,1
205266,1
2456,1
2456,8
91107,1
2459,8
70403,8
70404,1
70404,8
360783,8
20124,8
50337,8
205267,1
522183,8
145079,1
145079,8
336961,1
91799,1
297894,1
89656,1
2555,1
222770,1
180087,4
243167,1
243167,4
52375,1
87165,1
2571,1
104818,1
197749,1
220419,1
227036,1
227036,4
79713,1
231437,1
226403,1
98879,1
64153,1
90299,1
87524,1
28134,1
66577,1
96431,1
139080,4
44882,4
57393,1
513884,1
97084,1
97084,4
77743,1
99372,1
28141,1
139081,1
205410,3
368943,3
508304,1
508304,3
288344,3
310436,1
28245,3
354320,1
354320,3
357471,3
63186,1
63186,3
42712,3
2628,3
2631,1
78452,1
90958,3
62289,3
361700,3
122039,1
122039,3
169303,1
206000,1
206000,3
2643,3
2663,1
206136,1
78558,1
206141,1
206148,1
43929,3
23425,3
206195,1
2673,1
206196,1
124198,1
524946,4
524873,4
525838,1
192969,1
21742,1
99513,1
99513,4
517430,1
517394,1
91375,1
91375,4
2679,1
167963,1
167963,4
2680,1
2680,4
206220,1
206220,4
28270,1
28270,4
2681,1
93515,1
197723,1
322280,1
176313,1
58815,6
58815,11
2685,6
2685,11
206265,1
297062,1
513888,1
206266,1
198324,1
96648,1
53191,1
47071,1
139082,1
380580,1
513887,1
299484,1
80005,1
382514,1
178517,8
109137,8
69781,1
94177,1
254791,1
56977,1
2696,1
203415,1
203415,8
54323,1
239734,1
2282,1
505081,1
505080,1
505078,1
28274,1
2695,1
174911,1
105010,1
28275,1
94419,1
54865,1
170870,1
2697,1
29685,1
97677,1
96470,1
92974,1
87952,1
112721,1
110842,1
110842,6
90338,1
100319,1
110999,1
345411,1
30045,8
30045,1
92106,1
96905,1
89247,1
91376,1
98961,1
89128,1
28291,1
97203,1
94178,1
99398,1
91351,1
89036,1
89036,4
91697,1
109722,1
92056,4
92056,1
75906,1
95984,6
29733,1
29744,1
98648,1
28318,1
61444,1
94244,1
97680,6
96471,1
90648,1
30083,1
30083,4
29766,1
29766,6
28306,1
95635,1
96826,1
89884,1
97561,1
28307,1
98128,1
29792,1
29792,6
97522,1
86664,1
28314,1
368908,1
29802,1
95263,1
90388,1
92391,1
93716,1
91122,1
368553,1
368553,8
98757,1
345412,1
112723,8
98758,8
111549,8
91744,8
95226,1
96227,1
96227,8
28316,1
92039,1
98504,1
93303,1
218394,1
29828,1
92957,1
174534,1
93325,1
322289,1
98156,1
92777,1
90611,1
91508,1
30119,1
47714,1
94350,1
368349,1
368349,4
94483,1
97432,1
30125,1
95685,6
91433,1
58616,1
99577,1
99577,6
92347,1
291738,1
97857,1
94803,1
111151,1
333301,1
30145,1
65207,1
99382,1
87096,1
99237,1
92878,1
30157,1
100058,1
96200,1
99932,1
90322,1
83368,1
90894,1
95926,1
97532,1
96808,1
98680,1
89504,6
92182,1
97286,6
89955,1
98192,1
90779,6
91932,1
91266,1
98545,1
90121,1
171379,1
98894,1
94822,1
171377,1
90729,1
89601,6
98949,6
96385,1
30227,1
30227,4
358894,1
352540,1
226888,1
139686,1
2817,1
2817,4
2817,8
202623,1
373699,1
373699,8
239414,1
239414,8
206423,1
206423,4
206423,8
325488,1
325488,4
228668,1
228668,8
335098,1
179754,1
129356,1
528972,1
136536,1
507793,1
334721,1
507794,1
28323,1
280047,1
337616,1
337616,4
336498,1
336498,4
387456,1
325804,1
387459,1
167286,1
94548,1
150837,1
194720,1
387462,1
54671,1
102656,4
102656,1
114217,1
139719,1
44903,1
154974,2
164222,2
157378,2
369154,2
254012,2
28745,2
503786,2
44017,2
329666,2
154906,2
46620,2
44018,2
124530,2
97959,2
331252,2
207058,1
207480,3
170043,1
525135,1
300891,1
299323,1
515555,1
89750,4
3061,4
3063,4
256939,1
3146,6
3146,11
170248,7
170248,1
90302,7
90302,1
92602,1
93279,1
101641,1
102023,1
97161,1
176078,1
93792,1
360956,1
261104,1
288093,1
526321,1
353061,1
228991,1
228991,4
285371,1
89405,1
352587,1
360529,1
164032,1
258486,1
350942,1
524629,1
285910,1
3162,1
67477,1
97470,6
92424,6
28863,1
28863,8
330982,3
120392,3
208495,3
106456,3
383003,3
383003,4
401072,3
258770,3
330999,3
3213,3
20247,3
23489,3
23489,4
3215,3
165273,3
3220,3
119482,3
3223,3
3224,3
31605,3
3226,3
3226,4
208934,3
401651,3
258896,3
258896,4
257862,3
257862,4
85906,8
91791,1
95792,8
95844,1
95844,8
63246,1
96855,1
91792,1
95793,1
3249,1
322732,1
90952,1
90952,8
52951,8
298095,1
270934,8
270934,1
270935,1
322740,1
276207,1
275600,1
275600,8
322744,1
99013,8
91343,1
197738,8
95971,1
95971,8
236885,1
300057,1
95105,1
57322,1
28921,1
28921,8
271054,1
271198,1
271198,8
140503,1
322758,8
154907,1
154907,8
272917,1
28922,1
222937,1
3253,1
3253,8
3261,6
3261,8
98762,8
227622,8
3262,1
92029,8
236875,1
236875,8
217944,1
28896,6
96813,8
236882,6
236882,8
3278,1
271154,1
353922,1
64302,1
274981,7
93532,1
214091,1
202282,7
271053,8
271173,1
271173,8
208592,1
94754,8
269354,8
69338,1
70553,1
46202,1
99363,1
52985,1
133008,7
329633,1
96259,1
94796,7
208619,1
3312,6
3381,1
209185,4
209208,4
209209,3
209222,4
3396,6
142413,1
3411,1
337162,3
104459,1
334727,3
379211,1
282176,1
282176,8
319867,7
324617,7
285375,1
209558,8
209616,3
209778,2
3448,2
91344,1
3453,1
3454,7
3454,1
209836,1
209844,1
3457,1
209847,7
209847,1
153283,1
96562,7
96562,1
153285,1
255924,1
255924,8
222953,1
222953,8
343768,1
343768,8
151702,1
151702,8
117133,1
117133,8
191490,1
191490,8
178005,1
178005,8
209917,1
209917,8
3461,1
3461,8
342481,1
342481,8
205680,1
205680,8
124684,1
124684,8
124686,1
124686,8
344974,1
344974,8
49129,1
3462,1
3462,8
291605,1
291605,8
92001,1
92001,8
100040,6
100040,8
62075,1
62075,8
209916,1
209916,8
237042,1
237042,8
74760,1
74760,8
3463,1
3463,8
364906,1
364906,8
43960,1
43960,8
335509,1
335509,8
114775,1
114775,8
29022,1
29022,8
96642,1
96642,8
298704,1
298704,8
270936,1
270936,8
29024,1
29024,8
270937,1
270937,8
115416,1
115416,8
364904,1
364904,8
300927,1
300927,8
54394,1
54394,8
99751,1
99751,8
302852,1
302852,8
124131,1
124131,8
352792,1
352792,8
92439,1
92439,8
302853,1
96643,1
96643,8
96661,1
96661,8
125057,8
300346,1
300346,8
364905,1
364905,8
364907,1
364907,8
181330,1
181330,8
113690,1
113690,8
95348,1
95348,8
29042,1
29042,8
79953,1
79953,8
98439,1
98439,8
77907,1
77907,8
93509,1
93509,8
89673,1
89673,8
380243,1
380243,8
73789,1
73789,8
96701,1
96701,8
83887,1
83887,8
90248,1
90248,8
155175,1
155175,8
97837,1
97837,8
194413,1
194413,8
102477,1
102477,8
300436,1
300436,8
91977,1
91977,8
154370,1
154370,8
81103,1
81103,8
89965,1
89965,8
29064,1
29064,8
155176,1
155176,8
357133,1
530735,1
530670,1
298423,1
298423,4
77511,1
65074,1
74953,1
74953,4
29099,4
29104,1
29104,4
3498,1
3498,4
79957,1
177980,1
3564,1
3564,8
91591,1
91591,8
150773,1
99472,1
91400,1
70610,4
348476,1
522052,1
68093,1
68093,4
3623,1
3623,4
77684,4
334728,8
220105,8
249915,4
284970,4
209263,1
3669,1
3669,4
331113,1
94746,1
126790,1
105679,6
124709,6
105680,12
69422,3
76646,3
121848,3
210090,6
3696,6
3698,6
210136,3
210136,12
143455,3
143455,10
161913,3
210431,8
210481,10
331989,10
46649,10
72103,1
29227,6
29227,1
23694,6
3758,1
3758,11
353522,3
353522,4
157658,3
157658,4
3761,3
191491,1
191491,7
312670,3
312670,4
91043,3
67933,12
256183,3
187784,3
187784,4
210602,3
383622,1
350190,1
320198,1
516569,1
369920,1
350943,1
312592,1
350373,1
350374,1
29238,1
29322,3
3797,10
3798,3
170579,3
56764,3
212819,2
29245,2
29245,11
212831,2
212835,2
212835,11
212837,2
212811,2
212811,11
3855,2
212854,2
212854,11
184234,1
184235,1
49852,1
89380,1
191787,1
161721,1
95979,1
29375,1
136109,1
97693,1
184241,1
222996,1
110256,1
109627,1
29380,1
528712,1
194716,1
214377,1
3862,1
222997,1
93424,1
29342,1
523768,1
523768,8
523769,1
523769,8
22582,1
22582,8
193362,1
193362,8
212858,1
86603,1
86603,8
89094,1
101083,1
101083,8
500143,1
212890,1
303277,6
139126,6
298076,1
298076,8
64614,1
194249,1
100349,1
3871,1
43181,1
523765,1
523759,1
3872,1
212862,1
523752,1
523752,8
114557,1
197725,1
193368,1
91845,1
22581,1
75163,1
523754,1
523754,4
120427,1
47933,1
51441,1
153317,1
322936,1
89899,1
139129,1
138558,1
523755,1
92784,1
212859,1
164814,1
256206,1
99333,1
89379,1
165790,1
93425,1
97020,1
120405,1
92494,1
301031,1
301031,8
196404,1
298440,1
298440,8
523783,1
258383,1
105358,1
3876,1
97954,1
97261,1
90960,1
98132,1
212897,1
523762,1
523787,1
212901,1
170122,1
170122,8
287135,1
287135,8
70347,1
151150,1
157902,1
320544,1
320544,8
320579,1
121607,1
129222,1
129222,8
212950,1
212950,8
526134,1
526134,8
139130,1
139130,8
94237,1
94237,8
212974,1
105707,8
320455,1
320455,8
320500,1
320500,8
202585,1
370849,8
320549,1
320549,8
102966,1
102966,8
320548,1
126429,1
69317,1
136486,1
102624,1
102624,8
3906,2
3908,11
3908,1
3910,11
3910,1
3911,11
3911,1
166106,4
166106,3
119774,3
119774,4
120350,3
120350,4
250348,1
522866,3
522866,10
370726,3
370726,10
104709,1
523959,3
523959,4
523974,3
523974,4
523979,3
523979,4
387071,4
387071,3
275658,3
11672,4
11672,3
166142,4
166142,3
258957,4
258957,3
371048,3
371048,4
372372,1
372382,1
84462,1
163714,3
163714,4
258784,3
357872,3
357872,4
120367,3
372541,3
372541,4
372492,3
372492,4
169835,3
169835,10
64808,3
64808,10
99428,1
90160,1
87642,1
91570,1
99241,1
33355,10
223625,10
506531,3
506746,3
330859,3
330859,4
332265,3
332265,4
328185,1
334182,1
206630,3
206630,4
180635,3
180635,4
30556,3
30556,4
368049,3
368049,4
275773,3
275773,4
275774,3
275774,4
368048,3
368048,4
29390,1
29390,8
187785,1
187785,8
182412,1
99423,1
81900,1
81900,8
66731,1
116675,1
116675,8
280622,3
330986,3
330986,4
332092,3
332092,4
331946,3
331946,4
364617,3
364617,4
208521,3
208521,4
378296,3
378296,4
320245,3
320245,4
400634,3
400634,4
204918,3
204918,4
120371,3
120371,4
2394,3
2394,4
310077,3
310077,4
310079,3
310079,4
400399,3
400399,4
204908,3
204908,4
400380,3
400380,4
120349,3
120349,4
400361,3
400361,4
310078,3
310078,4
189417,4
162643,1
162643,11
206739,1
19209,1
289698,8
387433,1
332231,1
85612,1
234998,1
19203,1
91139,1
62997,1
114274,1
100268,1
20721,1
19195,1
286023,1
368966,3
60961,3
312276,3
89813,3
19190,3
288161,1
19186,3
225849,3
329111,1
31351,10
31350,10
195035,12
19177,12
45845,12
195034,12
23329,12
102827,12
20495,12
306822,12
19167,12
171154,12
195053,12
44292,12
154351,12
155959,12
58688,12
369453,12
19140,10
246973,10
69045,3
102400,3
19127,1
155434,2
145006,2
131760,1
71258,1
104756,1
68077,1
200834,1
19106,1
372638,1
106279,1
55624,1
174688,10
130318,10
328979,8
338886,1
19099,1
151193,1
151193,8
332402,1
274639,8
157356,1
511279,1
512040,8
77178,8
226555,1
241787,8
287507,1
387956,1
535584,1
533548,1
380607,1
536587,1
319901,8
275989,1
380606,1
243617,8
82651,8
19094,1
534686,1
511723,1
83721,8
383886,8
71257,8
240723,1
286135,8
179514,1
303210,1
536478,1
287506,1
52603,8
176206,1
157354,1
101006,8
100248,1
46766,8
27274,8
117729,8
378959,1
169244,1
339235,1
226513,1
521604,1
78475,8
515389,1
86179,1
348053,1
329945,1
378958,1
523287,1
321676,8
284389,8
329026,8
128423,8
117138,8
286942,8
387714,1
60010,8
54102,1
95928,1
65435,1
515388,1
56858,1
59589,1
372359,1
80174,1
329025,8
175591,1
308566,8
176453,1
113795,1
64001,1
64001,8
171250,2
19069,6
68843,12
304478,1
329844,2
19043,2
19041,2
87410,2
82213,2
530257,2
60886,2
227601,2
155000,2
324618,2
110721,2
77807,2
225839,2
113428,2
48730,2
132173,2
104030,2
183302,2
196197,2
85026,2
68269,2
47712,2
77560,2
69665,2
66690,2
117507,2
56381,2
75712,2
73150,2
225836,2
154997,2
48337,2
255415,2
48364,2
46721,2
178245,2
46720,2
132210,2
503941,2
226073,2
241555,2
86785,2
111892,2
57414,2
368301,2
80103,2
54681,2
521223,2
50511,2
329753,2
129077,2
235478,2
189975,2
72049,2
67436,2
134401,2
329632,2
20909,2
86718,2
329631,2
55510,2
80362,2
329886,2
116970,2
524040,2
19024,2
240062,2
66538,2
77806,2
228862,2
115590,2
62569,2
54796,2
45844,2
72168,2
325870,2
245926,2
372820,2
117506,2
83400,2
166255,2
145076,2
116309,2
228620,2
108075,2
203614,2
240077,2
184081,2
126380,2
86876,2
68399,2
51754,2
360254,2
30295,2
50771,2
329839,2
86786,2
226528,2
203283,2
226072,2
80403,2
57774,2
293618,2
203282,2
505210,1
505211,1
43844,1
174062,6
271982,6
94534,6
62927,6
91184,6
81126,6
208929,6
64368,6
202759,6
195954,6
81889,6
225824,6
18975,6
57387,6
81165,6
58970,6
64000,6
96889,6
53560,6
171040,6
90781,6
98342,6
182320,6
113060,6
23728,6
196594,9
196594,5
297762,9
297762,5
194330,1
179822,1
92689,1
140251,1
89151,1
50996,1
94460,1
307732,1
92511,1
196958,1
18948,1
18948,8
48705,1
328935,1
41495,1
315290,1
51788,1
41487,1
62724,1
83589,1
181221,1
318847,1
270524,1
87836,1
275280,1
136008,1
275285,1
213850,1
225819,1
213849,1
213848,1
211238,1
213843,1
23767,8
66348,1
82128,1
500274,1
175106,1
175106,8
326310,1
211236,1
70900,1
327459,1
121816,1
328939,1
103360,1
191042,1
18918,1
138655,1
62772,1
328091,1
18911,1
18910,1
332619,1
332619,4
127331,8
20930,1
66246,1
66246,4
314915,1
250076,1
18898,1
373842,1
41459,1
270523,1
270523,4
157358,1
275622,1
275622,4
157357,1
18893,1
156152,1
156152,8
82818,1
18888,1
178731,1
91815,1
134958,1
95932,1
323275,1
18880,1
171743,1
384075,1
97190,1
323296,1
386876,1
194342,1
323279,1
147839,1
323274,1
50968,1
320551,1
506254,1
506174,1
522745,1
506498,1
506416,1
506214,1
388373,1
506470,1
506406,1
506038,1
506038,6
506378,1
506378,6
506757,1
505805,1
388382,1
506449,6
506449,1
506064,1
505791,1
506070,1
388333,1
505950,1
505998,1
388316,1
506097,1
522398,1
506316,1
388324,1
505915,1
333206,1
161809,1
528774,1
506099,1
505750,1
18860,1
388337,1
522495,1
506522,1
388361,1
506430,6
506281,1
506035,1
161806,1
506269,1
388401,6
506442,1
388402,1
506081,1
506098,1
506098,4
506109,1
388321,1
506196,1
388335,1
388335,4
505932,1
388399,1
506395,1
506244,1
388301,1
388300,1
505978,1
347950,1
347950,4
506215,1
506215,4
522602,1
506114,1
505925,1
506218,1
522365,1
506043,6
506060,1
522593,1
522549,1
506294,1
506354,6
522483,1
505918,1
506208,1
506471,1
506343,1
505771,6
505771,11
505937,1
522563,1
388311,1
388312,1
388312,8
506448,1
506503,1
506008,1
506008,11
506307,1
506334,1
506334,8
505963,1
506149,1
506398,1
506308,6
506308,1
506507,1
506507,6
505904,6
505814,6
522578,1
505887,1
161804,1
506153,1
506153,6
506542,1
506542,6
506207,1
388320,1
506263,1
506094,1
62368,11
505905,1
506285,1
506445,1
506031,1
505956,1
505996,1
506361,1
388376,1
506267,1
506267,8
506319,1
388308,1
388308,4
505923,1
388351,1
505927,1
388349,1
514813,1
388369,1
388390,1
506133,1
388328,1
511286,1
506352,1
506216,1
506216,8
506327,1
506327,8
506113,1
506113,8
506227,1
388365,1
388404,1
388404,3
388404,4
506318,1
506318,4
505823,1
388400,1
506122,1
506069,1
506419,1
506419,8
506438,1
506438,8
388406,6
505984,1
505908,1
388375,1
506401,1
506067,1
506039,1
506365,1
388413,1
388329,1
505834,1
388403,6
388403,1
388353,1
388374,1
388323,1
388338,1
388319,1
505999,1
522625,1
388298,1
505940,1
506182,1
505985,1
505857,1
506286,1
506231,1
511965,1
506360,1
507738,1
522755,1
506392,1
388395,1
505760,1
505760,8
522514,1
388322,1
507739,1
505840,1
505840,4
506197,1
506197,8
388398,1
388344,1
505941,1
506034,1
388341,1
388394,1
506393,1
388393,1
388372,1
522623,1
506185,1
388381,1
506091,1
522515,1
506427,1
522734,1
505796,1
522775,6
506373,1
505845,1
388371,1
522496,1
505976,1
505922,1
506363,1
388370,1
506088,1
388396,1
506525,1
388332,1
505801,1
388392,1
506456,1
388368,1
506051,1
506396,1
388327,1
388331,1
388331,8
388326,1
388367,1
388340,1
522531,1
388294,1
505906,1
388391,1
522659,1
506306,1
388380,1
506213,1
506213,4
388315,1
388315,8
388347,1
506222,1
388411,1
388343,1
506229,1
506335,1
506045,1
505780,1
505780,4
506042,1
506166,1
506315,1
506063,1
506063,8
506377,1
388519,1
388519,4
505789,1
388314,1
388314,8
388414,1
522678,1
388291,1
522739,1
388303,1
506473,1
506388,1
506188,1
388389,1
388346,1
506200,1
506820,8
506001,1
506001,8
505948,1
388342,1
388310,1
506096,8
506096,11
506176,1
506017,1
506017,4
506493,1
506390,1
505829,1
505829,4
528722,6
522763,1
388293,1
505781,1
506457,1
505960,1
506071,8
522432,1
523971,1
523972,1
388299,1
388405,1
388405,8
506614,1
522408,1
388410,1
522394,1
522699,1
506027,1
505756,1
388388,1
388318,1
506020,1
506020,8
388387,4
506291,1
505968,1
505968,3
505968,4
388385,1
388386,1
388307,1
388345,1
388306,1
522645,6
388362,1
388384,1
388517,1
388383,1
528761,1
388296,1
506180,1
506126,1
506072,1
505909,1
388408,1
506280,1
388359,1
505763,1
506247,1
506324,1
94936,1
338803,3
18760,4
258637,4
18765,4
18764,4
409787,4
18763,4
18763,2
409772,4
409767,4
384767,4
119675,4
409752,4
409750,4
409744,4
409730,4
409728,4
409727,4
409721,4
409719,4
409719,2
18761,4
332278,4
409709,4
409708,4
18758,4
409706,4
18757,4
409682,4
409676,4
409674,4
409672,4
18755,4
341625,4
386286,4
386283,4
380370,4
386250,4
386268,4
386264,4
282737,4
282750,4
372808,4
282751,4
189806,4
386270,4
380367,4
386277,4
378921,4
363609,4
165186,4
165186,2
18754,4
409736,4
372481,4
284022,4
409724,4
386256,4
386289,4
409717,4
357870,4
282749,4
282739,4
386253,4
378923,4
386272,4
357117,4
386288,4
386285,4
386282,4
386276,4
386271,4
386269,4
386267,4
386263,4
386255,4
386252,4
386248,4
380369,4
380366,4
378922,4
378920,4
341624,4
384766,4
341622,4
100988,10
305848,10
329964,10
225801,10
18679,1
372656,1
175596,1
80821,1
3913,4
515182,2
210266,2
62093,2
315469,2
121403,2
125876,11
210210,2
248272,2
229010,2
56066,2
210263,2
54200,2
139147,2
378469,2
121405,2
210214,2
3923,2
98689,2
196149,2
29408,2
71510,2
120898,2
69919,2
58087,2
213133,2
70710,2
42009,2
3956,6
3957,2
226038,2
3959,2
275092,2
103226,2
194537,2
79336,2
223027,2
68000,2
275084,2
92121,2
118017,2
96540,2
210265,2
55257,2
46574,2
213093,2
101096,2
42829,2
67894,2
79834,2
44371,2
522270,2
136172,2
101098,2
3990,2
140865,2
140864,2
196539,11
169607,11
29541,10
213356,10
79901,2
4004,2
29545,2
99837,2
21585,1
205800,10
115559,10
352604,10
323033,10
115560,10
181214,1
335785,1
335784,1
150715,2
321914,2
321913,2
4019,2
91900,2
92055,2
170774,2
321912,2
74527,2
78821,2
90156,2
56820,2
213572,2
57195,2
379064,2
213420,4
4057,4
4057,3
78701,4
50984,1
50984,4
65702,1
43307,1
34096,3
34096,4
30247,3
30247,7
131481,3
258951,3
258951,7
4114,3
4114,7
4129,3
4129,7
4129,8
401828,3
401828,7
401828,8
369513,3
369513,7
4144,3
4144,7
341629,3
341629,7
30256,3
30256,7
30256,8
165369,3
165369,7
4159,1
158002,4
213558,1
157998,1
157999,1
213561,4
158003,4
158004,1
337637,8
23653,1
20998,3
4248,3
133485,3
175241,3
27534,1
97422,11
158030,1
72394,1
114925,3
214050,3
214056,3
214057,3
214058,3
214060,3
214059,3
176640,3
214068,3
214071,3
176642,3
214082,3
214085,3
214087,3
214093,3
176643,3
214100,3
214101,3
214111,3
214112,3
214132,3
214138,3
214142,3
214165,3
214171,3
214177,3
214183,3
214186,3
214189,3
214190,3
176646,3
214194,3
214198,3
4333,1
214287,3
106102,3
214301,3
226520,1
226520,8
322018,1
322018,4
285675,1
327171,1
239736,1
239736,8
300854,1
316880,1
343006,1
297952,1
316881,1
293367,1
249606,6
4357,6
512156,4
347709,3
342008,3
317130,4
153087,4
357473,4
226521,12
58329,12
253316,4
273758,12
511284,4
316882,4
228610,4
504999,4
139170,12
211521,4
4362,4
378947,12
281601,12
348465,3
307104,12
383357,3
58328,12
370060,3
367707,3
77139,3
77139,10
298676,10
71980,10
229829,1
214532,10
99361,10
222288,1
116231,10
143506,1
89376,10
44679,1
196402,10
141035,4
96756,10
275543,10
229828,1
103180,1
243761,10
90279,1
99959,10
227043,10
92514,10
93558,10
316984,1
271063,10
4379,10
212529,10
214594,10
214595,10
4383,10
222290,1
98376,10
4384,6
214603,10
212957,4
223058,4
231440,4
79479,4
141032,4
243475,1
243475,8
241265,1
241265,8
515192,4
515191,4
214614,1
238675,10
68691,4
112839,10
4404,1
4408,1
174691,10
155628,10
116233,10
55152,4
174934,10
57639,10
222302,1
312087,1
214577,1
214577,10
49418,10
138206,10
92515,10
4411,10
222303,1
183523,10
302973,10
183526,10
222304,10
4412,10
196403,10
183527,10
210963,3
210963,10
30659,3
30659,10
143335,10
183800,10
183801,10
203097,10
183528,10
214624,10
243355,10
214625,10
138205,10
219918,1
30658,10
93444,10
118604,10
131964,10
97402,10
194919,10
118603,10
89070,3
89070,10
144587,10
136476,10
42677,10
51650,10
131182,10
214627,10
214626,10
214628,1
214629,10
372720,1
246980,1
4415,1
364732,1
290347,1
4418,1
355585,1
84094,1
114779,1
206299,1
71101,1
355586,1
79315,1
47695,1
380839,1
226578,1
114780,1
371213,1
355584,1
60284,1
376809,1
237573,1
4420,1
30670,1
4421,1
344060,1
214643,1
208181,1
358100,1
115081,1
72223,1
91923,8
97419,1
30674,1
84395,8
136542,1
49145,1
54825,1
239691,8
4423,1
269909,8
214652,1
4427,1
30675,1
30676,1
19926,1
254121,1
164065,1
129803,1
4429,1
202407,1
30678,12
101292,1
30679,1
62911,1
256920,1
248007,1
248007,12
141839,1
170107,12
4435,12
240987,1
62912,1
42928,3
42928,12
176471,1
51014,1
103607,8
241526,8
153548,8
179498,8
138236,8
167965,8
374789,1
210159,1
89855,8
68060,8
526646,8
75587,1
301249,1
68800,1
374692,8
213667,8
51168,8
91491,8
373930,7
58457,8
43390,8
30704,8
53470,8
66757,8
71660,1
323294,8
374688,8
30705,8
374682,8
370724,8
374684,8
374686,8
223071,8
352796,8
368359,8
368668,1
368668,8
59651,1
372827,8
374689,8
4511,8
373929,7
524545,8
129057,8
214710,1
30709,8
65140,8
46974,8
214711,8
374691,8
80635,8
250586,1
117728,8
117727,8
214718,8
381910,1
381914,1
381949,1
381964,1
214727,4
214728,4
214732,4
106105,3
97510,1
30733,1
89294,1
205991,1
202899,1
4552,1
131850,1
20278,1
147186,1
137770,1
154251,1
30774,6
30774,1
223074,1
4558,8
237122,11
98472,11
30782,8
366847,1
4562,6
30746,6
30746,8
315381,11
315381,8
30734,8
30734,11
43356,8
43356,11
62238,8
62238,11
4577,8
4577,11
180257,8
180257,11
68252,1
155963,8
175477,8
180149,1
306299,1
4588,6
4588,1
4589,8
95985,8
110828,8
175488,1
4590,6
30744,1
302206,11
30783,6
62369,6
62369,8
315640,1
315640,8
323313,8
125360,8
125360,11
21994,8
4601,11
4605,1
125359,8
30753,1
30753,8
4615,11
4619,11
4619,8
98700,1
20156,6
55708,6
102347,1
102347,8
4635,1
4635,8
4639,1
4639,8
223085,1
72204,8
72204,11
307105,1
307105,8
4651,1
21991,1
21991,4
128418,8
128418,11
60414,6
60414,11
182128,6
182128,8
54086,6
54086,1
66001,6
66001,1
302079,6
302079,1
302077,6
302077,1
30761,6
30761,1
75810,8
91655,11
66896,11
68801,6
94939,6
94939,1
131680,6
302078,6
302078,1
4673,8
20319,1
175517,1
23525,1
4677,8
99093,8
4682,1
4682,8
119778,8
47155,1
82394,6
70014,11
273004,12
66185,1
114300,1
253100,8
327513,1
48357,8
205894,4
522969,3
196828,8
327925,3
339157,8
4716,1
4714,8
214378,1
268580,6
111802,6
90313,1
226325,1
523621,4
76158,8
76158,11
71434,8
71434,11
4734,1
4734,11
134108,1
4739,8
349063,1
213605,8
115153,8
213602,8
156860,8
210430,8
182261,8
370625,8
340964,8
503988,8
335606,1
76030,1
210702,8
190940,8
226327,4
388157,6
4743,1
186670,3
4744,1
107622,1
43675,4
194920,1
61591,8
336208,8
103879,1
4748,1
4749,4
4750,1
47463,8
522642,8
86608,8
86608,11
64375,8
64375,11
214387,8
214387,11
333415,1
24479,1
42165,1
315748,1
279971,1
279971,4
378174,12
94273,12
58155,12
75543,1
68621,1
500294,4
136337,4
376784,4
47284,4
115527,4
145768,1
77290,1
5026,1
30925,1
96279,1
30926,1
187810,1
5028,1
504553,8
504027,8
5036,8
352917,8
5037,8
368146,8
22569,8
110914,4
305383,4
537170,11
5145,12
360402,6
273347,6
93365,6
51925,12
253659,8
50540,1
50540,8
323520,1
323520,8
73354,8
180536,8
131963,8
349439,8
322780,1
322780,8
324911,3
324911,4
317580,3
317580,4
329771,3
329771,4
254220,3
254220,4
360340,3
360340,4
305985,3
305985,4
324131,3
324131,4
309503,3
309503,4
335534,3
335534,4
371078,3
371078,4
144921,3
144921,4
192402,3
192402,4
174973,3
174973,4
174974,3
174974,4
60584,3
60584,4
287067,3
287067,4
288146,3
288146,4
189769,3
90330,1
87827,1
91725,1
58649,1
89362,1
98559,1
93942,1
87527,1
90006,1
102971,1
114428,1
98479,1
66380,1
31003,6
20271,1
31004,1
5244,6
31008,6
68885,1
31010,1
323558,1
44670,1
98153,1
136718,1
332083,1
332082,1
332086,1
100000,6
94209,6
31054,1
93135,1
372335,1
96805,1
42463,1
369667,1
119067,1
119069,1
91008,1
97767,1
245386,1
114349,1
102796,1
524090,1
226616,1
162386,1
273007,1
78299,1
156689,8
238430,1
5308,1
5311,1
65250,1
353031,1
335194,1
150416,1
104443,1
154945,1
309210,1
309211,1
380618,1
325224,1
134581,1
93021,1
41547,1
175607,11
5314,1
517677,1
31124,11
31129,1
233439,1
351680,1
5323,4
56990,1
5328,1
90801,1
56504,1
5331,1
381439,1
46175,1
56422,1
361663,1
42627,1
517714,1
287737,1
350951,1
287738,1
286240,1
111394,1
90607,1
5337,1
31154,1
311238,1
5339,1
101167,1
258666,1
368673,1
253551,1
89814,1
61750,1
208545,1
89400,1
226250,1
109714,1
159211,1
195402,1
195402,8
103009,1
134950,1
324139,1
156366,1
156365,1
167598,1
227899,1
318022,1
317156,1
317521,1
167600,1
219931,1
327566,1
318021,1
156362,1
5349,12
82740,1
75047,1
79802,1
5354,1
5356,1
5359,1
5360,1
5361,6
76895,1
131210,1
64089,3
5371,1
240650,1
54201,2
54201,11
69290,8
181224,6
181225,6
50077,8
50077,11
151744,1
346721,6
293387,3
293387,4
386639,4
378701,4
341520,3
341520,4
341520,12
371029,3
371029,4
165753,3
165753,4
165753,7
164243,4
164243,3
164243,7
378175,3
378175,4
372559,3
372559,4
165739,3
165739,4
341604,3
341604,4
388740,3
388740,4
341515,3
364612,3
364612,4
364612,12
341517,4
341517,3
31339,3
31339,4
31339,7
132447,3
132447,4
165755,3
165755,4
353045,3
353045,4
378702,4
383648,4
353046,4
353046,3
178339,4
178339,3
168534,4
168534,3
168534,7
164245,3
164245,4
164245,7
180698,3
180698,4
258953,3
258953,4
165354,3
165354,7
165916,3
165916,7
165916,4
165104,3
165104,7
402741,3
402741,4
402741,7
5432,3
5432,7
5433,4
5433,3
40939,3
40939,4
5436,3
5436,7
158381,3
158381,4
143349,3
143349,4
5453,3
5453,7
5456,3
5456,4
5466,3
5475,3
5475,4
119576,3
119576,4
119576,7
371022,3
371022,7
31325,3
31325,4
31325,7
5486,3
5486,7
5486,4
5487,3
5487,7
5487,4
5508,3
5508,4
5509,3
341522,7
341522,3
5513,4
5513,3
402938,3
402938,7
5517,4
5517,3
5518,3
5518,4
5518,7
5518,12
402946,3
402946,7
5522,3
5522,11
5522,12
20561,3
20561,4
20561,12
5536,7
5536,11
42088,4
42088,3
42088,7
403007,4
403007,3
403007,7
31363,3
31363,4
31363,7
31368,3
31368,4
31369,3
31369,7
403064,4
403064,3
158382,3
158382,4
5581,3
5581,4
5597,11
5603,3
5603,4
5603,7
88868,3
5611,4
5611,7
5611,12
158841,4
158841,3
5499,4
5499,3
158842,4
158842,3
165742,4
165742,3
31372,4
31372,3
20911,1
183209,1
323854,1
69116,1
537776,1
323859,1
171271,1
332461,1
323906,1
118448,1
323928,1
331112,1
357501,1
323871,1
68892,1
55989,1
48910,1
198024,1
117521,1
537721,1
357493,1
5652,1
98126,1
189318,1
80676,1
5661,1
93489,1
162556,1
147575,1
98445,1
170050,1
5666,1
241816,1
31526,1
23222,1
5672,1
74153,1
74153,4
96461,1
96461,4
96462,1
58372,1
92028,1
89836,1
89837,1
31515,1
95835,1
60461,1
195826,1
91742,1
92761,1
323899,1
95265,1
205681,1
323889,1
323886,1
124535,1
137529,1
94810,1
92251,1
99441,1
195353,1
89655,1
100022,1
89152,1
350381,1
350382,1
331111,1
46757,1
46757,4
202614,3
202614,8
219215,3
219215,8
296419,3
296419,8
5787,1
74917,1
47389,12
5811,12
178015,1
178014,1
49700,1
66254,1
262317,3
262317,4
324016,1
324016,10
5846,1
5846,10
51371,1
5847,1
5847,10
5848,10
62526,10
365021,1
365021,10
366173,1
366173,10
234813,1
318233,6
155974,6
121703,6
128944,6
93351,6
31825,6
5913,2
196450,8
125063,8
53129,1
5927,1
281179,11
281178,11
364711,1
327515,1
219647,11
62906,2
5996,1
130747,1
130747,11
93964,1
179111,1
6016,4
359501,3
359501,12
6019,12
6040,10
6041,3
306644,6
6055,6
6075,6
230395,4
146212,4
230124,4
187825,4
187825,1
281048,4
164273,4
226081,1
76255,1
31917,4
86081,1
223260,1
6091,1
368027,4
83211,4
103756,1
293060,4
73332,4
154041,4
119080,1
89347,1
124248,4
85346,4
383654,12
275262,4
106994,1
256029,4
256029,1
283958,4
102124,1
341689,4
125442,4
530138,3
31927,2
209670,2
301001,1
19902,1
98232,1
49121,6
6152,6
89146,6
529331,3
22167,12
242923,1
223265,1
96817,1
48153,1
209338,1
99611,1
65882,1
68738,1
131417,1
152396,1
207661,1
223269,1
113943,1
101201,1
203715,1
223270,1
223271,1
223277,1
196041,3
50790,1
31943,1
101762,3
6179,3
182579,3
103626,3
53481,1
58216,1
195628,1
6182,1
65855,1
54214,1
103913,3
25899,3
219161,3
223287,1
152144,1
191120,1
114462,12
62128,1
94168,1
92002,1
243749,1
6185,1
51349,3
99759,1
62115,1
60401,3
46860,1
247096,3
158521,3
70345,3
158520,6
240122,3
25939,3
249486,3
31947,12
31949,1
31948,1
22785,3
158510,3
158511,3
158511,8
69247,3
69247,4
158523,3
25903,12
182580,3
44340,3
21499,1
58725,1
104031,3
312560,3
384316,3
192171,3
254007,1
297251,3
511539,1
104319,1
327516,6
327516,8
312611,1
379542,3
211282,6
102956,3
187832,3
6220,3
120893,3
381708,3
505521,3
342350,3
385415,3
505267,3
312559,3
244689,3
247078,1
377748,3
377745,1
42907,1
6232,1
314104,6
6235,3
107623,3
6239,6
6240,1
31966,1
529000,3
6242,3
125401,6
6245,6
268548,3
327517,6
140026,3
102178,3
218385,4
218385,3
219159,3
6261,4
6263,3
115504,4
6266,3
31979,3
106114,1
6275,3
290630,3
293298,3
218383,3
107366,4
383077,3
31986,3
233499,3
120137,3
31990,1
351879,1
227627,1
58015,1
228843,1
6310,8
6310,1
128912,1
21732,1
324125,1
91539,8
91539,1
324143,8
324143,1
83069,10
83069,4
6311,10
6311,4
195355,10
324179,1
21344,1
60411,1
60411,10
95361,1
95361,10
126009,1
126009,8
126009,10
64568,1
66158,1
321283,1
321283,10
99017,1
99017,10
21089,1
380536,1
269487,1
269488,1
93213,1
78023,1
307421,1
103354,1
103354,8
103354,10
142414,1
89095,1
42776,1
296773,1
142415,1
128269,1
169093,1
377010,1
361202,1
361203,1
361216,1
361207,1
361215,1
361214,1
361218,1
375031,1
73957,11
120469,11
57401,1
6336,9
6336,5
68802,9
6339,3
6339,12
192984,1
115566,1
188023,6
255434,8
187438,4
68842,1
386961,1
32065,1
32064,1
387181,1
76491,1
68370,1
64756,3
29549,3
98221,3
83710,3
97815,3
237027,3
278576,11
278576,4
278933,11
278569,1
529070,11
529070,4
32100,11
361702,11
95426,2
95426,11
371929,11
97816,2
97816,11
501317,2
501317,11
289153,11
372533,2
372533,11
202734,2
202734,11
373002,2
373002,11
501318,2
501318,11
373003,2
373003,11
6522,1
158622,1
158622,4
45833,1
45833,4
245387,1
6539,1
248731,1
6544,2
76467,2
121251,1
287338,6
324194,1
140431,6
46093,1
239347,1
239347,4
6596,8
223358,1
273051,1
328184,1
96751,1
291746,1
54981,8
54981,1
360839,1
32134,1
23567,1
6602,1
48431,1
223359,6
93944,6
223361,6
286963,1
98591,1
91575,1
345418,1
242749,6
352290,1
74780,1
173098,1
109862,1
223368,6
89537,1
47261,1
81015,1
91978,1
99906,1
95524,1
156682,1
53895,1
92870,6
89926,1
90935,1
300272,1
72797,1
97318,1
97318,6
6607,1
223373,6
78787,1
99507,1
47240,1
91781,1
42628,1
78641,1
57105,1
90415,1
76297,6
53767,1
97702,1
92839,1
77760,1
93499,6
91206,1
355599,6
98068,1
98656,6
90663,1
96868,6
93199,1
369944,6
91597,1
95416,1
52366,8
91704,1
95227,1
293395,6
32266,1
98475,1
89709,1
89710,1
89710,8
48295,1
223375,6
91315,8
98064,1
96439,1
91475,1
98092,1
93177,8
99466,1
72798,6
192841,8
51769,1
90610,1
71925,6
98661,8
352291,1
32295,6
67318,1
72720,1
89866,1
51079,1
91783,8
128924,1
98829,1
302465,1
95406,1
97001,6
90416,1
90417,6
63111,1
32307,1
92551,1
92551,6
97365,1
97365,6
99962,1
90937,8
91207,1
97703,1
90464,1
55773,1
95046,1
89678,6
95124,8
307708,1
171390,6
368393,1
194041,1
91598,6
97316,6
96924,1
98660,6
111378,1
32278,6
91780,1
98976,6
94384,1
97314,1
97314,8
97315,6
97503,1
91357,1
156054,6
99804,1
93500,8
91705,1
96252,6
324236,1
324258,1
127600,6
66112,1
94942,1
91700,1
97707,1
97708,1
293433,1
96814,1
91666,1
95340,1
99539,1
67884,1
95642,1
91569,1
89137,1
97888,1
90411,1
99298,1
68755,1
32377,1
88272,1
75195,1
331724,1
94518,1
171309,1
6640,1
6665,1
293428,1
322191,1
105997,4
317856,1
91340,1
239345,1
338792,6
32388,6
45349,6
140457,6
46190,1
333328,1
6669,1
6669,4
70365,1
70365,4
47073,1
47073,8
90078,1
223386,6
120914,1
120914,4
113435,1
113435,4
239446,1
239443,1
239442,1
239445,1
239444,1
6673,1
32397,1
328177,1
64978,1
95111,1
65645,1
324255,1
6681,1
87959,1
90131,1
51336,1
32404,1
32405,1
96506,1
66703,1
93909,1
32412,1
171393,1
87949,1
32416,1
62164,1
293411,1
156687,1
89295,1
89296,1
317868,1
67674,1
96618,1
6686,1
32429,1
94077,1
96236,1
61550,1
90918,1
97870,1
97181,6
64017,1
64017,8
90239,8
293398,6
89672,6
93679,6
98450,6
293397,6
6706,1
307703,1
266092,1
93502,6
298935,6
91316,6
98065,6
99805,6
91476,6
48322,6
93178,6
91318,6
275893,6
95498,6
235368,6
258439,6
103745,6
258437,6
75095,6
305328,6
109473,1
127599,6
91477,6
127392,6
298936,6
114441,6
111200,8
172977,1
172977,8
130591,1
176805,4
176805,8
169170,4
169170,8
128974,6
381441,1
32396,6
90191,1
94811,6
90517,1
98442,1
90226,1
92414,1
339596,1
90599,1
97149,8
97149,1
110724,1
174572,1
64777,1
116823,1
6736,4
59970,1
6741,6
374664,1
383660,1
508048,3
385774,1
32582,1
337240,1
96211,1
241531,1
52886,1
99676,1
32616,1
32616,8
89828,1
98844,1
98363,1
239047,1
239047,4
363781,1
521611,1
78529,1
89707,1
95579,1
386935,1
91898,1
319899,1
94674,1
103930,1
97349,1
92470,1
384876,1
98168,1
372762,1
334668,1
521648,1
44649,1
387266,1
387265,1
32598,1
32598,8
59051,1
43206,1
333418,1
521138,1
343381,1
20037,1
20037,8
324287,1
324287,8
54360,1
32599,1
32599,8
387268,1
32605,1
32605,8
194842,1
32603,1
6861,1
6861,8
55322,1
55322,8
97333,1
97333,8
387275,1
387275,8
324289,1
324289,8
6868,4
6869,3
403419,4
158706,8
240710,8
19677,8
158709,8
240063,8
24109,8
32641,7
294810,7
337333,7
182089,8
25081,1
347723,1
374761,1
227875,1
329035,1
177972,1
373928,8
171496,1
169757,1
169698,1
227977,8
169758,1
171497,1
95909,8
206003,1
117271,1
117271,6
117271,2
96285,1
76922,8
6980,11
6980,2
128420,1
51770,1
6982,1
48106,1
345062,1
84256,1
84256,6
84256,2
96928,2
6987,6
6987,2
89867,1
308617,11
308617,6
275735,8
275735,1
119856,1
194845,1
98830,6
32687,1
89058,6
89058,11
89058,2
90418,11
90418,2
90418,8
191101,6
72799,1
345061,1
119849,2
251734,8
251734,1
241725,1
241725,8
308618,11
308618,6
92112,11
92112,2
92112,8
6989,6
6989,2
243592,1
243592,8
205880,1
7001,1
95047,1
95047,4
285916,4
285916,1
52733,1
324815,1
344198,4
227973,4
63943,1
111162,1
63944,4
104783,1
104783,8
269588,4
209430,1
209430,4
32716,1
241277,4
108180,1
108180,4
209431,4
174799,1
174799,4
177971,1
381392,4
381392,1
146219,1
343421,4
343421,1
75349,1
75349,4
96870,1
96870,4
43191,1
271130,4
68656,4
70298,1
59235,1
319512,4
91706,1
95229,1
95229,4
155570,4
108610,4
108610,1
103162,1
103162,8
241278,4
319513,4
343422,4
343422,1
32704,1
502891,1
7006,8
25120,1
7009,8
317964,1
69797,1
7012,1
227971,1
211194,1
374995,1
91109,11
91109,2
91109,8
84808,8
32715,1
184248,1
248266,1
145721,1
80740,1
7052,1
327519,1
24426,1
206180,1
370893,1
131790,1
7068,1
7071,1
524809,1
7105,1
77801,1
324861,1
7107,1
7108,1
324869,1
324869,8
7118,1
7118,8
366505,1
347360,8
326814,1
355249,1
347361,8
110200,1
310119,1
311451,1
7120,1
54520,2
7143,2
301077,3
524636,3
360165,3
526496,3
297260,3
130653,3
130653,4
374331,3
374332,3
227046,3
227046,8
332272,3
308243,3
337178,3
374333,3
180907,10
180907,3
82475,3
352611,3
126846,3
227702,3
63525,3
351706,3
359503,3
255443,3
190953,1
180908,3
180908,10
52298,3
372714,3
304554,3
189903,3
212074,3
300877,3
331033,3
238682,3
372713,3
56352,3
79375,12
7145,12
124104,12
79635,12
7146,12
383663,1
383663,8
183683,1
183683,8
182564,1
182564,8
131600,3
7161,3
308635,3
328319,6
248056,4
514325,4
327521,4
141246,4
116144,4
7170,4
7171,4
382351,4
7173,4
176315,8
110704,1
143630,1
93230,1
61296,1
97060,1
146546,1
202910,1
202910,7
147426,1
304268,1
304268,7
124224,1
124242,1
57837,1
319954,1
372948,1
50052,1
522848,1
124237,1
187637,1
187638,1
7210,2
86173,2
86173,11
81278,2
81278,11
362184,2
362184,11
325126,2
91274,1
95900,1
112593,1
83089,1
97759,1
105057,1
223460,1
96068,1
228149,1
105615,1
71890,1
254817,1
253703,1
381530,1
91165,1
7260,1
96692,7
96692,1
7261,1
95573,1
99480,1
256793,1
48006,1
94712,1
32903,1
515210,1
217961,1
227703,1
297711,1
89900,1
151034,1
214902,1
98658,1
254818,1
342410,1
223463,1
99468,1
48475,1
91228,1
95251,1
223464,1
515209,1
347156,1
217962,1
257040,1
101339,1
51570,1
51570,8
32913,1
32913,8
32915,1
269536,1
226999,1
183347,1
81901,1
101061,1
32916,1
32917,1
274777,1
279517,1
273946,1
158867,1
218497,1
308924,4
218499,4
307455,4
523223,1
96406,1
163507,1
7331,1
32966,1
45580,1
67324,1
52606,1
47576,1
74763,1
81976,1
96415,1
64212,1
83027,1
90985,1
76451,1
33274,1
249867,11
87699,1
7473,1
7480,4
7480,1
7482,1
7482,4
93095,1
93221,1
138566,1
7498,1
290759,1
290759,8
92301,1
76985,1
60777,1
47101,1
61607,8
57076,1
57076,8
24665,1
137326,4
137326,1
63397,4
63397,1
7595,6
285400,1
219334,1
86039,1
194229,1
82206,1
33348,1
7605,1
359568,1
194367,1
219335,1
504382,3
504062,3
118140,1
285765,8
285765,10
49239,10
7679,10
304900,10
304900,6
370631,8
370631,10
368028,10
368028,6
287890,8
287890,10
7686,10
93115,10
57511,2
33397,2
69691,1
80186,1
33402,6
67729,1
7728,1
7732,11
114269,1
89863,6
90457,6
90174,6
56925,8
120482,8
94064,1
7756,6
24393,6
183318,1
236988,1
236988,8
334848,1
375378,1
103734,1
103734,8
210450,1
386782,6
386784,6
386806,6
386765,6
386766,6
386769,6
386776,6
386781,6
386809,6
8030,3
8048,6
346879,3
370691,1
370691,3
357165,3
357166,1
357166,3
361662,3
357171,1
357171,3
386634,3
302211,1
386632,1
357178,3
508144,1
508144,3
357223,1
357228,3
357231,3
371064,3
357241,1
357241,3
357248,3
8082,1
180024,1
505645,1
308693,3
8108,3
74878,3
8110,3
268551,3
522375,3
139672,1
347178,1
332883,3
332883,4
523637,3
515614,3
515614,4
76751,3
106141,6
106142,1
341701,1
106143,3
8153,1
106144,1
106145,6
8156,6
125026,6
8196,3
113953,3
8197,3
81271,1
91600,12
90032,1
119041,1
119041,8
80471,1
80471,8
8228,1
8230,1
65047,1
69512,1
33682,1
33682,8
8231,1
31417,1
8232,1
8232,4
256274,1
256274,4
107212,8
83024,8
92893,8
130088,1
33713,2
166277,2
78043,2
8260,2
33719,1
8266,7
33717,1
155369,3
327522,6
140947,3
379200,1
98657,1
94150,1
131455,1
136369,1
215233,1
8294,1
307588,1
82209,1
175597,1
33786,1
241730,1
98902,1
215186,1
180592,1
359143,1
359144,1
33796,1
83862,1
92521,6
33798,1
72197,1
503428,1
354852,1
359145,1
182269,1
203412,1
203412,3
203412,4
124402,1
351735,4
367755,1
367755,8
83412,1
359146,1
379199,1
132885,1
337932,1
99068,1
94071,1
54789,1
68472,1
68473,1
97171,1
47522,1
162613,1
162613,8
78181,1
500156,1
500155,1
300610,1
298102,1
94592,1
60028,8
99153,1
101181,1
335136,1
271193,1
209437,1
98956,1
94671,1
89498,1
89498,4
242623,1
128575,1
89720,1
89720,4
352717,1
65152,8
65152,11
96202,1
195620,1
334212,1
92309,1
92309,8
80914,8
25109,1
44147,1
181183,1
341781,1
363825,1
131133,1
124835,1
242626,1
99827,1
48867,1
91901,1
189896,1
80795,1
109888,8
109888,11
339010,1
89700,1
89700,8
242628,1
334790,1
334790,4
101901,1
342432,1
342432,8
326964,1
326967,1
386566,1
301071,1
301071,4
346075,1
363997,1
386567,1
298103,1
90157,1
50924,1
171001,1
311628,1
96237,1
96237,8
381192,1
381192,4
348158,1
60997,1
52450,1
356526,1
285332,1
99747,1
62239,1
501487,1
131122,1
64296,1
69865,1
69865,8
56096,1
171898,1
171305,1
89028,1
68587,1
150064,1
193964,1
139906,1
104284,1
180593,1
94166,1
138697,1
124538,1
348160,1
169610,1
226442,1
136000,1
65153,1
171098,1
242630,1
97635,1
92997,6
92998,1
61039,1
131124,1
128576,1
97282,1
250355,1
69798,1
33836,1
271205,1
98085,1
239449,1
56457,1
286075,1
103260,1
78284,1
356527,1
226526,1
348159,1
345796,1
33840,1
72342,1
135875,1
215182,1
89830,1
89830,8
317138,1
317138,4
223708,1
42395,1
56808,1
515494,1
136377,1
136377,8
191788,1
343252,1
93330,1
97916,1
341827,1
349705,1
326839,1
304904,1
304905,1
331246,1
195621,1
48896,1
220300,1
80083,1
94836,1
136373,1
71192,1
98437,1
51585,1
365076,1
307099,1
92061,6
92061,1
128579,1
102233,1
104694,1
103596,1
226527,1
102683,1
104713,1
109189,1
169738,1
110271,1
90829,6
318322,1
318322,8
294694,1
294694,8
311629,1
326973,1
207483,1
383669,1
293225,1
293225,4
209436,1
209436,3
209436,4
268696,1
343249,1
339009,1
339009,8
294695,1
294695,8
318323,1
318323,8
318320,1
308088,1
327563,1
359086,1
358935,1
141804,1
307098,1
320219,1
383671,1
375090,1
375090,4
309925,1
8304,1
227633,1
182470,1
83459,1
124536,1
93093,1
135999,1
136375,1
136375,8
33732,1
338065,1
101184,1
337657,1
171686,1
8307,1
214541,1
52558,1
164619,1
8309,1
8310,1
8311,1
167693,1
48682,1
8312,1
8312,6
215190,1
215190,6
115571,1
86274,1
76021,1
361167,1
43884,1
8314,1
332569,6
33742,1
8317,1
8317,6
8318,1
8319,6
8319,1
55258,1
19580,1
72509,1
8322,1
91425,1
91425,8
55301,1
8326,1
8325,1
8327,1
8327,11
33745,1
21635,1
165964,1
293221,1
293221,8
84412,1
271190,1
8329,1
80203,1
164596,1
8330,6
8330,11
33747,1
75026,1
8332,1
21411,1
323636,1
33791,1
8333,6
22319,1
22319,4
57065,1
337658,1
338050,1
33757,1
94116,1
74504,1
75833,1
53414,1
344756,1
8337,1
8338,1
73584,1
8341,1
8341,4
48238,1
58115,1
58115,4
89765,1
8343,1
8343,4
93885,1
96110,1
47069,1
152137,1
8345,1
65947,1
8346,1
99320,1
8347,1
85173,1
85173,4
105705,1
128522,1
128522,4
57343,1
33762,1
97780,1
171426,1
44198,1
8349,1
93654,1
50156,1
97194,1
8352,1
98167,6
62106,1
46851,1
8356,1
8357,1
33769,1
134455,1
8358,6
8359,1
71387,1
8361,1
87643,1
8362,1
383881,1
128577,1
8363,1
105261,1
86441,1
8364,1
139907,1
124539,1
98774,1
118308,1
171681,1
250356,1
8366,1
245230,1
113739,1
8367,1
33775,1
8369,6
8369,1
70274,1
43481,1
8370,1
33777,1
33777,6
46407,1
46407,6
56634,1
64158,1
8371,1
332571,1
93922,1
98691,1
55877,1
214535,1
93989,1
117014,1
215192,1
95299,1
215184,1
215183,1
113738,1
92098,1
229782,1
172979,1
173134,1
86440,1
248262,1
248265,1
154019,2
154019,11
33894,2
33894,11
164162,2
164162,11
362211,2
362194,2
82862,2
257129,2
62321,2
304291,2
362189,2
329810,2
370432,2
370449,11
370449,8
370448,11
370448,8
370496,2
27500,2
370506,2
329669,2
33854,2
263383,2
93683,2
61040,2
8379,2
93684,2
362203,2
362216,2
8383,2
33863,2
33863,11
88950,2
370518,2
94612,2
96135,2
98370,2
329565,2
362235,2
362244,2
219146,2
88951,2
97681,2
219147,2
93685,2
94278,2
362221,2
362224,2
362226,2
362222,2
362223,2
362225,2
362227,2
362228,2
362229,2
95930,2
48510,2
48510,11
193286,2
193286,11
180334,2
180334,11
370454,11
370454,8
370455,11
370455,8
85801,11
85801,8
370486,2
370486,11
329568,2
329568,11
59529,2
359576,2
84292,2
84292,11
170715,2
56244,2
50160,2
62528,2
62528,11
51431,2
55233,2
55233,11
33872,2
33872,11
51432,2
51432,11
53581,1
91457,4
91457,1
195638,2
8392,2
45939,2
56671,2
193290,2
27499,2
193285,2
118964,2
33873,2
86653,2
87406,2
103715,2
380780,2
66564,2
219143,2
74400,4
74400,1
87611,2
69490,2
45202,2
67832,2
67832,1
75425,2
59375,2
42805,2
223740,2
115797,2
115797,11
75678,2
77625,2
77625,11
27511,2
27511,11
195649,2
60339,2
61482,2
212059,2
77169,2
141466,11
63410,2
329567,2
52327,2
154020,2
154020,6
154020,11
48538,2
182739,2
182739,11
64634,2
64634,11
92486,2
79134,2
362148,2
362148,11
500194,2
58287,2
64386,2
153757,2
153757,11
207495,1
84242,2
82440,2
202843,2
202843,11
120365,2
83264,2
27521,2
27521,11
70637,2
72504,11
72504,8
86926,2
86926,11
223749,2
73542,2
73542,11
241601,2
241601,11
223750,2
60778,2
82144,2
82144,11
193297,2
93311,11
111124,2
264470,2
193287,2
193287,1
63376,2
63376,11
195664,2
59366,2
59366,11
47507,2
47507,11
270816,2
270816,11
227639,2
195666,2
195666,11
362149,2
362149,11
370489,2
370489,11
370508,2
370508,11
66206,2
66206,11
357634,2
357634,11
357531,2
357531,11
51067,2
55092,2
362206,2
362238,2
219138,2
362239,2
329878,2
329878,11
8406,2
358691,2
370515,2
370517,2
45593,2
55093,2
171786,2
229907,2
70824,2
27502,2
44795,2
44795,11
53707,2
53707,11
19999,2
357640,11
78185,2
357647,2
357647,11
357649,2
120377,2
8407,2
355579,2
43015,2
43015,11
182728,2
362252,2
27505,2
27505,11
75220,2
75220,11
182156,2
182156,11
111270,2
111270,11
55050,2
55050,11
362254,2
362255,2
153038,4
237731,4
317648,4
168673,4
170668,4
171760,4
137744,4
316678,4
305808,4
273931,3
307785,4
349249,4
317970,3
8414,10
345471,4
93982,3
227917,4
169316,4
111548,4
351135,4
8422,10
90442,10
207104,10
8423,3
255419,4
62799,4
168675,4
227920,4
8426,4
369924,4
526117,3
191350,4
242593,4
218065,10
168683,4
201906,4
169320,4
525185,3
349247,4
272749,4
282605,4
344984,4
218425,4
359928,4
8434,4
521636,4
8435,4
87228,4
168717,4
520311,4
33898,10
312149,4
305786,3
8431,4
253013,3
8456,1
90690,6
57246,6
96938,6
95604,6
54248,6
93392,6
332572,1
8460,6
80199,6
311309,1
311309,8
8469,6
209133,6
34005,6
311305,1
76896,1
76896,4
159142,6
98365,6
98365,11
49420,1
21951,6
21951,11
8520,1
8521,6
8523,6
8534,1
34074,1
8547,1
59014,4
106146,3
168388,1
319555,3
301469,3
25243,1
8587,10
8588,1
40487,1
40487,3
8652,1
8652,3
154452,3
233797,1
165037,1
63190,1
63190,3
174116,1
174116,3
152159,1
152159,3
8651,1
8651,3
353079,1
353079,4
351194,1
351194,4
516901,4
516909,4
516912,1
516913,1
8668,12
54434,12
525584,12
310021,12
323863,12
314486,1
308623,4
40552,1
300817,1
353113,1
368707,1
378932,1
331064,4
348163,1
524163,1
535772,1
40524,1
61187,1
8739,1
87120,1
92136,1
169597,1
169597,4
54878,1
80347,1
98401,1
94428,1
294696,1
60825,1
155817,1
155818,1
337422,1
337422,4
91903,1
180262,1
182402,1
40550,1
346681,1
340888,1
331170,1
287730,1
96923,1
355602,1
369487,1
252856,1
40545,1
40545,4
80008,1
195952,1
91031,1
254043,1
361013,1
294697,1
525754,1
525754,4
346677,1
355601,1
85330,1
346676,1
336719,1
336719,4
51928,1
368033,1
287731,1
107256,1
8738,1
275072,1
96717,1
41208,4
375240,3
77693,1
243515,1
375241,1
239744,1
226602,1
226602,8
512373,8
209229,1
209229,8
332337,8
8774,1
301180,1
301180,8
162601,1
162601,8
524338,8
236209,1
236209,8
8783,4
8783,1
377835,1
25646,9
91738,11
91738,2
82709,11
82709,2
124332,2
277813,2
130978,11
130978,2
124329,2
130979,11
130979,2
130975,2
83016,11
83016,2
8856,11
233839,2
233839,11
377822,3
323880,1
223893,1
330975,1
230172,1
315672,1
176334,1
330973,1
254824,1
247727,1
8899,1
276152,2
276152,8
223894,1
175163,1
223895,1
202497,1
218297,1
218298,1
97793,1
125068,1
116254,1
254796,1
371617,1
247042,1
330974,1
371616,1
273612,2
273612,8
323879,1
510640,1
526545,1
329572,2
125955,1
322087,1
8902,2
249631,2
325737,2
96797,2
175250,2
55515,2
90684,2
183835,2
325296,2
191141,2
191142,2
8903,1
272929,1
343914,1
90486,1
376886,1
59530,1
372621,1
357504,1
372614,1
372617,1
301196,1
270488,1
372618,1
372615,1
383676,1
376360,1
301195,1
372619,1
372616,1
372610,1
372624,1
372623,1
357496,1
240320,1
98930,1
270490,1
120021,1
332578,1
249182,1
514353,1
41700,1
510740,1
510816,1
388053,1
122308,1
388050,1
388052,1
327165,1
528691,1
500312,1
112183,2
325298,1
40784,1
511005,1
132531,1
287159,4
171176,1
287459,1
117179,1
117180,1
117181,1
40787,1
528915,2
511170,2
24234,2
8915,1
97410,1
175535,8
178460,1
162615,1
378093,1
211758,1
98866,1
92536,1
96699,1
322084,1
41635,1
124540,1
90005,1
191103,1
347160,1
363142,1
273611,1
114551,1
65384,1
90797,1
105039,1
212328,1
89407,1
94761,1
256771,1
256771,4
40795,1
108516,1
336723,1
242634,1
64685,1
346118,1
344226,1
346065,1
343800,1
383680,1
326906,1
343771,1
368036,1
343801,1
256825,1
97446,1
352813,1
193260,1
41628,1
526235,1
114552,1
331071,1
97795,1
60912,1
324945,1
187299,1
187300,1
345606,1
88267,1
40797,1
90899,1
95130,1
268699,1
93784,1
360965,1
365150,1
526148,1
98218,1
275073,1
330115,1
311040,1
98641,1
113796,1
164352,1
311551,1
318326,1
308625,1
272930,1
312123,1
381668,1
308011,1
381458,1
347185,1
328188,1
363856,1
130049,1
376368,1
347188,1
520944,1
97836,1
367258,1
199954,1
506697,1
350391,1
61489,1
248558,1
71599,1
347189,1
302848,1
321070,1
181588,1
336733,1
128668,1
128669,1
211088,1
98588,1
180572,1
95203,1
229061,1
94370,1
96064,1
306887,1
360390,1
40804,1
166286,1
166285,1
178223,1
96799,1
85177,1
96798,1
63035,1
97276,1
41624,1
170444,1
229062,1
90487,1
160675,1
40808,1
132932,1
276645,1
243623,1
93285,1
125514,1
73442,1
94978,1
113685,1
305554,1
175039,1
89044,1
271466,1
346898,1
98694,1
93731,1
230412,1
147465,1
147466,1
326908,1
197617,1
118729,1
81202,1
521116,1
130471,1
387468,1
331973,1
348595,1
356505,1
176516,1
245174,1
342465,1
380942,1
369964,1
303361,1
243516,1
296732,1
296772,1
332579,1
91082,1
40813,1
363679,1
331069,1
114555,1
315926,1
223904,1
124543,1
256773,1
256773,4
294512,1
376891,1
91259,1
81246,1
347207,1
90365,1
94585,1
97082,1
49000,1
345604,1
98795,1
97832,1
152081,1
303358,1
346601,1
277038,1
529335,1
229063,1
241542,1
40792,1
520559,1
311034,1
248581,1
344229,1
349094,1
503913,1
346899,1
92138,1
59224,1
53645,1
160676,1
360531,1
245173,1
256102,1
248582,1
248594,1
348162,1
155584,1
294373,1
386312,1
382535,1
519111,1
526213,1
363855,1
286079,1
286079,4
287436,1
287436,4
254825,1
254825,4
345365,1
241543,1
121652,1
181587,1
170781,1
276562,1
346157,1
381134,1
96859,1
238653,1
276833,1
381429,1
381430,1
294505,1
358845,1
331068,1
331070,1
363680,1
68284,1
256099,1
345243,1
308626,1
347128,1
311552,1
306259,1
284448,1
318327,1
383690,1
383691,1
347200,1
312124,1
347190,1
347186,1
40842,1
175040,1
127363,1
381680,1
381681,1
41638,1
67182,1
334808,1
155587,1
96051,1
376376,1
360537,1
360391,1
363678,1
363677,1
66256,1
70921,1
70920,1
368037,1
327172,1
121653,1
381425,1
248579,1
291729,1
510633,1
8944,1
226116,1
226116,4
177807,1
308643,4
312739,1
305850,1
90753,1
273839,1
247143,1
526049,1
525684,1
525969,1
387745,1
217987,1
177810,1
325554,1
325554,4
177811,1
229844,1
89002,1
98580,1
177812,1
98581,1
90930,1
524615,1
524616,1
524617,1
524618,1
327166,1
308702,1
139945,1
336749,1
336749,4
92330,1
177815,1
177815,4
154246,1
273903,1
273903,4
335310,1
335310,4
306888,4
270492,1
177816,1
177816,4
177817,1
177818,1
194826,1
525683,1
177820,1
95132,1
177821,1
93767,1
318025,1
318025,4
305542,1
305542,4
160774,1
356487,1
387774,1
177822,1
177823,1
331075,1
387775,1
282731,1
217988,1
94297,4
99633,1
346061,1
80353,1
387778,1
298919,1
234903,1
160775,1
322090,1
351200,1
177809,1
317433,1
317433,4
233443,1
331074,1
301550,1
301550,4
334809,1
334809,4
306261,4
312740,1
345780,1
307020,1
524548,1
524498,1
524492,1
524505,1
217989,1
525986,1
525913,1
525688,1
139944,1
226118,1
273904,1
305541,1
305541,4
504178,1
273902,1
387776,1
388042,2
388031,2
40824,2
388033,2
388041,2
67015,2
8949,1
118782,4
118782,8
140476,1
218387,1
261102,1
140477,1
140477,8
139948,1
69400,1
57704,8
312741,1
312741,8
197747,1
309803,1
309803,8
137374,1
137374,8
309804,1
529439,1
58496,1
525822,1
217969,1
72325,1
279638,1
299738,1
299738,8
261103,1
139947,1
218386,1
107688,1
90252,8
352109,1
325303,1
245155,1
327164,1
84400,1
375244,1
62592,1
179295,1
315982,1
94172,1
344110,1
297202,1
87368,1
91444,1
211762,1
290358,1
524643,1
149045,1
133984,1
133985,1
385246,1
365381,1
178462,1
216860,1
321345,1
268701,1
66423,1
133986,1
382884,1
161983,1
99134,1
198271,1
194612,1
113692,1
94743,1
313607,1
216869,1
179298,1
248574,1
201714,1
242139,1
112647,1
194614,1
204831,1
321350,1
321353,1
321348,1
323878,1
148183,1
270354,1
184441,1
49303,2
252368,1
21520,1
247041,1
515556,1
510701,1
53234,5
8972,1
523464,1
338069,1
326941,1
326938,1
373095,1
116321,1
93054,1
301240,1
526432,1
112544,1
97331,1
98240,1
322024,1
336516,1
335155,1
380501,1
299833,1
525466,1
40858,1
8986,1
40861,1
517401,1
8992,1
8998,1
9002,1
9005,1
96215,1
506539,1
517334,1
9013,1
27512,1
500193,1
9017,1
517461,1
9020,1
9020,8
112313,1
40894,1
56392,1
323898,1
40897,1
223955,1
90196,1
98462,1
98462,6
332180,1
90920,1
96633,1
45017,1
86265,1
73160,1
58320,1
64105,6
40905,6
181434,1
181434,8
9056,4
9057,1
75417,1
81054,1
81054,8
41569,1
58313,4
183737,1
183737,8
306959,1
332609,1
285355,1
104665,1
114606,1
62170,1
256542,1
256542,10
58403,1
332687,1
92538,1
41141,10
93032,1
296691,1
296691,4
323621,1
323621,8
357672,1
96274,1
171100,1
44443,1
183300,1
277437,1
277437,4
285881,1
78350,1
73151,1
90757,1
137832,1
63938,1
94286,4
526616,1
363788,1
526628,1
41108,1
102029,1
9128,8
323923,8
48959,1
48959,10
221225,1
221225,4
69653,1
105265,10
158429,1
158429,10
230622,10
230622,8
118349,1
118349,10
172646,10
172646,8
331091,1
331091,10
331093,1
331093,10
118351,1
118351,10
179035,10
179035,8
80105,1
80105,10
184010,10
97808,10
9138,8
9138,10
331090,1
331090,10
331092,1
331092,10
361724,1
177152,1
269034,1
345368,1
252060,1
360406,1
319267,8
41175,1
379201,8
41176,1
352499,8
241766,1
293764,8
321506,8
55440,8
312030,8
21018,1
319266,1
337675,8
337673,8
500235,1
500232,8
500233,8
337674,8
372590,8
110069,1
41173,4
101621,1
239073,3
98016,3
9415,1
81714,4
150351,1
157350,1
157353,1
9431,1
287137,2
130406,2
168179,2
137753,2
23662,2
9444,2
224006,2
168181,2
375351,8
375351,2
9447,2
9447,11
168184,2
54316,1
309421,2
309421,11
118949,2
168186,2
101251,1
101251,8
47929,1
54204,1
54204,8
168190,1
168190,8
168191,1
9450,7
9450,8
111697,1
92208,7
92208,8
376194,7
376194,8
9452,3
102274,8
79859,8
77195,8
9453,2
9454,2
168180,2
48266,2
86313,2
91893,2
224009,2
130405,2
70192,2
361728,2
70193,2
103103,2
334810,2
89815,2
168187,2
9457,2
168202,1
168202,8
51239,1
168203,1
58524,2
168206,3
329574,2
168207,1
168208,1
168208,8
9459,2
116612,1
60491,1
9473,1
85262,6
55355,4
61140,8
61140,11
77106,4
251749,8
68752,8
68752,6
284976,1
326234,8
326234,6
270452,8
143235,8
143235,6
241056,8
241056,6
118681,8
329863,1
118682,8
72157,1
52321,8
81371,1
29317,1
45421,1
95693,1
77291,1
47201,1
9650,2
325424,2
99018,2
522976,1
45078,7
9668,1
236689,1
9701,1
515227,1
375353,10
64956,1
64956,10
361192,1
218287,3
346119,1
47138,1
77502,1
153048,1
297561,1
183312,1
47139,1
138486,1
46817,1
61567,1
297201,1
9709,3
294502,1
100042,1
9710,1
72614,1
9715,2
42317,11
508316,2
83583,2
19842,10
47031,10
9720,10
97763,10
42982,10
42982,1
224031,10
224031,1
9719,10
127157,10
127157,1
9734,4
131665,1
9780,1
135862,10
67708,1
302118,10
9805,9
522474,8
301202,1
517400,8
301206,1
357506,1
357498,1
64168,8
64168,11
63679,6
63679,11
99415,1
269744,1
45564,1
269745,1
192433,2
192433,10
9827,2
229754,2
229754,10
77022,2
9828,2
272198,2
92730,2
92730,10
50005,4
50005,1
41682,1
43004,1
83608,1
22256,1
167766,1
178591,1
178599,1
178602,1
380983,1
361777,1
343722,1
380984,1
9900,1
97865,1
270498,1
324124,1
9903,4
9903,8
159644,1
219484,1
238334,1
177474,1
107051,1
297789,1
97894,1
9964,1
113741,1
61743,1
120047,1
103171,1
20260,1
62096,1
9978,1
208325,8
56973,1
226569,1
62293,1
101405,1
96413,1
58643,1
78583,1
19719,1
69635,1
9980,1
46183,1
178504,1
178504,4
73337,1
75900,1
195562,1
334817,1
360835,1
130019,1
254235,1
9990,1
138184,1
348187,1
535632,1
84293,1
114335,1
146717,1
327305,1
518865,1
212014,1
224082,8
196725,1
124098,8
104183,8
104183,1
196724,1
519417,1
199951,8
199951,1
196779,1
124099,8
10017,8
254046,1
213205,1
326966,1
253756,3
10018,8
154976,1
327191,1
109682,1
70343,8
308655,1
308655,8
167710,8
167710,1
134770,8
324505,1
285415,1
285415,8
69847,3
351888,1
160283,8
160283,1
51147,8
51147,1
268790,4
268790,1
10060,1
10061,1
272079,4
272079,1
175033,1
175033,3
175033,4
287462,4
287462,1
175589,1
175589,3
175589,4
178651,1
176466,1
176466,3
176466,4
43006,3
43006,12
360512,3
360512,12
268905,3
268905,12
256019,1
324169,1
324169,8
194271,1
90392,1
324173,1
318310,1
318311,1
77548,1
230438,1
45594,1
231524,1
132500,1
92713,1
45144,1
96735,1
350535,1
24759,1
81603,1
81603,10
117430,1
21424,1
192516,1
179808,1
239763,1
350536,1
202266,4
136342,4
318768,9
318768,5
10298,1
22137,8
134059,8
325429,4
383382,1
505455,1
10307,1
80219,1
522860,1
377845,8
181594,6
92586,6
92266,6
373978,6
78266,6
10353,6
108404,6
274602,6
10354,6
376153,6
318913,6
10355,1
219029,1
10366,3
150643,3
10367,6
10372,3
378080,3
52708,6
21193,6
62009,6
318912,6
382635,3
106166,3
512607,3
10423,3
10423,12
271383,3
271383,12
10426,1
133751,4
74792,1
74792,7
10430,1
10430,7
169252,2
222111,2
329612,2
82664,2
324239,8
228331,2
41005,2
328854,1
136001,2
239836,2
55027,2
10440,2
10446,1
190774,1
190774,4
249426,8
93269,1
273574,8
293139,1
293139,4
276680,1
344886,1
373274,1
381472,1
190441,2
22402,2
329704,2
56125,2
308075,2
23276,2
240672,11
175084,1
10461,2
59789,2
47629,2
63762,2
10463,1
159623,2
76064,2
68665,1
244067,2
10465,2
308076,2
21094,8
67170,2
194983,2
83319,2
10473,1
10474,2
10474,11
10478,1
99211,1
10480,2
44695,2
192496,2
136112,2
65421,2
96707,2
93277,2
79096,2
162469,2
45837,2
324910,2
383840,2
153462,2
196581,2
60802,2
96080,2
10484,1
10484,8
251086,8
324218,1
367327,8
367328,1
381191,1
367330,1
367311,8
501586,8
512420,8
367317,1
367317,8
367319,1
381195,1
367321,8
367322,1
177954,8
367320,1
511415,8
502806,8
367372,1
308079,2
197870,8
512596,8
73645,8
128279,1
125623,1
125623,8
116299,1
224163,1
138953,1
103155,1
114667,8
61339,1
316223,1
57650,1
512615,8
21337,1
10504,8
10504,11
329613,2
10508,4
259008,2
52050,2
131457,2
294715,2
82426,2
74793,2
98731,2
60183,2
327477,1
62760,2
341742,2
178009,2
224165,2
93077,2
69023,2
357446,2
83944,2
325597,1
317141,2
365949,1
152505,1
71611,4
71611,1
79966,2
224166,2
79967,1
91239,2
47508,2
85374,2
179231,2
137518,1
196582,2
82430,2
10520,1
170492,1
59790,4
59790,1
308080,2
10521,1
68666,1
52092,1
52092,8
55249,1
21343,2
170954,2
10530,1
90218,2
94143,2
89570,2
198443,2
523909,2
523893,2
148725,2
92647,2
224161,2
74914,2
48383,2
259007,2
306385,2
131243,2
108066,2
331227,2
90219,1
92648,2
308118,1
96081,1
153939,1
10535,1
10535,8
170897,1
170897,8
194510,1
194510,8
285298,1
285298,8
301218,1
301218,8
131013,1
131013,8
318360,1
318360,8
359587,1
359587,8
118809,1
118809,8
118810,1
301217,1
301217,8
288059,1
288059,8
324290,1
238778,1
169498,8
122441,1
319964,1
193245,1
10582,2
86879,1
74460,1
10609,1
159658,11
62296,3
62346,4
10659,1
150404,4
150404,8
284024,8
368378,8
140728,4
140724,8
88927,4
88927,1
154296,8
154310,1
154310,8
181748,1
181748,8
125961,1
94940,8
94940,1
284034,1
284034,4
248925,4
248925,1
353084,4
140729,8
388545,8
386565,1
324340,4
324340,1
189765,1
189765,8
140638,1
341353,8
341353,1
88902,1
63113,1
227709,4
227709,1
176157,8
251046,8
533280,8
269966,1
329499,4
355927,1
383348,1
284567,1
378968,1
378968,4
234964,1
234964,4
534950,1
534950,4
138365,8
156011,4
50909,4
50909,1
285257,1
285257,4
288053,1
288053,4
526377,1
526377,8
297794,1
297794,8
48733,4
48733,1
385718,1
107266,4
107266,1
284455,1
284455,4
296048,1
272676,4
272676,1
232619,1
256631,1
221129,1
86739,1
332648,1
332648,4
505213,1
379174,1
232636,1
232636,8
331031,1
275601,1
10730,1
50760,1
80893,1
80893,10
254533,1
232617,1
232617,4
272935,1
58581,1
58581,10
232611,1
232611,8
10731,1
375121,1
20712,1
292194,1
327203,1
322095,1
332155,1
523084,1
529340,1
327167,1
529339,1
20925,1
241217,1
241217,4
10733,1
345585,1
345585,4
100468,1
379205,1
379205,4
203319,1
203319,8
249200,1
249200,10
375387,1
375387,10
353699,1
10738,1
107128,1
314108,1
10739,1
10739,8
10741,1
10743,10
10743,1
375391,1
375392,1
375394,1
375394,10
224196,1
224196,8
88033,1
68943,1
375388,1
375388,4
155767,8
84624,1
84624,8
77400,1
77400,4
90841,1
90841,8
346722,6
224201,1
224202,1
238789,8
153095,7
224207,4
224210,1
46233,1
66873,1
63612,1
68182,1
71057,1
336054,4
336055,4
336056,4
69871,1
76430,1
334763,4
224215,1
209216,1
80069,1
66756,4
66756,8
224217,1
42287,1
346378,1
55628,1
520693,4
519598,4
520948,4
160551,1
70631,1
48031,1
155543,1
67965,1
71074,1
49442,1
42527,1
51843,1
224220,1
65344,1
45524,1
76238,1
43906,1
334765,4
79736,1
334767,4
51909,1
73200,1
50346,1
334771,4
85590,1
83378,1
72192,1
74563,1
65308,1
79737,1
78042,4
60455,1
338213,1
79236,1
112595,1
346396,1
50399,1
116110,1
67417,1
316381,1
81332,1
77077,4
76279,1
83057,1
64524,1
309895,1
51900,8
70780,1
338737,1
338730,1
71167,1
346401,1
138489,4
74882,8
169798,4
102366,1
47370,1
81944,1
59596,1
52907,1
58130,1
84790,4
84790,8
56317,1
49063,1
328136,4
42989,1
61048,1
70330,1
65808,1
518881,4
518801,4
520489,4
132343,1
115054,1
114994,1
74756,1
369457,8
124548,8
131016,8
171106,4
362088,7
507380,1
507425,1
507667,1
507395,1
507583,1
507469,1
507660,1
507485,1
507243,1
106174,3
106175,3
106176,3
106177,3
10811,3
10815,3
237707,3
106178,3
10821,3
10825,4
10830,3
10832,3
106179,3
382364,3
10833,3
516922,3
187891,4
106180,1
10843,4
106181,3
386599,3
287947,2
257503,2
87434,2
50035,2
81610,2
53040,2
120494,2
70194,2
67925,8
191106,8
119598,3
10920,10
514414,4
514415,4
106183,1
364651,1
10923,3
371042,3
10930,3
10930,12
404796,3
404798,3
133076,3
10935,3
404802,3
404802,12
404802,7
10941,3
10941,12
10944,3
10945,3
10947,3
10948,3
10948,12
140217,3
10949,3
404819,3
516514,6
404824,3
10952,3
10952,7
10952,12
11004,1
379761,1
382367,3
253218,1
11026,1
57957,8
85975,8
84304,1
231514,1
110826,1
79252,1
149020,10
65651,10
218843,10
224252,10
79518,10
11057,6
41537,1
58295,1
46061,1
54919,1
11063,1
23121,1
150219,1
286089,1
286089,4
52027,1
21790,1
21790,4
250294,1
250294,4
250301,1
250301,8
296049,1
106184,4
329286,2
329286,1
255390,2
255390,1
130003,2
167248,2
167248,1
508009,2
508009,11
508008,2
508008,11
11191,2
11191,11
508006,2
508006,11
521316,2
521316,11
523669,2
523669,11
508007,2
508007,11
368052,2
368052,11
505074,2
505074,11
522864,3
363370,1
377773,1
362033,1
363681,1
362034,1
11220,11
11221,11
171352,1
11224,1
228772,1
254732,1
116613,1
126798,10
11230,10
134038,10
372454,10
137955,10
227597,10
529148,10
248551,10
227927,10
529132,10
11240,10
65340,2
57090,2
248657,1
56047,9
49107,9
385867,9
11298,9
69328,9
84539,9
11310,8
307606,1
11320,1
343724,1
11326,1
292159,1
53051,1
360977,1
343775,1
93938,4
93938,1
99812,1
274430,1
320174,1
349320,1
84154,1
501265,1
501265,8
501264,1
112578,3
106189,6
120666,3
120665,3
248133,3
106191,1
382370,1
67065,12
187899,12
11475,12
304352,1
11507,1
11507,4
236665,1
243097,1
337948,1
176665,1
176666,1
222000,1
176667,1
236666,1
520858,1
106502,3
106524,3
351085,3
352512,3
106568,3
344791,3
343396,3
132309,3
106719,3
106763,3
343397,3
106839,3
106885,3
106926,3
72041,3
361252,3
367908,3
344608,3
332591,3
77219,3
96974,3
84299,3
520061,3
126553,3
71827,3
80618,3
174721,3
316930,3
107103,3
280920,3
11525,1
11525,10
183720,3
106197,4
11580,4
106198,4
11585,4
106199,1
106200,4
131642,4
382372,4
11586,4
11589,1
11591,4
236205,4
11592,4
132888,1
70319,9
70319,5
329517,10
47064,9
47064,5
11639,9
11639,5
166171,4
166171,3
259042,4
259042,3
406633,4
406633,3
11722,10
11740,4
227318,1
271391,1
89412,1
89412,4
89412,8
311964,1
46777,1
11756,1
11756,8
51040,1
96257,1
11768,1
45734,4
49532,1
11777,1
228851,1
94555,1
76193,1
99767,4
99767,8
329525,1
329525,4
329525,8
44008,1
11782,1
522867,1
523973,3
523973,4
523948,3
523948,4
332023,4
332023,3
332373,4
332373,3
372809,3
372809,4
332366,4
332366,3
332295,4
332295,3
327502,4
327502,3
407250,4
407250,3
387339,4
387339,3
332084,4
332084,3
11807,4
11807,3
407350,4
407350,3
22745,4
22745,3
11816,10
51676,3
11850,1
106201,1
120497,1
237737,1
327530,6
120546,3
11911,4
316343,4
316343,8
317891,4
317891,8
525487,4
525487,8
160129,4
160129,8
11924,1
11925,3
11925,8
11967,3
11967,9
78617,6
48341,6
197733,1
31385,10
153124,12
12000,3
12001,3
113969,1
96976,12
12002,1
12007,4
12007,8
138079,3
12041,3
12046,6
271039,3
12052,3
25413,3
177805,3
21362,1
40761,3
40761,8
177804,3
135750,3
68822,3
224421,4
75498,4
75498,1
76969,1
76969,8
25119,1
329529,1
79098,1
51287,4
317663,1
317663,8
129726,4
129726,1
12078,4
12078,8
59934,6
177986,6
91844,6
74937,1
20503,1
378594,3
196179,1
526173,1
227580,1
72290,1
286167,1
526000,1
525384,1
12107,1
235803,3
526161,1
273194,1
247607,3
156068,3
227584,1
526062,1
196182,3
526196,1
108866,4
196184,1
500009,1
196188,8
526342,1
59964,4
42338,8
42338,1
336690,3
526315,1
307687,1
161760,1
518284,1
518284,8
526413,1
203553,1
526303,1
526406,1
381013,1
526474,1
373205,1
221440,1
525529,1
227587,1
286198,1
196205,1
526225,1
308012,1
345287,1
265779,1
153017,1
524608,1
375412,1
526250,1
526475,1
251942,1
251942,8
130380,1
130380,8
141479,4
21612,1
524607,1
100502,1
234819,1
380529,1
188525,1
243399,1
51132,1
101672,1
150562,4
138128,4
12174,1
106035,1
500153,1
500154,1
114575,1
221346,1
500149,1
500227,1
12182,4
94017,1
76539,8
76539,1
276483,4
60880,4
103687,4
52060,1
102948,4
137274,1
103686,8
334832,8
337617,8
140147,4
297204,1
116692,4
153468,1
116694,8
265780,1
344253,8
500054,1
116702,8
116691,8
101955,8
103523,4
108846,4
102556,8
102556,1
137279,8
104248,8
519473,1
519473,8
58002,1
367790,4
206161,4
116686,8
116641,4
137281,1
137281,4
367792,1
181696,1
344252,1
344252,8
116700,4
104817,4
104605,8
171726,1
171726,4
116684,4
297206,1
110581,4
138149,1
138149,8
377762,4
74761,4
221328,1
221328,4
126007,1
74157,4
63743,8
79313,8
74308,4
50802,8
221340,1
221340,8
500276,1
68103,4
66182,8
378452,1
310567,1
236891,1
12202,1
200809,2
90149,2
59139,2
63209,2
42080,2
226060,2
12219,2
163220,3
372489,3
372577,3
407809,3
407889,3
332827,3
408076,3
380636,3
341607,3
408170,3
341608,3
388217,3
165241,3
408441,3
408450,3
119642,3
201973,3
163219,3
341611,3
12255,3
407839,3
407892,3
217569,3
163231,3
407996,3
12268,3
320206,3
12271,3
12272,3
87895,3
12274,3
12275,3
42108,3
12276,3
12278,3
105721,3
383743,3
12280,3
408636,3
68100,6
253820,6
80728,6
62085,6
256973,6
115506,4
119922,4
119923,4
117769,4
236185,1
250630,4
140219,4
106207,3
12333,4
250772,1
236211,4
236158,4
254535,2
12346,2
116715,2
61878,2
12348,2
12349,2
257000,2
135754,2
321263,2
321264,2
256635,2
77064,2
22725,2
49901,2
12350,2
107238,2
72360,2
101849,2
93819,2
56115,2
281790,2
351664,2
329721,2
220364,2
79005,2
281791,2
311324,2
52684,2
113161,2
74449,2
319282,2
350967,2
69041,2
120571,2
218373,2
298549,2
228856,2
190899,2
363865,2
61068,2
168250,2
72478,2
117573,2
12356,2
210060,2
305875,2
69390,2
288554,2
241852,2
63454,2
68461,2
69583,2
50588,2
128390,2
68185,2
87601,2
60891,2
329648,2
194846,2
12363,2
12364,2
42615,2
68183,2
60659,2
76115,2
60660,2
113177,2
116661,1
61362,1
58866,1
62033,1
90022,1
54986,1
12409,12
12409,3
12411,11
114868,11
12469,6
70130,3
70130,6
12477,6
51411,3
51411,6
20627,1
106212,1
12534,2
132843,1
12546,10
277539,8
277539,1
71302,6
60308,6
67494,6
71678,6
12567,1
12567,6
327889,1
327889,6
327987,1
327987,6
50029,1
329847,3
329847,4
329847,11
270959,12
138789,12
12619,12
55771,12
147711,12
270596,12
12620,12
523450,12
523346,12
107624,12
162223,12
283861,12
67769,12
71402,12
12625,3
51563,1
84659,1
97918,1
92831,1
96574,1
153610,1
197880,1
182212,1
179572,1
72499,1
56014,1
85790,1
99581,1
60221,1
369933,1
332371,1
47649,1
286111,1
111199,1
196399,1
140048,1
93713,4
50042,1
331954,1
380954,1
49734,1
523291,1
153612,1
153613,1
129582,1
66244,1
66243,1
382889,1
128806,1
210933,1
153603,1
360542,1
91218,1
49561,1
132847,1
331956,1
128125,1
74669,1
45694,1
95216,1
534521,1
114097,1
168753,8
241547,1
331958,1
375565,1
70402,1
156488,1
116705,4
104714,4
274431,1
74838,1
77317,1
272937,1
54647,1
156490,8
308091,4
125973,1
98876,1
118566,1
529351,1
224507,8
209447,1
226132,1
523292,1
534872,1
529350,1
63812,4
161838,1
70685,8
331959,1
56061,1
85789,1
12635,1
12636,1
224508,1
21745,1
21745,8
92563,1
98429,1
190517,1
190517,8
12638,1
12640,1
120061,4
120061,7
227889,4
331952,4
331952,7
12641,4
185337,4
12642,1
12643,1
160350,1
12644,1
141447,1
85263,1
233820,1
233820,2
12652,1
12652,8
83397,1
119453,1
170199,1
171030,1
525581,1
156555,1
227891,1
297077,1
302154,1
329558,1
103954,1
21966,1
128701,1
81651,1
255073,1
155016,1
300835,1
12653,1
128700,1
151221,1
175829,1
152226,1
156515,1
88632,1
12654,1
12654,8
12657,1
329560,1
12658,4
156561,1
300432,1
83870,1
112320,1
12661,1
12662,1
140350,1
156516,1
331957,1
112279,1
112279,8
12639,1
331953,1
94392,1
12649,1
12650,1
12648,4
101433,1
224511,1
12651,1
111561,1
233986,1
12655,1
12656,1
69242,1
331960,8
132090,1
12663,1
44115,1
315281,2
388866,2
526378,2
510918,2
378520,2
526132,2
272080,1
272080,2
272080,11
526301,2
54678,2
522528,2
247855,2
182569,2
315280,2
47835,2
66433,2
66433,11
69146,2
70465,2
353721,2
353721,11
514461,2
382446,11
254662,2
521331,2
12681,2
12683,8
523124,2
523085,2
47836,2
523054,2
233640,2
55454,2
522444,8
536101,2
59193,2
383976,11
317843,2
119567,2
234430,2
510416,2
519453,2
519332,2
386697,1
108380,1
12699,1
12700,1
25155,1
65597,1
60857,1
50572,1
235867,6
235880,1
235880,6
57213,6
93564,6
99492,1
99492,6
194513,3
258155,3
267575,1
363826,1
220208,3
111271,4
195075,3
196485,3
177944,3
69951,3
56843,3
92392,1
108330,3
103881,3
112135,3
247850,3
534525,3
239765,3
20907,3
80154,3
271623,3
182046,3
109138,3
126186,1
101960,3
156634,3
97781,3
253773,1
194274,1
183503,1
379212,1
192518,1
287690,1
256186,1
375442,1
241450,1
239767,1
67276,1
67806,1
12810,1
329790,1
76901,1
247499,1
351736,8
218000,1
351737,8
211213,1
333828,1
290292,1
280681,1
221313,1
94830,1
196452,1
307465,1
333827,1
54026,12
71803,4
74082,12
121491,4
133913,12
60192,1
176155,1
12838,1
94301,1
117387,1
166234,1
220834,3
12847,12
12846,3
12853,6
212881,3
212881,10
75274,10
283962,10
54207,10
154349,10
500066,10
79106,10
60173,10
198410,10
198411,10
116714,10
86716,10
103786,10
58619,10
53662,10
196579,10
332098,4
235763,10
72988,1
72988,3
72988,4
72988,8
12864,10
12866,10
12869,10
332118,4
80646,4
332119,10
78374,10
332122,3
116259,6
50947,10
48859,10
198452,10
74142,1
298115,1
298115,10
253630,10
320215,1
320215,10
252857,1
252857,10
307113,1
307113,10
73067,4
73067,1
338074,1
12876,1
12876,4
338075,10
286755,10
326200,1
326200,10
338080,1
338080,10
333042,1
333042,10
96334,10
105625,10
308715,1
308715,10
331055,10
341433,1
341433,10
515525,1
515525,10
361750,1
361750,10
304924,10
227111,10
361767,10
273913,10
325318,10
338079,10
256735,1
256735,10
341434,10
254809,1
254809,10
228351,1
250341,10
341432,10
341432,1
361752,1
361752,10
331056,10
338082,10
227112,10
252168,10
381199,1
381199,10
249460,10
332243,1
332243,10
338077,1
338077,10
310555,10
338076,10
338076,1
256736,1
256736,10
338081,10
56813,1
95507,1
95507,8
307438,1
307438,8
385673,4
535559,4
536506,4
59640,1
59640,8
361658,1
504958,1
314488,1
361659,1
504956,1
94125,1
105436,1
105436,8
13015,1
141388,4
250738,4
250738,8
22194,4
526486,1
115361,1
47052,8
511777,8
192756,1
165976,4
358683,1
69580,1
272940,1
326323,1
326323,8
80084,1
66742,1
220165,1
80292,1
354833,1
61257,1
61257,8
58437,1
58437,8
70351,1
13166,1
245130,1
13167,1
25153,1
270176,1
285685,1
19716,1
44751,4
71578,1
71578,4
280748,1
60970,1
60970,4
298737,1
369517,1
113755,1
80940,1
370201,1
77209,1
235504,4
138189,1
62159,4
62159,1
241675,1
136553,1
136553,4
369313,8
77368,1
13235,3
19712,3
13238,3
13260,11
210281,6
34157,10
34157,3
49196,10
140058,10
151140,10
151140,3
43608,3
43608,10
13265,10
13265,3
13266,10
13266,3
13267,3
13267,10
62826,6
13269,10
176118,6
41210,10
41210,3
13270,10
13270,3
47874,3
68105,6
13277,3
176669,6
327532,6
120467,1
525486,1
525536,1
525507,1
525427,1
525471,1
525465,1
13333,2
13333,1
258158,1
258158,2
72285,1
72285,2
20937,2
20937,1
140990,1
140990,2
151158,1
151158,2
241778,1
241778,8
62794,1
62794,8
62795,1
62795,8
171058,1
171058,8
55892,2
13396,1
76366,1
98625,1
49579,1
98187,1
331887,1
216520,1
378171,1
235900,1
20908,1
20908,8
64850,1
331892,1
331890,1
56000,1
357132,1
357140,1
357138,1
357139,1
357141,1
273480,1
41908,6
13424,6
13425,6
72018,2
71963,2
13449,6
108486,6
248016,6
72126,6
13463,6
13463,3
13464,6
99495,6
13471,4
217867,4
156812,1
176670,4
33492,3
25943,3
79785,3
13487,3
13490,12
145163,3
208462,1
196298,1
145164,1
114024,1
52610,1
99001,3
46657,1
41906,1
259189,1
66118,12
66119,12
77381,12
352763,3
240126,1
110872,1
110872,8
13502,3
54273,9
80693,9
224630,1
13539,1
116519,1
175638,1
51007,1
92057,1
224632,1
104409,1
60975,1
224633,1
45597,1
13544,1
107698,1
13552,1
224641,1
224642,1
120502,1
114134,1
13582,1
13582,8
80737,1
94920,1
95489,1
94958,1
179942,1
102677,1
168778,1
59124,1
103250,1
65958,1
58300,1
64731,1
118345,1
90597,1
61707,1
87538,1
59478,1
138237,1
357593,1
357593,8
357594,1
357594,8
83728,1
59642,1
97675,1
102068,1
75333,1
75333,8
43017,1
103442,1
138497,1
13584,1
199950,1
116972,1
72193,1
131263,1
68731,6
103439,1
97657,1
129868,1
178174,1
121087,1
77618,1
13589,1
140275,1
92694,1
371694,1
371694,8
308603,1
308603,8
60422,1
105023,1
65871,1
95785,1
127576,1
69329,1
229955,1
229955,8
90190,1
104197,1
74853,1
86698,1
368983,1
368983,8
369315,1
369315,8
160564,1
177959,1
175558,1
175558,8
131262,1
66767,1
116968,1
71114,1
331840,1
331852,1
66443,1
13595,1
13602,1
13604,1
120503,1
120503,8
131936,3
112098,3
322270,3
13915,1
273056,1
126024,1
200817,1
65053,1
57132,1
78597,1
324409,1
80162,1
13930,1
384516,1
220550,1
139745,1
529688,7
128045,1
535692,1
337006,1
311960,7
227378,1
97245,4
172411,1
172411,4
155190,1
155190,8
377058,4
236180,1
65394,1
371130,1
132216,1
152184,7
529365,1
529365,4
311753,1
49071,1
49071,4
138247,1
311961,7
370648,1
369411,4
51228,8
332992,1
154532,1
522167,1
140063,1
175410,1
82523,1
126770,1
126376,1
534510,1
203317,1
196180,1
219279,1
372834,1
536571,1
536571,4
521778,1
58104,1
137589,1
78889,1
533692,1
533692,4
56116,1
535230,1
535854,1
204656,1
77629,1
43108,1
75036,1
534138,1
66209,1
68391,1
204658,1
204659,1
59056,1
137913,1
146506,1
131852,1
78986,1
521771,1
166872,1
219667,1
131463,1
131463,4
47607,1
47607,8
57782,1
57782,4
375968,1
63690,1
60208,1
81932,4
81932,1
131967,1
55784,1
521451,1
77189,1
73394,1
79992,1
73959,1
43663,1
52628,1
65635,1
64953,1
79419,1
126805,1
227432,1
372835,1
60618,1
56514,1
68011,1
149360,1
73178,1
126806,1
361685,1
113293,1
62595,4
62595,1
132081,1
132082,1
525648,8
79177,4
79177,1
113295,1
116114,1
137526,1
73868,1
47582,1
49660,1
49660,4
61654,1
372836,8
375860,1
521275,1
86953,1
285898,1
113298,1
132217,1
522166,1
119306,1
226500,8
226500,1
86954,1
73588,1
73588,8
52014,1
52014,4
56163,1
56163,4
84405,1
100913,1
46762,1
140064,1
62751,1
140066,1
361727,1
160711,1
224722,1
13965,1
13965,10
160701,1
160701,4
68225,1
68226,1
83275,1
70924,1
316962,1
253838,1
72278,1
86399,1
45723,1
224725,1
271645,1
66550,1
55755,1
81205,1
374795,1
160704,1
331796,1
147295,1
147295,4
90692,1
90692,4
98538,1
224727,1
224727,4
536120,1
238995,1
238995,4
341869,1
99596,1
99596,4
299404,1
299404,4
94772,1
331790,1
97846,1
275623,1
275623,4
70534,1
70534,8
196345,1
518250,1
518250,4
99043,1
89674,1
130222,1
130222,4
272961,1
272961,4
535990,1
323073,1
323073,4
520422,1
332987,1
332987,8
81599,8
82321,1
324611,1
75989,1
75989,7
60724,1
59008,8
74492,1
131863,1
103741,1
81464,1
315650,1
131862,1
55217,1
255776,1
57732,1
175412,1
125079,1
133330,8
79511,1
46172,8
518197,1
66951,1
322951,8
519215,1
69405,1
76061,8
76062,1
160710,1
219283,1
533734,4
536595,4
146526,1
524675,1
196737,8
343670,1
150322,1
14030,4
307471,1
307471,8
96915,1
96915,4
90492,1
97486,1
90628,1
90628,8
322918,1
184393,1
184393,4
62796,1
192901,1
192901,8
24130,1
129055,1
91146,1
48838,1
24128,1
84437,1
253318,1
360174,4
535980,10
535980,3
14080,3
14080,10
66679,10
72804,10
14095,1
254545,1
119104,1
100589,12
299425,12
68581,3
287274,3
246626,3
53688,3
382646,4
327533,4
106219,1
122049,6
122049,3
51496,1
315361,1
72855,1
14197,1
14199,1
315363,1
14202,6
14202,1
14203,6
120957,8
120957,4
224753,1
84899,1
108759,4
108759,8
343727,1
53740,1
142054,1
60124,1
73599,8
61902,1
46453,1
168937,1
224754,8
224754,4
87279,1
57354,1
84191,1
62012,1
81740,1
105381,8
105381,4
287383,8
287383,4
14208,1
89808,1
53738,4
53738,8
53739,1
357733,1
357733,4
357733,8
132703,1
14210,1
84900,1
171113,1
329243,1
205674,1
205675,1
365427,1
46952,1
51198,1
130116,1
53836,1
59094,1
61972,1
74814,1
76945,1
71466,1
71466,4
343764,1
50892,1
65056,1
65056,4
85569,1
81695,1
42518,10
368920,10
106221,1
380404,1
380404,3
380408,1
380408,3
262315,3
318431,3
249866,3
14407,3
119927,1
107401,1
106224,1
327534,1
327535,1
328371,3
120661,1
155370,3
14411,3
117907,3
268603,3
112584,1
269090,1
328372,3
327536,3
328374,3
116132,3
106226,1
384946,3
119930,1
516361,3
516362,3
378090,3
327537,3
327538,3
119658,3
512609,3
107386,3
193799,3
14414,3
119929,1
269092,1
14417,3
126824,3
14441,4
341479,3
341479,4
14453,1
111016,1
198895,4
310568,1
14463,1
514489,1
512245,1
179495,1
139612,1
44880,1
14465,1
72655,8
72655,3
106228,1
25101,7
14483,11
14486,7
14486,1
59937,11
140843,1
140843,8
140843,11
14502,1
14502,8
14502,11
106230,1
14508,7
14508,1
80484,4
80484,8
79940,1
69776,1
89681,1
375123,1
98633,1
83330,1
204599,8
68392,1
72158,1
73118,4
73118,8
73994,1
91195,4
249415,1
63122,1
46356,1
166341,1
70583,1
110600,1
63831,4
63831,8
515366,1
58180,1
74148,1
73149,8
67632,1
78290,4
78290,8
256751,1
59613,1
98514,4
39098,1
39098,8
69838,1
176999,1
305644,1
305645,1
85381,1
113997,8
70303,1
47118,8
56888,1
59770,1
249424,1
43991,1
204468,1
196438,4
196438,8
74041,1
14570,4
280985,1
62004,1
65278,1
98777,1
86140,1
53121,1
98677,1
74087,1
150970,1
100121,1
89130,1
221411,1
82170,1
534170,1
534170,4
71247,1
194627,8
78188,1
98293,8
63124,1
84839,1
61769,1
354094,1
53425,1
305654,1
99431,1
378459,4
378459,8
120992,1
48871,1
221099,1
129240,4
129240,8
89425,1
307472,1
60223,1
95605,1
47961,4
80819,1
89879,1
344795,1
93125,1
113999,1
93150,1
64074,1
58181,1
69976,1
120991,1
153057,1
317672,1
317672,4
229993,1
234976,1
86862,1
196858,4
61580,1
56039,4
56039,8
71737,1
71737,8
60959,1
107587,1
42213,1
42214,1
168938,1
140745,1
51322,1
56330,1
108052,4
168733,1
76807,1
112845,1
322565,1
137634,1
210064,1
86598,1
54712,1
170124,8
328159,8
533230,1
533302,1
86593,1
54713,4
54713,8
81063,1
84465,1
80322,1
80322,8
56923,4
83878,1
70323,1
118675,4
93698,4
155463,1
201410,4
98683,1
64601,1
54240,1
81211,1
108005,1
108005,8
91086,1
91968,1
328392,1
323565,4
323565,8
323563,8
330951,8
378990,1
140044,4
140044,1
183797,8
46750,1
321265,1
321265,8
334039,1
114001,1
177032,4
177032,8
323276,1
323276,8
328422,8
48787,1
173151,1
173151,4
58188,8
55984,1
91654,4
91654,1
97493,1
58095,1
58095,8
42756,1
79164,1
49453,1
98222,1
104705,1
93059,1
228696,8
63131,1
354048,1
57821,1
114091,1
99086,1
151343,1
77624,1
53459,1
100607,1
42113,1
132270,1
41237,1
89385,1
89385,4
66347,1
66347,8
138503,4
138503,1
182520,8
46781,1
79318,1
102851,1
59155,1
89772,1
100351,1
151785,4
151785,8
76257,1
116979,4
67603,4
89278,4
96720,1
15377,1
47650,1
47650,8
68428,1
108261,1
55739,1
198899,8
124395,1
89352,1
15350,1
533238,1
280441,1
331936,1
131626,1
57771,1
85940,1
537827,1
134644,1
71067,1
71067,8
111100,1
324421,1
44798,1
44798,8
136004,1
100196,1
305665,4
77318,1
135542,1
76053,8
234519,1
234519,8
81556,1
125243,8
325743,1
124510,1
124510,4
359492,1
359494,1
158407,1
385475,1
91545,1
82187,1
162794,1
329871,1
97312,1
99014,1
67242,1
50778,1
96494,1
57810,4
57810,8
84071,1
139640,6
52633,1
65922,1
240822,4
240822,8
93053,1
70036,1
57100,1
95697,1
139026,1
51704,1
61167,1
166352,4
284258,1
343622,1
97408,1
91190,1
84320,4
120865,1
50729,1
83895,4
83895,8
91553,1
94583,1
182496,1
73267,1
61710,1
156173,1
79794,1
153446,4
153446,8
59147,1
62181,1
62181,4
66154,1
121728,1
94909,4
63281,1
362508,1
100120,1
243493,1
111224,1
180266,1
61880,4
171603,1
238071,1
93846,1
111117,4
111117,8
69630,1
301097,1
94128,1
63830,1
84416,1
152187,1
71625,4
116527,1
103381,4
71562,1
48888,1
45427,1
120989,1
45428,1
250490,1
500300,1
338356,1
108053,1
344285,4
344285,8
65233,4
211107,1
535976,1
288271,1
321586,1
43073,1
68805,4
94405,1
194741,1
65156,4
54137,1
93894,1
95136,1
51454,1
373572,1
94181,8
116981,1
103193,1
138916,1
112844,1
72920,1
23366,1
182823,1
97374,1
89226,4
99608,1
44922,1
94001,1
346358,1
58930,1
58930,7
58930,8
57988,8
271657,1
271657,8
90667,1
93898,4
93898,8
61096,1
151547,1
76357,1
332636,1
77524,1
73040,1
166377,1
64409,1
44220,1
44220,8
368116,4
57917,1
46114,1
351117,1
114006,1
114006,8
317673,4
317673,8
100091,4
100091,8
97191,1
96367,1
77417,1
64181,1
97159,4
114004,1
65290,1
62306,1
79765,1
168011,1
270910,1
61716,1
76094,1
135554,1
72198,1
98020,1
52659,1
134372,1
64733,4
64733,8
211042,1
170152,1
170152,8
22649,8
346134,4
162287,1
99022,1
120168,1
298267,1
67302,1
71237,1
90482,1
254759,8
44653,1
211775,1
51445,1
86029,1
107668,1
107668,4
234973,1
121754,1
78631,8
69437,6
84478,1
166344,1
244347,1
244351,1
244350,1
168936,1
151970,1
93539,1
97299,1
119836,1
151963,1
94530,1
79452,1
93764,1
94952,1
84928,1
60111,4
60111,8
119888,1
82165,1
14819,1
62744,1
94397,8
97153,8
211108,1
536702,1
328393,1
375108,1
89299,1
90901,4
335064,1
532090,1
314715,1
155462,1
344286,4
323015,4
323015,8
94475,1
534065,1
534065,4
533660,1
174273,1
96187,4
533301,1
533231,1
258920,1
330950,8
320176,8
378989,1
320177,1
320177,8
346625,1
537705,1
334939,1
224966,1
168935,1
82317,4
135551,1
135551,8
96433,1
89984,1
515365,1
90377,1
97209,1
98183,1
328421,8
21805,1
14877,8
14877,4
94529,1
91147,4
375104,1
255681,1
110737,1
50507,1
322350,4
322350,8
14995,1
14996,4
14996,8
331799,4
331799,8
89552,1
329319,1
15009,1
95331,8
92597,1
67290,4
67290,8
224976,4
224976,8
224977,4
224977,8
94624,1
130086,1
101610,6
105748,6
269123,6
15051,1
224979,1
15053,1
322370,1
15058,1
204469,1
93519,1
204471,1
66668,1
100670,1
100671,1
118230,1
118230,8
15130,1
70946,1
87692,1
21067,4
21067,8
322398,1
21072,1
15181,1
324988,1
323542,1
83210,4
53081,1
91547,8
21766,4
89507,8
95023,1
69240,1
42117,1
131064,1
15226,4
98405,1
116385,4
124501,1
311433,1
311435,1
329337,1
77584,1
101371,1
372653,4
15288,1
287195,1
87104,1
95873,1
100754,1
101372,1
224994,1
15290,1
209911,1
249417,1
249419,1
249420,1
249423,1
249421,1
101611,1
91807,6
96220,8
15319,1
15321,1
62616,1
15340,1
322446,1
225004,1
153060,4
153060,8
15376,4
15376,8
60830,1
97044,1
305664,1
15406,4
15421,4
15421,8
197103,1
15430,4
331812,1
519237,1
15301,1
537784,1
46357,4
130413,4
332624,1
322448,6
115409,1
62262,6
42143,1
42143,6
121748,1
140521,1
104038,1
94788,1
124168,1
239134,4
112520,1
273278,1
273278,8
64845,1
92823,1
100821,8
58388,1
15551,8
133020,1
151565,4
151565,8
100828,1
323523,1
15564,1
15569,1
15570,4
323536,4
15578,4
15578,8
15594,1
93470,4
15607,1
45195,1
15648,6
94447,1
41324,8
324989,1
323544,1
15682,8
370865,8
125311,1
131969,1
130383,1
62723,1
15727,4
15727,8
74190,8
90056,1
15767,1
62745,1
41336,4
41336,8
293022,1
15793,4
15793,8
255334,1
68152,1
58702,1
241549,1
174070,1
256258,1
210116,1
211031,1
99600,1
78948,1
322493,1
15080,1
98668,1
15245,1
100241,1
500321,1
15544,1
321630,1
325063,12
79868,1
79868,7
79869,1
79869,7
66406,2
75977,1
15835,1
15835,10
140681,2
15849,1
15851,1
15852,1
175302,1
15862,1
46163,1
25797,1
25797,4
15884,1
69067,1
69067,4
49066,1
140070,1
47848,1
74084,1
116982,1
57940,1
105266,1
50752,1
15885,1
521674,1
362513,1
96197,1
210514,1
99843,1
66407,1
85538,1
291635,1
141438,1
99980,1
254828,1
69031,1
305978,1
49325,1
131297,1
225041,1
368389,1
44410,1
15892,1
129070,1
312158,1
77027,4
77027,1
92863,1
21715,10
92107,2
92397,2
92598,2
98001,2
77304,2
50268,2
99314,2
124602,2
88831,2
159339,2
319485,1
159333,2
159333,4
247516,1
197882,2
362078,1
131363,1
344760,2
284468,1
284468,2
362076,1
279487,1
159328,1
159325,1
128199,2
328383,1
92185,1
284377,2
126353,2
332008,1
332008,2
361020,2
60406,2
63174,8
15945,2
79294,2
73530,2
87217,2
93752,1
93752,8
50688,2
39502,2
88829,2
203375,1
360948,2
352492,1
89430,2
89430,8
165160,2
72946,2
80002,2
59312,2
78972,2
237141,2
237143,2
87545,2
51950,2
59572,2
78078,2
76931,2
63008,2
237147,1
237147,2
237147,4
61100,2
61100,1
69194,2
80655,2
125789,2
96473,2
122221,2
39567,8
93000,2
93040,8
93040,1
126246,2
90298,2
90298,8
360935,1
360935,2
60866,1
60866,2
139444,1
98289,2
99356,1
59838,2
39624,2
97735,2
88827,2
94491,2
84381,2
91730,2
95063,2
122171,1
330794,1
95586,2
139443,2
83750,2
49168,8
49168,2
97747,2
332009,1
332009,2
93702,1
96807,1
96807,8
95576,2
119717,2
90990,2
94980,2
231402,2
161044,2
122277,2
291902,1
339837,1
80544,8
129828,2
139397,2
127556,1
127556,8
50425,8
50425,1
127231,2
57384,1
155446,2
215648,1
154944,2
119740,8
120524,1
120524,2
95898,2
92535,2
138074,2
201639,2
94395,2
119010,2
93638,2
102418,2
102418,1
94213,2
53025,2
124988,2
121030,2
99741,2
98313,2
95981,2
95981,1
98484,1
98484,8
99832,2
175973,2
91354,2
91354,4
284781,2
507788,1
97655,2
119732,2
377908,2
83237,2
96212,2
145194,1
91894,11
217557,1
92073,2
96950,2
96961,2
95767,2
95768,2
80211,8
80211,11
51296,8
51296,11
125777,2
95534,2
54335,2
128236,2
75073,2
112891,2
100089,2
96757,2
101413,2
154875,1
57601,2
97443,1
97443,8
40152,8
112648,2
248902,2
62815,2
91751,2
40184,2
95641,1
95641,2
95641,4
98060,2
72830,2
16000,2
16001,2
40226,2
40226,1
119013,2
97019,4
97019,8
57125,2
145572,11
228357,1
89756,2
125805,2
142600,2
60496,2
334877,1
95933,2
131349,2
89291,2
295612,2
96103,2
320108,2
96250,2
67980,1
56088,1
90035,2
129471,2
291901,1
360661,1
360661,2
90283,1
311388,1
89403,2
96920,2
269188,1
137557,2
258240,1
54385,2
77049,2
66552,2
143328,11
129147,2
89921,2
244819,1
116291,2
159329,1
165882,1
199174,1
69994,1
69994,2
61198,2
161045,2
152752,2
97893,2
295613,2
158934,2
158934,4
362075,1
139486,2
96801,2
92858,2
360674,2
192673,1
158936,2
93789,2
124610,1
94468,2
89166,2
320109,2
215649,1
284779,2
89908,8
108656,2
70615,1
70615,8
330795,1
339838,1
141017,2
126093,2
203374,1
199175,1
61657,2
136423,2
201640,2
196207,2
341496,2
284467,1
284467,2
328382,1
121031,2
362077,1
159326,1
281812,2
154036,1
507789,1
97346,2
88826,2
67581,2
80805,2
323484,2
74208,2
40391,2
49825,2
59902,2
77408,2
33904,1
16015,2
89429,2
16017,8
236742,8
33917,8
171839,1
171839,8
303891,8
62113,2
62113,1
304225,8
303887,8
22257,1
22257,2
21239,2
279605,2
279605,8
33925,2
48527,1
48527,8
324368,1
324368,2
166568,1
304342,8
40481,8
322301,2
58762,10
140979,8
99405,2
304180,8
192078,8
16040,2
215167,2
16041,1
16041,2
16041,8
101430,2
344190,8
16043,8
225285,1
304178,8
19664,2
166571,8
39791,1
33951,8
324358,8
304200,8
16046,1
89685,2
16047,2
40472,2
16048,2
16048,8
101613,2
92230,2
358863,8
358863,11
16049,1
333584,2
324355,8
303892,8
329177,2
329184,1
65493,8
65493,1
56895,8
78577,8
105800,2
16055,8
16055,2
52982,2
81860,2
71046,2
16056,2
317876,2
92238,2
55538,1
55538,8
237885,1
237885,8
304202,1
304202,2
324342,2
303843,2
304181,8
21192,8
16072,8
31384,8
118713,2
303842,2
26387,2
166576,1
166576,8
16078,1
78435,1
78435,8
16079,1
16079,8
48102,1
66888,2
324334,2
39341,2
19665,1
303890,8
75312,1
304223,8
304183,8
78184,1
78184,8
16086,8
16086,11
272885,8
272885,11
225260,1
225264,2
225264,1
39316,8
39316,1
40477,1
40477,8
89692,1
89692,2
96275,1
96275,2
56881,8
329191,1
329191,2
329191,8
42801,8
42801,1
270425,11
287698,1
287698,8
272690,1
272690,4
116166,1
116166,4
153817,1
124331,1
124331,4
205743,1
118893,1
118893,4
86679,6
16099,1
332329,1
315285,1
180685,1
199435,4
297301,1
193593,6
180267,1
180267,4
118365,1
118365,4
154798,1
173105,1
153753,1
153753,4
219520,11
181199,11
199465,1
293007,1
184288,1
239773,1
77172,6
77172,8
82037,1
82037,4
225305,1
225305,4
332047,6
332047,8
357361,1
191837,1
191837,8
138576,1
57929,1
357408,1
91816,1
112306,1
154675,6
232306,1
150940,11
178714,11
137309,11
154799,11
329444,8
88317,6
120174,1
150825,1
226031,6
332330,1
50111,1
85294,6
64506,6
54546,1
322032,6
72238,6
73549,6
353598,2
75074,1
114135,1
524303,11
524326,11
524289,11
524332,11
524270,11
16125,10
524277,11
524314,11
302699,11
524317,11
318447,11
324280,1
119893,1
132317,1
16128,10
87705,1
524278,11
524329,11
524302,11
524301,11
524268,11
524309,11
16132,11
524331,11
322683,10
524253,11
524288,11
524272,11
524273,11
524299,11
524333,11
21165,10
524259,11
524300,11
16141,1
524266,11
302692,11
330683,6
524285,11
524334,11
524262,11
524321,11
524292,11
524265,11
524323,11
57885,10
73551,10
524294,11
244085,11
16149,1
524283,11
524269,11
90028,1
92134,1
16150,6
58879,1
524274,11
329152,1
524254,11
524286,11
250595,4
250595,1
16151,1
118855,1
84001,1
211224,3
16182,1
67481,1
160975,1
77750,1
90569,1
310406,1
160976,4
85973,4
168943,4
50129,3
328866,1
324228,1
56847,1
324219,1
164576,1
97263,1
16268,1
302820,7
239631,1
16229,6
150482,1
107155,1
324269,1
16231,1
78246,1
74544,7
152424,7
59382,7
65730,1
344917,1
16238,1
329147,1
16239,1
161035,1
74102,10
59538,6
55521,1
63414,1
351051,1
328865,1
16255,1
140355,1
128026,7
255685,1
127857,1
16261,1
16261,8
328864,1
66615,1
16270,8
44117,11
52539,1
332334,1
83834,6
83834,11
16275,1
16276,1
61854,8
80806,6
328867,1
226275,1
44279,1
329136,1
322778,1
16285,6
153503,6
153503,11
335683,1
335683,8
335683,3
84734,1
264584,1
16301,1
285283,1
285283,8
285283,3
170743,11
301975,7
16299,1
296402,1
119286,1
153600,1
41245,1
41566,1
384001,1
384014,1
384018,4
384019,1
387434,1
384088,1
386331,1
386331,4
384091,11
384094,1
384111,1
522103,1
521128,1
384115,1
386333,6
386333,8
384683,1
384683,4
384249,1
386346,1
386346,8
386350,1
384285,1
386353,1
386319,1
386335,11
386359,11
386338,11
386344,8
384211,1
386318,1
386334,6
386645,1
387185,6
368260,1
194381,1
239095,1
180773,1
74529,1
86833,1
332059,1
351739,1
42791,1
61569,1
323340,1
61744,1
177411,1
351740,1
197772,1
197771,1
380571,1
115668,1
330955,1
325617,1
98399,1
328017,1
377839,3
377841,3
297306,3
16411,3
351023,3
16430,3
103285,3
253243,3
81378,3
258292,3
66279,3
199565,3
378756,3
97639,3
250275,1
225366,1
19856,1
43896,1
286125,1
225367,1
268172,1
83302,1
68757,1
53246,1
359839,1
79441,1
287385,1
232166,1
107609,1
232167,1
225369,1
87458,1
68414,1
69611,1
87459,1
70435,1
254811,1
46527,1
48302,1
183328,1
225370,1
64703,1
16434,1
87460,1
409307,2
409309,11
409309,1
254453,1
48076,1
316949,1
314930,1
16452,1
136252,1
16453,1
233013,10
96073,10
65567,10
323988,10
323988,1
96875,10
386755,1
386753,1
135173,10
384002,1
50660,1
277984,1
23542,1
66399,1
95357,1
260154,1
16456,1
297187,1
366106,3
366106,4
366106,6
333162,3
333162,4
333162,6
187978,3
187978,4
187978,6
77804,3
77804,4
77804,6
354228,3
354228,4
354228,6
100352,3
100352,4
100352,6
21397,3
21397,4
21397,6
45048,3
45048,4
45048,6
126156,3
126156,4
126156,6
171785,3
171785,4
171785,6
193763,3
193763,4
193763,6
16467,3
16467,4
16467,6
209095,3
209095,4
209095,6
116707,3
116707,4
116707,6
42688,3
42688,4
42688,6
99765,3
99765,4
99765,6
89617,3
89617,4
89617,6
70957,3
70957,4
70957,6
354260,3
354260,4
354260,6
376484,3
376484,4
376484,6
332138,10
332138,3
73739,3
73739,10
202535,3
51817,3
70543,10
70543,3
41195,4
16479,10
16479,3
54588,3
54588,10
48768,3
48768,10
43897,3
43897,10
202534,3
202534,10
16484,1
16496,3
225408,6
71455,6
169824,3
140466,6
16692,6
75723,6
92908,3
86835,3
225491,6
92583,6
92583,3
16622,6
16622,3
225527,3
246141,6
91150,6
534548,1
105286,1
268015,4
332622,4
205225,1
16803,2
16805,2
113063,2
137109,2
329833,2
80261,2
136257,2
16806,2
101036,2
16807,2
108603,2
358873,2
141324,1
141324,11
330497,1
141323,11
301764,11
233020,11
23973,11
65527,12
225572,2
225572,11
119870,2
119870,11
389094,2
389094,11
387006,2
387006,11
308827,2
308827,11
387008,2
387008,11
93929,2
93929,11
387007,2
387007,11
97461,2
97461,11
105609,12
16883,12
152866,12
325148,6
377829,6
356919,6
16932,3
85467,8
85467,11
185343,1
69410,1
84211,6
48750,3
17057,10
17057,3
62902,3
62902,10
48737,3
165776,3
165776,10
77943,1
82276,6
82386,6
136331,6
178855,6
241260,6
211325,6
384044,6
17066,6
17075,6
43751,6
135229,6
281606,6
95857,6
47612,6
90263,6
17100,6
91604,6
17110,6
363546,1
228427,6
17164,6
17167,6
363551,1
107253,1
375220,1
92350,1
232214,1
75393,1
360777,4
219055,1
232228,1
58367,1
80948,1
84347,11
21910,4
100953,1
17226,1
87783,2
87783,11
17231,1
376445,4
17239,2
17239,11
133115,1
55474,1
212077,1
99449,1
515377,4
515377,7
344928,4
344928,7
17274,1
215079,3
31352,10
94119,10
48657,3
17361,3
249403,1
102996,1
87861,1
322033,1
136113,1
17399,1
17399,8
297190,1
297190,8
297191,1
297191,8
323353,1
17401,1
80141,1
87090,1
242536,1
299405,1
330177,1
68498,1
151448,1
355989,1
229372,1
334897,1
43525,1
80120,1
99977,1
74241,1
94063,1
53626,1
80924,1
289513,1
129341,1
91312,1
105807,1
113095,1
241752,1
374272,1
90122,1
61267,1
247894,1
500225,1
500225,8
332170,1
332170,8
87866,8
17410,1
92617,2
71372,2
97176,2
17453,2
17453,1
95590,2
512578,2
512578,1
150759,2
150759,1
150760,2
234263,2
272071,2
272071,1
69829,10
73283,10
17517,10
17517,1
376897,1
376897,10
376387,1
376387,10
17519,10
58235,10
215029,4
215030,4
194751,4
68743,4
61876,4
135561,8
272973,1
272973,10
24223,1
107184,1
68455,1
78666,3
17623,3
17628,1
225644,1
244345,1
130512,1
327138,1
353104,1
529582,1
130500,1
353105,1
307120,1
322902,10
17639,10
301113,10
378219,8
378220,8
365623,8
291676,1
291676,8
317174,8
317174,1
286772,1
365625,8
323929,7
323929,8
17649,1
134703,1
328055,1
17658,7
17658,8
58439,1
191246,4
191246,1
24236,1
181605,1
23532,1
87465,1
96104,1
312889,1
46716,1
17672,1
142466,1
92159,1
80099,1
142467,1
54863,1
351742,1
47597,1
527367,1
61316,1
349614,1
378541,1
48081,1
378536,1
57437,1
378537,1
225653,1
378291,1
372769,1
162419,1
351744,1
351743,1
351745,1
378538,1
378292,1
113037,1
104244,1
312890,1
372768,1
378542,1
279220,1
328056,1
17676,10
322243,10
385153,1
381703,1
225656,10
17687,7
17687,8
54723,1
56856,8
331605,1
331605,4
104952,8
77779,8
323872,7
323872,8
323870,10
323869,10
323869,1
49685,1
286295,1
125951,10
17695,1
17699,8
17699,7
94157,10
96548,1
17651,1
244340,1
291104,1
323892,1
225649,1
131973,10
97141,1
155693,1
151711,8
202813,1
82075,1
149373,1
195595,1
120091,3
287874,3
19582,3
287855,3
17731,3
17732,3
17733,3
162421,3
287877,3
287857,3
287853,3
125735,3
17736,3
287868,3
17737,3
17738,3
341665,3
17739,3
516537,3
285578,3
17744,3
253909,12
253911,3
17748,3
106244,3
253913,12
20040,2
382420,3
327544,3
382422,3
99645,1
99645,8
43659,1
43659,8
17781,1
17806,5
17806,12
17828,11
17836,2
341075,1
345390,1
52694,1
238326,1
371610,1
371610,8
78321,1
101811,3
17842,2
207030,1
207030,8
344755,4
344755,8
274456,4
274456,7
249397,8
343417,1
343417,4
226161,1
226161,4
84805,8
315989,1
230274,1
274784,1
228794,1
268591,1
112580,1
112581,1
120627,1
112585,1
131630,1
112586,1
112587,1
516365,1
268593,1
112588,1
268594,1
112589,1
323208,10
323217,10
328118,1
328119,10
120492,4
323467,1
323467,10
58309,4
90232,1
90232,4
17876,1
84874,1
65301,1
76851,1
17877,1
17877,4
322168,1
132496,1
132496,4
151205,1
151205,10
74016,3
98268,3
101954,1
17896,1
182570,2
361707,2
254850,2
372536,2
150401,1
370042,1
178655,1
137811,1
152886,1
247927,1
311968,1
323770,1
196187,1
311969,1
243675,1
336591,1
198905,1
150359,1
202849,1
362532,1
362532,3
362531,1
362530,1
362530,3
370664,1
370664,3
370662,1
370662,3
370663,1
202848,1
17919,1
17922,1
17922,8
179307,1
119000,1
119025,1
119025,8
323678,1
323723,1
536362,1
17931,1
17933,1
235523,8
235523,1
535699,1
536432,1
92075,1
535762,1
271700,1
220553,1
536075,1
275981,1
89496,1
81052,1
536261,1
157010,1
535906,1
156601,1
118442,1
96635,1
157011,1
179566,1
138513,1
77002,1
226280,1
316733,1
61529,1
17960,1
272975,1
329066,1
329066,3
69478,1
69478,3
79801,1
536122,1
304376,1
243680,1
111495,1
80919,1
56696,1
212314,1
25291,3
329722,2
329719,2
206736,7
70874,1
70874,4
340959,1
314752,4
385663,1
345992,1
345992,4
55791,2
232678,2
74630,2
52836,1
18035,2
233817,1
522647,1
315758,1
206132,2
66575,2
70587,3
18060,1
74406,1
18068,3
71186,3
71186,8
53578,1
56430,3
22726,4
76367,3
360177,1
86777,1
115515,4
25231,4
372635,4
170969,3
182589,3
20658,3
20658,8
228814,1
308832,1
163488,4
209311,4
343628,1
308629,1
62598,1
292602,4
81503,1
296733,1
165987,1
82650,1
82650,4
336071,1
55890,1
135111,1
80079,1
343195,1
325485,4
81940,1
256681,4
331902,1
102240,4
45177,4
81533,1
331903,1
91964,1
180778,1
254423,4
101497,2
18176,2
388215,3
388215,4
388215,7
125636,3
125636,4
125636,7
130804,3
130804,4
130804,11
207989,6
48890,6
225713,1
225714,6
98125,6
272569,6
119884,6
121570,6
290513,6
251492,6
306619,6
306619,3
92917,6
42492,6
225715,3
225715,6
225716,1
225716,4
116985,1
225717,1
225717,4
49024,6
75886,6
235985,6
235985,4
257085,6
277282,6
25583,6
25583,1
116987,8
69904,3
69904,4
104521,6
104521,11
98267,1
225719,1
374118,6
301497,6
301497,8
178665,6
180892,6
178667,6
178656,6
182242,6
135381,6
18189,1
18189,3
225722,6
220596,6
75868,1
75868,4
83821,1
83821,4
243731,1
243731,4
98133,1
90739,1
59677,6
42416,1
96407,1
74385,1
74385,4
52341,1
152476,6
286927,6
286927,8
182276,6
78232,6
72908,6
72908,8
18191,6
161574,6
99824,6
99824,8
225724,6
140281,6
105763,6
105762,6
98837,6
98837,8
211918,6
131431,6
131431,8
96267,6
140177,6
89490,6
170642,6
120551,6
273666,6
95019,6
25586,6
25586,8
326633,6
55747,6
53652,6
149134,1
149135,1
149136,6
121573,6
149138,1
149138,6
290514,6
187192,6
124600,6
124600,11
151288,6
153291,6
105106,6
208541,6
89408,6
149140,6
187191,6
96309,3
96309,6
49023,6
277381,6
65020,6
273667,6
201917,6
77670,6
89277,6
53773,6
90194,6
48891,8
169683,6
208637,6
180251,6
180251,11
69695,6
69695,8
85596,6
43281,6
178657,6
89918,6
208932,6
82792,6
149141,6
178658,6
87453,6
44837,6
18213,1
59678,1
59678,6
134881,6
240004,1
370541,1
136898,1
74389,1
255735,1
102263,1
104332,6
334165,6
368864,1
239969,1
118601,1
525512,1
18218,1
73986,1
18220,1
59795,1
49798,1
18247,3
335381,3
59472,3
83693,3
52588,3
82586,3
76505,12
61958,3
18249,3
85756,3
261494,3
85121,3
286877,1
84046,3
63998,3
286881,12
69254,12
45872,8
288163,12
326735,3
286887,12
43111,3
350458,3
39099,12
75378,3
83975,3
78747,1
73661,3
53759,3
18258,7
65643,3
57269,3
169752,3
268526,6
226071,2
18282,2
169785,2
297800,2
306744,2
178471,2
512087,2
257155,2
511254,2
210911,2
329623,2
329624,2
329625,2
18287,2
375794,2
302764,2
512535,2
77641,2
93768,2
336593,2
170955,2
90889,2
300360,2
62637,2
18288,2
100978,2
18289,2
18296,6
18296,11
88884,12
25294,12
23964,4
239961,1
18460,2
409666,4
86219,1
327888,1
327888,6
18565,12
274605,12
274605,9
180271,12
18566,9
18566,12
343228,1
239785,1
18573,1
189902,1
343428,1
380577,1
332206,1
21314,1
255973,1
76137,1
364712,1
258503,1
258502,1
231116,1
231117,1
227836,1
231121,1
343418,1
231123,1
231108,1
292072,1
124872,1
206820,1
216440,1
216437,1
57014,1
86334,1
372655,1
216439,1
108696,1
227830,1
269535,1
78234,1
25967,4
36,4
269,1
268,8
133269,8
102688,8
586,1
652,4
1457,1
1460,4
139012,1
1461,1
1889,1
80461,4
67442,4
207703,1
3136,1
93978,1
363963,1
363963,4
89775,7
3139,1
207704,1
108131,1
207706,1
170663,1
3142,1
282531,1
207709,1
166438,1
93770,1
77900,1
133001,1
3294,1
95935,1
67464,1
213492,4
214601,1
4387,1
214615,1
92589,4
92567,1
90499,1
205672,1
92131,1
105716,1
101338,1
101052,1
325053,1
7138,1
7196,8
158814,8
529493,1
529494,1
337987,3
334793,3
41058,1
99033,1
9499,1
72295,1
9503,1
329934,1
9835,1
9838,1
9843,1
57396,1
175408,4
10334,1
241242,1
241243,1
69541,1
92105,1
241182,1
241251,1
241249,1
241193,1
241248,1
98319,4
45248,1
41440,1
98806,1
177868,1
363376,1
245371,1
10335,1
47085,4
51398,4
325847,4
84664,1
96260,1
77915,1
331038,1
331039,1
299511,1
11097,8
87319,8
287675,1
263257,1
375397,8
11557,4
11561,4
140708,4
140708,8
12518,11
360255,4
330041,4
12988,4
224551,4
224551,8
13059,1
13061,1
13071,1
13071,4
330167,1
352132,4
57505,1
133029,1
71791,1
13094,1
331800,1
13101,1
133031,1
93466,1
105357,1
13119,4
13119,1
13122,1
165977,4
115366,1
13150,1
79725,1
286247,1
329929,8
331882,8
331882,4
66395,8
66395,4
81339,8
81339,4
63557,1
13362,1
13365,1
13365,8
79695,1
62396,1
13937,1
59913,1
331700,4
14090,4
53879,4
14248,1
14249,1
121101,1
93508,1
121102,1
102145,1
80490,4
14252,1
88412,1
92818,1
14253,1
14279,1
318045,4
317436,4
14280,1
69287,4
181306,4
324364,4
205754,4
23746,1
73960,1
329158,4
14313,4
284769,1
17252,1
360992,1
374150,1
236465,1
328101,1
331708,1
128320,1
22125,4
22125,8
65862,4
142341,1
54823,1
500226,8
500226,10
245665,8
245665,10
192899,8
192899,10
176292,8
176292,10
18598,8
18598,10
249853,8
249853,10
94531,1
225796,1
134274,1
79372,8
329930,8
371441,8
335495,8
138346,8
98708,3
